region,amplitude_A,frequency_THz,is_baseline,coordinate_treatment,analysis_stage,filename,frame,timestep,time_ps,strain_xy,cell_volume_A3,total_line_length_A,dislocation_density_A-2,dislocation_density_m-2,segment_count,segment_number_density_A-3,segment_number_density_m-3,shockley_length_A,perfect_length_A,stair_rod_length_A,hirth_length_A,frank_length_A,other_length_A,shockley_density_A-2,perfect_density_A-2,stair_rod_density_A-2,hirth_density_A-2,frank_density_A-2,other_density_A-2,fcc_count,hcp_count,other_atom_count,hcp_fraction,other_atom_fraction,coherent_correction_applied,has_PE,has_KE
flow,0.4,1.0,0,registered,before,flow_dump_0.4_1.0.shear.wave,1850,185000,185.0,0.185,158683.45183699526,1441.826292300768,0.00908617928088594,9.086179280885939e+17,126,0.0007940336471217632,7.940336471217631e+26,1167.4654380944578,4.603785611908546,121.82863208346481,44.556678307427724,0.0,103.37175820350976,0.007357197140466265,2.9012386349130486e-05,0.0007677462941038811,0.00028078969666728564,0.0,0.0006514337632993802,5939,3062,4499,0.2268148148148148,0.33325925925925926,0,0,0
flow,0.4,1.0,0,registered,before,flow_dump_0.4_1.0.shear.wave,1855,185500,185.5,0.1855,158683.45183699526,1437.2295380341995,0.009057211205050972,9.057211205050972e+17,125,0.000787731792779527,7.87731792779527e+26,1161.7754451855296,6.342864394528773,133.7958539195755,24.720090279973533,0.0,110.59528425459212,0.0073213396339458425,3.997180752687663e-05,0.0008431619829962794,0.0001557824082713225,0.0,0.0006969553723106499,5928,3069,4503,0.22733333333333333,0.33355555555555555,0,0,0
flow,0.4,1.0,0,registered,before,flow_dump_0.4_1.0.shear.wave,1860,186000,186.0,0.186,158683.45183699526,4975.515810919432,0.03135497591790757,3.135497591790757e+18,135,0.0008507503362018892,8.507503362018892e+26,3685.6746195561204,0.0,448.83295727585386,257.259246710078,0.0,583.7489873773791,0.02322658460531955,0.0,0.0028284799207475616,0.001621210300960323,0.0,0.00367870109088013,5915,3025,4560,0.22407407407407406,0.3377777777777778,0,0,0
flow,0.4,1.0,0,registered,before,flow_dump_0.4_1.0.shear.wave,1865,186500,186.5,0.1865,158683.45183699526,1704.3169668455046,0.0107403572780622,1.07403572780622e+18,122,0.0007688262297528183,7.688262297528184e+26,1352.8907364199413,0.0,161.42633713868145,67.77793029904024,0.0,122.22196298784144,0.008525720361879159,0.0,0.001017285263648687,0.0004271266443627903,0.0,0.0007702250081715626,5911,3021,4568,0.22377777777777777,0.3383703703703704,0,0,0
flow,0.4,1.0,0,registered,before,flow_dump_0.4_1.0.shear.wave,1870,187000,187.0,0.187,158683.45183699526,1550.0191724865495,0.009767995052683748,9.767995052683748e+17,129,0.0008129392101484719,8.129392101484719e+26,1208.4069916005535,6.442923376896207,156.38005819092385,52.4617493373733,0.0,126.32744998080318,0.007615204847206551,4.0602364659388584e-05,0.0009854843487496255,0.00033060630286303386,0.0,0.0007960971892051529,5916,3027,4557,0.2242222222222222,0.33755555555555555,0,0,0
flow,0.4,1.0,0,registered,before,flow_dump_0.4_1.0.shear.wave,1875,187500,187.5,0.1875,158683.45183699526,1536.1960074072153,0.009680883479805098,9.680883479805098e+17,131,0.0008255429188329443,8.255429188329443e+26,1202.2306791004264,7.870538299511893,144.28804290422232,62.24720794551858,0.0,119.55953915753562,0.007576282625458617,4.959898595851547e-05,0.0009092822297087389,0.000392272837683547,0.0,0.0007534468009956768,5888,3011,4601,0.22303703703703703,0.3408148148148148,0,0,0
flow,0.4,1.0,0,registered,before,flow_dump_0.4_1.0.shear.wave,1880,188000,188.0,0.188,158683.45183699526,1497.927042607647,0.009439718037810053,9.439718037810053e+17,126,0.0007940336471217632,7.940336471217631e+26,1221.3909315814399,5.9249625163137605,139.40151732368602,37.20419762059687,0.0,94.00543356561074,0.007697027745754433,3.733825076101869e-05,0.0008784880572605878,0.00023445543432477268,0.0,0.0005924085497092422,5867,2993,4640,0.2217037037037037,0.3437037037037037,0,0,0
flow,0.4,1.0,0,registered,before,flow_dump_0.4_1.0.shear.wave,1885,188500,188.5,0.1885,158683.45183699526,1533.7373097756965,0.009665389125459665,9.665389125459665e+17,128,0.0008066373558062356,8.066373558062357e+26,1190.2230546991996,5.014848463179432,151.90362676925645,28.928189075994343,0.0,157.66759076806719,0.007500612325485804,3.160284456334392e-05,0.0009572745299572682,0.0001823012339415852,0.0,0.0009935981915116668,5835,3005,4660,0.2225925925925926,0.3451851851851852,0,0,0
flow,0.4,1.0,0,registered,before,flow_dump_0.4_1.0.shear.wave,1890,189000,189.0,0.189,158683.4518369953,1488.4590490642256,0.009380052121586177,9.380052121586177e+17,121,0.000762524375410582,7.62524375410582e+26,1203.1402573759274,0.0,167.0499310768173,9.040746322285841,0.0,109.22811428919475,0.007582014655263685,0.0,0.0010527243335267016,5.697346646815312e-05,0.0,0.0006883396663276355,5870,3010,4620,0.22296296296296297,0.3422222222222222,0,0,0
flow,0.4,1.0,0,registered,before,flow_dump_0.4_1.0.shear.wave,1895,189500,189.5,0.1895,158683.45183699526,1497.1161961776575,0.009434608201714337,9.434608201714337e+17,129,0.0008129392101484719,8.129392101484719e+26,1212.6033220505008,10.534191187355,132.72377370722762,30.244553758185795,0.0,111.0103554743877,0.007641649510474009,6.638493847597959e-05,0.0008364058896548693,0.0001905967724300198,0.0,0.000699571090679456,5912,3016,4572,0.22340740740740742,0.33866666666666667,0,0,0
flow,0.4,1.0,0,registered,before,flow_dump_0.4_1.0.shear.wave,1900,190000,190.0,0.19,158683.45183699526,1501.7487813824728,0.009463802078903082,9.463802078903082e+17,126,0.0007940336471217632,7.940336471217631e+26,1205.5387239756446,11.467998671675558,139.27213712580374,44.83362218934846,0.0,100.63629942000073,0.007597129442419823,7.226965722585777e-05,0.0008776727220987639,0.00028253495667212355,0.0,0.0006341953004865156,5911,3054,4535,0.2262222222222222,0.3359259259259259,0,0,0
flow,0.4,1.0,0,registered,during_vibration,flow_dump_0.4_1.0.shear.wave,1910,191000,191.0,0.191,158683.45183699526,1002.5920194850908,0.006318188871483496,6.318188871483496e+17,94,0.0005923743081702043,5.9237430817020434e+26,795.048537942903,9.554097816493787,94.45062458912535,12.155073624678959,0.0,91.3836855118898,0.005010280081124038,6.020853281102092e-05,0.0005952140786939024,7.6599503501884e-05,0.0,0.0005758866753526515,4977,2016,6507,0.14933333333333335,0.482,1,0,0
flow,0.4,1.0,0,registered,during_vibration,flow_dump_0.4_1.0.shear.wave,1911,191100,191.1,0.1911,158683.45183699526,917.7261525455851,0.005783376539403131,5.783376539403131e+17,78,0.0004915446386944248,4.9154463869442485e+26,764.3099545160109,5.870495919143751,80.01560968690994,18.102853344579596,0.0,49.42723907894123,0.004816570005681088,3.699501019913604e-05,0.0005042467173521317,0.00011408154495640434,0.0,0.00031148326121437336,5001,1939,6560,0.14362962962962963,0.48592592592592593,1,0,0
flow,0.4,1.0,0,registered,during_vibration,flow_dump_0.4_1.0.shear.wave,1912,191200,191.20000000000002,0.19119999999999998,158683.45183699526,941.6807007921847,0.005934334613287272,5.934334613287272e+17,80,0.0005041483473788973,5.041483473788973e+26,791.9472407056571,0.0,75.33250166674428,12.036365984393132,0.0,62.36459243539005,0.004990736157662935,0.0,0.0004747344527400894,7.585142524349214e-05,0.0,0.00039301257764075466,5131,2098,6271,0.1554074074074074,0.4645185185185185,1,0,0
flow,0.4,1.0,0,registered,during_vibration,flow_dump_0.4_1.0.shear.wave,1913,191300,191.3,0.1913,158683.45183699526,1014.9249002120364,0.006395908889444879,6.39590888944488e+17,88,0.000554563182116787,5.54563182116787e+26,823.7893501098805,9.749856880234342,99.5772612734532,11.54091383094659,3.758197298212835,66.50932081930898,0.005191400493077901,6.144217791688644e-05,0.0006275213963441012,7.272915793892477e-05,2.368361196272297e-05,0.0004191320522043439,5188,2092,6220,0.15496296296296297,0.46074074074074073,1,0,0
flow,0.4,1.0,0,registered,during_vibration,flow_dump_0.4_1.0.shear.wave,1914,191400,191.4,0.1914,158683.45183699526,971.1583454003014,0.006120098435959828,6.120098435959828e+17,85,0.0005356576190900784,5.356576190900784e+26,817.6486236996673,0.0,90.80023429977608,28.12590748476846,0.0,34.583579916089676,0.0051527025296852135,0.0,0.0005722098507981097,0.00017724537221222223,0.0,0.00021794068326428292,5136,2115,6249,0.15666666666666668,0.4628888888888889,1,0,0
flow,0.4,1.0,0,registered,during_vibration,flow_dump_0.4_1.0.shear.wave,1915,191500,191.5,0.1915,158683.45183699526,976.8531223990815,0.006155986091117657,6.155986091117658e+17,86,0.0005419594734323146,5.419594734323146e+26,770.1751936231667,15.402808749946276,112.17429384389857,31.93487641669942,0.0,47.16594976537035,0.004853531888216771,9.706625720348293e-05,0.0007069060607474534,0.00020124893961535417,0.0,0.0002972329453345944,5065,2006,6429,0.14859259259259258,0.4762222222222222,1,0,0
flow,0.4,1.0,0,registered,during_vibration,flow_dump_0.4_1.0.shear.wave,1916,191600,191.6,0.1916,158683.4518369953,890.7550976657766,0.005613408880094118,5.613408880094118e+17,79,0.000497846493036661,4.97846493036661e+26,752.2372208377545,0.0,75.0866223478388,30.503149685363887,0.0,32.928104794819255,0.004740489396528106,0.0,0.00047318495708657875,0.00019222640629659165,0.0,0.00020750812018284086,5065,2009,6426,0.14881481481481482,0.476,1,0,0
flow,0.4,1.0,0,registered,during_vibration,flow_dump_0.4_1.0.shear.wave,1917,191700,191.70000000000002,0.19169999999999998,158683.45183699526,885.3452016344783,0.005579316503298235,5.579316503298235e+17,74,0.00046633722132547996,4.6633722132548e+26,709.4531540035099,0.0,59.422402671943956,12.714872656134808,0.0,103.75477230288945,0.004470870439170198,0.0,0.00037447132630429893,8.012727545904368e-05,0.0,0.0006538474623646938,5114,2105,6281,0.1559259259259259,0.46525925925925926,1,0,0
flow,0.4,1.0,0,registered,during_vibration,flow_dump_0.4_1.0.shear.wave,1918,191800,191.8,0.1918,158683.45183699526,1147.610255656674,0.007232072672804826,7.232072672804826e+17,87,0.0005482613277745507,5.4826132777455075e+26,969.2555342909994,10.561319140289559,90.88163839962994,0.0,0.0,76.91176382575489,0.006108107197508219,6.655589488397621e-05,0.0005727228475782496,0.0,0.0,0.0004846867328343798,5166,2217,6117,0.16422222222222221,0.45311111111111113,1,0,0
flow,0.4,1.0,0,registered,during_vibration,flow_dump_0.4_1.0.shear.wave,1919,191900,191.9,0.1919,158683.45183699526,1121.1075222958918,0.007065056307494051,7.06505630749405e+17,88,0.000554563182116787,5.54563182116787e+26,996.018706350467,0.0,74.51339386493103,22.127109295999094,0.0,28.44831278449478,0.006276764809563189,0.0,0.00046957255468247304,0.00013944181979812725,0.0,0.0001792771234502625,5189,2136,6175,0.1582222222222222,0.45740740740740743,1,0,0
flow,0.4,1.0,0,registered,during_vibration,flow_dump_0.4_1.0.shear.wave,1920,192000,192.0,0.192,158683.4518369953,1010.9491682240184,0.00637085440555262,6.37085440555262e+17,88,0.0005545631821167869,5.5456318211678696e+26,823.300164091055,27.40166497283232,103.12249639860548,10.058515205494928,0.0,47.06632755603083,0.005188317714041003,0.00017268130139354537,0.0006498629517117904,6.33872977241972e-05,0.0,0.0002966051406820849,5042,1986,6472,0.1471111111111111,0.4794074074074074,1,0,0
flow,0.4,1.0,0,registered,during_vibration,flow_dump_0.4_1.0.shear.wave,1921,192100,192.1,0.1921,158683.45183699526,947.0052099558005,0.005967888894480281,5.96788889448028e+17,83,0.0005230539104056059,5.2305391040560594e+26,782.6951026307116,9.018384473768412,115.90551098001492,3.8835387508436345,0.0,35.502673120462084,0.004932430531160371,5.683254535597314e-05,0.0007304196476585144,2.4473495540246567e-05,0.0,0.00022373267476517698,5049,1932,6519,0.1431111111111111,0.48288888888888887,1,0,0
flow,0.4,1.0,0,registered,during_vibration,flow_dump_0.4_1.0.shear.wave,1922,192200,192.20000000000002,0.19219999999999998,158683.45183699526,977.4279319958038,0.006159608457470721,6.15960845747072e+17,89,0.0005608650364590232,5.6086503645902325e+26,819.2623877454052,0.0,88.18706123706683,12.88851707469428,0.0,57.089965938637434,0.005162872235644192,0.0,0.0005557420147858607,8.122155729214776e-05,0.0,0.00035977264974851997,5172,2112,6216,0.15644444444444444,0.46044444444444443,1,0,0
flow,0.4,1.0,0,registered,during_vibration,flow_dump_0.4_1.0.shear.wave,1923,192300,192.3,0.1923,158683.45183699526,1160.4451974467265,0.007312956606456817,7.312956606456817e+17,104,0.0006553928515925665,6.553928515925665e+26,919.0321041602584,14.443459361205123,116.12979305239318,11.438625212246542,0.0,99.40121566062355,0.0057916064562568105,9.102057709232283e-05,0.0007318330406102171,7.208454996300853e-05,0.0,0.0006264119825344591,5196,2111,6193,0.15637037037037038,0.4587407407407407,1,0,0
flow,0.4,1.0,0,registered,during_vibration,flow_dump_0.4_1.0.shear.wave,1924,192400,192.4,0.1924,158683.4518369953,1019.9387139774109,0.006427505213493367,6.427505213493367e+17,91,0.0005734687451434956,5.7346874514349555e+26,831.6184899498571,12.042666330536036,115.56269026327703,29.876084474607634,0.0,30.83878295913315,0.005240738591974431,7.589112910719039e-05,0.0007282592414361312,0.00018827473267532207,0.0,0.00019434151830029345,5130,2081,6289,0.15414814814814815,0.46585185185185185,1,0,0
flow,0.4,1.0,0,registered,during_vibration,flow_dump_0.4_1.0.shear.wave,1925,192500,192.5,0.1925,158683.45183699526,1012.545768383887,0.006380915947202904,6.380915947202904e+17,90,0.0005671668908012594,5.671668908012594e+26,815.0592972432357,18.564344691198812,114.96634343676328,29.88181045317166,0.0,34.0739725595176,0.005136384971512284,0.00011698979620300107,0.0007245011505979868,0.00018831081695819938,0.0,0.00021472921193143365,5048,1969,6483,0.14585185185185184,0.4802222222222222,1,0,0
flow,0.4,1.0,0,registered,during_vibration,flow_dump_0.4_1.0.shear.wave,1926,192600,192.6,0.1926,158683.45183699526,964.38224379929,0.00607739643066206,6.077396430662061e+17,79,0.000497846493036661,4.97846493036661e+26,811.9998766637821,0.0,83.57321089312867,29.5160864447315,0.0,39.293069797647895,0.005117104948648927,0.0,0.000526666201961486,0.0001860060775275507,0.0,0.0002476192025240981,5057,2002,6441,0.1482962962962963,0.4771111111111111,1,0,0
flow,0.4,1.0,0,registered,during_vibration,flow_dump_0.4_1.0.shear.wave,1927,192700,192.70000000000002,0.19269999999999998,158683.45183699526,994.6562000456009,0.006268178493289545,6.268178493289545e+17,85,0.0005356576190900784,5.356576190900784e+26,881.444885886247,0.0,65.60355586781702,13.513380425995724,0.0,34.09437786554123,0.005554737281564152,0.0,0.00041342405341173886,8.515935511585103e-05,0.0,0.00021485780319780334,5113,2092,6295,0.15496296296296297,0.4662962962962963,1,0,0
flow,0.4,1.0,0,registered,during_vibration,flow_dump_0.4_1.0.shear.wave,1928,192800,192.8,0.1928,158683.45183699526,1187.7312269785593,0.0074849091901443825,7.484909190144383e+17,90,0.0005671668908012594,5.671668908012594e+26,988.9070763830672,10.849073006832027,102.99518055889484,0.0,0.0,84.9798970297652,0.006231948353372753,6.836927783734213e-05,0.0006490606258344745,0.0,0.0,0.0005355309330998124,5186,2200,6114,0.16296296296296298,0.4528888888888889,1,0,0
flow,0.4,1.0,0,registered,during_vibration,flow_dump_0.4_1.0.shear.wave,1929,192900,192.9,0.1929,158683.45183699526,1111.6503303075708,0.0070054584610970885,7.005458461097088e+17,91,0.0005734687451434957,5.734687451434957e+26,975.3521360176748,0.0,77.94328883408,22.36682875314715,0.0,35.98807670266899,0.006146527093572352,0.0,0.0004911872531872186,0.00014095249690007422,0.0,0.00022679161743744457,5183,2134,6183,0.15807407407407406,0.458,1,0,0
flow,0.4,1.0,0,registered,during_vibration,flow_dump_0.4_1.0.shear.wave,1930,193000,193.0,0.193,158683.45183699526,964.6779594279192,0.006079259987480405,6.079259987480404e+17,85,0.0005356576190900784,5.356576190900784e+26,826.9593941641423,5.6481966330329145,91.34987116114303,4.350783427905139,0.0,36.36971404169554,0.005211377648966331,3.5594112477682447e-05,0.000575673582239568,2.741800343727337e-05,0.0,0.00022919664035954851,5045,1981,6474,0.14674074074074073,0.47955555555555557,1,0,0
flow,0.4,1.0,0,registered,during_vibration,flow_dump_0.4_1.0.shear.wave,1931,193100,193.1,0.1931,158683.45183699526,892.1494638373428,0.00562219597260707,5.62219597260707e+17,75,0.0004726390756677162,4.726390756677162e+26,734.612161311593,5.113134197650599,88.8752814769937,0.0,0.0,63.548886851105536,0.0046294188386209936,3.222222694590091e-05,0.0005600790784932588,0.0,0.0,0.0004004758285469174,5054,1934,6512,0.14325925925925925,0.4823703703703704,1,0,0
flow,0.4,1.0,0,registered,during_vibration,flow_dump_0.4_1.0.shear.wave,1932,193200,193.20000000000002,0.19319999999999998,158683.45183699526,935.9992556017374,0.005898530973243675,5.898530973243675e+17,81,0.0005104502017211335,5.104502017211335e+26,791.811165025065,7.100175463927984,66.13263938693458,15.374728887663439,0.0,55.5805468381465,0.004989878628544322,4.4744271577993604e-05,0.0004167582606840955,9.688930200142643e-05,0.0,0.0003502605104358369,5144,2086,6270,0.15451851851851853,0.46444444444444444,1,0,0
flow,0.4,1.0,0,registered,during_vibration,flow_dump_0.4_1.0.shear.wave,1933,193300,193.3,0.1933,158683.45183699526,1113.7899163827494,0.0070189418208955415,7.018941820895542e+17,101,0.0006364872885658578,6.364872885658577e+26,865.6758550059452,13.69358438289607,127.64738556802423,21.486520009026798,0.0,85.28657141685727,0.005455363145838265,8.629497420413163e-05,0.000804415231016954,0.00013540491941843087,0.0,0.0005374635504177611,5169,2129,6202,0.1577037037037037,0.45940740740740743,1,0,0
flow,0.4,1.0,0,registered,during_vibration,flow_dump_0.4_1.0.shear.wave,1934,193400,193.4,0.1934,158683.45183699526,1011.7996740994523,0.0063762141696968215,6.376214169696822e+17,89,0.0005608650364590232,5.6086503645902325e+26,844.7848797365192,6.606491204432194,94.03512067862198,19.153729080659367,0.0,47.21945339921936,0.005323711262623083,4.163314528359639e-05,0.0005925956335712805,0.00012070401077696933,0.0,0.00029757011744189116,5133,2082,6285,0.15422222222222223,0.46555555555555556,1,0,0
flow,0.4,1.0,0,registered,during_vibration,flow_dump_0.4_1.0.shear.wave,1935,193500,193.5,0.19349999999999998,158683.4518369953,933.8451040035958,0.00588495582364109,5.88495582364109e+17,79,0.000497846493036661,4.97846493036661e+26,765.7218777855838,21.526688421851468,104.41379762945904,21.80113236768925,0.0,20.381607799012144,0.00482546774046835,0.00013565805490521073,0.0006580005439805798,0.00013738756067698899,0.0,0.00012844192360996019,5064,1972,6464,0.14607407407407408,0.4788148148148148,1,0,0
flow,0.4,1.0,0,registered,during_vibration,flow_dump_0.4_1.0.shear.wave,1936,193600,193.6,0.1936,158683.45183699526,956.3340362677591,0.006026677799082264,6.026677799082264e+17,83,0.0005230539104056059,5.2305391040560594e+26,791.0215264228135,19.532147826440905,73.99881779876267,24.279016164780504,4.0391121401163685,43.463415914844944,0.004984902441089927,0.0001230887505932563,0.00046632977126547914,0.0001530028234432453,2.5453896378971353e-05,0.0002739001163113843,5098,2004,6398,0.14844444444444443,0.4739259259259259,1,0,0
flow,0.4,1.0,0,registered,during_vibration,flow_dump_0.4_1.0.shear.wave,1937,193700,193.70000000000002,0.19369999999999998,158683.45183699526,1185.2985290805516,0.007469578682332474,7.469578682332474e+17,97,0.000611279871196913,6.112798711969129e+26,1035.3520393284975,4.894009370086987,70.59029320797266,21.76898925780511,4.554330484820427,48.13886743136911,0.006524637744785414,3.084133419982741e-05,0.0004448497457723902,0.00013718499948039268,2.8700727341744375e-05,0.000303364130752707,5136,2092,6272,0.15496296296296297,0.4645925925925926,1,0,0
flow,0.4,1.0,0,registered,during_vibration,flow_dump_0.4_1.0.shear.wave,1938,193800,193.8,0.1938,158683.45183699526,1130.8629413137703,0.007126533537192202,7.126533537192202e+17,89,0.0005608650364590232,5.6086503645902325e+26,983.317400043788,0.0,84.87694285568207,0.0,0.0,62.668598414299936,0.0061967230272623715,0.0,0.0005348821308908152,0.0,0.0,0.0003949283790390137,5203,2207,6090,0.16348148148148148,0.45111111111111113,1,0,0
flow,0.4,1.0,0,registered,during_vibration,flow_dump_0.4_1.0.shear.wave,1939,193900,193.9,0.1939,158683.4518369953,1102.3366466148566,0.006946764983075942,6.946764983075942e+17,87,0.0005482613277745506,5.482613277745507e+26,945.259738414611,6.273435378772696,82.95314022295464,19.715006818231615,4.363111020393113,43.772214759894794,0.005956889187069185,3.9534275982457005e-05,0.0005227586069161563,0.00012424110132468948,2.749569012952302e-05,0.00027584612165393915,5172,2162,6166,0.16014814814814815,0.4567407407407407,1,0,0
flow,0.4,1.0,0,registered,during_vibration,flow_dump_0.4_1.0.shear.wave,1940,194000,194.0,0.19399999999999998,158683.45183699526,949.6132896144418,0.005984324632601987,5.984324632601988e+17,81,0.0005104502017211335,5.104502017211335e+26,811.9842064774806,6.743110589090165,95.96884485109935,19.77775535466657,0.0,15.13937234210523,0.005117006197417339,4.249410074603686e-05,0.0006047816816442942,0.0001246365334614911,0.0,9.540611933282672e-05,5054,2001,6445,0.14822222222222223,0.4774074074074074,1,0,0
flow,0.4,1.0,0,registered,during_vibration,flow_dump_0.4_1.0.shear.wave,1941,194100,194.1,0.1941,158683.45183699526,983.2039067859016,0.006196007809282346,6.196007809282346e+17,75,0.0004726390756677162,4.726390756677162e+26,790.6147699461012,0.0,107.39851301078136,26.774504488893164,18.607536309838437,39.80858303028711,0.004982339121020925,0.0,0.0006768097855667052,0.00016872902737455445,0.00011726198349247342,0.00025086789182768575,5035,1949,6516,0.14437037037037037,0.4826666666666667,1,0,0
flow,0.4,1.0,0,registered,during_vibration,flow_dump_0.4_1.0.shear.wave,1942,194200,194.20000000000002,0.19419999999999998,158683.45183699526,969.3019701208419,0.006108399829344147,6.108399829344147e+17,85,0.0005356576190900784,5.356576190900784e+26,835.02762041487,0.0,70.652548162427,0.0,0.0,63.621801543545104,0.005262222435598623,0.0,0.00044524206742744394,0.0,0.0,0.0004009353263180805,5151,2093,6256,0.15503703703703703,0.46340740740740743,1,0,0
flow,0.4,1.0,0,registered,during_vibration,flow_dump_0.4_1.0.shear.wave,1943,194300,194.3,0.1943,158683.4518369953,1093.963441362913,0.006893998263200547,6.893998263200547e+17,96,0.0006049780168546767,6.0497801685467664e+26,884.7021010719601,16.62193729309308,110.57099439025043,0.0,0.0,82.06840860760956,0.0055752637772258345,0.0001047490277068567,0.0006968023011235759,0.0,0.0,0.0005171831571442802,5195,2142,6163,0.15866666666666668,0.45651851851851855,1,0,0
flow,0.4,1.0,0,registered,during_vibration,flow_dump_0.4_1.0.shear.wave,1944,194400,194.4,0.1944,158683.45183699526,1012.3742262269802,0.006379834913516525,6.379834913516525e+17,86,0.0005419594734323146,5.419594734323146e+26,788.630030079906,6.899201312998425,113.29721810518474,32.63346143742533,0.0,70.91431529146578,0.004969831579476933,4.347776175228093e-05,0.0007139825658794421,0.00020565132066163695,0.0,0.00044689168574623176,5157,2119,6224,0.15696296296296297,0.461037037037037,1,0,0
flow,0.4,1.0,0,registered,during_vibration,flow_dump_0.4_1.0.shear.wave,1945,194500,194.5,0.19449999999999998,158683.45183699526,970.0182295263278,0.006112913591788775,6.112913591788776e+17,83,0.0005230539104056059,5.2305391040560594e+26,817.6855783352192,14.429512537955153,94.52142979059542,25.871380744079087,0.0,17.5103281184787,0.005152935412415733,9.09326862436646e-05,0.0005956602827602394,0.0001630376730817212,0.0,0.00011034753728741591,5096,1990,6414,0.1474074074074074,0.4751111111111111,1,0,0
flow,0.4,1.0,0,registered,during_vibration,flow_dump_0.4_1.0.shear.wave,1946,194600,194.6,0.1946,158683.45183699526,1096.4346690833054,0.0069095715803409565,6.909571580340956e+17,87,0.0005482613277745507,5.4826132777455075e+26,928.2586885203007,35.92495062149232,72.00827719961637,20.99409446685711,0.0,39.24865827503888,0.005849751046970152,0.00022639380606867304,0.00045378567434735157,0.0001323017253772808,0.0,0.00024733932757749915,5124,1995,6381,0.14777777777777779,0.4726666666666667,1,0,0
flow,0.4,1.0,0,registered,during_vibration,flow_dump_0.4_1.0.shear.wave,1947,194700,194.70000000000002,0.19469999999999998,158683.4518369953,1079.6405348569506,0.006803737392642503,6.803737392642504e+17,96,0.0006049780168546767,6.0497801685467664e+26,954.2941132461,21.60912457781091,57.30061666426698,16.403457821929486,0.0,30.03322254684314,0.006013822501330393,0.000136177555552601,0.0003611001399385237,0.00010337220190281493,0.0,0.00018926499391817004,5147,2088,6265,0.15466666666666667,0.4640740740740741,1,0,0
flow,0.4,1.0,0,registered,during_vibration,flow_dump_0.4_1.0.shear.wave,1948,194800,194.8,0.1948,158683.45183699526,1118.3822868777538,0.0070478822708406426,7.047882270840643e+17,97,0.000611279871196913,6.112798711969129e+26,957.9044019673845,13.166663791011853,90.00569116621965,0.0,0.0,57.305529953138276,0.0060365740149853474,8.297439738415241e-05,0.0005672027557018131,0.0,0.0,0.000361131102769332,5202,2193,6105,0.16244444444444445,0.45222222222222225,1,0,0
flow,0.4,1.0,0,registered,during_vibration,flow_dump_0.4_1.0.shear.wave,1949,194900,194.9,0.1949,158683.45183699526,1106.6286335014759,0.006973812459274206,6.973812459274205e+17,92,0.0005797705994857318,5.7977059948573184e+26,885.9742013982124,50.62249890433272,86.34932804653225,25.6297212104882,11.609699965581306,46.443183976329124,0.005583280368190589,0.00031901561453511726,0.0005441608878992187,0.0001615147699006187,7.31626381401582e-05,0.00029267818060850514,5194,2148,6158,0.15911111111111112,0.45614814814814814,1,0,0
flow,0.4,1.0,0,registered,during_vibration,flow_dump_0.4_1.0.shear.wave,1950,195000,195.0,0.19499999999999998,158683.45183699526,930.4455809287768,0.0058635325243905105,5.86353252439051e+17,76,0.0004789409300099524,4.789409300099524e+26,764.1836249923722,30.719947503257067,86.80985113936896,10.480644308258935,5.471769380806317,32.77974360471363,0.0048157738954239925,0.00019359263456666915,0.0005470630373515118,6.604749384343485e-05,3.448229363214946e-05,0.00020657316957275443,5094,2002,6404,0.1482962962962963,0.4743703703703704,1,0,0
flow,0.4,1.0,0,registered,during_vibration,flow_dump_0.4_1.0.shear.wave,1951,195100,195.1,0.1951,158683.45183699526,943.6642951436434,0.005946834935964247,5.946834935964247e+17,81,0.0005104502017211335,5.104502017211335e+26,794.2538417266466,4.551316484232375,94.21835137998485,3.977365680552899,6.4853771212244204,40.17804275100211,0.0050052720213228635,2.868173354905106e-05,0.0005937503267622952,2.506477918465359e-05,4.0869901972427524e-05,0.00025319617317295495,5074,1942,6484,0.14385185185185184,0.4802962962962963,1,0,0
flow,0.4,1.0,0,registered,during_vibration,flow_dump_0.4_1.0.shear.wave,1952,195200,195.20000000000002,0.19519999999999998,158683.45183699526,947.114665144328,0.005968578665135383,5.968578665135383e+17,80,0.0005041483473788973,5.041483473788973e+26,807.598563238359,9.54905387726085,72.43819358494216,0.0,7.590398419669528,49.93845602409653,0.005089368512527382,6.017674664066386e-05,0.00045649494478701533,0.0,4.7833585240297326e-05,0.00031470487594002506,5176,2089,6235,0.15474074074074073,0.46185185185185185,1,0,0
flow,0.4,1.0,0,registered,during_vibration,flow_dump_0.4_1.0.shear.wave,1953,195300,195.3,0.1953,158683.45183699526,1108.0452108177246,0.006982739523185721,6.982739523185722e+17,92,0.0005797705994857318,5.7977059948573184e+26,873.8113267191104,39.93661920867798,118.01139665810567,0.0,5.0488878917451325,71.23698034008521,0.005506631703580015,0.0002516747571744416,0.0007436906324632436,0.0,3.1817356084057914e-05,0.0004489250738839619,5207,2153,6140,0.15948148148148147,0.45481481481481484,1,0,0
flow,0.4,1.0,0,registered,during_vibration,flow_dump_0.4_1.0.shear.wave,1954,195400,195.4,0.1954,158683.4518369953,1071.8969849617192,0.006754938669110917,6.754938669110917e+17,93,0.000586072453827968,5.8607245382796806e+26,847.5827221947559,32.11053176522354,111.23956604320809,23.961856093066306,0.0,57.00230886546545,0.0053413428582674135,0.0002023558940361879,0.0007010155422978631,0.0001510041268681292,0.0,0.00035922024764132335,5193,2104,6203,0.15585185185185185,0.4594814814814815,1,0,0
flow,0.4,1.0,0,registered,during_vibration,flow_dump_0.4_1.0.shear.wave,1955,195500,195.5,0.19549999999999998,158683.45183699526,1088.9402843497921,0.006862343059365677,6.862343059365677e+17,95,0.0005986761625124405,5.986761625124405e+26,877.0336102817423,46.560919067335064,104.09836970584715,33.27033508648036,0.0,27.977050208387496,0.005526938065241103,0.0002934201300029945,0.0006560127631505038,0.00020966480563239018,0.0,0.00017630729533868738,5111,2007,6382,0.14866666666666667,0.47274074074074074,1,0,0
flow,0.4,1.0,0,registered,during_vibration,flow_dump_0.4_1.0.shear.wave,1956,195600,195.6,0.1956,158683.45183699526,1083.2159788699314,0.0068262693200211305,6.82626932002113e+17,86,0.0005419594734323146,5.419594734323146e+26,862.1856007651024,30.68037624405882,102.31653253226737,39.696024390090344,0.0,48.3374449384127,0.005433368071995101,0.00019334326225506292,0.0006447838848210222,0.0002501585636722056,0.0,0.0003046155372777401,5137,2001,6362,0.14822222222222223,0.47125925925925927,1,0,0
flow,0.4,1.0,0,registered,during_vibration,flow_dump_0.4_1.0.shear.wave,1957,195700,195.70000000000002,0.19569999999999999,158683.45183699526,1039.811488235851,0.006552740542246199,6.552740542246199e+17,88,0.000554563182116787,5.54563182116787e+26,932.2917811261307,3.1035480051796513,52.98509259115099,10.605639123234003,0.0,40.825427390155674,0.005875167009120843,1.955810747277993e-05,0.0003339043358193328,6.683519296094249e-05,0.0,0.0002572758968723019,5171,2090,6239,0.15481481481481482,0.46214814814814814,1,0,0
flow,0.4,1.0,0,registered,during_vibration,flow_dump_0.4_1.0.shear.wave,1958,195800,195.8,0.1958,158683.4518369953,1124.9620737499995,0.0070893471293124915,7.089347129312492e+17,92,0.0005797705994857317,5.797705994857318e+26,973.3802401617187,18.572453674265205,69.65743855972308,0.0,4.049459783913598,59.302481570379065,0.006134100493110056,0.00011704089783314913,0.0004389710316566432,0.0,2.551910572296683e-05,0.0003737156009896764,5214,2201,6085,0.16303703703703704,0.4507407407407407,1,0,0
flow,0.4,1.0,0,registered,during_vibration,flow_dump_0.4_1.0.shear.wave,1959,195900,195.9,0.1959,158683.45183699526,1246.5014394718496,0.007855270508939369,7.855270508939369e+17,103,0.0006490909972503302,6.490909972503302e+26,1009.9096438375869,41.02255837064091,105.5825258421362,25.19890619389054,3.386314011882801,61.40149121571194,0.006364303474284128,0.000258518187597662,0.0006653656989425335,0.0001587998364175722,2.134005765995897e-05,0.0003869432540375132,5201,2186,6113,0.16192592592592592,0.45281481481481484,1,0,0
flow,0.4,1.0,0,registered,during_vibration,flow_dump_0.4_1.0.shear.wave,1960,196000,196.0,0.19599999999999998,158683.45183699526,995.9513041263107,0.0062763400505642135,6.276340050564214e+17,87,0.0005482613277745507,5.4826132777455075e+26,791.1095109011213,41.31353167762735,99.90613854240458,15.527835083353096,4.113134605573128,43.981153316230866,0.004985456906456601,0.0002603518589957694,0.0006295939329895052,9.785415494555656e-05,2.5920375174333064e-05,0.0002771628220024462,5112,2040,6348,0.1511111111111111,0.4702222222222222,1,0,0
flow,0.4,1.0,0,registered,during_vibration,flow_dump_0.4_1.0.shear.wave,1961,196100,196.1,0.1961,158683.45183699526,958.1918517220058,0.006038385481469683,6.038385481469683e+17,82,0.0005167520560633698,5.167520560633698e+26,800.0950179794588,12.505211961183388,82.66396633579237,6.208874585679793,5.366968065392623,51.35181279449855,0.0050420822632554155,7.88060242981678e-05,0.0005209362751996815,3.912742326816629e-05,3.3821851007537605e-05,0.00032361164444071196,5069,1982,6449,0.14681481481481481,0.4777037037037037,1,0,0
flow,0.4,1.0,0,registered,during_vibration,flow_dump_0.4_1.0.shear.wave,1962,196200,196.20000000000002,0.19619999999999999,158683.4518369953,939.0645864557488,0.005917848241796416,5.917848241796416e+17,80,0.0005041483473788972,5.041483473788972e+26,768.8539380336861,0.0,82.21632007674096,0.0,7.736485786852474,80.25784255846911,0.004845205527942998,0.0,0.0005181152736782925,0.0,4.875420654952502e-05,0.0005057732336255991,5185,2108,6207,0.15614814814814815,0.4597777777777778,1,0,0
flow,0.4,1.0,0,registered,during_vibration,flow_dump_0.4_1.0.shear.wave,1963,196300,196.3,0.1963,158683.45183699526,1117.1580792233226,0.007040167492517766,7.040167492517766e+17,95,0.0005986761625124405,5.986761625124405e+26,901.1693934630741,33.73382310285564,116.89506083861274,0.0,3.4836531496478607,61.876148669131965,0.005679038255285651,0.0002125856396009592,0.0007366556467317783,0.0,2.1953474727953242e-05,0.0003899344761714229,5235,2155,6110,0.15962962962962962,0.4525925925925926,1,0,0
flow,0.4,1.0,0,registered,during_vibration,flow_dump_0.4_1.0.shear.wave,1964,196400,196.4,0.1964,158683.45183699526,1131.452494407091,0.007130248814913325,7.130248814913325e+17,96,0.0006049780168546768,6.049780168546768e+26,914.2961172327971,35.71127910783603,110.87279019547412,23.939999913554402,0.0,46.63230795742947,0.005761760956473214,0.00022504727931252594,0.0006987041743291935,0.00015086639240836745,0.0,0.00029387001239002336,5202,2122,6176,0.15718518518518518,0.4574814814814815,1,0,0
flow,0.4,1.0,0,registered,during_vibration,flow_dump_0.4_1.0.shear.wave,1965,196500,196.5,0.19649999999999998,158683.45183699526,983.524254456542,0.0061980265936415965,6.198026593641596e+17,89,0.0005608650364590232,5.6086503645902325e+26,779.1495819896168,47.81623981760992,89.1538777328331,32.10923205010725,0.0,35.29532286637483,0.004910087176512799,0.0003013309785240133,0.000561834751517851,0.00020234770342083866,0.0,0.00022242598366609343,5099,2008,6393,0.14874074074074073,0.47355555555555556,1,0,0
flow,0.4,1.0,0,registered,during_vibration,flow_dump_0.4_1.0.shear.wave,1966,196600,196.6,0.1966,158683.4518369953,977.1555687941268,0.006157892064245566,6.157892064245567e+17,89,0.0005608650364590231,5.608650364590231e+26,802.5411763481299,21.799743561884043,88.08486439925146,24.55536731211626,0.0,40.174417172745095,0.005057497596992822,0.00013737880862509493,0.0005550979851997109,0.00015474434812106508,0.0,0.00025317332530687284,5124,1995,6381,0.14777777777777779,0.4726666666666667,1,0,0
flow,0.4,1.0,0,registered,during_vibration,flow_dump_0.4_1.0.shear.wave,1967,196700,196.70000000000002,0.19669999999999999,158683.45183699526,1024.1565360137406,0.0064540853136077925,6.454085313607793e+17,88,0.000554563182116787,5.54563182116787e+26,905.4926494922317,18.71850753818618,59.90863773129065,8.522387278623302,0.0,31.5143539734085,0.005706282785065597,0.00011796130800969993,0.0003775355088243904,5.370684327801095e-05,0.0,0.00019859886843009351,5165,2090,6245,0.15481481481481482,0.4625925925925926,1,0,0
flow,0.4,1.0,0,registered,during_vibration,flow_dump_0.4_1.0.shear.wave,1968,196800,196.8,0.1968,158683.45183699526,1084.1582410654328,0.006832207319129376,6.832207319129376e+17,94,0.0005923743081702043,5.9237430817020434e+26,900.7186233277944,22.70968177622462,94.94928520945514,0.0,0.0,65.78065075195904,0.005676197567551287,0.00014311310671230379,0.0005983565652894298,0.0,0.0,0.0004145400795763571,5234,2202,6064,0.16311111111111112,0.4491851851851852,1,0,0
flow,0.4,1.0,0,registered,during_vibration,flow_dump_0.4_1.0.shear.wave,1969,196900,196.9,0.1969,158683.45183699526,1178.0497412374884,0.007423897877187717,7.423897877187717e+17,97,0.000611279871196913,6.112798711969129e+26,974.8061598315691,39.23310548818772,83.58130184765275,15.210927513218918,5.244330618705899,59.973915938153944,0.006143086431173185,0.00024724131618014726,0.0005267171899783863,9.585704959861897e-05,3.304900768161411e-05,0.00037794688257576523,5193,2190,6117,0.1622222222222222,0.45311111111111113,1,0,0
flow,0.4,1.0,0,registered,during_vibration,flow_dump_0.4_1.0.shear.wave,1970,197000,197.0,0.19699999999999998,158683.45183699526,1076.9678040424108,0.0067868942323532685,6.786894232353268e+17,91,0.0005734687451434957,5.734687451434957e+26,897.1372251217788,36.95081857321487,91.65729148190294,16.623890532643554,0.0,34.5985783328706,0.005653628117715431,0.00023285867647479674,0.0005776109003228406,0.0001047613367379993,0.0,0.00021803520110220045,5109,2033,6358,0.15059259259259258,0.47096296296296297,1,0,0
flow,0.4,1.0,0,registered,during_vibration,flow_dump_0.4_1.0.shear.wave,1971,197100,197.1,0.1971,158683.45183699526,986.2575353259898,0.006215251331557277,6.215251331557277e+17,84,0.0005293557647478421,5.293557647478421e+26,798.8059896081113,10.302129694519802,104.08476188837956,16.325752604882133,8.714464578566822,48.02443695152997,0.005033958994216174,6.492252074969028e-05,0.0006559270086669073,0.00010288251494335069,5.491728644470503e-05,0.00030264300653644853,5072,1962,6466,0.14533333333333334,0.478962962962963,1,0,0
flow,0.4,1.0,0,registered,during_vibration,flow_dump_0.4_1.0.shear.wave,1972,197200,197.20000000000002,0.1972,158683.45183699526,1007.2139395144039,0.0063473155382896915,6.347315538289692e+17,80,0.0005041483473788973,5.041483473788973e+26,818.3274881656382,3.3510256816360866,77.59873688773318,0.0,6.629193176272267,101.30749560312391,0.005156980634667883,2.1117675742763447e-05,0.000489015937008007,0.0,4.177620980341408e-05,0.0006384250810676227,5196,2097,6207,0.15533333333333332,0.4597777777777778,1,0,0
flow,0.4,1.0,0,registered,during_vibration,flow_dump_0.4_1.0.shear.wave,1973,197300,197.3,0.1973,158683.45183699526,1087.5994764595614,0.006853893483340522,6.853893483340522e+17,91,0.0005734687451434957,5.734687451434957e+26,867.3912090202518,36.252296166080974,111.8456243434012,0.0,0.0,72.11034692982722,0.0054661730569817955,0.00022845669001025072,0.0007048348334285834,0.0,0.0,0.0004544289029198916,5254,2151,6095,0.15933333333333333,0.4514814814814815,1,0,0
flow,0.4,1.0,0,registered,during_vibration,flow_dump_0.4_1.0.shear.wave,1974,197400,197.4,0.1974,158683.45183699526,1049.3940699940272,0.0066131285767087955,6.613128576708796e+17,90,0.0005671668908012594,5.671668908012594e+26,858.4170767246287,52.76878116809169,95.25065572473716,7.727460058088981,0.0,35.230096318480605,0.005409619382406821,0.0003325411727386513,0.0006002557583797818,4.869732772152497e-05,0.0,0.00022201493546201713,5204,2118,6178,0.15688888888888888,0.4576296296296296,1,0,0
flow,0.4,1.0,0,registered,during_vibration,flow_dump_0.4_1.0.shear.wave,1975,197500,197.5,0.19749999999999998,158683.45183699526,956.923019462768,0.006030389485387235,6.030389485387236e+17,83,0.0005230539104056059,5.2305391040560594e+26,750.7780000916849,44.562186299813845,88.54143637412146,43.973610546232706,0.0,29.067786150914948,0.0047312935999332065,0.0002808244072330211,0.000557975235282089,0.00027711528856458085,0.0,0.00018318095437433712,5117,2012,6371,0.14903703703703702,0.4719259259259259,1,0,0
flow,0.4,1.0,0,registered,during_vibration,flow_dump_0.4_1.0.shear.wave,1976,197600,197.6,0.1976,158683.45183699526,894.8515877346246,0.005639224363822416,5.639224363822416e+17,78,0.0004915446386944248,4.9154463869442485e+26,722.7770126153279,34.78697540023914,79.0579924435431,22.25000689472887,0.0,35.979600380785854,0.0045548354554184245,0.00021922245197926148,0.00049821195296882,0.00014021630256433288,0.0,0.00022673820089157915,5137,2012,6351,0.14903703703703702,0.47044444444444444,1,0,0
flow,0.4,1.0,0,registered,during_vibration,flow_dump_0.4_1.0.shear.wave,1977,197700,197.70000000000002,0.1977,158683.4518369953,1075.8425616059521,0.006779803118419002,6.779803118419002e+17,82,0.0005167520560633696,5.1675205606336965e+26,899.0010282346783,55.17819027543467,63.53450787381553,9.46365215660383,0.0,48.66518306541972,0.005665373533455529,0.00034772491798398407,0.0004003852143264454,5.963855743650697e-05,0.0,0.00030668089521653554,5176,2093,6231,0.15503703703703703,0.46155555555555555,1,0,0
flow,0.4,1.0,0,registered,during_vibration,flow_dump_0.4_1.0.shear.wave,1978,197800,197.8,0.1978,158683.45183699526,1138.2275892337955,0.007172944475666054,7.172944475666054e+17,96,0.0006049780168546768,6.049780168546768e+26,930.3655965342139,37.8485464450471,96.1903398184093,0.0,0.0,73.823106436125,0.005863028474386323,0.00023851602676204915,0.0006061775106658198,0.0,0.0,0.0004652224638518607,5229,2190,6081,0.1622222222222222,0.4504444444444444,1,0,0
flow,0.4,1.0,0,registered,during_vibration,flow_dump_0.4_1.0.shear.wave,1979,197900,197.9,0.1979,158683.45183699526,1204.4891053334486,0.007590514898621808,7.590514898621807e+17,97,0.000611279871196913,6.112798711969129e+26,943.584821862386,44.140022632333455,97.51361127488867,25.300050529299284,0.0,93.95059903454126,0.0059463341069216635,0.0002781639932919754,0.0006145165746397917,0.00015943723328686035,0.0,0.0005920629904815174,5200,2192,6108,0.16237037037037036,0.4524444444444444,1,0,0
flow,0.4,1.0,0,registered,during_vibration,flow_dump_0.4_1.0.shear.wave,1980,198000,198.0,0.19799999999999998,158683.45183699526,962.082731587518,0.00606290523964528,6.06290523964528e+17,86,0.0005419594734323146,5.419594734323146e+26,769.6656825186006,33.66632013222464,72.76980961595191,12.913568110615637,0.0,73.06735121012466,0.004850321023450044,0.00021216024571237439,0.0004585847407119893,8.137942527164628e-05,0.0,0.0004604598044992227,5105,2057,6338,0.15237037037037038,0.4694814814814815,1,0,0
flow,0.4,1.0,0,registered,during_vibration,flow_dump_0.4_1.0.shear.wave,1981,198100,198.1,0.1981,158683.4518369953,964.8649849244287,0.00608043859491769,6.080438594917691e+17,82,0.0005167520560633696,5.1675205606336965e+26,755.1051913774519,43.44393414206372,83.73955097075809,7.965822574743759,8.45143046525744,66.15905539415363,0.004758562929127103,0.0002737773450169884,0.0005277144529019827,5.019945358213223e-05,5.325968377559003e-05,0.0004169247305138933,5079,1987,6434,0.1471851851851852,0.47659259259259257,1,0,0
flow,0.4,1.0,0,registered,during_vibration,flow_dump_0.4_1.0.shear.wave,1982,198200,198.20000000000002,0.1982,158683.45183699526,913.7194069952345,0.005758126612558419,5.7581266125584186e+17,78,0.0004915446386944248,4.9154463869442485e+26,708.8957441905349,21.914114345925995,78.58081427773446,0.0,9.072261806635277,95.25647237440404,0.004467357723719896,0.0001380995566471347,0.0004952048456725985,0.0,5.71720724600483e-05,0.0006002924140587423,5193,2121,6186,0.15711111111111112,0.4582222222222222,1,0,0
flow,0.4,1.0,0,registered,during_vibration,flow_dump_0.4_1.0.shear.wave,1983,198300,198.3,0.1983,158683.45183699526,1105.1109107032432,0.006964247991267852,6.964247991267853e+17,95,0.0005986761625124405,5.986761625124405e+26,892.8660202851822,26.53275256262948,105.80600309363923,0.0,0.0,79.90613476179232,0.005626711606969345,0.00016720554194828567,0.0006667740200303089,0.0,0.0,0.0005035568223199132,5241,2162,6097,0.16014814814814815,0.4516296296296296,1,0,0
flow,0.4,1.0,0,registered,during_vibration,flow_dump_0.4_1.0.shear.wave,1984,198400,198.4,0.1984,158683.45183699526,1051.686260821513,0.006627573629428222,6.627573629428221e+17,86,0.0005419594734323146,5.419594734323146e+26,819.740448786303,57.167541360445966,111.15049395221214,0.0,0.0,63.627776722552035,0.005165884906690628,0.0003602615187572949,0.0007004542229544484,0.0,0.0,0.000400972981025851,5176,2123,6201,0.15725925925925927,0.4593333333333333,1,0,0
flow,0.4,1.0,0,registered,during_vibration,flow_dump_0.4_1.0.shear.wave,1985,198500,198.5,0.19849999999999998,158683.4518369953,968.4547639551984,0.006103060859490415,6.103060859490415e+17,85,0.0005356576190900783,5.356576190900783e+26,755.2373096691858,41.95568076711672,108.14186925452692,27.025688436166213,0.0,36.09421582820245,0.004759395519357556,0.00026439858902373094,0.0006814943083391815,0.0001703119520233771,0.0,0.00022746049074656873,5104,2024,6372,0.14992592592592593,0.472,1,0,0
flow,0.4,1.0,0,registered,during_vibration,flow_dump_0.4_1.0.shear.wave,1986,198600,198.6,0.1986,158683.45183699526,931.8949509853438,0.005872666243374995,5.872666243374995e+17,81,0.0005104502017211335,5.104502017211335e+26,775.934636589343,18.264613428900542,81.66084828924754,17.270399827805846,0.0,38.76445285004663,0.004889827058882031,0.00011510093344618278,0.0005146147713822875,0.00010883554414701388,0.0,0.00024428793551747744,5116,2020,6364,0.14962962962962964,0.4714074074074074,1,0,0
flow,0.4,1.0,0,registered,during_vibration,flow_dump_0.4_1.0.shear.wave,1987,198700,198.70000000000002,0.1987,158683.45183699526,1036.0774830018402,0.006529209385148315,6.529209385148315e+17,84,0.0005293557647478421,5.293557647478421e+26,819.3946096296269,30.642915030212702,72.39623460674912,7.979105901737935,0.0,105.66461783351359,0.005163705478699413,0.00019310718714192132,0.00045623052541809376,5.028316317402982e-05,0.0,0.0006658830307148579,5155,2095,6250,0.15518518518518518,0.46296296296296297,1,0,0
flow,0.4,1.0,0,registered,during_vibration,flow_dump_0.4_1.0.shear.wave,1988,198800,198.8,0.1988,158683.45183699526,1120.3974751182238,0.007060581693604272,7.060581693604271e+17,96,0.0006049780168546768,6.049780168546768e+26,901.7295964412391,26.829080812489234,97.84085617293536,0.0,0.0,93.99794169156031,0.005682568572856133,0.00016907295941639164,0.0006165788243215217,0.0,0.0,0.0005923613370102261,5209,2175,6116,0.16111111111111112,0.453037037037037,1,0,0
flow,0.4,1.0,0,registered,during_vibration,flow_dump_0.4_1.0.shear.wave,1989,198900,198.9,0.1989,158683.4518369953,1074.2810724887975,0.0067699628414457065,6.769962841445706e+17,95,0.0005986761625124404,5.986761625124404e+26,840.5690428543294,24.67409911393672,108.63697776919976,24.73059337028417,0.0,75.67035938104758,0.005297143672660895,0.00015549257864192885,0.0006846144100822507,0.00015584859721660344,0.0,0.00047686358284402955,5162,2179,6159,0.16140740740740742,0.4562222222222222,1,0,0
flow,0.4,1.0,0,registered,during_vibration,flow_dump_0.4_1.0.shear.wave,1990,199000,199.0,0.19899999999999998,158683.45183699526,1033.4181705029498,0.00651245078512982,6.51245078512982e+17,91,0.0005734687451434957,5.734687451434957e+26,833.38030963597,48.893454346601956,91.06657465769109,10.138190917899829,0.0,49.939640944787,0.0052518413230135995,0.00030811942758106174,0.0005738882889391491,6.38894024583868e-05,0.0,0.0003147123431376235,5084,2065,6351,0.15296296296296297,0.47044444444444444,1,0,0
flow,0.4,1.0,0,registered,during_vibration,flow_dump_0.4_1.0.shear.wave,1991,199100,199.1,0.1991,158683.45183699526,956.7648476989278,0.006029392709970461,6.02939270997046e+17,79,0.000497846493036661,4.97846493036661e+26,738.1252975314613,41.74472201720705,77.4581995089851,6.837977315898508,7.513924957178856,85.08472636819712,0.004651558111363039,0.00026306915770958004,0.0004881302909174969,4.309193704030776e-05,4.7351660618634646e-05,0.0005361915523214033,5088,1991,6421,0.1474814814814815,0.4756296296296296,1,0,0
flow,0.4,1.0,0,registered,during_vibration,flow_dump_0.4_1.0.shear.wave,1992,199200,199.20000000000002,0.1992,158683.45183699526,998.9646505965364,0.006295329721102268,6.295329721102268e+17,76,0.0004789409300099524,4.789409300099524e+26,808.8179079407873,10.495749100056747,76.67914221867134,0.0,5.338043957090121,97.63380737993087,0.005097052645235063,6.614268204121447e-05,0.00048322078534968234,0.0,3.3639575490036174e-05,0.0006152740329862717,5179,2111,6210,0.15637037037037038,0.46,1,0,0
flow,0.4,1.0,0,registered,during_vibration,flow_dump_0.4_1.0.shear.wave,1993,199300,199.3,0.19929999999999998,158683.45183699526,1121.626657031456,0.007068327818981572,7.068327818981572e+17,92,0.0005797705994857318,5.7977059948573184e+26,874.734460651306,32.033675823451624,113.03299972774376,0.0,0.0,101.82552082895488,0.005512449159159087,0.0002018715590858059,0.000712317500150267,0.0,0.0,0.0006416896005864136,5214,2172,6114,0.1608888888888889,0.4528888888888889,1,0,0
flow,0.4,1.0,0,registered,during_vibration,flow_dump_0.4_1.0.shear.wave,1994,199400,199.4,0.1994,158683.45183699526,1184.0537544049066,0.007461734293637654,7.461734293637654e+17,89,0.0005608650364590232,5.6086503645902325e+26,924.3493148697681,65.9157819507708,132.11694447019056,0.0,0.0,61.6717131141774,0.005825114743655119,0.0004153916567083606,0.0008325817401924514,0.0,0.0,0.00038864615308172506,5152,2114,6234,0.1565925925925926,0.4617777777777778,1,0,0
flow,0.4,1.0,0,registered,during_vibration,flow_dump_0.4_1.0.shear.wave,1995,199500,199.5,0.19949999999999998,158683.45183699526,997.5790636427909,0.00628659795394126,6.28659795394126e+17,86,0.0005419594734323146,5.419594734323146e+26,804.8108014728597,44.58318181671223,91.02374938543237,29.33404078113108,0.0,27.827290186655425,0.00507180044394035,0.00028095671792235466,0.0005736184103112081,0.00018485885227190513,0.0,0.00017536352949544174,5105,2020,6375,0.14962962962962964,0.4722222222222222,1,0,0
flow,0.4,1.0,0,registered,during_vibration,flow_dump_0.4_1.0.shear.wave,1996,199600,199.6,0.1996,158683.4518369953,941.0611017546989,0.005930429990402446,5.930429990402446e+17,86,0.0005419594734323145,5.4195947343231446e+26,802.3959095805144,20.799590920395776,64.15026234724834,17.004400254905406,0.0,36.71093865163521,0.005056582146982542,0.00013107599235843306,0.0004042656093285993,0.00010715925358349823,0.0,0.00023134698814937464,5125,1997,6378,0.14792592592592593,0.47244444444444444,1,0,0
flow,0.4,1.0,0,registered,during_vibration,flow_dump_0.4_1.0.shear.wave,1997,199700,199.70000000000002,0.1997,158683.45183699526,962.129639471287,0.006063200846296295,6.063200846296294e+17,77,0.00048524278435218865,4.852427843521887e+26,808.5688671269029,50.818419610962216,61.035065165060786,5.026194652385925,0.0,36.68109291597526,0.005095483226300691,0.0003202502782909243,0.0003846340904391087,3.167434659506269e-05,0.0,0.0002311589046705088,5153,2092,6255,0.15496296296296297,0.4633333333333333,1,0,0
flow,0.4,1.0,0,registered,during_vibration,flow_dump_0.4_1.0.shear.wave,1998,199800,199.8,0.19979999999999998,158683.45183699526,1052.0151885282512,0.006629646483925211,6.629646483925211e+17,88,0.000554563182116787,5.54563182116787e+26,872.4313631801214,26.172044348344816,94.47225185062537,0.0,0.0,58.93952914915971,0.005497935374359709,0.0001649324113218156,0.0005953503705456969,0.0,0.0,0.00037142832769799014,5209,2169,6122,0.16066666666666668,0.4534814814814815,1,0,0
flow,0.4,1.0,0,registered,during_vibration,flow_dump_0.4_1.0.shear.wave,1999,199900,199.9,0.1999,158683.45183699526,1068.465599960179,0.006733314580639077,6.733314580639077e+17,95,0.0005986761625124405,5.986761625124405e+26,870.1135607010358,16.025863385844005,95.42523177593469,21.84105892997077,0.0,65.05988516739389,0.005483328920742438,0.00010099265676616543,0.0006013559112260714,0.0001376391720568734,0.0,0.00040999791984753077,5153,2180,6167,0.16148148148148148,0.45681481481481484,1,0,0
flow,0.4,1.0,0,registered,during_vibration,flow_dump_0.4_1.0.shear.wave,2000,200000,200.0,0.19999999999999998,158683.4518369953,1125.9220646281358,0.007095396851996382,7.095396851996381e+17,94,0.0005923743081702042,5.923743081702042e+26,890.6251196235413,71.93174372984713,76.82954726187322,22.072209192342093,0.0,64.4634448205321,0.005612589777404262,0.00045330337156855973,0.00048416861602427824,0.00013909584734150712,0.0,0.0004062392396577749,5117,2061,6322,0.15266666666666667,0.4682962962962963,1,0,0
flow,0.4,1.0,0,registered,during_vibration,flow_dump_0.4_1.0.shear.wave,2001,200100,200.1,0.2001,158683.45183699526,960.9886363639783,0.006056010410909997,6.056010410909997e+17,81,0.0005104502017211335,5.104502017211335e+26,740.703131982597,29.14678863704219,90.63151827513772,7.993171911626551,7.331267238628581,85.18275831894609,0.004667803248592494,0.00018367881653458552,0.0005711466269856376,5.0371805119524336e-05,4.620057828184564e-05,0.0005368093353959085,5070,1996,6434,0.14785185185185185,0.47659259259259257,1,0,0
flow,0.4,1.0,0,registered,during_vibration,flow_dump_0.4_1.0.shear.wave,2002,200200,200.20000000000002,0.2002,158683.45183699526,920.5774902620166,0.005801345254372607,5.801345254372607e+17,78,0.0004915446386944248,4.9154463869442485e+26,730.2210153233791,33.40097031277875,61.80914253380557,0.0,5.205714043386008,89.9406480486674,0.004601746476207775,0.00021048804980048773,0.0003895122132665598,0.0,3.2805651648752166e-05,0.0005667928634490339,5195,2120,6185,0.15703703703703703,0.45814814814814814,1,0,0
flow,0.4,1.0,0,registered,during_vibration,flow_dump_0.4_1.0.shear.wave,2003,200300,200.3,0.20029999999999998,158683.45183699526,1122.1528192035828,0.00707164361635071,7.07164361635071e+17,97,0.000611279871196913,6.112798711969129e+26,865.4498766004613,33.35938856987603,120.89577037882329,0.0,4.300362888484868,98.14742076593753,0.005453939062842414,0.00021022600771341846,0.00076186753551978,0.0,2.710026054198984e-05,0.0006185107497331083,5216,2180,6104,0.16148148148148148,0.45214814814814813,1,0,0
flow,0.4,1.0,0,registered,during_vibration,flow_dump_0.4_1.0.shear.wave,2004,200400,200.4,0.2004,158683.4518369953,1081.1049016120849,0.006812965618636973,6.812965618636973e+17,91,0.0005734687451434956,5.7346874514349555e+26,877.2093587427562,43.034418697366746,105.77772777591613,8.436536880718567,0.0,46.64685951532684,0.005528045606443283,0.00027119663833361196,0.0006665958330965374,5.3165826575192274e-05,0.0,0.00029396171418834515,5199,2130,6171,0.15777777777777777,0.45711111111111113,1,0,0
flow,0.4,1.0,0,registered,during_vibration,flow_dump_0.4_1.0.shear.wave,2005,200500,200.5,0.20049999999999998,158683.45183699526,1027.9110107611666,0.0064777454665976755,6.477745466597676e+17,92,0.0005797705994857318,5.7977059948573184e+26,813.9351983038459,54.28336291326664,100.62515471483043,33.67284849229537,0.0,25.394446336928297,0.005129301063729987,0.0003420858462861538,0.0006341250681778452,0.00021220138648663382,0.0,0.00016003210191705615,5124,2040,6336,0.1511111111111111,0.4693333333333333,1,0,0
flow,0.4,1.0,0,registered,during_vibration,flow_dump_0.4_1.0.shear.wave,2006,200600,200.6,0.2006,158683.45183699526,996.4420284406797,0.00627943252371556,6.27943252371556e+17,86,0.0005419594734323146,5.419594734323146e+26,823.5009612285991,23.129483560279496,86.8201319425248,20.525041492986276,0.0,42.46641021628989,0.0051895831083541445,0.00014575863640802853,0.0005471278254755211,0.00012934582185715406,0.0,0.00026761713162071085,5126,2023,6351,0.14985185185185185,0.47044444444444444,1,0,0
flow,0.4,1.0,0,registered,during_vibration,flow_dump_0.4_1.0.shear.wave,2007,200700,200.70000000000002,0.2007,158683.45183699526,1041.3792491396262,0.006562620343105243,6.562620343105243e+17,88,0.000554563182116787,5.54563182116787e+26,859.0121921908926,26.811421905941017,71.80193506146355,0.0,0.0,83.75369998132891,0.005413369713392027,0.0001689616755594816,0.0004524853362480469,0.0,0.0,0.0005278036179056869,5149,2116,6235,0.15674074074074074,0.46185185185185185,1,0,0
flow,0.4,1.0,0,registered,during_vibration,flow_dump_0.4_1.0.shear.wave,2008,200800,200.8,0.20079999999999998,158683.4518369953,993.8073886621437,0.0062628294075869635,6.262829407586963e+17,83,0.0005230539104056058,5.230539104056058e+26,808.5695102902265,21.488031024505304,92.18187222351787,0.0,0.0,71.56797512389387,0.005095487279422274,0.00013541444161788526,0.0005809167317472401,0.0,0.0,0.000451010954799564,5220,2185,6095,0.16185185185185186,0.4514814814814815,1,0,0
flow,0.4,1.0,0,registered,during_vibration,flow_dump_0.4_1.0.shear.wave,2009,200900,200.9,0.2009,158683.45183699526,1030.394564889825,0.00649339646296754,6.49339646296754e+17,88,0.000554563182116787,5.54563182116787e+26,826.1853526750398,24.8780085410536,95.64225309648621,7.58055813893276,0.0,76.10839243831296,0.0052064997522471585,0.00015677758615062829,0.0006027235479773469,4.77715732244075e-05,0.0,0.00047962400336800054,5149,2173,6178,0.16096296296296297,0.4576296296296296,1,0,0
flow,0.4,1.0,0,registered,during_vibration,flow_dump_0.4_1.0.shear.wave,2010,201000,201.0,0.20099999999999998,158683.45183699526,1079.5696248377635,0.006803290528030183,6.803290528030182e+17,87,0.0005482613277745507,5.4826132777455075e+26,839.3568500057528,63.15653581715599,98.65660955767535,19.278007436405048,0.0,59.12162202077401,0.005289504609894465,0.00039800328947994155,0.0006217195833313394,0.00012148719487277121,0.0,0.000372575850451663,5091,2055,6354,0.15222222222222223,0.4706666666666667,1,0,0
flow,0.4,1.0,0,registered,during_vibration,flow_dump_0.4_1.0.shear.wave,2011,201100,201.1,0.2011,158683.45183699526,952.0815167925098,0.005999879040761721,5.99987904076172e+17,78,0.0004915446386944248,4.9154463869442485e+26,759.9231649739172,19.21982595151512,88.8457844064845,6.136938053525744,6.851098089111824,71.10470531795549,0.0047889250969567684,0.00012112054362957986,0.000559893192251387,3.867408972064588e-05,4.317462224195559e-05,0.0004480914959613844,5063,1995,6442,0.14777777777777779,0.4771851851851852,1,0,0
flow,0.4,1.0,0,registered,during_vibration,flow_dump_0.4_1.0.shear.wave,2012,201200,201.20000000000002,0.2012,158683.45183699526,894.3221465395063,0.005635887902528001,5.635887902528001e+17,78,0.0004915446386944248,4.9154463869442485e+26,723.1140413015233,22.34595191682679,72.19757559725355,0.0,9.307446553609372,67.3571311702929,0.004556959361107983,0.0001408209341184566,0.00045497860527647974,0.0,5.865417247899473e-05,0.0004244748295460847,5190,2131,6179,0.15785185185185185,0.4577037037037037,1,0,0
flow,0.4,1.0,0,registered,during_vibration,flow_dump_0.4_1.0.shear.wave,2013,201300,201.3,0.20129999999999998,158683.45183699526,989.0829016020364,0.006233056378292389,6.233056378292389e+17,83,0.0005230539104056059,5.2305391040560594e+26,797.3171848803055,30.87565969643614,120.59588678489558,0.0,0.0,40.29417024039911,0.005024576763677509,0.00019457391012739383,0.0007599777127912213,0.0,0.0,0.0002539279916962645,5228,2178,6094,0.16133333333333333,0.4514074074074074,1,0,0
flow,0.4,1.0,0,registered,during_vibration,flow_dump_0.4_1.0.shear.wave,2014,201400,201.4,0.2014,158683.45183699526,1079.7737991786018,0.006804577204986568,6.804577204986568e+17,89,0.0005608650364590232,5.6086503645902325e+26,856.2961831718623,57.39652676587326,107.6882400576844,9.15784357495108,0.0,49.23500560823097,0.005396253820161899,0.0003617045514287956,0.0006786356032152945,5.77113962983255e-05,0.0,0.0003102718338822548,5181,2130,6189,0.15777777777777777,0.45844444444444443,1,0,0
flow,0.4,1.0,0,registered,during_vibration,flow_dump_0.4_1.0.shear.wave,2015,201500,201.5,0.20149999999999998,158683.4518369953,1006.9235236090641,0.006345485379555571,6.345485379555571e+17,90,0.0005671668908012594,5.671668908012594e+26,822.1371433573975,40.66289020384923,104.15240406963471,13.976429781490214,0.0,25.994656196692574,0.005180988526780493,0.0002562516111990017,0.0006563532798405683,8.807742470744366e-05,0.0,0.00016381453702806462,5096,2014,6390,0.1491851851851852,0.47333333333333333,1,0,0
flow,0.4,1.0,0,registered,during_vibration,flow_dump_0.4_1.0.shear.wave,2016,201600,201.6,0.2016,158683.45183699526,991.8724172587249,0.006250635499646227,6.250635499646227e+17,81,0.0005104502017211335,5.104502017211335e+26,808.494299729958,26.678305153455824,91.23951739014673,25.297194171704398,0.0,40.16310081346007,0.005095013313426464,0.0001681227931748084,0.0005749781488486329,0.00015941923293734804,0.0,0.0002531020112589742,5089,2024,6387,0.14992592592592593,0.4731111111111111,1,0,0
flow,0.4,1.0,0,registered,during_vibration,flow_dump_0.4_1.0.shear.wave,2017,201700,201.70000000000002,0.2017,158683.45183699526,1042.989926797357,0.006572770599096557,6.572770599096557e+17,81,0.0005104502017211335,5.104502017211335e+26,918.8981837233061,18.886703044266024,69.82185362548017,0.0,0.0,35.38318640430483,0.005790762509169689,0.00011902125159003381,0.0004400071514527137,0.0,0.0,0.00022297968688412184,5139,2124,6237,0.15733333333333333,0.462,1,0,0
flow,0.4,1.0,0,registered,during_vibration,flow_dump_0.4_1.0.shear.wave,2018,201800,201.8,0.20179999999999998,158683.45183699526,1068.9423572106832,0.00673631903538836,6.73631903538836e+17,89,0.0005608650364590232,5.6086503645902325e+26,874.5926763282005,10.438789618739182,97.87163156913577,0.0,0.0,86.03925969460776,0.005511555655006863,6.578373168654184e-05,0.0006167727663857013,0.0,0.0,0.0005422068823092534,5214,2185,6101,0.16185185185185186,0.45192592592592595,1,0,0
flow,0.4,1.0,0,registered,during_vibration,flow_dump_0.4_1.0.shear.wave,2019,201900,201.9,0.2019,158683.4518369953,1040.3013409471162,0.006555827522681741,6.555827522681741e+17,91,0.0005734687451434956,5.7346874514349555e+26,828.2221867448303,29.346342428601627,88.92137354379828,26.252592656437805,0.0,67.55884557344834,0.005219335583874282,0.00018493637546243403,0.0005603695439845937,0.00016544001502693116,0.0,0.0004257460043335013,5168,2172,6160,0.1608888888888889,0.4562962962962963,1,0,0
flow,0.4,1.0,0,registered,during_vibration,flow_dump_0.4_1.0.shear.wave,2020,202000,202.0,0.20199999999999999,158683.45183699526,1092.4948989005384,0.006884743722507273,6.884743722507273e+17,95,0.0005986761625124405,5.986761625124405e+26,866.9409675486094,47.64907952787928,80.77561550523009,11.67598771507393,3.873734271115828,81.57951433262984,0.00546333570080867,0.0003002775587263248,0.0005090361633184373,7.358037388213536e-05,2.4411709137100522e-05,0.000514102216634605,5083,2056,6361,0.1522962962962963,0.4711851851851852,1,0,0
flow,0.4,1.0,0,registered,during_vibration,flow_dump_0.4_1.0.shear.wave,2021,202100,202.1,0.2021,158683.45183699526,1009.9202453539233,0.006364370283495886,6.364370283495886e+17,79,0.000497846493036661,4.97846493036661e+26,810.7271873783809,25.420814176439418,105.2080125865408,6.425564045122726,8.053684545301046,54.08498262213847,0.005109084646149404,0.0001601982682009747,0.0006630055709565346,4.049296867907355e-05,5.07531469228061e-05,0.0003408356825870936,5070,1977,6453,0.14644444444444443,0.478,1,0,0
flow,0.4,1.0,0,registered,during_vibration,flow_dump_0.4_1.0.shear.wave,2022,202200,202.20000000000002,0.2022,158683.45183699526,835.2043526586086,0.005263336176456241,5.2633361764562406e+17,67,0.00042222424092982645,4.2222424092982644e+26,644.7789372835321,21.527221497178854,94.53104201545483,0.0,6.769744354110161,67.5974075083325,0.004063302945702679,0.00013566141426827737,0.0005957208576012081,0.0,4.2661942853778223e-05,0.0004259890160302961,5180,2113,6207,0.15651851851851853,0.4597777777777778,1,0,0
flow,0.4,1.0,0,registered,during_vibration,flow_dump_0.4_1.0.shear.wave,2023,202300,202.3,0.20229999999999998,158683.4518369953,984.6697494302333,0.0062052453361155615,6.205245336115561e+17,85,0.0005356576190900783,5.356576190900783e+26,763.1749204244537,33.586740181025974,125.38649063191271,0.0,5.397270383420956,57.124327809419896,0.004809417186162622,0.00021165874445135807,0.0007901674004464796,0.0,3.401281180198427e-05,0.00035998919325311773,5212,2165,6123,0.16037037037037036,0.45355555555555555,1,0,0
flow,0.4,1.0,0,registered,during_vibration,flow_dump_0.4_1.0.shear.wave,2024,202400,202.4,0.2024,158683.45183699526,1030.1545095736344,0.006491883669330827,6.491883669330828e+17,90,0.0005671668908012594,5.671668908012594e+26,824.4003926451496,26.6105370174498,108.17951223537261,13.365911690355478,0.0,57.59815598530677,0.005195251194132077,0.0001676957282526536,0.0006817315289214788,8.423002862381247e-05,0.0,0.00036297518940080437,5159,2118,6223,0.15688888888888888,0.46096296296296296,1,0,0
flow,0.4,1.0,0,registered,during_vibration,flow_dump_0.4_1.0.shear.wave,2025,202500,202.5,0.20249999999999999,158683.45183699526,983.9169784565387,0.006200501483086276,6.200501483086276e+17,85,0.0005356576190900784,5.356576190900784e+26,818.3120260927521,38.002993870101484,105.94383084535174,12.76942440907439,0.0,8.888703239258767,0.005156883194936726,0.00023948933193827533,0.000667642590445919,8.047105266018257e-05,0.0,5.601531310517198e-05,5078,2013,6409,0.1491111111111111,0.47474074074074074,1,0,0
flow,0.4,1.0,0,registered,during_vibration,flow_dump_0.4_1.0.shear.wave,2026,202600,202.6,0.2026,158683.45183699526,924.736796855714,0.005827556598690791,5.82755659869079e+17,76,0.0004789409300099524,4.789409300099524e+26,763.1772656397949,24.35118043287318,91.16130064453955,7.339756187222591,0.0,38.70729395128362,0.0048094319653681035,0.00015345759214947943,0.0005744852383106927,4.6254074399403814e-05,0.0,0.0002439277284631103,5060,2016,6424,0.14933333333333335,0.47585185185185186,1,0,0
flow,0.4,1.0,0,registered,during_vibration,flow_dump_0.4_1.0.shear.wave,2027,202700,202.70000000000002,0.2027,158683.4518369953,1012.9719999111202,0.006383601996203595,6.383601996203596e+17,77,0.00048524278435218855,4.8524278435218856e+26,904.6452518374778,16.01397667334774,62.61565380812555,0.0,0.0,29.69711759216909,0.0057009426084753834,0.00010091774843540592,0.00039459472984269557,0.0,0.0,0.00018714690945011026,5122,2128,6250,0.15762962962962962,0.46296296296296297,1,0,0
flow,0.4,1.0,0,registered,during_vibration,flow_dump_0.4_1.0.shear.wave,2028,202800,202.8,0.20279999999999998,158683.45183699526,1007.1219062460642,0.006346735558037975,6.346735558037975e+17,87,0.0005482613277745507,5.4826132777455075e+26,835.4150960320724,13.255757372118461,98.00176065578061,0.0,0.0,60.44929218609282,0.0052646642504994,8.353585215511446e-05,0.0006175928209354255,0.0,0.0,0.0003809426344480348,5195,2171,6134,0.16081481481481483,0.45437037037037037,1,0,0
flow,0.4,1.0,0,registered,during_vibration,flow_dump_0.4_1.0.shear.wave,2029,202900,202.9,0.2029,158683.45183699526,1030.3390324382497,0.006493046505546445,6.493046505546445e+17,86,0.0005419594734323146,5.419594734323146e+26,817.9302287144196,7.324777992517054,101.26551743580804,22.288635524361435,0.0,81.52987277114349,0.005154477163470226,4.6159683998059875e-05,0.0006381605407716441,0.0001404597345617175,0.0,0.0005137893827447969,5150,2170,6180,0.16074074074074074,0.4577777777777778,1,0,0
flow,0.4,1.0,0,registered,during_vibration,flow_dump_0.4_1.0.shear.wave,2030,203000,203.0,0.20299999999999999,158683.45183699526,1103.659503067629,0.006955101431757002,6.955101431757002e+17,93,0.0005860724538279681,5.860724538279681e+26,885.3065557322072,53.239317267434856,98.82911222806752,21.103943177886084,5.1808627502820315,39.99971191175121,0.005579072962451199,0.0003355064226994759,0.0006228066700337976,0.00013299397595386778,3.264904241939468e-05,0.00025207235819926706,5061,2033,6406,0.15059259259259258,0.4745185185185185,1,0,0
flow,0.4,1.0,0,registered,during_vibration,flow_dump_0.4_1.0.shear.wave,2031,203100,203.1,0.2031,158683.45183699526,918.1979200627119,0.005786349549579463,5.786349549579464e+17,79,0.000497846493036661,4.97846493036661e+26,726.5567170343227,18.296596582627686,93.07469453192594,9.434334404062362,6.90947456197133,63.92610294780172,0.004578654602123636,0.00011530248662237659,0.0005865431678883269,5.945380123034892e-05,4.3542502270929706e-05,0.0004028529894438437,5072,1974,6454,0.14622222222222223,0.4780740740740741,1,0,0
flow,0.4,1.0,0,registered,during_vibration,flow_dump_0.4_1.0.shear.wave,2032,203200,203.20000000000002,0.2032,158683.45183699526,872.2094644598661,0.005496537000945932,5.4965370009459315e+17,74,0.00046633722132547996,4.6633722132548e+26,686.523866367136,19.077754934805135,84.5786604980354,0.0,7.554712951540351,74.47446970834935,0.004326373408314531,0.00012022523277602013,0.0005330023989200671,0.0,4.760870061801274e-05,0.0004693272603173009,5173,2098,6229,0.1554074074074074,0.46140740740740743,1,0,0
flow,0.4,1.0,0,registered,during_vibration,flow_dump_0.4_1.0.shear.wave,2033,203300,203.3,0.20329999999999998,158683.45183699526,978.7715261687397,0.00616807559224364,6.16807559224364e+17,80,0.0005041483473788973,5.041483473788973e+26,780.5929551902078,35.13929183751485,113.64908297394031,0.0,7.03294133875945,42.3572548283176,0.004919183104184411,0.00022144269884934856,0.0007161999670304897,0.0,4.432057191435382e-05,0.0002669292502650392,5224,2169,6107,0.16066666666666668,0.45237037037037037,1,0,0
flow,0.4,1.0,0,registered,during_vibration,flow_dump_0.4_1.0.shear.wave,2034,203400,203.4,0.2034,158683.45183699526,1079.7944380550982,0.006804707268180036,6.804707268180036e+17,90,0.0005671668908012594,5.671668908012594e+26,873.2453707500963,44.02510064636664,120.87211539660143,7.771754922217145,0.0,33.88009633981653,0.005503065131499169,0.000277439771675692,0.0007617184652673497,4.89764675033698e-05,0.0,0.00021350743223445413,5170,2114,6216,0.1565925925925926,0.46044444444444443,1,0,0
flow,0.4,1.0,0,registered,during_vibration,flow_dump_0.4_1.0.shear.wave,2035,203500,203.5,0.2035,158683.45183699526,1007.4311519561536,0.006348684379458919,6.34868437945892e+17,85,0.0005356576190900784,5.356576190900784e+26,835.6651562157269,31.101329527869503,108.18991139239284,18.72851312662903,0.0,13.746241693535222,0.005266240093353585,0.00019599604853452388,0.0006817970628943023,0.00011802436177067511,0.0,8.662681290583345e-05,5072,2002,6426,0.1482962962962963,0.476,1,0,0
flow,0.4,1.0,0,registered,during_vibration,flow_dump_0.4_1.0.shear.wave,2036,203600,203.6,0.2036,158683.45183699526,952.6776332060973,0.006003635679571165,6.003635679571165e+17,74,0.00046633722132547996,4.6633722132548e+26,769.2085257600637,29.375844955942334,93.75246385673904,13.816199498496712,0.0,46.5245991348556,0.004847440088146176,0.00018512229609246304,0.0005908143714509348,8.706767680280333e-05,0.0,0.00029319124707878906,5061,2007,6432,0.14866666666666667,0.47644444444444445,1,0,0
flow,0.4,1.0,0,registered,during_vibration,flow_dump_0.4_1.0.shear.wave,2037,203700,203.70000000000002,0.2037,158683.45183699526,977.6347182200864,0.006160911594136131,6.16091159413613e+17,81,0.0005104502017211335,5.104502017211335e+26,851.6533455890071,16.2695503615858,57.12169793704765,0.0,0.0,52.59012433244586,0.005366995333980085,0.00010252833659239028,0.00035997262018048923,0.0,0.0,0.0003314153033831664,5140,2132,6228,0.15792592592592591,0.4613333333333333,1,0,0
flow,0.4,1.0,0,registered,during_vibration,flow_dump_0.4_1.0.shear.wave,2038,203800,203.8,0.20379999999999998,158683.4518369953,992.251166570815,0.006253022322643241,6.253022322643241e+17,85,0.0005356576190900783,5.356576190900783e+26,829.3558266413363,17.479211234629076,90.20112909441666,0.0,0.0,55.21499960043282,0.005226479617378611,0.00011015144321781127,0.000568434377058259,0.0,0.0,0.0003479568849885584,5202,2172,6126,0.1608888888888889,0.4537777777777778,1,0,0
flow,0.4,1.0,0,registered,during_vibration,flow_dump_0.4_1.0.shear.wave,2039,203900,203.9,0.2039,158683.45183699526,1063.3654356060524,0.006701174087757907,6.701174087757907e+17,91,0.0005734687451434957,5.734687451434957e+26,877.5908930975022,5.0450820209382155,79.603385778158,29.44519780181067,0.0,71.680876907643,0.005530449980373453,3.1793372040587355e-05,0.0005016489423227896,0.00018555934762534487,0.0,0.00045172244539572973,5165,2171,6164,0.16081481481481483,0.4565925925925926,1,0,0
flow,0.4,1.0,0,registered,during_vibration,flow_dump_0.4_1.0.shear.wave,2040,204000,204.0,0.204,158683.45183699526,1074.8799563519924,0.0067737369203194776,6.773736920319478e+17,89,0.0005608650364590232,5.6086503645902325e+26,869.8292005278063,39.421279113510764,90.3187241883002,16.6374941192004,0.0,58.67325840317482,0.005481536924350012,0.00024842715895798367,0.0005691754442112747,0.00010484706455901255,0.0,0.00036975032824119477,5056,2028,6416,0.15022222222222223,0.47525925925925927,1,0,0
flow,0.4,1.0,0,registered,during_vibration,flow_dump_0.4_1.0.shear.wave,2041,204100,204.1,0.2041,158683.45183699526,872.0093436811715,0.005495275868947743,5.495275868947743e+17,78,0.0004915446386944248,4.9154463869442485e+26,675.8552097081778,31.396716379642864,93.57008349541204,12.062194665719263,6.234896207873054,52.89024322434655,0.004259141088022448,0.00019785753344901132,0.0005896650369789676,7.601419383106145e-05,3.929140774097692e-05,0.0003333066089252779,5068,1968,6464,0.14577777777777778,0.4788148148148148,1,0,0
flow,0.4,1.0,0,registered,during_vibration,flow_dump_0.4_1.0.shear.wave,2042,204200,204.20000000000002,0.2042,158683.4518369953,871.6156776573979,0.0054927950430064335,5.492795043006433e+17,71,0.00044743165829877127,4.4743165829877125e+26,700.1855785425199,20.26962743055072,80.25898565443653,0.0,6.735281136173075,64.16620489371773,0.004412467528509355,0.00012773623963872635,0.0005057804372498849,0.0,4.244476067417396e-05,0.00040436607693429376,5181,2099,6220,0.15548148148148147,0.46074074074074073,1,0,0
flow,0.4,1.0,0,registered,during_vibration,flow_dump_0.4_1.0.shear.wave,2043,204300,204.3,0.20429999999999998,158683.45183699526,970.3038848600728,0.006114713750094119,6.114713750094118e+17,79,0.000497846493036661,4.97846493036661e+26,778.754063638717,28.07930397468106,109.49804457280378,0.0,0.0,53.97247267387104,0.004907594677475747,0.00017695168367981448,0.0006900407276574982,0.0,0.0,0.0003401266612810597,5219,2176,6105,0.16118518518518518,0.45222222222222225,1,0,0
flow,0.4,1.0,0,registered,during_vibration,flow_dump_0.4_1.0.shear.wave,2044,204400,204.4,0.2044,158683.45183699526,1138.7871013144315,0.007176470439300944,7.176470439300943e+17,97,0.000611279871196913,6.112798711969129e+26,900.9322060520884,46.59597170811169,125.8450189591736,17.775884297569874,0.0,47.638020297487934,0.005677543534769807,0.00029364102663947955,0.000793056979176667,0.00011202103364772927,0.0,0.00030020786506726135,5182,2132,6186,0.15792592592592591,0.4582222222222222,1,0,0
flow,0.4,1.0,0,registered,during_vibration,flow_dump_0.4_1.0.shear.wave,2045,204500,204.5,0.2045,158683.45183699526,968.4369207757044,0.006102948414372243,6.102948414372243e+17,85,0.0005356576190900784,5.356576190900784e+26,831.6605208447893,16.457123477281748,86.69773172707855,13.263484564363239,0.0,20.358060162191347,0.005241003464552169,0.00010371039504602555,0.0005463564771463205,8.358454779511551e-05,0.0,0.00012829352983261165,5077,2011,6412,0.14896296296296296,0.474962962962963,1,0,0
flow,0.4,1.0,0,registered,during_vibration,flow_dump_0.4_1.0.shear.wave,2046,204600,204.6,0.2046,158683.4518369953,947.2310525107287,0.005969312121365715,5.969312121365715e+17,73,0.0004600353669832437,4.600353669832437e+26,773.283098244309,21.929383048378863,88.48162566618217,13.563404245962921,0.0,49.973541305895864,0.004873117450448773,0.00013819577778598758,0.0005575983169125494,8.547459794292655e-05,0.0,0.00031492597827548067,5070,2018,6412,0.1494814814814815,0.474962962962963,1,0,0
flow,0.4,1.0,0,registered,during_vibration,flow_dump_0.4_1.0.shear.wave,2047,204700,204.70000000000002,0.2047,158683.45183699526,989.8509425175281,0.006237896460270695,6.237896460270696e+17,84,0.0005293557647478421,5.293557647478421e+26,838.3797056975725,12.715301914459221,69.84743533794722,0.0,0.0,68.90849956754919,0.005283346788792968,8.012998058247932e-05,0.000440168363678506,0.0,0.0,0.00043425132721674223,5152,2137,6211,0.1582962962962963,0.4600740740740741,1,0,0
flow,0.4,1.0,0,registered,during_vibration,flow_dump_0.4_1.0.shear.wave,2048,204800,204.8,0.20479999999999998,158683.45183699526,1056.0369201480753,0.006654990850796908,6.654990850796908e+17,86,0.0005419594734323146,5.419594734323146e+26,900.3910166048094,7.032546370632085,92.49310732548382,0.0,0.0,56.12024984714983,0.005674133037701499,4.431808288274534e-05,0.0005828780900260206,0.0,0.0,0.0003536616401866425,5192,2180,6128,0.16148148148148148,0.4539259259259259,1,0,0
flow,0.4,1.0,0,registered,during_vibration,flow_dump_0.4_1.0.shear.wave,2049,204900,204.9,0.2049,158683.45183699526,1068.3927324570748,0.0067328553802482325,6.732855380248233e+17,93,0.0005860724538279681,5.860724538279681e+26,887.3460598149504,24.248267241927845,82.4521913240459,7.885429955806746,0.0,66.46078412034373,0.005591925620111043,0.0001528090482102472,0.0005196016999223299,4.9692831007400274e-05,0.0,0.0004188261809972119,5152,2188,6160,0.16207407407407406,0.4562962962962963,1,0,0
flow,0.4,1.0,0,registered,during_vibration,flow_dump_0.4_1.0.shear.wave,2050,205000,205.0,0.205,158683.45183699526,1101.631351500308,0.006942320315995767,6.942320315995767e+17,93,0.0005860724538279681,5.860724538279681e+26,878.8344852578979,40.13229348542984,95.36263587086063,12.27820291987139,0.0,75.02373396624846,0.005538286917029413,0.00025290786796505424,0.0006009614409498742,7.73754463854489e-05,0.0,0.00047278864366597753,5063,2038,6399,0.15096296296296297,0.474,1,0,0
flow,0.4,1.0,0,registered,during_vibration,flow_dump_0.4_1.0.shear.wave,2051,205100,205.1,0.2051,158683.45183699526,929.1920848573822,0.005855633174730016,5.855633174730016e+17,74,0.00046633722132547996,4.6633722132548e+26,694.7980252516732,42.16220811718276,105.14550252716495,29.43162251656171,6.405628294065075,51.2490981507345,0.004378515952409404,0.0002657000943015352,0.0006626116416674234,0.0001854737981550516,4.036733647970516e-05,0.00032296435171689624,5063,1981,6456,0.14674074074074073,0.4782222222222222,1,0,0
flow,0.4,1.0,0,registered,during_vibration,flow_dump_0.4_1.0.shear.wave,2052,205200,205.20000000000002,0.2052,158683.45183699526,887.2131878075911,0.005591088280074504,5.591088280074504e+17,76,0.0004789409300099524,4.789409300099524e+26,676.883151796482,30.27011482443658,71.5950883329258,0.0,6.71299340433982,101.7518394494069,0.004265619029335196,0.0001907578545463645,0.0004511818182936339,0.0,4.230430663454198e-05,0.0006412252712647672,5184,2097,6219,0.15533333333333332,0.46066666666666667,1,0,0
flow,0.4,1.0,0,registered,during_vibration,flow_dump_0.4_1.0.shear.wave,2053,205300,205.3,0.20529999999999998,158683.45183699526,1063.9310003434164,0.006704738194353879,6.704738194353879e+17,80,0.0005041483473788973,5.041483473788973e+26,832.3492080418819,30.866147474033372,129.40795263238815,7.931678471555919,0.0,63.376013723557094,0.005245343470955609,0.00019451396548734063,0.0008155100682163138,4.9984282417196184e-05,0.0,0.0003993864072774203,5207,2164,6129,0.1602962962962963,0.454,1,0,0
flow,0.4,1.0,0,registered,during_vibration,flow_dump_0.4_1.0.shear.wave,2054,205400,205.4,0.2054,158683.45183699526,1228.8812611166898,0.007744230711460929,7.744230711460929e+17,97,0.000611279871196913,6.112798711969129e+26,981.4318702201973,62.28942530230536,126.69706234207935,8.060361094289366,0.0,50.402542157817905,0.006184840692956161,0.00039253888531673144,0.0007984264324690054,5.0795221562039295e-05,0.0,0.0003176294791569887,5184,2121,6195,0.15711111111111112,0.4588888888888889,1,0,0
flow,0.4,1.0,0,registered,during_vibration,flow_dump_0.4_1.0.shear.wave,2055,205500,205.5,0.2055,158683.45183699526,960.9275307901514,0.006055625332484241,6.055625332484241e+17,82,0.0005167520560633698,5.167520560633698e+26,804.385530047862,21.621770336494013,104.15653589725501,12.960186422842098,0.0,17.803508085698212,0.005069120445364099,0.000136257247281869,0.0006563793180163988,8.167320708497832e-05,0.0,0.00011219511473689486,5063,2003,6434,0.14837037037037037,0.47659259259259257,1,0,0
flow,0.4,1.0,0,registered,during_vibration,flow_dump_0.4_1.0.shear.wave,2056,205600,205.6,0.20559999999999998,158683.45183699526,1011.9034243887634,0.0063768679889080245,6.376867988908024e+17,81,0.0005104502017211335,5.104502017211335e+26,840.7504778913053,24.845099537079278,68.59585174354476,18.375555657065263,0.0,59.336439559768465,0.005298287049836496,0.00015657019840103405,0.0004322810661694492,0.00011580007520848,0.0,0.00037392959929256366,5076,2005,6419,0.14851851851851852,0.4754814814814815,1,0,0
flow,0.4,1.0,0,registered,during_vibration,flow_dump_0.4_1.0.shear.wave,2057,205700,205.70000000000002,0.2057,158683.4518369953,974.1961688670909,0.0061392423569649615,6.139242356964961e+17,79,0.000497846493036661,4.97846493036661e+26,851.8051739955263,22.491882077528476,56.41368196824904,0.0,0.0,43.48543082578749,0.005367952134482982,0.00014174056473533774,0.00035551080667314307,0.0,0.0,0.00027403885107350144,5140,2127,6233,0.15755555555555556,0.4617037037037037,1,0,0
flow,0.4,1.0,0,registered,during_vibration,flow_dump_0.4_1.0.shear.wave,2058,205800,205.8,0.20579999999999998,158683.45183699526,1027.8546328740636,0.006477390181365029,6.477390181365029e+17,87,0.0005482613277745507,5.4826132777455075e+26,881.6854349660032,6.860754941173604,89.18098804031592,0.0,0.0,50.127454926570614,0.005556253186826934,4.323547831705345e-05,0.0005620055967267809,0.0,0.0,0.0003158959194942592,5188,2176,6136,0.16118518518518518,0.45451851851851854,1,0,0
flow,0.4,1.0,0,registered,during_vibration,flow_dump_0.4_1.0.shear.wave,2059,205900,205.9,0.2059,158683.45183699526,1097.4522923847808,0.00691598449416212,6.91598449416212e+17,87,0.0005482613277745507,5.4826132777455075e+26,917.9344156056319,35.85336502560551,99.70200624733519,7.4764208114681745,0.0,36.48608469473992,0.005784688982872415,0.00022594268407039218,0.0006283075209994316,4.711531495513593e-05,0.0,0.00022992999126474512,5153,2190,6157,0.1622222222222222,0.4560740740740741,1,0,0
flow,0.4,1.0,0,registered,during_vibration,flow_dump_0.4_1.0.shear.wave,2060,206000,206.0,0.206,158683.45183699526,1071.0609498105307,0.0067496700973631385,6.749670097363139e+17,90,0.0005671668908012594,5.671668908012594e+26,864.5659287633069,45.786484791975184,92.03278309988632,14.349391717644584,0.0,54.32636143771744,0.005448368552326533,0.00028853975800204127,0.0005799771938061024,9.042777650428692e-05,0.0,0.00034235681672417374,5057,2052,6391,0.152,0.4734074074074074,1,0,0
flow,0.4,1.0,0,registered,during_vibration,flow_dump_0.4_1.0.shear.wave,2061,206100,206.1,0.20609999999999998,158683.4518369953,963.945762502877,0.0060746457891089544,6.074645789108955e+17,71,0.00044743165829877127,4.4743165829877125e+26,743.1565049588419,39.30745539418085,111.13995912823033,12.446644737174118,0.0,57.89519828445001,0.004683264047735967,0.0002477098584580749,0.0007003878340281937,7.843694218323225e-05,0.0,0.00036484710670348796,5068,1986,6446,0.1471111111111111,0.4774814814814815,1,0,0
flow,0.4,1.0,0,registered,during_vibration,flow_dump_0.4_1.0.shear.wave,2062,206200,206.20000000000002,0.2062,158683.45183699526,964.2361636903958,0.006076475855093511,6.076475855093512e+17,74,0.00046633722132547996,4.6633722132548e+26,778.5038085762981,28.19232930190074,87.96485333426298,0.0,0.0,69.57517247793413,0.0049060176065239755,0.0001776639528289365,0.0005543416929486971,0.0,0.0,0.00043845260279190286,5166,2084,6250,0.15437037037037038,0.46296296296296297,1,0,0
flow,0.4,1.0,0,registered,during_vibration,flow_dump_0.4_1.0.shear.wave,2063,206300,206.3,0.20629999999999998,158683.45183699526,998.1375397942621,0.006290117389301445,6.290117389301445e+17,84,0.0005293557647478421,5.293557647478421e+26,762.5284589832532,44.99286086849384,105.88076790813167,3.507017705280803,0.0,81.22843432910265,0.0048053432803223045,0.00028353845563374786,0.0006672451770011646,2.210071475432312e-05,0.0,0.0005118897615899048,5221,2190,6089,0.1622222222222222,0.451037037037037,1,0,0
flow,0.4,1.0,0,registered,during_vibration,flow_dump_0.4_1.0.shear.wave,2064,206400,206.4,0.2064,158683.45183699526,1103.3719855066554,0.006953289537966911,6.953289537966911e+17,93,0.0005860724538279681,5.860724538279681e+26,868.011465336737,73.76060927576862,123.29055119443277,7.371212269301116,0.0,30.93814743041625,0.005470081821943137,0.00046482861585049135,0.0007769590954013326,4.6452306046840114e-05,0.0,0.0001949676987251129,5184,2133,6183,0.158,0.458,1,0,0
flow,0.4,1.0,0,registered,during_vibration,flow_dump_0.4_1.0.shear.wave,2065,206500,206.5,0.2065,158683.4518369953,1049.406071595433,0.006613204209052728,6.613204209052728e+17,86,0.0005419594734323145,5.4195947343231446e+26,892.3142122480537,29.49447706553409,88.17821158155311,14.343690218380662,0.0,25.075480481911512,0.005623234193094484,0.00018586989836742246,0.0005556862455458342,9.039184648639329e-05,0.0,0.0001580220255585935,5088,2021,6391,0.1497037037037037,0.4734074074074074,1,0,0
flow,0.4,1.0,0,registered,during_vibration,flow_dump_0.4_1.0.shear.wave,2066,206600,206.6,0.20659999999999998,158683.45183699526,922.3274871177848,0.005812373479657029,5.812373479657029e+17,80,0.0005041483473788973,5.041483473788973e+26,794.1344940009681,23.371195356923728,64.15945063722855,5.118341837932615,0.0,35.544005284732,0.005004519909339561,0.0001472818689432807,0.00040432351259370885,3.225504473642494e-05,0.0,0.00022399314404405538,5081,2014,6405,0.1491851851851852,0.47444444444444445,1,0,0
flow,0.4,1.0,0,registered,during_vibration,flow_dump_0.4_1.0.shear.wave,2067,206700,206.70000000000002,0.2067,158683.45183699526,968.0788584510948,0.006100691957757111,6.100691957757111e+17,79,0.000497846493036661,4.97846493036661e+26,830.8755480900246,15.7184131432916,67.11341054791967,0.0,0.0,54.37148666985878,0.005236056680589018,9.905515012011498e-05,0.0004229389376836894,0.0,0.0,0.0003426411893642881,5145,2151,6204,0.15933333333333333,0.45955555555555555,1,0,0
flow,0.4,1.0,0,registered,during_vibration,flow_dump_0.4_1.0.shear.wave,2068,206800,206.8,0.20679999999999998,158683.45183699526,985.0694591215704,0.006207764248369549,6.207764248369549e+17,85,0.0005356576190900784,5.356576190900784e+26,839.6790661553542,7.077905473926273,74.7916808427278,0.0,0.0,63.52080664956186,0.00529153516913597,4.4603929344799765e-05,0.0004713262786818894,0.0,0.0,0.0004002988712068885,5193,2176,6131,0.16118518518518518,0.45414814814814813,1,0,0
flow,0.4,1.0,0,registered,during_vibration,flow_dump_0.4_1.0.shear.wave,2069,206900,206.9,0.2069,158683.4518369953,980.3907036506954,0.006178279412889153,6.178279412889152e+17,89,0.0005608650364590231,5.608650364590231e+26,813.9468901558649,25.482439711315934,85.7631793300468,7.622124308198983,0.0,47.5760701452688,0.005129374744078401,0.00016058662334552886,0.0005404670640650386,4.803351716868797e-05,0.0,0.00029981746423149696,5152,2185,6163,0.16185185185185186,0.45651851851851855,1,0,0
flow,0.4,1.0,0,registered,during_vibration,flow_dump_0.4_1.0.shear.wave,2070,207000,207.0,0.207,158683.45183699526,1027.7986267043686,0.006477037238641345,6.477037238641345e+17,89,0.0005608650364590232,5.6086503645902325e+26,854.4224915619217,23.053513730517793,93.48110393719433,15.958556987189501,0.0,40.88296048754518,0.0053844460885537826,0.00014527988560646577,0.0005891043007636432,0.00010056850164554427,0.0,0.00025763846207190827,5070,2046,6384,0.15155555555555555,0.4728888888888889,1,0,0
flow,0.4,1.0,0,registered,during_vibration,flow_dump_0.4_1.0.shear.wave,2071,207100,207.1,0.20709999999999998,158683.45183699526,858.8251540417367,0.005412191026219606,5.412191026219606e+17,71,0.0004474316582987713,4.474316582987713e+26,687.9854465484874,27.895318677968397,79.22860069941952,5.210570242151215,0.0,58.505217873710016,0.004335584073726907,0.00017579223513881817,0.0004992871013469362,3.2836254706027444e-05,0.0,0.00036869136130091533,5057,1961,6482,0.14525925925925925,0.48014814814814816,1,0,0
flow,0.4,1.0,0,registered,during_vibration,flow_dump_0.4_1.0.shear.wave,2072,207200,207.20000000000002,0.2072,158683.45183699526,876.2961348731399,0.005522290602635109,5.522290602635109e+17,76,0.0004789409300099524,4.789409300099524e+26,693.7764383398007,34.82427903368013,78.3208738654085,0.0,0.0,69.37454363425053,0.004372078060492849,0.00021945753404364272,0.0004935667390564596,0.0,0.0,0.0004371882690421575,5157,2075,6268,0.1537037037037037,0.4642962962962963,1,0,0
flow,0.4,1.0,0,registered,during_vibration,flow_dump_0.4_1.0.shear.wave,2073,207300,207.3,0.20729999999999998,158683.45183699526,1016.2758104321259,0.006404422128881322,6.404422128881322e+17,84,0.0005293557647478421,5.293557647478421e+26,780.0994335275161,49.34862499055371,115.15992951401535,0.0,0.0,71.6678224000408,0.00491607300255139,0.0003109878466801075,0.0007257211018595141,0.0,0.0,0.00045164017779031107,5223,2179,6098,0.16140740740740742,0.4517037037037037,1,0,0
flow,0.4,1.0,0,registered,during_vibration,flow_dump_0.4_1.0.shear.wave,2074,207400,207.4,0.2074,158683.45183699526,1113.2906127659996,0.007015795282230232,7.015795282230232e+17,92,0.0005797705994857318,5.7977059948573184e+26,922.6730982546471,57.83048021305591,108.33049927644335,7.453718276180904,0.0,17.002816745672746,0.005814551470700591,0.00036443926284425194,0.0006826830272618718,4.6972246884556076e-05,0.0,0.00010714927453896444,5196,2124,6180,0.15733333333333333,0.4577777777777778,1,0,0
flow,0.4,1.0,0,registered,during_vibration,flow_dump_0.4_1.0.shear.wave,2075,207500,207.5,0.2075,158683.45183699526,950.0534662171347,0.005987098561437018,5.987098561437018e+17,78,0.0004915446386944248,4.9154463869442485e+26,803.226050552542,21.314648486606963,96.54143101862587,18.741545380397874,0.0,10.22979077896167,0.005061813574471784,0.0001343218101185627,0.0006083900362704256,0.00011810648913567743,0.0,6.44666514405676e-05,5082,2025,6393,0.15,0.47355555555555556,1,0,0
flow,0.4,1.0,0,registered,during_vibration,flow_dump_0.4_1.0.shear.wave,2076,207600,207.6,0.20759999999999998,158683.4518369953,873.1712215313988,0.005502597853923346,5.502597853923346e+17,69,0.0004348279496142988,4.348279496142988e+26,740.6048635195949,22.65453310365381,74.78939556254991,0.0,0.0,35.12242934560005,0.004667183975052219,0.00014276556781059484,0.00047131187717907707,0.0,0.0,0.00022133643388145432,5076,2001,6423,0.14822222222222223,0.4757777777777778,1,0,0
flow,0.4,1.0,0,registered,during_vibration,flow_dump_0.4_1.0.shear.wave,2077,207700,207.70000000000002,0.2077,158683.45183699526,937.77040219985,0.005909692481123727,5.909692481123727e+17,74,0.00046633722132547996,4.6633722132548e+26,776.5600503915846,17.22796757730766,73.57034318825542,0.0,0.0,70.41204104270257,0.004893768325567382,0.00010856814228496102,0.000463629586680716,0.0,0.0,0.0004437264265906698,5144,2149,6207,0.15918518518518518,0.4597777777777778,1,0,0
flow,0.4,1.0,0,registered,during_vibration,flow_dump_0.4_1.0.shear.wave,2078,207800,207.8,0.20779999999999998,158683.45183699526,964.8767351107497,0.006080512642880381,6.08051264288038e+17,77,0.00048524278435218865,4.852427843521887e+26,825.8008123093338,14.267570217693185,84.45725602537304,0.0,0.0,40.351096558349894,0.005204076434873769,8.991214932952992e-05,0.0005322373256168529,0.0,0.0,0.00025428673306023014,5190,2166,6144,0.16044444444444445,0.45511111111111113,1,0,0
flow,0.4,1.0,0,registered,during_vibration,flow_dump_0.4_1.0.shear.wave,2079,207900,207.9,0.2079,158683.45183699526,992.58025519,0.006255096191187033,6.255096191187034e+17,90,0.0005671668908012594,5.671668908012594e+26,819.2468721881446,14.477073200249544,81.54390050334649,15.835349311019197,0.0,61.477059987240224,0.005162774458862297,9.123240660986414e-05,0.0005138777834698921,9.97920648164736e-05,0.0,0.00038741947742850614,5140,2203,6157,0.16318518518518518,0.4560740740740741,1,0,0
flow,0.4,1.0,0,registered,during_vibration,flow_dump_0.4_1.0.shear.wave,2080,208000,208.0,0.208,158683.4518369953,1050.402265628947,0.006619482078748537,6.619482078748536e+17,88,0.0005545631821167869,5.5456318211678696e+26,872.5379285271656,41.91194682697711,93.38480096541076,11.757230741857008,0.0,30.81035856753623,0.0054986069336547105,0.00026412298410315903,0.0005884974134627384,7.40923556032447e-05,0.0,0.00019416239192468295,5082,2060,6358,0.15259259259259259,0.47096296296296297,1,0,0
flow,0.4,1.0,0,registered,during_vibration,flow_dump_0.4_1.0.shear.wave,2081,208100,208.1,0.20809999999999998,158683.45183699526,908.0211467147491,0.0057222170062666495,5.7222170062666496e+17,73,0.0004600353669832438,4.600353669832438e+26,727.0290311649752,37.696090330099274,89.28179189349336,6.638231709448826,0.0,47.37600161673209,0.004581631056978788,0.00023755527053206474,0.0005626408479266413,4.1833169322960225e-05,0.0,0.0002985566615061931,5059,1971,6470,0.146,0.4792592592592593,1,0,0
flow,0.4,1.0,0,registered,during_vibration,flow_dump_0.4_1.0.shear.wave,2082,208200,208.20000000000002,0.2082,158683.45183699526,859.7457309613936,0.005417992367878108,5.417992367878108e+17,74,0.00046633722132547996,4.6633722132548e+26,689.1222308795503,27.67590646103377,68.08194082468916,0.0,0.0,74.8656527961204,0.0043427479229998026,0.000174409531306789,0.00042904247441393644,0.0,0.0,0.00047179243915758027,5146,2071,6283,0.1534074074074074,0.4654074074074074,1,0,0
flow,0.4,1.0,0,registered,during_vibration,flow_dump_0.4_1.0.shear.wave,2083,208300,208.3,0.20829999999999999,158683.45183699526,1055.6298216567363,0.006652425375401546,6.652425375401546e+17,85,0.0005356576190900784,5.356576190900784e+26,842.5753988689397,16.97346809722607,149.82855017537034,0.0,0.0,46.252404515200446,0.00530978743602364,0.000106964323631312,0.0009441976995136144,0.0,0.0,0.00029147591623298187,5216,2185,6099,0.16185185185185186,0.4517777777777778,1,0,0
flow,0.4,1.0,0,registered,during_vibration,flow_dump_0.4_1.0.shear.wave,2084,208400,208.4,0.2084,158683.4518369953,1005.5543890244561,0.006336857292828453,6.336857292828453e+17,88,0.0005545631821167869,5.5456318211678696e+26,827.2979050326228,38.792826854934624,112.80063902719833,0.0,0.0,26.66301810970061,0.005213510895152758,0.00024446674436338743,0.0007108531968605696,0.0,0.0,0.00016802645645173963,5164,2135,6201,0.15814814814814815,0.4593333333333333,1,0,0
flow,0.4,1.0,0,registered,during_vibration,flow_dump_0.4_1.0.shear.wave,2085,208500,208.5,0.2085,158683.45183699526,929.7329194190687,0.005859041435361012,5.859041435361011e+17,77,0.00048524278435218865,4.852427843521887e+26,764.9790050040245,28.31759114679216,105.50934208456287,11.282316044377342,0.0,19.644665139311495,0.004820786264404152,0.000178453334730082,0.0006649045055620888,7.109951235474068e-05,0.0,0.00012379781830994656,5052,2018,6430,0.1494814814814815,0.4762962962962963,1,0,0
flow,0.4,1.0,0,registered,during_vibration,flow_dump_0.4_1.0.shear.wave,2086,208600,208.6,0.20859999999999998,158683.45183699526,875.8801935418812,0.005519669400950601,5.5196694009506016e+17,72,0.00045373351264100755,4.5373351264100753e+26,720.9032551809099,22.198809767821334,80.11774418452006,0.0,0.0,52.66038440862986,0.00454302730899404,0.0001398936657278206,0.0005048903540793881,0.0,0.0,0.0003318580721493524,5065,1982,6453,0.14681481481481481,0.478,1,0,0
flow,0.4,1.0,0,registered,during_vibration,flow_dump_0.4_1.0.shear.wave,2087,208700,208.70000000000002,0.2087,158683.45183699526,950.2756140483082,0.0059884985047115175,5.988498504711517e+17,78,0.0004915446386944248,4.9154463869442485e+26,834.0625792187429,13.92068956602768,42.572989716260075,0.0,0.0,59.71935554727719,0.005256140886546373,8.772615798859392e-05,0.0002682887801053913,0.0,0.0,0.0003763426800711572,5157,2137,6206,0.1582962962962963,0.4597037037037037,1,0,0
flow,0.4,1.0,0,registered,during_vibration,flow_dump_0.4_1.0.shear.wave,2088,208800,208.8,0.20879999999999999,158683.4518369953,948.511356501574,0.005977380410629807,5.977380410629807e+17,73,0.0004600353669832437,4.600353669832437e+26,798.4340385340894,14.685672238932153,90.35633217240812,0.0,0.0,45.03531355614463,0.0050316150127252485,9.254696736757242e-05,0.0005694124442492278,0.0,0.0,0.0002838059862877595,5193,2171,6136,0.16081481481481483,0.45451851851851854,1,0,0
flow,0.4,1.0,0,registered,during_vibration,flow_dump_0.4_1.0.shear.wave,2089,208900,208.9,0.2089,158683.45183699526,1002.962365317421,0.006320522736975096,6.320522736975096e+17,87,0.0005482613277745507,5.4826132777455075e+26,821.708626556936,20.72220304282626,94.82845804210896,8.110748442603906,0.0,57.59232923294613,0.005178288076320784,0.0001305883052261352,0.0005975951300802292,5.111275529180906e-05,0.0,0.0003629384700561393,5157,2202,6141,0.16311111111111112,0.4548888888888889,1,0,0
flow,0.4,1.0,0,registered,during_vibration,flow_dump_0.4_1.0.shear.wave,2090,209000,209.0,0.209,158683.45183699526,1066.393645178398,0.0067202574234005935,6.720257423400594e+17,86,0.0005419594734323146,5.419594734323146e+26,853.4714206482823,42.65172475166193,93.31817585018541,11.566741583489065,0.0,65.38558234477915,0.0053784525781868904,0.0002687849568301246,0.0005880775516910537,7.289192067343477e-05,0.0,0.0004120504160190902,5075,2059,6366,0.15251851851851853,0.47155555555555556,1,0,0
flow,0.4,1.0,0,registered,during_vibration,flow_dump_0.4_1.0.shear.wave,2091,209100,209.1,0.20909999999999998,158683.45183699526,869.870047938436,0.005481794338782058,5.4817943387820576e+17,67,0.00042222424092982645,4.2222424092982644e+26,702.3066122359775,14.987617009252844,87.16921890101987,6.800640310348074,0.0,58.60595948183743,0.004425833973900501,9.44497793295334e-05,0.0005493277206407313,4.285664466975366e-05,0.0,0.00036932622024153693,5026,1961,6513,0.14525925925925925,0.48244444444444445,1,0,0
flow,0.4,1.0,0,registered,during_vibration,flow_dump_0.4_1.0.shear.wave,2092,209200,209.20000000000002,0.2092,158683.45183699526,941.7988066530195,0.005935078899219217,5.935078899219217e+17,71,0.0004474316582987713,4.474316582987713e+26,749.2316329987378,18.19870431286715,89.06685217348141,11.42828904925409,0.0,73.87332811867886,0.004721548619753827,0.00011468558379711481,0.0005612863291187649,7.201941296937249e-05,0.0,0.0004655389535801371,5125,2088,6287,0.15466666666666667,0.46570370370370373,1,0,0
flow,0.4,1.0,0,registered,during_vibration,flow_dump_0.4_1.0.shear.wave,2093,209300,209.3,0.20929999999999999,158683.45183699526,963.218640651544,0.006070063573112797,6.070063573112797e+17,83,0.0005230539104056059,5.2305391040560594e+26,768.372162882126,26.16591295840413,98.77180885375496,0.0,0.0,69.90875595725888,0.004842169451112158,0.00016489377219549396,0.0006224455525155612,0.0,0.0,0.00044055479728958376,5212,2189,6099,0.16214814814814815,0.4517777777777778,1,0,0
flow,0.4,1.0,0,registered,during_vibration,flow_dump_0.4_1.0.shear.wave,2094,209400,209.4,0.2094,158683.45183699526,996.5823118904367,0.006280316569582556,6.280316569582556e+17,82,0.0005167520560633698,5.167520560633698e+26,803.0307887113187,27.4471631294398,111.84530627823494,8.917667365621057,0.0,45.34138640582234,0.005060583062789797,0.00017296802414932597,0.0007048328290282344,5.6197840810657255e-05,0.0,0.00028573481280454166,5166,2143,6191,0.15874074074074074,0.4585925925925926,1,0,0
flow,0.4,1.0,0,registered,during_vibration,flow_dump_0.4_1.0.shear.wave,2095,209500,209.5,0.2095,158683.45183699526,962.3945252148166,0.006064870117669353,6.064870117669353e+17,81,0.0005104502017211335,5.104502017211335e+26,803.0365010740046,30.653956160231996,93.54648756667439,15.435344315239455,0.0,19.722236098666436,0.005060619061267394,0.00019317676673507662,0.0005895163388729931,9.727129159690284e-05,0.0,0.00012428665919698891,5044,2037,6419,0.15088888888888888,0.4754814814814815,1,0,0
flow,0.4,1.0,0,registered,during_vibration,flow_dump_0.4_1.0.shear.wave,2096,209600,209.6,0.20959999999999998,158683.45183699526,838.9957450356856,0.005287228978970844,5.287228978970844e+17,68,0.0004285260952720627,4.2852609527206266e+26,692.4146609046752,22.739552022487942,77.03631065927092,0.0,0.0,46.80522144925154,0.004363496337450145,0.00014330134465342196,0.00048547160883798455,0.0,0.0,0.0002949596880292935,5059,1982,6459,0.14681481481481481,0.47844444444444445,1,0,0
flow,0.4,1.0,0,registered,during_vibration,flow_dump_0.4_1.0.shear.wave,2097,209700,209.70000000000002,0.2097,158683.45183699526,985.561863931368,0.006210867311758309,6.210867311758309e+17,81,0.0005104502017211335,5.104502017211335e+26,844.9152233261746,18.63052760177124,42.459400153842715,4.782619843995626,0.0,74.77409300558409,0.005324532668939536,0.00011740687126537378,0.0002675729552282388,3.013937363114893e-05,0.0,0.0004712154426940148,5138,2146,6216,0.15896296296296297,0.46044444444444443,1,0,0
flow,0.4,1.0,0,registered,during_vibration,flow_dump_0.4_1.0.shear.wave,2098,209800,209.8,0.2098,158683.45183699526,968.0556407764756,0.006100545643353495,6.100545643353495e+17,81,0.0005104502017211335,5.104502017211335e+26,798.0077013827828,10.285123615302258,92.68987750023335,0.0,0.0,67.07293827815705,0.005028928298097032,6.481535091552878e-05,0.0005841181070061885,0.0,0.0,0.00042268388733474575,5186,2196,6118,0.16266666666666665,0.4531851851851852,1,0,0
flow,0.4,1.0,0,registered,during_vibration,flow_dump_0.4_1.0.shear.wave,2099,209900,209.9,0.2099,158683.4518369953,1033.931279940307,0.006515684326065671,6.51568432606567e+17,88,0.0005545631821167869,5.5456318211678696e+26,840.9045951026916,39.56080213868329,83.731934475819,7.2068313378269995,0.0,62.52711688528625,0.005299258274054283,0.00024930641274000903,0.0005276664548602782,4.5416401360049105e-05,0.0,0.0003940367830510525,5155,2221,6124,0.1645185185185185,0.4536296296296296,1,0,0
flow,0.4,1.0,0,registered,during_vibration,flow_dump_0.4_1.0.shear.wave,2100,210000,210.0,0.21,158683.45183699526,1075.626711166713,0.0067784428603912105,6.77844286039121e+17,90,0.0005671668908012594,5.671668908012594e+26,851.6470153975399,45.34736919458443,99.47294759828793,5.378891947877566,0.0,73.78048702842318,0.005366955442035501,0.00028577251546788073,0.0006268640267573064,3.389699357815166e-05,0.0,0.00046495388255237145,5076,2069,6355,0.15325925925925926,0.47074074074074074,1,0,0
flow,0.4,1.0,0,registered,during_vibration,flow_dump_0.4_1.0.shear.wave,2101,210100,210.1,0.21009999999999998,158683.45183699526,858.5040458884295,0.005410167449409359,5.4101674494093594e+17,68,0.0004285260952720627,4.2852609527206266e+26,695.3780602580069,15.232592224396797,73.70831578684081,4.204505509923015,0.0,69.98057210926183,0.004382171248532718,9.599357745282857e-05,0.00046449906990022103,2.649618130466445e-05,0.0,0.0004410073722189263,5033,1970,6497,0.14592592592592593,0.4812592592592593,1,0,0
flow,0.4,1.0,0,registered,during_vibration,flow_dump_0.4_1.0.shear.wave,2102,210200,210.20000000000002,0.2102,158683.45183699526,883.2230818726736,0.005565943213662561,5.565943213662561e+17,76,0.0004789409300099524,4.789409300099524e+26,694.9356820997485,33.742603134342154,85.26416720861776,0.0,0.0,69.28062942996522,0.0043793834458151866,0.00021264097008050746,0.0005373223623607827,0.0,0.0,0.0004365964354060845,5122,2094,6284,0.15511111111111112,0.4654814814814815,1,0,0
flow,0.4,1.0,0,registered,during_vibration,flow_dump_0.4_1.0.shear.wave,2103,210300,210.3,0.2103,158683.4518369953,1134.134697483887,0.007147151668019589,7.147151668019589e+17,87,0.0005482613277745506,5.482613277745507e+26,866.8550791678964,27.37203710764898,146.51934215154185,6.928466653708959,0.0,86.45977240309026,0.005462794444743725,0.00017249459090268852,0.0009233435525592877,4.366218766671462e-05,0.0,0.0005448568921471692,5185,2192,6123,0.16237037037037036,0.45355555555555555,1,0,0
flow,0.4,1.0,0,registered,during_vibration,flow_dump_0.4_1.0.shear.wave,2104,210400,210.4,0.2104,158683.45183699526,1109.5307419146438,0.006992101123779368,6.992101123779369e+17,90,0.0005671668908012594,5.671668908012594e+26,871.4748986796034,27.50477438874865,132.45231832686397,10.228767481848516,0.0,67.86998303757917,0.005491907874393925,0.00017333108191396315,0.0008346952173874013,6.446020277121168e-05,0.0,0.0004277067473128666,5142,2145,6213,0.15888888888888889,0.4602222222222222,1,0,0
flow,0.4,1.0,0,registered,during_vibration,flow_dump_0.4_1.0.shear.wave,2105,210500,210.5,0.2105,158683.45183699526,960.7987165614475,0.006054813563977741,6.054813563977741e+17,80,0.0005041483473788973,5.041483473788973e+26,792.6615002695493,32.10111814043877,97.03822930151362,13.325039010969412,0.0,25.67282983897656,0.0049952373173971325,0.00020229657074396183,0.0006115207866866573,8.397245495174456e-05,0.0,0.00016178643419824593,5048,2050,6402,0.15185185185185185,0.4742222222222222,1,0,0
flow,0.4,1.0,0,registered,during_vibration,flow_dump_0.4_1.0.shear.wave,2106,210600,210.6,0.21059999999999998,158683.45183699526,925.8934070851019,0.005834845387887134,5.834845387887133e+17,69,0.0004348279496142989,4.3482794961429895e+26,797.7671325588861,22.084402604908966,72.93207996804618,0.0,0.0,33.10979195326079,0.005027412268409552,0.00013917268845143837,0.00045960734483495075,0.0,0.0,0.00020865308619119423,5057,2004,6439,0.14844444444444443,0.476962962962963,1,0,0
flow,0.4,1.0,0,registered,during_vibration,flow_dump_0.4_1.0.shear.wave,2107,210700,210.70000000000002,0.2107,158683.4518369953,1007.7987071443573,0.006351000658717711,6.351000658717711e+17,81,0.0005104502017211334,5.1045020172113336e+26,829.5374069391312,19.702791643121607,77.0203549488977,5.400021784977965,0.0,76.13813182822909,0.005227623909966734,0.00012416412307038132,0.00048537105827528554,3.403015073383354e-05,0.0,0.00047981141667147886,5132,2156,6212,0.1597037037037037,0.46014814814814814,1,0,0
flow,0.4,1.0,0,registered,during_vibration,flow_dump_0.4_1.0.shear.wave,2108,210800,210.8,0.2108,158683.45183699526,911.9190483150187,0.0057467810143919185,5.746781014391919e+17,76,0.0004789409300099524,4.789409300099524e+26,772.0759729237711,8.472479930461144,83.67460144771933,0.0,0.0,47.695994013067086,0.004865510322505919,5.3392334439285754e-05,0.0005273051504681948,0.0,0.0,0.0003005732069785194,5188,2196,6116,0.16266666666666665,0.453037037037037,1,0,0
flow,0.4,1.0,0,registered,during_vibration,flow_dump_0.4_1.0.shear.wave,2109,210900,210.9,0.2109,158683.45183699526,996.4255768847821,0.0062793288484065905,6.279328848406591e+17,84,0.0005293557647478421,5.293557647478421e+26,812.1605296952487,40.584806943271694,82.42998834671252,7.57659617752315,0.0,53.673655722025984,0.005118117360652868,0.0002557595418642752,0.000519461779993211,4.774660552069458e-05,0.0,0.00033824356037554117,5144,2215,6141,0.16407407407407407,0.4548888888888889,1,0,0
flow,0.4,1.0,0,registered,during_vibration,flow_dump_0.4_1.0.shear.wave,2110,211000,211.0,0.211,158683.45183699526,1109.5137196863905,0.006991993852176336,6.991993852176335e+17,86,0.0005419594734323146,5.419594734323146e+26,854.8956263964919,45.548528309250656,84.66949069906404,15.087350538810131,0.0,109.31272374277418,0.005387427715365482,0.00028704019090812044,0.0005335747976168257,9.507828550584054e-05,0.0,0.0006888728627800694,5076,2078,6346,0.15392592592592594,0.4700740740740741,1,0,0
flow,0.4,1.0,0,registered,during_vibration,flow_dump_0.4_1.0.shear.wave,2111,211100,211.1,0.21109999999999998,158683.45183699526,902.194974665924,0.005685501318642146,5.685501318642145e+17,71,0.0004474316582987713,4.474316582987713e+26,704.4371398053121,28.803541935123157,96.81337266703746,6.795677367765892,0.0,65.34524289068541,0.004439260248314566,0.0001815157258156388,0.0006101037729283029,4.2825368928491866e-05,0.0,0.0004117962026551461,5033,1999,6468,0.14807407407407408,0.4791111111111111,1,0,0
flow,0.4,1.0,0,registered,during_vibration,flow_dump_0.4_1.0.shear.wave,2112,211200,211.20000000000002,0.2112,158683.45183699526,946.6410488147606,0.0059655940040123446,5.965594004012344e+17,72,0.00045373351264100755,4.5373351264100753e+26,749.3341787383317,24.67669873682523,74.62879885979245,0.0,0.0,98.0013724798111,0.004722194848068164,0.00015550896108671702,0.00047029982015045626,0.0,0.0,0.0006175903747070063,5115,2113,6272,0.15651851851851853,0.4645925925925926,1,0,0
flow,0.4,1.0,0,registered,during_vibration,flow_dump_0.4_1.0.shear.wave,2113,211300,211.3,0.2113,158683.45183699526,979.3127154309802,0.0061714860881458625,6.171486088145862e+17,80,0.0005041483473788973,5.041483473788973e+26,760.0162144274295,27.62612200795389,99.69974336245943,0.0,0.0,91.97063563313759,0.004789511481059428,0.00017409579693497171,0.0006282932606285513,0.0,0.0,0.0005795855495229129,5175,2213,6112,0.16392592592592592,0.4527407407407407,1,0,0
flow,0.4,1.0,0,registered,during_vibration,flow_dump_0.4_1.0.shear.wave,2114,211400,211.4,0.21139999999999998,158683.45183699526,1127.41680471226,0.007104816486286036,7.104816486286035e+17,86,0.0005419594734323146,5.419594734323146e+26,891.4693607771221,42.54341206709263,120.85907972588528,8.557484416122833,0.0,63.98746772603729,0.005617910062183851,0.00026810238606855233,0.0007616363163692432,5.392802032636242e-05,0.0,0.0004032397013380278,5130,2134,6236,0.15807407407407406,0.4619259259259259,1,0,0
flow,0.4,1.0,0,registered,during_vibration,flow_dump_0.4_1.0.shear.wave,2115,211500,211.5,0.2115,158683.45183699526,973.5640567872506,0.006135258878709841,6.135258878709841e+17,81,0.0005104502017211335,5.104502017211335e+26,825.509721493652,30.436170364795554,94.63903611546047,11.380202692799706,0.0,11.598926120542915,0.00520224202295298,0.0001918043123744281,0.0005964014206892647,7.17163797551481e-05,0.0,7.309474293802043e-05,5041,2039,6420,0.15103703703703703,0.47555555555555556,1,0,0
flow,0.4,1.0,0,registered,during_vibration,flow_dump_0.4_1.0.shear.wave,2116,211600,211.6,0.21159999999999998,158683.45183699526,893.7188964592477,0.00563208630839027,5.6320863083902694e+17,73,0.0004600353669832438,4.600353669832438e+26,748.2517918389461,23.6554147586226,83.76266981307081,3.6587467139349155,0.0,34.3902733346734,0.0047153738034862915,0.0001490729782140245,0.0005278601444787987,2.3056888866353233e-05,0.0,0.00021672249334480194,5064,2012,6424,0.14903703703703702,0.47585185185185186,1,0,0
flow,0.4,1.0,0,registered,during_vibration,flow_dump_0.4_1.0.shear.wave,2117,211700,211.70000000000002,0.2117,158683.45183699526,1045.519185368904,0.006588709618208298,6.588709618208298e+17,87,0.0005482613277745507,5.4826132777455075e+26,894.9671396723853,20.515283764074308,53.28007987709323,0.0,0.0,76.75668205535108,0.005639952555303147,0.00012928433007083982,0.0003357633027281524,0.0,0.0,0.00048370943010615883,5136,2158,6206,0.15985185185185186,0.4597037037037037,1,0,0
flow,0.4,1.0,0,registered,during_vibration,flow_dump_0.4_1.0.shear.wave,2118,211800,211.8,0.2118,158683.4518369953,954.6019427394741,0.006015762397959881,6.015762397959881e+17,81,0.0005104502017211334,5.1045020172113336e+26,801.689273531397,8.761199156511081,88.5118943142807,0.0,0.0,55.63957573728531,0.005052129029528031,5.5211800947655615e-05,0.0005577890655240027,0.0,0.0,0.0003506325019601922,5186,2200,6114,0.16296296296296298,0.4528888888888889,1,0,0
flow,0.4,1.0,0,registered,during_vibration,flow_dump_0.4_1.0.shear.wave,2119,211900,211.9,0.21189999999999998,158683.45183699526,1022.3717246213787,0.006442837692184764,6.442837692184764e+17,86,0.0005419594734323146,5.419594734323146e+26,830.0340926175862,33.2108653638473,87.16740271327491,7.70478038471425,0.0,64.25458354195591,0.005230753950766233,0.00020929003610258343,0.0005493162752901044,4.855440372338792e-05,0.0,0.00040492302630245453,5158,2247,6095,0.16644444444444445,0.4514814814814815,1,0,0
flow,0.4,1.0,0,registered,during_vibration,flow_dump_0.4_1.0.shear.wave,2120,212000,212.0,0.212,158683.45183699526,1100.0833711591788,0.006932565169361326,6.932565169361326e+17,88,0.000554563182116787,5.54563182116787e+26,878.6876141106919,40.2327926047998,95.02784828971902,23.053347894103844,0.0,63.08176825986419,0.0055373613564526445,0.00025354119877684674,0.0005988516583779302,0.00014527884052954043,0.0,0.0003975321152243639,5073,2071,6356,0.1534074074074074,0.4708148148148148,1,0,0
flow,0.4,1.0,0,registered,during_vibration,flow_dump_0.4_1.0.shear.wave,2121,212100,212.1,0.21209999999999998,158683.45183699526,915.2210881767645,0.005767589988632898,5.767589988632897e+17,72,0.00045373351264100755,4.5373351264100753e+26,711.4228051222128,29.58778183276845,93.39115044645331,5.99651756099802,6.27989603912358,68.54293717520852,0.0044832828936252865,0.00018645789141996967,0.0005885374269674175,3.7789180230071095e-05,3.957499012294295e-05,0.00043194760626721196,5027,2022,6451,0.1497777777777778,0.47785185185185186,1,0,0
flow,0.4,1.0,0,registered,during_vibration,flow_dump_0.4_1.0.shear.wave,2122,212200,212.20000000000002,0.2122,158683.4518369953,860.1444435613388,0.005420504996607376,5.420504996607376e+17,73,0.0004600353669832437,4.600353669832437e+26,656.6904078439547,26.143039186311587,75.5106983467064,0.0,0.0,101.80029818436586,0.0041383672981762975,0.0001647496250155092,0.0004758574222614807,0.0,0.0,0.0006415306511540874,5107,2121,6272,0.15711111111111112,0.4645925925925926,1,0,0
flow,0.4,1.0,0,registered,during_vibration,flow_dump_0.4_1.0.shear.wave,2123,212300,212.3,0.2123,158683.45183699526,969.5731660233018,0.00611010886641966,6.110108866419661e+17,85,0.0005356576190900784,5.356576190900784e+26,752.9719599515788,28.49530989398616,110.3697691786345,0.0,0.0,77.73612699910224,0.004745119615402971,0.00017957329238878328,0.0006955342091499866,0.0,0.0,0.0004898817494779184,5173,2195,6132,0.1625925925925926,0.45422222222222225,1,0,0
flow,0.4,1.0,0,registered,during_vibration,flow_dump_0.4_1.0.shear.wave,2124,212400,212.4,0.21239999999999998,158683.45183699526,955.5340721433034,0.00602163654169093,6.02163654169093e+17,78,0.0004915446386944248,4.9154463869442485e+26,783.6899300955901,29.81007682702976,96.54097252779178,7.905404580224866,0.0,37.587688112667166,0.004938699788939691,0.0001878587620948127,0.0006083871469279719,4.981870818102414e-05,0.0,0.00023687213554743217,5118,2140,6242,0.15851851851851853,0.4623703703703704,1,0,0
flow,0.4,1.0,0,registered,during_vibration,flow_dump_0.4_1.0.shear.wave,2125,212500,212.5,0.2125,158683.45183699526,951.0210611611772,0.005993196203836659,5.993196203836659e+17,83,0.0005230539104056059,5.2305391040560594e+26,805.1840796665001,29.734147824095885,80.68348210321199,11.620895512014677,0.0,23.798456055354958,0.005074152788745805,0.00018738026857797218,0.0005084555520388645,7.323319084306304e-05,0.0,0.00014997440363095641,5037,2048,6415,0.1517037037037037,0.4751851851851852,1,0,0
flow,0.4,1.0,0,registered,during_vibration,flow_dump_0.4_1.0.shear.wave,2126,212600,212.6,0.21259999999999998,158683.4518369953,906.4607802550573,0.005712383804117161,5.7123838041171603e+17,70,0.00044112980395653504,4.41129803956535e+26,760.2781709817052,19.913830226534145,72.70471508776524,0.0,0.0,53.5640639590526,0.004791162293108466,0.000125494057483639,0.0004581745244768802,0.0,0.0,0.000337552929048174,5058,2018,6424,0.1494814814814815,0.47585185185185186,1,0,0
flow,0.4,1.0,0,registered,during_vibration,flow_dump_0.4_1.0.shear.wave,2127,212700,212.70000000000002,0.2127,158683.45183699526,1129.789859338021,0.007119771130883751,7.119771130883752e+17,94,0.0005923743081702043,5.9237430817020434e+26,915.0463208663564,39.403494726992776,75.1677982366399,11.93820642732383,0.0,88.23403908070796,0.0057664886304989215,0.00024831508434458127,0.0004736965157139049,7.523283801254299e-05,0.0,0.0005560380623137994,5114,2154,6232,0.15955555555555556,0.4616296296296296,1,0,0
flow,0.4,1.0,0,registered,during_vibration,flow_dump_0.4_1.0.shear.wave,2128,212800,212.8,0.2128,158683.45183699526,948.4393945468227,0.005976926916872782,5.976926916872782e+17,80,0.0005041483473788973,5.041483473788973e+26,795.2723678008228,10.106645136077084,85.81313191284313,0.0,0.0,57.24724969707928,0.0050116906242860925,6.36906055362279e-05,0.0005407818579658397,0.0,0.0,0.00036076382908461997,5157,2195,6148,0.1625925925925926,0.4554074074074074,1,0,0
flow,0.4,1.0,0,registered,during_vibration,flow_dump_0.4_1.0.shear.wave,2129,212900,212.9,0.21289999999999998,158683.45183699526,948.9806638810248,0.005980337917376843,5.980337917376844e+17,82,0.0005167520560633698,5.167520560633698e+26,769.6931675618691,16.013722105519868,80.86432710451629,7.715979393430741,0.0,74.69346771568888,0.004850494230189312,0.00010091614418603446,0.0005095952108956057,4.8624978245096684e-05,0.0,0.0004707073538607946,5152,2239,6109,0.16585185185185186,0.45251851851851854,1,0,0
flow,0.4,1.0,0,registered,during_vibration,flow_dump_0.4_1.0.shear.wave,2130,213000,213.0,0.213,158683.4518369953,1087.6003438888115,0.006853898949753307,6.853898949753307e+17,86,0.0005419594734323145,5.4195947343231446e+26,897.4059016474331,10.069894327132298,88.36341880226335,4.5128342914164135,0.0,87.24829482056647,0.005655321278045282,6.34590072912985e-05,0.0005568533944738805,2.843922437515502e-05,0.0,0.0005498260455676923,5046,2058,6396,0.15244444444444444,0.4737777777777778,1,0,0
flow,0.4,1.0,0,registered,during_vibration,flow_dump_0.4_1.0.shear.wave,2131,213100,213.1,0.21309999999999998,158683.45183699526,877.4395640872511,0.005529496326993096,5.529496326993096e+17,66,0.0004159223865875903,4.159223865875903e+26,702.171762272863,15.379087410654861,83.15513314013026,13.810582894163572,0.0,62.9229983694395,0.004424984169074898,9.691676877846566e-05,0.0005240315368583605,8.703228178039791e-05,0.0,0.00039653157050097463,5021,2008,6471,0.14874074074074073,0.47933333333333333,1,0,0
flow,0.4,1.0,0,registered,during_vibration,flow_dump_0.4_1.0.shear.wave,2132,213200,213.20000000000002,0.2132,158683.45183699526,857.3067879860752,0.0054026225044986305,5.4026225044986304e+17,71,0.0004474316582987713,4.474316582987713e+26,680.077925065793,27.693534333148467,82.16121921669331,0.0,0.0,67.37410937044042,0.004285752025134863,0.0001745206195892194,0.0005177680360841404,0.0,0.0,0.0004245818236904077,5101,2119,6280,0.15696296296296297,0.4651851851851852,1,0,0
flow,0.4,1.0,0,registered,during_vibration,flow_dump_0.4_1.0.shear.wave,2133,213300,213.3,0.2133,158683.45183699526,1133.8768873462764,0.0071455269860844165,7.145526986084416e+17,85,0.0005356576190900784,5.356576190900784e+26,855.8588124192845,42.76219499084834,133.81716674034834,13.517639365444126,0.0,87.92107383035108,0.005393497573385599,0.00026948112418662937,0.0008432962932884119,8.518619433190728e-05,0.0,0.0005540658008918688,5169,2206,6125,0.16340740740740742,0.4537037037037037,1,0,0
flow,0.4,1.0,0,registered,during_vibration,flow_dump_0.4_1.0.shear.wave,2134,213400,213.4,0.21339999999999998,158683.45183699526,968.1787636148377,0.006101321545547056,6.101321545547057e+17,85,0.0005356576190900784,5.356576190900784e+26,785.3816093065602,22.725353641142863,107.62736669424145,8.14722139441094,0.0,44.297212578482345,0.004949360504921014,0.00014321186852228975,0.0006782519881455549,5.1342602521528375e-05,0.0,0.0002791545814366697,5108,2137,6255,0.1582962962962963,0.4633333333333333,1,0,0
flow,0.4,1.0,0,registered,during_vibration,flow_dump_0.4_1.0.shear.wave,2135,213500,213.5,0.2135,158683.45183699526,926.7492371662677,0.005840238704400345,5.840238704400344e+17,78,0.0004915446386944248,4.9154463869442485e+26,785.2624875781273,31.49924987051386,87.20467974520153,12.507461617102244,0.0,10.275358355322677,0.004948609817139434,0.00019850368457368135,0.0005495511897156168,7.882020130208859e-05,0.0,6.475381166952339e-05,5054,2051,6395,0.15192592592592594,0.4737037037037037,1,0,0
flow,0.4,1.0,0,registered,during_vibration,flow_dump_0.4_1.0.shear.wave,2136,213600,213.6,0.21359999999999998,158683.45183699526,1016.5764032839489,0.006406316421249828,6.406316421249828e+17,72,0.00045373351264100755,4.5373351264100753e+26,857.2194301832288,19.618273565341728,80.38655846820852,0.0,0.0,59.35214106716981,0.005402071988349436,0.00012363150245492673,0.0005065843825403053,0.0,0.0,0.0003740285479051605,5069,2028,6403,0.15022222222222223,0.47429629629629627,1,0,0
flow,0.4,1.0,0,registered,during_vibration,flow_dump_0.4_1.0.shear.wave,2137,213700,213.70000000000002,0.2137,158683.4518369953,1016.5187135539219,0.006405952868974153,6.405952868974153e+17,85,0.0005356576190900783,5.356576190900783e+26,866.9727224963904,19.57524169150906,59.255918443332405,0.0,0.0,70.71483092268998,0.005463535815864231,0.00012336032185395976,0.00037342216694530935,0.0,0.0,0.00044563456431065364,5136,2187,6177,0.162,0.45755555555555555,1,0,0
flow,0.4,1.0,0,registered,during_vibration,flow_dump_0.4_1.0.shear.wave,2138,213800,213.8,0.2138,158683.45183699526,956.3003278822121,0.006026465373746435,6.026465373746435e+17,81,0.0005104502017211335,5.104502017211335e+26,785.0814342188324,8.942518394825107,91.99191803044889,0.0,0.0,70.28445723810533,0.004947468845240986,5.635444837695584e-05,0.0005797196680908224,0.0,0.0,0.0004429224120376697,5182,2203,6115,0.16318518518518518,0.45296296296296296,1,0,0
flow,0.4,1.0,0,registered,during_vibration,flow_dump_0.4_1.0.shear.wave,2139,213900,213.9,0.21389999999999998,158683.45183699526,1024.8528241712197,0.00645847322015645,6.458473220156449e+17,86,0.0005419594734323146,5.419594734323146e+26,839.2662623455259,38.386732278187,75.35821852405313,8.219588017300755,0.0,63.62202300615283,0.005288933739654511,0.00024190759549155185,0.00047489651662898985,5.179864643821953e-05,0.0,0.00040093672194317664,5158,2231,6111,0.16525925925925927,0.45266666666666666,1,0,0
flow,0.4,1.0,0,registered,during_vibration,flow_dump_0.4_1.0.shear.wave,2140,214000,214.0,0.214,158683.45183699526,1020.008160356441,0.006427942854458612,6.427942854458612e+17,85,0.0005356576190900784,5.356576190900784e+26,864.2729758315186,0.0,92.16058961938336,9.403830190760189,0.0,54.170764714779,0.0054465224056212715,0.0,0.000580782611875961,5.926156812129412e-05,0.0,0.00034137626884008643,5085,2086,6329,0.15451851851851853,0.4688148148148148,1,0,0
flow,0.4,1.0,0,registered,during_vibration,flow_dump_0.4_1.0.shear.wave,2141,214100,214.1,0.21409999999999998,158683.4518369953,901.151478204864,0.005678925355937906,5.6789253559379066e+17,69,0.0004348279496142988,4.348279496142988e+26,735.0075808784794,15.724241796308949,93.69511885915337,5.812400829289851,0.0,50.91213584163263,0.004631910715135581,9.909188144244173e-05,0.0005904529916288939,3.662890340487763e-05,0.0,0.00032084086432611266,5043,2007,6450,0.14866666666666667,0.4777777777777778,1,0,0
flow,0.4,1.0,0,registered,during_vibration,flow_dump_0.4_1.0.shear.wave,2142,214200,214.20000000000002,0.2142,158683.45183699526,869.5992581380099,0.00548008786090241,5.48008786090241e+17,71,0.0004474316582987713,4.474316582987713e+26,687.420374495179,31.770120997833445,80.9588641473074,0.0,0.0,69.44989849769019,0.004332023071954089,0.00020021067496356668,0.000510190969569221,0.0,0.0,0.0004376631444155333,5109,2118,6273,0.15688888888888888,0.4646666666666667,1,0,0
flow,0.4,1.0,0,registered,during_vibration,flow_dump_0.4_1.0.shear.wave,2143,214300,214.3,0.2143,158683.45183699526,982.027169750441,0.006188592183885758,6.188592183885757e+17,80,0.0005041483473788973,5.041483473788973e+26,754.6208174800823,28.792051375497095,119.68531481473785,0.0,0.0,78.92898608012366,0.0047555104753787,0.00018144331398256458,0.0007542394208671642,0.0,0.0,0.0004973989736573292,5151,2206,6143,0.16340740740740742,0.455037037037037,1,0,0
flow,0.4,1.0,0,registered,during_vibration,flow_dump_0.4_1.0.shear.wave,2144,214400,214.4,0.21439999999999998,158683.45183699526,987.4290732003274,0.006222634192597765,6.222634192597765e+17,82,0.0005167520560633698,5.167520560633698e+26,791.5432945891422,25.23730219103682,114.0736454518721,7.512906963364713,0.0,49.061924004911475,0.004988190548074546,0.00015904180239891295,0.0007188754979255947,4.734524536989662e-05,0.0,0.0003091810988288146,5113,2147,6240,0.15903703703703703,0.4622222222222222,1,0,0
flow,0.4,1.0,0,registered,during_vibration,flow_dump_0.4_1.0.shear.wave,2145,214500,214.5,0.2145,158683.4518369953,969.6444597399415,0.006110558149037439,6.110558149037439e+17,81,0.0005104502017211334,5.1045020172113336e+26,837.26605111762,30.82426679140223,72.15463817543514,13.228759512538991,0.0,16.170744142945278,0.005276328699842542,0.0001942500395256457,0.0004547080198983489,8.336571557649247e-05,0.0,0.00010190567419441054,5042,2056,6402,0.1522962962962963,0.4742222222222222,1,0,0
flow,0.4,1.0,0,registered,during_vibration,flow_dump_0.4_1.0.shear.wave,2146,214600,214.6,0.21459999999999999,158683.45183699526,999.4160497916549,0.006298174373080107,6.298174373080106e+17,78,0.0004915446386944248,4.9154463869442485e+26,861.8906743738171,22.155751416685995,72.42811706336707,3.417180463380663,0.0,39.52432647440418,0.00543150948883554,0.00013962231827074884,0.00045643144401577275,2.1534573541360195e-05,0.0,0.0002490765484166858,5063,2021,6416,0.1497037037037037,0.47525925925925927,1,0,0
flow,0.4,1.0,0,registered,during_vibration,flow_dump_0.4_1.0.shear.wave,2147,214700,214.70000000000002,0.2147,158683.45183699526,965.3802077955605,0.006083685454405354,6.083685454405354e+17,83,0.0005230539104056059,5.2305391040560594e+26,822.6379179225443,11.565898146097467,69.28777874372022,0.0,0.0,61.88861298319847,0.005184144335148346,7.288660545384612e-05,0.0004366414893400155,0.0,0.0,0.00039001302446314595,5120,2177,6203,0.16125925925925927,0.4594814814814815,1,0,0
flow,0.4,1.0,0,registered,during_vibration,flow_dump_0.4_1.0.shear.wave,2148,214800,214.8,0.2148,158683.45183699526,935.514215037228,0.005895474318256061,5.89547431825606e+17,80,0.0005041483473788973,5.041483473788973e+26,776.0408358996791,9.67711411200901,78.99320005667553,0.0,0.0,70.80306496886433,0.004890496311467016,6.098376358707934e-05,0.0004978036407842948,0.0,0.0,0.0004461906024176706,5161,2198,6141,0.1628148148148148,0.4548888888888889,1,0,0
flow,0.4,1.0,0,registered,during_vibration,flow_dump_0.4_1.0.shear.wave,2149,214900,214.9,0.21489999999999998,158683.4518369953,1004.4065296220381,0.006329623650069048,6.329623650069047e+17,84,0.000529355764747842,5.29355764747842e+26,808.8602621190463,33.579619983118874,80.23691564357311,8.179820561613592,0.0,73.54991131468638,0.005097319555097235,0.00021161387400125964,0.000505641355256092,5.154803772491769e-05,0.0,0.0004635008279895449,5145,2225,6130,0.1648148148148148,0.4540740740740741,1,0,0
flow,0.4,1.0,0,registered,during_vibration,flow_dump_0.4_1.0.shear.wave,2150,215000,215.0,0.215,158683.45183699526,1020.3137983624703,0.00642986894065406,6.42986894065406e+17,81,0.0005104502017211335,5.104502017211335e+26,852.4402346014223,11.81986322588802,78.78321120777836,9.52608579867498,0.0,67.74440352870695,0.0053719541939198315,7.448705639470058e-05,0.000496480321645051,6.0032005154894676e-05,0.0,0.00042691536353958433,5049,2047,6404,0.15162962962962964,0.4743703703703704,1,0,0
flow,0.4,1.0,0,registered,during_vibration,flow_dump_0.4_1.0.shear.wave,2151,215100,215.1,0.21509999999999999,158683.45183699526,878.7390732817776,0.005537685644653398,5.537685644653398e+17,69,0.0004348279496142989,4.3482794961429895e+26,666.9078040617397,28.93452052986321,83.0321677536332,9.33020636318517,0.0,90.53437457335636,0.004202755840897694,0.00018234113384164142,0.0005232566269035193,5.879760148379843e-05,0.0,0.0005705344415267459,5039,2005,6456,0.14851851851851852,0.4782222222222222,1,0,0
flow,0.4,1.0,0,registered,during_vibration,flow_dump_0.4_1.0.shear.wave,2152,215200,215.20000000000002,0.2152,158683.45183699526,923.5920106022289,0.005820342322468333,5.820342322468333e+17,70,0.00044112980395653514,4.411298039565352e+26,750.9182526063963,25.095369027864002,77.08397472256243,6.6098967145135825,0.0,63.88451753089229,0.004732177450852051,0.00015814736027826501,0.0004857719808222068,4.1654606312090315e-05,0.0,0.00040259092420371923,5114,2112,6274,0.15644444444444444,0.46474074074074073,1,0,0
flow,0.4,1.0,0,registered,during_vibration,flow_dump_0.4_1.0.shear.wave,2153,215300,215.3,0.2153,158683.45183699526,1068.1432015267146,0.00673128287267122,6.73128287267122e+17,84,0.0005293557647478421,5.293557647478421e+26,825.9066684285394,28.858899516729466,123.73790264125174,0.0,0.0,89.63973094019362,0.005204743524718238,0.00018186458123166022,0.0007797782390589744,0.0,0.0,0.0005648965276623452,5160,2206,6134,0.16340740740740742,0.45437037037037037,1,0,0
flow,0.4,1.0,0,registered,during_vibration,flow_dump_0.4_1.0.shear.wave,2154,215400,215.4,0.21539999999999998,158683.45183699526,941.1123180021124,0.0059307527477336025,5.930752747733603e+17,82,0.0005167520560633698,5.167520560633698e+26,767.5834039519003,26.078230615088874,104.76372652597396,9.097526980511423,0.0,33.5894299286375,0.004837198807222738,0.00016434121083953523,0.0006602057449165565,5.733128990574704e-05,0.0,0.00021167569484902335,5108,2142,6250,0.15866666666666668,0.46296296296296297,1,0,0
flow,0.4,1.0,0,registered,during_vibration,flow_dump_0.4_1.0.shear.wave,2155,215500,215.5,0.2155,158683.45183699526,924.9480172771425,0.005828887679020739,5.82888767902074e+17,78,0.0004915446386944248,4.9154463869442485e+26,780.0997841415733,28.505229212605396,93.41855473652048,12.658445655435479,0.0,10.266003531007955,0.004916075212070109,0.00017963580248989594,0.0005887101248117732,7.977168071966723e-05,0.0,6.469485892929481e-05,5031,2053,6416,0.15207407407407408,0.47525925925925927,1,0,0
flow,0.4,1.0,0,registered,during_vibration,flow_dump_0.4_1.0.shear.wave,2156,215600,215.6,0.21559999999999999,158683.45183699526,868.8198308580801,0.005475176023713927,5.4751760237139264e+17,70,0.00044112980395653514,4.411298039565352e+26,744.5011977234082,33.04268536930341,67.39732471534067,0.0,0.0,23.87862305002762,0.004691738105673323,0.0002082301902736898,0.00042472812341247385,0.0,0.0,0.00015047960435443837,5062,2022,6416,0.1497777777777778,0.47525925925925927,1,0,0
flow,0.4,1.0,0,registered,during_vibration,flow_dump_0.4_1.0.shear.wave,2157,215700,215.70000000000002,0.2157,158683.45183699526,962.7330025757782,0.006067003152696278,6.067003152696278e+17,82,0.0005167520560633698,5.167520560633698e+26,811.175102922181,15.184256520517625,71.98012336345984,0.0,0.0,64.39351976961986,0.005111907344664056,9.568897288745258e-05,0.0004536082529727179,0.0,0.0,0.0004057985821720525,5115,2166,6219,0.16044444444444445,0.46066666666666667,1,0,0
flow,0.4,1.0,0,registered,during_vibration,flow_dump_0.4_1.0.shear.wave,2158,215800,215.8,0.2158,158683.45183699526,1007.2461867376776,0.006347518755593704,6.347518755593704e+17,80,0.0005041483473788973,5.041483473788973e+26,823.2572921348973,11.829885616903546,88.7299256937422,0.0,0.0,83.42908329213464,0.005188047541217931,7.455021604304136e-05,0.0005591630675194061,0.0,0.0,0.0005257579308133256,5162,2200,6138,0.16296296296296298,0.45466666666666666,1,0,0
flow,0.4,1.0,0,registered,during_vibration,flow_dump_0.4_1.0.shear.wave,2159,215900,215.9,0.21589999999999998,158683.45183699526,1046.7795687569262,0.006596652370734989,6.596652370734989e+17,85,0.0005356576190900784,5.356576190900784e+26,849.9524025473256,27.44724317060247,97.23053013522244,8.106198690728368,0.0,64.04319421304724,0.005356276238686968,0.0001729685285570745,0.0006127326385305808,5.108408341819609e-05,0.0,0.00040359088154216907,5128,2214,6158,0.164,0.45614814814814814,1,0,0
flow,0.4,1.0,0,registered,during_vibration,flow_dump_0.4_1.0.shear.wave,2160,216000,216.0,0.216,158683.4518369953,1067.7413979988492,0.006728750765364414,6.728750765364413e+17,85,0.0005356576190900783,5.356576190900783e+26,892.821207506228,9.640256711532182,76.54095668659912,18.73677042412083,0.0,70.00220667036899,0.005626429203363704,6.075149361784089e-05,0.0004823499602543587,0.00011807639805672895,0.0,0.00044114371007178177,5030,2048,6422,0.1517037037037037,0.4757037037037037,1,0,0
flow,0.4,1.0,0,registered,during_vibration,flow_dump_0.4_1.0.shear.wave,2161,216100,216.1,0.2161,158683.45183699526,877.2685312225962,0.0055284185027923045,5.5284185027923046e+17,70,0.00044112980395653514,4.411298039565352e+26,678.3704780016644,26.340850532738727,96.35176404714305,0.0,0.0,76.20543864104994,0.004274991942439646,0.00016599620330793468,0.0006071947826426078,0.0,0.0,0.00048023557440211607,5035,1998,6467,0.148,0.47903703703703704,1,0,0
flow,0.4,1.0,0,registered,during_vibration,flow_dump_0.4_1.0.shear.wave,2162,216200,216.20000000000002,0.2162,158683.45183699526,837.9771816338047,0.005280810140773858,5.280810140773858e+17,68,0.0004285260952720627,4.2852609527206266e+26,677.3171195046639,18.10602438922129,76.9822672606157,0.0,0.0,65.57177047930374,0.004268353830621392,0.00011410152841784901,0.0004851310352114999,0.0,0.0,0.00041322374652311676,5100,2118,6282,0.15688888888888888,0.4653333333333333,1,0,0
flow,0.4,1.0,0,registered,during_vibration,flow_dump_0.4_1.0.shear.wave,2163,216300,216.3,0.2163,158683.45183699526,952.9449919842897,0.0060053205356484516,6.005320535648452e+17,78,0.0004915446386944248,4.9154463869442485e+26,713.6635040349307,36.3451790552501,116.55895678899,0.0,0.0,86.37735210511894,0.004497403451798041,0.00022904202444868062,0.0007345375679672201,0.0,0.0,0.0005443374914345104,5155,2208,6137,0.16355555555555557,0.4545925925925926,1,0,0
flow,0.4,1.0,0,registered,during_vibration,flow_dump_0.4_1.0.shear.wave,2164,216400,216.4,0.21639999999999998,158683.4518369953,978.3175704260129,0.006165214829275153,6.165214829275154e+17,79,0.000497846493036661,4.97846493036661e+26,793.4200071132803,23.522397592825612,107.0369651542851,7.173453069491211,0.0,47.16474749613067,0.005000017317043914,0.00014823472341015477,0.000674531363637318,4.520605637480089e-05,0.0,0.0002972253688089657,5123,2143,6234,0.15874074074074074,0.4617777777777778,1,0,0
flow,0.4,1.0,0,registered,during_vibration,flow_dump_0.4_1.0.shear.wave,2165,216500,216.5,0.2165,158683.45183699526,917.5417855986299,0.005782214685757897,5.782214685757897e+17,79,0.000497846493036661,4.97846493036661e+26,757.2388506342954,31.165251449285016,82.67525808688863,18.209745695033433,0.0,28.252679733127245,0.004772008938979696,0.0001963988751725603,0.0005210074341703589,0.00011475516497926368,0.0,0.00017804427245601706,5040,2041,6419,0.15118518518518517,0.4754814814814815,1,0,0
flow,0.4,1.0,0,registered,during_vibration,flow_dump_0.4_1.0.shear.wave,2166,216600,216.6,0.2166,158683.45183699526,947.052600479124,0.005968187542655467,5.968187542655468e+17,75,0.0004726390756677162,4.726390756677162e+26,822.00629294624,24.79378874140758,55.06516467616717,4.184102604787773,0.0,41.00325151052159,0.005180163926548758,0.00015624684524052676,0.0003470126471204564,2.636760516834369e-05,0.0,0.00025839651857738414,5050,2020,6430,0.14962962962962964,0.4762962962962963,1,0,0
flow,0.4,1.0,0,registered,during_vibration,flow_dump_0.4_1.0.shear.wave,2167,216700,216.70000000000002,0.2167,158683.45183699526,996.8526381226224,0.006282020126122675,6.282020126122675e+17,85,0.0005356576190900784,5.356576190900784e+26,843.6982628492893,14.855367837302506,58.2589979915425,6.949808707433688,0.0,73.09020073705436,0.005316863561273946,9.361636431102103e-05,0.0003671397194673331,4.379668218065205e-05,0.0,0.0004606037988897227,5130,2180,6190,0.16148148148148148,0.4585185185185185,1,0,0
flow,0.4,1.0,0,registered,during_vibration,flow_dump_0.4_1.0.shear.wave,2168,216800,216.8,0.2168,158683.4518369953,934.0341764015132,0.005886147330352903,5.886147330352902e+17,80,0.0005041483473788972,5.041483473788972e+26,745.2184536696761,9.798413884003828,96.60808297995287,0.0,0.0,82.4092258678803,0.004696258148172806,6.174817708193715e-05,0.0006088100672223325,0.0,0.0,0.0005193309378758264,5161,2205,6134,0.16333333333333333,0.45437037037037037,1,0,0
flow,0.4,1.0,0,registered,during_vibration,flow_dump_0.4_1.0.shear.wave,2169,216900,216.9,0.21689999999999998,158683.45183699526,984.954133988527,0.00620703748617911,6.20703748617911e+17,84,0.0005293557647478421,5.293557647478421e+26,806.3496362607191,40.33415569544912,81.08217053515688,9.55243126626007,0.0,47.635740230941636,0.0050814979566302055,0.0002541799742097976,0.0005109680284649157,6.019803045419402e-05,0.0,0.00030019349641999596,5137,2239,6124,0.16585185185185186,0.4536296296296296,1,0,0
flow,0.4,1.0,0,registered,during_vibration,flow_dump_0.4_1.0.shear.wave,2170,217000,217.0,0.217,158683.45183699526,1097.5772462727564,0.0069167719353636385,6.916771935363639e+17,85,0.0005356576190900784,5.356576190900784e+26,885.3806610722419,16.19802665300371,90.12301389812873,24.164478011447475,0.0,81.71106663793456,0.005579539963510079,0.00010207760459888938,0.0005679421064693374,0.00015228102068431184,0.0,0.0005149312401010207,5050,2078,6372,0.15392592592592594,0.472,1,0,0
flow,0.4,1.0,0,registered,during_vibration,flow_dump_0.4_1.0.shear.wave,2171,217100,217.1,0.2171,158683.45183699526,789.4459346504971,0.004974973291237963,4.974973291237963e+17,66,0.0004159223865875903,4.159223865875903e+26,641.2257148803914,27.534057613596072,73.36989965891705,7.361425648648122,0.0,39.954836848944645,0.004040911055672516,0.00017351562053162254,0.0004623664207549819,4.639063218898222e-05,0.0,0.0002517895620898614,5023,2018,6459,0.1494814814814815,0.47844444444444445,1,0,0
flow,0.4,1.0,0,registered,during_vibration,flow_dump_0.4_1.0.shear.wave,2172,217200,217.20000000000002,0.21719999999999998,158683.45183699526,895.9043625110127,0.005645858797118394,5.645858797118394e+17,81,0.0005104502017211335,5.104502017211335e+26,702.7322152561652,37.81084119582221,77.95520700028713,0.0,0.0,77.40609905873812,0.00442851606214134,0.0002382784137734962,0.0004912623597346825,0.0,0.0,0.0004878019614688755,5110,2130,6260,0.15777777777777777,0.46370370370370373,1,0,0
flow,0.4,1.0,0,registered,during_vibration,flow_dump_0.4_1.0.shear.wave,2173,217300,217.3,0.2173,158683.45183699526,959.997226133762,0.006049762688045771,6.04976268804577e+17,82,0.0005167520560633698,5.167520560633698e+26,733.3627699073484,35.35456395499062,86.63928077243003,0.0,0.0,104.640611498993,0.004621545355975002,0.00022279931237762562,0.0005459881277439609,0.0,0.0,0.0006594298919491819,5158,2218,6124,0.1642962962962963,0.4536296296296296,1,0,0
flow,0.4,1.0,0,registered,during_vibration,flow_dump_0.4_1.0.shear.wave,2174,217400,217.4,0.21739999999999998,158683.45183699526,972.2092599511516,0.006126721146385423,6.126721146385423e+17,78,0.0004915446386944248,4.9154463869442485e+26,795.7634425624288,16.024753069129225,108.25532893875484,7.2223205409676705,0.0,44.9434148398707,0.005014785305904882,0.00010098565971195513,0.0006822093147429021,4.551401206211893e-05,0.0,0.00028322685396356276,5099,2128,6273,0.15762962962962962,0.4646666666666667,1,0,0
flow,0.4,1.0,0,registered,during_vibration,flow_dump_0.4_1.0.shear.wave,2175,217500,217.5,0.2175,158683.45183699526,917.0645366417339,0.005779207132346554,5.779207132346554e+17,79,0.000497846493036661,4.97846493036661e+26,764.0664417770327,30.38445557261197,92.53459399914055,16.094052548273545,0.0,13.984992744675015,0.004815035423869568,0.00019147841328674814,0.0005831395330005492,0.00010142237493551547,0.0,8.813138725417222e-05,5030,2035,6435,0.15074074074074073,0.4766666666666667,1,0,0
flow,0.4,1.0,0,registered,during_vibration,flow_dump_0.4_1.0.shear.wave,2176,217600,217.6,0.2176,158683.45183699526,877.1333934075401,0.005527566883965693,5.5275668839656934e+17,71,0.0004474316582987713,4.474316582987713e+26,739.0901463596146,20.10747619159624,83.68236270454413,0.0,0.0,34.25340815178506,0.004657638448140338,0.0001267143861494221,0.0005273540607782174,0.0,0.0,0.00021585998889771607,5055,2031,6414,0.15044444444444444,0.4751111111111111,1,0,0
flow,0.4,1.0,0,registered,during_vibration,flow_dump_0.4_1.0.shear.wave,2177,217700,217.70000000000002,0.21769999999999998,158683.45183699526,995.7636786538254,0.006275157662165718,6.275157662165718e+17,87,0.0005482613277745507,5.4826132777455075e+26,840.9871437325658,23.024979058815127,71.68011610773837,6.467753960996222,0.0,53.60368579371014,0.005299778483495902,0.00014510006426169205,0.00045171765094554716,4.0758843383619525e-05,0.0,0.000337802620078958,5119,2178,6203,0.16133333333333333,0.4594814814814815,1,0,0
flow,0.4,1.0,0,registered,during_vibration,flow_dump_0.4_1.0.shear.wave,2178,217800,217.8,0.2178,158683.45183699526,1000.3850197964383,0.006304280680912247,6.304280680912247e+17,82,0.0005167520560633698,5.167520560633698e+26,786.1855917209137,39.95568502684764,97.33664289641926,0.0,0.0,76.90710015225733,0.004954427084989989,0.00025179490718346237,0.0006134013456954956,0.0,0.0,0.0004846573430432984,5159,2201,6140,0.16303703703703704,0.45481481481481484,1,0,0
flow,0.4,1.0,0,registered,during_vibration,flow_dump_0.4_1.0.shear.wave,2179,217900,217.9,0.21789999999999998,158683.4518369953,997.0639685800584,0.006283351899883514,6.283351899883514e+17,83,0.0005230539104056058,5.230539104056058e+26,793.9284580531846,33.95422332861773,80.42020231512167,8.284890250530282,0.0,80.47619463260412,0.005003221500807364,0.00021397456972070783,0.0005067964011630644,5.221017160025474e-05,0.0,0.000507149256592123,5111,2232,6157,0.16533333333333333,0.4560740740740741,1,0,0
flow,0.4,1.0,0,registered,during_vibration,flow_dump_0.4_1.0.shear.wave,2180,218000,218.0,0.218,158683.45183699526,1068.1425175872273,0.006731278562584192,6.731278562584192e+17,83,0.0005230539104056059,5.2305391040560594e+26,873.3358892935289,23.183699777838896,92.35828281277355,21.88277978457929,0.0,57.38186591850698,0.0055036355661751525,0.00014610029911407484,0.0005820284455851575,0.0001379020908056499,0.0,0.00036161216090415955,5038,2056,6406,0.1522962962962963,0.4745185185185185,1,0,0
flow,0.4,1.0,0,registered,during_vibration,flow_dump_0.4_1.0.shear.wave,2181,218100,218.1,0.2181,158683.45183699526,868.2128167349865,0.005471350709126511,5.471350709126511e+17,69,0.0004348279496142989,4.3482794961429895e+26,658.0252886812631,21.687104684283877,94.80556040844282,6.699455794717771,0.0,86.99540716627895,0.004146779522777257,0.00013666897482518574,0.0005974508325280833,4.2218994590561766e-05,0.0,0.0005482323844054226,5018,1998,6484,0.148,0.4802962962962963,1,0,0
flow,0.4,1.0,0,registered,during_vibration,flow_dump_0.4_1.0.shear.wave,2182,218200,218.20000000000002,0.21819999999999998,158683.45183699526,952.8962173016853,0.006005013164703091,6.005013164703091e+17,74,0.00046633722132547996,4.6633722132548e+26,762.9492355361261,30.127374236148185,72.83836546165568,12.958525827932926,0.0,74.02271623982219,0.004807994952869138,0.00018985832415024595,0.0004590167696659233,8.166274225773926e-05,0.0,0.00046648037576004273,5110,2116,6274,0.15674074074074074,0.46474074074074073,1,0,0
flow,0.4,1.0,0,registered,during_vibration,flow_dump_0.4_1.0.shear.wave,2183,218300,218.3,0.2183,158683.4518369953,953.4726561764426,0.006008645798529012,6.008645798529012e+17,80,0.0005041483473788972,5.041483473788972e+26,745.1114738436487,28.149212639730287,82.34999316722144,0.0,0.0,97.86197652584204,0.004695583976891624,0.00017739223790421484,0.0005189576620239771,0.0,0.0,0.0006167119217091962,5144,2201,6155,0.16303703703703704,0.4559259259259259,1,0,0
flow,0.4,1.0,0,registered,during_vibration,flow_dump_0.4_1.0.shear.wave,2184,218400,218.4,0.21839999999999998,158683.45183699526,983.5543866000867,0.006198216482021234,6.198216482021234e+17,85,0.0005356576190900784,5.356576190900784e+26,783.4020603568044,23.64049946628194,119.55806303530515,5.97607370906251,0.0,50.97769003263247,0.004936885675776327,0.0001489789842142218,0.000753437498688389,3.766034605297926e-05,0.0,0.00032125397728931677,5103,2127,6270,0.15755555555555556,0.46444444444444444,1,0,0
flow,0.4,1.0,0,registered,during_vibration,flow_dump_0.4_1.0.shear.wave,2185,218500,218.5,0.2185,158683.45183699526,880.9278540385586,0.0055514790221697224,5.551479022169722e+17,74,0.00046633722132547996,4.6633722132548e+26,729.851350768022,31.345098729786116,92.03565118049782,16.218504484373995,0.0,11.47724887587892,0.004599416904024428,0.00019753224653812555,0.000579995268032358,0.0001022066529094298,0.0,7.23279506653833e-05,5024,2051,6425,0.15192592592592594,0.4759259259259259,1,0,0
flow,0.4,1.0,0,registered,during_vibration,flow_dump_0.4_1.0.shear.wave,2186,218600,218.6,0.2186,158683.45183699526,985.4429982954854,0.0062101182378346805,6.21011823783468e+17,78,0.0004915446386944248,4.9154463869442485e+26,813.7166262018848,17.914358344524018,65.22754153003508,18.421800603898923,0.0,70.16267161514233,0.005127923654180151,0.00011289367692181427,0.0004110544658244447,0.00011609150412749017,0.0,0.0004421549367807784,5035,2019,6446,0.14955555555555555,0.4774814814814815,1,0,0
flow,0.4,1.0,0,registered,during_vibration,flow_dump_0.4_1.0.shear.wave,2187,218700,218.70000000000002,0.21869999999999998,158683.4518369953,981.8365688621936,0.006187391044850521,6.187391044850522e+17,85,0.0005356576190900783,5.356576190900783e+26,833.7244540352997,22.08720724334348,62.03561609039141,7.298401854226431,0.0,56.69088963893263,0.005254010070890871,0.0001391903628743353,0.0003909394166325319,4.599346541644168e-05,0.0,0.00035725772903634164,5096,2170,6234,0.16074074074074074,0.4617777777777778,1,0,0
flow,0.4,1.0,0,registered,during_vibration,flow_dump_0.4_1.0.shear.wave,2188,218800,218.8,0.2188,158683.45183699526,962.7975595711924,0.006067409981478151,6.06740998147815e+17,80,0.0005041483473788973,5.041483473788973e+26,778.7436322066685,8.468212581614216,92.62778224119234,0.0,0.0,82.95793254171735,0.004907528940110397,5.33654422284249e-05,0.0005837267917283685,0.0,0.0,0.0005227888074109606,5159,2190,6151,0.1622222222222222,0.4556296296296296,1,0,0
flow,0.4,1.0,0,registered,during_vibration,flow_dump_0.4_1.0.shear.wave,2189,218900,218.9,0.21889999999999998,158683.45183699526,1031.8654392417184,0.006502665698888903,6.502665698888902e+17,88,0.000554563182116787,5.54563182116787e+26,822.8862605393923,35.796152438811916,95.5953985380446,7.197271850695011,0.0,70.39035587477449,0.005185709354146691,0.0002255821386818764,0.000602428277374778,4.535615886455684e-05,0.0,0.0004435897698210001,5115,2224,6161,0.16474074074074074,0.45637037037037037,1,0,0
flow,0.4,1.0,0,registered,during_vibration,flow_dump_0.4_1.0.shear.wave,2190,219000,219.0,0.219,158683.45183699526,1041.718530738593,0.006564758446322933,6.564758446322932e+17,81,0.0005104502017211335,5.104502017211335e+26,858.7378282109033,20.00493062896281,88.05085966381868,7.491913274059316,0.0,67.43299896084869,0.005411640711553379,0.00012606815895026355,0.0005548836923100675,4.721294619778785e-05,0.0,0.00042495293731143456,5025,2044,6431,0.1514074074074074,0.4763703703703704,1,0,0
flow,0.4,1.0,0,registered,during_vibration,flow_dump_0.4_1.0.shear.wave,2191,219100,219.1,0.2191,158683.4518369953,853.2872392573851,0.005377291893888904,5.3772918938889043e+17,68,0.00042852609527206263,4.2852609527206266e+26,646.7538423549303,41.659550054915584,73.5050391281145,12.610620582699665,0.0,78.75818713672493,0.004075748509802374,0.0002625324164091767,0.00046321805000575127,7.947029407737927e-05,0.0,0.0004963226235942224,5000,2011,6489,0.14896296296296296,0.4806666666666667,1,0,0
flow,0.4,1.0,0,registered,during_vibration,flow_dump_0.4_1.0.shear.wave,2192,219200,219.20000000000002,0.21919999999999998,158683.45183699526,951.9348511759118,0.005998954775408906,5.998954775408906e+17,72,0.00045373351264100755,4.5373351264100753e+26,753.9353252239877,18.258886099001785,81.937402608637,5.243293023819797,0.0,92.55994422046591,0.00475119060302806,0.00011506484064739089,0.0005163575764207961,3.3042468909775646e-05,0.0,0.000583299286402885,5085,2121,6294,0.15711111111111112,0.4662222222222222,1,0,0
flow,0.4,1.0,0,registered,during_vibration,flow_dump_0.4_1.0.shear.wave,2193,219300,219.3,0.2193,158683.45183699526,1063.2167833416033,0.006700237302839705,6.700237302839706e+17,80,0.0005041483473788973,5.041483473788973e+26,838.3713603109571,30.938256922713723,108.34384282672735,0.0,0.0,85.56332328120543,0.005283294197382088,0.00019496838872962315,0.0006827671163721699,0.0,0.0,0.0005392076003558255,5152,2207,6141,0.16348148148148148,0.4548888888888889,1,0,0
flow,0.4,1.0,0,registered,during_vibration,flow_dump_0.4_1.0.shear.wave,2194,219400,219.4,0.21939999999999998,158683.45183699526,980.7800980166683,0.0061807333194652024,6.180733319465202e+17,82,0.0005167520560633698,5.167520560633698e+26,811.5327753750936,23.04911091061096,96.68330616476916,17.057140465187555,0.0,32.45776510100697,0.005114161344364541,0.00014525213967671782,0.000609284112776204,0.00010749161470667526,0.0,0.00020454410794106388,5111,2151,6238,0.15933333333333333,0.4620740740740741,1,0,0
flow,0.4,1.0,0,registered,during_vibration,flow_dump_0.4_1.0.shear.wave,2195,219500,219.5,0.2195,158683.45183699526,900.3027788282183,0.005673576976085939,5.673576976085939e+17,79,0.000497846493036661,4.97846493036661e+26,725.0645096546555,29.510548664371782,103.15443530969367,17.442995029765502,0.0,25.13029016973203,0.004569250928568564,0.0001859711792423445,0.0006500642260773179,0.00010992321396993245,0.0,0.0001583674282277819,5033,2040,6427,0.1511111111111111,0.4760740740740741,1,0,0
flow,0.4,1.0,0,registered,during_vibration,flow_dump_0.4_1.0.shear.wave,2196,219600,219.6,0.2196,158683.45183699526,1075.6166757526255,0.006778379618673367,6.778379618673367e+17,82,0.0005167520560633698,5.167520560633698e+26,895.4263706076481,22.374068305573566,77.04553852431769,25.400244700224327,0.0,55.37045361486182,0.005642846561766622,0.00014099811950496848,0.0004855297614993991,0.00016006864235797112,0.0,0.00034893653354440597,5028,2022,6450,0.1497777777777778,0.4777777777777778,1,0,0
flow,0.4,1.0,0,registered,during_vibration,flow_dump_0.4_1.0.shear.wave,2197,219700,219.70000000000002,0.21969999999999998,158683.45183699526,1027.4023318372085,0.006474539846111926,6.474539846111926e+17,90,0.0005671668908012594,5.671668908012594e+26,869.8493095697553,11.398984086420457,67.15157191705995,0.0,0.0,79.00246626397299,0.005481663648603337,7.183473736209028e-05,0.0004231794250735118,0.0,0.0,0.0004978620350729883,5105,2151,6244,0.15933333333333333,0.4625185185185185,1,0,0
flow,0.4,1.0,0,registered,during_vibration,flow_dump_0.4_1.0.shear.wave,2198,219800,219.8,0.2198,158683.4518369953,919.7598038659654,0.005796192313807063,5.796192313807063e+17,79,0.000497846493036661,4.97846493036661e+26,744.4608936439813,8.941699314942456,85.03355176406347,0.0,0.0,81.32365914297839,0.004691484115235377,5.6349286654840705e-05,0.0005358690574201314,0.0,0.0,0.0005124898544967162,5148,2203,6149,0.16318518518518518,0.4554814814814815,1,0,0
flow,0.4,1.0,0,registered,during_vibration,flow_dump_0.4_1.0.shear.wave,2199,219900,219.9,0.21989999999999998,158683.45183699526,1003.3968046777319,0.006323260510544309,6.323260510544308e+17,84,0.0005293557647478421,5.293557647478421e+26,788.8696831101619,47.042867835931936,90.69820197511788,7.08603445919646,0.0,69.70001729732388,0.004971341837966281,0.0002964573009431121,0.0005715668579499139,4.4655157025922665e-05,0.0,0.0004392393566590799,5101,2240,6159,0.16592592592592592,0.4562222222222222,1,0,0
flow,0.4,1.0,0,registered,during_vibration,flow_dump_0.4_1.0.shear.wave,2200,220000,220.0,0.22,158683.45183699526,1065.9369876410415,0.006717379634115889,6.717379634115889e+17,87,0.0005482613277745507,5.4826132777455075e+26,872.041272012337,15.448232649184224,109.02346969414968,4.575061840437818,0.0,64.84895144493248,0.005495477076640139,9.735251200013688e-05,0.0006870500258977357,2.8831373325162277e-05,0.0,0.0004086686462527133,5013,2077,6410,0.15385185185185185,0.4748148148148148,1,0,0
flow,0.4,1.0,0,registered,after_removal,flow_dump_0.4_1.0.shear.wave,2240,224000,224.0,0.22399999999999998,158683.4518369953,1242.2421962864307,0.007828429378776695,7.828429378776695e+17,101,0.0006364872885658577,6.364872885658577e+26,1000.6542998127856,9.573334319755016,65.89097811154457,41.63455018874568,13.658946758142609,110.83008709545744,0.006305977644352542,6.032975845262713e-05,0.00041523534652642856,0.0002623748708939986,8.607669293817427e-05,0.0006984350656129264,5321,2664,5515,0.19733333333333333,0.4085185185185185,0,0,0
flow,0.4,1.0,0,registered,after_removal,flow_dump_0.4_1.0.shear.wave,2245,224500,224.5,0.22449999999999998,158683.45183699526,1217.9620337322942,0.007675419330954711,7.675419330954711e+17,102,0.000642789142908094,6.42789142908094e+26,1002.16178532071,9.790440285690977,40.202292564755155,29.999549884682242,0.0,135.80796567645524,0.0063154775984465145,6.169792862678607e-05,0.000253348991967053,0.00018905279370591676,0.0,0.0008558420182084364,5339,2647,5514,0.19607407407407407,0.40844444444444444,0,0,0
flow,0.4,1.0,0,registered,after_removal,flow_dump_0.4_1.0.shear.wave,2250,225000,225.0,0.22499999999999998,158683.45183699526,1284.5005159042314,0.00809473515375574,8.094735153755739e+17,113,0.0007121095406726924,7.121095406726925e+26,1081.3131461145151,13.918491642283119,41.89645232157615,40.142779165133895,0.0,107.22964666072363,0.0068142779451588606,8.771230699330036e-05,0.00026402533998701725,0.00025297394719122853,0.0,0.0006757456144253364,5350,2676,5474,0.19822222222222222,0.4054814814814815,0,0,0
flow,0.4,1.0,0,registered,after_removal,flow_dump_0.4_1.0.shear.wave,2255,225500,225.5,0.22549999999999998,158683.4518369953,1334.0986882942539,0.008407295611798782,8.407295611798783e+17,121,0.000762524375410582,7.62524375410582e+26,1143.7973929134425,11.613521844503794,50.68480927806313,40.32950629415129,2.7371942651509698,84.9362636989424,0.0072080445671700395,7.318672306444137e-05,0.0003194082854343765,0.00025415067436004006,1.7249399565385705e-05,0.0005352559622045003,5310,2686,5504,0.19896296296296295,0.4077037037037037,0,0,0
flow,0.4,1.0,0,registered,after_removal,flow_dump_0.4_1.0.shear.wave,2260,226000,226.0,0.22599999999999998,158683.45183699526,1470.5163740733587,0.009266979997283651,9.266979997283652e+17,123,0.0007751280840950545,7.751280840950545e+26,1160.9500980973369,10.939039498367599,81.82428519863967,54.965279240590476,0.0,161.83767203842436,0.0073161384168142635,6.893623356268133e-05,0.000515644726979422,0.00034638318365454125,0.0,0.0010198774362727451,5306,2679,5515,0.19844444444444445,0.4085185185185185,0,0,0
flow,0.4,1.0,0,registered,after_removal,flow_dump_0.4_1.0.shear.wave,2265,226500,226.5,0.22649999999999998,158683.45183699526,1401.2790981124601,0.008830656769124855,8.830656769124855e+17,115,0.0007247132493571648,7.247132493571648e+26,1124.4480691484955,11.28366512648819,60.26845888623356,52.814079084476276,0.0,152.46482586676683,0.007086107947182575,7.110801407369896e-05,0.0003798030493320958,0.00033282663360971373,0.0,0.0009608111249267731,5364,2702,5434,0.20014814814814816,0.4025185185185185,0,0,0
flow,0.4,1.0,0,registered,after_removal,flow_dump_0.4_1.0.shear.wave,2270,227000,227.0,0.22699999999999998,158683.45183699526,1354.9369008273823,0.00853861499193512,8.538614991935121e+17,112,0.0007058076863304561,7.058076863304562e+26,1146.337791765265,10.799180416011364,59.7424411188987,64.34084370374399,0.0,73.71664382346412,0.00722405379070541,6.805486199723352e-05,0.0003764881619809232,0.00040546662527758074,0.0,0.0004645515519739779,5363,2731,5406,0.2022962962962963,0.40044444444444444,0,0,0
flow,0.4,1.0,0,registered,after_removal,flow_dump_0.4_1.0.shear.wave,2275,227500,227.5,0.22749999999999998,158683.45183699526,1412.4164086050382,0.008900842477613342,8.900842477613341e+17,113,0.0007121095406726924,7.121095406726925e+26,1136.3521089713051,8.306786146888122,53.30136058717892,61.00400297513848,3.3147644766590556,150.13738544786852,0.007161125472230101,5.2348156349794555e-05,0.0003358974106634118,0.00038443834104266744,2.0889162910724227e-05,0.0009461439344166427,5339,2756,5405,0.20414814814814816,0.4003703703703704,0,0,0
flow,0.4,1.0,0,registered,after_removal,flow_dump_0.4_1.0.shear.wave,2280,228000,228.0,0.22799999999999998,158683.45183699526,1473.0534901699623,0.00928296853337379,9.282968533373791e+17,120,0.0007562225210683459,7.56222521068346e+26,1166.583067947384,15.883531646234527,49.50388576005302,66.99993706723752,4.579332021284755,169.50373572776786,0.007351636572323469,0.0001000957028748694,0.00031196627743455574,0.000422223844336724,2.8858283382874682e-05,0.001068187853021294,5312,2769,5419,0.2051111111111111,0.40140740740740743,0,0,0
flow,0.4,1.0,0,registered,after_removal,flow_dump_0.4_1.0.shear.wave,2285,228500,228.5,0.22849999999999998,158683.45183699526,1395.937607871044,0.008796995475652976,8.796995475652975e+17,113,0.0007121095406726924,7.121095406726925e+26,1169.1978691212332,25.994356352237304,42.705493561509606,56.649806264631266,0.0,101.39008257143274,0.007368114668454975,0.00016381264745198221,0.00026912380003794005,0.0003569988275956069,0.0,0.000638945532112472,5346,2714,5440,0.20103703703703704,0.40296296296296297,0,0,0
flow,0.4,1.0,0,registered,after_removal,flow_dump_0.4_1.0.shear.wave,2290,229000,229.0,0.22899999999999998,158683.45183699526,1524.3807497218186,0.00960642544685574,9.60642544685574e+17,115,0.0007247132493571648,7.247132493571648e+26,1258.4265389455618,23.032519424517723,42.970498094609525,67.2670985546175,0.0,132.68409470251203,0.007930420748839382,0.000145147582548037,0.0002707938200055681,0.0004239074571160478,0.0,0.0008361558383467067,5332,2726,5442,0.20192592592592593,0.4031111111111111,0,0,0
flow,0.4,1.0,0,registered,after_removal,flow_dump_0.4_1.0.shear.wave,2295,229500,229.5,0.22949999999999998,158683.45183699526,1397.715849903828,0.008808201697928822,8.808201697928822e+17,113,0.0007121095406726924,7.121095406726925e+26,1093.852117370136,23.80034726586051,54.81331328334613,51.73947617778586,0.0,173.51059580669988,0.006893296715613271,0.0001499863217640929,0.0003454255163270089,0.00032605464261600706,0.0,0.0010934385016084446,5326,2726,5448,0.20192592592592593,0.40355555555555556,0,0,0
flow,0.4,1.0,0,registered,after_removal,flow_dump_0.4_1.0.shear.wave,2300,230000,230.0,0.22999999999999998,158683.45183699526,1393.0867818557153,0.008779029985349317,8.779029985349317e+17,107,0.0006742984146192752,6.742984146192752e+26,1046.9867043010827,40.83207812704962,50.915773460511716,64.01700229328395,0.0,190.3352236737874,0.006597957708763363,0.00025731780884747605,0.0003208637880704412,0.0004034258238788773,0.0,0.0011994648557891584,5317,2739,5444,0.2028888888888889,0.40325925925925926,0,0,0
