region,amplitude_A,frequency_THz,is_baseline,coordinate_treatment,analysis_stage,filename,frame,timestep,time_ps,strain_xy,cell_volume_A3,total_line_length_A,dislocation_density_A-2,dislocation_density_m-2,segment_count,segment_number_density_A-3,segment_number_density_m-3,shockley_length_A,perfect_length_A,stair_rod_length_A,hirth_length_A,frank_length_A,other_length_A,shockley_density_A-2,perfect_density_A-2,stair_rod_density_A-2,hirth_density_A-2,frank_density_A-2,other_density_A-2,fcc_count,hcp_count,other_atom_count,hcp_fraction,other_atom_fraction,coherent_correction_applied,has_PE,has_KE
flow,0.2,0.5,0,registered,before,flow_dump_0.2_0.5.shear.wave,1850,185000,185.0,0.185,158683.45183699526,1441.826292300768,0.00908617928088594,9.086179280885939e+17,126,0.0007940336471217632,7.940336471217631e+26,1167.4654380944578,4.603785611908546,121.82863208346481,44.556678307427724,0.0,103.37175820350976,0.007357197140466265,2.9012386349130486e-05,0.0007677462941038811,0.00028078969666728564,0.0,0.0006514337632993802,5939,3062,4499,0.2268148148148148,0.33325925925925926,0,0,0
flow,0.2,0.5,0,registered,before,flow_dump_0.2_0.5.shear.wave,1855,185500,185.5,0.1855,158683.45183699526,1437.2295380341995,0.009057211205050972,9.057211205050972e+17,125,0.000787731792779527,7.87731792779527e+26,1161.7754451855296,6.342864394528773,133.7958539195755,24.720090279973533,0.0,110.59528425459212,0.0073213396339458425,3.997180752687663e-05,0.0008431619829962794,0.0001557824082713225,0.0,0.0006969553723106499,5928,3069,4503,0.22733333333333333,0.33355555555555555,0,0,0
flow,0.2,0.5,0,registered,before,flow_dump_0.2_0.5.shear.wave,1860,186000,186.0,0.186,158683.45183699526,4975.515810919432,0.03135497591790757,3.135497591790757e+18,135,0.0008507503362018892,8.507503362018892e+26,3685.6746195561204,0.0,448.83295727585386,257.259246710078,0.0,583.7489873773791,0.02322658460531955,0.0,0.0028284799207475616,0.001621210300960323,0.0,0.00367870109088013,5915,3025,4560,0.22407407407407406,0.3377777777777778,0,0,0
flow,0.2,0.5,0,registered,before,flow_dump_0.2_0.5.shear.wave,1865,186500,186.5,0.1865,158683.45183699526,1704.3169668455046,0.0107403572780622,1.07403572780622e+18,122,0.0007688262297528183,7.688262297528184e+26,1352.8907364199413,0.0,161.42633713868145,67.77793029904024,0.0,122.22196298784144,0.008525720361879159,0.0,0.001017285263648687,0.0004271266443627903,0.0,0.0007702250081715626,5911,3021,4568,0.22377777777777777,0.3383703703703704,0,0,0
flow,0.2,0.5,0,registered,before,flow_dump_0.2_0.5.shear.wave,1870,187000,187.0,0.187,158683.45183699526,1550.0191724865495,0.009767995052683748,9.767995052683748e+17,129,0.0008129392101484719,8.129392101484719e+26,1208.4069916005535,6.442923376896207,156.38005819092385,52.4617493373733,0.0,126.32744998080318,0.007615204847206551,4.0602364659388584e-05,0.0009854843487496255,0.00033060630286303386,0.0,0.0007960971892051529,5916,3027,4557,0.2242222222222222,0.33755555555555555,0,0,0
flow,0.2,0.5,0,registered,before,flow_dump_0.2_0.5.shear.wave,1875,187500,187.5,0.1875,158683.45183699526,1536.1960074072153,0.009680883479805098,9.680883479805098e+17,131,0.0008255429188329443,8.255429188329443e+26,1202.2306791004264,7.870538299511893,144.28804290422232,62.24720794551858,0.0,119.55953915753562,0.007576282625458617,4.959898595851547e-05,0.0009092822297087389,0.000392272837683547,0.0,0.0007534468009956768,5888,3011,4601,0.22303703703703703,0.3408148148148148,0,0,0
flow,0.2,0.5,0,registered,before,flow_dump_0.2_0.5.shear.wave,1880,188000,188.0,0.188,158683.45183699526,1497.927042607647,0.009439718037810053,9.439718037810053e+17,126,0.0007940336471217632,7.940336471217631e+26,1221.3909315814399,5.9249625163137605,139.40151732368602,37.20419762059687,0.0,94.00543356561074,0.007697027745754433,3.733825076101869e-05,0.0008784880572605878,0.00023445543432477268,0.0,0.0005924085497092422,5867,2993,4640,0.2217037037037037,0.3437037037037037,0,0,0
flow,0.2,0.5,0,registered,before,flow_dump_0.2_0.5.shear.wave,1885,188500,188.5,0.1885,158683.45183699526,1533.7373097756965,0.009665389125459665,9.665389125459665e+17,128,0.0008066373558062356,8.066373558062357e+26,1190.2230546991996,5.014848463179432,151.90362676925645,28.928189075994343,0.0,157.66759076806719,0.007500612325485804,3.160284456334392e-05,0.0009572745299572682,0.0001823012339415852,0.0,0.0009935981915116668,5835,3005,4660,0.2225925925925926,0.3451851851851852,0,0,0
flow,0.2,0.5,0,registered,before,flow_dump_0.2_0.5.shear.wave,1890,189000,189.0,0.189,158683.4518369953,1488.4590490642256,0.009380052121586177,9.380052121586177e+17,121,0.000762524375410582,7.62524375410582e+26,1203.1402573759274,0.0,167.0499310768173,9.040746322285841,0.0,109.22811428919475,0.007582014655263685,0.0,0.0010527243335267016,5.697346646815312e-05,0.0,0.0006883396663276355,5870,3010,4620,0.22296296296296297,0.3422222222222222,0,0,0
flow,0.2,0.5,0,registered,before,flow_dump_0.2_0.5.shear.wave,1895,189500,189.5,0.1895,158683.45183699526,1497.1161961776575,0.009434608201714337,9.434608201714337e+17,129,0.0008129392101484719,8.129392101484719e+26,1212.6033220505008,10.534191187355,132.72377370722762,30.244553758185795,0.0,111.0103554743877,0.007641649510474009,6.638493847597959e-05,0.0008364058896548693,0.0001905967724300198,0.0,0.000699571090679456,5912,3016,4572,0.22340740740740742,0.33866666666666667,0,0,0
flow,0.2,0.5,0,registered,before,flow_dump_0.2_0.5.shear.wave,1900,190000,190.0,0.19,158683.45183699526,1501.7487813824728,0.009463802078903082,9.463802078903082e+17,126,0.0007940336471217632,7.940336471217631e+26,1205.5387239756446,11.467998671675558,139.27213712580374,44.83362218934846,0.0,100.63629942000073,0.007597129442419823,7.226965722585777e-05,0.0008776727220987639,0.00028253495667212355,0.0,0.0006341953004865156,5911,3054,4535,0.2262222222222222,0.3359259259259259,0,0,0
flow,0.2,0.5,0,registered,during_vibration,flow_dump_0.2_0.5.shear.wave,1910,191000,191.0,0.191,158683.45183699526,1143.615216680362,0.0072068965190845505,7.20689651908455e+17,98,0.0006175817255391491,6.1758172553914915e+26,860.3767503090901,4.156613772355014,97.31080018226228,19.260763508508866,0.0,162.51028890814533,0.005421968959894424,2.61943745503143e-05,0.0006132384886750704,0.00012137852615088145,0.0,0.0010241161698138577,5444,2704,5352,0.2002962962962963,0.39644444444444443,1,0,0
flow,0.2,0.5,0,registered,during_vibration,flow_dump_0.2_0.5.shear.wave,1911,191100,191.1,0.1911,158683.45183699526,1192.8787258210502,0.00751734797807659,7.51734797807659e+17,100,0.0006301854342236216,6.301854342236216e+26,921.3335302310172,15.55061815593038,123.0781158278694,25.217431342762996,0.0,107.69903026346975,0.0058061097081341575,9.79977305504072e-05,0.0007756203586641106,0.00015891657920743464,0.0,0.0006787036015204765,5427,2716,5357,0.2011851851851852,0.39681481481481484,1,0,0
flow,0.2,0.5,0,registered,during_vibration,flow_dump_0.2_0.5.shear.wave,1912,191200,191.20000000000002,0.19119999999999998,158683.45183699526,1121.302510362169,0.007066285093886204,7.066285093886204e+17,99,0.0006238835798813854,6.238835798813854e+26,884.4614901619902,16.155723401430993,118.14692943475765,19.18848525469484,0.0,83.3498821092949,0.005573747482318052,0.00010181101566927515,0.0007445447402803033,0.00012092303912323428,0.0,0.0005252588164953367,5423,2715,5362,0.2011111111111111,0.3971851851851852,1,0,0
flow,0.2,0.5,0,registered,during_vibration,flow_dump_0.2_0.5.shear.wave,1913,191300,191.3,0.1913,158683.45183699526,1113.7765625221055,0.007018857666810856,7.018857666810857e+17,92,0.0005797705994857318,5.7977059948573184e+26,876.6567628154139,13.173056144691657,109.62807781521525,21.9476397207689,0.0,92.37102602601611,0.00552456322739906,8.301468106594659e-05,0.000690860178210824,0.00013831082867616355,0.0,0.0005821087514588641,5436,2741,5323,0.20303703703703704,0.3942962962962963,1,0,0
flow,0.2,0.5,0,registered,during_vibration,flow_dump_0.2_0.5.shear.wave,1914,191400,191.4,0.1914,158683.45183699526,1160.6995549646547,0.007314559530485653,7.314559530485652e+17,97,0.000611279871196913,6.112798711969129e+26,911.2738051438595,12.053967437288353,116.01510173648478,30.258762199381767,0.0,91.0979184476404,0.00574271478591195,7.596234703584956e-05,0.000731110272643043,0.00019068631195686707,0.0,0.0005740858129379433,5443,2757,5300,0.20422222222222222,0.3925925925925926,1,0,0
flow,0.2,0.5,0,registered,during_vibration,flow_dump_0.2_0.5.shear.wave,1915,191500,191.5,0.1915,158683.45183699526,1201.272031585165,0.007570241368451892,7.570241368451892e+17,100,0.0006301854342236216,6.301854342236216e+26,931.8741085696648,14.042036788179628,126.27858917397506,36.95745500566301,0.0,92.11984204768257,0.005872534897507245,8.849087050743048e-05,0.000795789275517478,0.000232900498305437,0.0,0.0005805258266143028,5432,2751,5317,0.20377777777777778,0.39385185185185184,1,0,0
flow,0.2,0.5,0,registered,during_vibration,flow_dump_0.2_0.5.shear.wave,1916,191600,191.6,0.1916,158683.4518369953,1127.1262510823954,0.007102985459632019,7.102985459632019e+17,97,0.0006112798711969128,6.1127987119691286e+26,912.9796945852913,16.08091894926961,92.74777835753777,26.967561051685017,0.0,78.35029813861146,0.005753465052695811,0.00010133960890760332,0.0005844829897752114,0.00016994564171308145,0.0,0.0004937521665403107,5406,2749,5345,0.20362962962962963,0.3959259259259259,1,0,0
flow,0.2,0.5,0,registered,during_vibration,flow_dump_0.2_0.5.shear.wave,1917,191700,191.70000000000002,0.19169999999999998,158683.45183699526,1204.61398620766,0.007591301879701219,7.591301879701219e+17,106,0.0006679965602770389,6.679965602770389e+26,990.1697656081042,16.356617134458283,95.20762242749672,30.955150566927202,0.0,71.92483047067401,0.0062399056369484476,0.00010307701871308122,0.0005999845688087063,0.00019507485001476606,0.0,0.0004532598052162207,5414,2738,5348,0.2028148148148148,0.39614814814814814,1,0,0
flow,0.2,0.5,0,registered,during_vibration,flow_dump_0.2_0.5.shear.wave,1918,191800,191.8,0.1918,158683.45183699526,1239.6730650423567,0.007812239087890455,7.812239087890455e+17,112,0.0007058076863304561,7.058076863304562e+26,982.2834197265171,14.650684794607066,113.31550952729373,40.1975371744604,0.0,89.22591381947821,0.006190207033910191,9.232648158962865e-05,0.0007140978357572852,0.00025331902419007497,0.0,0.0005622887124432731,5413,2707,5380,0.2005185185185185,0.3985185185185185,1,0,0
flow,0.2,0.5,0,registered,during_vibration,flow_dump_0.2_0.5.shear.wave,1919,191900,191.9,0.1919,158683.45183699526,1230.6577182074234,0.0077554256852919645,7.755425685291964e+17,105,0.0006616947059348027,6.616947059348027e+26,1011.0620379051492,11.639189945723508,107.08338935644582,29.880880421756455,0.0,70.99222057834815,0.006371565693842762,7.33484796995698e-05,0.0006748239221972895,0.00018830495603568704,0.0,0.0004473826335166546,5434,2706,5360,0.20044444444444445,0.397037037037037,1,0,0
flow,0.2,0.5,0,registered,during_vibration,flow_dump_0.2_0.5.shear.wave,1920,192000,192.0,0.192,158683.4518369953,1366.892138538933,0.008613955158620122,8.613955158620122e+17,106,0.0006679965602770388,6.679965602770388e+26,1066.7563254854051,14.254326179071356,155.54487805597165,53.502247931320106,0.0,76.83436088716445,0.006722542981868149,8.982868732723218e-05,0.0009802211651896275,0.00033716337344538814,0.0,0.00048419895078972167,5446,2692,5362,0.1994074074074074,0.3971851851851852,1,0,0
flow,0.2,0.5,0,registered,during_vibration,flow_dump_0.2_0.5.shear.wave,1921,192100,192.1,0.1921,158683.45183699526,1203.7471206391804,0.007585839019154361,7.58583901915436e+17,101,0.0006364872885658578,6.364872885658577e+26,961.0034692036267,28.398286377070868,112.16073189622642,30.438123952110907,0.0,71.74650921014513,0.006056103885304942,0.00017896186431741164,0.0007068205953286265,0.00019181662359713428,0.0,0.00045213605060624376,5456,2696,5348,0.19970370370370372,0.39614814814814814,1,0,0
flow,0.2,0.5,0,registered,during_vibration,flow_dump_0.2_0.5.shear.wave,1922,192200,192.20000000000002,0.19219999999999998,158683.45183699526,1199.3495058547533,0.007558125891329637,7.558125891329637e+17,100,0.0006301854342236216,6.301854342236216e+26,976.176423057681,16.99607433693835,108.51501218131422,28.53138616785548,0.0,69.13061011096377,0.006151721630434664,0.00010710678486120446,0.0006838458007126308,0.00017980063981191838,0.0,0.0004356510355092159,5431,2699,5370,0.19992592592592592,0.3977777777777778,1,0,0
flow,0.2,0.5,0,registered,during_vibration,flow_dump_0.2_0.5.shear.wave,1923,192300,192.3,0.1923,158683.45183699526,1154.3712853457641,0.007274679697109006,7.274679697109006e+17,97,0.000611279871196913,6.112798711969129e+26,923.147868489076,19.474612165663196,118.85372836123449,15.148260422877753,0.0,77.74681590691317,0.005817543403563991,0.00012272616923955084,0.0007489988841642093,9.546213072323718e-05,0.0,0.0004899491094180205,5426,2692,5382,0.1994074074074074,0.39866666666666667,1,0,0
flow,0.2,0.5,0,registered,during_vibration,flow_dump_0.2_0.5.shear.wave,1924,192400,192.4,0.1924,158683.4518369953,1196.5670283416575,0.007540591123331559,7.540591123331558e+17,101,0.0006364872885658577,6.364872885658577e+26,931.362575309007,17.55669980434429,123.13463464243131,21.45146127888906,0.0,103.06165730698619,0.005869311289407369,0.00011063976489734477,0.0007759765320010756,0.00013518398440767905,0.0,0.0006494795526180917,5445,2704,5351,0.2002962962962963,0.3963703703703704,1,0,0
flow,0.2,0.5,0,registered,during_vibration,flow_dump_0.2_0.5.shear.wave,1925,192500,192.5,0.1925,158683.45183699526,1346.0098582532285,0.00848235806992586,8.482358069925861e+17,107,0.0006742984146192752,6.742984146192752e+26,1085.9427170675324,12.2135180025296,143.9782684683048,29.527898077443872,0.0,74.3474566374177,0.006843452826971823,7.696781145822136e-05,0.0009073300763346383,0.00018608051271644808,0.0,0.00046852684244472946,5436,2729,5335,0.20214814814814816,0.3951851851851852,1,0,0
flow,0.2,0.5,0,registered,during_vibration,flow_dump_0.2_0.5.shear.wave,1926,192600,192.6,0.1926,158683.45183699526,1178.8693739837615,0.0074290630833688575,7.429063083368858e+17,101,0.0006364872885658578,6.364872885658577e+26,942.6015391736435,19.634018924960483,117.82793606589635,25.719534663140216,0.0,73.0863451561206,0.0059401376026399656,0.00012373072741781027,0.0007425344905336002,0.00016208076119720503,0.0,0.00046057950158027343,5432,2740,5328,0.20296296296296296,0.39466666666666667,1,0,0
flow,0.2,0.5,0,registered,during_vibration,flow_dump_0.2_0.5.shear.wave,1927,192700,192.70000000000002,0.19269999999999998,158683.45183699526,1232.7446937729346,0.007768577501321623,7.768577501321623e+17,110,0.0006932039776459838,6.932039776459838e+26,1003.0128869939127,15.471197698943815,112.66123369472767,30.93383880727714,0.0,70.66553657807373,0.006320841117221472,9.749723439868403e-05,0.0007099746847608086,0.00019494054640967461,0.0,0.00044532391853098605,5449,2719,5332,0.2014074074074074,0.39496296296296296,1,0,0
flow,0.2,0.5,0,registered,during_vibration,flow_dump_0.2_0.5.shear.wave,1928,192800,192.8,0.1928,158683.45183699526,1332.2840886042873,0.008395860268863147,8.395860268863146e+17,104,0.0006553928515925665,6.553928515925665e+26,1030.9830047317882,16.832140566040334,174.20624414360873,41.5513488856153,0.0,68.71135027723443,0.006497104725140761,0.00010607369811523164,0.001097822376101063,0.0002618505484005867,0.0,0.0004330089211055034,5450,2731,5319,0.2022962962962963,0.394,1,0,0
flow,0.2,0.5,0,registered,during_vibration,flow_dump_0.2_0.5.shear.wave,1929,192900,192.9,0.1929,158683.45183699526,1204.354627268923,0.007589667437446942,7.589667437446941e+17,100,0.0006301854342236216,6.301854342236216e+26,966.5605967977774,18.286038910046095,123.21192860489778,33.76949334766632,0.0,62.52656960853524,0.006091124093964502,0.00011523595370757438,0.0007764636272940737,0.000212810428288108,0.0,0.0003940333341926828,5464,2709,5327,0.20066666666666666,0.3945925925925926,1,0,0
flow,0.2,0.5,0,registered,during_vibration,flow_dump_0.2_0.5.shear.wave,1930,193000,193.0,0.193,158683.45183699526,1214.1654642106573,0.007651493902829182,7.651493902829181e+17,101,0.0006364872885658578,6.364872885658577e+26,979.4049543969635,15.454271579116966,116.30521719607012,36.46123339239034,0.0,66.53978764611611,0.006172067364674167,9.7390568456956e-05,0.0007329385380117807,0.00022977338197712317,0.0,0.00041932404970915254,5465,2697,5338,0.19977777777777778,0.39540740740740743,1,0,0
flow,0.2,0.5,0,registered,during_vibration,flow_dump_0.2_0.5.shear.wave,1931,193100,193.1,0.1931,158683.45183699526,1261.199889140182,0.00794789799780589,7.94789799780589e+17,98,0.0006175817255391491,6.1758172553914915e+26,1029.4327404717656,16.508444345742312,132.43018804664734,19.737810884509685,0.0,63.09070539151773,0.006487335185582124,0.0001040338116837811,0.0008345557555849231,0.0001243848092287846,0.0,0.00039758843572628187,5456,2691,5353,0.19933333333333333,0.3965185185185185,1,0,0
flow,0.2,0.5,0,registered,during_vibration,flow_dump_0.2_0.5.shear.wave,1932,193200,193.20000000000002,0.19319999999999998,158683.45183699526,1166.8504470295397,0.007353321556353374,7.353321556353375e+17,100,0.0006301854342236216,6.301854342236216e+26,913.6686896850289,10.074338094406826,123.10195569060461,21.498852958085607,0.0,98.50661060141438,0.005757806999456873,6.348701126539339e-05,0.000775770594006607,0.0001354826398670097,0.0,0.0006207743117574953,5445,2701,5354,0.20007407407407407,0.3965925925925926,1,0,0
flow,0.2,0.5,0,registered,during_vibration,flow_dump_0.2_0.5.shear.wave,1933,193300,193.3,0.1933,158683.45183699526,1213.2230149004297,0.007645554724551186,7.645554724551186e+17,106,0.0006679965602770389,6.679965602770389e+26,937.3297875990924,20.01310795687941,124.0775398905715,13.71406311378515,0.0,118.08851634010071,0.00590691579208869,0.00012611969127970267,0.0007819185835333853,8.642402818330847e-05,0.0,0.000744176629466096,5469,2724,5307,0.20177777777777778,0.39311111111111113,1,0,0
flow,0.2,0.5,0,registered,during_vibration,flow_dump_0.2_0.5.shear.wave,1934,193400,193.4,0.1934,158683.45183699526,1121.9306480152193,0.007070243525882601,7.070243525882601e+17,90,0.0005671668908012594,5.671668908012594e+26,903.8670424225071,9.670349200418304,117.65658166658756,13.837044554786978,0.0,76.89963017091921,0.005696038446094482,6.0941132099596606e-05,0.0007414546400682547,8.71990393113003e-05,0.0,0.00048461026830896636,5475,2747,5278,0.20348148148148149,0.39096296296296296,1,0,0
flow,0.2,0.5,0,registered,during_vibration,flow_dump_0.2_0.5.shear.wave,1935,193500,193.5,0.19349999999999998,158683.4518369953,1155.963266971432,0.007284712133429479,7.284712133429478e+17,99,0.0006238835798813853,6.238835798813853e+26,934.6737352357684,9.089210061009537,109.72850768807734,37.761329185120196,0.0,64.71048480145649,0.005890177736969669,5.727887789047004e-05,0.00069149307264121,0.0002379663962938608,0.0,0.00040779604963426917,5463,2762,5275,0.2045925925925926,0.3907407407407407,1,0,0
flow,0.2,0.5,0,registered,during_vibration,flow_dump_0.2_0.5.shear.wave,1936,193600,193.6,0.1936,158683.45183699526,1190.4290031688242,0.007501910182743385,7.501910182743386e+17,101,0.0006364872885658578,6.364872885658577e+26,1005.7460379480892,6.845727191710811,93.71776565777574,35.93191664360933,0.0,48.187555727638745,0.0063380650364300364,4.314077562884731e-05,0.0005905957084551301,0.0002264377049253992,0.0,0.00030367095730396984,5473,2756,5271,0.20414814814814816,0.3904444444444444,1,0,0
flow,0.2,0.5,0,registered,during_vibration,flow_dump_0.2_0.5.shear.wave,1937,193700,193.70000000000002,0.19369999999999998,158683.45183699526,1280.5662577049534,0.008069942031639141,8.069942031639141e+17,113,0.0007121095406726924,7.121095406726925e+26,1056.5328536787567,9.641539054512176,102.86326034911264,32.51820053448948,0.0,79.01040408808278,0.006658116151670694,6.075957475651761e-05,0.0006482292838876298,0.00020492496323998058,0.0,0.0004979120580843225,5471,2727,5302,0.202,0.3927407407407407,1,0,0
flow,0.2,0.5,0,registered,during_vibration,flow_dump_0.2_0.5.shear.wave,1938,193800,193.8,0.1938,158683.45183699526,1249.9533992197448,0.007877024256465867,7.877024256465868e+17,111,0.00069950583198822,6.995058319882199e+26,1012.3945623238645,14.335777546980717,117.35986643057065,33.20457627298349,0.0,72.65861664534584,0.006379963068636979,9.034198198377288e-05,0.000739584783869754,0.00020925040316801462,0.0,0.0004578840188073493,5465,2707,5328,0.2005185185185185,0.39466666666666667,1,0,0
flow,0.2,0.5,0,registered,during_vibration,flow_dump_0.2_0.5.shear.wave,1939,193900,193.9,0.1939,158683.4518369953,1237.8694782397763,0.007800873146567012,7.800873146567012e+17,112,0.000705807686330456,7.058076863304561e+26,1002.7873943622765,13.25857335521164,112.4465508013896,28.193896499388984,0.0,81.18306322151,0.006319420095501652,8.355359807039786e-05,0.0007086217844372222,0.00017767382907923288,0.0,0.0005116038394785099,5484,2694,5322,0.19955555555555557,0.3942222222222222,1,0,0
flow,0.2,0.5,0,registered,during_vibration,flow_dump_0.2_0.5.shear.wave,1940,194000,194.0,0.19399999999999998,158683.45183699526,1275.1531901102483,0.00803582966811263,8.035829668112631e+17,106,0.0006679965602770389,6.679965602770389e+26,1054.5068371691711,8.683515411079952,109.9767262634671,46.79303147366445,0.0,55.19307979286525,0.00664534849073232,5.47222492991893e-05,0.0006930573099483538,0.00029488286857870825,0.0,0.00034781874955405783,5489,2677,5334,0.1982962962962963,0.39511111111111114,1,0,0
flow,0.2,0.5,0,registered,during_vibration,flow_dump_0.2_0.5.shear.wave,1941,194100,194.1,0.1941,158683.45183699526,1239.504729017508,0.007811178258781307,7.811178258781307e+17,105,0.0006616947059348027,6.616947059348027e+26,1008.2750845796338,18.505192704691666,119.18715960959018,26.721403414178198,0.0,66.8158887094137,0.006354002719926753,0.00011661702899997912,0.0007511001193244968,0.00016839439213628453,0.0,0.0004210639983937905,5479,2670,5351,0.19777777777777777,0.3963703703703704,1,0,0
flow,0.2,0.5,0,registered,during_vibration,flow_dump_0.2_0.5.shear.wave,1942,194200,194.20000000000002,0.19419999999999998,158683.45183699526,1178.094450220965,0.007424179626689376,7.424179626689376e+17,94,0.0005923743081702043,5.9237430817020434e+26,961.7132558973806,0.0,129.85716998886795,20.35460654066835,0.0,66.1694177940476,0.006060576857663037,0.0,0.0008183409705648539,0.00012827176561282052,0.0,0.00041699003284866124,5472,2665,5363,0.19740740740740742,0.39725925925925926,1,0,0
flow,0.2,0.5,0,registered,during_vibration,flow_dump_0.2_0.5.shear.wave,1943,194300,194.3,0.1943,158683.4518369953,1165.599034754985,0.007345435338477043,7.345435338477043e+17,102,0.0006427891429080939,6.427891429080939e+26,953.5016698637256,7.6420176386396355,117.60194236464588,27.460416595243323,0.0,59.392988292730735,0.006008828638560201,4.815888203950693e-05,0.0007411103111460567,0.00017305154556034955,0.0,0.0003742859611709299,5479,2671,5350,0.19785185185185186,0.3962962962962963,1,0,0
flow,0.2,0.5,0,registered,during_vibration,flow_dump_0.2_0.5.shear.wave,1944,194400,194.4,0.1944,158683.45183699526,1168.5964878245497,0.00736432485111913,7.364324851119131e+17,99,0.0006238835798813854,6.238835798813854e+26,971.7038015802476,10.176079876790215,106.58861230967219,25.53682741250241,0.0,54.59116664533765,0.006123535821355922,6.412817315849299e-05,0.0006717059093166402,0.00016092936671641516,0.0,0.00034402558057166195,5484,2691,5325,0.19933333333333333,0.39444444444444443,1,0,0
flow,0.2,0.5,0,registered,during_vibration,flow_dump_0.2_0.5.shear.wave,1945,194500,194.5,0.19449999999999998,158683.45183699526,1246.5490006082618,0.00785557023229339,7.85557023229339e+17,103,0.0006490909972503302,6.490909972503302e+26,1047.17798790579,10.34668273548646,108.04247024054521,25.43772969697274,0.0,55.54413002946741,0.0065991631501782855,6.520328752436584e-05,0.000680867910231307,0.00016030486734749878,0.0,0.0003500310170119322,5478,2697,5325,0.19977777777777778,0.39444444444444443,1,0,0
flow,0.2,0.5,0,registered,during_vibration,flow_dump_0.2_0.5.shear.wave,1946,194600,194.6,0.1946,158683.45183699526,1275.609170139112,0.008038703187837499,8.038703187837499e+17,110,0.0006932039776459838,6.932039776459838e+26,1056.9441457113392,14.74025967623249,117.20773860344659,27.591675245841138,0.0,59.12535090225288,0.00666070805415215,9.289096944635512e-05,0.0007386260964618172,0.0001738787184575755,0.0,0.0003725993493196023,5476,2724,5300,0.20177777777777778,0.3925925925925926,1,0,0
flow,0.2,0.5,0,registered,during_vibration,flow_dump_0.2_0.5.shear.wave,1947,194700,194.70000000000002,0.19469999999999998,158683.4518369953,1333.5826561716688,0.008404043652526337,8.404043652526337e+17,112,0.000705807686330456,7.058076863304561e+26,1086.280679908292,15.375367265143302,123.65509135237451,45.0849868380391,0.0,63.18653080781934,0.0068455826195673785,9.689332496331987e-05,0.0007792563743785772,0.0002841190200749593,0.0,0.00039819231354209866,5485,2708,5307,0.2005925925925926,0.39311111111111113,1,0,0
flow,0.2,0.5,0,registered,during_vibration,flow_dump_0.2_0.5.shear.wave,1948,194800,194.8,0.1948,158683.45183699526,1279.2589443161457,0.00806170353308322,8.06170353308322e+17,107,0.0006742984146192752,6.742984146192752e+26,1060.106869152646,11.413177606384078,125.14889930061578,35.97497357533431,0.0,46.615024681165906,0.006680639076604042,7.192418285750465e-05,0.0007886701344836684,0.00022670904343755364,0.0,0.00029376109570045377,5475,2712,5313,0.2008888888888889,0.39355555555555555,1,0,0
flow,0.2,0.5,0,registered,during_vibration,flow_dump_0.2_0.5.shear.wave,1949,194900,194.9,0.1949,158683.45183699526,1236.122671817814,0.007789865026931724,7.789865026931725e+17,104,0.0006553928515925665,6.553928515925665e+26,971.917618176199,13.108954592807848,114.20170190841684,42.862401342148374,0.0,94.03199579824214,0.00612488326239956,8.261072242286352e-05,0.0007196824910623226,0.00027011261001668916,0.0,0.0005925759410302898,5452,2699,5349,0.19992592592592592,0.3962222222222222,1,0,0
flow,0.2,0.5,0,registered,during_vibration,flow_dump_0.2_0.5.shear.wave,1950,195000,195.0,0.19499999999999998,158683.45183699526,1200.7898371468443,0.0075672026493369595,7.56720264933696e+17,101,0.0006364872885658578,6.364872885658577e+26,974.515180764967,16.68261316839459,112.68859713844442,27.661173794262837,0.0,69.2422722807753,0.006141252723478818,0.00010513139823509451,0.0007101471251974136,0.00017431668818672588,0.0,0.00043635471423890615,5458,2680,5362,0.1985185185185185,0.3971851851851852,1,0,0
flow,0.2,0.5,0,registered,during_vibration,flow_dump_0.2_0.5.shear.wave,1951,195100,195.1,0.1951,158683.45183699526,1213.4531410997606,0.007647004946339702,7.647004946339702e+17,99,0.0006238835798813854,6.238835798813854e+26,994.1236648177451,3.6066397066168507,112.46602047765495,17.208750902056593,0.0,86.04806519568727,0.006264822533851487,2.2728518096024954e-05,0.000708744479501137,0.00010844704159658674,0.0,0.0005422623732944668,5442,2692,5366,0.1994074074074074,0.3974814814814815,1,0,0
flow,0.2,0.5,0,registered,during_vibration,flow_dump_0.2_0.5.shear.wave,1952,195200,195.20000000000002,0.19519999999999998,158683.45183699526,1186.9314349935273,0.007479869017550623,7.479869017550624e+17,98,0.0006175817255391491,6.1758172553914915e+26,971.8352984015195,0.0,115.8414955372962,17.52633163583178,0.0,81.72830941887963,0.006124364495170044,0.0,0.0007300162316628473,0.00011044838912273848,0.0,0.0005150399015949916,5450,2694,5356,0.19955555555555557,0.3967407407407407,1,0,0
flow,0.2,0.5,0,registered,during_vibration,flow_dump_0.2_0.5.shear.wave,1953,195300,195.3,0.1953,158683.45183699526,1140.8923155657324,0.007189737192871842,7.189737192871841e+17,92,0.0005797705994857318,5.7977059948573184e+26,935.3467066567645,0.0,120.71838928957557,12.70342745587217,0.0,72.12379216352053,0.005894418704841275,0.0,0.0007607497057322737,8.00551494740708e-05,0.0,0.00045451363282422426,5449,2710,5341,0.20074074074074075,0.3956296296296296,1,0,0
flow,0.2,0.5,0,registered,during_vibration,flow_dump_0.2_0.5.shear.wave,1954,195400,195.4,0.1954,158683.4518369953,1114.6196238836328,0.007024170516712768,7.024170516712768e+17,89,0.0005608650364590231,5.608650364590231e+26,939.5043511060794,0.0,106.95649401141699,12.838581088442302,0.0,55.32019767769363,0.005920619574567664,0.0,0.0006740242462162099,8.090686798035187e-05,0.0,0.00034861982794853936,5460,2721,5319,0.20155555555555554,0.394,1,0,0
flow,0.2,0.5,0,registered,during_vibration,flow_dump_0.2_0.5.shear.wave,1955,195500,195.5,0.19549999999999998,158683.45183699526,1154.9823318862682,0.007278530423403589,7.278530423403589e+17,93,0.0005860724538279681,5.860724538279681e+26,987.8014351136916,0.0,90.25171413040201,29.23036578135013,0.0,47.69881686082484,0.006224980763138383,0.0,0.0005687531565869356,0.00018420550752435422,0.0,0.00030059099615391906,5473,2730,5297,0.20222222222222222,0.39237037037037037,1,0,0
flow,0.2,0.5,0,registered,during_vibration,flow_dump_0.2_0.5.shear.wave,1956,195600,195.6,0.1956,158683.45183699526,1164.517145809992,0.007338617431931222,7.338617431931222e+17,101,0.0006364872885658578,6.364872885658577e+26,988.5421458495814,0.0,85.386288284297,31.861960515188013,0.0,58.72675116092556,0.006229648614305691,0.0,0.0005380919515918304,0.00020078943422479644,0.0,0.00037008743180890445,5462,2720,5318,0.20148148148148148,0.3939259259259259,1,0,0
flow,0.2,0.5,0,registered,during_vibration,flow_dump_0.2_0.5.shear.wave,1957,195700,195.70000000000002,0.19569999999999999,158683.45183699526,1272.3129388522054,0.008017930818389092,8.017930818389092e+17,104,0.0006553928515925665,6.553928515925665e+26,1034.287393256346,4.042121672062316,103.48022096131307,36.90159855875677,0.0,93.60160440372653,0.00651792850031268,2.5472862010933018e-05,0.0006521172798006138,0.000232548499112959,0.0,0.0005898636771519006,5454,2710,5336,0.20074074074074075,0.39525925925925925,1,0,0
flow,0.2,0.5,0,registered,during_vibration,flow_dump_0.2_0.5.shear.wave,1958,195800,195.8,0.1958,158683.4518369953,1274.184026391104,0.008029722139520802,8.029722139520803e+17,112,0.000705807686330456,7.058076863304561e+26,1059.5783087463842,4.506291619088266,98.9306433639062,37.51254498765288,0.0,73.65623767407183,0.006677308165912706,2.8397993407134052e-05,0.0006234465044630546,0.00023639859451877166,0.0,0.00046417088121913225,5449,2688,5363,0.1991111111111111,0.39725925925925926,1,0,0
flow,0.2,0.5,0,registered,during_vibration,flow_dump_0.2_0.5.shear.wave,1959,195900,195.9,0.1959,158683.45183699526,1254.6691081303914,0.007906741967141147,7.906741967141147e+17,108,0.0006806002689615113,6.806002689615113e+26,1014.6887504501726,4.601898200569218,109.88087922872579,37.73145648506701,0.0,87.76612376585699,0.006394420708042661,2.9000492157786157e-05,0.0006924532958962788,0.00023777814288931636,0.0,0.000553089328155107,5467,2670,5363,0.19777777777777777,0.39725925925925926,1,0,0
flow,0.2,0.5,0,registered,during_vibration,flow_dump_0.2_0.5.shear.wave,1960,196000,196.0,0.19599999999999998,158683.45183699526,1252.2494536157592,0.007891493656831401,7.891493656831401e+17,111,0.00069950583198822,6.995058319882199e+26,1041.5300388091614,0.0,109.33233761357802,25.743576438046645,0.0,75.6435007549727,0.006563570597638968,0.0,0.0006889964665369626,0.00016223226896079418,0.0,0.0004766943236946732,5451,2657,5392,0.1968148148148148,0.39940740740740743,1,0,0
flow,0.2,0.5,0,registered,during_vibration,flow_dump_0.2_0.5.shear.wave,1961,196100,196.1,0.1961,158683.45183699526,1244.479816618899,0.007842530536185138,7.842530536185138e+17,105,0.0006616947059348027,6.616947059348027e+26,1007.1393304784838,6.499585492769968,119.18781974611746,32.627929920605176,0.0,79.0251509809226,0.006346845363012709,4.095944106034794e-05,0.0007511042794087377,0.0002056164618483447,0.0,0.0004980049908549996,5458,2646,5396,0.196,0.3997037037037037,1,0,0
flow,0.2,0.5,0,registered,during_vibration,flow_dump_0.2_0.5.shear.wave,1962,196200,196.20000000000002,0.19619999999999999,158683.4518369953,1246.791193411555,0.00785709649606248,7.857096496062481e+17,102,0.0006427891429080939,6.427891429080939e+26,1007.708088328885,0.0,119.94707659932553,25.341114271709245,0.0,93.79491421163503,0.006350429592141939,0.0,0.0007558890055059995,0.00015969601101027502,0.0,0.0005910818874042654,5466,2659,5375,0.19696296296296295,0.39814814814814814,1,0,0
flow,0.2,0.5,0,registered,during_vibration,flow_dump_0.2_0.5.shear.wave,1963,196300,196.3,0.1963,158683.45183699526,1231.991337221709,0.007763829958068029,7.76382995806803e+17,104,0.0006553928515925665,6.553928515925665e+26,1021.2700176825506,5.759643035275358,108.53149754644258,25.894457108448965,0.0,70.53572184899132,0.006435894895528439,3.62964314715806e-05,0.0006839496890824484,0.00016318309696872855,0.0,0.00044450584501683183,5444,2700,5356,0.2,0.3967407407407407,1,0,0
flow,0.2,0.5,0,registered,during_vibration,flow_dump_0.2_0.5.shear.wave,1964,196400,196.4,0.1964,158683.45183699526,1286.7582967043083,0.008108963359494523,8.108963359494523e+17,109,0.0006869021233037475,6.869021233037475e+26,1040.6060502418816,3.9804764434247,109.1792888567798,27.068839371692786,0.0,105.92364179052952,0.006557747756274079,2.5084382759164915e-05,0.00068803197556436,0.00017058388293379682,0.0,0.0006675153619631219,5465,2709,5326,0.20066666666666666,0.39451851851851855,1,0,0
flow,0.2,0.5,0,registered,during_vibration,flow_dump_0.2_0.5.shear.wave,1965,196500,196.5,0.19649999999999998,158683.45183699526,1278.5127422816804,0.008057001076552139,8.05700107655214e+17,104,0.0006553928515925665,6.553928515925665e+26,1056.2051532511105,5.206458002179325,131.35225513367513,26.346316788910528,0.0,59.40255910580585,0.006656051031307778,3.281033996870427e-05,0.0008277627793766699,0.00016603065085812673,0.0,0.00037434627504086607,5459,2707,5334,0.2005185185185185,0.39511111111111114,1,0,0
flow,0.2,0.5,0,registered,during_vibration,flow_dump_0.2_0.5.shear.wave,1966,196600,196.6,0.1966,158683.4518369953,1276.216476802405,0.008042530345970638,8.042530345970638e+17,110,0.0006932039776459837,6.932039776459836e+26,1042.9966043029362,4.969075712462349,114.06828427203223,26.311704220431842,0.0,87.8708082945426,0.006572812679764086,3.1314391355481366e-05,0.0007188417125511413,0.00016581252749316334,0.0,0.0005537490348067693,5445,2713,5342,0.20096296296296295,0.3957037037037037,1,0,0
flow,0.2,0.5,0,registered,during_vibration,flow_dump_0.2_0.5.shear.wave,1967,196700,196.70000000000002,0.19669999999999999,158683.45183699526,1323.4738080300183,0.008340339163969871,8.340339163969871e+17,113,0.0007121095406726924,7.121095406726925e+26,1100.8698947926925,3.1219000102356866,117.79394902575045,30.24117836412457,0.0,71.44688583721552,0.006937521726736456,1.9673759135531047e-05,0.000742320309157077,0.0001905755011882983,0.0,0.0004502478677525118,5449,2708,5343,0.2005925925925926,0.3957777777777778,1,0,0
flow,0.2,0.5,0,registered,during_vibration,flow_dump_0.2_0.5.shear.wave,1968,196800,196.8,0.1968,158683.45183699526,1292.7451157573466,0.008146691421140094,8.146691421140095e+17,107,0.0006742984146192752,6.742984146192752e+26,1125.4280087938457,5.080415681626676,89.8518867237354,23.30896093384616,0.0,49.07584362429279,0.0070922833840917545,3.2016039623624036e-05,0.0005662335025080886,0.00014688967667397275,0.0,0.000309268818242655,5436,2708,5356,0.2005925925925926,0.3967407407407407,1,0,0
flow,0.2,0.5,0,registered,during_vibration,flow_dump_0.2_0.5.shear.wave,1969,196900,196.9,0.1969,158683.45183699526,1174.796361719031,0.007403395553342383,7.403395553342383e+17,96,0.0006049780168546768,6.049780168546768e+26,981.5967366118232,0.0,103.33519589044398,31.492818764153395,0.0,58.371610452610625,0.006185879656942117,0.0,0.0006512033529280244,0.00019846315667813825,0.0,0.00036784938679410516,5443,2696,5361,0.19970370370370372,0.39711111111111114,1,0,0
flow,0.2,0.5,0,registered,during_vibration,flow_dump_0.2_0.5.shear.wave,1970,197000,197.0,0.19699999999999998,158683.45183699526,1203.5999162761718,0.00758491135870014,7.58491135870014e+17,99,0.0006238835798813854,6.238835798813854e+26,983.3197921214108,8.877684308484813,124.29406225305276,26.783811561137668,0.0,60.32456603208538,0.006196738101787126,5.5945873408427336e-05,0.000783283075923579,0.00016878767918819198,0.0,0.0003801566283928126,5432,2684,5384,0.1988148148148148,0.3988148148148148,1,0,0
flow,0.2,0.5,0,registered,during_vibration,flow_dump_0.2_0.5.shear.wave,1971,197100,197.1,0.1971,158683.45183699526,1171.6501605954434,0.007383568652130155,7.383568652130154e+17,96,0.0006049780168546768,6.049780168546768e+26,989.7982195983316,0.0,103.04079933268626,18.62333083964499,0.0,60.18781082478014,0.006237564208113422,0.0,0.0006493481087021795,0.0001173615183187184,0.0,0.00037929481699583266,5429,2691,5380,0.19933333333333333,0.3985185185185185,1,0,0
flow,0.2,0.5,0,registered,during_vibration,flow_dump_0.2_0.5.shear.wave,1972,197200,197.20000000000002,0.1972,158683.45183699526,1225.6832007079945,0.007724077000587659,7.724077000587658e+17,97,0.000611279871196913,6.112798711969129e+26,975.3907140969776,0.0,149.09170355992237,18.931652176473186,0.0,82.26913087462009,0.0061467702070089215,0.0,0.0009395541994704914,0.00011930451447401326,0.0,0.0005184480796342241,5430,2687,5383,0.19903703703703704,0.39874074074074073,1,0,0
flow,0.2,0.5,0,registered,during_vibration,flow_dump_0.2_0.5.shear.wave,1973,197300,197.3,0.1973,158683.45183699526,1126.7966742383271,0.007100908514366128,7.100908514366129e+17,95,0.0005986761625124405,5.986761625124405e+26,918.663462752357,0.0,120.58447081680305,12.70578981392649,0.0,74.84295085524059,0.005789283331799699,0.0,0.0007599057710231266,8.007003671043333e-05,0.0,0.0004716493748328696,5441,2703,5356,0.20022222222222222,0.3967407407407407,1,0,0
flow,0.2,0.5,0,registered,during_vibration,flow_dump_0.2_0.5.shear.wave,1974,197400,197.4,0.1974,158683.45183699526,1260.4655242723938,0.007943270137375034,7.943270137375034e+17,97,0.000611279871196913,6.112798711969129e+26,1017.0328757010099,0.0,134.32994340659465,24.8466010391492,0.0,84.25610412564008,0.006409193043933395,0.0,0.0008465277371491937,0.00015657966064837325,0.0,0.0005309696956440717,5437,2722,5341,0.20162962962962963,0.3956296296296296,1,0,0
flow,0.2,0.5,0,registered,during_vibration,flow_dump_0.2_0.5.shear.wave,1975,197500,197.5,0.19749999999999998,158683.45183699526,1241.5651180438983,0.00782416253031396,7.82416253031396e+17,101,0.0006364872885658578,6.364872885658577e+26,1001.0478666437417,0.0,98.96686969696468,63.23376123881723,0.0,78.3166204643743,0.006308457845195164,0.0,0.0006236747975373427,0.00039848995283876847,0.0,0.0004935399347426829,5424,2714,5362,0.20103703703703704,0.3971851851851852,1,0,0
flow,0.2,0.5,0,registered,during_vibration,flow_dump_0.2_0.5.shear.wave,1976,197600,197.6,0.1976,158683.45183699526,1180.237610113232,0.007437685508162565,7.437685508162565e+17,100,0.0006301854342236216,6.301854342236216e+26,985.8726492715415,0.0,93.35792780456107,39.55381245613949,0.0,61.4532205809893,0.006212825835703786,0.0,0.0005883280627173484,0.0002492623647787196,0.0,0.00038726924496270743,5421,2719,5360,0.2014074074074074,0.397037037037037,1,0,0
flow,0.2,0.5,0,registered,during_vibration,flow_dump_0.2_0.5.shear.wave,1977,197700,197.70000000000002,0.1977,158683.4518369953,1227.6034341728143,0.007736178032186039,7.736178032186039e+17,109,0.0006869021233037474,6.869021233037473e+26,985.8737491162899,5.929106759033129,111.46610680316638,40.625968297986375,0.0,83.70850319633875,0.006212832766765188,3.7364367174995015e-05,0.0007024431691696998,0.00025601893472621624,0.0,0.0005275187943499414,5414,2710,5376,0.20074074074074075,0.3982222222222222,1,0,0
flow,0.2,0.5,0,registered,during_vibration,flow_dump_0.2_0.5.shear.wave,1978,197800,197.8,0.1978,158683.45183699526,1209.7962359658623,0.007623959662842498,7.623959662842499e+17,107,0.0006742984146192752,6.742984146192752e+26,988.8329684908706,2.668347289728966,97.315853068161,40.17462755345774,0.0,80.80443956364411,0.0062314813362305205,1.681553595437272e-05,0.000613270331226012,0.00025317465109548037,0.0,0.0005092178083361145,5417,2682,5401,0.19866666666666666,0.4000740740740741,1,0,0
flow,0.2,0.5,0,registered,during_vibration,flow_dump_0.2_0.5.shear.wave,1979,197900,197.9,0.1979,158683.45183699526,1192.9380373292395,0.007517721750562017,7.517721750562017e+17,100,0.0006301854342236216,6.301854342236216e+26,946.5367034799556,8.768070728434772,121.88880824376446,40.728005881796506,0.0,75.0164489952886,0.005964936434911112,5.525510459302093e-05,0.0007681255155009645,0.00025666196071682146,0.0,0.0004727427348401011,5438,2664,5398,0.19733333333333333,0.39985185185185185,1,0,0
flow,0.2,0.5,0,registered,during_vibration,flow_dump_0.2_0.5.shear.wave,1980,198000,198.0,0.19799999999999998,158683.45183699526,1228.3079681186694,0.00774061790249198,7.74061790249198e+17,105,0.0006616947059348027,6.616947059348027e+26,1004.9696882869756,0.0,96.08739846964238,41.74067898706619,0.0,85.51020237498543,0.006333172593947054,0.0,0.0006055287892800974,0.000263043679122531,0.0,0.0005388728401422995,5433,2654,5413,0.1965925925925926,0.40096296296296297,1,0,0
flow,0.2,0.5,0,registered,during_vibration,flow_dump_0.2_0.5.shear.wave,1981,198100,198.1,0.1981,158683.4518369953,1252.6996332444457,0.007894330623279225,7.894330623279224e+17,103,0.0006490909972503301,6.490909972503302e+26,1019.8169132324807,2.8215147634846014,123.31933705807776,22.993397723496784,0.0,83.74847046690654,0.0064267376429400416,1.778077506394902e-05,0.0007771404997211388,0.0001449010432865825,0.0,0.0005277706622675163,5429,2640,5431,0.19555555555555557,0.4022962962962963,1,0,0
flow,0.2,0.5,0,registered,during_vibration,flow_dump_0.2_0.5.shear.wave,1982,198200,198.20000000000002,0.1982,158683.45183699526,1228.1151267174948,0.007739402644070625,7.739402644070625e+17,100,0.0006301854342236216,6.301854342236216e+26,997.2750544352272,9.942147913578134,114.26922828101777,26.47185622464001,0.0,80.1568398630311,0.006284682132196495,6.26539680003371e-05,0.0007201080324267132,0.00016682178209630045,0.0,0.0005051367293507755,5442,2623,5435,0.1942962962962963,0.4025925925925926,1,0,0
flow,0.2,0.5,0,registered,during_vibration,flow_dump_0.2_0.5.shear.wave,1983,198300,198.3,0.1983,158683.45183699526,1185.810010847355,0.0074728019659255785,7.472801965925578e+17,96,0.0006049780168546768,6.049780168546768e+26,984.9578743991985,7.124432933745314,109.64037285788139,25.512252866305893,0.0,58.57507779022439,0.006207061057702343,4.489713861949361e-05,0.0006909376597788376,0.00016077450150575815,0.0,0.0003691316083191497,5445,2660,5395,0.19703703703703704,0.3996296296296296,1,0,0
flow,0.2,0.5,0,registered,during_vibration,flow_dump_0.2_0.5.shear.wave,1984,198400,198.4,0.1984,158683.45183699526,1219.2502989444602,0.007683537790675951,7.683537790675951e+17,107,0.0006742984146192752,6.742984146192752e+26,992.4390391005194,11.06100575343778,119.69198188018797,30.67023477547928,0.0,65.3880374348359,0.006254206267960346,6.970484713680163e-05,0.000754281435742521,0.0001932793521972583,0.0,0.0004120658876390248,5445,2698,5357,0.19985185185185186,0.39681481481481484,1,0,0
flow,0.2,0.5,0,registered,during_vibration,flow_dump_0.2_0.5.shear.wave,1985,198500,198.5,0.19849999999999998,158683.4518369953,1195.2182842386171,0.007532091534449247,7.532091534449247e+17,100,0.0006301854342236215,6.301854342236214e+26,986.6412685507071,2.9088685200307136,106.30224880732877,31.788174254129334,0.0,67.57772410642107,0.0062176695624457205,1.8331265713949783e-05,0.0006699012882359392,0.0002003244439551464,0.0,0.0004258649740984906,5440,2718,5342,0.20133333333333334,0.3957037037037037,1,0,0
flow,0.2,0.5,0,registered,during_vibration,flow_dump_0.2_0.5.shear.wave,1986,198600,198.6,0.1986,158683.45183699526,1221.9802037384766,0.007700741253056014,7.700741253056014e+17,99,0.0006238835798813854,6.238835798813854e+26,1029.298012388877,11.39995890443446,101.37271921807003,24.765421774106734,0.0,55.14409145298879,0.0064864861488279505,7.184088052322472e-05,0.0006388361107886873,0.00015606808074446587,0.0,0.0003475100321716884,5421,2714,5365,0.20103703703703704,0.39740740740740743,1,0,0
flow,0.2,0.5,0,registered,during_vibration,flow_dump_0.2_0.5.shear.wave,1987,198700,198.70000000000002,0.1987,158683.45183699526,1287.1405835320493,0.008111372475399902,8.111372475399903e+17,105,0.0006616947059348027,6.616947059348027e+26,1096.7629850965413,5.454810352912469,101.7786003479842,18.807015199008525,0.0,64.33717253560268,0.006911640580034593,3.437542030857651e-05,0.0006413939145496686,0.00011851907039637438,0.0,0.0004054434901106883,5410,2713,5377,0.20096296296296295,0.3982962962962963,1,0,0
flow,0.2,0.5,0,registered,during_vibration,flow_dump_0.2_0.5.shear.wave,1988,198800,198.8,0.1988,158683.45183699526,1273.7287363596276,0.008026852968058967,8.026852968058967e+17,103,0.0006490909972503302,6.490909972503302e+26,1088.067587236756,4.042129410831863,88.29401875918971,34.73599674294519,0.0,58.589004209904836,0.006856843449274434,2.547291077953149e-05,0.0005564160455110856,0.0002189011919064322,0.0,0.00036921937058748475,5401,2698,5401,0.19985185185185186,0.4000740740740741,1,0,0
flow,0.2,0.5,0,registered,during_vibration,flow_dump_0.2_0.5.shear.wave,1989,198900,198.9,0.1989,158683.4518369953,1224.2614619040303,0.007715117409732369,7.715117409732369e+17,98,0.000617581725539149,6.17581725539149e+26,992.8437804437556,4.428393913910121,107.68119757890665,26.279249765155683,0.0,93.02884020230208,0.0062567568889517,2.790709341550692e-05,0.0006785912225398287,0.00016560800424325636,0.0,0.0005862542005820763,5399,2696,5405,0.19970370370370372,0.4003703703703704,1,0,0
flow,0.2,0.5,0,registered,during_vibration,flow_dump_0.2_0.5.shear.wave,1990,199000,199.0,0.19899999999999998,158683.45183699526,1236.4160317623616,0.007791713738572109,7.791713738572109e+17,100,0.0006301854342236216,6.301854342236216e+26,984.347323662547,0.0,119.29174889049483,21.609695908027675,0.0,111.16726330129278,0.006203213455891419,0.0,0.0007517592257385171,0.0001361811559924084,0.0,0.0007005599009497686,5388,2675,5437,0.19814814814814816,0.40274074074074073,1,0,0
flow,0.2,0.5,0,registered,during_vibration,flow_dump_0.2_0.5.shear.wave,1991,199100,199.1,0.1991,158683.45183699526,1229.392924286968,0.00774745513823231,7.74745513823231e+17,94,0.0005923743081702043,5.9237430817020434e+26,1038.4259359777213,5.2186533755577456,110.49709179083645,13.952232727064015,0.0,61.29901041578793,0.00654400899373191,3.2887193435384266e-05,0.0006963365777065564,8.79249383949386e-05,0.0,0.00038629743496351623,5388,2670,5442,0.19777777777777777,0.4031111111111111,1,0,0
flow,0.2,0.5,0,registered,during_vibration,flow_dump_0.2_0.5.shear.wave,1992,199200,199.20000000000002,0.1992,158683.45183699526,1142.1772897623425,0.007197834913092411,7.197834913092411e+17,92,0.0005797705994857318,5.7977059948573184e+26,921.892462050815,0.0,122.1586200072901,13.523098628917404,0.0,84.60310907531999,0.005809632015049764,0.0,0.000769825829934525,8.522059781513176e-05,0.0,0.0005331564702929895,5385,2669,5446,0.19770370370370371,0.4034074074074074,1,0,0
flow,0.2,0.5,0,registered,during_vibration,flow_dump_0.2_0.5.shear.wave,1993,199300,199.3,0.19929999999999998,158683.45183699526,1158.0140346199573,0.007297635772440258,7.297635772440257e+17,92,0.0005797705994857318,5.7977059948573184e+26,968.4362927860858,0.0,105.0453306595151,15.661100747207293,0.0,68.8713104271485,0.006102944456873138,0.0,0.0006619803731483043,9.869397574798713e-05,0.0,0.0004340169666708242,5403,2695,5402,0.19962962962962963,0.40014814814814814,1,0,0
flow,0.2,0.5,0,registered,during_vibration,flow_dump_0.2_0.5.shear.wave,1994,199400,199.4,0.1994,158683.45183699526,1158.5653811236534,0.007301110277798652,7.301110277798652e+17,94,0.0005923743081702043,5.9237430817020434e+26,944.5664345672134,0.0,116.78053422473651,14.036408150302574,0.0,83.18200418140081,0.0059525200872079746,0.0,0.0007359339166928209,8.845539965138408e-05,0.0,0.0005242008742464718,5407,2711,5382,0.2008148148148148,0.39866666666666667,1,0,0
flow,0.2,0.5,0,registered,during_vibration,flow_dump_0.2_0.5.shear.wave,1995,199500,199.5,0.19949999999999998,158683.45183699526,1175.2188644552123,0.007406058104044994,7.406058104044995e+17,98,0.0006175817255391491,6.1758172553914915e+26,980.1815131432752,0.0,97.75825631330198,17.639376320133355,0.0,79.63971867850148,0.006176961124781614,0.0,0.0006160582920374231,0.00011116078025737107,0.0,0.0005018779069685853,5396,2705,5399,0.20037037037037037,0.3999259259259259,1,0,0
flow,0.2,0.5,0,registered,during_vibration,flow_dump_0.2_0.5.shear.wave,1996,199600,199.6,0.1996,158683.4518369953,1210.044655802118,0.007625525168466304,7.625525168466304e+17,104,0.0006553928515925663,6.553928515925663e+26,991.470493928411,5.26731173802987,107.52359819534078,31.182791362341348,0.0,74.600460577995,0.006248102637361841,3.3193831348215325e-05,0.0006775980541801703,0.00019650940914981677,0.0,0.0004701212364262593,5391,2711,5398,0.2008148148148148,0.39985185185185185,1,0,0
flow,0.2,0.5,0,registered,during_vibration,flow_dump_0.2_0.5.shear.wave,1997,199700,199.70000000000002,0.1997,158683.45183699526,1264.6810065387572,0.007969835492599935,7.969835492599935e+17,114,0.0007184113950149286,7.184113950149286e+26,1000.8402289154117,5.619966483178338,120.43844813431687,30.739969548638776,0.0,107.04239345721186,0.006307149342475275,3.5416210185239406e-05,0.0007589855573474361,0.0001937188105802983,0.0,0.000674565572011688,5388,2706,5406,0.20044444444444445,0.40044444444444444,1,0,0
flow,0.2,0.5,0,registered,during_vibration,flow_dump_0.2_0.5.shear.wave,1998,199800,199.8,0.19979999999999998,158683.45183699526,1240.0381721437477,0.007814539939662737,7.814539939662737e+17,110,0.0006932039776459838,6.932039776459838e+26,1001.9433543655575,4.315876849122622,105.21832959019486,43.87396697480367,0.0,84.68664436406897,0.0063141010783833084,2.7198027262200153e-05,0.0006630705872108108,0.00027648734929129485,0.0,0.0005336828975151222,5381,2674,5445,0.19807407407407407,0.4033333333333333,1,0,0
flow,0.2,0.5,0,registered,during_vibration,flow_dump_0.2_0.5.shear.wave,1999,199900,199.9,0.1999,158683.45183699526,1176.2058647711042,0.007412278036271486,7.412278036271487e+17,98,0.0006175817255391491,6.1758172553914915e+26,952.2590025972248,0.0,97.12948228790528,46.963258512516354,0.0,79.8541213734576,0.006000997530450849,0.0,0.0006120958497151915,0.0002959556145826631,0.0,0.0005032290415227816,5392,2657,5451,0.1968148148148148,0.4037777777777778,1,0,0
flow,0.2,0.5,0,registered,during_vibration,flow_dump_0.2_0.5.shear.wave,2000,200000,200.0,0.19999999999999998,158683.4518369953,1204.607527813405,0.007591261179841339,7.591261179841339e+17,102,0.0006427891429080939,6.427891429080939e+26,987.9008274192548,3.8510785575557667,91.24609403196483,35.37079851012405,0.0,86.23872929450539,0.0062256071189707805,2.4268936130225585e-05,0.0005750195938874315,0.00022290162017938746,0.0,0.0005434639106735123,5405,2659,5436,0.19696296296296295,0.4026666666666667,1,0,0
flow,0.2,0.5,0,registered,during_vibration,flow_dump_0.2_0.5.shear.wave,2001,200100,200.1,0.2001,158683.45183699526,1190.5884283707132,0.007502914857144171,7.502914857144172e+17,104,0.0006553928515925665,6.553928515925665e+26,955.1075577281545,6.9717605120104995,117.21577294787622,27.400553789760608,0.0,83.89278339291107,0.006018948709971797,4.393501925564435e-05,0.0007386767277301481,0.0001726742988796799,0.0,0.000528680101306899,5390,2635,5475,0.19518518518518518,0.40555555555555556,1,0,0
flow,0.2,0.5,0,registered,during_vibration,flow_dump_0.2_0.5.shear.wave,2002,200200,200.20000000000002,0.2002,158683.45183699526,1199.719692415998,0.007560458753118055,7.560458753118054e+17,99,0.0006238835798813854,6.238835798813854e+26,965.6677358041122,6.119152172887796,112.99291599111744,28.40450692735391,0.0,86.53538152052641,0.00608549741403456,3.856200569151714e-05,0.0007120648982805554,0.0001790010653192239,0.0,0.000545333369792197,5413,2626,5461,0.1945185185185185,0.4045185185185185,1,0,0
flow,0.2,0.5,0,registered,during_vibration,flow_dump_0.2_0.5.shear.wave,2003,200300,200.3,0.20029999999999998,158683.45183699526,1185.266895202418,0.007469379330240196,7.469379330240196e+17,95,0.0005986761625124405,5.986761625124405e+26,969.4577519540647,9.786369251503146,116.19160447898655,25.4765994362307,0.0,64.35457008163273,0.006109381543766283,6.167227356231209e-05,0.0007322225672172943,0.00016054981878262317,0.0,0.0004055531269116821,5402,2642,5456,0.1957037037037037,0.40414814814814815,1,0,0
flow,0.2,0.5,0,registered,during_vibration,flow_dump_0.2_0.5.shear.wave,2004,200400,200.4,0.2004,158683.4518369953,1230.3378482758148,0.007753409911574505,7.753409911574505e+17,108,0.0006806002689615112,6.806002689615112e+26,1011.4402251041375,19.60335037681758,99.00728497952602,38.80937051365601,0.0,61.477617301678436,0.006373948974484883,0.0001235374586945258,0.0006239294887612444,0.00024457100009093725,0.0,0.0003874229895429185,5408,2663,5429,0.19725925925925927,0.40214814814814814,1,0,0
flow,0.2,0.5,0,registered,during_vibration,flow_dump_0.2_0.5.shear.wave,2005,200500,200.5,0.20049999999999998,158683.45183699526,1262.5483245206276,0.007956395641163376,7.956395641163375e+17,106,0.0006679965602770389,6.679965602770389e+26,1030.3182203711333,6.5809628184159905,104.3510958642415,39.768924018556255,0.0,81.52912144828056,0.006492915350930916,4.14722691133299e-05,0.0006576054065891779,0.0002506179665124009,0.0,0.0005137846480175506,5395,2684,5421,0.1988148148148148,0.40155555555555555,1,0,0
flow,0.2,0.5,0,registered,during_vibration,flow_dump_0.2_0.5.shear.wave,2006,200600,200.6,0.2006,158683.45183699526,1292.2699258855241,0.008143696843782963,8.143696843782962e+17,98,0.0006175817255391491,6.1758172553914915e+26,1068.9730877073773,12.071283100582217,148.89183493926964,21.377504680667684,0.0,40.956215457627486,0.006736512694502391,7.60714678237667e-05,0.0009382946565355543,0.00013471792069804067,0.0,0.0002581001042232118,5387,2691,5422,0.19933333333333333,0.4016296296296296,1,0,0
flow,0.2,0.5,0,registered,during_vibration,flow_dump_0.2_0.5.shear.wave,2007,200700,200.70000000000002,0.2007,158683.45183699526,1207.905177949268,0.0076120424906692035,7.612042490669203e+17,106,0.0006679965602770389,6.679965602770389e+26,982.3518264751525,16.810044268805157,108.91587892432435,17.17808966813297,0.0,82.64933861285259,0.006190638123276118,0.00010593445046855279,0.0006863720045377274,0.00010825381896644683,0.0,0.0005208440934203564,5397,2699,5404,0.19992592592592592,0.4002962962962963,1,0,0
flow,0.2,0.5,0,registered,during_vibration,flow_dump_0.2_0.5.shear.wave,2008,200800,200.8,0.20079999999999998,158683.4518369953,1199.772800126753,0.007560793430175681,7.560793430175681e+17,103,0.0006490909972503301,6.490909972503302e+26,966.0226805931385,10.486267776351625,118.35715870505598,15.205758974603071,0.0,89.70093407760345,0.006087734224394538,6.608293212025318e-05,0.0007458695745201978,9.582447822109967e-05,0.0,0.0005652822209195898,5391,2676,5433,0.19822222222222222,0.40244444444444444,1,0,0
flow,0.2,0.5,0,registered,during_vibration,flow_dump_0.2_0.5.shear.wave,2009,200900,200.9,0.2009,158683.45183699526,1180.5583064025313,0.007439706489465825,7.439706489465825e+17,94,0.0005923743081702043,5.9237430817020434e+26,993.2410351108014,9.60128019663863,110.17581247318675,24.998464730233444,0.0,42.541713891671264,0.006259260330000197,6.050586929821374e-05,0.0006943119222435549,0.00015753668350946051,0.0,0.0002680916844143993,5402,2675,5423,0.19814814814814816,0.40170370370370373,1,0,0
flow,0.2,0.5,0,registered,during_vibration,flow_dump_0.2_0.5.shear.wave,2010,201000,201.0,0.20099999999999998,158683.45183699526,1185.8769855722935,0.007473224030886752,7.473224030886752e+17,100,0.0006301854342236216,6.301854342236216e+26,958.6606592212095,13.143877378486,109.91650029493981,18.302884584005817,0.0,85.85306409365207,0.006041339838044212,8.283080073143236e-05,0.0006926777746670748,0.00011534211269116535,0.0,0.0005410335047528654,5396,2662,5442,0.19718518518518519,0.4031111111111111,1,0,0
flow,0.2,0.5,0,registered,during_vibration,flow_dump_0.2_0.5.shear.wave,2011,201100,201.1,0.2011,158683.45183699526,1128.3475259377742,0.007110681755882454,7.110681755882454e+17,100,0.0006301854342236216,6.301854342236216e+26,907.9232011768631,19.9190379713594,104.56283500316994,14.73012688196056,0.0,81.21232490442117,0.005721599767753421,0.0001255268759329793,0.0006589397558012554,9.282711405277357e-05,0.0,0.0005117882423420249,5395,2660,5445,0.19703703703703704,0.4033333333333333,1,0,0
flow,0.2,0.5,0,registered,during_vibration,flow_dump_0.2_0.5.shear.wave,2012,201200,201.20000000000002,0.2012,158683.45183699526,1164.6870088437788,0.007339687884028278,7.339687884028278e+17,93,0.0005860724538279681,5.860724538279681e+26,959.1924994891433,0.0,107.72813612839137,16.111277797874024,0.0,81.65509542837098,0.006044691417946067,0.0,0.0006788870224417173,0.00010153092594950636,0.0,0.0005145785176909923,5382,2652,5466,0.19644444444444445,0.4048888888888889,1,0,0
flow,0.2,0.5,0,registered,during_vibration,flow_dump_0.2_0.5.shear.wave,2013,201300,201.3,0.20129999999999998,158683.45183699526,1157.2818505578603,0.007293021655129215,7.293021655129215e+17,96,0.0006049780168546768,6.049780168546768e+26,941.6578857558698,0.0,115.32323449888437,16.779013682958343,0.0,83.5217166201481,0.0059341908362516025,0.0,0.0007267502260875199,0.00010573890023639191,0.0,0.000526341692553703,5391,2679,5430,0.19844444444444445,0.4022222222222222,1,0,0
flow,0.2,0.5,0,registered,during_vibration,flow_dump_0.2_0.5.shear.wave,2014,201400,201.4,0.2014,158683.45183699526,1140.0457308082425,0.007184402139041784,7.184402139041783e+17,98,0.0006175817255391491,6.1758172553914915e+26,915.0715074796309,0.0,104.8989412519694,20.827163754387964,0.0,99.24811832225441,0.005766647352867152,0.0,0.0006610578484247051,0.00013124975234205452,0.0,0.0006254471854078728,5400,2697,5403,0.19977777777777778,0.4002222222222222,1,0,0
flow,0.2,0.5,0,registered,during_vibration,flow_dump_0.2_0.5.shear.wave,2015,201500,201.5,0.20149999999999998,158683.4518369953,1144.1085789185302,0.007210005616047444,7.210005616047444e+17,98,0.000617581725539149,6.17581725539149e+26,926.1635179545535,0.0,87.5442136800689,23.08979868386177,0.0,107.31104860004645,0.005836547587242671,0.0,0.0005516908831173973,0.00014550854809725433,0.0,0.0006762585975901242,5406,2701,5393,0.20007407407407407,0.3994814814814815,1,0,0
flow,0.2,0.5,0,registered,during_vibration,flow_dump_0.2_0.5.shear.wave,2016,201600,201.6,0.2016,158683.45183699526,1223.98493345012,0.007713374767694345,7.713374767694345e+17,111,0.00069950583198822,6.995058319882199e+26,971.0174671972055,9.453225506954816,112.76618531314324,32.54635445820151,0.0,98.2017009746146,0.006119210642043922,5.957285020914136e-05,0.0007106360745730455,0.00020510238516637623,0.0,0.0006188528157018574,5393,2720,5387,0.20148148148148148,0.399037037037037,1,0,0
flow,0.2,0.5,0,registered,during_vibration,flow_dump_0.2_0.5.shear.wave,2017,201700,201.70000000000002,0.2017,158683.45183699526,1248.9431473806935,0.00787065779652719,7.87065779652719e+17,111,0.00069950583198822,6.995058319882199e+26,978.9645049747561,4.953075232091036,128.40521152050374,34.450763878443894,0.0,102.16959177489923,0.006169291716570295,3.121355865877555e-05,0.0008091909397862463,0.00021710369594072623,0.0,0.0006438578855711503,5375,2703,5422,0.20022222222222222,0.4016296296296296,1,0,0
flow,0.2,0.5,0,registered,during_vibration,flow_dump_0.2_0.5.shear.wave,2018,201800,201.8,0.20179999999999998,158683.45183699526,1238.4483944507272,0.007804521392204785,7.804521392204785e+17,107,0.0006742984146192752,6.742984146192752e+26,1044.6414550456445,4.423290773886579,94.63860240280974,18.386259538174954,0.0,76.35878669021187,0.006583178289559354,2.7874934170390533e-05,0.0005963986874953133,0.00011586752950812988,0.0,0.0004812019514716007,5367,2672,5461,0.19792592592592592,0.4045185185185185,1,0,0
flow,0.2,0.5,0,registered,during_vibration,flow_dump_0.2_0.5.shear.wave,2019,201900,201.9,0.2019,158683.4518369953,1207.2376445525279,0.0076078357924343675,7.607835792434368e+17,104,0.0006553928515925663,6.553928515925663e+26,995.5567405269061,17.52496468573723,99.16822061463756,22.087232761417933,0.0,72.90048596382849,0.0062738535682320155,0.0001104397748023495,0.0006249436816921926,0.00013919052368552358,0.0,0.00045940824402228276,5383,2648,5469,0.19614814814814815,0.4051111111111111,1,0,0
flow,0.2,0.5,0,registered,during_vibration,flow_dump_0.2_0.5.shear.wave,2020,202000,202.0,0.20199999999999999,158683.45183699526,1209.8364523770767,0.00762421310080814,7.62421310080814e+17,101,0.0006364872885658578,6.364872885658577e+26,1009.665170518359,12.306164126511351,87.6246060244328,31.92579629802147,0.0,68.31471540975225,0.00636276283903579,7.755165383692711e-05,0.0005521975039618095,0.00020119171803003553,0.0,0.00043050938594357856,5396,2650,5454,0.1962962962962963,0.404,1,0,0
flow,0.2,0.5,0,registered,during_vibration,flow_dump_0.2_0.5.shear.wave,2021,202100,202.1,0.2021,158683.45183699526,1210.4392200362695,0.007628011654798583,7.628011654798583e+17,110,0.0006932039776459838,6.932039776459838e+26,983.8348034311982,12.782766057804203,108.23613025114695,23.493345470707094,0.0,82.09217482541342,0.00619998362804601,8.055512978716313e-05,0.000682088327410035,0.00014805164116823104,0.0,0.0005173329283871461,5398,2623,5479,0.1942962962962963,0.40585185185185185,1,0,0
flow,0.2,0.5,0,registered,during_vibration,flow_dump_0.2_0.5.shear.wave,2022,202200,202.20000000000002,0.2022,158683.45183699526,1235.0275167573184,0.007782963519258318,7.782963519258318e+17,103,0.0006490909972503302,6.490909972503302e+26,1003.3484961946075,15.978283057289499,116.8602767600281,27.53089571507067,0.0,71.30956503032331,0.006322956077520165,0.00010069281246605918,0.0007364364425351091,0.00017349569470767053,0.0,0.0004493824920293188,5409,2609,5482,0.19325925925925927,0.4060740740740741,1,0,0
flow,0.2,0.5,0,registered,during_vibration,flow_dump_0.2_0.5.shear.wave,2023,202300,202.3,0.20229999999999998,158683.4518369953,1235.2468657470952,0.007784345824642006,7.784345824642006e+17,106,0.0006679965602770388,6.679965602770388e+26,995.4583022804372,27.133095586663003,110.89701004988031,27.074407900217885,0.0,74.68404992989683,0.006273233224741064,0.00017098881624112253,0.0006988568043238514,0.00017061897498946255,0.0,0.0004706480043465066,5417,2626,5457,0.1945185185185185,0.4042222222222222,1,0,0
flow,0.2,0.5,0,registered,during_vibration,flow_dump_0.2_0.5.shear.wave,2024,202400,202.4,0.2024,158683.45183699526,1361.9482722545545,0.008582799633408475,8.582799633408475e+17,107,0.0006742984146192752,6.742984146192752e+26,1087.9080590366866,18.81243447998098,122.82186621407958,39.94348382194404,0.0,92.46242870186387,0.006855838125794117,0.00011855322191570244,0.0007740055109227529,0.0002517180169673601,0.0,0.0005826847578085473,5426,2654,5420,0.1965925925925926,0.4014814814814815,1,0,0
flow,0.2,0.5,0,registered,during_vibration,flow_dump_0.2_0.5.shear.wave,2025,202500,202.5,0.20249999999999999,158683.45183699526,1188.7875043158024,0.0074915656960686935,7.491565696068694e+17,101,0.0006364872885658578,6.364872885658577e+26,975.2982843475155,14.753228315553246,96.02456876535103,27.927277013969295,0.0,74.78414587341314,0.0061461877281909225,9.297269592237152e-05,0.0006051328456352876,0.00017599363191731608,0.0,0.00047127879440279517,5426,2675,5399,0.19814814814814816,0.3999259259259259,1,0,0
flow,0.2,0.5,0,registered,during_vibration,flow_dump_0.2_0.5.shear.wave,2026,202600,202.6,0.2026,158683.45183699526,1222.2060072105476,0.007702164233646977,7.702164233646977e+17,98,0.0006175817255391491,6.1758172553914915e+26,1008.2103503968797,22.3481887415415,108.21187655496377,20.561745063002476,0.0,62.873846454159626,0.006353594774536073,0.0001408350302619978,0.0006819354841494277,0.00012957712240923623,0.0,0.0003962218222902389,5405,2683,5412,0.19874074074074075,0.4008888888888889,1,0,0
flow,0.2,0.5,0,registered,during_vibration,flow_dump_0.2_0.5.shear.wave,2027,202700,202.70000000000002,0.2027,158683.4518369953,1269.749510274171,0.008001776464873591,8.001776464873591e+17,103,0.0006490909972503301,6.490909972503302e+26,1058.780430782087,11.999249442890529,108.43638262666008,19.260903698007716,0.0,71.27254372452484,0.006672280055198826,7.561752220525516e-05,0.0006833502887122054,0.0001213794096046835,0.0,0.0004491491891526173,5410,2677,5413,0.1982962962962963,0.40096296296296297,1,0,0
flow,0.2,0.5,0,registered,during_vibration,flow_dump_0.2_0.5.shear.wave,2028,202800,202.8,0.20279999999999998,158683.45183699526,1224.9429325712242,0.007719411938615534,7.719411938615534e+17,101,0.0006364872885658578,6.364872885658577e+26,1030.7096147760337,4.489961293886767,90.61565808947755,29.81608996048518,0.0,69.31160845134127,0.006495381861460966,2.8295082076352858e-05,0.0005710466784057664,0.00018789665598598917,0.0,0.0004367916606864614,5403,2677,5420,0.1982962962962963,0.4014814814814815,1,0,0
flow,0.2,0.5,0,registered,during_vibration,flow_dump_0.2_0.5.shear.wave,2029,202900,202.9,0.2029,158683.45183699526,1207.1248667904767,0.0076071250834048795,7.60712508340488e+17,99,0.0006238835798813854,6.238835798813854e+26,993.5969325245921,6.680040330080908,98.93839975766845,31.018830107301813,0.0,76.89066407083385,0.006261503143662686,4.209664116043342e-05,0.0006234953841267655,0.0001954761492027874,0.0,0.0004845537652522105,5418,2678,5404,0.19837037037037036,0.4002962962962963,1,0,0
flow,0.2,0.5,0,registered,during_vibration,flow_dump_0.2_0.5.shear.wave,2030,203000,203.0,0.20299999999999999,158683.45183699526,1210.466510579458,0.007628183635826677,7.628183635826676e+17,101,0.0006364872885658578,6.364872885658577e+26,992.0644257082857,0.0,100.01167238362022,24.78604152327432,0.0,93.6043709642774,0.006251845508927838,0.0,0.000630258991885023,0.00015619802340029342,0.0,0.000589881111613521,5405,2644,5451,0.19585185185185186,0.4037777777777778,1,0,0
flow,0.2,0.5,0,registered,during_vibration,flow_dump_0.2_0.5.shear.wave,2031,203100,203.1,0.2031,158683.45183699526,1073.351943176665,0.0067641076038555455,6.764107603855546e+17,90,0.0005671668908012594,5.671668908012594e+26,866.8038408440962,3.1409519527289698,103.18678409177741,23.085907829392962,0.0,77.13445845866946,0.0054624715482903975,1.979382170206038e-05,0.0006502680833901583,0.0001454840284991251,0.0,0.00048609012197380514,5399,2638,5463,0.19540740740740742,0.4046666666666667,1,0,0
flow,0.2,0.5,0,registered,during_vibration,flow_dump_0.2_0.5.shear.wave,2032,203200,203.20000000000002,0.2032,158683.45183699526,1128.1075646999705,0.007109169555114031,7.109169555114031e+17,93,0.0005860724538279681,5.860724538279681e+26,921.3385944374872,4.549204497019155,101.83319021501597,13.823097698589716,0.0,86.56347785185856,0.005806141622025691,2.8668424113260682e-05,0.000641737931940265,8.711114825501304e-05,0.0,0.0005455104287798034,5402,2646,5452,0.196,0.40385185185185185,1,0,0
flow,0.2,0.5,0,registered,during_vibration,flow_dump_0.2_0.5.shear.wave,2033,203300,203.3,0.20329999999999998,158683.45183699526,1069.195575171464,0.006737914778094039,6.737914778094039e+17,89,0.0005608650364590232,5.6086503645902325e+26,885.148722539891,0.0,85.66089348177584,12.097661149893247,0.0,86.28829799990372,0.0055780783206628515,0.0,0.000539822473547963,7.623769844835713e-05,0.0,0.0005437762854348659,5400,2657,5443,0.1968148148148148,0.4031851851851852,1,0,0
flow,0.2,0.5,0,registered,during_vibration,flow_dump_0.2_0.5.shear.wave,2034,203400,203.4,0.2034,158683.45183699526,1158.7591996614292,0.00730233169399254,7.30233169399254e+17,93,0.0005860724538279681,5.860724538279681e+26,979.8195970562434,0.0,89.59433951303728,21.822718355578647,0.0,67.52254473657008,0.006174680382317027,0.0,0.0005646104775000198,0.00013752359242850127,0.0,0.00042551724174699334,5408,2666,5426,0.19748148148148148,0.4019259259259259,1,0,0
flow,0.2,0.5,0,registered,during_vibration,flow_dump_0.2_0.5.shear.wave,2035,203500,203.5,0.2035,158683.45183699526,1198.9738392639101,0.007555758495192899,7.555758495192899e+17,98,0.0006175817255391491,6.1758172553914915e+26,981.7087547736769,2.5770722337996617,97.14033237813729,55.60763620537147,0.0,61.94004367292405,0.006186585579081804,1.6240333846826784e-05,0.0006121642254034338,0.000350431223682312,0.0,0.00039033713317851725,5406,2695,5399,0.19962962962962963,0.3999259259259259,1,0,0
flow,0.2,0.5,0,registered,during_vibration,flow_dump_0.2_0.5.shear.wave,2036,203600,203.6,0.2036,158683.45183699526,1221.2201959311542,0.0076959517945553065,7.695951794555306e+17,107,0.0006742984146192752,6.742984146192752e+26,991.2994717451725,3.065983771944758,94.40777160524348,59.151640998538674,0.0,73.29532781025466,0.006247024880473782,1.9321383146455847e-05,0.0005949440254313486,0.00037276502567703873,0.0,0.00046189647982668023,5396,2707,5397,0.2005185185185185,0.3997777777777778,1,0,0
flow,0.2,0.5,0,registered,during_vibration,flow_dump_0.2_0.5.shear.wave,2037,203700,203.70000000000002,0.2037,158683.45183699526,1253.3035418212405,0.007898136367166214,7.898136367166214e+17,114,0.0007184113950149286,7.184113950149286e+26,1033.2787215365654,5.579653221429082,90.25944487470069,26.03302055086023,0.0,98.15270163768568,0.0065115719980554905,3.516216188163515e-05,0.000568801874611463,0.0001640563035999632,0.0,0.0006185440290176653,5380,2698,5422,0.19985185185185186,0.4016296296296296,1,0,0
flow,0.2,0.5,0,registered,during_vibration,flow_dump_0.2_0.5.shear.wave,2038,203800,203.8,0.20379999999999998,158683.4518369953,1241.887778153362,0.00782619588732585,7.82619588732585e+17,111,0.0006995058319882199,6.995058319882199e+26,1016.2041061888516,5.159310659557419,90.69662829014922,37.23487628580726,0.0,92.59285672899581,0.006403970259184486,3.251322428287751e-05,0.0005715569408164608,0.00023464876680434274,0.0,0.000583506696237678,5366,2687,5447,0.19903703703703704,0.4034814814814815,1,0,0
flow,0.2,0.5,0,registered,during_vibration,flow_dump_0.2_0.5.shear.wave,2039,203900,203.9,0.2039,158683.45183699526,1171.7521502967754,0.007384211376372358,7.384211376372357e+17,99,0.0006238835798813854,6.238835798813854e+26,969.3323371940843,0.0,104.38781524217899,28.23916187154506,0.0,69.792835988967,0.00610859119821652,0.0,0.0006578368067604775,0.00017795908486130762,0.0,0.00043982428653405176,5384,2663,5453,0.19725925925925927,0.4039259259259259,1,0,0
flow,0.2,0.5,0,registered,during_vibration,flow_dump_0.2_0.5.shear.wave,2040,204000,204.0,0.204,158683.45183699526,1243.2357043893112,0.007834690322128881,7.83469032212888e+17,102,0.000642789142908094,6.42789142908094e+26,1027.4636860686599,12.634745652201913,87.90628189977355,28.447122512998604,0.0,86.78386825567678,0.006474926491541812,7.962232675137878e-05,0.0005539725842999288,0.00017926962253266587,0.0,0.0005468992970030924,5394,2644,5462,0.19585185185185186,0.4045925925925926,1,0,0
flow,0.2,0.5,0,registered,during_vibration,flow_dump_0.2_0.5.shear.wave,2041,204100,204.1,0.2041,158683.45183699526,1177.5853556584484,0.007420971386909972,7.420971386909972e+17,96,0.0006049780168546768,6.049780168546768e+26,984.6125473040114,17.303761096410607,93.449283852749,24.664190307969413,0.0,57.555573097308425,0.006204884856648046,0.00010904578200243329,0.000588903775226311,0.00015543013479001744,0.0,0.000362706838243167,5400,2610,5490,0.19333333333333333,0.4066666666666667,1,0,0
flow,0.2,0.5,0,registered,during_vibration,flow_dump_0.2_0.5.shear.wave,2042,204200,204.20000000000002,0.2042,158683.4518369953,1330.8655363081675,0.008386920758916155,8.386920758916155e+17,101,0.0006364872885658577,6.364872885658577e+26,1054.0397416289009,9.052675775584131,136.88865134375916,38.79247539118754,0.0,92.09199216873623,0.006642404922673627,5.704864414522145e-05,0.000862652341873528,0.0002444645294900467,0.0,0.0005803503207337338,5401,2604,5495,0.1928888888888889,0.40703703703703703,1,0,0
flow,0.2,0.5,0,registered,during_vibration,flow_dump_0.2_0.5.shear.wave,2043,204300,204.3,0.20429999999999998,158683.45183699526,1166.6991616408502,0.007352368177869745,7.352368177869745e+17,103,0.0006490909972503302,6.490909972503302e+26,946.1390328566531,7.579404150056082,104.52264779908519,25.875235517862176,0.0,82.58284131719354,0.0059624303725668735,4.776430095459412e-05,0.0006586865018946917,0.00016306196530462453,0.0,0.0005204250371489605,5410,2634,5456,0.19511111111111112,0.40414814814814815,1,0,0
flow,0.2,0.5,0,registered,during_vibration,flow_dump_0.2_0.5.shear.wave,2044,204400,204.4,0.2044,158683.45183699526,1192.1938411376675,0.007513031934560683,7.513031934560684e+17,102,0.000642789142908094,6.42789142908094e+26,983.3600334996798,5.594508706023019,101.36079189207172,35.235118865696734,0.0,66.6433881741966,0.006196991697091508,3.525577898172948e-05,0.0006387609465175536,0.00022204658682300018,0.0,0.00041997692514689455,5426,2657,5417,0.1968148148148148,0.40125925925925926,1,0,0
flow,0.2,0.5,0,registered,during_vibration,flow_dump_0.2_0.5.shear.wave,2045,204500,204.5,0.2045,158683.45183699526,1215.1241935970982,0.007657535675776153,7.657535675776152e+17,101,0.0006364872885658578,6.364872885658577e+26,998.7594540353306,3.441206290954514,102.19688718708672,37.482011844721285,0.0,73.24463423900409,0.00629403660226202,2.1685980807182287e-05,0.0006440298972829672,0.0002362061790994061,0.0,0.0004615770163245713,5420,2658,5422,0.1968888888888889,0.4016296296296296,1,0,0
flow,0.2,0.5,0,registered,during_vibration,flow_dump_0.2_0.5.shear.wave,2046,204600,204.6,0.2046,158683.4518369953,1251.5954883268541,0.007887372462835841,7.887372462835841e+17,103,0.0006490909972503301,6.490909972503302e+26,1023.6998529081978,0.0,104.19137982719971,34.19664876423524,0.0,89.50760682722026,0.006451207363196101,0.0,0.0006565988993876212,0.00021550229950482254,0.0,0.0005640639007472899,5400,2669,5431,0.19770370370370371,0.4022962962962963,1,0,0
flow,0.2,0.5,0,registered,during_vibration,flow_dump_0.2_0.5.shear.wave,2047,204700,204.70000000000002,0.2047,158683.45183699526,1260.5888452052936,0.007944047287931516,7.944047287931516e+17,105,0.0006616947059348027,6.616947059348027e+26,1046.3225220545417,0.0,98.7372166715753,26.76137086000399,0.0,88.76773561917264,0.006593772128988962,0.0,0.0006222275576220848,0.00016864626115830987,0.0,0.0005594013401621596,5400,2661,5439,0.1971111111111111,0.4028888888888889,1,0,0
flow,0.2,0.5,0,registered,during_vibration,flow_dump_0.2_0.5.shear.wave,2048,204800,204.8,0.20479999999999998,158683.45183699526,1232.360792357245,0.007766158210518168,7.766158210518167e+17,102,0.000642789142908094,6.42789142908094e+26,1038.1393227870528,0.0,95.5192804271285,26.72755145559647,0.0,71.97463768746637,0.006542202799151754,0.0,0.0006019485921269786,0.0001684331361977925,0.0,0.00045357368304163836,5412,2665,5423,0.19740740740740742,0.40170370370370373,1,0,0
flow,0.2,0.5,0,registered,during_vibration,flow_dump_0.2_0.5.shear.wave,2049,204900,204.9,0.2049,158683.45183699526,1200.2468772139114,0.007563780994925945,7.563780994925946e+17,103,0.0006490909972503302,6.490909972503302e+26,958.9256323634239,0.0,114.06666888372274,28.02891592345296,0.0,99.22566004331216,0.006043009660191052,0.0,0.0007188315326093088,0.00017663414552038587,0.0,0.0006253056566052014,5410,2654,5436,0.1965925925925926,0.4026666666666667,1,0,0
flow,0.2,0.5,0,registered,during_vibration,flow_dump_0.2_0.5.shear.wave,2050,205000,205.0,0.205,158683.45183699526,1156.759871178486,0.007289732217110748,7.289732217110748e+17,94,0.0005923743081702043,5.9237430817020434e+26,949.0274100385132,0.0,104.28279310599498,21.40922988715937,0.0,82.04043814681886,0.005980632504852394,0.0,0.0006571749725555354,0.00013491784832832864,0.0,0.0005170068913744921,5405,2646,5449,0.196,0.4036296296296296,1,0,0
flow,0.2,0.5,0,registered,during_vibration,flow_dump_0.2_0.5.shear.wave,2051,205100,205.1,0.2051,158683.45183699526,1194.645465798534,0.007528481716075298,7.528481716075299e+17,95,0.0005986761625124405,5.986761625124405e+26,959.6268540844139,4.445675162877501,124.02054792049874,15.03889657630706,0.0,91.51349205443756,0.006047428657338344,2.8015997329351278e-05,0.0007815594284393097,9.477293569184201e-05,0.0,0.0005767046972764568,5390,2650,5460,0.1962962962962963,0.40444444444444444,1,0,0
flow,0.2,0.5,0,registered,during_vibration,flow_dump_0.2_0.5.shear.wave,2052,205200,205.20000000000002,0.2052,158683.45183699526,1118.8661998489736,0.007050931819899588,7.050931819899588e+17,94,0.0005923743081702043,5.9237430817020434e+26,876.4500258824721,3.8513168311943753,97.70811490095971,27.13064526352166,0.0,113.72609697082565,0.005523260401360501,2.42704376959897e-05,0.000615742308160328,0.0001709733746615944,0.0,0.0007166852980211746,5375,2645,5480,0.19592592592592592,0.4059259259259259,1,0,0
flow,0.2,0.5,0,registered,during_vibration,flow_dump_0.2_0.5.shear.wave,2053,205300,205.3,0.20529999999999998,158683.45183699526,1063.5279496534672,0.006702198227613282,6.702198227613281e+17,91,0.0005734687451434957,5.734687451434957e+26,875.2869066274682,0.0,101.05350484028634,17.951954120926064,0.0,69.23558406478662,0.005515930593232816,0.0,0.0006368244682759469,0.00011313060002858325,0.0,0.00043631256607593613,5376,2650,5474,0.1962962962962963,0.4054814814814815,1,0,0
flow,0.2,0.5,0,registered,during_vibration,flow_dump_0.2_0.5.shear.wave,2054,205400,205.4,0.2054,158683.45183699526,1099.659532647499,0.00692989420079609,6.92989420079609e+17,90,0.0005671668908012594,5.671668908012594e+26,917.987850769695,0.0,109.95126130276626,12.479751886587692,0.0,59.24066868845064,0.005785025723493094,0.0,0.0006928968334751864,7.864557861652326e-05,0.0,0.0003733260652112897,5397,2673,5430,0.198,0.4022222222222222,1,0,0
flow,0.2,0.5,0,registered,during_vibration,flow_dump_0.2_0.5.shear.wave,2055,205500,205.5,0.2055,158683.45183699526,1146.4277411597473,0.00722462063868761,7.22462063868761e+17,93,0.0005860724538279681,5.860724538279681e+26,927.8641825906137,0.0,114.56283248551131,24.29805829644061,0.0,79.7026677871815,0.0058472649280641165,0.0,0.0007219582833576997,0.000153122824183333,0.0,0.0005022746030824603,5382,2690,5428,0.19925925925925925,0.4020740740740741,1,0,0
flow,0.2,0.5,0,registered,during_vibration,flow_dump_0.2_0.5.shear.wave,2056,205600,205.6,0.20559999999999998,158683.45183699526,1152.3046595792405,0.007261656122548461,7.261656122548461e+17,99,0.0006238835798813854,6.238835798813854e+26,956.0356724432394,4.1981659094067165,94.00843826649756,10.429110823843317,0.0,87.63327213625385,0.006024797553719149,2.6456230065622768e-05,0.000592427484896573,6.572273733089972e-05,0.0,0.0005522521165362193,5388,2698,5414,0.19985185185185186,0.401037037037037,1,0,0
flow,0.2,0.5,0,registered,during_vibration,flow_dump_0.2_0.5.shear.wave,2057,205700,205.70000000000002,0.2057,158683.4518369953,1175.6547535616016,0.007408805013702826,7.408805013702826e+17,105,0.0006616947059348026,6.616947059348026e+26,952.0458944226579,12.255108528268176,97.23909434421132,50.66881525329779,0.0,63.4458410131668,0.005999654553775587,7.722990889344288e-05,0.000612786608928185,0.0003193074934199592,0.0,0.0003998264486856537,5385,2683,5432,0.19874074074074075,0.4023703703703704,1,0,0
flow,0.2,0.5,0,registered,during_vibration,flow_dump_0.2_0.5.shear.wave,2058,205800,205.8,0.20579999999999998,158683.45183699526,1158.1280255163886,0.007298354126465908,7.298354126465908e+17,101,0.0006364872885658578,6.364872885658577e+26,974.9360876077058,0.0,96.62951440337095,24.305861509947857,0.0,62.25656199536399,0.006143905217093408,0.0,0.0006089451249310601,0.000153171998898257,0.0,0.00039233178554318274,5371,2666,5463,0.19748148148148148,0.4046666666666667,1,0,0
flow,0.2,0.5,0,registered,during_vibration,flow_dump_0.2_0.5.shear.wave,2059,205900,205.9,0.2059,158683.45183699526,1172.5476653933183,0.0073892245966378205,7.38922459663782e+17,101,0.0006364872885658578,6.364872885658577e+26,1004.9789381211446,0.0,91.76260432625207,24.926639001654884,0.0,50.87948394426682,0.006333230885054676,0.0,0.0005782745665282955,0.00015708404822993344,0.0,0.0003206350968249157,5387,2643,5470,0.19577777777777777,0.4051851851851852,1,0,0
flow,0.2,0.5,0,registered,during_vibration,flow_dump_0.2_0.5.shear.wave,2060,206000,206.0,0.206,158683.45183699526,1210.4433253985428,0.007628037526193652,7.628037526193652e+17,101,0.0006364872885658578,6.364872885658577e+26,995.5422569812383,6.675941467930489,92.05841489730848,34.071880540243754,0.0,82.09483151182182,0.00627376229503686,4.207081072819257e-05,0.0005801387216599866,0.00021471602833068873,0.0,0.0005173496704379249,5387,2615,5498,0.1937037037037037,0.40725925925925927,1,0,0
flow,0.2,0.5,0,registered,during_vibration,flow_dump_0.2_0.5.shear.wave,2061,206100,206.1,0.20609999999999998,158683.4518369953,1176.8737745310991,0.007416487106292731,7.416487106292731e+17,100,0.0006301854342236215,6.301854342236214e+26,951.1159767611339,12.18745455729201,109.54316615340254,29.94514252758496,0.0,74.08203453168595,0.0059937943481223905,7.68035634226772e-05,0.0006903250772861229,0.00018870992646634362,0.0,0.0004668541909951983,5383,2610,5507,0.19333333333333333,0.4079259259259259,1,0,0
flow,0.2,0.5,0,registered,during_vibration,flow_dump_0.2_0.5.shear.wave,2062,206200,206.20000000000002,0.2062,158683.45183699526,1260.0533179659674,0.007940672473272983,7.940672473272983e+17,101,0.0006364872885658578,6.364872885658577e+26,1036.2333702500207,17.70078611873481,120.36866513224538,19.97413213762649,0.0,65.77636432733993,0.006530191763880162,0.00011154777586334351,0.0007585457950328176,0.00012587407134390146,0.0,0.0004145130671527585,5373,2605,5522,0.19296296296296298,0.40903703703703703,1,0,0
flow,0.2,0.5,0,registered,during_vibration,flow_dump_0.2_0.5.shear.wave,2063,206300,206.3,0.20629999999999998,158683.45183699526,1271.2720359922728,0.00801137120018138,8.01137120018138e+17,100,0.0006301854342236216,6.301854342236216e+26,1006.0566642209403,5.9721754175645385,143.14289991433466,32.70614858609809,0.0,83.39414785333551,0.006340022557956415,3.763577958777547e-05,0.000902065705385434,0.0002061093844851251,0.0,0.0005255377727666314,5377,2617,5506,0.19385185185185186,0.40785185185185185,1,0,0
flow,0.2,0.5,0,registered,during_vibration,flow_dump_0.2_0.5.shear.wave,2064,206400,206.4,0.2064,158683.45183699526,1287.6917704544016,0.008114845975099911,8.114845975099912e+17,106,0.0006679965602770389,6.679965602770389e+26,1038.5671523649376,12.53812709296362,130.35218541136226,37.14407138281801,0.0,69.09023420232,0.0065448989188348836,7.901345066430233e-05,0.0008214604856545735,0.00023407652753214365,0.0,0.00043539659241400745,5380,2632,5488,0.19496296296296298,0.4065185185185185,1,0,0
flow,0.2,0.5,0,registered,during_vibration,flow_dump_0.2_0.5.shear.wave,2065,206500,206.5,0.2065,158683.4518369953,1197.3105314470347,0.007545276571604646,7.545276571604645e+17,100,0.0006301854342236215,6.301854342236214e+26,985.1789608861737,6.465338733477435,110.66428518581071,31.836769397297697,0.0,63.165177244275746,0.006208454312540296,4.074362297159277e-05,0.000697390206128668,0.00020063068346913354,0.0,0.00039805774649495927,5393,2655,5452,0.19666666666666666,0.40385185185185185,1,0,0
flow,0.2,0.5,0,registered,during_vibration,flow_dump_0.2_0.5.shear.wave,2066,206600,206.6,0.20659999999999998,158683.45183699526,1220.1778315125223,0.0076893829658175586,7.689382965817559e+17,104,0.0006553928515925665,6.553928515925665e+26,1005.8285442431943,6.206583112364393,117.29799618767218,29.94309484016229,0.0,60.90161312912912,0.006338584979084106,3.9112982737103514e-05,0.0007391948866108891,0.00018869702223846756,0.0,0.00038379309514699245,5371,2666,5463,0.19748148148148148,0.4046666666666667,1,0,0
flow,0.2,0.5,0,registered,during_vibration,flow_dump_0.2_0.5.shear.wave,2067,206700,206.70000000000002,0.2067,158683.45183699526,1310.5458568747322,0.008258869098845713,8.258869098845713e+17,105,0.0006616947059348027,6.616947059348027e+26,1071.3875744189106,3.052093671567204,126.72010470223545,34.99478275243564,0.0,74.39130132958257,0.006751728438069739,1.9233849757077458e-05,0.0007985716420664103,0.00022053202364404956,0.0,0.0004688031453084327,5378,2653,5469,0.1965185185185185,0.4051111111111111,1,0,0
flow,0.2,0.5,0,registered,during_vibration,flow_dump_0.2_0.5.shear.wave,2068,206800,206.8,0.20679999999999998,158683.45183699526,1161.1140839359327,0.007317171831683284,7.317171831683283e+17,94,0.0005923743081702043,5.9237430817020434e+26,961.9887017948101,4.11759711907442,106.98457162035193,26.127287963083255,0.0,61.89592543861345,0.006062312677587805,2.5948497284418464e-05,0.0006742011872179962,0.00016465036310101222,0.0,0.00039005910649205525,5372,2638,5490,0.19540740740740742,0.4066666666666667,1,0,0
flow,0.2,0.5,0,registered,during_vibration,flow_dump_0.2_0.5.shear.wave,2069,206900,206.9,0.2069,158683.4518369953,1180.847055374539,0.007441526143428886,7.441526143428886e+17,96,0.0006049780168546767,6.0497801685467664e+26,982.0874370314705,2.4872591786737317,105.22629837687167,16.80870102464228,0.0,74.23735976288093,0.0061889719795124075,1.5674345055391936e-05,0.0006631208053437322,0.00010592598553949226,0.0,0.0004678330279778632,5381,2641,5478,0.19562962962962963,0.4057777777777778,1,0,0
flow,0.2,0.5,0,registered,during_vibration,flow_dump_0.2_0.5.shear.wave,2070,207000,207.0,0.207,158683.45183699526,1151.0865420327627,0.0072539797231988366,7.253979723198836e+17,91,0.0005734687451434957,5.734687451434957e+26,943.8530656897666,0.0,102.95048253027615,24.650963012842624,0.0,79.63203079987743,0.00594802454045002,0.0,0.0006487789453687344,0.00015534677830278664,0.0,0.0005018294590772957,5372,2636,5492,0.19525925925925927,0.4068148148148148,1,0,0
flow,0.2,0.5,0,registered,during_vibration,flow_dump_0.2_0.5.shear.wave,2071,207100,207.1,0.20709999999999998,158683.45183699526,1039.5893126155593,0.006551340423848725,6.551340423848726e+17,88,0.000554563182116787,5.54563182116787e+26,842.8700605765041,6.0375521515339905,92.35760120100623,13.078925383998829,0.0,85.24517330251606,0.005311644351184945,3.8047774242622085e-05,0.0005820241501670819,8.24214827229365e-05,0.0,0.0005372026655311396,5375,2641,5484,0.19562962962962963,0.4062222222222222,1,0,0
flow,0.2,0.5,0,registered,during_vibration,flow_dump_0.2_0.5.shear.wave,2072,207200,207.20000000000002,0.2072,158683.45183699526,1091.6421940404707,0.00687937010068221,6.87937010068221e+17,87,0.0005482613277745507,5.4826132777455075e+26,903.210924359796,3.127191500715972,100.80717869049263,17.05840524776631,0.0,67.43849424169997,0.005691903685631967,1.970710533779114e-05,0.0006352721567592631,0.00010749958518226116,0.0,0.000424987567770929,5361,2642,5497,0.1957037037037037,0.4071851851851852,1,0,0
flow,0.2,0.5,0,registered,during_vibration,flow_dump_0.2_0.5.shear.wave,2073,207300,207.3,0.20729999999999998,158683.45183699526,1077.573351516361,0.006790710304331413,6.790710304331412e+17,93,0.0005860724538279681,5.860724538279681e+26,903.1672632347446,0.0,93.90952810274452,15.0278381359236,0.0,65.46872204294827,0.005691628539581475,0.0,0.0005918041674516345,9.470324701129314e-05,0.0,0.00041257435028700944,5372,2645,5483,0.19592592592592592,0.40614814814814815,1,0,0
flow,0.2,0.5,0,registered,during_vibration,flow_dump_0.2_0.5.shear.wave,2074,207400,207.4,0.2074,158683.45183699526,1090.654223650312,0.006873144055188987,6.873144055188987e+17,86,0.0005419594734323146,5.419594734323146e+26,884.3747902926364,0.0,115.41395266323568,13.623487214896967,0.0,77.24199347954321,0.005573201112369894,0.0,0.0007273219187454568,8.585323206159803e-05,0.0,0.00048676779201204084,5389,2670,5441,0.19777777777777777,0.403037037037037,1,0,0
flow,0.2,0.5,0,registered,during_vibration,flow_dump_0.2_0.5.shear.wave,2075,207500,207.5,0.2075,158683.45183699526,1117.7466601477543,0.007043876643772153,7.043876643772152e+17,98,0.0006175817255391491,6.1758172553914915e+26,920.4171233028482,0.0,105.30061892674274,27.287044834321517,0.0,64.7418730838418,0.005800334645154621,0.0,0.0006635891626236548,0.00017195898197596335,0.0,0.00040799385401791443,5389,2675,5436,0.19814814814814816,0.4026666666666667,1,0,0
flow,0.2,0.5,0,registered,during_vibration,flow_dump_0.2_0.5.shear.wave,2076,207600,207.6,0.20759999999999998,158683.4518369953,1264.575396464173,0.007969169953292832,7.969169953292832e+17,107,0.0006742984146192749,6.742984146192749e+26,1008.3473454125776,14.86353631020619,94.92462004364387,45.5834942495646,0.0,100.85640044818177,0.006354458097170613,9.366784083745852e-05,0.0005982011290071599,0.0002872605411709182,0.0,0.0006355823451066889,5386,2693,5421,0.19948148148148148,0.40155555555555555,1,0,0
flow,0.2,0.5,0,registered,during_vibration,flow_dump_0.2_0.5.shear.wave,2077,207700,207.70000000000002,0.2077,158683.45183699526,1166.7963856891138,0.007352980869660465,7.352980869660465e+17,98,0.0006175817255391491,6.1758172553914915e+26,996.8493975998448,3.583663245959853,92.6992863521238,16.442825503746132,0.0,57.22121298743943,0.006281999704820138,2.2583723787664433e-05,0.0005841774002203298,0.00010362029129941496,0.0,0.0003605997495329185,5381,2679,5440,0.19844444444444445,0.40296296296296297,1,0,0
flow,0.2,0.5,0,registered,during_vibration,flow_dump_0.2_0.5.shear.wave,2078,207800,207.8,0.20779999999999998,158683.45183699526,1196.8987672324977,0.007542681693501289,7.542681693501289e+17,102,0.000642789142908094,6.42789142908094e+26,1003.5026919433217,0.0,106.29866811290151,27.543056530981467,0.0,59.55435064529356,0.0063239277966687536,0.0,0.0006698787232212147,0.00017357233039822311,0.0,0.00037530284321310144,5370,2659,5471,0.19696296296296295,0.40525925925925926,1,0,0
flow,0.2,0.5,0,registered,during_vibration,flow_dump_0.2_0.5.shear.wave,2079,207900,207.9,0.2079,158683.45183699526,1232.1323975510606,0.007764718899717071,7.764718899717071e+17,109,0.0006869021233037475,6.869021233037475e+26,1027.9565163757218,3.7246370471812056,109.17796336586127,33.90951082797683,0.0,57.36376993431974,0.006478032236352356,2.3472120149032757e-05,0.0006880236225136594,0.00021369279805439178,0.0,0.00036149812264763215,5376,2630,5494,0.1948148148148148,0.40696296296296297,1,0,0
flow,0.2,0.5,0,registered,during_vibration,flow_dump_0.2_0.5.shear.wave,2080,208000,208.0,0.208,158683.4518369953,1209.9464492123925,0.007624906284842406,7.624906284842405e+17,99,0.0006238835798813853,6.238835798813853e+26,992.7973483542315,5.290236670689091,115.7262996140222,30.82738175932704,0.0,65.30518281412257,0.006256464280686714,3.333830093463931e-05,0.0007292902837335549,0.00019426966959978857,0.0,0.0004115437498877082,5382,2612,5506,0.19348148148148148,0.40785185185185185,1,0,0
flow,0.2,0.5,0,registered,during_vibration,flow_dump_0.2_0.5.shear.wave,2081,208100,208.1,0.20809999999999998,158683.45183699526,1192.3783078842037,0.007514194417128341,7.51419441712834e+17,100,0.0006301854342236216,6.301854342236216e+26,973.6295430873422,12.479804535162717,103.67234316805633,37.95582775709413,0.0,64.64078933654807,0.00613567156383443,7.864591040017439e-05,0.0006533280059634189,0.0002391920979642135,0.0,0.00040735683896610193,5385,2596,5519,0.1922962962962963,0.4088148148148148,1,0,0
flow,0.2,0.5,0,registered,during_vibration,flow_dump_0.2_0.5.shear.wave,2082,208200,208.20000000000002,0.2082,158683.45183699526,1128.5127494151545,0.007111722970170822,7.111722970170822e+17,91,0.0005734687451434957,5.734687451434957e+26,921.99151070655,12.470191778363418,111.06714623910753,12.241959012587937,0.0,70.74194167854543,0.005810256205251001,7.858533220699787e-05,0.0006999289778067046,7.714704256095507e-05,0.0,0.00044580541234516264,5366,2597,5537,0.19237037037037036,0.41014814814814815,1,0,0
flow,0.2,0.5,0,registered,during_vibration,flow_dump_0.2_0.5.shear.wave,2083,208300,208.3,0.20829999999999999,158683.45183699526,1171.6493600664598,0.0073835636073131036,7.383563607313103e+17,100,0.0006301854342236216,6.301854342236216e+26,946.0616287879818,4.8753177208923715,107.06885352033672,33.35720069299755,0.0,80.28635934425112,0.00596194258340061,3.072354214918676e-05,0.0006747323194753873,0.00021021222003201153,0.0,0.0005059529422559062,5364,2605,5531,0.19296296296296298,0.4097037037037037,1,0,0
flow,0.2,0.5,0,registered,during_vibration,flow_dump_0.2_0.5.shear.wave,2084,208400,208.4,0.2084,158683.4518369953,1200.4468151647102,0.007565040974769364,7.565040974769363e+17,101,0.0006364872885658577,6.364872885658577e+26,944.6354899639375,10.148950146305188,143.11379594465487,38.34943388647574,0.0,64.19914522333718,0.005952955264259674,6.395720554863222e-05,0.0009018822964077308,0.00024167254645978775,0.0,0.0004045736620935408,5354,2622,5524,0.1942222222222222,0.4091851851851852,1,0,0
flow,0.2,0.5,0,registered,during_vibration,flow_dump_0.2_0.5.shear.wave,2085,208500,208.5,0.2085,158683.45183699526,1140.079084446874,0.007184612328814223,7.184612328814223e+17,97,0.000611279871196913,6.112798711969129e+26,971.5329208575206,0.0,97.62278111898127,32.486764900394654,0.0,38.4366175699779,0.0061224589559314,0.0,0.0006152045470958278,0.00020472686045275914,0.0,0.00024222196533423804,5369,2655,5476,0.19666666666666666,0.4056296296296296,1,0,0
flow,0.2,0.5,0,registered,during_vibration,flow_dump_0.2_0.5.shear.wave,2086,208600,208.6,0.20859999999999998,158683.45183699526,1270.5134047743836,0.008006590416746768,8.006590416746769e+17,105,0.0006616947059348027,6.616947059348027e+26,1048.076148815528,5.882133642853814,117.60545499535309,44.67108389167541,0.0,54.2785834289734,0.0066048232294073465,3.706834943883204e-05,0.0007411324472331317,0.000281510663995153,0.0,0.0003420557266723067,5378,2670,5452,0.19777777777777777,0.40385185185185185,1,0,0
flow,0.2,0.5,0,registered,during_vibration,flow_dump_0.2_0.5.shear.wave,2087,208700,208.70000000000002,0.2087,158683.45183699526,1241.5265036136336,0.007823919187798924,7.823919187798925e+17,100,0.0006301854342236216,6.301854342236216e+26,1029.6710614648457,0.0,114.87463170483633,31.005170061479518,0.0,65.9756403824719,0.006488837049767212,0.0,0.0007239231966219089,0.00019539006558370701,0.0,0.0004157688758260956,5365,2674,5461,0.19807407407407407,0.4045185185185185,1,0,0
flow,0.2,0.5,0,registered,during_vibration,flow_dump_0.2_0.5.shear.wave,2088,208800,208.8,0.20879999999999999,158683.4518369953,1167.66958201248,0.007358483625702493,7.358483625702493e+17,93,0.000586072453827968,5.8607245382796806e+26,925.0235911101639,3.33027478558885,118.06740624405832,19.734998662793487,0.0,101.51331120987561,0.0058293639343085235,2.0986906618402875e-05,0.0007440435967156861,0.00012436708701715104,0.0,0.0006397221010427308,5385,2641,5474,0.19562962962962963,0.4054814814814815,1,0,0
flow,0.2,0.5,0,registered,during_vibration,flow_dump_0.2_0.5.shear.wave,2089,208900,208.9,0.2089,158683.45183699526,1151.1696277929739,0.007254503317557601,7.254503317557601e+17,96,0.0006049780168546768,6.049780168546768e+26,955.111156386812,4.768758420790794,100.56889133043896,23.36834398310448,0.0,67.35247767182801,0.006018971388194485,3.0052020961135987e-05,0.0006337705045246089,0.00014726390000079653,0.0,0.00042444550387657715,5394,2627,5479,0.1945925925925926,0.40585185185185185,1,0,0
flow,0.2,0.5,0,registered,during_vibration,flow_dump_0.2_0.5.shear.wave,2090,209000,209.0,0.209,158683.45183699526,1105.3741235272414,0.006965906720145697,6.965906720145697e+17,92,0.0005797705994857318,5.7977059948573184e+26,908.2657075992456,0.0,103.7994411572614,23.869487389405712,0.0,69.43948738132832,0.005723758193338555,0.0,0.0006541289589785804,0.000150422032751879,0.0,0.0004375975350766808,5382,2636,5482,0.19525925925925927,0.4060740740740741,1,0,0
flow,0.2,0.5,0,registered,during_vibration,flow_dump_0.2_0.5.shear.wave,2091,209100,209.1,0.20909999999999998,158683.45183699526,1093.6555775923882,0.006892058150561448,6.892058150561448e+17,90,0.0005671668908012594,5.671668908012594e+26,907.5191417693628,0.0,101.83661246406848,13.291470957956523,0.0,71.00835240100048,0.005719053444221744,0.0,0.0006417594984553167,8.376091397110488e-05,0.0,0.0004474842939132843,5379,2626,5495,0.1945185185185185,0.40703703703703703,1,0,0
flow,0.2,0.5,0,registered,during_vibration,flow_dump_0.2_0.5.shear.wave,2092,209200,209.20000000000002,0.2092,158683.45183699526,1073.4241537678363,0.0067645626644830745,6.764562664483075e+17,85,0.0005356576190900784,5.356576190900784e+26,912.0336904764265,4.99013232780116,99.31661389084036,14.402120917847148,0.0,42.68159615492095,0.0057475034725945895,3.144708707828705e-05,0.00062587883450419,9.076006824354609e-05,0.0,0.0002689732020624612,5361,2629,5510,0.19474074074074074,0.40814814814814815,1,0,0
flow,0.2,0.5,0,registered,during_vibration,flow_dump_0.2_0.5.shear.wave,2093,209300,209.3,0.20929999999999999,158683.45183699526,1112.1989210301365,0.0070089155999242,7.0089155999242e+17,91,0.0005734687451434957,5.734687451434957e+26,923.4220881594715,0.0,114.6730628707286,16.877828710223522,0.0,57.225941289712566,0.0058192714959846,0.0,0.0007226529391894276,0.00010636161814504117,0.0,0.00036062954660512987,5369,2638,5493,0.19540740740740742,0.4068888888888889,1,0,0
flow,0.2,0.5,0,registered,during_vibration,flow_dump_0.2_0.5.shear.wave,2094,209400,209.4,0.2094,158683.45183699526,1123.099928590771,0.007077612161754935,7.077612161754935e+17,88,0.000554563182116787,5.54563182116787e+26,956.19013247592,0.0,106.50304246071197,12.528140774876714,0.0,47.87861287926235,0.006025770938346799,0.0,0.0006711666605924058,7.895051834230341e-05,0.0,0.00030172404447342626,5358,2658,5484,0.1968888888888889,0.4062222222222222,1,0,0
flow,0.2,0.5,0,registered,during_vibration,flow_dump_0.2_0.5.shear.wave,2095,209500,209.5,0.2095,158683.45183699526,1185.2199446609256,0.007469083454766422,7.469083454766422e+17,98,0.0006175817255391491,6.1758172553914915e+26,961.5070479035929,0.0,115.12112533752054,27.85810456896961,0.0,80.73366685084247,0.0060592773649219825,0.0,0.0007254765635913735,0.0001755577172444317,0.0,0.0005087718090086336,5346,2680,5474,0.1985185185185185,0.4054814814814815,1,0,0
flow,0.2,0.5,0,registered,during_vibration,flow_dump_0.2_0.5.shear.wave,2096,209600,209.6,0.20959999999999998,158683.45183699526,1157.082439023623,0.00729176499268629,7.29176499268629e+17,102,0.000642789142908094,6.42789142908094e+26,959.5314743785825,3.6182528647565086,91.51986120442635,39.24358475039991,0.0,63.16926582545789,0.006046827588324989,2.280170252707443e-05,0.00057674483473197,0.0002473073549642226,0.0,0.0003980835121380356,5358,2696,5446,0.19970370370370372,0.4034074074074074,1,0,0
flow,0.2,0.5,0,registered,during_vibration,flow_dump_0.2_0.5.shear.wave,2097,209700,209.70000000000002,0.2097,158683.45183699526,1197.5811811148185,0.007546982166388795,7.546982166388795e+17,102,0.000642789142908094,6.42789142908094e+26,999.7407657335162,4.07530038135357,93.61462606858171,22.731660290293334,0.0,77.41882864107347,0.006300220685648319,2.5681949404149905e-05,0.0005899457377871114,0.0001432516121066236,0.0,0.0004878821814425904,5346,2696,5458,0.19970370370370372,0.4042962962962963,1,0,0
flow,0.2,0.5,0,registered,during_vibration,flow_dump_0.2_0.5.shear.wave,2098,209800,209.8,0.2098,158683.45183699526,1176.9697563380025,0.007417091969659342,7.417091969659342e+17,98,0.0006175817255391491,6.1758172553914915e+26,988.2072806496657,3.527015634739789,101.14486337312877,18.297701019962094,0.0,65.79289566050619,0.006227538342591539,2.2226738792919965e-05,0.0006374001964428404,0.00011530944662558816,0.0,0.00041461724520645523,5344,2666,5490,0.19748148148148148,0.4066666666666667,1,0,0
flow,0.2,0.5,0,registered,during_vibration,flow_dump_0.2_0.5.shear.wave,2099,209900,209.9,0.2099,158683.4518369953,1184.4678307952972,0.007464343742736454,7.464343742736454e+17,101,0.0006364872885658577,6.364872885658577e+26,960.9920771698248,7.9107235009733055,87.47197742201449,43.896251167237224,0.0,84.19680153524719,0.00605603209436726,4.98522272448387e-05,0.0005512356607409102,0.0002766277810261454,0.0,0.0005305959793572983,5352,2638,5510,0.19540740740740742,0.40814814814814815,1,0,0
flow,0.2,0.5,0,registered,during_vibration,flow_dump_0.2_0.5.shear.wave,2100,210000,210.0,0.21,158683.45183699526,1175.1549047143428,0.007405655039074268,7.405655039074268e+17,105,0.0006616947059348027,6.616947059348027e+26,958.6417506512669,4.947249804413119,97.16002575180254,31.45329829934179,0.0,82.95258020751866,0.006041220678990614,3.117684766206808e-05,0.0006122883301757794,0.00019821410446535805,0.0,0.0005227550777804495,5350,2621,5529,0.19414814814814815,0.40955555555555556,1,0,0
flow,0.2,0.5,0,registered,during_vibration,flow_dump_0.2_0.5.shear.wave,2101,210100,210.1,0.21009999999999998,158683.45183699526,1228.983271131828,0.007744873563717778,7.744873563717778e+17,98,0.0006175817255391491,6.1758172553914915e+26,1016.7088840757596,0.0,95.12515702341186,34.57368428618137,0.0,82.57554574647561,0.0064071512959029625,0.0,0.0005994648838438899,0.00021787832244597608,0.0,0.0005203790615249526,5342,2613,5545,0.19355555555555556,0.41074074074074074,1,0,0
flow,0.2,0.5,0,registered,during_vibration,flow_dump_0.2_0.5.shear.wave,2102,210200,210.20000000000002,0.2102,158683.45183699526,1158.3684642356995,0.00729986933625324,7.29986933625324e+17,98,0.0006175817255391491,6.1758172553914915e+26,942.9655875733171,5.525783832655456,104.829380041758,22.595559145563087,0.0,82.45215364240569,0.005942431782628233,3.4822684840078465e-05,0.0006606194838100831,0.000142393922516722,0.0,0.0005196014624581219,5336,2610,5554,0.19333333333333333,0.4114074074074074,1,0,0
flow,0.2,0.5,0,registered,during_vibration,flow_dump_0.2_0.5.shear.wave,2103,210300,210.3,0.2103,158683.4518369953,1150.1820474660085,0.007248279730185806,7.248279730185806e+17,94,0.0005923743081702042,5.923743081702042e+26,942.0530098172609,10.199002933333217,105.97938310971202,18.52925513719571,0.0,73.42139646850644,0.005936680850533601,6.427263092190582e-05,0.000667866635637454,0.00011676866694473948,0.0,0.000462690946148104,5335,2627,5538,0.1945925925925926,0.4102222222222222,1,0,0
flow,0.2,0.5,0,registered,during_vibration,flow_dump_0.2_0.5.shear.wave,2104,210400,210.4,0.2104,158683.45183699526,1202.8099864648077,0.007579933336088333,7.579933336088333e+17,102,0.000642789142908094,6.42789142908094e+26,973.6119946412562,11.160193252895773,119.31358753524916,25.770519566527323,0.0,72.95369146887967,0.006135560976083264,7.032991231095655e-05,0.0007518968496967907,0.0001624020606320036,0.0,0.0004597435373653205,5336,2643,5521,0.19577777777777777,0.408962962962963,1,0,0
flow,0.2,0.5,0,registered,during_vibration,flow_dump_0.2_0.5.shear.wave,2105,210500,210.5,0.2105,158683.45183699526,1184.165820740409,0.0074624405193606585,7.462440519360658e+17,102,0.000642789142908094,6.42789142908094e+26,988.2563388436262,8.890168267162368,92.15054003646983,27.815722253012357,0.0,67.05305134013841,0.006227847500184171,5.6024545497627786e-05,0.0005807192808682397,0.00017529063006258247,0.0,0.00042255856274803916,5338,2658,5504,0.1968888888888889,0.4077037037037037,1,0,0
flow,0.2,0.5,0,registered,during_vibration,flow_dump_0.2_0.5.shear.wave,2106,210600,210.6,0.21059999999999998,158683.45183699526,1170.8716398873753,0.007378662528025495,7.378662528025495e+17,103,0.0006490909972503302,6.490909972503302e+26,975.7251996599273,0.0,95.98888388903318,31.374563898308704,0.0,67.78299244010648,0.006148878086306211,0.0,0.0006049079647425117,0.00019771793173832433,0.0,0.0004271585452384496,5350,2672,5478,0.19792592592592592,0.4057777777777778,1,0,0
flow,0.2,0.5,0,registered,during_vibration,flow_dump_0.2_0.5.shear.wave,2107,210700,210.70000000000002,0.2107,158683.4518369953,1187.309496463119,0.007482251505864401,7.482251505864401e+17,96,0.0006049780168546767,6.0497801685467664e+26,996.4100789319406,0.0,102.56355202571231,32.182473538928626,0.0,56.15339196653788,0.00627923118256518,0.0,0.0006463405656884051,0.00020280926061519945,0.0,0.0003538704969956189,5363,2685,5452,0.1988888888888889,0.40385185185185185,1,0,0
flow,0.2,0.5,0,registered,during_vibration,flow_dump_0.2_0.5.shear.wave,2108,210800,210.8,0.2108,158683.45183699526,1177.2666003819886,0.007418962637586903,7.418962637586903e+17,100,0.0006301854342236216,6.301854342236216e+26,994.5592526881883,6.0552756015463505,102.24159459531403,22.468330766685547,0.0,51.94214673025394,0.006267567545164265,3.8159464843041885e-05,0.0006443116368576345,0.00014159214780483687,0.0,0.00032733184291712145,5358,2665,5477,0.19740740740740742,0.4057037037037037,1,0,0
flow,0.2,0.5,0,registered,during_vibration,flow_dump_0.2_0.5.shear.wave,2109,210900,210.9,0.2109,158683.45183699526,1137.7951565826152,0.007170219348085489,7.170219348085489e+17,95,0.0005986761625124405,5.986761625124405e+26,950.0910549614472,5.701355880605053,90.2494949831388,25.412468466530985,0.0,66.34078229089288,0.0059873354402285835,3.592911431282494e-05,0.0005687391718441189,0.0001601456747527492,0.0,0.0004180699469472107,5361,2668,5471,0.19762962962962963,0.40525925925925926,1,0,0
flow,0.2,0.5,0,registered,during_vibration,flow_dump_0.2_0.5.shear.wave,2110,211000,211.0,0.211,158683.45183699526,1115.6760018743562,0.007030827656940652,7.030827656940652e+17,92,0.0005797705994857318,5.7977059948573184e+26,946.501016785399,4.308466614054795,93.69728035124092,24.941047299528,0.0,46.228190824133094,0.00596471154256006,2.7151329040160974e-05,0.0005904666130371916,0.0001571748472244494,0.0,0.0002913233250787875,5352,2656,5492,0.19674074074074074,0.4068148148148148,1,0,0
flow,0.2,0.5,0,registered,during_vibration,flow_dump_0.2_0.5.shear.wave,2111,211100,211.1,0.21109999999999998,158683.45183699526,1132.729213772033,0.007138294514387101,7.138294514387101e+17,97,0.000611279871196913,6.112798711969129e+26,935.5658813984953,5.260306105090552,102.15125998608715,24.10769414164492,0.0,65.64407214071548,0.00589579991213916,3.314968286985657e-05,0.000643742361308224,0.00015192317700782763,0.0,0.00041367938106203525,5361,2657,5482,0.1968148148148148,0.4060740740740741,1,0,0
flow,0.2,0.5,0,registered,during_vibration,flow_dump_0.2_0.5.shear.wave,2112,211200,211.20000000000002,0.2112,158683.45183699526,1143.4062025558032,0.007205579342516111,7.205579342516111e+17,90,0.0005671668908012594,5.671668908012594e+26,956.1123025237405,5.210518328817323,97.14532717050895,17.27201876753634,0.0,67.66603576519998,0.006025280465324701,3.283592755575884e-05,0.0006121957018574297,0.0001088457464693843,0.0,0.0004264215013088366,5373,2673,5454,0.198,0.404,1,0,0
flow,0.2,0.5,0,registered,during_vibration,flow_dump_0.2_0.5.shear.wave,2113,211300,211.3,0.2113,158683.45183699526,1172.1321651860176,0.0073866061748522425,7.386606174852242e+17,98,0.0006175817255391491,6.1758172553914915e+26,957.1227828592375,0.0,110.29308321240745,18.90199510028132,0.0,85.81430401409185,0.006031648365214697,0.0,0.0006950509453607302,0.00011911761989963551,0.0,0.0005407892443771835,5360,2675,5465,0.19814814814814816,0.4048148148148148,1,0,0
flow,0.2,0.5,0,registered,during_vibration,flow_dump_0.2_0.5.shear.wave,2114,211400,211.4,0.21139999999999998,158683.45183699526,1200.593507574221,0.007565965408967213,7.565965408967213e+17,97,0.000611279871196913,6.112798711969129e+26,948.2666749337017,0.0,133.43856711471855,13.67706693763223,0.0,105.21119858816789,0.005975838463028846,0.0,0.0008409104135936678,8.619088366997305e-05,0.0,0.0006630256486747227,5363,2691,5446,0.19933333333333333,0.4034074074074074,1,0,0
flow,0.2,0.5,0,registered,during_vibration,flow_dump_0.2_0.5.shear.wave,2115,211500,211.5,0.2115,158683.45183699526,1177.950126244411,0.00742327011801104,7.42327011801104e+17,98,0.0006175817255391491,6.1758172553914915e+26,973.0557655977015,0.0,103.96438279931411,28.0583396377263,0.0,72.87163820966944,0.00613205570166986,0.0,0.0006551683971817658,0.000176819569481944,0.0,0.00045922644967747193,5364,2709,5427,0.20066666666666666,0.402,1,0,0
flow,0.2,0.5,0,registered,during_vibration,flow_dump_0.2_0.5.shear.wave,2116,211600,211.6,0.21159999999999998,158683.45183699526,1140.061720752186,0.007184502905339455,7.184502905339455e+17,99,0.0006238835798813854,6.238835798813854e+26,904.5978130522557,4.695404440531022,107.98865822952735,34.89039115189193,0.0,87.88945387798047,0.005700643656160742,2.9589754862115633e-05,0.0006805287947760096,0.00021987416298287023,0.0,0.0005538665365577209,5361,2707,5432,0.2005185185185185,0.4023703703703704,1,0,0
flow,0.2,0.5,0,registered,during_vibration,flow_dump_0.2_0.5.shear.wave,2117,211700,211.70000000000002,0.2117,158683.45183699526,1194.866194027436,0.007529872713223059,7.529872713223059e+17,104,0.0006553928515925665,6.553928515925665e+26,976.0266383509469,4.498602051723195,98.24083160234522,18.716206905261387,0.0,97.38391511715972,0.006150777709030131,2.8349534873644564e-05,0.0006190994112181362,0.00011794680975611292,0.0,0.000613699248345036,5353,2711,5436,0.2008148148148148,0.4026666666666667,1,0,0
flow,0.2,0.5,0,registered,during_vibration,flow_dump_0.2_0.5.shear.wave,2118,211800,211.8,0.2118,158683.4518369953,1134.5587364736691,0.007149823899968625,7.149823899968625e+17,97,0.0006112798711969128,6.1127987119691286e+26,946.9363578824373,5.049029614473668,89.03043573322857,19.20872042644607,0.0,74.3341928170833,0.005967454998742783,3.181824920005013e-05,0.0005610568380166287,0.00012105055822820065,0.0,0.00046844325578096046,5368,2687,5445,0.19903703703703704,0.4033333333333333,1,0,0
flow,0.2,0.5,0,registered,during_vibration,flow_dump_0.2_0.5.shear.wave,2119,211900,211.9,0.21189999999999998,158683.45183699526,1233.500212031686,0.007773338667341174,7.773338667341174e+17,103,0.0006490909972503302,6.490909972503302e+26,1008.1258065363176,4.13145650332601,116.51480980206706,23.250714341854586,0.0,81.47742484812053,0.00635306199144128,2.603583710524507e-05,0.0007342593600859832,0.00014652261513531018,0.0,0.0005134588635733534,5344,2659,5497,0.19696296296296295,0.4071851851851852,1,0,0
flow,0.2,0.5,0,registered,during_vibration,flow_dump_0.2_0.5.shear.wave,2120,212000,212.0,0.212,158683.45183699526,1128.7509895867806,0.007113224325030879,7.11322432503088e+17,90,0.0005671668908012594,5.671668908012594e+26,939.8404994291474,0.0,108.89622598327227,19.3472955865821,0.0,60.666968587779614,0.005922737932337026,0.0,0.0006862481545658206,0.00012192383870282998,0.0,0.0003823143994252071,5323,2638,5539,0.19540740740740742,0.41029629629629627,1,0,0
flow,0.2,0.5,0,registered,during_vibration,flow_dump_0.2_0.5.shear.wave,2121,212100,212.1,0.21209999999999998,158683.45183699526,1184.6848792159951,0.007465711550268906,7.465711550268906e+17,104,0.0006553928515925665,6.553928515925665e+26,966.9925490331542,0.0,105.36777838180569,32.09523672711336,0.0,80.22931507392182,0.0060938461940346494,0.0,0.0006640123917271655,0.0002022595069338586,0.0,0.0005055934575732317,5337,2633,5530,0.19503703703703704,0.4096296296296296,1,0,0
flow,0.2,0.5,0,registered,during_vibration,flow_dump_0.2_0.5.shear.wave,2122,212200,212.20000000000002,0.2122,158683.4518369953,1203.3071110226324,0.007583066142641691,7.583066142641691e+17,98,0.000617581725539149,6.17581725539149e+26,963.3116485525246,11.52369957711543,107.73534515553915,25.77094460667163,0.0,94.96547313078139,0.006070649695357454,7.26206762186705e-05,0.0006789324526807518,0.00016240473917308258,0.0,0.0005984585792117313,5331,2626,5543,0.1945185185185185,0.4105925925925926,1,0,0
flow,0.2,0.5,0,registered,during_vibration,flow_dump_0.2_0.5.shear.wave,2123,212300,212.3,0.2123,158683.45183699526,1181.3879198585653,0.007444934592626111,7.444934592626111e+17,102,0.000642789142908094,6.42789142908094e+26,963.731189195296,5.613801155969716,114.19388853718668,30.84562364269911,0.0,67.00341732741434,0.006073293579378848,3.5377357191198443e-05,0.0007196332523349083,0.00019438462729172746,0.0,0.00042224577642943135,5338,2624,5538,0.19437037037037036,0.4102222222222222,1,0,0
flow,0.2,0.5,0,registered,during_vibration,flow_dump_0.2_0.5.shear.wave,2124,212400,212.4,0.21239999999999998,158683.45183699526,1196.2706697212002,0.007538723514472372,7.538723514472371e+17,103,0.0006490909972503302,6.490909972503302e+26,962.9422623401038,11.17688556600354,117.55447769146835,31.774100219302085,0.0,72.8229439043223,0.006068321877250748,7.043510483679669e-05,0.0007408111956892901,0.00020023575143765754,0.0,0.0004589195852578779,5331,2645,5524,0.19592592592592592,0.4091851851851852,1,0,0
flow,0.2,0.5,0,registered,during_vibration,flow_dump_0.2_0.5.shear.wave,2125,212500,212.5,0.2125,158683.45183699526,1204.6138774978597,0.007591301194627892,7.591301194627892e+17,99,0.0006238835798813854,6.238835798813854e+26,998.7645055070313,6.028356699114753,118.60023236863013,32.985081891655284,0.0,48.23570103142812,0.0062940684359008925,3.798982584086509e-05,0.000747401389342476,0.00020786718154794503,0.0,0.00030397436199571323,5350,2665,5485,0.19740740740740742,0.4062962962962963,1,0,0
flow,0.2,0.5,0,registered,during_vibration,flow_dump_0.2_0.5.shear.wave,2126,212600,212.6,0.21259999999999998,158683.4518369953,1193.3934890868654,0.00752059194119849,7.52059194119849e+17,99,0.0006238835798813853,6.238835798813853e+26,1001.9609643922521,2.6123690052331803,102.85681978005545,27.117282524051724,0.0,58.846053385272626,0.006314212054206499,1.646276895915202e-05,0.0006481886963595502,0.00017088916462384157,0.0,0.0003708392570494444,5356,2691,5453,0.19933333333333333,0.4039259259259259,1,0,0
flow,0.2,0.5,0,registered,during_vibration,flow_dump_0.2_0.5.shear.wave,2127,212700,212.70000000000002,0.2127,158683.45183699526,1185.7362805699502,0.007472337328456761,7.47233732845676e+17,97,0.000611279871196913,6.112798711969129e+26,964.3708220991492,0.0,119.49764941372011,24.33720010236966,0.0,77.5306089547112,0.006077324452771433,0.0,0.0007530567808448731,0.00015336949014298993,0.0,0.0004885866046974648,5364,2698,5438,0.19985185185185186,0.4028148148148148,1,0,0
flow,0.2,0.5,0,registered,during_vibration,flow_dump_0.2_0.5.shear.wave,2128,212800,212.8,0.2128,158683.45183699526,1170.189895933287,0.007374366276928131,7.37436627692813e+17,100,0.0006301854342236216,6.301854342236216e+26,943.2653015414006,3.741258145848543,112.70537282656613,43.45978569225973,0.0,67.01817772721226,0.005944320536399429,2.3576863891842257e-05,0.0007102528431404474,0.00027387723917742234,0.0,0.00042233879431899103,5350,2673,5477,0.198,0.4057037037037037,1,0,0
flow,0.2,0.5,0,registered,during_vibration,flow_dump_0.2_0.5.shear.wave,2129,212900,212.9,0.21289999999999998,158683.45183699526,1227.374848376412,0.00773473751779241,7.73473751779241e+17,91,0.0005734687451434957,5.734687451434957e+26,998.9033651393763,3.773668393750004,113.88932514957285,46.912424488474436,0.0,63.896065205238465,0.006294943509077947,2.3781108553313028e-05,0.000717713938228188,0.0002956352659675212,0.0,0.00040266369596544043,5333,2667,5500,0.19755555555555557,0.4074074074074074,1,0,0
flow,0.2,0.5,0,registered,during_vibration,flow_dump_0.2_0.5.shear.wave,2130,213000,213.0,0.213,158683.4518369953,1068.293452595033,0.006732229733018526,6.732229733018527e+17,89,0.0005608650364590231,5.608650364590231e+26,877.6350690606308,4.374570222178419,98.88425404826242,24.295204562778004,0.0,63.10435470118316,0.005530728370858517,2.7567904350052312e-05,0.0006231541657528315,0.00015310484036945967,0.0,0.0003976744516876654,5331,2649,5520,0.19622222222222221,0.4088888888888889,1,0,0
flow,0.2,0.5,0,registered,during_vibration,flow_dump_0.2_0.5.shear.wave,2131,213100,213.1,0.21309999999999998,158683.45183699526,1159.9204457498888,0.007309649697697504,7.309649697697504e+17,93,0.0005860724538279681,5.860724538279681e+26,942.8429051846449,4.117037398707058,109.58757550266482,19.532295328480913,0.0,83.84063233539166,0.0059416586560844635,2.5944970008190972e-05,0.0006906049385366074,0.0001230896801296276,0.0,0.0005283514529386181,5345,2662,5493,0.19718518518518519,0.4068888888888889,1,0,0
flow,0.2,0.5,0,registered,during_vibration,flow_dump_0.2_0.5.shear.wave,2132,213200,213.20000000000002,0.2132,158683.45183699526,1099.3851068836789,0.006928164809604738,6.928164809604739e+17,90,0.0005671668908012594,5.671668908012594e+26,905.9685932677598,6.666056201222183,95.85543757523797,23.865434416785824,0.0,67.02958542267366,0.0057092821134140685,4.200851521726267e-05,0.0006040670055104659,0.00015039649150877537,0.0,0.00042241068395416936,5349,2663,5488,0.19725925925925927,0.4065185185185185,1,0,0
flow,0.2,0.5,0,registered,during_vibration,flow_dump_0.2_0.5.shear.wave,2133,213300,213.3,0.2133,158683.45183699526,1141.993355891548,0.007196675788630059,7.19667578863006e+17,90,0.0005671668908012594,5.671668908012594e+26,919.5162164808447,0.0,119.98147819700178,23.988972611644364,0.0,78.50668860205668,0.005794657261586428,0.0,0.0007561057993636955,0.0001511750112184767,0.0,0.0004947377164614574,5362,2686,5452,0.19896296296296295,0.40385185185185185,1,0,0
flow,0.2,0.5,0,registered,during_vibration,flow_dump_0.2_0.5.shear.wave,2134,213400,213.4,0.21339999999999998,158683.45183699526,1083.986358250478,0.006831124138665596,6.831124138665596e+17,86,0.0005419594734323146,5.419594734323146e+26,903.272539622115,0.0,94.20019096715528,19.679449003323835,0.0,66.83417865788401,0.00569229197604036,0.0,0.0005936358824858483,0.00012401702115441248,0.0,0.0004211792589849774,5361,2701,5438,0.20007407407407407,0.4028148148148148,1,0,0
flow,0.2,0.5,0,registered,during_vibration,flow_dump_0.2_0.5.shear.wave,2135,213500,213.5,0.2135,158683.45183699526,1129.078977800963,0.007115291258982627,7.115291258982627e+17,94,0.0005923743081702043,5.9237430817020434e+26,927.8034253294127,0.0,101.79148514194337,20.62995294192093,0.0,78.85411438768614,0.005846882044653794,0.0,0.0006414751126444291,0.00013000695852717322,0.0,0.0004969271431572312,5358,2719,5423,0.2014074074074074,0.40170370370370373,1,0,0
flow,0.2,0.5,0,registered,during_vibration,flow_dump_0.2_0.5.shear.wave,2136,213600,213.6,0.21359999999999998,158683.45183699526,1191.709768910031,0.007509981381890996,7.509981381890996e+17,101,0.0006364872885658578,6.364872885658577e+26,963.0634269588026,13.222163744632503,109.90889008700978,34.84871651965991,0.0,70.66657159992629,0.006069085439029221,8.33241500078706e-05,0.0006926298162451855,0.00021961153552077774,0.0,0.0004453304410879419,5349,2704,5447,0.2002962962962963,0.4034814814814815,1,0,0
flow,0.2,0.5,0,registered,during_vibration,flow_dump_0.2_0.5.shear.wave,2137,213700,213.70000000000002,0.2137,158683.4518369953,1152.3256025830929,0.007261788102308227,7.261788102308227e+17,100,0.0006301854342236215,6.301854342236214e+26,953.4686992866955,7.308727507598867,90.46549613700151,17.29192114878439,0.0,83.79075850301307,0.006008620862786178,4.605853617998319e-05,0.0005701003796535164,0.00010897116837707315,0.0,0.0005280371553114789,5368,2705,5427,0.20037037037037037,0.402,1,0,0
flow,0.2,0.5,0,registered,during_vibration,flow_dump_0.2_0.5.shear.wave,2138,213800,213.8,0.2138,158683.45183699526,1193.0253576961563,0.007518272030795438,7.518272030795438e+17,102,0.000642789142908094,6.42789142908094e+26,991.5692413452731,4.21740165200254,99.47908019515302,33.65494204977597,0.0,64.10469245395129,0.00624872492919958,2.6577450913626394e-05,0.0006269026734894898,0.0002120885426940889,0.0,0.0004039784344986501,5381,2691,5428,0.19933333333333333,0.4020740740740741,1,0,0
flow,0.2,0.5,0,registered,during_vibration,flow_dump_0.2_0.5.shear.wave,2139,213900,213.9,0.21389999999999998,158683.45183699526,1196.1151206471882,0.007537743266864878,7.537743266864878e+17,97,0.000611279871196913,6.112798711969129e+26,961.7618239288591,0.0,103.36538131746245,25.127409651079837,0.0,105.8605057497862,0.006060882926323104,0.0,0.000651393577092353,0.00015834927561880568,0.0,0.0006671174878306121,5375,2666,5459,0.19748148148148148,0.4043703703703704,1,0,0
flow,0.2,0.5,0,registered,during_vibration,flow_dump_0.2_0.5.shear.wave,2140,214000,214.0,0.214,158683.45183699526,1129.762755368202,0.007119600325613856,7.119600325613856e+17,95,0.0005986761625124405,5.986761625124405e+26,915.2283375728322,12.639718987990573,106.37394538054431,20.420771173500157,0.0,75.09998225333528,0.005767635673270986,7.965366798911394e-05,0.0006703531095971812,0.0001286887254915341,0.0,0.0004732691492650437,5369,2653,5478,0.1965185185185185,0.4057777777777778,1,0,0
flow,0.2,0.5,0,registered,during_vibration,flow_dump_0.2_0.5.shear.wave,2141,214100,214.1,0.21409999999999998,158683.4518369953,1155.8635179526427,0.007284083529642289,7.284083529642289e+17,96,0.0006049780168546767,6.0497801685467664e+26,982.7270200197013,0.0,97.56487493794651,19.967776606207547,0.0,55.6038463887875,0.00619300253834401,0.0,0.0006148396307774315,0.00012583401971063174,0.0,0.000350407340810216,5388,2647,5465,0.19607407407407407,0.4048148148148148,1,0,0
flow,0.2,0.5,0,registered,during_vibration,flow_dump_0.2_0.5.shear.wave,2142,214200,214.20000000000002,0.2142,158683.45183699526,1177.020353999349,0.007417410828751206,7.417410828751206e+17,94,0.0005923743081702043,5.9237430817020434e+26,947.285559787555,18.067973638354825,110.51825663023953,27.28050386136841,0.0,73.86806008183115,0.0059696556182848685,0.00011386173812827584,0.0006964699554416515,0.00017191776171715636,0.0,0.0004655057551792533,5375,2629,5496,0.19474074074074074,0.4071111111111111,1,0,0
flow,0.2,0.5,0,registered,during_vibration,flow_dump_0.2_0.5.shear.wave,2143,214300,214.3,0.2143,158683.45183699526,1202.324259706368,0.0075768723568065185,7.576872356806519e+17,98,0.0006175817255391491,6.1758172553914915e+26,974.8219958765592,0.0,113.20939056551961,29.80973246917751,0.0,84.48314079511145,0.006143186227622069,0.0,0.0007134290895172354,0.00018785659200178621,0.0,0.0005324004476654267,5358,2642,5500,0.1957037037037037,0.4074074074074074,1,0,0
flow,0.2,0.5,0,registered,during_vibration,flow_dump_0.2_0.5.shear.wave,2144,214400,214.4,0.21439999999999998,158683.45183699526,1186.760602570338,0.007478792456502753,7.478792456502753e+17,102,0.000642789142908094,6.42789142908094e+26,953.9630743608382,5.445657759803387,115.32893109213472,26.841870291256733,0.0,85.18106906630499,0.006011736342493858,3.431774199994932e-05,0.0007267861251884306,0.00016915355684869754,0.0,0.0005367986899718171,5350,2656,5494,0.19674074074074074,0.40696296296296297,1,0,0
flow,0.2,0.5,0,registered,during_vibration,flow_dump_0.2_0.5.shear.wave,2145,214500,214.5,0.2145,158683.4518369953,1157.450669870356,0.007294085529846719,7.294085529846719e+17,93,0.000586072453827968,5.8607245382796806e+26,932.6117992585412,0.0,107.26162144353358,27.194314139432617,0.0,90.38293502884866,0.005877183716778167,0.0,0.0006759471148492292,0.00017137460664371913,0.0,0.0005695800915756036,5352,2673,5475,0.198,0.40555555555555556,1,0,0
flow,0.2,0.5,0,registered,during_vibration,flow_dump_0.2_0.5.shear.wave,2146,214600,214.6,0.21459999999999999,158683.45183699526,1179.3130195973633,0.0074318588734053476,7.431858873405348e+17,97,0.000611279871196913,6.112798711969129e+26,979.9240135675499,5.104623862975804,116.01201174436197,37.220363125530284,0.0,41.05200729694528,0.006175338399962205,3.2168596056376675e-05,0.0007310907999627664,0.00023455730698223175,0.0,0.0002587037704417674,5363,2687,5450,0.19903703703703704,0.40370370370370373,1,0,0
flow,0.2,0.5,0,registered,during_vibration,flow_dump_0.2_0.5.shear.wave,2147,214700,214.70000000000002,0.2147,158683.45183699526,1242.5926390626705,0.007830637818107848,7.830637818107849e+17,96,0.0006049780168546768,6.049780168546768e+26,1021.0195613546033,3.9566987214715135,114.60553396768228,32.249251629353154,0.0,70.76159338956056,0.006434316556230623,2.493453901882574e-05,0.0007222273818785388,0.00020323008641430753,0.0,0.0004459292545655557,5370,2695,5435,0.19962962962962963,0.4025925925925926,1,0,0
flow,0.2,0.5,0,registered,during_vibration,flow_dump_0.2_0.5.shear.wave,2148,214800,214.8,0.2148,158683.45183699526,1180.872233321545,0.007441684811183557,7.441684811183557e+17,94,0.0005923743081702043,5.9237430817020434e+26,965.5715510763981,3.851718108186431,112.89841206463305,43.65749272711639,0.0,54.89305934521124,0.006084891271890558,2.4272966485144524e-05,0.0007114693483010814,0.00027512316011352444,0.0,0.00034592806439324975,5376,2663,5461,0.19725925925925927,0.4045185185185185,1,0,0
flow,0.2,0.5,0,registered,during_vibration,flow_dump_0.2_0.5.shear.wave,2149,214900,214.9,0.21489999999999998,158683.4518369953,1110.0444562375487,0.006995338476615835,6.995338476615835e+17,90,0.0005671668908012594,5.671668908012594e+26,906.9711266815494,0.0,107.95507726426617,39.91066678612622,0.0,55.20758550560688,0.005715599932960994,0.0,0.0006803171724242618,0.0002515112087876922,0.0,0.00034791016244288585,5369,2669,5462,0.19770370370370371,0.4045925925925926,1,0,0
flow,0.2,0.5,0,registered,during_vibration,flow_dump_0.2_0.5.shear.wave,2150,215000,215.0,0.215,158683.45183699526,1070.852577976172,0.006748356968413985,6.748356968413985e+17,84,0.0005293557647478421,5.293557647478421e+26,893.7615734079582,5.992597535682957,89.96638376934446,26.496901930340172,0.0,54.63512133284602,0.005632355252304814,3.776447680151769e-05,0.0005669550462121333,0.0001669796164855214,0.0,0.0003443025766099982,5355,2663,5482,0.19725925925925927,0.4060740740740741,1,0,0
flow,0.2,0.5,0,registered,during_vibration,flow_dump_0.2_0.5.shear.wave,2151,215100,215.1,0.21509999999999999,158683.45183699526,1095.2192244965868,0.006901912025594396,6.901912025594396e+17,89,0.0005608650364590232,5.6086503645902325e+26,912.6460762299862,0.0,88.68743740355532,19.26746249454468,0.0,74.61824836850033,0.005751362638414783,0.0,0.0005588953125033977,0.00012142074218511983,0.0,0.00047023333249109425,5352,2662,5486,0.19718518518518519,0.4063703703703704,1,0,0
flow,0.2,0.5,0,registered,during_vibration,flow_dump_0.2_0.5.shear.wave,2152,215200,215.20000000000002,0.2152,158683.45183699526,1112.4171337039438,0.0070102907444101635,7.010290744410163e+17,92,0.0005797705994857318,5.7977059948573184e+26,908.3488073924038,4.441444986296527,86.08277274687765,18.051903176335724,0.0,95.49220540202991,0.005724281876130909,2.7989339372696038e-05,0.0005424810952266443,0.00011376046441741903,0.0,0.0006017779692624949,5349,2662,5489,0.19718518518518519,0.4065925925925926,1,0,0
flow,0.2,0.5,0,registered,during_vibration,flow_dump_0.2_0.5.shear.wave,2153,215300,215.3,0.2153,158683.45183699526,1094.23951710469,0.006895738052312652,6.895738052312652e+17,86,0.0005419594734323146,5.419594734323146e+26,917.170343117046,0.0,82.1044917514738,25.993387173712147,0.0,68.97129506245827,0.005779873909342436,0.0,0.0005174105478611227,0.00016380653983008505,0.0,0.0004346470552790079,5361,2684,5455,0.1988148148148148,0.4040740740740741,1,0,0
flow,0.2,0.5,0,registered,during_vibration,flow_dump_0.2_0.5.shear.wave,2154,215400,215.4,0.21539999999999998,158683.45183699526,1126.539242435512,0.007099286216641729,7.099286216641729e+17,89,0.0005608650364590232,5.6086503645902325e+26,931.6754765606792,0.0,112.1584264593867,11.56645031962719,0.0,71.13888909581901,0.005871283147518912,0.0,0.0007068060668014674,7.289008517100208e-05,0.0,0.0004483069171503476,5370,2699,5431,0.19992592592592592,0.4022962962962963,1,0,0
flow,0.2,0.5,0,registered,during_vibration,flow_dump_0.2_0.5.shear.wave,2155,215500,215.5,0.2155,158683.45183699526,1146.7777567595995,0.007226826386015389,7.22682638601539e+17,93,0.0005860724538279681,5.860724538279681e+26,978.737351633596,0.0,89.82150487803305,19.139363045343735,0.0,59.07953720262603,0.0061678602293009505,0.0,0.000566042040541824,0.00012061347811493479,0.0,0.0003723106380576749,5379,2708,5413,0.2005925925925926,0.40096296296296297,1,0,0
flow,0.2,0.5,0,registered,during_vibration,flow_dump_0.2_0.5.shear.wave,2156,215600,215.6,0.21559999999999999,158683.45183699526,1151.2212193505682,0.00725482844003885,7.254828440038849e+17,103,0.0006490909972503302,6.490909972503302e+26,938.8805249749421,4.20067662336325,80.94890295898244,40.01927389138955,0.0,87.17184090189042,0.005916688313154356,2.6472052219271865e-05,0.0005101281956113216,0.0002521956349455937,0.0,0.0005493442441083027,5379,2700,5421,0.2,0.40155555555555555,1,0,0
flow,0.2,0.5,0,registered,during_vibration,flow_dump_0.2_0.5.shear.wave,2157,215700,215.70000000000002,0.2157,158683.45183699526,1195.1009973792225,0.007531352409745086,7.531352409745085e+17,100,0.0006301854342236216,6.301854342236216e+26,1017.4016038949737,6.1187633618022215,91.14298729143192,22.736901118552,0.0,57.700741712462595,0.0064115167153036305,3.85595554606892e-05,0.0005743698302268905,0.0001432846390429424,0.0,0.00036362166971093277,5360,2706,5434,0.20044444444444445,0.4025185185185185,1,0,0
flow,0.2,0.5,0,registered,during_vibration,flow_dump_0.2_0.5.shear.wave,2158,215800,215.8,0.2158,158683.45183699526,1305.686355819195,0.008228245231017775,8.228245231017774e+17,106,0.0006679965602770389,6.679965602770389e+26,1072.0343876234253,4.513010566761229,101.10441154025368,14.940748397459938,0.0,113.09379769129414,0.006755804560671225,2.8440335236702173e-05,0.0006371452748841851,9.415442016479169e-05,0.0,0.0007127006400608661,5369,2697,5434,0.19977777777777778,0.4025185185185185,1,0,0
flow,0.2,0.5,0,registered,during_vibration,flow_dump_0.2_0.5.shear.wave,2159,215900,215.9,0.21589999999999998,158683.45183699526,1187.4860945446871,0.0074833644012515625,7.483364401251562e+17,104,0.0006553928515925665,6.553928515925665e+26,988.4529223960484,3.705996202207021,93.13102797111637,20.423963254340336,0.0,81.7721847209748,0.0062290863410976146,2.3354648259189242e-05,0.0005868981730167022,0.00012870884152003757,0.0,0.0005153163973580171,5363,2665,5472,0.19740740740740742,0.4053333333333333,1,0,0
flow,0.2,0.5,0,registered,during_vibration,flow_dump_0.2_0.5.shear.wave,2160,216000,216.0,0.216,158683.4518369953,1195.9136098441993,0.007536473375136053,7.536473375136054e+17,102,0.0006427891429080939,6.427891429080939e+26,970.5999489170441,7.033664100304918,100.48717865078103,35.91329110712718,0.0,81.87952706894215,0.006116579502657123,4.432512665233753e-05,0.0006332555631194907,0.00022632032950744264,0.0,0.0005159928531996608,5352,2639,5509,0.19548148148148148,0.4080740740740741,1,0,0
flow,0.2,0.5,0,registered,during_vibration,flow_dump_0.2_0.5.shear.wave,2161,216100,216.1,0.2161,158683.45183699526,1171.1566078970723,0.007380458354914802,7.380458354914802e+17,98,0.0006175817255391491,6.1758172553914915e+26,985.0672434677191,10.339692060656617,92.14035734738724,17.314749357540833,0.0,66.29456566376844,0.006207750285641705,6.515923330983422e-05,0.0005806551110448288,0.00010911502842355043,0.0,0.0004177786964948831,5368,2610,5522,0.19333333333333333,0.40903703703703703,1,0,0
flow,0.2,0.5,0,registered,during_vibration,flow_dump_0.2_0.5.shear.wave,2162,216200,216.20000000000002,0.2162,158683.45183699526,1221.8108383328981,0.007699673936939445,7.699673936939444e+17,101,0.0006364872885658578,6.364872885658577e+26,1003.0233548111445,18.184401940714714,96.57383407317391,26.433781666292816,0.0,77.59546584157222,0.006320907083880948,0.0001145954523310617,0.0006085942356004308,0.00016658184177545146,0.0,0.0004889953233515539,5352,2600,5548,0.1925925925925926,0.410962962962963,1,0,0
flow,0.2,0.5,0,registered,during_vibration,flow_dump_0.2_0.5.shear.wave,2163,216300,216.3,0.2163,158683.45183699526,1240.2807058154785,0.007816068351535073,7.816068351535072e+17,103,0.0006490909972503302,6.490909972503302e+26,1015.1533451960313,12.814699837913757,113.2365232965535,24.449235204096155,0.0,74.62690228088329,0.00639734851645923,8.075637181801054e-05,0.0007136000760361182,0.0001540755190352879,0.0,0.0004702878681864221,5344,2595,5561,0.1922222222222222,0.4119259259259259,1,0,0
flow,0.2,0.5,0,registered,during_vibration,flow_dump_0.2_0.5.shear.wave,2164,216400,216.4,0.21639999999999998,158683.4518369953,1179.7364276635703,0.007434527129365911,7.434527129365911e+17,97,0.0006112798711969128,6.1127987119691286e+26,965.6537757004457,0.0,106.21990239499877,38.03826999125357,0.0,69.8244795768724,0.00608540943949465,0.0,0.0006693823531398299,0.00023971163691553484,0.0,0.0004400236998158973,5330,2616,5554,0.19377777777777777,0.4114074074074074,1,0,0
flow,0.2,0.5,0,registered,during_vibration,flow_dump_0.2_0.5.shear.wave,2165,216500,216.5,0.2165,158683.45183699526,1226.2885785490207,0.007727892003563823,7.727892003563823e+17,100,0.0006301854342236216,6.301854342236216e+26,984.0828546879553,0.0,122.9863672138149,42.49459352083544,0.0,76.72476312641443,0.006201546810935502,0.0,0.0007750421722622372,0.0002677947387008398,0.0,0.0004835082816652399,5340,2636,5524,0.19525925925925927,0.4091851851851852,1,0,0
flow,0.2,0.5,0,registered,during_vibration,flow_dump_0.2_0.5.shear.wave,2166,216600,216.6,0.2166,158683.45183699526,1146.4809342766794,0.007224955853962526,7.224955853962525e+17,98,0.0006175817255391491,6.1758172553914915e+26,936.5962551188022,4.060979223491376,101.60535488714531,25.620110652218653,0.0,78.59823439502237,0.005902293177242603,2.5591699553290186e-05,0.0006403021468900084,0.00016145420556225646,0.0,0.0004953146247143717,5350,2664,5486,0.19733333333333333,0.4063703703703704,1,0,0
flow,0.2,0.5,0,registered,during_vibration,flow_dump_0.2_0.5.shear.wave,2167,216700,216.70000000000002,0.2167,158683.45183699526,1178.2189274577183,0.007424964064104319,7.424964064104319e+17,96,0.0006049780168546768,6.049780168546768e+26,958.4590512353765,2.466327272113836,108.79746020653269,26.644188190730546,0.0,81.85190055296518,0.006040069333883261,1.5542435229146178e-05,0.0006856257470268099,0.0001679077930451142,0.0,0.0005158187549199905,5359,2663,5478,0.19725925925925927,0.4057777777777778,1,0,0
flow,0.2,0.5,0,registered,during_vibration,flow_dump_0.2_0.5.shear.wave,2168,216800,216.8,0.2168,158683.4518369953,1220.4122358006412,0.007690860147498478,7.690860147498478e+17,93,0.000586072453827968,5.8607245382796806e+26,1000.3006657360946,0.0,121.76421247117722,27.124421555040833,0.0,71.22293603832884,0.0063037490939107845,0.0,0.0007673403310904612,0.00017093415375727964,0.0,0.0004488365687399548,5354,2635,5511,0.19518518518518518,0.4082222222222222,1,0,0
flow,0.2,0.5,0,registered,during_vibration,flow_dump_0.2_0.5.shear.wave,2169,216900,216.9,0.21689999999999998,158683.45183699526,1143.4293012586686,0.007205724907177063,7.205724907177062e+17,94,0.0005923743081702043,5.9237430817020434e+26,937.9219119727271,4.423587203616496,104.31727564056705,36.035883968095405,0.0,60.73064247366266,0.005910647273643824,2.7876802227371174e-05,0.0006573922764657597,0.00022709289186066247,0.0,0.00038271566297944624,5334,2628,5538,0.19466666666666665,0.4102222222222222,1,0,0
flow,0.2,0.5,0,registered,during_vibration,flow_dump_0.2_0.5.shear.wave,2170,217000,217.0,0.217,158683.45183699526,1141.751599622876,0.007195152275838567,7.195152275838568e+17,89,0.0005608650364590232,5.6086503645902325e+26,927.4494609555544,4.993349028300944,108.55303903947873,32.23187928539109,0.0,68.52387131415082,0.0058446514127273985,3.1467358256299296e-05,0.0006840854404338765,0.00020312060843307537,0.0,0.00043182745598791705,5331,2622,5547,0.1942222222222222,0.4108888888888889,1,0,0
flow,0.2,0.5,0,registered,during_vibration,flow_dump_0.2_0.5.shear.wave,2171,217100,217.1,0.2171,158683.45183699526,1181.7286775354944,0.007447081997872116,7.447081997872116e+17,92,0.0005797705994857318,5.7977059948573184e+26,980.007592643614,4.32062848222195,106.37510248056434,33.062107871953636,0.0,57.96324605714053,0.006175865103125619,2.7227971361879863e-05,0.0006703604014729668,0.0002083525880563532,0.0,0.00036527593385529727,5342,2626,5532,0.1945185185185185,0.4097777777777778,1,0,0
flow,0.2,0.5,0,registered,during_vibration,flow_dump_0.2_0.5.shear.wave,2172,217200,217.20000000000002,0.21719999999999998,158683.45183699526,1204.2089610268968,0.007588749470007112,7.588749470007112e+17,87,0.0005482613277745507,5.4826132777455075e+26,1014.6371194748823,5.385409223690038,89.61174303146096,33.036064322478154,0.0,61.53862497438564,0.0063940953371568335,3.393806450103004e-05,0.0005647201519381682,0.0002081884654010039,0.0,0.0003878074510100782,5333,2631,5536,0.1948888888888889,0.4100740740740741,1,0,0
flow,0.2,0.5,0,registered,during_vibration,flow_dump_0.2_0.5.shear.wave,2173,217300,217.3,0.2173,158683.45183699526,1102.6375595500228,0.0069486612925630555,6.948661292563055e+17,86,0.0005419594734323146,5.419594734323146e+26,916.1342315375631,0.0,90.64218968928856,25.505474437475065,0.0,70.35566388569612,0.005773344485086231,0.0,0.0005712138766832418,0.00016073178483459705,0.0,0.0004433711459589858,5340,2647,5513,0.19607407407407407,0.4083703703703704,1,0,0
flow,0.2,0.5,0,registered,during_vibration,flow_dump_0.2_0.5.shear.wave,2174,217400,217.4,0.21739999999999998,158683.45183699526,1127.7147428362641,0.0071066940489465085,7.106694048946509e+17,92,0.0005797705994857318,5.7977059948573184e+26,952.9859334257176,0.0,101.57469424778566,25.94373812912354,0.0,47.21037703363664,0.006005578542648892,0.0,0.000640108928006724,0.00016349365878285646,0.0,0.000297512919508032,5359,2652,5489,0.19644444444444445,0.4065925925925926,1,0,0
flow,0.2,0.5,0,registered,during_vibration,flow_dump_0.2_0.5.shear.wave,2175,217500,217.5,0.2175,158683.45183699526,1107.0792030104055,0.006976651882690533,6.976651882690533e+17,92,0.0005797705994857318,5.7977059948573184e+26,931.1973287074252,0.0,95.49060242067023,27.424136568623243,0.0,52.96713531368644,0.005868269929393652,0.0,0.0006017678675074528,0.00017282291411705738,0.0,0.0003337911716723681,5361,2671,5468,0.19785185185185186,0.40503703703703703,1,0,0
flow,0.2,0.5,0,registered,during_vibration,flow_dump_0.2_0.5.shear.wave,2176,217600,217.6,0.2176,158683.45183699526,1132.9081458043856,0.007139422117992148,7.139422117992147e+17,103,0.0006490909972503302,6.490909972503302e+26,934.134127448594,4.507928551559441,88.07573897344886,38.55693220234327,0.0,67.6334186284397,0.005886777207292961,2.840830911713548e-05,0.0005550404780954923,0.0002429801706226443,0.0,0.00042621595286391247,5358,2679,5463,0.19844444444444445,0.4046666666666667,1,0,0
flow,0.2,0.5,0,registered,during_vibration,flow_dump_0.2_0.5.shear.wave,2177,217700,217.70000000000002,0.21769999999999998,158683.45183699526,1180.1035475018057,0.007436840665112617,7.436840665112617e+17,102,0.000642789142908094,6.42789142908094e+26,1002.064105228575,0.0,90.38410649236462,24.772806361745197,0.0,62.882529419120615,0.006314862032733744,0.0,0.0005695874739680486,0.00015611461734014092,0.0,0.00039627654107068184,5345,2668,5487,0.19762962962962963,0.40644444444444444,1,0,0
flow,0.2,0.5,0,registered,during_vibration,flow_dump_0.2_0.5.shear.wave,2178,217800,217.8,0.2178,158683.45183699526,1222.250986361129,0.007702447685702379,7.702447685702378e+17,102,0.000642789142908094,6.42789142908094e+26,1022.5368555823427,0.0,109.54351308138223,27.047459814799737,0.0,63.123157882604204,0.006443878323448153,0.0,0.0006903272635757183,0.0001704491520803553,0.0,0.00039779294659815154,5347,2647,5506,0.19607407407407407,0.40785185185185185,1,0,0
flow,0.2,0.5,0,registered,during_vibration,flow_dump_0.2_0.5.shear.wave,2179,217900,217.9,0.21789999999999998,158683.4518369953,1234.9164858156423,0.007782263818436393,7.782263818436393e+17,103,0.0006490909972503301,6.490909972503302e+26,1001.6516773730377,11.306449617462334,102.4664677285415,28.31192413345585,0.0,91.17996696314488,0.006312262972461466,7.125159861708e-05,0.0006457287545887162,0.00017841762203748104,0.0,0.0005746028707316491,5345,2635,5520,0.19518518518518518,0.4088888888888889,1,0,0
flow,0.2,0.5,0,registered,during_vibration,flow_dump_0.2_0.5.shear.wave,2180,218000,218.0,0.218,158683.45183699526,1114.055398044178,0.007020614847656399,7.0206148476564e+17,92,0.0005797705994857318,5.7977059948573184e+26,952.0787527541542,0.0,83.03155040654161,26.645802850627653,0.0,52.299292032854126,0.005999861622194607,0.0,0.0005232527364720695,0.00016791796839659803,0.0,0.0003295825205931217,5335,2603,5562,0.19281481481481483,0.412,1,0,0
flow,0.2,0.5,0,registered,during_vibration,flow_dump_0.2_0.5.shear.wave,2181,218100,218.1,0.2181,158683.45183699526,1091.0099843062992,0.006875386007023717,6.875386007023717e+17,92,0.0005797705994857318,5.7977059948573184e+26,904.7831761138873,12.956633361869105,100.77279076619419,22.94435506006492,0.0,49.55302900428336,0.005701811787175576,8.165081621225744e-05,0.0006350554490692025,0.00014459198356507963,0.0,0.00031227597100160024,5332,2582,5586,0.19125925925925927,0.4137777777777778,1,0,0
flow,0.2,0.5,0,registered,during_vibration,flow_dump_0.2_0.5.shear.wave,2182,218200,218.20000000000002,0.21819999999999998,158683.45183699526,1239.2709852054872,0.007809705239324553,7.809705239324553e+17,97,0.000611279871196913,6.112798711969129e+26,1002.6911120823455,20.571438215870767,140.8949729068452,22.17802165405478,0.0,52.93544034637105,0.006318813338597789,0.00012963820724672923,0.0008878995968122565,0.00013976266206281395,0.0,0.0003335914346049646,5329,2576,5595,0.19081481481481483,0.41444444444444445,1,0,0
flow,0.2,0.5,0,registered,during_vibration,flow_dump_0.2_0.5.shear.wave,2183,218300,218.3,0.2183,158683.4518369953,1164.8811298834064,0.007340911206544773,7.340911206544773e+17,100,0.0006301854342236215,6.301854342236214e+26,969.7229802322959,6.335215727901435,110.66747009868666,18.523185355981376,0.0,59.63227846854123,0.006111052973743137,3.9923606743878823e-05,0.000697410276985705,0.0001167304160676375,0.0,0.00037579393300441567,5313,2588,5599,0.1917037037037037,0.41474074074074074,1,0,0
flow,0.2,0.5,0,registered,during_vibration,flow_dump_0.2_0.5.shear.wave,2184,218400,218.4,0.21839999999999998,158683.45183699526,1246.7781996653575,0.007857014611366585,7.857014611366584e+17,106,0.0006679965602770389,6.679965602770389e+26,989.5375314080504,5.332850641707974,119.48660294519628,42.74835064444057,0.0,89.67286402596284,0.006235921389109529,3.360684797294459e-05,0.0007529871676092398,0.0002693938791321041,0.0,0.0005651053275427717,5325,2612,5563,0.19348148148148148,0.4120740740740741,1,0,0
flow,0.2,0.5,0,registered,during_vibration,flow_dump_0.2_0.5.shear.wave,2185,218500,218.5,0.2185,158683.45183699526,1250.0654037297206,0.007877730092573408,7.877730092573408e+17,105,0.0006616947059348027,6.616947059348027e+26,1015.6203774422459,11.553775175829909,113.46743370487808,44.00993125954618,0.0,65.41388614722055,0.006400291685648002,7.281020826102471e-05,0.0007150552397954859,0.0002773441764094885,0.0,0.00041222878245940727,5340,2627,5533,0.1945925925925926,0.40985185185185186,1,0,0
flow,0.2,0.5,0,registered,during_vibration,flow_dump_0.2_0.5.shear.wave,2186,218600,218.6,0.2186,158683.45183699526,1202.4388068334704,0.00757759421611684,7.57759421611684e+17,102,0.000642789142908094,6.42789142908094e+26,1005.4768404480349,0.0,112.81512547656813,33.0737187529111,0.0,51.073122155955744,0.0063363685929953995,0.0,0.0007109444883544344,0.00020842575813693218,0.0,0.0003218553766300704,5356,2644,5500,0.19585185185185186,0.4074074074074074,1,0,0
flow,0.2,0.5,0,registered,during_vibration,flow_dump_0.2_0.5.shear.wave,2187,218700,218.70000000000002,0.21869999999999998,158683.4518369953,1227.44055861374,0.007735151614136843,7.735151614136844e+17,102,0.0006427891429080939,6.427891429080939e+26,1035.9047300137445,0.0,105.2669671813316,42.3587662717127,0.0,43.91009514695099,0.00652812072098015,0.0,0.0006633770942257116,0.00026693877516116164,0.0,0.00027671502376981844,5351,2629,5520,0.19474074074074074,0.4088888888888889,1,0,0
flow,0.2,0.5,0,registered,during_vibration,flow_dump_0.2_0.5.shear.wave,2188,218800,218.8,0.2188,158683.45183699526,1242.8212584304295,0.00783207854406328,7.832078544063279e+17,101,0.0006364872885658578,6.364872885658577e+26,1039.585332716683,0.0,106.16563915948804,41.22578804937191,0.0,55.84449850488645,0.006551315343105711,0.0,0.0006690403941335029,0.00025979891143104424,0.0,0.00035192389539302256,5350,2608,5542,0.19318518518518518,0.4105185185185185,1,0,0
flow,0.2,0.5,0,registered,during_vibration,flow_dump_0.2_0.5.shear.wave,2189,218900,218.9,0.21889999999999998,158683.45183699526,1168.5476077373169,0.0073640168159291525,7.364016815929152e+17,94,0.0005923743081702043,5.9237430817020434e+26,984.8478525611165,0.0,101.12368801102207,24.338656976704335,0.0,58.23741018847377,0.006206367716104284,0.0,0.0006372667523951998,0.00015337867115284198,0.0,0.00036700367627682504,5336,2603,5561,0.19281481481481483,0.4119259259259259,1,0,0
flow,0.2,0.5,0,registered,during_vibration,flow_dump_0.2_0.5.shear.wave,2190,219000,219.0,0.219,158683.45183699526,1213.2413808604492,0.0076456704641560845,7.645670464156084e+17,92,0.0005797705994857318,5.7977059948573184e+26,1051.4250651808595,3.9550533782935777,91.9620287830296,22.96749706058286,0.0,42.93173645768364,0.006625927612545996,2.49241703057754e-05,0.0005795313104071869,0.00014473782108153163,0.0,0.0002705495498155945,5345,2596,5559,0.1922962962962963,0.4117777777777778,1,0,0
flow,0.2,0.5,0,registered,during_vibration,flow_dump_0.2_0.5.shear.wave,2191,219100,219.1,0.2191,158683.4518369953,1213.8969405843409,0.007649801706048685,7.649801706048685e+17,91,0.0005734687451434956,5.7346874514349555e+26,1039.378431072399,5.325437681255169,99.91532018165279,17.67948722734981,0.0,51.59826442168401,0.006550011479080262,3.356013257592625e-05,0.0006296517943426704,0.0001114135533521841,0.0,0.0003251647466976418,5334,2603,5563,0.19281481481481483,0.4120740740740741,1,0,0
flow,0.2,0.5,0,registered,during_vibration,flow_dump_0.2_0.5.shear.wave,2192,219200,219.20000000000002,0.21919999999999998,158683.45183699526,1315.139536278646,0.008287817797344109,8.287817797344109e+17,95,0.0005986761625124405,5.986761625124405e+26,1090.5629662733895,4.459964998016878,93.34190474423295,33.54475125566133,0.0,93.22994900734464,0.006872568964491968,2.81060497889742e-05,0.0005882270877250437,0.00021139413635972313,0.0,0.0005875215589783958,5327,2612,5561,0.19348148148148148,0.4119259259259259,1,0,0
flow,0.2,0.5,0,registered,during_vibration,flow_dump_0.2_0.5.shear.wave,2193,219300,219.3,0.2193,158683.45183699526,1096.5940475132422,0.006910575959991713,6.910575959991713e+17,89,0.0005608650364590232,5.6086503645902325e+26,932.0686749288981,0.0,91.46036829592215,30.622850218458687,0.0,42.44215406996327,0.005873761026363032,0.0,0.0005763699190881805,0.00019298074162084315,0.0,0.0002674642729196565,5339,2644,5517,0.19585185185185186,0.4086666666666667,1,0,0
flow,0.2,0.5,0,registered,during_vibration,flow_dump_0.2_0.5.shear.wave,2194,219400,219.4,0.21939999999999998,158683.45183699526,1156.1534320821938,0.007285910526258477,7.285910526258477e+17,95,0.0005986761625124405,5.986761625124405e+26,965.3954933727592,0.0,108.90544514428925,11.816621530447659,0.0,70.03587203469851,0.006083781781886397,0.0,0.0006863062523757072,7.446662770221353e-05,0.0,0.0004413558642941648,5342,2648,5510,0.19614814814814815,0.40814814814814815,1,0,0
flow,0.2,0.5,0,registered,during_vibration,flow_dump_0.2_0.5.shear.wave,2195,219500,219.5,0.2195,158683.45183699526,1189.1585466468043,0.007493903950793471,7.493903950793472e+17,100,0.0006301854342236216,6.301854342236216e+26,955.1573105798554,0.0,104.4050700897914,34.70449070991573,0.0,94.89167526724235,0.006019262245196328,0.0,0.0006579455442968284,0.00021870264547537886,0.0,0.0005979935158249402,5341,2666,5493,0.19748148148148148,0.4068888888888889,1,0,0
flow,0.2,0.5,0,registered,during_vibration,flow_dump_0.2_0.5.shear.wave,2196,219600,219.6,0.2196,158683.45183699526,1233.152245327685,0.0077711458318566115,7.771145831856612e+17,107,0.0006742984146192752,6.742984146192752e+26,998.6395997334591,4.1489340951496105,95.53582349088502,50.711666259208315,0.0,84.11622174898326,0.0062932812979093365,2.614597834317046e-05,0.0006020528441051465,0.00031957753421762574,0.0,0.0005300881772813346,5341,2667,5492,0.19755555555555557,0.4068148148148148,1,0,0
flow,0.2,0.5,0,registered,during_vibration,flow_dump_0.2_0.5.shear.wave,2197,219700,219.70000000000002,0.21969999999999998,158683.45183699526,1159.5403162079424,0.007307254176692977,7.307254176692977e+17,106,0.0006679965602770389,6.679965602770389e+26,935.899730250487,7.018040020631787,96.84729614845018,42.427213570230194,0.0,77.34803621814352,0.005897903778976735,4.422666597800597e-05,0.0006103175537669475,0.00026737012006653843,0.0,0.00048743605790475185,5342,2652,5506,0.19644444444444445,0.40785185185185185,1,0,0
flow,0.2,0.5,0,registered,during_vibration,flow_dump_0.2_0.5.shear.wave,2198,219800,219.8,0.2198,158683.4518369953,1196.9911607012086,0.007543263943683279,7.54326394368328e+17,104,0.0006553928515925663,6.553928515925663e+26,1017.6611223633398,4.5307732552781825,86.55748230706514,27.314062698822177,0.0,60.927720076703224,0.006413152162890393,2.8552273112462523e-05,0.0005454726457298128,0.00017212924462268477,0.0,0.0003839576173279248,5334,2627,5539,0.1945925925925926,0.41029629629629627,1,0,0
flow,0.2,0.5,0,registered,during_vibration,flow_dump_0.2_0.5.shear.wave,2199,219900,219.9,0.21989999999999998,158683.45183699526,1197.6488542742443,0.007547408632782375,7.547408632782376e+17,101,0.0006364872885658578,6.364872885658577e+26,1006.8425373766703,3.7874479549428237,79.95262301942543,32.213719824674165,0.0,74.85252609853217,0.006344975016115299,2.386794534085011e-05,0.0005038497845481414,0.00020300617015670376,0.0,0.00047170971662138464,5340,2623,5537,0.1942962962962963,0.41014814814814815,1,0,0
flow,0.2,0.5,0,registered,during_vibration,flow_dump_0.2_0.5.shear.wave,2200,220000,220.0,0.22,158683.45183699526,1165.8958896288916,0.007347306074653187,7.347306074653187e+17,93,0.0005860724538279681,5.860724538279681e+26,959.3272230571539,0.0,98.1209339834931,32.05451089501862,0.0,76.39322169322581,0.006045540426248136,0.0,0.0006183438338881491,0.0002020028586720312,0.0,0.00048141895584486897,5336,2604,5560,0.1928888888888889,0.41185185185185186,1,0,0
flow,0.2,0.5,0,registered,after_removal,flow_dump_0.2_0.5.shear.wave,2240,224000,224.0,0.22399999999999998,158683.4518369953,1264.5466512684814,0.007968988805256544,7.968988805256544e+17,103,0.0006490909972503301,6.490909972503302e+26,1085.549263664485,4.3976525844657,88.79778154710048,20.860405072680795,0.0,64.94154839974912,0.00684097334093536,2.7713366035061484e-05,0.0005595906852235381,0.00013145923428807983,0.0,0.00040925217877450234,5225,2613,5662,0.19355555555555556,0.4194074074074074,0,0,0
flow,0.2,0.5,0,registered,after_removal,flow_dump_0.2_0.5.shear.wave,2245,224500,224.5,0.22449999999999998,158683.45183699526,1174.6789835056115,0.007402655852938462,7.402655852938463e+17,93,0.0005860724538279681,5.860724538279681e+26,1012.6133497642604,0.0,79.6754174422413,28.960644561647285,6.2510550857828875,47.17851665167987,0.006381341835218265,0.0,0.0005021028753778715,0.0001825057636847766,3.9393238635898674e-05,0.0002973121400216524,5216,2588,5696,0.1917037037037037,0.4219259259259259,0,0,0
flow,0.2,0.5,0,registered,after_removal,flow_dump_0.2_0.5.shear.wave,2250,225000,225.0,0.22499999999999998,158683.45183699526,1241.498897904858,0.007823745220643207,7.823745220643206e+17,105,0.0006616947059348027,6.616947059348027e+26,1081.7842036629652,5.404126721980723,81.79376925022386,30.054639335913848,3.4150195682017896,39.04713936557282,0.0068172464812160044,3.405601944890899e-05,0.0005154524199173904,0.00018939995940337208,2.1520955894694095e-05,0.00024606938476283777,5225,2607,5668,0.19311111111111112,0.41985185185185186,0,0,0
flow,0.2,0.5,0,registered,after_removal,flow_dump_0.2_0.5.shear.wave,2255,225500,225.5,0.22549999999999998,158683.4518369953,1226.1337111711985,0.007726916051906422,7.726916051906422e+17,102,0.0006427891429080939,6.427891429080939e+26,1058.9167414557821,4.684983335548432,72.62749547438864,25.367551185849493,0.0,64.53693971962994,0.006673139065209744,2.9524082576430188e-05,0.00045768789772101707,0.00015986261259244507,0.0,0.0004067023938067868,5214,2631,5655,0.1948888888888889,0.41888888888888887,0,0,0
flow,0.2,0.5,0,registered,after_removal,flow_dump_0.2_0.5.shear.wave,2260,226000,226.0,0.22599999999999998,158683.45183699526,1239.2145615250552,0.007809349665509017,7.809349665509018e+17,106,0.0006679965602770389,6.679965602770389e+26,1065.2002534258695,10.171649811575119,72.40761826080022,43.12451170250867,0.0,48.31052832430194,0.006712736842402933,6.410025553278085e-05,0.0004563022635478062,0.00027176439132927077,0.0,0.00030444591269622787,5194,2624,5682,0.19437037037037036,0.42088888888888887,0,0,0
flow,0.2,0.5,0,registered,after_removal,flow_dump_0.2_0.5.shear.wave,2265,226500,226.5,0.22649999999999998,158683.45183699526,1287.175076437188,0.008111589844663926,8.111589844663926e+17,106,0.0006679965602770389,6.679965602770389e+26,1132.4043645446952,4.353528920670008,65.09222028448308,26.207930874194023,0.0,59.117031813146056,0.00713624736187323,2.7435305132775235e-05,0.000410201691045566,0.00016515856298056618,0.0,0.00037254692363179097,5178,2623,5699,0.1942962962962963,0.42214814814814816,0,0,0
flow,0.2,0.5,0,registered,after_removal,flow_dump_0.2_0.5.shear.wave,2270,227000,227.0,0.22699999999999998,158683.45183699526,1327.0967730539414,0.00836317056183765,8.363170561837651e+17,109,0.0006869021233037475,6.869021233037475e+26,1116.2851216201193,5.6512333424696,91.10540291068274,46.13500383023941,0.0,67.92001135043044,0.007034666240855431,3.5613249378232134e-05,0.000574132978933866,0.0002907360742166787,0.0,0.00042802201845344316,5168,2606,5726,0.19303703703703703,0.42414814814814816,0,0,0
flow,0.2,0.5,0,registered,after_removal,flow_dump_0.2_0.5.shear.wave,2275,227500,227.5,0.22749999999999998,158683.45183699526,1336.34689096877,0.00842146345758541,8.421463457585409e+17,116,0.0007310151036994011,7.310151036994011e+26,1162.9865187029397,3.830154425701906,68.98588746030052,29.20630581522203,0.0,71.33802456460573,0.007328971642850301,2.4137075299044817e-05,0.0004347390144447137,0.0001840538851223358,0.0,0.00044956183986901446,5146,2592,5762,0.192,0.4268148148148148,0,0,0
flow,0.2,0.5,0,registered,after_removal,flow_dump_0.2_0.5.shear.wave,2280,228000,228.0,0.22799999999999998,158683.45183699526,1354.5325641716904,0.008536066921225723,8.536066921225723e+17,108,0.0006806002689615113,6.806002689615113e+26,1071.63085807123,8.496842716179092,53.80042349996637,44.56393226854314,0.0,176.04050761577165,0.006753261576210503,5.3545865166251374e-05,0.0003390424324474104,0.0002808354100736392,0.0,0.001109381637327918,5076,2605,5819,0.19296296296296298,0.43103703703703705,0,0,0
flow,0.2,0.5,0,registered,after_removal,flow_dump_0.2_0.5.shear.wave,2285,228500,228.5,0.22849999999999998,158683.45183699526,1294.47512369925,0.00815759367920088,8.15759367920088e+17,107,0.0006742984146192752,6.742984146192752e+26,1014.5695351077992,5.334129116118337,72.71092871041067,58.8071786537713,2.3219947023048277,140.73135740884618,0.006393669430319663,3.361490473245897e-05,0.0004582136818217294,0.0003705942741539296,1.4632872397369168e-05,0.0008868685157757342,5079,2582,5839,0.19125925925925927,0.4325185185185185,0,0,0
flow,0.2,0.5,0,registered,after_removal,flow_dump_0.2_0.5.shear.wave,2290,229000,229.0,0.22899999999999998,158683.45183699526,1256.4821664265605,0.007918167596437589,7.918167596437588e+17,93,0.0005860724538279681,5.860724538279681e+26,1075.464342357469,0.0,59.432692269955105,49.5569286739106,0.0,72.0282031252253,0.006777419635805632,0.0,0.00037453616985220535,0.00031230054615157395,0.0,0.0004539112446281733,5052,2549,5899,0.18881481481481482,0.43696296296296294,0,0,0
flow,0.2,0.5,0,registered,after_removal,flow_dump_0.2_0.5.shear.wave,2295,229500,229.5,0.22949999999999998,158683.45183699526,1265.7130866731613,0.007976339511276466,7.976339511276466e+17,101,0.0006364872885658578,6.364872885658577e+26,1034.897497866139,5.7888973776530745,52.93401024802765,53.72328738116103,0.0,118.36939380018009,0.006521773290697123,3.648078807612287e-05,0.0003335824223335094,0.00033855633186217376,0.0,0.0007459466783075336,5021,2566,5913,0.19007407407407406,0.438,0,0,0
flow,0.2,0.5,0,registered,after_removal,flow_dump_0.2_0.5.shear.wave,2300,230000,230.0,0.22999999999999998,158683.45183699526,1303.7535015515716,0.008216064664958443,8.216064664958442e+17,100,0.0006301854342236216,6.301854342236216e+26,918.2303864539772,17.716661423914076,81.35707221481286,70.12754784759363,0.0,216.321833611274,0.0057865541480482344,0.00011164781972422178,0.0005127004188085438,0.00044193359191373595,0.0,0.0013632286864637072,5005,2563,5932,0.18985185185185185,0.4394074074074074,0,0,0
