region,amplitude_A,frequency_THz,is_baseline,coordinate_treatment,analysis_stage,filename,frame,timestep,time_ps,strain_xy,cell_volume_A3,total_line_length_A,dislocation_density_A-2,dislocation_density_m-2,segment_count,segment_number_density_A-3,segment_number_density_m-3,shockley_length_A,perfect_length_A,stair_rod_length_A,hirth_length_A,frank_length_A,other_length_A,shockley_density_A-2,perfect_density_A-2,stair_rod_density_A-2,hirth_density_A-2,frank_density_A-2,other_density_A-2,fcc_count,hcp_count,other_atom_count,hcp_fraction,other_atom_fraction,coherent_correction_applied,has_PE,has_KE
flow,0.3,0.5,0,registered,before,flow_dump_0.3_0.5.shear.wave,1850,185000,185.0,0.185,158683.45183699526,1441.826292300768,0.00908617928088594,9.086179280885939e+17,126,0.0007940336471217632,7.940336471217631e+26,1167.4654380944578,4.603785611908546,121.82863208346481,44.556678307427724,0.0,103.37175820350976,0.007357197140466265,2.9012386349130486e-05,0.0007677462941038811,0.00028078969666728564,0.0,0.0006514337632993802,5939,3062,4499,0.2268148148148148,0.33325925925925926,0,0,0
flow,0.3,0.5,0,registered,before,flow_dump_0.3_0.5.shear.wave,1855,185500,185.5,0.1855,158683.45183699526,1437.2295380341995,0.009057211205050972,9.057211205050972e+17,125,0.000787731792779527,7.87731792779527e+26,1161.7754451855296,6.342864394528773,133.7958539195755,24.720090279973533,0.0,110.59528425459212,0.0073213396339458425,3.997180752687663e-05,0.0008431619829962794,0.0001557824082713225,0.0,0.0006969553723106499,5928,3069,4503,0.22733333333333333,0.33355555555555555,0,0,0
flow,0.3,0.5,0,registered,before,flow_dump_0.3_0.5.shear.wave,1860,186000,186.0,0.186,158683.45183699526,4975.515810919432,0.03135497591790757,3.135497591790757e+18,135,0.0008507503362018892,8.507503362018892e+26,3685.6746195561204,0.0,448.83295727585386,257.259246710078,0.0,583.7489873773791,0.02322658460531955,0.0,0.0028284799207475616,0.001621210300960323,0.0,0.00367870109088013,5915,3025,4560,0.22407407407407406,0.3377777777777778,0,0,0
flow,0.3,0.5,0,registered,before,flow_dump_0.3_0.5.shear.wave,1865,186500,186.5,0.1865,158683.45183699526,1704.3169668455046,0.0107403572780622,1.07403572780622e+18,122,0.0007688262297528183,7.688262297528184e+26,1352.8907364199413,0.0,161.42633713868145,67.77793029904024,0.0,122.22196298784144,0.008525720361879159,0.0,0.001017285263648687,0.0004271266443627903,0.0,0.0007702250081715626,5911,3021,4568,0.22377777777777777,0.3383703703703704,0,0,0
flow,0.3,0.5,0,registered,before,flow_dump_0.3_0.5.shear.wave,1870,187000,187.0,0.187,158683.45183699526,1550.0191724865495,0.009767995052683748,9.767995052683748e+17,129,0.0008129392101484719,8.129392101484719e+26,1208.4069916005535,6.442923376896207,156.38005819092385,52.4617493373733,0.0,126.32744998080318,0.007615204847206551,4.0602364659388584e-05,0.0009854843487496255,0.00033060630286303386,0.0,0.0007960971892051529,5916,3027,4557,0.2242222222222222,0.33755555555555555,0,0,0
flow,0.3,0.5,0,registered,before,flow_dump_0.3_0.5.shear.wave,1875,187500,187.5,0.1875,158683.45183699526,1536.1960074072153,0.009680883479805098,9.680883479805098e+17,131,0.0008255429188329443,8.255429188329443e+26,1202.2306791004264,7.870538299511893,144.28804290422232,62.24720794551858,0.0,119.55953915753562,0.007576282625458617,4.959898595851547e-05,0.0009092822297087389,0.000392272837683547,0.0,0.0007534468009956768,5888,3011,4601,0.22303703703703703,0.3408148148148148,0,0,0
flow,0.3,0.5,0,registered,before,flow_dump_0.3_0.5.shear.wave,1880,188000,188.0,0.188,158683.45183699526,1497.927042607647,0.009439718037810053,9.439718037810053e+17,126,0.0007940336471217632,7.940336471217631e+26,1221.3909315814399,5.9249625163137605,139.40151732368602,37.20419762059687,0.0,94.00543356561074,0.007697027745754433,3.733825076101869e-05,0.0008784880572605878,0.00023445543432477268,0.0,0.0005924085497092422,5867,2993,4640,0.2217037037037037,0.3437037037037037,0,0,0
flow,0.3,0.5,0,registered,before,flow_dump_0.3_0.5.shear.wave,1885,188500,188.5,0.1885,158683.45183699526,1533.7373097756965,0.009665389125459665,9.665389125459665e+17,128,0.0008066373558062356,8.066373558062357e+26,1190.2230546991996,5.014848463179432,151.90362676925645,28.928189075994343,0.0,157.66759076806719,0.007500612325485804,3.160284456334392e-05,0.0009572745299572682,0.0001823012339415852,0.0,0.0009935981915116668,5835,3005,4660,0.2225925925925926,0.3451851851851852,0,0,0
flow,0.3,0.5,0,registered,before,flow_dump_0.3_0.5.shear.wave,1890,189000,189.0,0.189,158683.4518369953,1488.4590490642256,0.009380052121586177,9.380052121586177e+17,121,0.000762524375410582,7.62524375410582e+26,1203.1402573759274,0.0,167.0499310768173,9.040746322285841,0.0,109.22811428919475,0.007582014655263685,0.0,0.0010527243335267016,5.697346646815312e-05,0.0,0.0006883396663276355,5870,3010,4620,0.22296296296296297,0.3422222222222222,0,0,0
flow,0.3,0.5,0,registered,before,flow_dump_0.3_0.5.shear.wave,1895,189500,189.5,0.1895,158683.45183699526,1497.1161961776575,0.009434608201714337,9.434608201714337e+17,129,0.0008129392101484719,8.129392101484719e+26,1212.6033220505008,10.534191187355,132.72377370722762,30.244553758185795,0.0,111.0103554743877,0.007641649510474009,6.638493847597959e-05,0.0008364058896548693,0.0001905967724300198,0.0,0.000699571090679456,5912,3016,4572,0.22340740740740742,0.33866666666666667,0,0,0
flow,0.3,0.5,0,registered,before,flow_dump_0.3_0.5.shear.wave,1900,190000,190.0,0.19,158683.45183699526,1501.7487813824728,0.009463802078903082,9.463802078903082e+17,126,0.0007940336471217632,7.940336471217631e+26,1205.5387239756446,11.467998671675558,139.27213712580374,44.83362218934846,0.0,100.63629942000073,0.007597129442419823,7.226965722585777e-05,0.0008776727220987639,0.00028253495667212355,0.0,0.0006341953004865156,5911,3054,4535,0.2262222222222222,0.3359259259259259,0,0,0
flow,0.3,0.5,0,registered,during_vibration,flow_dump_0.3_0.5.shear.wave,1910,191000,191.0,0.191,158683.45183699526,1064.0333070670815,0.006705382916424649,6.705382916424649e+17,92,0.0005797705994857318,5.7977059948573184e+26,878.0800015728792,4.579687631070934,95.92413528512036,16.474210420637224,0.0,68.9752721573736,0.005533532270742832,2.8860524383949855e-05,0.00060449992847179,0.0001038180744742058,0.0,0.0004346721183518696,5314,2396,5790,0.1774814814814815,0.4288888888888889,1,0,0
flow,0.3,0.5,0,registered,during_vibration,flow_dump_0.3_0.5.shear.wave,1911,191100,191.1,0.1911,158683.45183699526,1130.6826723473114,0.007125397508423153,7.125397508423153e+17,83,0.0005230539104056059,5.2305391040560594e+26,910.3854479903756,0.0,114.76717156809369,15.040933088509592,13.200313093974675,77.28880660635758,0.0057371164885268115,0.0,0.00072324599849256,9.478576949510855e-05,8.318645039014189e-05,0.0004870628015185297,5307,2397,5796,0.17755555555555555,0.42933333333333334,1,0,0
flow,0.3,0.5,0,registered,during_vibration,flow_dump_0.3_0.5.shear.wave,1912,191200,191.20000000000002,0.19119999999999998,158683.45183699526,996.9104858153217,0.006282384673856101,6.282384673856101e+17,85,0.0005356576190900784,5.356576190900784e+26,836.9287113248722,0.0,88.96787108215962,21.003432097308114,0.0,50.01047131098175,0.005274202833604806,0.0,0.0005606625646986194,0.00013236056976428465,0.0,0.00031515870578839003,5320,2436,5744,0.18044444444444444,0.42548148148148146,1,0,0
flow,0.3,0.5,0,registered,during_vibration,flow_dump_0.3_0.5.shear.wave,1913,191300,191.3,0.1913,158683.45183699526,1069.9110384989183,0.006742423523770868,6.742423523770867e+17,86,0.0005419594734323146,5.419594734323146e+26,907.3039057104129,0.0,96.75334473662106,14.236720430684453,3.240470435837543,48.37659718536183,0.005717697057929043,0.0,0.000609725485654353,8.971773846531187e-05,2.0420972686970903e-05,0.00030486226903518474,5337,2478,5685,0.18355555555555556,0.4211111111111111,1,0,0
flow,0.3,0.5,0,registered,during_vibration,flow_dump_0.3_0.5.shear.wave,1914,191400,191.4,0.1914,158683.45183699526,1080.5212549830285,0.006809287562593323,6.809287562593324e+17,90,0.0005671668908012594,5.671668908012594e+26,876.2743384382197,7.1702702691467515,98.07054901105464,16.783183104749533,0.0,82.22291415985819,0.005522153244677063,4.51859988306297e-05,0.0006180263151308043,0.00010576517532521134,0.0,0.000518156828629618,5339,2532,5629,0.18755555555555556,0.416962962962963,1,0,0
flow,0.3,0.5,0,registered,during_vibration,flow_dump_0.3_0.5.shear.wave,1915,191500,191.5,0.1915,158683.45183699526,1031.4828255942612,0.006500254523413276,6.500254523413276e+17,90,0.0005671668908012594,5.671668908012594e+26,838.6222756998699,0.0,104.90713383229921,11.83914948230121,0.0,76.1142665797907,0.005284875429615242,0.0,0.0006611094768726306,7.460859557342352e-05,0.0,0.0004796610213519789,5342,2584,5574,0.19140740740740741,0.4128888888888889,1,0,0
flow,0.3,0.5,0,registered,during_vibration,flow_dump_0.3_0.5.shear.wave,1916,191600,191.6,0.1916,158683.4518369953,1078.8657079830311,0.006798854546542613,6.798854546542614e+17,90,0.0005671668908012594,5.671668908012594e+26,929.6580337014872,0.0,87.29763796945122,19.186189166672364,0.0,42.72384714542029,0.005858569516476498,0.0,0.0005501369989047512,0.00012090856951095966,0.0,0.00026923946165040313,5340,2553,5607,0.18911111111111112,0.41533333333333333,1,0,0
flow,0.3,0.5,0,registered,during_vibration,flow_dump_0.3_0.5.shear.wave,1917,191700,191.70000000000002,0.19169999999999998,158683.45183699526,1124.18953294091,0.007084478689660178,7.084478689660178e+17,95,0.0005986761625124405,5.986761625124405e+26,936.608117042225,11.373416296231788,92.57597218606091,34.76039041071466,0.0,48.871637005677584,0.005902367929356231,7.167361287246844e-05,0.0005834002923074671,0.00021905491724758832,0.0,0.0003079819378764214,5354,2501,5645,0.18525925925925926,0.41814814814814816,1,0,0
flow,0.3,0.5,0,registered,during_vibration,flow_dump_0.3_0.5.shear.wave,1918,191800,191.8,0.1918,158683.45183699526,1226.7593152261197,0.00773085851753645,7.730858517536449e+17,104,0.0006553928515925665,6.553928515925665e+26,1030.0890363847927,16.9505948707503,102.24293239296713,19.057509332842734,0.0,58.41924224476638,0.006491471066831425,0.00010682017988972471,0.0006443200674635837,0.0001200976479413822,0.0,0.00036814955541033037,5344,2460,5696,0.18222222222222223,0.4219259259259259,1,0,0
flow,0.3,0.5,0,registered,during_vibration,flow_dump_0.3_0.5.shear.wave,1919,191900,191.9,0.1919,158683.45183699526,1065.2047602357143,0.006712765243662123,6.712765243662124e+17,94,0.0005923743081702043,5.9237430817020434e+26,868.296467579634,0.0,101.24525559539919,13.075004226704667,0.0,82.58803283397664,0.0054718778645650844,0.0,0.0006380328536046819,8.239677216081569e-05,0.0,0.0005204577533315429,5325,2429,5746,0.17992592592592593,0.42562962962962964,1,0,0
flow,0.3,0.5,0,registered,during_vibration,flow_dump_0.3_0.5.shear.wave,1920,192000,192.0,0.192,158683.4518369953,1138.300895581026,0.007173406441588661,7.17340644158866e+17,102,0.0006427891429080939,6.427891429080939e+26,932.2934171936347,5.210497269892013,93.91111264680006,21.751504408887513,0.0,85.13436406181191,0.005875177319379946,3.2835794845478925e-05,0.0005918141530174713,0.00013707481250931793,0.0,0.0005365043618364481,5335,2397,5768,0.17755555555555555,0.4272592592592593,1,0,0
flow,0.3,0.5,0,registered,during_vibration,flow_dump_0.3_0.5.shear.wave,1921,192100,192.1,0.1921,158683.45183699526,1067.5528573867025,0.006727562609889071,6.727562609889071e+17,91,0.0005734687451434957,5.734687451434957e+26,865.4402472942212,6.483374263031911,98.37082721183117,32.44360677339733,0.0,64.81480184422087,0.005453878380357073,4.085728025183018e-05,0.0006199186246142467,0.00020445488422273826,0.0,0.00040845344044318315,5291,2360,5849,0.1748148148148148,0.43325925925925923,1,0,0
flow,0.3,0.5,0,registered,during_vibration,flow_dump_0.3_0.5.shear.wave,1922,192200,192.20000000000002,0.19219999999999998,158683.45183699526,1032.4738509167519,0.00650649982064508,6.50649982064508e+17,90,0.0005671668908012594,5.671668908012594e+26,824.138124202828,5.893188436186826,102.34106104045154,29.52607736932476,0.0,70.57539986796074,0.0051935984166100015,3.7138015136200205e-05,0.0006449384599068311,0.0001860690388790817,0.0,0.00044475589011296567,5312,2373,5815,0.17577777777777778,0.43074074074074076,1,0,0
flow,0.3,0.5,0,registered,during_vibration,flow_dump_0.3_0.5.shear.wave,1923,192300,192.3,0.1923,158683.45183699526,1088.7280881693432,0.00686100582994451,6.86100582994451e+17,88,0.000554563182116787,5.54563182116787e+26,876.3016801979661,12.472903284834262,120.12428012767623,11.33689567710729,0.0,68.49232888175983,0.005522325548464445,7.860241972582516e-05,0.000757005716330596,7.144346525025756e-05,0.0,0.00043162868017338916,5307,2417,5776,0.17903703703703705,0.42785185185185187,1,0,0
flow,0.3,0.5,0,registered,during_vibration,flow_dump_0.3_0.5.shear.wave,1924,192400,192.4,0.1924,158683.4518369953,1120.760194383466,0.007062867497580948,7.062867497580948e+17,91,0.0005734687451434956,5.7346874514349555e+26,886.6309422502526,8.233271572423517,122.2408486876021,10.889021669358527,0.0,92.76611020382927,0.0055874190533807405,5.1884878209487126e-05,0.0007703440231006054,6.862102848975127e-05,0.0,0.0005845985144003647,5345,2450,5705,0.1814814814814815,0.4225925925925926,1,0,0
flow,0.3,0.5,0,registered,during_vibration,flow_dump_0.3_0.5.shear.wave,1925,192500,192.5,0.1925,158683.45183699526,1118.1377905985112,0.007046341490901636,7.046341490901636e+17,97,0.000611279871196913,6.112798711969129e+26,918.95964032861,13.310363923486719,101.15150708897238,16.57770014292805,0.0,68.1385791145134,0.005791149799744683,8.387997468796905e-05,0.000637442064172378,0.00010447025163000108,0.0,0.00042939940066660223,5356,2493,5651,0.18466666666666667,0.41859259259259257,1,0,0
flow,0.3,0.5,0,registered,during_vibration,flow_dump_0.3_0.5.shear.wave,1926,192600,192.6,0.1926,158683.45183699526,1163.1199414006253,0.007329812453257064,7.329812453257064e+17,101,0.0006364872885658578,6.364872885658577e+26,951.6815383146869,4.119045236411615,97.806169577609,27.83170085902148,0.0,81.68148741289664,0.005997358434654452,2.5957623108947936e-05,0.000616360234450147,0.00017539132491024395,0.0,0.0005147448361332755,5359,2539,5602,0.1880740740740741,0.414962962962963,1,0,0
flow,0.3,0.5,0,registered,during_vibration,flow_dump_0.3_0.5.shear.wave,1927,192700,192.70000000000002,0.19269999999999998,158683.45183699526,1171.8580436774475,0.0073848787010331604,7.384878701033161e+17,103,0.0006490909972503302,6.490909972503302e+26,984.8087544695886,11.412907004227732,95.88584337203545,27.196257686451215,0.0,52.55428114514368,0.006206121325626417,7.192247756213065e-05,0.0006042586184130433,0.00017138685459393765,0.0,0.00033118942483762663,5379,2480,5641,0.1837037037037037,0.41785185185185186,1,0,0
flow,0.3,0.5,0,registered,during_vibration,flow_dump_0.3_0.5.shear.wave,1928,192800,192.8,0.1928,158683.45183699526,1380.855255804046,0.008701948689788429,8.701948689788429e+17,106,0.0006679965602770389,6.679965602770389e+26,1106.3384462502975,37.53967003727365,110.8927517113755,44.69059485386009,0.0,81.39379295123896,0.006971983741485306,0.00023656953263050774,0.0006988299688948542,0.0002816336192369177,0.0,0.0005129318275408408,5341,2428,5731,0.17985185185185185,0.4245185185185185,1,0,0
flow,0.3,0.5,0,registered,during_vibration,flow_dump_0.3_0.5.shear.wave,1929,192900,192.9,0.1929,158683.45183699526,1154.4118302818667,0.007274935205390639,7.274935205390639e+17,97,0.000611279871196913,6.112798711969129e+26,970.9577947672126,7.484785659598189,97.83550331598623,35.91303021139978,0.0,42.22071632767004,0.006118834595081859,4.716802900964621e-05,0.0006165450913967136,0.0002263186853805701,0.0,0.00026606880452185094,5349,2412,5739,0.17866666666666667,0.4251111111111111,1,0,0
flow,0.3,0.5,0,registered,during_vibration,flow_dump_0.3_0.5.shear.wave,1930,193000,193.0,0.193,158683.45183699526,1185.644775465119,0.007471760676614543,7.471760676614543e+17,94,0.0005923743081702043,5.9237430817020434e+26,933.1789478496182,13.678301888676106,115.45327740493506,44.54117433172715,0.0,78.79307399016287,0.00588075780458954,8.619866615157135e-05,0.0007275697375396925,0.000280691992870695,0.0,0.0004965424754630473,5339,2372,5789,0.1757037037037037,0.4288148148148148,1,0,0
flow,0.3,0.5,0,registered,during_vibration,flow_dump_0.3_0.5.shear.wave,1931,193100,193.1,0.1931,158683.45183699526,1261.5225791821747,0.007949931543448217,7.949931543448218e+17,98,0.0006175817255391491,6.1758172553914915e+26,1028.5333703701608,7.6077562039235875,104.13058293311686,25.974558562535066,14.588196453724837,80.68811465871384,0.006481667486202048,4.794297146837037e-05,0.0006562157662166508,0.0001636878846649805,9.193268916730084e-05,0.0005084847457288695,5335,2378,5787,0.17614814814814814,0.42866666666666664,1,0,0
flow,0.3,0.5,0,registered,during_vibration,flow_dump_0.3_0.5.shear.wave,1932,193200,193.20000000000002,0.19319999999999998,158683.45183699526,1098.9537990571132,0.006925446770505055,6.925446770505055e+17,96,0.0006049780168546768,6.049780168546768e+26,897.6198093315536,7.920603401434818,110.5512895628015,26.10006062264526,0.0,56.762036138678944,0.005656669293113295,4.991448893846295e-05,0.0006966781241711539,0.0001644787803674455,0.0,0.00035770608391470294,5334,2401,5765,0.17785185185185184,0.42703703703703705,1,0,0
flow,0.3,0.5,0,registered,during_vibration,flow_dump_0.3_0.5.shear.wave,1933,193300,193.3,0.1933,158683.45183699526,1187.5537537776843,0.007483790779882818,7.483790779882817e+17,108,0.0006806002689615113,6.806002689615113e+26,980.4725052673438,13.886739416282694,102.5477606596361,23.419354101669377,7.358768148590441,59.868626184161634,0.006178794914762232,8.751220909000391e-05,0.000646241050799528,0.0001475853583379727,4.637388501070423e-05,0.0003772833618823758,5361,2438,5701,0.18059259259259258,0.4222962962962963,1,0,0
flow,0.3,0.5,0,registered,during_vibration,flow_dump_0.3_0.5.shear.wave,1934,193400,193.4,0.1934,158683.45183699526,1183.198625888513,0.00745634539828345,7.45634539828345e+17,98,0.0006175817255391491,6.1758172553914915e+26,967.5863933149172,9.944460219614571,92.95781528046655,21.538074605971005,0.0,91.17188246754395,0.00609758851420029,6.26685398161734e-05,0.0005858066118700002,0.00013572980897904596,0.0,0.0005745519234179418,5364,2510,5626,0.18592592592592594,0.41674074074074074,1,0,0
flow,0.3,0.5,0,registered,during_vibration,flow_dump_0.3_0.5.shear.wave,1935,193500,193.5,0.19349999999999998,158683.4518369953,1209.4411853586703,0.007621722185631851,7.621722185631852e+17,107,0.0006742984146192749,6.742984146192749e+26,969.617704055022,9.128787407241388,107.68915883045436,21.70061075459838,5.429706388704611,95.87521792264866,0.00611038953860825,5.752828856167542e-05,0.0006786413931874643,0.0001367540881130437,3.421721878272587e-05,0.0006041916583786869,5352,2542,5606,0.1882962962962963,0.4152592592592593,1,0,0
flow,0.3,0.5,0,registered,during_vibration,flow_dump_0.3_0.5.shear.wave,1936,193600,193.6,0.1936,158683.45183699526,1171.5478032636736,0.007382923611134481,7.382923611134481e+17,109,0.0006869021233037475,6.869021233037475e+26,1004.344606943224,9.25335334005193,91.97267862734394,3.564969046701375,2.4455489074343477,59.966646398918336,0.006329233422366682,5.831328492625225e-05,0.0005795984241748234,2.2465915666892762e-05,1.5411493001466177e-05,0.0003779010709983673,5360,2522,5618,0.18681481481481482,0.41614814814814816,1,0,0
flow,0.3,0.5,0,registered,during_vibration,flow_dump_0.3_0.5.shear.wave,1937,193700,193.70000000000002,0.19369999999999998,158683.45183699526,1256.2145309315524,0.007916480996531234,7.916480996531235e+17,104,0.0006553928515925665,6.553928515925665e+26,1066.6486432201382,20.079437378843195,102.03141001152258,14.54771528350479,5.195598849012646,47.711726188530875,0.006721864383917196,0.00012653768963552317,0.0006429870842255973,9.167758272897083e-05,3.274190716716783e-05,0.0003006723488567787,5363,2474,5663,0.18325925925925926,0.41948148148148146,1,0,0
flow,0.3,0.5,0,registered,during_vibration,flow_dump_0.3_0.5.shear.wave,1938,193800,193.8,0.1938,158683.45183699526,1318.308050938243,0.008307785315210129,8.307785315210129e+17,115,0.0007247132493571648,7.247132493571648e+26,1107.3330255494052,18.68605048770703,114.6804468719735,26.07573416144427,0.0,51.532793867713096,0.006978251435360086,0.00011775676840520169,0.0007226994720897358,0.00016432547855229482,0.0,0.00032475216080281164,5344,2430,5726,0.18,0.42414814814814816,1,0,0
flow,0.3,0.5,0,registered,during_vibration,flow_dump_0.3_0.5.shear.wave,1939,193900,193.9,0.1939,158683.4518369953,1303.3564873096852,0.00821356273903428,8.213562739034281e+17,109,0.0006869021233037474,6.869021233037473e+26,1085.6396684193755,19.572735708264872,96.17549736844202,21.555606628570857,0.0,80.41297918503143,0.006841543058532526,0.0001233445295125708,0.000606083975708044,0.000135840293231795,0.0,0.0005067508820493407,5333,2402,5765,0.17792592592592593,0.42703703703703705,1,0,0
flow,0.3,0.5,0,registered,during_vibration,flow_dump_0.3_0.5.shear.wave,1940,194000,194.0,0.19399999999999998,158683.45183699526,1147.3175410421902,0.007230228027940504,7.230228027940504e+17,100,0.0006301854342236216,6.301854342236216e+26,954.0474920512073,19.65523446106119,103.66985718644507,14.138460542286916,0.0,55.806496801190164,0.006012268330482472,0.00012386442463610938,0.0006533123396694073,8.90985189609462e-05,0.0,0.0003516844141915717,5348,2391,5761,0.1771111111111111,0.42674074074074075,1,0,0
flow,0.3,0.5,0,registered,during_vibration,flow_dump_0.3_0.5.shear.wave,1941,194100,194.1,0.1941,158683.45183699526,1174.2219929148469,0.007399775964799691,7.39977596479969e+17,100,0.0006301854342236216,6.301854342236216e+26,934.2241888789129,30.991872329712955,102.71716395315187,21.93528654947007,0.0,84.35348120359909,0.005887344761308684,0.000195306265215032,0.0006473086056803595,0.00013823298078997364,0.0,0.000531583351805642,5352,2360,5788,0.1748148148148148,0.42874074074074076,1,0,0
flow,0.3,0.5,0,registered,during_vibration,flow_dump_0.3_0.5.shear.wave,1942,194200,194.20000000000002,0.19419999999999998,158683.45183699526,1086.9467043048521,0.006849779808302876,6.849779808302876e+17,90,0.0005671668908012594,5.671668908012594e+26,863.7326929223849,8.30738915353453,118.80948618583365,29.1045448315287,0.0,66.99259121157009,0.005443117621424311,5.235195640984762e-05,0.0007487200764190495,0.00018341260222537776,0.0,0.0004221775518242887,5371,2391,5738,0.1771111111111111,0.42503703703703705,1,0,0
flow,0.3,0.5,0,registered,during_vibration,flow_dump_0.3_0.5.shear.wave,1943,194300,194.3,0.1943,158683.4518369953,1134.2420018110083,0.007147827884259399,7.147827884259398e+17,97,0.0006112798711969128,6.1127987119691286e+26,909.8580343327232,19.034755026278745,117.14301820265466,13.350551942494874,0.0,74.85564230685719,0.005733792804478178,0.00011995425361575733,0.0007382182379230552,8.413323373006146e-05,0.0,0.0004717293545123489,5376,2409,5715,0.17844444444444443,0.42333333333333334,1,0,0
flow,0.3,0.5,0,registered,during_vibration,flow_dump_0.3_0.5.shear.wave,1944,194400,194.4,0.1944,158683.45183699526,1246.8711687165235,0.007857600488785369,7.85760048878537e+17,98,0.0006175817255391491,6.1758172553914915e+26,955.1671642392146,21.794249889757122,157.01549003135608,13.869725239972512,0.0,99.02453931622266,0.006019324341522347,0.0001373441883035471,0.0009894887476524486,8.740498822914402e-05,0.0,0.0006240382230778787,5386,2427,5687,0.1797777777777778,0.4212592592592593,1,0,0
flow,0.3,0.5,0,registered,during_vibration,flow_dump_0.3_0.5.shear.wave,1945,194500,194.5,0.19449999999999998,158683.45183699526,1088.18451130364,0.0068575802877130386,6.857580287713038e+17,90,0.0005671668908012594,5.671668908012594e+26,905.4225252854309,0.0,87.12462819296111,26.90422294397613,0.0,68.7331348812722,0.005705840872528472,0.0,0.0005490467164935278,0.0001695464941839872,0.0,0.00043314620450705276,5382,2441,5677,0.18081481481481482,0.4205185185185185,1,0,0
flow,0.3,0.5,0,registered,during_vibration,flow_dump_0.3_0.5.shear.wave,1946,194600,194.6,0.1946,158683.45183699526,1224.5428118739446,0.007716890436261964,7.716890436261964e+17,100,0.0006301854342236216,6.301854342236216e+26,1009.9760538323987,14.130168675041782,102.48497886325228,38.19721523664815,0.0,59.754395266603424,0.0063647219803983,8.904626482134221e-05,0.0006458454090633732,0.00024071328670040247,0.0,0.000376563495278544,5390,2469,5641,0.18288888888888888,0.41785185185185186,1,0,0
flow,0.3,0.5,0,registered,during_vibration,flow_dump_0.3_0.5.shear.wave,1947,194700,194.70000000000002,0.19469999999999998,158683.4518369953,1172.5420602428267,0.007389189273795855,7.389189273795855e+17,98,0.000617581725539149,6.17581725539149e+26,983.0633803660901,5.760069666382755,98.39734100935783,36.69708144368725,0.0,48.62418775730884,0.006195122232253457,3.629912003867727e-05,0.0006200857107043192,0.00023125966204329653,0.0,0.0003064225487561057,5394,2422,5684,0.1794074074074074,0.42103703703703704,1,0,0
flow,0.3,0.5,0,registered,during_vibration,flow_dump_0.3_0.5.shear.wave,1948,194800,194.8,0.1948,158683.45183699526,1170.3162357475094,0.007375162452034985,7.375162452034985e+17,104,0.0006553928515925665,6.553928515925665e+26,991.5722788488365,7.18681738412367,103.0893384634798,29.53119151574733,0.0,38.93660953532246,0.0062487440711046,4.529027633899847e-05,0.0006496539952343392,0.00018610126748492162,0.0,0.0002453728418721279,5356,2415,5729,0.17888888888888888,0.4243703703703704,1,0,0
flow,0.3,0.5,0,registered,during_vibration,flow_dump_0.3_0.5.shear.wave,1949,194900,194.9,0.1949,158683.45183699526,1135.9860081852794,0.007158818358401989,7.158818358401989e+17,95,0.0005986761625124405,5.986761625124405e+26,928.7075826700384,7.156887622100383,102.7155871792923,38.52828491493016,0.0,58.8776657989179,0.005852579912516881,4.5101663338229927e-05,0.0006472986690811657,0.00024279963959006673,0.0,0.00037103847387564355,5369,2400,5731,0.17777777777777778,0.4245185185185185,1,0,0
flow,0.3,0.5,0,registered,during_vibration,flow_dump_0.3_0.5.shear.wave,1950,195000,195.0,0.19499999999999998,158683.45183699526,1131.6935358016258,0.007131767822672132,7.131767822672132e+17,94,0.0005923743081702043,5.9237430817020434e+26,911.7434381580813,18.96978340872886,108.23387329373267,23.225764461534276,0.0,69.5206764795482,0.0057456743447618815,0.00011954481194557849,0.0006820741043931537,0.00014636538462367536,0.0,0.00043810917694784,5365,2360,5775,0.1748148148148148,0.42777777777777776,1,0,0
flow,0.3,0.5,0,registered,during_vibration,flow_dump_0.3_0.5.shear.wave,1951,195100,195.1,0.1951,158683.45183699526,1099.830170810925,0.006930969537647227,6.930969537647227e+17,93,0.0005860724538279681,5.860724538279681e+26,865.9814216792362,16.513750904678638,107.57864477197481,24.36204456864344,0.0,85.3943088863917,0.005457288782505186,0.0001040672528452563,0.0006779449496881569,0.00015352605635065788,0.0,0.0005381424962579682,5371,2351,5778,0.17414814814814814,0.428,1,0,0
flow,0.3,0.5,0,registered,during_vibration,flow_dump_0.3_0.5.shear.wave,1952,195200,195.20000000000002,0.19519999999999998,158683.45183699526,1100.0687444351045,0.006932472993876705,6.932472993876705e+17,94,0.0005923743081702043,5.9237430817020434e+26,920.6212571719949,8.455800353984968,89.9771532193419,25.020688046473197,0.0,55.99384564330902,0.0058016210670643,5.32872221778427e-05,0.0005670229137173631,0.0001576767316114049,0.0,0.0003528650593057914,5369,2386,5745,0.17674074074074075,0.4255555555555556,1,0,0
flow,0.3,0.5,0,registered,during_vibration,flow_dump_0.3_0.5.shear.wave,1953,195300,195.3,0.1953,158683.45183699526,1185.226750654641,0.00746912634514747,7.46912634514747e+17,102,0.000642789142908094,6.42789142908094e+26,946.9511735284699,11.835006448072836,103.66366775188013,28.228858421738074,3.4945876912520397,91.05345681322817,0.005967548364786068,7.458248677518141e-05,0.0006532733347543181,0.00017789415402140146,2.20223826164419e-05,0.0005738056221940597,5397,2437,5666,0.18051851851851852,0.4197037037037037,1,0,0
flow,0.3,0.5,0,registered,during_vibration,flow_dump_0.3_0.5.shear.wave,1954,195400,195.4,0.1954,158683.4518369953,1154.2596591610634,0.00727397624515224,7.27397624515224e+17,94,0.0005923743081702042,5.923743081702042e+26,971.965872681595,8.541399801625886,94.54235122469396,16.263085840182043,0.0,62.94694961296669,0.006125187355263921,5.3826657428651634e-05,0.0005957921265905589,0.00010248759812011151,0.0,0.00039668250774899837,5388,2506,5606,0.18562962962962962,0.4152592592592593,1,0,0
flow,0.3,0.5,0,registered,during_vibration,flow_dump_0.3_0.5.shear.wave,1955,195500,195.5,0.19549999999999998,158683.45183699526,1181.2242813051155,0.007443903366297496,7.443903366297496e+17,103,0.0006490909972503302,6.490909972503302e+26,944.4228521083315,15.946608395596003,90.3893943654709,21.319675639947995,0.0,109.14575079576882,0.005951615251466,0.00010049320336172717,0.0005696207973741445,0.00013435349050667394,0.0,0.0006878206235889476,5382,2537,5581,0.1879259259259259,0.4134074074074074,1,0,0
flow,0.3,0.5,0,registered,during_vibration,flow_dump_0.3_0.5.shear.wave,1956,195600,195.6,0.1956,158683.45183699526,1220.659872024735,0.00769242071491258,7.69242071491258e+17,102,0.000642789142908094,6.42789142908094e+26,1027.5147330649704,14.62572130879937,90.46628814452562,10.103480516837621,0.0,77.94964898960168,0.00647524818227717,9.216916533819407e-05,0.0005701053707695715,6.367066256673217e-05,0.0,0.0004912273339609103,5398,2522,5580,0.18681481481481482,0.41333333333333333,1,0,0
flow,0.3,0.5,0,registered,during_vibration,flow_dump_0.3_0.5.shear.wave,1957,195700,195.70000000000002,0.19569999999999999,158683.45183699526,1176.3842369874387,0.007413402111997529,7.413402111997528e+17,97,0.000611279871196913,6.112798711969129e+26,985.816897524125,5.53507049654983,104.75716874241866,23.155635798673735,0.0,57.119464425671566,0.006212474496312242,3.4881208043266114e-05,0.000660164418719783,0.00014592344400511244,0.0,0.00035995854491712543,5394,2487,5619,0.18422222222222223,0.4162222222222222,1,0,0
flow,0.3,0.5,0,registered,during_vibration,flow_dump_0.3_0.5.shear.wave,1958,195800,195.8,0.1958,158683.4518369953,1203.0461665332318,0.00758142170847808,7.58142170847808e+17,103,0.0006490909972503301,6.490909972503302e+26,1012.4960829861226,7.85846315279211,102.23440927710338,26.15261994217264,0.0,54.30459117504107,0.0063806028370632555,4.952289014272626e-05,0.0006442663560288683,0.0001648100015434341,0.0,0.000342219623699795,5386,2456,5658,0.18192592592592594,0.4191111111111111,1,0,0
flow,0.3,0.5,0,registered,during_vibration,flow_dump_0.3_0.5.shear.wave,1959,195900,195.9,0.1959,158683.45183699526,1255.8478405917851,0.007914170167421316,7.914170167421316e+17,107,0.0006742984146192752,6.742984146192752e+26,1049.6473213169857,20.875614293067052,116.33258212093914,15.485227968673634,0.0,53.507094892120215,0.0066147245296580585,0.00013155508057961302,0.0007331109877823915,9.758565111490363e-05,0.0,0.000337193918286353,5373,2418,5709,0.1791111111111111,0.42288888888888887,1,0,0
flow,0.3,0.5,0,registered,during_vibration,flow_dump_0.3_0.5.shear.wave,1960,196000,196.0,0.19599999999999998,158683.45183699526,1216.1215290689054,0.007663820738649828,7.663820738649828e+17,98,0.0006175817255391491,6.1758172553914915e+26,980.1365119013758,19.399105515506154,117.07518696508889,22.265543725699313,0.0,77.24518096123515,0.006176677533509944,0.00012225033732839099,0.0007377907753440623,0.00014031421341004856,0.0,0.000486787879057382,5385,2391,5724,0.1771111111111111,0.424,1,0,0
flow,0.3,0.5,0,registered,during_vibration,flow_dump_0.3_0.5.shear.wave,1961,196100,196.1,0.1961,158683.45183699526,1164.1703970465865,0.007336432271730891,7.33643227173089e+17,94,0.0005923743081702043,5.9237430817020434e+26,936.9472094564162,17.330420623095023,112.74630460239077,21.50158567440734,0.0,75.64487669027733,0.005904504840359022,0.00010921378645643143,0.0007105107892296633,0.00013549986104722793,0.0,0.0004767029946385473,5378,2381,5741,0.17637037037037037,0.4252592592592593,1,0,0
flow,0.3,0.5,0,registered,during_vibration,flow_dump_0.3_0.5.shear.wave,1962,196200,196.20000000000002,0.19619999999999999,158683.4518369953,1110.802833831285,0.007000117661747976,7.000117661747976e+17,99,0.0006238835798813853,6.238835798813853e+26,873.4754089623569,17.646936252228972,109.07145279663008,19.157534697013983,0.0,91.45150112305468,0.005504514798805983,0.00011120842184827483,0.0006873524084204557,0.00012072799321691851,0.0,0.0005763140394563422,5397,2398,5705,0.17762962962962964,0.4225925925925926,1,0,0
flow,0.3,0.5,0,registered,during_vibration,flow_dump_0.3_0.5.shear.wave,1963,196300,196.3,0.1963,158683.45183699526,1205.6677956742717,0.007597942833464276,7.597942833464275e+17,99,0.0006238835798813854,6.238835798813854e+26,953.8174935888284,23.011872319896028,128.34008634055508,9.027979162832459,0.0,91.47036426215912,0.006010818913673622,0.00014501746750212216,0.0008087805303881978,5.689300968891381e-05,0.0,0.0005764329122114159,5378,2398,5724,0.17762962962962964,0.424,1,0,0
flow,0.3,0.5,0,registered,during_vibration,flow_dump_0.3_0.5.shear.wave,1964,196400,196.4,0.1964,158683.45183699526,1217.3041490942794,0.007671273437791947,7.671273437791948e+17,97,0.000611279871196913,6.112798711969129e+26,964.4078544329528,14.682371326092092,150.40639119594928,17.231119021076655,0.0,70.57641311820873,0.0060775578251450165,9.252616549565795e-05,0.000947839169458272,0.00010858800222456097,0.0,0.0004447622754684407,5401,2430,5669,0.18,0.4199259259259259,1,0,0
flow,0.3,0.5,0,registered,during_vibration,flow_dump_0.3_0.5.shear.wave,1965,196500,196.5,0.19649999999999998,158683.45183699526,1172.2264680449507,0.007387200457733296,7.387200457733295e+17,102,0.000642789142908094,6.42789142908094e+26,959.8459411837954,11.275167780454417,103.21663511376074,19.67993133644442,0.0,78.208792630497,0.006048809312326909,7.105446503669855e-05,0.0006504562001826643,0.00012402006074748283,0.0,0.0004928604194395493,5405,2477,5618,0.18348148148148147,0.41614814814814816,1,0,0
flow,0.3,0.5,0,registered,during_vibration,flow_dump_0.3_0.5.shear.wave,1966,196600,196.6,0.1966,158683.4518369953,1206.3730693425389,0.0076023873653931085,7.602387365393108e+17,103,0.0006490909972503301,6.490909972503302e+26,1006.4731278195128,13.50893978880735,94.48671255983801,19.843405662957153,0.0,72.06088351142331,0.006342647050893461,8.513137086710318e-05,0.0005954414998288403,0.00012505025214186124,0.0,0.00045411719166184105,5405,2503,5592,0.1854074074074074,0.4142222222222222,1,0,0
flow,0.3,0.5,0,registered,during_vibration,flow_dump_0.3_0.5.shear.wave,1967,196700,196.70000000000002,0.19669999999999999,158683.45183699526,1187.7340887967864,0.007484927224906004,7.484927224906004e+17,104,0.0006553928515925665,6.553928515925665e+26,979.3008030339412,5.935483806700949,113.108530891732,33.0269626028534,0.0,56.36230846155954,0.006171411017954855,3.740455440053112e-05,0.0007127934865440205,0.00020813110768966482,0.0,0.00035518705831693605,5409,2462,5629,0.18237037037037038,0.416962962962963,1,0,0
flow,0.3,0.5,0,registered,during_vibration,flow_dump_0.3_0.5.shear.wave,1968,196800,196.8,0.1968,158683.45183699526,1268.3614887992405,0.007993029355714686,7.993029355714685e+17,107,0.0006742984146192752,6.742984146192752e+26,1025.6975383038296,9.096388455888025,119.86402924446593,35.7266984353353,0.0,77.9768343597218,0.006463796485580986,5.732411508940534e-05,0.0007553656531721663,0.00022514444966848158,0.0,0.000491398652203647,5375,2437,5688,0.18051851851851852,0.42133333333333334,1,0,0
flow,0.3,0.5,0,registered,during_vibration,flow_dump_0.3_0.5.shear.wave,1969,196900,196.9,0.1969,158683.45183699526,1190.0003553976244,0.007499208906925159,7.49920890692516e+17,98,0.0006175817255391491,6.1758172553914915e+26,937.9647146974551,7.770024689531738,121.06027475347929,36.75849400021879,0.0,86.44684725693908,0.005910917010180511,4.8965563829008184e-05,0.0007629042181275228,0.00023164667502934268,0.0,0.0005447754397587724,5391,2419,5690,0.1791851851851852,0.42148148148148146,1,0,0
flow,0.3,0.5,0,registered,during_vibration,flow_dump_0.3_0.5.shear.wave,1970,197000,197.0,0.19699999999999998,158683.45183699526,1199.4373246881012,0.0075586793128259,7.558679312825901e+17,101,0.0006364872885658578,6.364872885658577e+26,963.7947425582919,9.76956490085276,111.36219456403563,41.17393871767298,0.0,73.33688394724764,0.0060736940834154075,6.156637499219749e-05,0.0007017883293743223,0.0002594721644949353,0.0,0.000462158360549036,5375,2379,5746,0.17622222222222222,0.42562962962962964,1,0,0
flow,0.3,0.5,0,registered,during_vibration,flow_dump_0.3_0.5.shear.wave,1971,197100,197.1,0.1971,158683.45183699526,1142.6885248468118,0.007201056642129377,7.201056642129377e+17,96,0.0006049780168546768,6.049780168546768e+26,947.6620153853994,6.0585214034703725,101.55265661070493,26.486069737634605,0.0,60.92926170960197,0.0059720279866288025,3.817991941399082e-05,0.0006399700500277942,0.00016691135358488387,0.0,0.00038396733247390196,5372,2385,5743,0.17666666666666667,0.4254074074074074,1,0,0
flow,0.3,0.5,0,registered,during_vibration,flow_dump_0.3_0.5.shear.wave,1972,197200,197.20000000000002,0.1972,158683.45183699526,1132.7759882433775,0.007138589280292449,7.138589280292449e+17,98,0.0006175817255391491,6.1758172553914915e+26,917.0130982188189,4.0661209640864895,112.94582988511452,44.125335060938795,0.0,54.62560411441922,0.005778882974897749,2.5624102053586153e-05,0.0007117681684989819,0.0002780714343564051,0.0,0.00034424260048572926,5366,2422,5712,0.1794074074074074,0.4231111111111111,1,0,0
flow,0.3,0.5,0,registered,during_vibration,flow_dump_0.3_0.5.shear.wave,1973,197300,197.3,0.1973,158683.45183699526,1159.417170166925,0.007306478128279662,7.306478128279662e+17,103,0.0006490909972503302,6.490909972503302e+26,971.1804235502826,4.525005153459203,92.81649180681337,22.766599698283688,0.0,68.12864995808647,0.006120237569245156,2.8515923374968132e-05,0.000584916011923899,0.00014347179516658278,0.0,0.0004293368285690584,5382,2465,5653,0.18259259259259258,0.41874074074074075,1,0,0
flow,0.3,0.5,0,registered,during_vibration,flow_dump_0.3_0.5.shear.wave,1974,197400,197.4,0.1974,158683.45183699526,1188.1679474344107,0.007487661338845433,7.487661338845434e+17,99,0.0006238835798813854,6.238835798813854e+26,974.607773546266,0.0,114.58298487334717,17.764209049216603,0.0,81.21297996558094,0.006141836229699707,0.0,0.0007220852807704896,0.00011194745793319754,0.0,0.0005117923704420391,5393,2508,5599,0.18577777777777776,0.41474074074074074,1,0,0
flow,0.3,0.5,0,registered,during_vibration,flow_dump_0.3_0.5.shear.wave,1975,197500,197.5,0.19749999999999998,158683.45183699526,1161.4779191325426,0.0073194646680968985,7.319464668096899e+17,100,0.0006301854342236216,6.301854342236216e+26,974.1475125038446,0.0,108.41975277374596,10.93676535421905,0.0,67.973888500733,0.006138935731650962,0.0,0.000683245489801408,6.892190223750393e-05,0.0,0.0004283615444070246,5388,2538,5574,0.188,0.4128888888888889,1,0,0
flow,0.3,0.5,0,registered,during_vibration,flow_dump_0.3_0.5.shear.wave,1976,197600,197.6,0.1976,158683.45183699526,1236.4357159726028,0.007791837785597892,7.791837785597892e+17,108,0.0006806002689615113,6.806002689615113e+26,1024.0861976860301,10.747748429397811,111.41442932752462,5.938374478902652,0.0,84.24896605074734,0.006453642051711885,6.773074510906306e-05,0.000702117505245431,3.74227709956974e-05,0.0,0.0005309247125358137,5410,2532,5558,0.18755555555555556,0.4117037037037037,1,0,0
flow,0.3,0.5,0,registered,during_vibration,flow_dump_0.3_0.5.shear.wave,1977,197700,197.70000000000002,0.1977,158683.4518369953,1203.507225510844,0.007584327234998171,7.584327234998171e+17,99,0.0006238835798813853,6.238835798813853e+26,1030.5836149476131,6.630180471955278,102.02715234796315,4.664176214933701,0.0,59.60210152837819,0.006494587828895111,4.178243159700112e-05,0.0006429602530500074,2.9392959133034818e-05,0.0,0.00037560376232301387,5424,2502,5574,0.18533333333333332,0.4128888888888889,1,0,0
flow,0.3,0.5,0,registered,during_vibration,flow_dump_0.3_0.5.shear.wave,1978,197800,197.8,0.1978,158683.45183699526,1314.2398189490402,0.008282147909783747,8.282147909783747e+17,115,0.0007247132493571648,7.247132493571648e+26,1089.2048935582013,15.418394658789403,111.8548044850325,18.504497140770475,0.0,79.25722910624643,0.006864010588054687,9.716447733080367e-05,0.000704892685343985,0.00011661264565746207,0.0,0.0004994675133968096,5417,2465,5618,0.18259259259259258,0.41614814814814816,1,0,0
flow,0.3,0.5,0,registered,during_vibration,flow_dump_0.3_0.5.shear.wave,1979,197900,197.9,0.1979,158683.45183699526,1276.3016449426802,0.008043067063185255,8.043067063185254e+17,109,0.0006869021233037475,6.869021233037475e+26,1039.5708686377995,14.5977487520145,129.03886509382122,27.534909039056252,0.0,65.55925341998878,0.006551224192587392,9.199288635975588e-05,0.0008131841323087305,0.00017352098609085587,0.0,0.0004131448658385208,5396,2422,5682,0.1794074074074074,0.42088888888888887,1,0,0
flow,0.3,0.5,0,registered,during_vibration,flow_dump_0.3_0.5.shear.wave,1980,198000,198.0,0.19799999999999998,158683.45183699526,1188.5278021301779,0.007489929090722528,7.489929090722528e+17,99,0.0006238835798813854,6.238835798813854e+26,983.3100519339259,14.304303533342662,117.70106979814697,17.849988739645678,0.0,55.362388125117135,0.00619667672054433,9.01436373342603e-05,0.0007417349977933004,0.00011248802904780367,0.0,0.0003488857060028361,5406,2388,5706,0.1768888888888889,0.4226666666666667,1,0,0
flow,0.3,0.5,0,registered,during_vibration,flow_dump_0.3_0.5.shear.wave,1981,198100,198.1,0.1981,158683.4518369953,1109.9628518719853,0.006994824217790363,6.994824217790363e+17,90,0.0005671668908012594,5.671668908012594e+26,891.7527157489103,23.155935064486755,113.57354514845309,11.967318188854438,0.0,69.51333772128037,0.0056196957239432075,0.00014592532993467567,0.0007157239386569399,7.541629609335477e-05,0.0,0.00043806292916218314,5391,2368,5741,0.1754074074074074,0.4252592592592593,1,0,0
flow,0.3,0.5,0,registered,during_vibration,flow_dump_0.3_0.5.shear.wave,1982,198200,198.20000000000002,0.1982,158683.45183699526,1138.7910075041123,0.0071764950555393454,7.176495055539346e+17,94,0.0005923743081702043,5.9237430817020434e+26,880.0520287414852,30.225513090805144,130.15584055093257,16.316932655027806,0.0,82.04069246586148,0.00554595969871832,0.00019047678091760797,0.0008202231489432989,0.00010282693290406289,0.0,0.0005170084940560552,5428,2390,5682,0.17703703703703705,0.42088888888888887,1,0,0
flow,0.3,0.5,0,registered,during_vibration,flow_dump_0.3_0.5.shear.wave,1983,198300,198.3,0.1983,158683.45183699526,1103.1538423355369,0.006951914831476769,6.951914831476769e+17,95,0.0005986761625124405,5.986761625124405e+26,865.5878306306188,24.907959709368946,130.53299226514306,11.105315358377023,0.0,71.01974437202887,0.0054548084290463915,0.0001569663340507314,0.0008225999041111782,6.998407981309079e-05,0.0,0.0004475560844553762,5387,2413,5700,0.17874074074074073,0.4222222222222222,1,0,0
flow,0.3,0.5,0,registered,during_vibration,flow_dump_0.3_0.5.shear.wave,1984,198400,198.4,0.1984,158683.45183699526,1317.9140723829764,0.008305302519740874,8.305302519740874e+17,98,0.0006175817255391491,6.1758172553914915e+26,1022.7872795248811,32.31087195515733,166.83163473930074,18.46733533614466,2.989741047635166,74.5272097798568,0.006445456458657839,0.0002036184087320466,0.0010513486618042287,0.00011637845737761553,1.8840912603201524e-05,0.00046965962056594,5396,2431,5673,0.18007407407407408,0.4202222222222222,1,0,0
flow,0.3,0.5,0,registered,during_vibration,flow_dump_0.3_0.5.shear.wave,1985,198500,198.5,0.19849999999999998,158683.4518369953,1285.6175771103826,0.008101774710768266,8.101774710768266e+17,107,0.0006742984146192749,6.742984146192749e+26,997.5918424613957,20.517468085421413,119.34822548866192,19.764664564646548,18.6006264194812,109.79475009077684,0.006286678484194772,0.0001292980953458059,0.0007521151330339111,0.00012455403720956009,0.00011721843836992124,0.0006919105226143021,5406,2465,5629,0.18259259259259258,0.416962962962963,1,0,0
flow,0.3,0.5,0,registered,during_vibration,flow_dump_0.3_0.5.shear.wave,1986,198600,198.6,0.1986,158683.45183699526,1363.8016862189659,0.008594479578248063,8.594479578248063e+17,107,0.0006742984146192752,6.742984146192752e+26,1115.2798467597295,0.0,111.78040500516832,52.66869602797305,0.0,84.0727384260952,0.007028331145111343,0.0,0.0007044238306587428,0.00033191045076380127,0.0,0.0005298141517141776,5404,2485,5611,0.18407407407407408,0.4156296296296296,1,0,0
flow,0.3,0.5,0,registered,during_vibration,flow_dump_0.3_0.5.shear.wave,1987,198700,198.70000000000002,0.1987,158683.45183699526,1237.515905719803,0.007798644984046724,7.798644984046724e+17,101,0.0006364872885658578,6.364872885658577e+26,1000.8083094724578,0.0,124.86973287293715,26.865428257035113,0.0,84.97243511737346,0.006306948190795095,0.0,0.0007869108683191953,0.00016930201571763227,0.0,0.0005354839092148051,5382,2421,5697,0.17933333333333334,0.422,1,0,0
flow,0.3,0.5,0,registered,during_vibration,flow_dump_0.3_0.5.shear.wave,1988,198800,198.8,0.1988,158683.45183699526,1200.6623119661826,0.007566399004223462,7.566399004223462e+17,101,0.0006364872885658578,6.364872885658577e+26,1018.1610504209898,10.304841863936527,99.38383750319247,29.11955838412089,0.0,43.69302379394304,0.006416302636691302,6.493961244630595e-05,0.000626302467917592,0.00018350721544697324,0.0,0.00027534707172129026,5358,2404,5738,0.17807407407407408,0.42503703703703705,1,0,0
flow,0.3,0.5,0,registered,during_vibration,flow_dump_0.3_0.5.shear.wave,1989,198900,198.9,0.1989,158683.4518369953,1211.6177688772268,0.007635438697929506,7.635438697929507e+17,97,0.0006112798711969128,6.1127987119691286e+26,993.0586496721509,16.708560722699655,113.05204880717856,32.236822503036635,0.0,56.56168717216133,0.006258110963531676,0.00010529491594286229,0.0007124375446742187,0.00020315175987065955,0.0,0.00035644351391009126,5354,2377,5769,0.17607407407407408,0.42733333333333334,1,0,0
flow,0.3,0.5,0,registered,during_vibration,flow_dump_0.3_0.5.shear.wave,1990,199000,199.0,0.19899999999999998,158683.45183699526,1165.8751048465467,0.007347175091982314,7.347175091982314e+17,99,0.0006238835798813854,6.238835798813854e+26,935.721661854812,14.078690759845655,129.00271359190975,24.968086099089017,0.0,62.103952540890496,0.005896781617884235,8.872185849793423e-05,0.0008129563108094313,0.00015734524180087184,0.0,0.00039137006298984266,5337,2366,5797,0.17525925925925925,0.4294074074074074,1,0,0
flow,0.3,0.5,0,registered,during_vibration,flow_dump_0.3_0.5.shear.wave,1991,199100,199.1,0.1991,158683.45183699526,1060.7337724564343,0.006684589729911183,6.684589729911183e+17,87,0.0005482613277745507,5.4826132777455075e+26,896.405118966612,0.0,89.41968924688,15.505328666181587,0.0,59.403635576760855,0.005649014491362516,0.0,0.0005635098569618638,9.771232278277611e-05,0.0,0.0003743530588040282,5343,2353,5804,0.17429629629629628,0.42992592592592593,1,0,0
flow,0.3,0.5,0,registered,during_vibration,flow_dump_0.3_0.5.shear.wave,1992,199200,199.20000000000002,0.1992,158683.45183699526,1117.3263314007213,0.007041227793232497,7.041227793232497e+17,90,0.0005671668908012594,5.671668908012594e+26,979.1531623046832,0.0,79.02716651960937,23.171542738009776,7.983973501362785,27.99048633705639,0.00617048060758409,0.0,0.0004980176924862248,0.00014602368721983896,5.031383807786195e-05,0.00017639196786448227,5353,2394,5753,0.17733333333333334,0.42614814814814816,1,0,0
flow,0.3,0.5,0,registered,during_vibration,flow_dump_0.3_0.5.shear.wave,1993,199300,199.3,0.19929999999999998,158683.45183699526,1171.1185576680375,0.007380218567913737,7.380218567913737e+17,100,0.0006301854342236216,6.301854342236216e+26,995.79716036818,4.303312080334786,95.45138679063358,14.66035580937595,0.0,60.906342619513126,0.006275368659052709,2.7118845919455333e-05,0.0006015207363190228,9.238742691604377e-05,0.0,0.0003838228997065055,5371,2442,5687,0.18088888888888888,0.4212592592592593,1,0,0
flow,0.3,0.5,0,registered,during_vibration,flow_dump_0.3_0.5.shear.wave,1994,199400,199.4,0.1994,158683.45183699526,1157.9271785192616,0.007297088417944938,7.297088417944938e+17,96,0.0006049780168546768,6.049780168546768e+26,971.2903723021336,5.0690197037096,94.9334118115176,19.891586937266254,0.0,66.74278776463436,0.006120930450264432,3.194422383070328e-05,0.000598256533447711,0.00012535388351458054,0.0,0.0004206033268875112,5376,2495,5629,0.18481481481481482,0.416962962962963,1,0,0
flow,0.3,0.5,0,registered,during_vibration,flow_dump_0.3_0.5.shear.wave,1995,199500,199.5,0.19949999999999998,158683.45183699526,1217.8281573153743,0.007674575661275421,7.674575661275421e+17,108,0.0006806002689615113,6.806002689615113e+26,1021.8022413806651,0.0,106.46545486950798,8.396929761470567,0.0,81.16353130373001,0.0064392488917514425,0.0,0.0006709297890675627,5.2916228278775805e-05,0.0,0.000511480752177636,5368,2510,5622,0.18592592592592594,0.41644444444444445,1,0,0
flow,0.3,0.5,0,registered,during_vibration,flow_dump_0.3_0.5.shear.wave,1996,199600,199.6,0.1996,158683.4518369953,1213.468866541274,0.007647104045781586,7.647104045781586e+17,108,0.0006806002689615112,6.806002689615112e+26,1011.6020301563944,5.07135648977407,101.79678850531195,3.7255116980762812,0.0,91.27317969171762,0.006374968646356045,3.195894991611053e-05,0.0006415085336679017,2.3477632071573828e-05,0.0,0.0005751902837699569,5379,2524,5597,0.18696296296296297,0.41459259259259257,1,0,0
flow,0.3,0.5,0,registered,during_vibration,flow_dump_0.3_0.5.shear.wave,1997,199700,199.70000000000002,0.1997,158683.45183699526,1179.8265136913296,0.007435094838391122,7.435094838391122e+17,98,0.0006175817255391491,6.1758172553914915e+26,951.366278646972,6.984993925943996,116.36997308912022,14.27743908909478,0.0,90.82782894019847,0.0059953717141485304,4.401841430270377e-05,0.0007333466202175838,8.997434151962503e-05,0.0,0.000572383748202678,5377,2487,5636,0.18422222222222223,0.4174814814814815,1,0,0
flow,0.3,0.5,0,registered,during_vibration,flow_dump_0.3_0.5.shear.wave,1998,199800,199.8,0.19979999999999998,158683.45183699526,1282.8918728952046,0.008084597719824197,8.084597719824197e+17,111,0.00069950583198822,6.995058319882199e+26,1089.3676690826549,16.59314407293536,108.33377942083007,10.168168996742827,0.0,58.42911132204141,0.0068650363757002736,0.00010456757702737883,0.0006827036982540184,6.407831994471545e-05,0.0,0.0003682117488978099,5369,2445,5686,0.1811111111111111,0.42118518518518516,1,0,0
flow,0.3,0.5,0,registered,during_vibration,flow_dump_0.3_0.5.shear.wave,1999,199900,199.9,0.1999,158683.45183699526,1201.223098660369,0.007569933000287289,7.56993300028729e+17,102,0.000642789142908094,6.42789142908094e+26,976.0335098442744,17.15559226726255,126.12790761313713,17.92398356888803,0.0,63.98210536680728,0.006150821012180195,0.00010811204362308255,0.0007948397022690165,0.00011295433368376762,0.0,0.0004032059085312296,5344,2405,5751,0.17814814814814814,0.426,1,0,0
flow,0.3,0.5,0,registered,during_vibration,flow_dump_0.3_0.5.shear.wave,2000,200000,200.0,0.19999999999999998,158683.4518369953,1154.043120037334,0.007272611647135102,7.272611647135101e+17,99,0.0006238835798813853,6.238835798813853e+26,920.2311451030448,17.184457135738366,108.06135596101096,24.48879058804102,0.0,84.07737124949833,0.005799162637628627,0.00010829394581982493,0.0006809869252908302,0.00015432479130335965,0.0,0.0005298433470924573,5361,2370,5769,0.17555555555555555,0.42733333333333334,1,0,0
flow,0.3,0.5,0,registered,during_vibration,flow_dump_0.3_0.5.shear.wave,2001,200100,200.1,0.2001,158683.45183699526,1085.3541208541,0.006839743579368381,6.839743579368381e+17,92,0.0005797705994857318,5.7977059948573184e+26,882.0053860491331,13.913790884689227,111.93168673548684,17.751425779656543,0.0,59.751831405134176,0.00555826947194946,8.768268350364549e-05,0.0007053771860878516,0.00011186689963041249,0.0,0.0003765473381970111,5349,2355,5796,0.17444444444444446,0.42933333333333334,1,0,0
flow,0.3,0.5,0,registered,during_vibration,flow_dump_0.3_0.5.shear.wave,2002,200200,200.20000000000002,0.2002,158683.45183699526,1294.523044701637,0.008157895670377857,8.157895670377857e+17,97,0.000611279871196913,6.112798711969129e+26,979.1931190310361,11.50297079517025,149.91255642300672,25.727445803022377,0.0,128.18695264940155,0.006170732409053558,7.249004645416001e-05,0.0009447270946500566,0.00016213061604842348,0.0,0.0008078155041716593,5374,2362,5764,0.17496296296296296,0.426962962962963,1,0,0
flow,0.3,0.5,0,registered,during_vibration,flow_dump_0.3_0.5.shear.wave,2003,200300,200.3,0.20029999999999998,158683.45183699526,1149.5194527595902,0.007244104154858023,7.244104154858022e+17,90,0.0005671668908012594,5.671668908012594e+26,947.7007804281661,14.782124350636922,104.23490933522626,7.427225150440316,0.0,75.37441349512038,0.0059722722782818895,9.315479452653699e-05,0.0006568732160067939,4.680529106506834e-05,0.0,0.0004749985749777324,5374,2377,5749,0.17607407407407408,0.42585185185185187,1,0,0
flow,0.3,0.5,0,registered,during_vibration,flow_dump_0.3_0.5.shear.wave,2004,200400,200.4,0.2004,158683.4518369953,1238.272398942516,0.007803412294147149,7.803412294147149e+17,100,0.0006301854342236215,6.301854342236214e+26,1001.6209198954014,15.712976674696119,126.33740785309304,14.62576563349096,2.817334102715363,77.15799478311841,0.006312069143317467,9.902089028689009e-05,0.000796159942265882,9.216944466594421e-05,1.775442914872698e-05,0.00048623844446223395,5373,2415,5712,0.17888888888888888,0.4231111111111111,1,0,0
flow,0.3,0.5,0,registered,during_vibration,flow_dump_0.3_0.5.shear.wave,2005,200500,200.5,0.20049999999999998,158683.45183699526,1254.0350364971166,0.007902746140065706,7.902746140065706e+17,107,0.0006742984146192752,6.742984146192752e+26,1006.7219952089815,24.665240330630304,103.87720202976111,29.763921408144157,3.6485820693209754,85.35809545027857,0.006344215376932427,0.00015543675187988242,0.0006546189966705987,0.00018756789736789072,2.2992832756555587e-05,0.0005379142844583514,5371,2451,5678,0.18155555555555555,0.4205925925925926,1,0,0
flow,0.3,0.5,0,registered,during_vibration,flow_dump_0.3_0.5.shear.wave,2006,200600,200.6,0.2006,158683.45183699526,1218.8250382204153,0.007680857859535546,7.680857859535546e+17,104,0.0006553928515925665,6.553928515925665e+26,1043.3700502758688,8.576508863474878,92.81088605829584,24.98702999360262,0.0,49.080563029173405,0.006575166081890203,5.404790962251655e-05,0.0005848806853132623,0.00015746462346477122,0.0,0.0003092985592447947,5357,2477,5666,0.18348148148148147,0.4197037037037037,1,0,0
flow,0.3,0.5,0,registered,during_vibration,flow_dump_0.3_0.5.shear.wave,2007,200700,200.70000000000002,0.2007,158683.45183699526,1151.50842701031,0.007256638380876517,7.256638380876517e+17,99,0.0006238835798813854,6.238835798813854e+26,965.9340663385464,0.0,102.99647161073581,16.813240223026785,0.0,65.76464883800085,0.006087175790269453,0.0,0.0006490687618551246,0.00010595459090654195,0.0,0.00041443923784539557,5365,2449,5686,0.1814074074074074,0.42118518518518516,1,0,0
flow,0.3,0.5,0,registered,during_vibration,flow_dump_0.3_0.5.shear.wave,2008,200800,200.8,0.20079999999999998,158683.4518369953,1167.2067416953578,0.007355566873440274,7.355566873440274e+17,100,0.0006301854342236215,6.301854342236214e+26,997.7304350590615,3.5909194663148942,104.04382085309793,33.08077369142646,0.0,28.760792625456993,0.006287551874558175,2.262945143141707e-05,0.000655669004225942,0.00020847021733184936,0.0,0.00018124632589289145,5344,2399,5757,0.1777037037037037,0.42644444444444446,1,0,0
flow,0.3,0.5,0,registered,during_vibration,flow_dump_0.3_0.5.shear.wave,2009,200900,200.9,0.2009,158683.45183699526,1220.0470998528372,0.007688559113940304,7.688559113940305e+17,97,0.000611279871196913,6.112798711969129e+26,994.5077828545577,3.098329510406734,127.37005414329458,38.246591149571145,0.0,56.824342195006686,0.0062672431897697065,1.9525221278835286e-05,0.0008026675287737829,0.00024102444651165816,0.0,0.0003580987276063195,5356,2360,5784,0.1748148148148148,0.42844444444444446,1,0,0
flow,0.3,0.5,0,registered,during_vibration,flow_dump_0.3_0.5.shear.wave,2010,201000,201.0,0.20099999999999998,158683.45183699526,1104.8104648355522,0.006962354625171937,6.962354625171937e+17,92,0.0005797705994857318,5.7977059948573184e+26,937.5193176815319,4.281119822569832,101.8460946011659,26.924024676508786,0.0,34.23990805377571,0.005908110183061696,2.6978993543495236e-05,0.0006418192535021578,0.00016967128181813194,0.0,0.00021577491324645522,5333,2340,5827,0.17333333333333334,0.43162962962962964,1,0,0
flow,0.3,0.5,0,registered,during_vibration,flow_dump_0.3_0.5.shear.wave,2011,201100,201.1,0.2011,158683.45183699526,1001.6011157352697,0.0063119443403849475,6.311944340384947e+17,83,0.0005230539104056059,5.2305391040560594e+26,838.3297865281334,9.23276158784672,91.6689340102339,15.660099871600101,0.0,46.70953373745567,0.005283032205458277,5.8183518703203594e-05,0.0005776842698405576,9.86876683756959e-05,0.0,0.0002943566780072141,5346,2336,5818,0.17303703703703704,0.43096296296296294,1,0,0
flow,0.3,0.5,0,registered,during_vibration,flow_dump_0.3_0.5.shear.wave,2012,201200,201.20000000000002,0.2012,158683.45183699526,1047.8365169419978,0.006603313104244601,6.603313104244602e+17,92,0.0005797705994857318,5.7977059948573184e+26,888.7954275965192,6.535060280543808,85.64720265939062,17.899200149575574,4.13579266293935,44.82383359302918,0.005601059324758819,4.118299800572042e-05,0.0005397361959794659,0.00011279815218515796,2.6063162951533026e-05,0.0002824732703639045,5339,2385,5776,0.17666666666666667,0.42785185185185187,1,0,0
flow,0.3,0.5,0,registered,during_vibration,flow_dump_0.3_0.5.shear.wave,2013,201300,201.3,0.20129999999999998,158683.45183699526,1145.9477205944318,0.007221595619003714,7.221595619003713e+17,96,0.0006049780168546768,6.049780168546768e+26,981.0180167157829,0.0,87.79501106893979,22.318815397970305,0.0,54.81587741173837,0.006182232648452317,0.0,0.0005532713717314748,0.00014064992372926768,0.0,0.00034544167509065155,5337,2409,5754,0.17844444444444443,0.4262222222222222,1,0,0
flow,0.3,0.5,0,registered,during_vibration,flow_dump_0.3_0.5.shear.wave,2014,201400,201.4,0.2014,158683.45183699526,1136.0411264844577,0.007159165705895002,7.159165705895002e+17,90,0.0005671668908012594,5.671668908012594e+26,978.7126854007008,0.0,75.42384989673434,11.40026888359673,0.0,70.50432230342622,0.006167704786294074,0.0,0.00047531011597990786,7.184283396675448e-05,0.0,0.00044430796965426824,5344,2468,5688,0.18281481481481482,0.42133333333333334,1,0,0
flow,0.3,0.5,0,registered,during_vibration,flow_dump_0.3_0.5.shear.wave,2015,201500,201.5,0.20149999999999998,158683.4518369953,1130.1236857859492,0.00712187485653418,7.12187485653418e+17,98,0.000617581725539149,6.17581725539149e+26,938.7855921937658,0.0,93.5073466626564,3.725279228408758,0.0,94.10546770111883,0.005916090060595079,0.0,0.0005892696785970482,2.3476167081590107e-05,0.0,0.0005930389502604655,5347,2507,5646,0.1857037037037037,0.4182222222222222,1,0,0
flow,0.3,0.5,0,registered,during_vibration,flow_dump_0.3_0.5.shear.wave,2016,201600,201.6,0.2016,158683.45183699526,1180.8422655364068,0.007441495958566656,7.441495958566656e+17,99,0.0006238835798813854,6.238835798813854e+26,1023.2096326301503,0.0,81.49948636726886,0.0,0.0,76.13314653898767,0.006448118066408236,0.0,0.0005135978920535946,0.0,0.0,0.0004797800001048256,5347,2494,5659,0.18474074074074073,0.41918518518518516,1,0,0
flow,0.3,0.5,0,registered,during_vibration,flow_dump_0.3_0.5.shear.wave,2017,201700,201.70000000000002,0.2017,158683.45183699526,1163.9975901381133,0.00733534326776436,7.335343267764361e+17,98,0.0006175817255391491,6.1758172553914915e+26,982.3767118862424,7.714743742117106,97.10408756909159,28.65653270707239,0.0,48.145514233589935,0.006190794947512053,4.861719135050036e-05,0.0006119358158961656,0.00018058929507349828,0.0,0.00030340601793214426,5354,2454,5692,0.1817777777777778,0.42162962962962963,1,0,0
flow,0.3,0.5,0,registered,during_vibration,flow_dump_0.3_0.5.shear.wave,2018,201800,201.8,0.20179999999999998,158683.45183699526,1192.152008772964,0.007512768313091531,7.512768313091532e+17,98,0.0006175817255391491,6.1758172553914915e+26,1010.9234549656505,6.719125896878013,106.15887268604811,14.368124600151846,0.0,53.98243062423535,0.006370692364343723,4.234295270927251e-05,0.0006689977528034739,9.05458284012579e-05,0.0,0.0003401894148338028,5348,2441,5711,0.18081481481481482,0.42303703703703704,1,0,0
flow,0.3,0.5,0,registered,during_vibration,flow_dump_0.3_0.5.shear.wave,2019,201900,201.9,0.2019,158683.4518369953,1288.9935468579595,0.008123049580381292,8.123049580381292e+17,108,0.0006806002689615112,6.806002689615112e+26,1083.4087565653504,12.269776133512645,108.23906224892293,22.487275011402325,0.0,62.58867689877136,0.006827484176978091,7.732234200524294e-05,0.000682106804432951,0.00014171153167566566,0.0,0.00039442472528934176,5332,2378,5790,0.17614814814814814,0.4288888888888889,1,0,0
flow,0.3,0.5,0,registered,during_vibration,flow_dump_0.3_0.5.shear.wave,2020,202000,202.0,0.20199999999999999,158683.45183699526,1085.435718977267,0.006840257798855179,6.840257798855178e+17,96,0.0006049780168546768,6.049780168546768e+26,887.0345164493381,21.192914302077572,97.74433218805149,19.564142891874667,0.0,59.899813145925165,0.005589962319199664,0.00013355465901918756,0.0006159705442282514,0.00012329037883529017,0.0,0.00037747989757278645,5318,2358,5824,0.17466666666666666,0.4314074074074074,1,0,0
flow,0.3,0.5,0,registered,during_vibration,flow_dump_0.3_0.5.shear.wave,2021,202100,202.1,0.2021,158683.45183699526,1183.9965488639166,0.0074613737926507665,7.461373792650766e+17,99,0.0006238835798813854,6.238835798813854e+26,969.3903441394202,17.4182891223046,95.85705914888652,21.998532100326706,0.0,79.33232435297816,0.006108956749536865,0.0001097675209397211,0.0006040772244314043,0.00013863154503926663,0.0,0.0004999407527035073,5328,2345,5827,0.1737037037037037,0.43162962962962964,1,0,0
flow,0.3,0.5,0,registered,during_vibration,flow_dump_0.3_0.5.shear.wave,2022,202200,202.20000000000002,0.2022,158683.45183699526,1152.0715358578036,0.0072601870108122465,7.260187010812247e+17,97,0.000611279871196913,6.112798711969129e+26,905.0737132775157,11.968262029447878,113.6308757114234,24.100402651764895,0.0,97.29828218765192,0.005703642710061768,7.542224403929693e-05,0.0007160852275141373,0.00015187722710066582,0.0,0.0006131596020963789,5351,2349,5800,0.174,0.42962962962962964,1,0,0
flow,0.3,0.5,0,registered,during_vibration,flow_dump_0.3_0.5.shear.wave,2023,202300,202.3,0.20229999999999998,158683.4518369953,1150.6991116930567,0.007251538193630245,7.251538193630245e+17,95,0.0005986761625124404,5.986761625124404e+26,935.146478546906,13.956858141590484,114.94211326302384,8.731247894070332,0.0,77.9224138474659,0.005893156896457725,8.795408708355686e-05,0.0007243484555723936,5.502305245438793e-05,0.0,0.0004910557020621803,5340,2380,5780,0.17629629629629628,0.42814814814814817,1,0,0
flow,0.3,0.5,0,registered,during_vibration,flow_dump_0.3_0.5.shear.wave,2024,202400,202.4,0.2024,158683.45183699526,1169.4216515672645,0.007369524912834212,7.369524912834212e+17,98,0.0006175817255391491,6.1758172553914915e+26,947.0944587839037,8.795622879444942,118.43934738444564,18.018023931747003,0.0,77.07419858772256,0.005968451327595202,5.542873423550231e-05,0.0007463875156062924,0.00011354696235279591,0.0,0.00048571037304441587,5338,2409,5753,0.17844444444444443,0.42614814814814816,1,0,0
flow,0.3,0.5,0,registered,during_vibration,flow_dump_0.3_0.5.shear.wave,2025,202500,202.5,0.20249999999999999,158683.45183699526,1125.9050633480203,0.007095289712405464,7.095289712405464e+17,95,0.0005986761625124405,5.986761625124405e+26,898.5390702938066,14.769194126158462,95.30999777278402,17.893730591685028,32.75622701134645,66.6368435522397,0.005662462341799917,9.307331013526133e-05,0.000600629723322943,0.00011276368382801531,0.00020642497142672888,0.0004199356818925971,5335,2454,5711,0.1817777777777778,0.42303703703703704,1,0,0
flow,0.3,0.5,0,registered,during_vibration,flow_dump_0.3_0.5.shear.wave,2026,202600,202.6,0.2026,158683.45183699526,1194.8504855058763,0.007529773720408257,7.529773720408257e+17,105,0.0006616947059348027,6.616947059348027e+26,1000.7641894567427,0.0,110.55134656287828,22.66498040271837,0.0,60.86996908353741,0.0063066701528824804,0.0,0.0006966784833773353,0.0001428314051675695,0.0,0.00038359367898087445,5336,2485,5679,0.18407407407407408,0.4206666666666667,1,0,0
flow,0.3,0.5,0,registered,during_vibration,flow_dump_0.3_0.5.shear.wave,2027,202700,202.70000000000002,0.2027,158683.4518369953,1169.722555285528,0.007371421164237745,7.371421164237746e+17,98,0.000617581725539149,6.17581725539149e+26,989.588037660409,0.0,96.77373210049709,16.99513110162291,0.0,66.36565442299927,0.006236239672155263,0.0,0.0006098539638519217,0.00010710084072963608,0.0,0.000418226687500926,5334,2433,5733,0.18022222222222223,0.4246666666666667,1,0,0
flow,0.3,0.5,0,registered,during_vibration,flow_dump_0.3_0.5.shear.wave,2028,202800,202.8,0.20279999999999998,158683.45183699526,1128.1030860468877,0.007109141331294655,7.109141331294655e+17,93,0.0005860724538279681,5.860724538279681e+26,977.0049655646463,0.0,87.32395006725274,38.08715699336214,0.0,25.687013421626332,0.006156942984629911,0.0,0.0005503028139125352,0.0002400197156820517,0.0,0.00016187581707015586,5300,2400,5800,0.17777777777777778,0.42962962962962964,1,0,0
flow,0.3,0.5,0,registered,during_vibration,flow_dump_0.3_0.5.shear.wave,2029,202900,202.9,0.2029,158683.45183699526,1136.5969764260376,0.007162668591262979,7.162668591262979e+17,100,0.0006301854342236216,6.301854342236216e+26,958.1826179130211,0.0,98.9015268526255,24.174506947235024,0.0,55.33832471315611,0.006038327291350437,0.0,0.0006232630164500096,0.0001523442215768526,0.0,0.00034873406188568057,5320,2361,5819,0.1748888888888889,0.43103703703703705,1,0,0
flow,0.3,0.5,0,registered,during_vibration,flow_dump_0.3_0.5.shear.wave,2030,203000,203.0,0.20299999999999999,158683.45183699526,1074.6963862964687,0.006772580088567971,6.77258008856797e+17,91,0.0005734687451434957,5.734687451434957e+26,910.3808835537345,9.492252651291462,92.43844582206769,19.880758621849576,0.0,42.50404564752513,0.005737087724111945,5.981879358814433e-05,0.0005825336211933645,0.00012528564504805283,0.0,0.0002678543046264626,5294,2309,5897,0.17103703703703704,0.4368148148148148,1,0,0
flow,0.3,0.5,0,registered,during_vibration,flow_dump_0.3_0.5.shear.wave,2031,203100,203.1,0.2031,158683.45183699526,1046.062687485031,0.006592134689378828,6.592134689378828e+17,89,0.0005608650364590232,5.6086503645902325e+26,884.8790882762097,10.692833620724462,83.2441274473882,20.12985978283881,0.0,47.1167783578699,0.005576379124807456,6.738467998357185e-05,0.0005245923660199882,0.00012685544428108893,0.0,0.0002969230742867238,5312,2313,5875,0.17133333333333334,0.4351851851851852,1,0,0
flow,0.3,0.5,0,registered,during_vibration,flow_dump_0.3_0.5.shear.wave,2032,203200,203.20000000000002,0.2032,158683.45183699526,992.1122822864081,0.006252147094112484,6.252147094112484e+17,79,0.000497846493036661,4.97846493036661e+26,864.0225099969966,0.0,72.68120137469307,25.188009474293146,0.0,30.220561440425598,0.005444944006414407,0.0,0.00045802634448205437,0.0001587311668778612,0.0,0.0001904455763381624,5317,2358,5825,0.17466666666666666,0.43148148148148147,1,0,0
flow,0.3,0.5,0,registered,during_vibration,flow_dump_0.3_0.5.shear.wave,2033,203300,203.3,0.20329999999999998,158683.45183699526,1138.152610344891,0.007172471969629435,7.172471969629435e+17,96,0.0006049780168546768,6.049780168546768e+26,964.7012986358574,0.0,86.69345234188572,14.379487794516587,0.0,72.37837157263118,0.006079407067769295,0.0,0.0005463295090841609,9.061743759700703e-05,0.0,0.00045611795517897213,5325,2403,5772,0.178,0.4275555555555556,1,0,0
flow,0.3,0.5,0,registered,during_vibration,flow_dump_0.3_0.5.shear.wave,2034,203400,203.4,0.2034,158683.45183699526,1123.3424943799173,0.007079140776026544,7.079140776026543e+17,93,0.0005860724538279681,5.860724538279681e+26,973.9840195452024,8.064845142581806,71.5979837067305,6.906957096616277,0.0,62.78868888878639,0.006137905422839617,5.0823479381241806e-05,0.00045120006451761745,4.352663757095053e-05,0.0,0.00039568517171711736,5332,2435,5733,0.18037037037037038,0.4246666666666667,1,0,0
flow,0.3,0.5,0,registered,during_vibration,flow_dump_0.3_0.5.shear.wave,2035,203500,203.5,0.2035,158683.45183699526,1172.885824289861,0.007391355624748364,7.391355624748364e+17,100,0.0006301854342236216,6.301854342236216e+26,974.9583060942306,9.211248133973317,96.3670462158306,0.0,0.0,92.34922384582549,0.006144045234759193,5.804794405049499e-05,0.0006072910886437101,0.0,0.0,0.0005819713572949597,5327,2497,5676,0.18496296296296297,0.42044444444444445,1,0,0
flow,0.3,0.5,0,registered,during_vibration,flow_dump_0.3_0.5.shear.wave,2036,203600,203.6,0.2036,158683.45183699526,1251.9433848540004,0.007889564856076088,7.889564856076088e+17,111,0.00069950583198822,6.995058319882199e+26,1065.3346646523744,0.0,81.42055762320592,6.955156564500104,0.0,98.23300601391924,0.0067135838823743285,0.0,0.0005131004946050942,4.3830383596927706e-05,0.0,0.0006190500954997332,5349,2500,5651,0.18518518518518517,0.41859259259259257,1,0,0
flow,0.3,0.5,0,registered,during_vibration,flow_dump_0.3_0.5.shear.wave,2037,203700,203.70000000000002,0.2037,158683.45183699526,1200.3969614680752,0.007564726804034749,7.56472680403475e+17,106,0.0006679965602770389,6.679965602770389e+26,1006.3474276588572,0.0,94.48396263151224,36.577937732533215,0.0,62.98763344517206,0.006341854906790216,0.0,0.0005954241701810798,0.00023050883572981037,0.0,0.00039693889133364063,5351,2457,5692,0.182,0.42162962962962963,1,0,0
flow,0.3,0.5,0,registered,during_vibration,flow_dump_0.3_0.5.shear.wave,2038,203800,203.8,0.20379999999999998,158683.4518369953,1213.7776697246331,0.0076490500784635335,7.649050078463534e+17,101,0.0006364872885658577,6.364872885658577e+26,1021.2687645230607,13.016500110980367,118.41563968149478,12.228896284905131,0.0,48.84786912419206,0.006435886998299864,8.20280877450998e-05,0.000746238113115507,7.706472315378572e-05,0.0,0.00030783215614927603,5349,2429,5722,0.17992592592592593,0.42385185185185187,1,0,0
flow,0.3,0.5,0,registered,during_vibration,flow_dump_0.3_0.5.shear.wave,2039,203900,203.9,0.2039,158683.45183699526,1165.1439412799218,0.007342567405685094,7.342567405685094e+17,103,0.0006490909972503302,6.490909972503302e+26,1002.6337141114533,11.642991007547781,95.16845847073924,9.797937933793872,0.0,45.90083975638748,0.0063184516249456864,7.33724334375322e-05,0.0005997377632577551,6.174517771303985e-05,0.0,0.00028926040633107914,5332,2394,5774,0.17733333333333334,0.4277037037037037,1,0,0
flow,0.3,0.5,0,registered,during_vibration,flow_dump_0.3_0.5.shear.wave,2040,204000,204.0,0.204,158683.45183699526,1178.0112015693119,0.007423655005812471,7.423655005812471e+17,97,0.000611279871196913,6.112798711969129e+26,950.6733875067305,22.462723513478668,116.75577692924136,19.814957092811117,0.0,68.30435652705007,0.005991005215107702,0.00014155681171186709,0.0007357778998227027,0.00012487097339655606,0.0,0.00043044410577364114,5333,2375,5792,0.17592592592592593,0.42903703703703705,1,0,0
flow,0.3,0.5,0,registered,during_vibration,flow_dump_0.3_0.5.shear.wave,2041,204100,204.1,0.2041,158683.45183699526,1182.9626335807948,0.007454858209134321,7.45485820913432e+17,100,0.0006301854342236216,6.301854342236216e+26,978.3630490314341,23.14973472171073,93.49773306187619,11.384275267251628,0.0,76.56784149852209,0.006165501428822207,0.00014588625627762926,0.0005892090950852271,7.174204452614203e-05,0.0,0.00048251938442311573,5326,2354,5820,0.17437037037037037,0.4311111111111111,1,0,0
flow,0.3,0.5,0,registered,during_vibration,flow_dump_0.3_0.5.shear.wave,2042,204200,204.20000000000002,0.2042,158683.4518369953,1113.2775022821083,0.007015712661870392,7.015712661870392e+17,94,0.0005923743081702042,5.923743081702042e+26,871.5732552614428,11.938841015879294,109.21319667701773,30.110453547547635,0.0,90.44175578022127,0.005492527703246276,7.523683709718676e-05,0.000688245657708562,0.00018975169243531492,0.0,0.0005699507713830547,5342,2350,5808,0.17407407407407408,0.43022222222222223,1,0,0
flow,0.3,0.5,0,registered,during_vibration,flow_dump_0.3_0.5.shear.wave,2043,204300,204.3,0.20429999999999998,158683.45183699526,1107.894843796562,0.006981791932120479,6.981791932120479e+17,95,0.0005986761625124405,5.986761625124405e+26,881.4326723712018,6.04722044358213,117.06866557811352,13.590410474647879,0.0,89.75587492901663,0.0055546603137713296,3.810870241084766e-05,0.0007377496785132341,8.564478726243228e-05,0.0,0.0005656284501626342,5335,2367,5798,0.17533333333333334,0.42948148148148146,1,0,0
flow,0.3,0.5,0,registered,during_vibration,flow_dump_0.3_0.5.shear.wave,2044,204400,204.4,0.2044,158683.45183699526,1181.9157366479092,0.007448260817151942,7.448260817151942e+17,100,0.0006301854342236216,6.301854342236216e+26,921.1975268914774,15.083810271675613,132.8321040504298,17.387387975284962,0.0,95.4149074590409,0.00580525263489832,9.50559752580262e-05,0.0008370885716985738,0.0001095727864121953,0.0,0.0006012908488848236,5333,2406,5761,0.17822222222222223,0.42674074074074075,1,0,0
flow,0.3,0.5,0,registered,during_vibration,flow_dump_0.3_0.5.shear.wave,2045,204500,204.5,0.2045,158683.45183699526,1125.5930353706983,0.007093323357541678,7.093323357541678e+17,96,0.0006049780168546768,6.049780168546768e+26,918.8291362533992,9.786414294034174,106.49798138856144,18.16193682837994,3.5160032540114434,68.80156335231212,0.005790327382071635,6.167255741378183e-05,0.0006711347664528977,0.00011445388046534597,2.215734037360868e-05,0.00043357743076440823,5350,2450,5700,0.1814814814814815,0.4222222222222222,1,0,0
flow,0.3,0.5,0,registered,during_vibration,flow_dump_0.3_0.5.shear.wave,2046,204600,204.6,0.2046,158683.4518369953,1268.6987656939982,0.007995154825578448,7.995154825578449e+17,112,0.000705807686330456,7.058076863304561e+26,1088.9738700847151,3.605477374457282,99.75954958945644,19.220203812757063,0.0,57.13966483261225,0.006862554711775138,2.272119324805805e-05,0.000628670150759845,0.00012112292485608815,0.0,0.0003600858449393194,5344,2469,5687,0.18288888888888888,0.4212592592592593,1,0,0
flow,0.3,0.5,0,registered,during_vibration,flow_dump_0.3_0.5.shear.wave,2047,204700,204.70000000000002,0.2047,158683.45183699526,1625.3937801998234,0.010242994851595995,1.0242994851595995e+18,104,0.0006553928515925665,6.553928515925665e+26,1307.4989635271093,18.66891095703104,165.72519866307917,53.91671429547654,0.0,79.58399275712684,0.008239668020772665,0.00011764875757938733,0.001044376062812885,0.0003397752801020583,0.0,0.0005015267303289953,5354,2438,5708,0.18059259259259258,0.4228148148148148,1,0,0
flow,0.3,0.5,0,registered,during_vibration,flow_dump_0.3_0.5.shear.wave,2048,204800,204.8,0.20479999999999998,158683.45183699526,1194.792687933817,0.007529409488527805,7.529409488527805e+17,102,0.000642789142908094,6.42789142908094e+26,1001.9671233737215,5.558566725297139,108.80152719426161,23.642284025076272,0.0,54.82318661546044,0.006314250867210617,3.502927785442352e-05,0.0006856513765910893,0.00014899023024380882,0.0,0.0003454877366278658,5325,2408,5767,0.17837037037037037,0.42718518518518517,1,0,0
flow,0.3,0.5,0,registered,during_vibration,flow_dump_0.3_0.5.shear.wave,2049,204900,204.9,0.2049,158683.45183699526,1242.635270540343,0.007830906475470537,7.830906475470537e+17,100,0.0006301854342236216,6.301854342236216e+26,1066.124105075175,3.6705665732253117,99.7166830973493,36.62526687978614,0.0,36.49864891480699,0.006718558820930692,2.313137589794704e-05,0.0006284000123704234,0.00023080709712194054,0.0,0.0002300091691495316,5346,2379,5775,0.17622222222222222,0.42777777777777776,1,0,0
flow,0.3,0.5,0,registered,during_vibration,flow_dump_0.3_0.5.shear.wave,2050,205000,205.0,0.205,158683.45183699526,1184.201573601911,0.0074626658286861625,7.462665828686162e+17,95,0.0005986761625124405,5.986761625124405e+26,976.6208308846105,4.902403768685744,117.20328470780876,28.79472913667641,0.0,56.680325104129295,0.006154522223828524,3.0894234477087444e-05,0.0007385980286602522,0.0001814601888434799,0.0,0.0003571911528768176,5332,2334,5834,0.1728888888888889,0.43214814814814817,1,0,0
flow,0.3,0.5,0,registered,during_vibration,flow_dump_0.3_0.5.shear.wave,2051,205100,205.1,0.2051,158683.45183699526,1051.5564652870644,0.006626755676875854,6.626755676875854e+17,87,0.0005482613277745507,5.4826132777455075e+26,885.7198459630367,0.0,93.27239254402227,13.465659251894317,0.0,59.09856752811108,0.005581677457286955,0.0,0.0005877890319643076,8.485862322762349e-05,0.0,0.0003724305643969671,5319,2335,5846,0.17296296296296296,0.43303703703703705,1,0,0
flow,0.3,0.5,0,registered,during_vibration,flow_dump_0.3_0.5.shear.wave,2052,205200,205.20000000000002,0.2052,158683.45183699526,1181.4273404262676,0.007445183015301859,7.445183015301859e+17,90,0.0005671668908012594,5.671668908012594e+26,1020.2117291744935,2.663394464954081,87.28192514283258,20.497037848709226,0.0,50.773253795277775,0.0064292257154986,1.6784323974058776e-05,0.0005500379789600958,0.0001291693469698683,0.0,0.0003199656498992327,5311,2361,5828,0.1748888888888889,0.4317037037037037,1,0,0
flow,0.3,0.5,0,registered,during_vibration,flow_dump_0.3_0.5.shear.wave,2053,205300,205.3,0.20529999999999998,158683.45183699526,1117.8209948005326,0.007044345089926543,7.044345089926543e+17,98,0.0006175817255391491,6.1758172553914915e+26,960.365882725255,0.0,74.59358645428125,14.471673150067309,0.0,68.3898524709285,0.006052085908187664,0.0,0.0004700779166998849,9.119837628017492e-05,0.0,0.00043098288875881497,5308,2381,5811,0.17637037037037037,0.43044444444444446,1,0,0
flow,0.3,0.5,0,registered,during_vibration,flow_dump_0.3_0.5.shear.wave,2054,205400,205.4,0.2054,158683.45183699526,1113.7050717013235,0.007018407142071482,7.018407142071482e+17,89,0.0005608650364590232,5.6086503645902325e+26,956.7388034869166,0.0,82.82369698810197,14.251045099061013,0.0,59.891526127244205,0.006029228583139907,0.0,0.000521942874504527,8.980801043892179e-05,0.0,0.0003774276739881277,5316,2427,5757,0.1797777777777778,0.42644444444444446,1,0,0
flow,0.3,0.5,0,registered,during_vibration,flow_dump_0.3_0.5.shear.wave,2055,205500,205.5,0.2055,158683.45183699526,1127.0051332278904,0.007102222192554686,7.102222192554685e+17,93,0.0005860724538279681,5.860724538279681e+26,933.6227520970015,0.0,115.00278014283005,0.0,0.0,78.37960098805878,0.005883554594313015,0.0,0.0007247307694123304,0.0,0.0,0.0004939368288293403,5303,2485,5712,0.18407407407407408,0.4231111111111111,1,0,0
flow,0.3,0.5,0,registered,during_vibration,flow_dump_0.3_0.5.shear.wave,2056,205600,205.6,0.20559999999999998,158683.45183699526,1161.507200429232,0.007319649194563586,7.319649194563585e+17,97,0.000611279871196913,6.112798711969129e+26,1002.6772723079248,0.0,75.94937593087737,10.178560928819195,0.0,72.70199126161036,0.006318726122355261,0.0,0.00047862190450013027,6.414380838699513e-05,0.0,0.00045815735932119866,5319,2500,5681,0.18518518518518517,0.4208148148148148,1,0,0
flow,0.3,0.5,0,registered,during_vibration,flow_dump_0.3_0.5.shear.wave,2057,205700,205.70000000000002,0.2057,158683.4518369953,1185.875281579986,0.0074732132925754285,7.473213292575429e+17,97,0.0006112798711969128,6.1127987119691286e+26,994.4025560719645,0.0,102.37799297279945,26.07931580415203,0.0,63.01541673107047,0.0062665800659129,0.0,0.0006451711995650649,0.00016434804954294503,0.0,0.00039711397755452105,5320,2471,5709,0.18303703703703703,0.42288888888888887,1,0,0
flow,0.3,0.5,0,registered,during_vibration,flow_dump_0.3_0.5.shear.wave,2058,205800,205.8,0.20579999999999998,158683.45183699526,1226.1701944805648,0.007727145964407972,7.727145964407972e+17,102,0.000642789142908094,6.42789142908094e+26,1018.8085771376471,21.406131717870878,120.97044826893652,12.831919448043248,0.0,52.1531179080665,0.006420383255742382,0.00013489832411674497,0.0007623381447058592,8.08648872928767e-05,0.0,0.00032866135255010624,5339,2450,5711,0.1814814814814815,0.42303703703703704,1,0,0
flow,0.3,0.5,0,registered,during_vibration,flow_dump_0.3_0.5.shear.wave,2059,205900,205.9,0.2059,158683.45183699526,1174.4318642868725,0.007401098543616802,7.401098543616801e+17,107,0.0006742984146192752,6.742984146192752e+26,976.2983488656018,13.219604288084739,102.511754212768,18.172004994617442,0.0,64.23015192579994,0.006152489989116741,8.330802068551131e-05,0.0006460141434159837,0.00011451732858246813,0.0,0.0004047690618160942,5322,2421,5757,0.17933333333333334,0.42644444444444446,1,0,0
flow,0.3,0.5,0,registered,during_vibration,flow_dump_0.3_0.5.shear.wave,2060,206000,206.0,0.206,158683.45183699526,1174.785237890367,0.007403325452594415,7.403325452594415e+17,89,0.0005608650364590232,5.6086503645902325e+26,961.3537930432166,19.748087806597198,107.78446867742005,22.66530010898868,0.0,63.233588254144756,0.006058311575114651,0.0001244495728948666,0.000679242021960423,0.0001428334199099173,0.0,0.0003984888627145591,5316,2397,5787,0.17755555555555555,0.42866666666666664,1,0,0
flow,0.3,0.5,0,registered,during_vibration,flow_dump_0.3_0.5.shear.wave,2061,206100,206.1,0.20609999999999998,158683.4518369953,1150.2000019465713,0.007248392876707103,7.248392876707103e+17,97,0.0006112798711969128,6.1127987119691286e+26,934.0180274577056,18.599975110065515,97.64897098982166,19.254878013271764,0.0,80.67815037570684,0.005886045562061246,0.00011721433391285188,0.0006153695918471058,0.00012134143661716529,0.0,0.0005084219522687345,5308,2376,5816,0.176,0.4308148148148148,1,0,0
flow,0.3,0.5,0,registered,during_vibration,flow_dump_0.3_0.5.shear.wave,2062,206200,206.20000000000002,0.2062,158683.45183699526,1226.136872222574,0.007726935972391761,7.726935972391761e+17,96,0.0006049780168546768,6.049780168546768e+26,954.7153460238865,11.330467948956665,135.3855662214164,15.674133583226162,0.0,109.03135844508851,0.00601647704894018,7.140295864370083e-05,0.0008531801183685418,9.877610678224429e-05,0.0,0.0006870997396570944,5323,2362,5815,0.17496296296296296,0.43074074074074076,1,0,0
flow,0.3,0.5,0,registered,during_vibration,flow_dump_0.3_0.5.shear.wave,2063,206300,206.3,0.20629999999999998,158683.45183699526,1163.6291693931694,0.0073330215338930655,7.333021533893065e+17,101,0.0006364872885658578,6.364872885658577e+26,896.9527183135255,10.77387215081211,135.77281886540683,18.913007387378176,0.0,101.21675267604704,0.0056524653826846676,6.789537299629314e-05,0.0008556205281246153,0.00011918701772889479,0.0,0.0006378532323585962,5332,2372,5796,0.1757037037037037,0.42933333333333334,1,0,0
flow,0.3,0.5,0,registered,during_vibration,flow_dump_0.3_0.5.shear.wave,2064,206400,206.4,0.2064,158683.45183699526,1071.9917891980667,0.006755536111599407,6.755536111599407e+17,93,0.0005860724538279681,5.860724538279681e+26,838.2051082769755,8.280568572799606,136.28085261064368,0.0,0.0,89.22525973764789,0.005282246501279835,5.218293701668194e-05,0.0008588220827880387,0.0,0.0,0.0005622845905148506,5315,2403,5782,0.178,0.4282962962962963,1,0,0
flow,0.3,0.5,0,registered,during_vibration,flow_dump_0.3_0.5.shear.wave,2065,206500,206.5,0.2065,158683.4518369953,1063.8187042450115,0.006704030520698529,6.704030520698529e+17,93,0.000586072453827968,5.8607245382796806e+26,868.6297712468541,0.0,103.28855486463061,14.39156097633962,3.219264261280501,74.28955289590682,0.005473978295727638,0.0,0.0006509094279769759,9.06935210303031e-05,2.0287334463756388e-05,0.0004681619414998574,5320,2428,5752,0.17985185185185185,0.42607407407407405,1,0,0
flow,0.3,0.5,0,registered,during_vibration,flow_dump_0.3_0.5.shear.wave,2066,206600,206.6,0.20659999999999998,158683.45183699526,1183.437409939678,0.0074578501805931405,7.45785018059314e+17,112,0.0007058076863304561,7.058076863304562e+26,962.2795662966762,2.3655851206073075,111.0816977141444,35.439579095294135,0.0,72.27098171295563,0.0060641456633118915,1.4907572864228544e-05,0.0007000206790828516,0.00022333506540870318,0.0,0.0004554411999254636,5318,2457,5725,0.182,0.42407407407407405,1,0,0
flow,0.3,0.5,0,registered,during_vibration,flow_dump_0.3_0.5.shear.wave,2067,206700,206.70000000000002,0.2067,158683.45183699526,1225.8237109480417,0.0077249624756540285,7.724962475654029e+17,105,0.0006616947059348027,6.616947059348027e+26,1046.9864987460396,8.353952220402796,93.6128909630268,18.235699691040388,0.0,58.63466932753181,0.0065979564133854226,5.2645390074979236e-05,0.0005899348034046359,0.00011491872328169849,0.0,0.000369507145507291,5331,2439,5730,0.18066666666666667,0.42444444444444446,1,0,0
flow,0.3,0.5,0,registered,during_vibration,flow_dump_0.3_0.5.shear.wave,2068,206800,206.8,0.20679999999999998,158683.45183699526,1188.0627030965152,0.00748699810435767,7.48699810435767e+17,102,0.000642789142908094,6.42789142908094e+26,1020.6021536073563,0.0,99.4559920596777,23.435428680631126,0.0,44.56912874884966,0.0064316861134061515,0.0,0.0006267571754226905,0.0001476866579932024,0.0,0.0002808681575356232,5315,2395,5790,0.1774074074074074,0.4288888888888889,1,0,0
flow,0.3,0.5,0,registered,during_vibration,flow_dump_0.3_0.5.shear.wave,2069,206900,206.9,0.2069,158683.4518369953,1064.3825527490349,0.006707583811841973,6.707583811841972e+17,91,0.0005734687451434956,5.7346874514349555e+26,880.3351486089994,0.0,119.06165673567514,26.524627123959412,0.0,38.46112028040108,0.005547743878884786,0.0,0.000750309218493552,0.0001671543366173201,0.0,0.0002423763778463149,5321,2378,5801,0.17614814814814814,0.4297037037037037,1,0,0
flow,0.3,0.5,0,registered,during_vibration,flow_dump_0.3_0.5.shear.wave,2070,207000,207.0,0.207,158683.45183699526,1175.2547401318118,0.007406284187333354,7.406284187333354e+17,87,0.0005482613277745507,5.4826132777455075e+26,1000.3683216081641,17.102909281379006,107.73776587955851,13.86566817967828,0.0,36.180075183032116,0.006304175451361965,0.00010778004311973036,0.0006789477077309246,8.73794212261121e-05,0.0,0.0002280015638946237,5290,2319,5891,0.17177777777777778,0.43637037037037035,1,0,0
flow,0.3,0.5,0,registered,during_vibration,flow_dump_0.3_0.5.shear.wave,2071,207100,207.1,0.20709999999999998,158683.45183699526,1173.6860407984382,0.00739639847262767,7.39639847262767e+17,90,0.0005671668908012594,5.671668908012594e+26,949.0389912517163,17.48810909903441,116.96476678610966,22.014090021188977,0.0,68.18008364038934,0.0059807054879711065,0.00011020751626325068,0.0007370949234596915,0.00013872958879040871,0.0,0.000429660956143216,5295,2310,5895,0.1711111111111111,0.43666666666666665,1,0,0
flow,0.3,0.5,0,registered,during_vibration,flow_dump_0.3_0.5.shear.wave,2072,207200,207.20000000000002,0.2072,158683.45183699526,1061.679258836143,0.006690548047358674,6.690548047358674e+17,91,0.0005734687451434957,5.734687451434957e+26,907.9986531817419,0.0,85.69927085474403,15.252522929840369,0.0,52.728811869816695,0.005722075255297996,0.0,0.0005400643221624463,9.611917785547199e-05,0.0,0.0003322892920427609,5303,2344,5853,0.17362962962962963,0.4335555555555556,1,0,0
flow,0.3,0.5,0,registered,during_vibration,flow_dump_0.3_0.5.shear.wave,2073,207300,207.3,0.20729999999999998,158683.45183699526,1079.8324538786906,0.0068049468383630145,6.804946838363014e+17,91,0.0005734687451434957,5.734687451434957e+26,917.0739247895489,0.0,89.31419104873197,15.845052429842461,0.0,57.599285610567634,0.005779266295086628,0.0,0.0005628450226837665,9.985321245796322e-05,0.0,0.00036298230813465964,5307,2371,5822,0.17562962962962964,0.4312592592592593,1,0,0
flow,0.3,0.5,0,registered,during_vibration,flow_dump_0.3_0.5.shear.wave,2074,207400,207.4,0.2074,158683.45183699526,1104.9228907048173,0.006963063116624345,6.963063116624346e+17,91,0.0005734687451434957,5.734687451434957e+26,941.0714925324271,0.0,83.20459996050688,16.326950502151064,0.0,64.31984770973149,0.005930495471570193,0.0,0.0005243432695551475,0.00010289006391745645,0.0,0.00040533431158154353,5310,2433,5757,0.18022222222222223,0.42644444444444446,1,0,0
flow,0.3,0.5,0,registered,during_vibration,flow_dump_0.3_0.5.shear.wave,2075,207500,207.5,0.2075,158683.45183699526,1113.4695250971665,0.007016922761681276,7.016922761681276e+17,90,0.0005671668908012594,5.671668908012594e+26,927.4765462721657,0.0,103.43387658495658,5.386926810064217,0.0,77.17217542998046,0.005844822100447496,0.0,0.0006518252242912335,3.3947628109311875e-05,0.0,0.00048632780883323736,5305,2487,5708,0.18422222222222223,0.4228148148148148,1,0,0
flow,0.3,0.5,0,registered,during_vibration,flow_dump_0.3_0.5.shear.wave,2076,207600,207.6,0.20759999999999998,158683.4518369953,1199.7840733573687,0.007560864472432987,7.560864472432987e+17,99,0.0006238835798813853,6.238835798813853e+26,997.2271734435876,0.0,95.930212864533,6.550039263311257,0.0,100.07664778593612,0.006284380393161419,0.0,0.0006045382284920017,4.1277393373315744e-05,0.0,0.0006306684574062458,5312,2517,5671,0.18644444444444444,0.4200740740740741,1,0,0
flow,0.3,0.5,0,registered,during_vibration,flow_dump_0.3_0.5.shear.wave,2077,207700,207.70000000000002,0.2077,158683.45183699526,1155.4767512317092,0.007281646182102542,7.281646182102542e+17,96,0.0006049780168546768,6.049780168546768e+26,982.9593926934521,6.055122600056336,73.30600500432072,27.034762413131375,0.0,66.12146852074906,0.006194466917087105,3.815850064993767e-05,0.00046196376594846836,0.0001703691349045164,0.0,0.00041668786351251773,5322,2470,5708,0.18296296296296297,0.4228148148148148,1,0,0
flow,0.3,0.5,0,registered,during_vibration,flow_dump_0.3_0.5.shear.wave,2078,207800,207.8,0.20779999999999998,158683.45183699526,1205.965827885224,0.007599820989046991,7.599820989046991e+17,99,0.0006238835798813854,6.238835798813854e+26,1000.1881010475163,4.627469391234898,112.74856491716113,29.10734549556851,0.0,59.29434703374288,0.0063030397276392855,2.9161638076718823e-05,0.0007105250334041137,0.00018343025160221817,0.0,0.00037366433832465367,5317,2450,5733,0.1814814814814815,0.4246666666666667,1,0,0
flow,0.3,0.5,0,registered,during_vibration,flow_dump_0.3_0.5.shear.wave,2079,207900,207.9,0.2079,158683.45183699526,1074.1194634524652,0.006768944404838352,6.768944404838351e+17,98,0.0006175817255391491,6.1758172553914915e+26,899.5149516748161,0.0,102.39205074391805,21.79778331244466,0.0,50.41467772128672,0.005668612204118339,0.0,0.0006452597895910309,0.0001373664554186535,0.0,0.00031770595571033015,5323,2419,5758,0.1791851851851852,0.4265185185185185,1,0,0
flow,0.3,0.5,0,registered,during_vibration,flow_dump_0.3_0.5.shear.wave,2080,208000,208.0,0.208,158683.4518369953,1092.3881670348044,0.0068840711138357415,6.884071113835741e+17,91,0.0005734687451434956,5.7346874514349555e+26,880.1566743088941,14.530757967364533,115.48977512618404,20.28273049381348,0.0,61.928229138548275,0.00554661915984169,9.157072019261966e-05,0.0007277997408628269,0.00012781881323484538,0.0,0.00039026267970375975,5318,2406,5776,0.17822222222222223,0.42785185185185187,1,0,0
flow,0.3,0.5,0,registered,during_vibration,flow_dump_0.3_0.5.shear.wave,2081,208100,208.1,0.20809999999999998,158683.45183699526,1180.9090634923632,0.0074419169095554525,7.441916909555452e+17,96,0.0006049780168546768,6.049780168546768e+26,961.1111541115218,16.960747598816532,95.07568549914534,11.425512993831122,0.0,96.33596328904854,0.0060567824999093545,0.00010688416090317444,0.0005991531215038739,7.200191867245097e-05,0.0,0.0006070952085665992,5316,2379,5805,0.17622222222222222,0.43,1,0,0
flow,0.3,0.5,0,registered,during_vibration,flow_dump_0.3_0.5.shear.wave,2082,208200,208.20000000000002,0.2082,158683.45183699526,1080.999505852827,0.006812301429913842,6.812301429913842e+17,92,0.0005797705994857318,5.7977059948573184e+26,834.2252187180196,17.411320644921076,124.31259468625703,10.980409380335457,0.0,94.06996242329407,0.005257165816981109,0.00010972360661026296,0.0007833998646182396,6.919694053299828e-05,0.0,0.0005928152011712334,5328,2364,5808,0.1751111111111111,0.43022222222222223,1,0,0
flow,0.3,0.5,0,registered,during_vibration,flow_dump_0.3_0.5.shear.wave,2083,208300,208.3,0.20829999999999999,158683.45183699526,1060.5928134115056,0.006683701426541821,6.683701426541821e+17,89,0.0005608650364590232,5.6086503645902325e+26,835.8254451182287,7.291165497644072,109.92791953572727,8.798775216702753,0.0,98.74950804320264,0.005267250210669827,4.5947862951291174e-05,0.0006927497370592163,5.544859980573864e-05,0.0,0.0006223050160557467,5326,2374,5800,0.17585185185185184,0.42962962962962964,1,0,0
flow,0.3,0.5,0,registered,during_vibration,flow_dump_0.3_0.5.shear.wave,2084,208400,208.4,0.2084,158683.4518369953,1051.1707179064158,0.006624324753070105,6.624324753070106e+17,92,0.0005797705994857317,5.797705994857318e+26,849.4075620875285,11.496702550180931,113.69238487973674,5.5985971230418565,0.0,70.97547126592818,0.005352842733469569,7.245054488725587e-05,0.0007164728493335599,3.52815435902725e-05,0.0,0.0004472770817894512,5316,2422,5762,0.1794074074074074,0.4268148148148148,1,0,0
flow,0.3,0.5,0,registered,during_vibration,flow_dump_0.3_0.5.shear.wave,2085,208500,208.5,0.2085,158683.45183699526,1064.6350699171046,0.006709175138254063,6.709175138254063e+17,88,0.000554563182116787,5.54563182116787e+26,886.1238048185311,9.358625630831469,108.33682685550606,10.386778094022459,0.0,50.42903451821376,0.005584223147154537,5.897669556901844e-05,0.0006827229027434639,6.545596263365943e-05,0.0,0.0003177964301533854,5333,2443,5724,0.18096296296296296,0.424,1,0,0
flow,0.3,0.5,0,registered,during_vibration,flow_dump_0.3_0.5.shear.wave,2086,208600,208.6,0.20859999999999998,158683.45183699526,1196.3650371273218,0.007539318204120404,7.539318204120404e+17,101,0.0006364872885658578,6.364872885658577e+26,998.2818491633459,15.810840232986184,108.02914919419237,27.346738595273273,0.0,46.89645994152436,0.006291026805925631,9.963761217664704e-05,0.0006807839629375052,0.0001723351633626216,0.0,0.0002955346597180021,5313,2439,5748,0.18066666666666667,0.42577777777777776,1,0,0
flow,0.3,0.5,0,registered,during_vibration,flow_dump_0.3_0.5.shear.wave,2087,208700,208.70000000000002,0.2087,158683.45183699526,1146.5885218429091,0.0072256338551339415,7.225633855133942e+17,99,0.0006238835798813854,6.238835798813854e+26,977.9520404068938,2.452489199720719,96.95955079321392,17.171846170803036,0.0,52.052595272277664,0.0061629113123369515,1.5455229712547436e-05,0.0006110249661874881,0.00010821447335568746,0.0,0.0003280278735412673,5315,2416,5769,0.17896296296296296,0.42733333333333334,1,0,0
flow,0.3,0.5,0,registered,during_vibration,flow_dump_0.3_0.5.shear.wave,2088,208800,208.8,0.20879999999999999,158683.4518369953,1151.6753093424272,0.007257690049025811,7.257690049025811e+17,95,0.0005986761625124404,5.986761625124404e+26,966.507366009521,6.585374196557767,112.48667943454146,23.21883989924954,0.0,42.87704980255705,0.006090788641290386,4.150006897582789e-05,0.0007088746692382982,0.0001463217470407732,0.0,0.0002702049224805226,5292,2374,5834,0.17585185185185184,0.43214814814814817,1,0,0
flow,0.3,0.5,0,registered,during_vibration,flow_dump_0.3_0.5.shear.wave,2089,208900,208.9,0.2089,158683.45183699526,1221.3976998000414,0.007697070398082218,7.697070398082218e+17,103,0.0006490909972503302,6.490909972503302e+26,1027.2622745647382,0.0,94.19683288294917,31.39332986312966,0.0,68.54526248922501,0.006473657225581247,0.0,0.0005936147203283124,0.00019783619211521754,0.0,0.0004319622600574438,5306,2341,5853,0.1734074074074074,0.4335555555555556,1,0,0
flow,0.3,0.5,0,registered,during_vibration,flow_dump_0.3_0.5.shear.wave,2090,209000,209.0,0.209,158683.45183699526,1158.1616138642448,0.007298565795341695,7.298565795341695e+17,99,0.0006238835798813854,6.238835798813854e+26,953.9505368787551,0.0,109.9185960866278,34.867839661579694,0.0,59.42464123728175,0.006011657333107952,0.0,0.0006926909820410242,0.00021973204677572215,0.0,0.0003744854334169933,5295,2317,5888,0.17162962962962963,0.4361481481481482,1,0,0
flow,0.3,0.5,0,registered,during_vibration,flow_dump_0.3_0.5.shear.wave,2091,209100,209.1,0.20909999999999998,158683.45183699526,1072.7791510598274,0.006760497951366855,6.760497951366854e+17,91,0.0005734687451434957,5.734687451434957e+26,893.4441092730845,11.570106485370472,86.39607766637394,31.604978809401395,0.0,49.763878825597374,0.005630354639567956,7.291312579496731e-05,0.000544455497194016,0.00019916997294630977,0.0,0.0003136047158636077,5309,2310,5881,0.1711111111111111,0.43562962962962964,1,0,0
flow,0.3,0.5,0,registered,during_vibration,flow_dump_0.3_0.5.shear.wave,2092,209200,209.20000000000002,0.2092,158683.45183699526,1130.534977458928,0.007124466756749469,7.12446675674947e+17,90,0.0005671668908012594,5.671668908012594e+26,968.6379562839068,7.102086222037214,83.88142837369465,24.03301700765114,0.0,46.8804895716379,0.0061042153108625515,4.475631289728122e-05,0.0005286085436297437,0.00015145257258670318,0.0,0.00029543401677318594,5298,2333,5869,0.1728148148148148,0.43474074074074076,1,0,0
flow,0.3,0.5,0,registered,during_vibration,flow_dump_0.3_0.5.shear.wave,2093,209300,209.3,0.20929999999999999,158683.45183699526,1119.7877585161896,0.007056739348388208,7.056739348388209e+17,94,0.0005923743081702043,5.9237430817020434e+26,925.7982262625732,0.0,85.71484580106245,29.36445877266221,0.0,78.91022767989192,0.005834245572207383,0.0,0.0005401624732055331,0.0001850505420239177,0.0,0.0004972807609513753,5322,2366,5812,0.17525925925925925,0.4305185185185185,1,0,0
flow,0.3,0.5,0,registered,during_vibration,flow_dump_0.3_0.5.shear.wave,2094,209400,209.4,0.2094,158683.45183699526,1111.6347625806247,0.007005360355549435,7.005360355549435e+17,88,0.000554563182116787,5.54563182116787e+26,938.0010225945541,0.0,92.13695770869685,16.13300160183099,0.0,65.36378067554345,0.005911145817259502,0.0,0.0005806336870169858,0.00010166782619780246,0.0,0.0004119130250751492,5314,2438,5748,0.18059259259259258,0.42577777777777776,1,0,0
flow,0.3,0.5,0,registered,during_vibration,flow_dump_0.3_0.5.shear.wave,2095,209500,209.5,0.2095,158683.45183699526,1129.5828844493637,0.007118466805282933,7.118466805282932e+17,94,0.0005923743081702043,5.9237430817020434e+26,945.6053292630838,0.0,87.29724794605022,13.72972184871724,0.0,82.95058539151223,0.005959067050258272,0.0,0.0005501345410340882,8.652270725003418e-05,0.0,0.0005227425067405374,5292,2488,5720,0.1842962962962963,0.4237037037037037,1,0,0
flow,0.3,0.5,0,registered,during_vibration,flow_dump_0.3_0.5.shear.wave,2096,209600,209.6,0.20959999999999998,158683.45183699526,1157.1878333601226,0.007292429172443407,7.292429172443407e+17,99,0.0006238835798813854,6.238835798813854e+26,956.770198754623,0.0,111.90804831139,15.410831234086663,0.0,73.09875506002258,0.006029426431544029,0.0,0.0007052282201823134,9.711681372999854e-05,0.0,0.00046065770698706487,5306,2511,5683,0.186,0.420962962962963,1,0,0
flow,0.3,0.5,0,registered,during_vibration,flow_dump_0.3_0.5.shear.wave,2097,209700,209.70000000000002,0.2097,158683.45183699526,1120.3126210924609,0.007060046955893561,7.06004695589356e+17,95,0.0005986761625124405,5.986761625124405e+26,949.3851341590803,0.0,78.59379099970661,27.501249924393505,0.0,64.83244600928028,0.0059828868301549125,0.0,0.0004952866230843068,0.00017330887125296263,0.0,0.00040856463140137795,5312,2478,5710,0.18355555555555556,0.422962962962963,1,0,0
flow,0.3,0.5,0,registered,during_vibration,flow_dump_0.3_0.5.shear.wave,2098,209800,209.8,0.2098,158683.45183699526,1187.717333923316,0.0074848216381338695,7.48482163813387e+17,101,0.0006364872885658578,6.364872885658577e+26,1010.3177688381759,15.296668048333473,100.21127775980094,12.173068619730675,0.0,49.718550657274854,0.006366875418591264,9.639737396213627e-05,0.000631516875891641,7.671290533958917e-05,0.0,0.00031331906434923883,5311,2446,5743,0.18118518518518517,0.4254074074074074,1,0,0
flow,0.3,0.5,0,registered,during_vibration,flow_dump_0.3_0.5.shear.wave,2099,209900,209.9,0.2099,158683.4518369953,1225.7574020406478,0.007724544606578038,7.724544606578038e+17,100,0.0006301854342236215,6.301854342236214e+26,989.2973674782505,19.49894191676039,126.6381674910146,21.60677070664147,0.0,68.71615444798029,0.006234407911005669,0.0001228794917871482,0.0007980552856960874,0.0001361627217993508,0.0,0.00043303919628977894,5314,2423,5763,0.1794814814814815,0.4268888888888889,1,0,0
flow,0.3,0.5,0,registered,during_vibration,flow_dump_0.3_0.5.shear.wave,2100,210000,210.0,0.21,158683.45183699526,1121.2319354596418,0.007065840341130261,7.06584034113026e+17,95,0.0005986761625124405,5.986761625124405e+26,908.0073063942433,7.141472962824734,105.6952490931237,12.929650242650318,0.0,87.45825676679998,0.005722129786582772,4.500452240073959e-05,0.0006660760644512401,8.148077252524145e-05,0.0,0.0005511491951702683,5319,2415,5766,0.17888888888888888,0.4271111111111111,1,0,0
flow,0.3,0.5,0,registered,during_vibration,flow_dump_0.3_0.5.shear.wave,2101,210100,210.1,0.21009999999999998,158683.45183699526,1214.2672014675184,0.007652135036203099,7.652135036203099e+17,96,0.0006049780168546768,6.049780168546768e+26,961.9328324968973,17.922656221598146,96.76591680168879,26.276127057265164,0.0,111.36966889006875,0.006061960597410155,0.00011294596893448521,0.0006098047129771909,0.000165588325392977,0.0,0.0007018354314882894,5297,2386,5817,0.17674074074074075,0.4308888888888889,1,0,0
flow,0.3,0.5,0,registered,during_vibration,flow_dump_0.3_0.5.shear.wave,2102,210200,210.20000000000002,0.2102,158683.45183699526,1094.754454016927,0.006898983109729009,6.898983109729009e+17,97,0.000611279871196913,6.112798711969129e+26,865.8512367226474,6.175088780077566,112.37317235666804,19.554464469497162,0.0,90.8004916880361,0.005456468375871213,3.8914510042425945e-05,0.0007081593641667271,0.0001232293868272045,0.0,0.0005722114728214338,5288,2356,5856,0.17451851851851852,0.43377777777777776,1,0,0
flow,0.3,0.5,0,registered,during_vibration,flow_dump_0.3_0.5.shear.wave,2103,210300,210.3,0.2103,158683.4518369953,1073.2225006874437,0.006763291876142776,6.763291876142776e+17,94,0.0005923743081702042,5.923743081702042e+26,851.5555653339056,7.119606401413124,113.49860373074307,7.63575582955761,0.0,93.41296939182413,0.0053663791370548875,4.4866722515758045e-05,0.0007152516687583307,4.811942103075311e-05,0.0,0.0005886749267830456,5303,2368,5829,0.1754074074074074,0.43177777777777776,1,0,0
flow,0.3,0.5,0,registered,during_vibration,flow_dump_0.3_0.5.shear.wave,2104,210400,210.4,0.2104,158683.45183699526,1156.9062307854463,0.007290654554035398,7.290654554035398e+17,91,0.0005734687451434957,5.734687451434957e+26,943.2100092982834,14.4828368958313,122.1280363160894,5.186131912474234,0.0,71.89921636276782,0.005943972092737049,9.126872857989335e-05,0.0007696330959673303,3.268224791203556e-05,0.0,0.00045309838883908954,5281,2382,5837,0.17644444444444443,0.43237037037037035,1,0,0
flow,0.3,0.5,0,registered,during_vibration,flow_dump_0.3_0.5.shear.wave,2105,210500,210.5,0.2105,158683.45183699526,1080.7412558071196,0.0068106739757419175,6.810673975741917e+17,95,0.0005986761625124405,5.986761625124405e+26,878.306806112414,15.935149664896072,102.81097272122304,28.000082116279483,3.2661660083035926,52.42207918400317,0.005534961559915139,0.00010042099210990929,0.0006478997748727686,0.00017645243906744647,2.0582902441892323e-05,0.0003303563073347611,5292,2403,5805,0.178,0.43,1,0,0
flow,0.3,0.5,0,registered,during_vibration,flow_dump_0.3_0.5.shear.wave,2106,210600,210.6,0.21059999999999998,158683.45183699526,1323.2089836958664,0.008338670279589766,8.338670279589765e+17,106,0.0006679965602770389,6.679965602770389e+26,1058.8354141092025,18.76964053637809,113.718609939756,36.593876720754,0.0,95.29144238977614,0.006672626552117559,0.00011828354071638717,0.0007166381158419179,0.00023060928091194036,0.0,0.0006005127900019629,5299,2434,5767,0.1802962962962963,0.42718518518518517,1,0,0
flow,0.3,0.5,0,registered,during_vibration,flow_dump_0.3_0.5.shear.wave,2107,210700,210.70000000000002,0.2107,158683.4518369953,1391.2104401614508,0.008767205553295795,8.767205553295795e+17,113,0.0007121095406726923,7.121095406726924e+26,1120.3266343425068,19.891969775211642,123.75094927748896,57.6324772385684,0.0,69.60840952767464,0.007060135265354211,0.00012535629610354904,0.0007798604570601974,0.0003631914769397021,0.0,0.00043866205783813314,5304,2402,5794,0.17792592592592593,0.42918518518518517,1,0,0
flow,0.3,0.5,0,registered,during_vibration,flow_dump_0.3_0.5.shear.wave,2108,210800,210.8,0.2108,158683.45183699526,1212.52531500712,0.007641157921448955,7.641157921448955e+17,103,0.0006490909972503302,6.490909972503302e+26,1003.7046844187576,0.0,118.75614516494434,33.42467217393222,0.0,56.639813249486764,0.006325200723827178,0.0,0.0007483839290749389,0.0002106374154771168,0.0,0.0003569358530697265,5276,2362,5862,0.17496296296296296,0.43422222222222223,1,0,0
flow,0.3,0.5,0,registered,during_vibration,flow_dump_0.3_0.5.shear.wave,2109,210900,210.9,0.2109,158683.45183699526,1257.938004587568,0.007927342076474126,7.927342076474126e+17,103,0.0006490909972503302,6.490909972503302e+26,1014.4587779918675,0.0,124.95197134222622,53.31416225038227,0.0,65.2130930030928,0.006392971455107695,0.0,0.0007874291231739835,0.0003359780848802576,0.0,0.0004109634133121945,5306,2352,5842,0.17422222222222222,0.43274074074074076,1,0,0
flow,0.3,0.5,0,registered,during_vibration,flow_dump_0.3_0.5.shear.wave,2110,211000,211.0,0.211,158683.45183699526,1074.1886526796209,0.006769380425269939,6.769380425269939e+17,95,0.0005986761625124405,5.986761625124405e+26,863.3167148157189,0.0,99.5694374388789,30.4941760722058,0.0,80.80832435281711,0.005440496187986543,0.0,0.0006274720916782162,0.00019216985589354583,0.0,0.0005092422897116331,5285,2321,5894,0.17192592592592593,0.4365925925925926,1,0,0
flow,0.3,0.5,0,registered,during_vibration,flow_dump_0.3_0.5.shear.wave,2111,211100,211.1,0.21109999999999998,158683.45183699526,983.5208747049827,0.006198005294939557,6.198005294939557e+17,87,0.0005482613277745507,5.4826132777455075e+26,808.968105407985,0.0,91.46511470915623,12.7166311943452,0.0,70.3710233934965,0.005097999167795915,0.0,0.0005763998302930298,8.013835751070082e-05,0.0,0.00044346793933991224,5295,2308,5897,0.17096296296296296,0.4368148148148148,1,0,0
flow,0.3,0.5,0,registered,during_vibration,flow_dump_0.3_0.5.shear.wave,2112,211200,211.20000000000002,0.2112,158683.45183699526,1092.312906631893,0.006883596833738857,6.883596833738857e+17,96,0.0006049780168546768,6.049780168546768e+26,882.3527335256074,0.0,73.49350246649811,22.734700621809644,0.0,113.73197001797789,0.005560458405152344,0.0,0.00046314534764464916,0.0001432707718329915,0.0,0.0007167223091088731,5299,2326,5875,0.1722962962962963,0.4351851851851852,1,0,0
flow,0.3,0.5,0,registered,during_vibration,flow_dump_0.3_0.5.shear.wave,2113,211300,211.3,0.2113,158683.45183699526,1057.516644067293,0.006664315855402542,6.664315855402542e+17,89,0.0005608650364590232,5.6086503645902325e+26,893.1345823352326,6.070811406920255,80.95606546369208,21.62447925204156,0.0,55.73070560940634,0.005628404045890615,3.825736922559756e-05,0.0005101733326727273,0.00013627431847307506,0.0,0.0003512067891405256,5294,2390,5816,0.17703703703703705,0.4308148148148148,1,0,0
flow,0.3,0.5,0,registered,during_vibration,flow_dump_0.3_0.5.shear.wave,2114,211400,211.4,0.21139999999999998,158683.45183699526,1131.5730972439014,0.007131008836424164,7.131008836424164e+17,93,0.0005860724538279681,5.860724538279681e+26,958.6261637026072,0.0,83.82201170072611,23.23123939625436,0.0,65.89368244431404,0.006041122452310521,0.0,0.0005282341084111957,0.0001463998868648146,0.0,0.00041525238883763474,5298,2450,5752,0.1814814814814815,0.42607407407407405,1,0,0
flow,0.3,0.5,0,registered,during_vibration,flow_dump_0.3_0.5.shear.wave,2115,211500,211.5,0.2115,158683.45183699526,1182.244512469514,0.007450332714490944,7.450332714490944e+17,100,0.0006301854342236216,6.301854342236216e+26,979.8925069910206,0.0,80.74208288586019,10.201704311943304,0.0,111.40821828069001,0.0061751398501060945,0.0,0.0005088248456354545,6.428965461642984e-05,0.0,0.0007020783641329665,5289,2496,5715,0.18488888888888888,0.42333333333333334,1,0,0
flow,0.3,0.5,0,registered,during_vibration,flow_dump_0.3_0.5.shear.wave,2116,211600,211.6,0.21159999999999998,158683.45183699526,1125.4730923038203,0.007092567493804851,7.092567493804851e+17,94,0.0005923743081702043,5.9237430817020434e+26,955.3013530009188,6.352956705337229,92.2944473701924,0.0,0.0,71.52433522737189,0.006020169979552972,4.0035407799568106e-05,0.0005816261639241389,0.0,0.0,0.00045073594252817233,5284,2514,5702,0.18622222222222223,0.4223703703703704,1,0,0
flow,0.3,0.5,0,registered,during_vibration,flow_dump_0.3_0.5.shear.wave,2117,211700,211.70000000000002,0.2117,158683.45183699526,1163.9946237966242,0.007335324574312367,7.335324574312366e+17,99,0.0006238835798813854,6.238835798813854e+26,983.0812167442969,0.0,81.22431773837883,30.226891527904673,0.0,69.46219778604376,0.00619523463451091,0.0,0.0005118638194347767,0.00019048546762742916,0.0,0.0004377406527392507,5296,2475,5729,0.18333333333333332,0.4243703703703704,1,0,0
flow,0.3,0.5,0,registered,during_vibration,flow_dump_0.3_0.5.shear.wave,2118,211800,211.8,0.2118,158683.4518369953,1236.2798068635261,0.007790855269101861,7.790855269101861e+17,99,0.0006238835798813853,6.238835798813853e+26,1036.6077676045431,11.876812124449515,103.44312673650025,15.255849457203347,0.0,69.09625094083036,0.006532551161474479,7.48459400583859e-05,0.0006518835173989052,9.614014114637891e-05,0.0,0.00043543450902371495,5299,2442,5759,0.18088888888888888,0.4265925925925926,1,0,0
flow,0.3,0.5,0,registered,during_vibration,flow_dump_0.3_0.5.shear.wave,2119,211900,211.9,0.21189999999999998,158683.45183699526,1158.600400688684,0.007301330965996603,7.301330965996603e+17,100,0.0006301854342236216,6.301854342236216e+26,976.9372985048701,11.820644386654124,106.25256711529056,20.19798903695238,0.0,43.39190164491653,0.006156516556675434,7.449197915606644e-05,0.0006695882014492387,0.00012728478491695784,0.0,0.00027344944379890403,5298,2397,5805,0.17755555555555555,0.43,1,0,0
flow,0.3,0.5,0,registered,during_vibration,flow_dump_0.3_0.5.shear.wave,2120,212000,212.0,0.212,158683.45183699526,1105.7666134155475,0.006968380134252603,6.968380134252603e+17,95,0.0005986761625124405,5.986761625124405e+26,903.535750549788,13.452565245795821,98.9899804240247,9.53057964413042,0.0,80.25773755180843,0.00569395069296784,8.47761067084344e-05,0.0006238204379730181,6.006032471439137e-05,0.0,0.0005057725718889185,5285,2407,5808,0.17829629629629629,0.43022222222222223,1,0,0
flow,0.3,0.5,0,registered,during_vibration,flow_dump_0.3_0.5.shear.wave,2121,212100,212.1,0.21209999999999998,158683.45183699526,1141.9599231813065,0.007196465100559852,7.196465100559852e+17,96,0.0006049780168546768,6.049780168546768e+26,941.1326401624301,14.590893388793361,101.21862630428483,14.297678225188546,0.0,70.72008510060994,0.005930880815027844,9.194968485927314e-05,0.0006378650396908422,9.010188560730064e-05,0.0,0.00044566767537459345,5277,2384,5839,0.17659259259259258,0.4325185185185185,1,0,0
flow,0.3,0.5,0,registered,during_vibration,flow_dump_0.3_0.5.shear.wave,2122,212200,212.20000000000002,0.2122,158683.4518369953,1119.969426779528,0.007057884195322373,7.057884195322373e+17,99,0.0006238835798813853,6.238835798813853e+26,875.7046955166356,13.993837823455777,107.04377814692513,25.553226706186315,0.0,97.67388858632476,0.005518563437958153,8.818712765229417e-05,0.0006745742981245702,0.00016103271267652665,0.0,0.000615526618910827,5282,2354,5864,0.17437037037037037,0.43437037037037035,1,0,0
flow,0.3,0.5,0,registered,during_vibration,flow_dump_0.3_0.5.shear.wave,2123,212300,212.3,0.2123,158683.45183699526,1236.5250767150635,0.007792400923980793,7.792400923980792e+17,96,0.0006049780168546768,6.049780168546768e+26,971.0800692625098,9.769739745729323,127.6278927982207,7.119697478179704,0.0,120.92767743042387,0.006119605151140993,6.156747683914208e-05,0.0008042923904209254,4.486729646827501e-05,0.0,0.0007620686091114571,5304,2367,5829,0.17533333333333334,0.43177777777777776,1,0,0
flow,0.3,0.5,0,registered,during_vibration,flow_dump_0.3_0.5.shear.wave,2124,212400,212.4,0.21239999999999998,158683.45183699526,1035.3217720091823,0.006524447004547759,6.524447004547759e+17,89,0.0005608650364590232,5.6086503645902325e+26,829.3304647291394,0.0,119.4984575052074,7.7247741422692044,0.0,78.76807563256618,0.005226319790302106,0.0,0.0007530618733197212,4.868040147125323e-05,0.0,0.0004963849394546779,5287,2386,5827,0.17674074074074075,0.43162962962962964,1,0,0
flow,0.3,0.5,0,registered,during_vibration,flow_dump_0.3_0.5.shear.wave,2125,212500,212.5,0.2125,158683.45183699526,1077.574715415017,0.00679071889942208,6.79071889942208e+17,93,0.0005860724538279681,5.860724538279681e+26,892.1343386303488,9.000174605151965,98.99458784735675,11.391978043167452,0.0,66.05363628899202,0.0056221006557556985,5.6717789416361035e-05,0.0006238494732837498,7.179058629799444e-05,0.0,0.0004162603946682761,5287,2391,5822,0.1771111111111111,0.4312592592592593,1,0,0
flow,0.3,0.5,0,registered,during_vibration,flow_dump_0.3_0.5.shear.wave,2126,212600,212.6,0.21259999999999998,158683.4518369953,1224.0277107522252,0.007713644344021364,7.713644344021364e+17,97,0.0006112798711969128,6.1127987119691286e+26,989.3928811491793,24.48465888492688,111.21978626407564,25.1724093713381,0.0,73.75797508270546,0.0062350098242475544,0.00015429875391214897,0.0007008908930108488,0.0001586328573013146,0.0,0.00046481201554949794,5289,2408,5803,0.17837037037037037,0.4298518518518519,1,0,0
flow,0.3,0.5,0,registered,during_vibration,flow_dump_0.3_0.5.shear.wave,2127,212700,212.70000000000002,0.2127,158683.45183699526,1172.0315593193293,0.007385972171334398,7.385972171334399e+17,100,0.0006301854342236216,6.301854342236216e+26,984.5329771976236,0.0,99.93438521466202,23.320212204122292,0.0,64.243984702922,0.006204383417427594,0.0,0.0006297719394037245,0.00014696058054041805,0.0,0.00040485623396266607,5273,2380,5847,0.17629629629629628,0.4331111111111111,1,0,0
flow,0.3,0.5,0,registered,during_vibration,flow_dump_0.3_0.5.shear.wave,2128,212800,212.8,0.2128,158683.45183699526,1272.2935392624477,0.00801780856500014,8.01780856500014e+17,107,0.0006742984146192752,6.742984146192752e+26,1060.5265661711912,0.0,108.64046616402565,42.299721952618484,0.0,60.82678497461288,0.006683283946082785,0.0,0.0006846363934383318,0.0002665666864624934,0.0,0.0003833215390165328,5256,2357,5887,0.1745925925925926,0.43607407407407406,1,0,0
flow,0.3,0.5,0,registered,during_vibration,flow_dump_0.3_0.5.shear.wave,2129,212900,212.9,0.21289999999999998,158683.45183699526,1199.2735296212093,0.007557647100172371,7.557647100172371e+17,105,0.0006616947059348027,6.616947059348027e+26,1014.6210636011316,0.0,96.93538383228191,45.02745402573803,0.0,42.68962816205846,0.006393994155379119,0.0,0.0006108726695198001,0.0002837564566719388,0.0,0.0002690238186015176,5291,2347,5862,0.17385185185185184,0.43422222222222223,1,0,0
flow,0.3,0.5,0,registered,during_vibration,flow_dump_0.3_0.5.shear.wave,2130,213000,213.0,0.213,158683.4518369953,1165.5871146289483,0.007345360219579019,7.345360219579018e+17,96,0.0006049780168546767,6.0497801685467664e+26,989.3904879640241,0.0,102.67636333535904,29.964540885099254,0.0,43.55572244446526,0.006234994742743293,0.0,0.0006470514861299557,0.0001888321720898773,0.0,0.00027448181861588876,5277,2324,5899,0.17214814814814816,0.43696296296296294,1,0,0
flow,0.3,0.5,0,registered,during_vibration,flow_dump_0.3_0.5.shear.wave,2131,213100,213.1,0.21309999999999998,158683.45183699526,1081.8166248741782,0.006817450794966667,6.817450794966668e+17,92,0.0005797705994857318,5.7977059948573184e+26,892.3709945357375,6.456549587706808,101.8096780167204,23.01582210297198,0.0,58.16358063104115,0.005623592026800688,4.06882350551536e-05,0.0006415897614913405,0.00014504235845975026,0.0,0.00036653841315973295,5288,2312,5900,0.17125925925925925,0.43703703703703706,1,0,0
flow,0.3,0.5,0,registered,during_vibration,flow_dump_0.3_0.5.shear.wave,2132,213200,213.20000000000002,0.2132,158683.45183699526,1075.629524011853,0.00677846058653157,6.77846058653157e+17,91,0.0005734687451434957,5.734687451434957e+26,928.9671840771649,0.0,72.7197340290843,22.774140861133965,0.0,51.168465044470224,0.005854215882771632,0.0,0.00045826917165744756,0.00014351931847643632,0.0,0.0003224562136260567,5286,2334,5880,0.1728888888888889,0.43555555555555553,1,0,0
flow,0.3,0.5,0,registered,during_vibration,flow_dump_0.3_0.5.shear.wave,2133,213300,213.3,0.2133,158683.45183699526,1147.1815001346154,0.0072293707179563816,7.229370717956381e+17,93,0.0005860724538279681,5.860724538279681e+26,969.1837378929315,0.0,82.39294021130726,23.649190893148944,0.0,71.95563113722754,0.006107654747065297,0.0,0.0005192283080402356,0.00014903375632036383,0.0,0.00045345390653048483,5316,2398,5786,0.17762962962962964,0.4285925925925926,1,0,0
flow,0.3,0.5,0,registered,during_vibration,flow_dump_0.3_0.5.shear.wave,2134,213400,213.4,0.21339999999999998,158683.45183699526,1122.4656014303077,0.007073614724384371,7.073614724384371e+17,91,0.0005734687451434957,5.734687451434957e+26,957.0163162066217,7.083478449579703,82.69465585462758,7.132684315088804,0.0,68.53846660439,0.0060309774278776065,4.463904942562051e-05,0.0005211296760772143,4.494913762284253e-05,0.0,0.000431919433381087,5304,2454,5742,0.1817777777777778,0.42533333333333334,1,0,0
flow,0.3,0.5,0,registered,during_vibration,flow_dump_0.3_0.5.shear.wave,2135,213500,213.5,0.2135,158683.45183699526,1108.2252195153033,0.006983873911778197,6.983873911778196e+17,92,0.0005797705994857318,5.7977059948573184e+26,945.124729040928,5.688752077029746,90.59741588888778,0.0,0.0,66.81432250845796,0.005956038377661399,3.58496869785352e-05,0.0005709317187147678,0.0,0.0,0.00042105412842349674,5286,2487,5727,0.18422222222222223,0.4242222222222222,1,0,0
flow,0.3,0.5,0,registered,during_vibration,flow_dump_0.3_0.5.shear.wave,2136,213600,213.6,0.21359999999999998,158683.45183699526,1170.3273916769278,0.007375232755077232,7.375232755077233e+17,101,0.0006364872885658578,6.364872885658577e+26,981.0248503268139,0.0,90.38294514139474,6.656654987516062,0.0,92.26294122120284,0.006182275712873666,0.0,0.0005695801553033962,4.194927013784646e-05,0.0,0.0005814276167623219,5293,2510,5697,0.18592592592592594,0.422,1,0,0
flow,0.3,0.5,0,registered,during_vibration,flow_dump_0.3_0.5.shear.wave,2137,213700,213.70000000000002,0.2137,158683.4518369953,1151.9135698279802,0.007259191531901276,7.259191531901276e+17,95,0.0005986761625124404,5.986761625124404e+26,967.7904866486385,0.0,89.62325377124334,19.316506092869517,0.0,75.18332331522836,0.006098874680661622,0.0,0.000564792690943648,0.00012172980779818206,0.0,0.0004737943524978211,5300,2477,5723,0.18348148148148147,0.42392592592592593,1,0,0
flow,0.3,0.5,0,registered,during_vibration,flow_dump_0.3_0.5.shear.wave,2138,213800,213.8,0.2138,158683.45183699526,1259.592854965484,0.007937770702513948,7.937770702513948e+17,106,0.0006679965602770389,6.679965602770389e+26,1070.409092345044,10.861242875722814,96.56433150914283,19.04836831870818,0.0,62.70981991686618,0.006745562186563742,6.844597057845598e-05,0.0006085343518260292,0.00012004004260176593,0.0,0.00039518815094395426,5278,2437,5785,0.18051851851851852,0.4285185185185185,1,0,0
flow,0.3,0.5,0,registered,during_vibration,flow_dump_0.3_0.5.shear.wave,2139,213900,213.9,0.21389999999999998,158683.45183699526,1069.6643661472795,0.006740869030540582,6.740869030540582e+17,97,0.000611279871196913,6.112798711969129e+26,883.4477795360881,2.1418928022164385,103.88319842342123,17.246620337378843,0.0,62.94487504817514,0.00556735922560844,1.349789645625216e-05,0.0006546567850700235,0.0001086856892620103,0.0,0.00039666943414385855,5263,2385,5852,0.17666666666666667,0.43348148148148147,1,0,0
flow,0.3,0.5,0,registered,during_vibration,flow_dump_0.3_0.5.shear.wave,2140,214000,214.0,0.214,158683.45183699526,1122.189464750674,0.00707187455125077,7.07187455125077e+17,95,0.0005986761625124405,5.986761625124405e+26,940.0187917538592,13.305981985873588,100.96942653945372,13.433445037735355,0.0,54.461819433752254,0.005923861504597699,8.385236035539434e-05,0.000636294619070757,8.46556139422441e-05,0.0,0.0003432104532846764,5270,2386,5844,0.17674074074074075,0.4328888888888889,1,0,0
flow,0.3,0.5,0,registered,during_vibration,flow_dump_0.3_0.5.shear.wave,2141,214100,214.1,0.21409999999999998,158683.4518369953,1302.9171072260783,0.00821079382974651,8.21079382974651e+17,99,0.0006238835798813853,6.238835798813853e+26,1041.801824955312,30.465949806839845,118.59604435733179,23.333910684617223,0.0,88.71937742197669,0.006565283354344246,0.00019199197808058424,0.0007473749971052901,0.00014704690636920705,0.0,0.0005590965938471774,5263,2355,5882,0.17444444444444446,0.4357037037037037,1,0,0
flow,0.3,0.5,0,registered,during_vibration,flow_dump_0.3_0.5.shear.wave,2142,214200,214.20000000000002,0.2142,158683.45183699526,1162.734102321416,0.007327380951580344,7.327380951580344e+17,101,0.0006364872885658578,6.364872885658577e+26,911.4326386175146,25.62769999637714,108.86119899407034,24.429176949014114,0.0,92.3833877644395,0.0057437157313275965,0.00016150203250369632,0.0006860274195818229,0.00015394911483340145,0.0,0.0005821866533338252,5279,2329,5892,0.17251851851851852,0.43644444444444447,1,0,0
flow,0.3,0.5,0,registered,during_vibration,flow_dump_0.3_0.5.shear.wave,2143,214300,214.3,0.2143,158683.45183699526,1107.7183669786536,0.006980679800919239,6.980679800919238e+17,94,0.0005923743081702043,5.9237430817020434e+26,872.0434997821717,8.734499995662636,113.08703110110989,20.993479697958147,0.0,92.85985640175123,0.005495491115721145,5.504354672492879e-05,0.0007126579979951313,0.00013229785119322538,0.0,0.0005851892892848074,5300,2358,5842,0.17466666666666666,0.43274074074074076,1,0,0
flow,0.3,0.5,0,registered,during_vibration,flow_dump_0.3_0.5.shear.wave,2144,214400,214.4,0.21439999999999998,158683.45183699526,1120.5037935035705,0.007061251696582628,7.061251696582628e+17,89,0.0005608650364590232,5.6086503645902325e+26,889.1191388825235,8.785030031951724,118.46398993488273,7.069893818687596,0.0,97.06574083552493,0.005603099306132156,5.536197965353053e-05,0.0007465428093697681,4.4553441060445414e-05,0.0,0.000611694160366728,5311,2398,5791,0.17762962962962964,0.428962962962963,1,0,0
flow,0.3,0.5,0,registered,during_vibration,flow_dump_0.3_0.5.shear.wave,2145,214500,214.5,0.2145,158683.4518369953,1098.100234686394,0.006920067732169059,6.920067732169059e+17,91,0.0005734687451434956,5.7346874514349555e+26,908.6603708153632,8.507763890495685,102.14927105638448,17.641336468227102,0.0,61.14149245592349,0.005726245303440766,5.3614688816040704e-05,0.0006437298273629406,0.00011117313282514705,0.0,0.00038530477972416425,5303,2424,5773,0.17955555555555555,0.42762962962962964,1,0,0
flow,0.3,0.5,0,registered,during_vibration,flow_dump_0.3_0.5.shear.wave,2146,214600,214.6,0.21459999999999999,158683.45183699526,1075.6122709707668,0.0067783518603796835,6.778351860379684e+17,92,0.0005797705994857318,5.7977059948573184e+26,868.0097634959203,13.089877848267731,105.21882344362584,25.068636994616156,0.0,64.22516918833698,0.005470071097190196,8.249050355744766e-05,0.0006630736994031992,0.00015797889889846526,0.0,0.00040473766133037703,5294,2431,5775,0.18007407407407408,0.42777777777777776,1,0,0
flow,0.3,0.5,0,registered,during_vibration,flow_dump_0.3_0.5.shear.wave,2147,214700,214.70000000000002,0.2147,158683.45183699526,1170.707752607342,0.0073776297342581796,7.37762973425818e+17,101,0.0006364872885658578,6.364872885658577e+26,990.6828141417658,8.53700431227913,96.68374310883006,18.212204010246346,0.0,56.591987034220736,0.006243138794078081,5.379895769502554e-05,0.0006092868663340315,0.00011477065692366277,0.0,0.0003566344592273796,5282,2385,5833,0.17666666666666667,0.43207407407407405,1,0,0
flow,0.3,0.5,0,registered,during_vibration,flow_dump_0.3_0.5.shear.wave,2148,214800,214.8,0.2148,158683.45183699526,1155.1559841767287,0.007279624754844267,7.279624754844268e+17,104,0.0006553928515925665,6.553928515925665e+26,964.786001659205,0.0,107.85895799226465,32.3963537256056,0.0,50.11467079965338,0.006079940853884778,0.0,0.0006797114427726266,0.00020415710239832807,0.0,0.00031581535578853416,5280,2351,5869,0.17414814814814814,0.43474074074074076,1,0,0
flow,0.3,0.5,0,registered,during_vibration,flow_dump_0.3_0.5.shear.wave,2149,214900,214.9,0.21489999999999998,158683.4518369953,1221.3657497439317,0.007696869053482386,7.696869053482386e+17,97,0.0006112798711969128,6.1127987119691286e+26,1024.5185022856147,11.760297185059022,102.9029228079758,42.52849329698775,0.0,39.65553416829427,0.0064563663723299445,7.411167988165253e-05,0.0006484792309262404,0.000268008370152386,0.0,0.0002499034001921618,5305,2341,5854,0.1734074074074074,0.43362962962962964,1,0,0
flow,0.3,0.5,0,registered,during_vibration,flow_dump_0.3_0.5.shear.wave,2150,215000,215.0,0.215,158683.45183699526,1228.249981220255,0.007740252477504415,7.740252477504415e+17,96,0.0006049780168546768,6.049780168546768e+26,1059.269443898153,12.54915963756369,84.43739426584008,24.737585958516455,0.0,47.256397460181454,0.0066753617446277174,7.90829761533962e-05,0.0005321121597012956,0.00015589266348911858,0.0,0.000297802933532885,5293,2285,5922,0.16925925925925925,0.43866666666666665,1,0,0
flow,0.3,0.5,0,registered,during_vibration,flow_dump_0.3_0.5.shear.wave,2151,215100,215.1,0.21509999999999999,158683.45183699526,1067.7898459732858,0.006729056077442491,6.729056077442491e+17,88,0.000554563182116787,5.54563182116787e+26,891.7040595964579,0.0,100.80098168522473,24.723201798173974,0.0,50.5616028934294,0.0056193890999576,0.0,0.0006352331041347067,0.0001558020166058049,0.0,0.0003186318567443813,5299,2297,5904,0.17014814814814816,0.43733333333333335,1,0,0
flow,0.3,0.5,0,registered,during_vibration,flow_dump_0.3_0.5.shear.wave,2152,215200,215.20000000000002,0.2152,158683.45183699526,1103.5370109176458,0.006954329504069741,6.954329504069741e+17,95,0.0005986761625124405,5.986761625124405e+26,949.540999540204,0.0,70.89721603482032,32.463702052476144,0.0,50.63509329014582,0.005983869071083751,0.0,0.0004467839287214915,0.00020458152174445955,0.0,0.0003190949825200413,5285,2324,5891,0.17214814814814816,0.43637037037037035,1,0,0
flow,0.3,0.5,0,registered,during_vibration,flow_dump_0.3_0.5.shear.wave,2153,215300,215.3,0.2153,158683.45183699526,1112.6648974125449,0.007011852115213059,7.01185211521306e+17,94,0.0005923743081702043,5.9237430817020434e+26,944.396795894379,0.0,67.98566998524868,30.97316456354903,0.0,69.30926696936803,0.005951451049000962,0.0,0.00042843578960637775,0.00019518837159759834,0.0,0.000436776905008121,5291,2383,5826,0.17651851851851852,0.4315555555555556,1,0,0
flow,0.3,0.5,0,registered,during_vibration,flow_dump_0.3_0.5.shear.wave,2154,215400,215.4,0.21539999999999998,158683.45183699526,1132.6676219591432,0.007137906371753595,7.137906371753595e+17,91,0.0005734687451434957,5.734687451434957e+26,977.4553690559727,0.0,75.04152311775941,16.142460372632048,0.0,64.02826941277938,0.006159781361827484,0.0,0.0004729007483076715,0.00010172743399364732,0.0,0.00040349682762479404,5288,2445,5767,0.1811111111111111,0.42718518518518517,1,0,0
flow,0.3,0.5,0,registered,during_vibration,flow_dump_0.3_0.5.shear.wave,2155,215500,215.5,0.2155,158683.45183699526,1143.3701557194759,0.007205352180604078,7.205352180604078e+17,93,0.0005860724538279681,5.860724538279681e+26,959.9426458990507,7.7564128238882875,82.89483718085282,6.121586331526395,0.0,86.6546734841579,0.006049418731356655,4.887978383439707e-05,0.0005223911896371214,3.857734540470348e-05,0.0,0.000546085130371202,5292,2477,5731,0.18348148148148147,0.4245185185185185,1,0,0
flow,0.3,0.5,0,registered,during_vibration,flow_dump_0.3_0.5.shear.wave,2156,215600,215.6,0.21559999999999999,158683.45183699526,1165.1137876261253,0.007342377381750982,7.342377381750982e+17,93,0.0005860724538279681,5.860724538279681e+26,1007.4974582536073,0.0,75.27852102093951,7.094382035485079,0.0,75.24342631609328,0.006349102232087446,0.0,0.0004743942745729279,4.470776223580425e-05,0.0,0.0004741731128548032,5275,2494,5731,0.18474074074074073,0.4245185185185185,1,0,0
flow,0.3,0.5,0,registered,during_vibration,flow_dump_0.3_0.5.shear.wave,2157,215700,215.70000000000002,0.2157,158683.45183699526,1267.9476152422478,0.007990421184842415,7.990421184842415e+17,98,0.0006175817255391491,6.1758172553914915e+26,1038.3530818657223,7.402840650925784,103.05270366915857,48.350213454311465,0.0,70.78877560213076,0.006543549877729859,4.6651623500919424e-05,0.000649423128096669,0.0003046960026051006,0.0,0.0004461005529098728,5281,2466,5753,0.18266666666666667,0.42614814814814816,1,0,0
flow,0.3,0.5,0,registered,during_vibration,flow_dump_0.3_0.5.shear.wave,2158,215800,215.8,0.2158,158683.45183699526,1249.5832872025526,0.007874691864443211,7.874691864443212e+17,108,0.0006806002689615113,6.806002689615113e+26,1060.3443352119418,14.73733502364253,93.99273284185249,18.478569148281036,0.0,62.03031497683545,0.00668213555312095,9.287253871173154e-05,0.0005923285115980767,0.00011644925122540702,0.0,0.0003909060097870507,5264,2428,5808,0.17985185185185185,0.43022222222222223,1,0,0
flow,0.3,0.5,0,registered,during_vibration,flow_dump_0.3_0.5.shear.wave,2159,215900,215.9,0.21589999999999998,158683.45183699526,1171.793955149078,0.0073844748244623675,7.384474824462368e+17,102,0.000642789142908094,6.42789142908094e+26,985.9991045044528,5.221534253535011,110.15598421251306,18.96758480434363,0.0,51.4497473742335,0.0062136227381624064,3.2905348308774744e-05,0.0006941869674329295,0.00011953095666098657,0.0,0.00032422881389726976,5272,2375,5853,0.17592592592592593,0.4335555555555556,1,0,0
flow,0.3,0.5,0,registered,during_vibration,flow_dump_0.3_0.5.shear.wave,2160,216000,216.0,0.216,158683.4518369953,1088.9236188089749,0.006862238035554911,6.862238035554911e+17,94,0.0005923743081702042,5.923743081702042e+26,876.2991751093199,10.640855427560926,114.19823914051203,14.93320828149041,0.0,72.8521408500911,0.005522309761760681,6.705712098128261e-05,0.0007196606692033654,9.410690345222815e-05,0.0,0.00045910358015735096,5270,2374,5856,0.17585185185185184,0.43377777777777776,1,0,0
flow,0.3,0.5,0,registered,during_vibration,flow_dump_0.3_0.5.shear.wave,2161,216100,216.1,0.2161,158683.45183699526,1070.0671249439063,0.0067434071578119795,6.74340715781198e+17,93,0.0005860724538279681,5.860724538279681e+26,866.8226892267733,13.829010070541772,94.24920773477676,11.967249243239491,0.0,83.19896866857451,0.005462590328052615,8.714840716187202e-05,0.0005939447790157261,7.541586160813186e-05,0.0,0.0005243077819736311,5265,2333,5902,0.1728148148148148,0.4371851851851852,1,0,0
flow,0.3,0.5,0,registered,during_vibration,flow_dump_0.3_0.5.shear.wave,2162,216200,216.20000000000002,0.2162,158683.45183699526,1069.9219309981036,0.006742492166714156,6.742492166714156e+17,96,0.0006049780168546768,6.049780168546768e+26,833.8718115800061,7.736178812186504,110.69490747203045,18.42309737581214,0.0,99.1959357580684,0.005254938696673842,4.875227203989333e-05,0.0006975831833160512,0.00011609967619520237,0.0,0.000625118338489168,5275,2321,5904,0.17192592592592593,0.43733333333333335,1,0,0
flow,0.3,0.5,0,registered,during_vibration,flow_dump_0.3_0.5.shear.wave,2163,216300,216.3,0.2163,158683.45183699526,1202.618154074594,0.007578724436307083,7.578724436307082e+17,97,0.000611279871196913,6.112798711969129e+26,970.8212693545313,13.223901140529644,111.60581174030378,7.1905672716131415,0.0,99.77660456761716,0.006117974231817128,8.333509882374919e-05,0.000703323569334431,4.53139075837569e-05,0.0,0.000628777628748024,5301,2349,5850,0.174,0.43333333333333335,1,0,0
flow,0.3,0.5,0,registered,during_vibration,flow_dump_0.3_0.5.shear.wave,2164,216400,216.4,0.21639999999999998,158683.4518369953,1017.2205685410065,0.006410375856872133,6.410375856872133e+17,85,0.0005356576190900783,5.356576190900783e+26,820.5820251720106,11.382722534384605,118.22705166310543,0.0,0.0,67.02876917150584,0.005171188398491222,7.173225942978164e-05,0.0007450496588929262,0.0,0.0,0.000422405540058203,5305,2386,5809,0.17674074074074075,0.4302962962962963,1,0,0
flow,0.3,0.5,0,registered,during_vibration,flow_dump_0.3_0.5.shear.wave,2165,216500,216.5,0.2165,158683.45183699526,1050.0703621426173,0.006617390471322009,6.61739047132201e+17,88,0.000554563182116787,5.54563182116787e+26,858.5544548013212,12.653460661010389,108.09686064328139,12.673907975890458,0.0,58.091678061113846,0.005410485119035953,7.974026601090346e-05,0.000681210670626966,7.98691220109675e-05,0.0,0.00036608529363721864,5280,2403,5817,0.178,0.4308888888888889,1,0,0
flow,0.3,0.5,0,registered,during_vibration,flow_dump_0.3_0.5.shear.wave,2166,216600,216.6,0.2166,158683.45183699526,1209.9456936627212,0.00762490152347843,7.62490152347843e+17,105,0.0006616947059348027,6.616947059348027e+26,1012.2873936153205,18.58772733629589,99.92149580876581,22.963359593941068,0.0,56.185717308397955,0.006379287707045689,0.00011713715022653908,0.0006296907122452087,0.00014471174736940918,0.0,0.0003540742065915842,5286,2411,5803,0.17859259259259258,0.4298518518518519,1,0,0
flow,0.3,0.5,0,registered,during_vibration,flow_dump_0.3_0.5.shear.wave,2167,216700,216.70000000000002,0.2167,158683.45183699526,1158.2295476902464,0.0072989939044180675,7.298993904418067e+17,96,0.0006049780168546768,6.049780168546768e+26,973.9842550325368,5.982522149015227,103.6740963169039,18.69817466128623,0.0,55.89049953050393,0.006137906906846498,3.770098318229595e-05,0.0006533390540520965,0.00011783317318111782,0.0,0.0003522137871560574,5285,2405,5810,0.17814814814814814,0.43037037037037035,1,0,0
flow,0.3,0.5,0,registered,during_vibration,flow_dump_0.3_0.5.shear.wave,2168,216800,216.8,0.2168,158683.4518369953,1133.011046016425,0.007140070580140204,7.140070580140205e+17,93,0.000586072453827968,5.8607245382796806e+26,971.4857600782204,0.0,105.36887847654525,25.039370046646894,0.0,31.117037415012447,0.006122161755569583,0.0,0.0006640193243639767,0.00015779446285532116,0.0,0.00019609503735132296,5259,2377,5864,0.17607407407407408,0.43437037037037035,1,0,0
flow,0.3,0.5,0,registered,during_vibration,flow_dump_0.3_0.5.shear.wave,2169,216900,216.9,0.21689999999999998,158683.45183699526,1131.6398289038834,0.007131429369625387,7.131429369625386e+17,93,0.0005860724538279681,5.860724538279681e+26,901.7374714875223,0.0,117.23837977689743,42.741852051416146,0.0,69.92212558804721,0.005682618200250748,0.0,0.0007388191926737796,0.00026935292594543474,0.0,0.00044063905075542134,5283,2351,5866,0.17414814814814814,0.4345185185185185,1,0,0
flow,0.3,0.5,0,registered,during_vibration,flow_dump_0.3_0.5.shear.wave,2170,217000,217.0,0.217,158683.45183699526,1153.246463293653,0.007267591232375666,7.267591232375666e+17,93,0.0005860724538279681,5.860724538279681e+26,966.9342636276086,7.035459961206338,113.01805200324424,20.571194246144497,0.0,45.68749345544956,0.006093478887898624,4.43364439061572e-05,0.0007122233017677231,0.00012963666978505037,0.0,0.00028791592901811355,5284,2308,5908,0.17096296296296296,0.43762962962962965,1,0,0
flow,0.3,0.5,0,registered,during_vibration,flow_dump_0.3_0.5.shear.wave,2171,217100,217.1,0.2171,158683.45183699526,1151.9525797549506,0.007259437366778946,7.259437366778947e+17,87,0.0005482613277745507,5.4826132777455075e+26,961.5162493550962,7.012877448607456,88.21275803617905,36.04539709158914,0.0,59.165297823478596,0.006059335351129093,4.419413220107733e-05,0.0005559039522709276,0.00022715284217925968,0.0,0.0003728510889985875,5278,2312,5910,0.17125925925925925,0.43777777777777777,1,0,0
flow,0.3,0.5,0,registered,during_vibration,flow_dump_0.3_0.5.shear.wave,2172,217200,217.20000000000002,0.21719999999999998,158683.45183699526,1163.1437432338232,0.0073299624489429555,7.329962448942956e+17,93,0.0005860724538279681,5.860724538279681e+26,1002.3693122971871,0.0,81.00283736032722,25.937089304752597,0.0,53.8345042715568,0.0063167854032243585,0.0,0.0005104680823526321,0.00016345175886012367,0.0,0.00033925720450584437,5275,2342,5883,0.1734814814814815,0.43577777777777776,1,0,0
flow,0.3,0.5,0,registered,during_vibration,flow_dump_0.3_0.5.shear.wave,2173,217300,217.3,0.2173,158683.45183699526,1143.7646852547286,0.007207838448268951,7.207838448268951e+17,97,0.000611279871196913,6.112798711969129e+26,958.568657900364,0.0,99.01941953019447,21.816246456512033,0.0,64.3603613676579,0.00604076005912095,0.0,0.0006240059589320655,0.00013748280746326582,0.0,0.00040558962275266696,5286,2406,5808,0.17822222222222223,0.43022222222222223,1,0,0
flow,0.3,0.5,0,registered,during_vibration,flow_dump_0.3_0.5.shear.wave,2174,217400,217.4,0.21739999999999998,158683.45183699526,1139.963809187617,0.007183885880921122,7.183885880921121e+17,92,0.0005797705994857318,5.7977059948573184e+26,984.7418593592242,0.0,68.4764079008658,18.62004265867369,0.0,68.12549926885322,0.006205699762384692,0.0,0.0004315283484708094,0.00011734079668118636,0.0,0.0004293169733844328,5280,2464,5756,0.18251851851851852,0.42637037037037034,1,0,0
flow,0.3,0.5,0,registered,during_vibration,flow_dump_0.3_0.5.shear.wave,2175,217500,217.5,0.2175,158683.45183699526,1187.4548979260087,0.00748316780470468,7.48316780470468e+17,96,0.0006049780168546768,6.049780168546768e+26,1001.1797556747761,0.0,84.29649033719647,0.0,0.0,101.9786519140357,0.006309288990658081,0.0,0.0005312242036667348,0.0,0.0,0.0006426546103798614,5278,2492,5730,0.18459259259259259,0.42444444444444446,1,0,0
flow,0.3,0.5,0,registered,during_vibration,flow_dump_0.3_0.5.shear.wave,2176,217600,217.6,0.2176,158683.45183699526,1110.629345564737,0.006999024363962104,6.999024363962104e+17,94,0.0005923743081702043,5.9237430817020434e+26,947.0138508482006,0.0,80.27613954420065,9.345954178260836,0.0,73.99340099407485,0.005967943348125573,0.0,0.0005058885385645813,5.889684192061376e-05,0.0,0.00046629563535133614,5284,2494,5722,0.18474074074074073,0.42385185185185187,1,0,0
flow,0.3,0.5,0,registered,during_vibration,flow_dump_0.3_0.5.shear.wave,2177,217700,217.70000000000002,0.21769999999999998,158683.45183699526,1132.8125949977943,0.007138819970726726,7.138819970726726e+17,92,0.0005797705994857318,5.7977059948573184e+26,991.751306679043,2.728597071723852,72.5875828087241,19.813525733292252,0.0,45.93158270501129,0.006249872278413768,1.719522130465598e-05,0.00045743637391558884,0.0001248619531773568,0.0,0.00028945414391535725,5290,2472,5738,0.1831111111111111,0.42503703703703705,1,0,0
flow,0.3,0.5,0,registered,during_vibration,flow_dump_0.3_0.5.shear.wave,2178,217800,217.8,0.2178,158683.45183699526,1168.0961022936915,0.007361171494388699,7.361171494388699e+17,102,0.000642789142908094,6.42789142908094e+26,989.3269257978299,0.0,93.95143282992522,22.405080325957947,0.0,62.412663339978295,0.00623459418323026,0.0,0.0005920682449385785,0.0001411935527402893,0.0,0.0003933155134795693,5270,2431,5799,0.18007407407407408,0.4295555555555556,1,0,0
flow,0.3,0.5,0,registered,during_vibration,flow_dump_0.3_0.5.shear.wave,2179,217900,217.9,0.21789999999999998,158683.4518369953,1222.741884797847,0.007705541256147405,7.705541256147405e+17,103,0.0006490909972503301,6.490909972503302e+26,1032.7677104039979,10.623171939244571,103.35112769987151,17.920279076005357,0.0,58.07959567872743,0.006508351680330787,6.694568221365031e-05,0.0006513037528704448,0.00011293098850920914,0.0,0.0003660091522233122,5265,2380,5855,0.17629629629629628,0.4337037037037037,1,0,0
flow,0.3,0.5,0,registered,during_vibration,flow_dump_0.3_0.5.shear.wave,2180,218000,218.0,0.218,158683.45183699526,1051.6644484610983,0.006627436171110028,6.627436171110028e+17,86,0.0005419594734323146,5.419594734323146e+26,854.7857029847371,15.535186708047013,104.81049658489555,13.072131617232598,0.0,63.46093056618608,0.005386734994035802,9.79004838135564e-05,0.0006605004830154581,8.237866939434058e-05,0.0,0.00039992154085087073,5248,2368,5884,0.1754074074074074,0.4358518518518519,1,0,0
flow,0.3,0.5,0,registered,during_vibration,flow_dump_0.3_0.5.shear.wave,2181,218100,218.1,0.2181,158683.45183699526,1051.2882948346116,0.006625065705745605,6.625065705745605e+17,89,0.0005608650364590232,5.6086503645902325e+26,852.2368280170488,7.185445732942986,99.51728982526897,16.86924354928805,0.0,75.47948771006303,0.005370672355252858,4.528163239304945e-05,0.0006271434650129513,0.00010630751571132118,0.0,0.0004756607373754258,5236,2343,5921,0.17355555555555555,0.4385925925925926,1,0,0
flow,0.3,0.5,0,registered,during_vibration,flow_dump_0.3_0.5.shear.wave,2182,218200,218.20000000000002,0.21819999999999998,158683.45183699526,1100.5485095035135,0.006935496403456312,6.935496403456312e+17,98,0.0006175817255391491,6.1758172553914915e+26,869.2925781571892,16.790531234750233,110.1567496612987,27.489842875919585,0.0,76.81880757435532,0.005478155208333598,0.00010581148217016357,0.000694191791179683,0.00017323698569500514,0.0,0.0004841009360778594,5258,2323,5919,0.17207407407407407,0.43844444444444447,1,0,0
flow,0.3,0.5,0,registered,during_vibration,flow_dump_0.3_0.5.shear.wave,2183,218300,218.3,0.2183,158683.4518369953,1108.3363216807838,0.006984574061442162,6.984574061442162e+17,93,0.000586072453827968,5.8607245382796806e+26,890.4847174404769,13.841075706213811,106.0833484525501,6.738135895166275,0.0,91.1890441863771,0.005611704983297258,8.722444304042369e-05,0.0006685218100846603,4.246275094953129e-05,0.0,0.0005746600740702906,5281,2367,5852,0.17533333333333334,0.43348148148148147,1,0,0
flow,0.3,0.5,0,registered,during_vibration,flow_dump_0.3_0.5.shear.wave,2184,218400,218.4,0.21839999999999998,158683.45183699526,1150.8739638479767,0.007252640086441978,7.252640086441978e+17,91,0.0005734687451434957,5.734687451434957e+26,928.3502809855812,7.058990179480652,123.57105992857181,0.0,0.0,91.89363275434302,0.0058503282493451965,4.448472791436295e-05,0.000778726820585602,0.0,0.0,0.0005791002885968167,5286,2394,5820,0.17733333333333334,0.4311111111111111,1,0,0
flow,0.3,0.5,0,registered,during_vibration,flow_dump_0.3_0.5.shear.wave,2185,218500,218.5,0.2185,158683.45183699526,1213.9336773315893,0.007650033215678853,7.650033215678853e+17,99,0.0006238835798813854,6.238835798813854e+26,1002.9030188054653,10.003312360531101,112.45695426670456,24.221921631400612,0.0,64.34847026748724,0.006320148743901031,6.303941743595813e-05,0.0007086873455602917,0.00015264302201014728,0.0,0.00040551468677142255,5271,2430,5799,0.18,0.4295555555555556,1,0,0
flow,0.3,0.5,0,registered,during_vibration,flow_dump_0.3_0.5.shear.wave,2186,218600,218.6,0.2186,158683.45183699526,1302.215084696444,0.008206369786019787,8.206369786019788e+17,103,0.0006490909972503302,6.490909972503302e+26,1068.7489106411535,3.5886183317313476,125.52099337352587,35.843615339066254,0.0,68.51294701096761,0.0067350999632841795,2.2614950016449677e-05,0.0007910150171327573,0.00022588124296593932,0.0,0.000431758612620466,5258,2436,5806,0.18044444444444444,0.43007407407407405,1,0,0
flow,0.3,0.5,0,registered,during_vibration,flow_dump_0.3_0.5.shear.wave,2187,218700,218.70000000000002,0.21869999999999998,158683.4518369953,1145.5170045073862,0.007218881308960294,7.218881308960294e+17,100,0.0006301854342236215,6.301854342236214e+26,957.3974727560224,6.492233035871958,109.88974592540539,26.23510247332662,0.0,45.50245031676,0.006033379420933517,4.091310694791911e-05,0.0006925091725272504,0.00016532979444054541,0.0,0.0002867498141110616,5256,2405,5839,0.17814814814814814,0.4325185185185185,1,0,0
flow,0.3,0.5,0,registered,during_vibration,flow_dump_0.3_0.5.shear.wave,2188,218800,218.8,0.2188,158683.45183699526,1139.350205386532,0.007180019039142841,7.180019039142842e+17,93,0.0005860724538279681,5.860724538279681e+26,934.9490823225503,13.022408964182997,105.56097341149508,31.33136348946259,0.0,54.486377198841055,0.005891912934204129,8.206532447731244e-05,0.0006652298786639121,0.00019744568905425105,0.0,0.00034336521274323686,5222,2376,5902,0.176,0.4371851851851852,1,0,0
flow,0.3,0.5,0,registered,during_vibration,flow_dump_0.3_0.5.shear.wave,2189,218900,218.9,0.21889999999999998,158683.45183699526,1174.6497415003564,0.00740247157408067,7.40247157408067e+17,92,0.0005797705994857318,5.7977059948573184e+26,981.6598148568979,15.737041564229571,109.64968306640282,36.44857208908987,0.0,31.15462992373638,0.006186277166854742,9.917254371549193e-05,0.0006909963313568355,0.00022969359228794075,0.0,0.00019633193986566045,5265,2350,5885,0.17407407407407408,0.43592592592592594,1,0,0
flow,0.3,0.5,0,registered,during_vibration,flow_dump_0.3_0.5.shear.wave,2190,219000,219.0,0.219,158683.45183699526,1148.3375091774749,0.007236655718562791,7.23665571856279e+17,91,0.0005734687451434957,5.734687451434957e+26,971.228699047737,3.027935628075559,94.90605558836442,27.004486429811614,0.0,52.1703324834862,0.006120541794398413,1.9081609285799706e-05,0.0005980841385140461,0.00017017834006756728,0.0,0.0003287698362969646,5251,2310,5939,0.1711111111111111,0.43992592592592594,1,0,0
flow,0.3,0.5,0,registered,during_vibration,flow_dump_0.3_0.5.shear.wave,2191,219100,219.1,0.2191,158683.4518369953,1078.7805655314482,0.006798317991214397,6.798317991214397e+17,90,0.0005671668908012594,5.671668908012594e+26,896.6848749554941,7.228008704136746,102.62860789625239,25.309288198146064,0.0,46.92978577741897,0.005650777472855818,4.554985803788531e-05,0.000646750538308656,0.00015949544773039457,0.0,0.0002957446742816431,5260,2313,5927,0.17133333333333334,0.43903703703703706,1,0,0
flow,0.3,0.5,0,registered,during_vibration,flow_dump_0.3_0.5.shear.wave,2192,219200,219.20000000000002,0.21919999999999998,158683.45183699526,1121.97643095034,0.0070705320432710925,7.070532043271092e+17,96,0.0006049780168546768,6.049780168546768e+26,956.6592166776207,0.0,91.46867075685212,24.268070250501488,0.0,49.58047326536511,0.006028727038660161,0.0,0.0005764222399876433,0.00015293384388581632,0.0,0.0003124489207374677,5256,2358,5886,0.17466666666666666,0.436,1,0,0
flow,0.3,0.5,0,registered,during_vibration,flow_dump_0.3_0.5.shear.wave,2193,219300,219.3,0.2193,158683.45183699526,1150.6868624396036,0.007251461000619183,7.251461000619183e+17,99,0.0006238835798813854,6.238835798813854e+26,995.9006210415318,0.0,70.3208469243422,21.383895168906534,0.0,63.081499304822394,0.006276020653146322,0.0,0.00044315173453989416,0.00013475819262409768,0.0,0.00039753042030886583,5261,2421,5818,0.17933333333333334,0.43096296296296294,1,0,0
flow,0.3,0.5,0,registered,during_vibration,flow_dump_0.3_0.5.shear.wave,2194,219400,219.4,0.21939999999999998,158683.45183699526,1086.610398940314,0.006847660460881045,6.847660460881046e+17,88,0.000554563182116787,5.54563182116787e+26,941.702775806665,7.024876445014888,72.76851259906407,13.601549328447557,0.0,51.51268476112291,0.00593447372681313,4.4269748128689985e-05,0.00045857656710048266,8.571498269661733e-05,0.0,0.0003246254361421278,5256,2469,5775,0.18288888888888888,0.42777777777777776,1,0,0
flow,0.3,0.5,0,registered,during_vibration,flow_dump_0.3_0.5.shear.wave,2195,219500,219.5,0.2195,158683.45183699526,1113.7098558747973,0.007018437291235862,7.018437291235862e+17,88,0.000554563182116787,5.54563182116787e+26,962.8804974278041,2.3838147936509104,81.2639603385259,6.708188022300623,0.0,60.47339529251529,0.006067932643769975,1.502245360845592e-05,0.0005121136413266511,4.2274023816872156e-05,0.0,0.00038109452871390464,5266,2484,5750,0.184,0.42592592592592593,1,0,0
flow,0.3,0.5,0,registered,during_vibration,flow_dump_0.3_0.5.shear.wave,2196,219600,219.6,0.2196,158683.45183699526,1095.5814099847269,0.006904194465785527,6.904194465785527e+17,87,0.0005482613277745507,5.4826132777455075e+26,950.9083808362889,0.0,71.36105726848295,4.066812258133682,0.0,69.24515962182113,0.005992486108841976,0.0,0.00044970698861395656,2.5628458487979217e-05,0.0,0.0004363729098416134,5276,2499,5725,0.18511111111111112,0.42407407407407405,1,0,0
flow,0.3,0.5,0,registered,during_vibration,flow_dump_0.3_0.5.shear.wave,2197,219700,219.70000000000002,0.21969999999999998,158683.45183699526,1111.1207665500735,0.007002121227432414,7.002121227432415e+17,94,0.0005923743081702043,5.9237430817020434e+26,939.2551754308711,0.0,83.88778302727516,28.578502887382513,0.0,59.39930520454466,0.005919049305756874,0.0,0.0005286485897310036,0.00018009756251546172,0.0,0.000374325769429074,5275,2474,5751,0.18325925925925926,0.426,1,0,0
flow,0.3,0.5,0,registered,during_vibration,flow_dump_0.3_0.5.shear.wave,2198,219800,219.8,0.2198,158683.4518369953,1271.3884789858773,0.008012105006966247,8.012105006966248e+17,103,0.0006490909972503301,6.490909972503302e+26,1070.4782077001212,14.90166236989217,92.89854014546331,16.88877612184308,0.0,76.22129264855735,0.0067459977414642495,9.390810571224298e-05,0.0005854330686030933,0.0001064306071384921,0.0,0.00048033548404816844,5277,2448,5775,0.18133333333333335,0.42777777777777776,1,0,0
flow,0.3,0.5,0,registered,during_vibration,flow_dump_0.3_0.5.shear.wave,2199,219900,219.9,0.21989999999999998,158683.45183699526,1195.027192928338,0.007530887304845803,7.530887304845804e+17,99,0.0006238835798813854,6.238835798813854e+26,1016.7903391009573,10.39708414968182,104.87614463332905,11.041743134809268,0.0,51.92188190956047,0.006407664613607203,6.552090989526772e-05,0.0006609141874545381,6.958345691995471e-05,0.0,0.0003272041369688397,5262,2417,5821,0.17903703703703705,0.43118518518518517,1,0,0
flow,0.3,0.5,0,registered,during_vibration,flow_dump_0.3_0.5.shear.wave,2200,220000,220.0,0.22,158683.45183699526,1046.6384293439658,0.006595762930712563,6.595762930712563e+17,85,0.0005356576190900784,5.356576190900784e+26,860.3955066494327,20.96857368969968,102.64681595727775,14.606757953081384,0.0,48.020775094474125,0.005422087159619257,0.00013214089715693402,0.0006468652828570925,9.204966103261931e-05,0.0,0.0003026199300466605,5262,2396,5842,0.1774814814814815,0.43274074074074076,1,0,0
flow,0.3,0.5,0,registered,after_removal,flow_dump_0.3_0.5.shear.wave,2240,224000,224.0,0.22399999999999998,158683.4518369953,1340.0042034551273,0.008444511308158474,8.444511308158474e+17,118,0.0007436188123838733,7.436188123838734e+26,1151.8923571075236,6.653007638929744,79.92960296356877,34.999741933545394,0.0,66.52949381155973,0.007259057852426756,4.192628507832012e-05,0.0005037047155091825,0.00022056327568105997,0.0,0.00041925917946315506,5290,2660,5550,0.19703703703703704,0.4111111111111111,0,0,0
flow,0.3,0.5,0,registered,after_removal,flow_dump_0.3_0.5.shear.wave,2245,224500,224.5,0.22449999999999998,158683.45183699526,1384.8488603872356,0.008727115804172176,8.727115804172175e+17,119,0.0007499206667261097,7.499206667261097e+26,1115.7336659828309,0.0,75.90927575349417,47.22469267781499,0.0,145.98122597309523,0.007031191047753034,0.0,0.00047836919902316354,0.00029760313461245927,0.0,0.0009199524227835165,5259,2638,5603,0.19540740740740742,0.41503703703703704,0,0,0
flow,0.3,0.5,0,registered,after_removal,flow_dump_0.3_0.5.shear.wave,2250,225000,225.0,0.22499999999999998,158683.45183699526,1302.8643743230205,0.008210461514672397,8.210461514672397e+17,115,0.0007247132493571648,7.247132493571648e+26,1035.8769312166805,15.700534928800787,79.89398495646992,57.022362786024175,0.0,114.37056043504582,0.006527945537010164,9.894248421649462e-05,0.0005034802560164849,0.00035934662452767526,0.0,0.0007207466129015831,5224,2622,5654,0.1942222222222222,0.4188148148148148,0,0,0
flow,0.3,0.5,0,registered,after_removal,flow_dump_0.3_0.5.shear.wave,2255,225500,225.5,0.22549999999999998,158683.4518369953,1414.1766008484988,0.008911934952745962,8.911934952745962e+17,115,0.0007247132493571647,7.247132493571647e+26,1171.2164689789986,16.548257474785522,89.29665728730171,37.13584269611357,0.0,99.97937441129952,0.0073808355907338695,0.00010428470822392004,0.0005627345274731615,0.00023402467154710432,0.0,0.0006300554547679081,5172,2573,5755,0.1905925925925926,0.4262962962962963,0,0,0
flow,0.3,0.5,0,registered,after_removal,flow_dump_0.3_0.5.shear.wave,2260,226000,226.0,0.22599999999999998,158683.45183699526,1226.5011012355487,0.007729231290578744,7.729231290578744e+17,116,0.0007310151036994011,7.310151036994011e+26,978.3088106415194,23.083604592058673,84.28090007886095,38.198348174084586,0.0,102.62943774902533,0.006165159626389207,0.0001454695138329288,0.0005311259561295465,0.00024072042630710579,0.0,0.0006467557679199567,5120,2558,5822,0.18948148148148147,0.4312592592592593,0,0,0
flow,0.3,0.5,0,registered,after_removal,flow_dump_0.3_0.5.shear.wave,2265,226500,226.5,0.22649999999999998,158683.45183699526,1231.7750897175674,0.007762467197795057,7.762467197795057e+17,104,0.0006553928515925665,6.553928515925665e+26,1027.2560367262092,22.49067259123821,81.24644947014744,23.278117803126694,0.0,77.503813126846,0.0064736179156314275,0.00014173294272890754,0.000512003290384724,0.0001466953077567201,0.0,0.0004884177412932787,5098,2590,5812,0.19185185185185186,0.4305185185185185,0,0,0
flow,0.3,0.5,0,registered,after_removal,flow_dump_0.3_0.5.shear.wave,2270,227000,227.0,0.22699999999999998,158683.45183699526,1384.59871595769,0.008725539430412658,8.725539430412658e+17,112,0.0007058076863304561,7.058076863304562e+26,1224.1162882475314,17.842843255523,81.07210686911718,18.1313659213465,0.0,43.43611166417189,0.007714202546494785,0.0001124429992476578,0.0005109046087073846,0.00011426122706211119,0.0,0.00027372804890071875,5097,2625,5778,0.19444444444444445,0.428,0,0,0
flow,0.3,0.5,0,registered,after_removal,flow_dump_0.3_0.5.shear.wave,2275,227500,227.5,0.22749999999999998,158683.45183699526,1538.9257393171329,0.009698085852694752,9.698085852694752e+17,127,0.0008003355014639994,8.003355014639994e+26,1375.5645453697175,7.164234556190341,74.13860811433199,40.32707167312037,0.0,41.73127960377225,0.00866860740326434,4.514796264672685e-05,0.0004672107094726522,0.0002541353317329247,0.0,0.0002629844455781058,5175,2625,5700,0.19444444444444445,0.4222222222222222,0,0,0
flow,0.3,0.5,0,registered,after_removal,flow_dump_0.3_0.5.shear.wave,2280,228000,228.0,0.22799999999999998,158683.45183699526,1311.4128292973119,0.008264332632771546,8.264332632771546e+17,119,0.0007499206667261097,7.499206667261097e+26,1125.5728478470303,0.0,73.82829289830879,32.63255190588206,0.0,79.3791366460911,0.007093196138707992,0.0,0.00046525514818109443,0.00020564558892633157,0.0,0.0005002357569561312,5176,2644,5680,0.19585185185185186,0.42074074074074075,0,0,0
flow,0.3,0.5,0,registered,after_removal,flow_dump_0.3_0.5.shear.wave,2285,228500,228.5,0.22849999999999998,158683.45183699526,1406.9510086544767,0.008866400323202838,8.866400323202838e+17,125,0.000787731792779527,7.87731792779527e+26,1203.306081295578,0.0,80.84348074018892,37.29653539551466,0.0,85.5049112231951,0.007583059653451784,0.0,0.0005094638401440494,0.0002350373335325908,0.0,0.0005388394960744141,5212,2638,5650,0.19540740740740742,0.4185185185185185,0,0,0
flow,0.3,0.5,0,registered,after_removal,flow_dump_0.3_0.5.shear.wave,2290,229000,229.0,0.22899999999999998,158683.45183699526,1376.7486032408153,0.008676069163500777,8.676069163500777e+17,118,0.0007436188123838735,7.436188123838735e+26,1086.0660450502594,4.657976606327619,78.12881995066365,29.52910127750929,0.0,178.36666035605506,0.006844230021955291,2.935389010262042e-05,0.0004923564432598813,0.0001860880951080049,0.0,0.001124040713074978,5192,2608,5700,0.19318518518518518,0.4222222222222222,0,0,0
flow,0.3,0.5,0,registered,after_removal,flow_dump_0.3_0.5.shear.wave,2295,229500,229.5,0.22949999999999998,158683.45183699526,1668.78239624038,0.010516423589994797,1.0516423589994797e+18,120,0.0007562225210683459,7.56222521068346e+26,1381.857089619618,19.528158081134396,83.31405198062316,68.17618891449904,0.0,115.90690764450589,0.008708262100569289,0.00012306360779947204,0.0005250330202433838,0.00042963641214795233,0.0,0.0007304284492347015,5191,2615,5694,0.1937037037037037,0.42177777777777775,0,0,0
flow,0.3,0.5,0,registered,after_removal,flow_dump_0.3_0.5.shear.wave,2300,230000,230.0,0.22999999999999998,158683.45183699526,1628.7602534332252,0.01026420987555993,1.026420987555993e+18,116,0.0007310151036994011,7.310151036994011e+26,1308.6290020302345,0.0,61.21029217942429,109.20933864733212,0.0,149.71162057623516,0.00824678935882048,0.0,0.0003857383455604525,0.0006882213449674353,0.0,0.0009434608262115684,5223,2597,5680,0.19237037037037036,0.42074074074074075,0,0,0
