region,amplitude_A,frequency_THz,is_baseline,coordinate_treatment,analysis_stage,filename,frame,timestep,time_ps,strain_xy,cell_volume_A3,total_line_length_A,dislocation_density_A-2,dislocation_density_m-2,segment_count,segment_number_density_A-3,segment_number_density_m-3,shockley_length_A,perfect_length_A,stair_rod_length_A,hirth_length_A,frank_length_A,other_length_A,shockley_density_A-2,perfect_density_A-2,stair_rod_density_A-2,hirth_density_A-2,frank_density_A-2,other_density_A-2,fcc_count,hcp_count,other_atom_count,hcp_fraction,other_atom_fraction,coherent_correction_applied,has_PE,has_KE
flow,0.5,0.5,0,registered,before,flow_dump_0.5_0.5.shear.wave,1850,185000,185.0,0.185,158683.45183699526,1441.826292300768,0.00908617928088594,9.086179280885939e+17,126,0.0007940336471217632,7.940336471217631e+26,1167.4654380944578,4.603785611908546,121.82863208346481,44.556678307427724,0.0,103.37175820350976,0.007357197140466265,2.9012386349130486e-05,0.0007677462941038811,0.00028078969666728564,0.0,0.0006514337632993802,5939,3062,4499,0.2268148148148148,0.33325925925925926,0,1,1
flow,0.5,0.5,0,registered,before,flow_dump_0.5_0.5.shear.wave,1855,185500,185.5,0.1855,158683.45183699526,1437.2295380341995,0.009057211205050972,9.057211205050972e+17,125,0.000787731792779527,7.87731792779527e+26,1161.7754451855296,6.342864394528773,133.7958539195755,24.720090279973533,0.0,110.59528425459212,0.0073213396339458425,3.997180752687663e-05,0.0008431619829962794,0.0001557824082713225,0.0,0.0006969553723106499,5928,3069,4503,0.22733333333333333,0.33355555555555555,0,1,1
flow,0.5,0.5,0,registered,before,flow_dump_0.5_0.5.shear.wave,1860,186000,186.0,0.186,158683.45183699526,4975.515810919432,0.03135497591790757,3.135497591790757e+18,135,0.0008507503362018892,8.507503362018892e+26,3685.6746195561204,0.0,448.83295727585386,257.259246710078,0.0,583.7489873773791,0.02322658460531955,0.0,0.0028284799207475616,0.001621210300960323,0.0,0.00367870109088013,5915,3025,4560,0.22407407407407406,0.3377777777777778,0,1,1
flow,0.5,0.5,0,registered,before,flow_dump_0.5_0.5.shear.wave,1865,186500,186.5,0.1865,158683.45183699526,1704.3169668455046,0.0107403572780622,1.07403572780622e+18,122,0.0007688262297528183,7.688262297528184e+26,1352.8907364199413,0.0,161.42633713868145,67.77793029904024,0.0,122.22196298784144,0.008525720361879159,0.0,0.001017285263648687,0.0004271266443627903,0.0,0.0007702250081715626,5911,3021,4568,0.22377777777777777,0.3383703703703704,0,1,1
flow,0.5,0.5,0,registered,before,flow_dump_0.5_0.5.shear.wave,1870,187000,187.0,0.187,158683.45183699526,1550.0191724865495,0.009767995052683748,9.767995052683748e+17,129,0.0008129392101484719,8.129392101484719e+26,1208.4069916005535,6.442923376896207,156.38005819092385,52.4617493373733,0.0,126.32744998080318,0.007615204847206551,4.0602364659388584e-05,0.0009854843487496255,0.00033060630286303386,0.0,0.0007960971892051529,5916,3027,4557,0.2242222222222222,0.33755555555555555,0,1,1
flow,0.5,0.5,0,registered,before,flow_dump_0.5_0.5.shear.wave,1875,187500,187.5,0.1875,158683.45183699526,1536.1960074072153,0.009680883479805098,9.680883479805098e+17,131,0.0008255429188329443,8.255429188329443e+26,1202.2306791004264,7.870538299511893,144.28804290422232,62.24720794551858,0.0,119.55953915753562,0.007576282625458617,4.959898595851547e-05,0.0009092822297087389,0.000392272837683547,0.0,0.0007534468009956768,5888,3011,4601,0.22303703703703703,0.3408148148148148,0,1,1
flow,0.5,0.5,0,registered,before,flow_dump_0.5_0.5.shear.wave,1880,188000,188.0,0.188,158683.45183699526,1497.927042607647,0.009439718037810053,9.439718037810053e+17,126,0.0007940336471217632,7.940336471217631e+26,1221.3909315814399,5.9249625163137605,139.40151732368602,37.20419762059687,0.0,94.00543356561074,0.007697027745754433,3.733825076101869e-05,0.0008784880572605878,0.00023445543432477268,0.0,0.0005924085497092422,5867,2993,4640,0.2217037037037037,0.3437037037037037,0,1,1
flow,0.5,0.5,0,registered,before,flow_dump_0.5_0.5.shear.wave,1885,188500,188.5,0.1885,158683.45183699526,1533.7373097756965,0.009665389125459665,9.665389125459665e+17,128,0.0008066373558062356,8.066373558062357e+26,1190.2230546991996,5.014848463179432,151.90362676925645,28.928189075994343,0.0,157.66759076806719,0.007500612325485804,3.160284456334392e-05,0.0009572745299572682,0.0001823012339415852,0.0,0.0009935981915116668,5835,3005,4660,0.2225925925925926,0.3451851851851852,0,1,1
flow,0.5,0.5,0,registered,before,flow_dump_0.5_0.5.shear.wave,1890,189000,189.0,0.189,158683.4518369953,1488.4590490642256,0.009380052121586177,9.380052121586177e+17,121,0.000762524375410582,7.62524375410582e+26,1203.1402573759274,0.0,167.0499310768173,9.040746322285841,0.0,109.22811428919475,0.007582014655263685,0.0,0.0010527243335267016,5.697346646815312e-05,0.0,0.0006883396663276355,5870,3010,4620,0.22296296296296297,0.3422222222222222,0,1,1
flow,0.5,0.5,0,registered,before,flow_dump_0.5_0.5.shear.wave,1895,189500,189.5,0.1895,158683.45183699526,1497.1161961776575,0.009434608201714337,9.434608201714337e+17,129,0.0008129392101484719,8.129392101484719e+26,1212.6033220505008,10.534191187355,132.72377370722762,30.244553758185795,0.0,111.0103554743877,0.007641649510474009,6.638493847597959e-05,0.0008364058896548693,0.0001905967724300198,0.0,0.000699571090679456,5912,3016,4572,0.22340740740740742,0.33866666666666667,0,1,1
flow,0.5,0.5,0,registered,before,flow_dump_0.5_0.5.shear.wave,1900,190000,190.0,0.19,158683.45183699526,1501.7487813824728,0.009463802078903082,9.463802078903082e+17,126,0.0007940336471217632,7.940336471217631e+26,1205.5387239756446,11.467998671675558,139.27213712580374,44.83362218934846,0.0,100.63629942000073,0.007597129442419823,7.226965722585777e-05,0.0008776727220987639,0.00028253495667212355,0.0,0.0006341953004865156,5911,3054,4535,0.2262222222222222,0.3359259259259259,0,1,1
flow,0.5,0.5,0,registered,during_vibration,flow_dump_0.5_0.5.shear.wave,1910,191000,191.0,0.191,158683.45183699526,574.1688975966871,0.0036183287604966636,3.6183287604966637e+17,52,0.00032769642579628326,3.276964257962832e+26,502.6269390039164,0.0,56.81822840380978,4.3666716473712475,0.0,10.357058541589844,0.003167481758086728,0.0,0.00035806019938471777,2.7518128682106268e-05,0.0,6.526867434311264e-05,3412,1243,8845,0.09207407407407407,0.6551851851851852,1,1,1
flow,0.5,0.5,0,registered,during_vibration,flow_dump_0.5_0.5.shear.wave,1911,191100,191.1,0.1911,158683.45183699526,473.31085484036817,0.0029827360658033096,2.9827360658033094e+17,42,0.00026467788237392105,2.6467788237392104e+26,428.503336730131,0.0,22.594941415315688,0.0,0.0,22.212576694921474,0.002700365613235484,0.0,0.00014239002967068008,0.0,0.0,0.00013998042289714588,3386,1185,8929,0.08777777777777777,0.6614074074074074,1,1,1
flow,0.5,0.5,0,registered,during_vibration,flow_dump_0.5_0.5.shear.wave,1912,191200,191.20000000000002,0.19119999999999998,158683.45183699526,467.9428115482465,0.0029489074388735406,2.9489074388735405e+17,40,0.00025207417368944865,2.5207417368944864e+26,428.3329324547345,0.0,2.9753941082692146,15.162951274690199,0.0,21.471533710552592,0.00269929175031264,0.0,1.8750500281060405e-05,9.555471033152259e-05,0.0,0.00013531047794831713,3548,1199,8753,0.08881481481481482,0.6483703703703704,1,1,1
flow,0.5,0.5,0,registered,during_vibration,flow_dump_0.5_0.5.shear.wave,1913,191300,191.3,0.1913,158683.45183699526,508.4056843316607,0.003203898569423051,3.203898569423051e+17,47,0.00029618715408510216,2.9618715408510217e+26,443.944009623959,0.0,5.901569363423554,24.175818720912567,0.0,34.38428662336554,0.0027976704847585024,0.0,3.719083051889894e-05,0.00015235248818349845,0.0,0.00021668476596215078,3835,1283,8382,0.09503703703703703,0.6208888888888889,1,1,1
flow,0.5,0.5,0,registered,during_vibration,flow_dump_0.5_0.5.shear.wave,1914,191400,191.4,0.1914,158683.45183699526,639.4720222170181,0.0040298595399468895,4.0298595399468896e+17,66,0.0004159223865875903,4.159223865875903e+26,550.2109006529168,0.0,38.94712881102303,5.723449439214196,0.0,44.59054331386373,0.0034673489534252835,0.0,0.0002454391328153787,3.606834470108142e-05,0.0,0.00028100310900514426,4082,1420,7998,0.10518518518518519,0.5924444444444444,1,1,1
flow,0.5,0.5,0,registered,during_vibration,flow_dump_0.5_0.5.shear.wave,1915,191500,191.5,0.1915,158683.45183699526,647.574686609371,0.0040809213507315215,4.080921350731521e+17,66,0.0004159223865875903,4.159223865875903e+26,547.7588467277892,0.0,63.216083314349966,5.791107955342518,0.0,30.80864861188928,0.00345189646674982,0.0,0.0003983785491337027,3.6494718814733945e-05,0.0,0.00019415161603326421,4054,1503,7943,0.11133333333333334,0.5883703703703703,1,1,1
flow,0.5,0.5,0,registered,during_vibration,flow_dump_0.5_0.5.shear.wave,1916,191600,191.6,0.1916,158683.4518369953,670.959301964273,0.004228287790547333,4.228287790547333e+17,67,0.0004222242409298264,4.222242409298264e+26,567.7577477840325,2.6306695178670956,55.13008362498547,0.0,0.0,45.44080103738783,0.003577926628211059,1.6578096124159206e-05,0.0003474217568799603,0.0,0.0,0.0002863613093321544,3983,1438,8079,0.10651851851851851,0.5984444444444444,1,1,1
flow,0.5,0.5,0,registered,during_vibration,flow_dump_0.5_0.5.shear.wave,1917,191700,191.70000000000002,0.19169999999999998,158683.45183699526,610.3011133098348,0.0038460287209831794,3.8460287209831795e+17,58,0.00036550755184970053,3.6550755184970054e+26,504.51738024756423,2.4794347490136297,81.16312216438567,0.0,0.0,22.141176148871267,0.003179395043446753,1.5625036639362904e-05,0.0005114781738410823,0.0,0.0,0.00013953046705598133,3859,1362,8279,0.10088888888888889,0.6132592592592593,1,1,1
flow,0.5,0.5,0,registered,during_vibration,flow_dump_0.5_0.5.shear.wave,1918,191800,191.8,0.1918,158683.45183699526,626.7109357049629,0.003949441031499243,3.949441031499243e+17,65,0.00040962053224535404,4.096205322453541e+26,515.2878782064167,9.048243175578584,62.62412706828292,8.242616112069268,2.5988996738783063,28.909171468737252,0.0032472691527767935,5.702071054562911e-05,0.00039464812709401125,5.194376613722991e-05,1.637788719486629e-05,0.00018218138775071317,3689,1300,8511,0.0962962962962963,0.6304444444444445,1,1,1
flow,0.5,0.5,0,registered,during_vibration,flow_dump_0.5_0.5.shear.wave,1919,191900,191.9,0.1919,158683.45183699526,582.9060075391748,0.003673388754726325,3.673388754726325e+17,60,0.00037811126053417294,3.78111260534173e+26,460.01579159450523,0.0,70.09242190086042,11.199462494044365,0.0,41.59833154976445,0.002898952513757063,0.0,0.00044171223331379003,7.057738134880513e-05,0.0,0.0002621466263066649,3515,1218,8767,0.09022222222222222,0.6494074074074074,1,1,1
flow,0.5,0.5,0,registered,during_vibration,flow_dump_0.5_0.5.shear.wave,1920,192000,192.0,0.192,158683.4518369953,497.8604258629055,0.0031374438865517224,3.137443886551722e+17,44,0.00027728159105839346,2.7728159105839348e+26,392.2784889506904,0.0,54.93631776243433,14.23074605278272,0.0,36.41487309699801,0.0024720818989597696,0.0,0.00034620067263766525,8.968008880598966e-05,0.0,0.00022948122614829762,3272,1107,9121,0.082,0.6756296296296296,1,1,1
flow,0.5,0.5,0,registered,during_vibration,flow_dump_0.5_0.5.shear.wave,1921,192100,192.1,0.1921,158683.45183699526,440.2951937870616,0.00277467617883273,2.7746761788327302e+17,39,0.0002457723193472124,2.4577231934721242e+26,416.69277174405573,0.0,0.0,15.155219118552148,0.0,8.447202924453684,0.002625937152993722,0.0,0.0,9.550598340978918e-05,0.0,5.3233042429218915e-05,3333,1081,9086,0.08007407407407408,0.673037037037037,1,1,1
flow,0.5,0.5,0,registered,during_vibration,flow_dump_0.5_0.5.shear.wave,1922,192200,192.20000000000002,0.19219999999999998,158683.45183699526,428.683083607106,0.0027014983518726518,2.7014983518726518e+17,38,0.0002394704650049762,2.394704650049762e+26,398.8136134111137,0.0,3.077596695179643,6.250124720944791,0.0,20.54174877986788,0.0025132653014177425,0.0,1.939456609716966e-05,3.938737561220385e-05,0.0,0.0001294511087455359,3455,1151,8894,0.08525925925925926,0.6588148148148149,1,1,1
flow,0.5,0.5,0,registered,during_vibration,flow_dump_0.5_0.5.shear.wave,1923,192300,192.3,0.1923,158683.45183699526,511.85718915351976,0.0032256494500719326,3.225649450071933e+17,47,0.00029618715408510216,2.9618715408510217e+26,486.9293319062542,0.0,0.0,0.0,0.0,24.927857247265603,0.0030685577246356076,0.0,0.0,0.0,0.0,0.00015709172543632526,3762,1297,8441,0.09607407407407408,0.6252592592592593,1,1,1
flow,0.5,0.5,0,registered,during_vibration,flow_dump_0.5_0.5.shear.wave,1924,192400,192.4,0.1924,158683.4518369953,524.1718692828223,0.0033032547705180272,3.3032547705180275e+17,52,0.00032769642579628315,3.2769642579628316e+26,475.10213975006434,0.0,5.96019363802302,0.0,0.0,43.10953589473488,0.00299402448238966,0.0,3.756027215834403e-05,0.0,0.0,0.000271670015970023,3931,1389,8180,0.10288888888888889,0.605925925925926,1,1,1
flow,0.5,0.5,0,registered,during_vibration,flow_dump_0.5_0.5.shear.wave,1925,192500,192.5,0.1925,158683.45183699526,610.4516578772157,0.0038469774309188285,3.846977430918829e+17,60,0.00037811126053417294,3.78111260534173e+26,493.8514272561867,0.0,52.222420652694026,0.0,0.0,64.37780996833476,0.003112179761273953,0.0,0.0003290980883522661,0.0,0.0,0.0004056995812926084,4057,1387,8056,0.10274074074074074,0.5967407407407408,1,1,1
flow,0.5,0.5,0,registered,during_vibration,flow_dump_0.5_0.5.shear.wave,1926,192600,192.6,0.1926,158683.45183699526,676.4124323345475,0.0042626526238500285,4.262652623850029e+17,68,0.0004285260952720627,4.2852609527206266e+26,531.2090030656988,21.879795326218172,68.88995497914065,0.0,0.0,54.43367896348969,0.003347601762604545,0.00013788328318376766,0.00043413446192175494,0.0,0.0,0.00034303311613995965,4088,1422,7990,0.10533333333333333,0.5918518518518519,1,1,1
flow,0.5,0.5,0,registered,during_vibration,flow_dump_0.5_0.5.shear.wave,1927,192700,192.70000000000002,0.19269999999999998,158683.45183699526,650.4291693576519,0.004098909885233613,4.0989098852336134e+17,63,0.0003970168235608816,3.970168235608816e+26,534.3134933346123,7.450166181850528,62.320200791513116,12.052916536370045,0.0,34.292392513306055,0.003367165808086128,4.694986210347616e-05,0.0003927328279670298,7.595572441133426e-05,0.0,0.00021610566266564647,4019,1446,8035,0.10711111111111112,0.5951851851851852,1,1,1
flow,0.5,0.5,0,registered,during_vibration,flow_dump_0.5_0.5.shear.wave,1928,192800,192.8,0.1928,158683.45183699526,633.7683484788406,0.003993915818833257,3.993915818833257e+17,64,0.0004033186779031178,4.0331867790311785e+26,535.6599608821895,1.945249074942164,65.68818429067485,0.0,0.0,30.474954231034218,0.003375651050447507,1.2258676329655258e-05,0.0004139573694058021,0.0,0.0,0.00019204872265029293,3848,1353,8299,0.10022222222222223,0.6147407407407407,1,1,1
flow,0.5,0.5,0,registered,during_vibration,flow_dump_0.5_0.5.shear.wave,1929,192900,192.9,0.1929,158683.45183699526,640.2602000807211,0.0040348265220397205,4.0348265220397203e+17,62,0.0003907149692186454,3.907149692186454e+26,518.4705918851362,19.11694159381922,74.02129451223489,6.725974698146086,0.0,21.925397391384628,0.0032673261507931263,0.00012047218139328578,0.00046647141623987323,4.2386112857282835e-05,0.0,0.00013817066075615182,3652,1290,8558,0.09555555555555556,0.6339259259259259,1,1,1
flow,0.5,0.5,0,registered,during_vibration,flow_dump_0.5_0.5.shear.wave,1930,193000,193.0,0.193,158683.45183699526,539.2569348228474,0.0033983186562943526,3.3983186562943526e+17,54,0.00034030013448075566,3.403001344807557e+26,435.0442615273579,8.075099565693392,57.38952071634924,14.30961034839056,0.0,24.43844266505606,0.002741585568571128,5.088810126205469e-05,0.0003616604003251807,9.017708010971334e-05,0.0,0.00015400750602627433,3444,1179,8877,0.08733333333333333,0.6575555555555556,1,1,1
flow,0.5,0.5,0,registered,during_vibration,flow_dump_0.5_0.5.shear.wave,1931,193100,193.1,0.1931,158683.45183699526,439.55262855008294,0.0027699966408696827,2.7699966408696826e+17,37,0.00023316861066273998,2.3316861066274e+26,407.08119834663114,0.0,10.544012416818376,0.0,0.0,21.927417786633406,0.0025653664174434395,0.0,6.644683043351946e-05,0.0,0.0,0.00013818339299272335,3412,1116,8972,0.08266666666666667,0.6645925925925926,1,1,1
flow,0.5,0.5,0,registered,during_vibration,flow_dump_0.5_0.5.shear.wave,1932,193200,193.20000000000002,0.19319999999999998,158683.45183699526,465.91055111645284,0.0029361004296468867,2.936100429646887e+17,39,0.0002457723193472124,2.4577231934721242e+26,429.9927946344316,0.0,4.419390613728149,18.286340415953138,0.0,13.212025452339983,0.0027097519599972785,0.0,2.7850355929160713e-05,0.0001152378537538839,0.0,8.326025996656413e-05,3577,1115,8808,0.08259259259259259,0.6524444444444445,1,1,1
flow,0.5,0.5,0,registered,during_vibration,flow_dump_0.5_0.5.shear.wave,1933,193300,193.3,0.1933,158683.45183699526,528.3689469417003,0.003329704142587331,3.329704142587331e+17,42,0.00026467788237392105,2.6467788237392104e+26,507.88647490916316,0.0,0.0,20.482472032537135,0.0,0.0,0.003200626587269355,0.0,0.0,0.000129077555317976,0.0,0.0,3873,1233,8394,0.09133333333333334,0.6217777777777778,1,1,1
flow,0.5,0.5,0,registered,during_vibration,flow_dump_0.5_0.5.shear.wave,1934,193400,193.4,0.1934,158683.45183699526,596.0878315643475,0.0037564586896979535,3.756458689697953e+17,58,0.00036550755184970053,3.6550755184970054e+26,524.9029907003682,0.0,25.50729772398104,0.0,0.0,45.67754313999828,0.0033078621911978912,0.0,0.00016074327492058185,0.0,0.0,0.0002878532235794802,4072,1360,8068,0.10074074074074074,0.5976296296296296,1,1,1
flow,0.5,0.5,0,registered,during_vibration,flow_dump_0.5_0.5.shear.wave,1935,193500,193.5,0.19349999999999998,158683.4518369953,671.511098958103,0.004231765134828935,4.2317651348289344e+17,69,0.0004348279496142988,4.348279496142988e+26,574.0470604422192,2.5462100101906824,54.83700275035647,0.0,0.0,40.08082575533693,0.003617560960495734,1.604584460896547e-05,0.00034557480389755315,0.0,0.0,0.00025258352582668316,4095,1455,7950,0.10777777777777778,0.5888888888888889,1,1,1
flow,0.5,0.5,0,registered,during_vibration,flow_dump_0.5_0.5.shear.wave,1936,193600,193.6,0.1936,158683.45183699526,608.0294192238721,0.0038317128357433228,3.831712835743323e+17,57,0.0003592056975074643,3.592056975074643e+26,504.94925305260705,0.0,55.62536987267875,0.0,0.0,47.454796298586594,0.0031821166429585055,0.0,0.0003505429786706362,0.0,0.0,0.00029905321411418306,4043,1406,8051,0.10414814814814814,0.5963703703703703,1,1,1
flow,0.5,0.5,0,registered,during_vibration,flow_dump_0.5_0.5.shear.wave,1937,193700,193.70000000000002,0.19369999999999998,158683.45183699526,721.5840159653529,0.004547317364299507,4.5473173642995066e+17,77,0.00048524278435218865,4.852427843521887e+26,599.7018569132812,8.120930875164698,70.51194240607519,0.0,0.0,43.24928577083183,0.003779233751036083,5.1176923498656804e-05,0.0004443559904312349,0.0,0.0,0.00027255069933353155,3986,1374,8140,0.10177777777777777,0.6029629629629629,1,1,1
flow,0.5,0.5,0,registered,during_vibration,flow_dump_0.5_0.5.shear.wave,1938,193800,193.8,0.1938,158683.45183699526,603.1971086671099,0.003801260318478157,3.801260318478157e+17,61,0.0003844131148764092,3.844131148764092e+26,476.11408227164344,0.0,80.70187396984707,15.906301898190462,0.0,30.47485052742887,0.0030004015967633672,0.0,0.0005085714549034806,0.00010023919768603173,0.0,0.00019204806912527725,3833,1303,8364,0.09651851851851852,0.6195555555555555,1,1,1
flow,0.5,0.5,0,registered,during_vibration,flow_dump_0.5_0.5.shear.wave,1939,193900,193.9,0.1939,158683.4518369953,613.085703120546,0.0038635768003731554,3.863576800373155e+17,67,0.0004222242409298264,4.222242409298264e+26,487.6644753190712,0.0,84.57252340423135,11.73415621318957,0.0,29.114548184053724,0.003073190491343834,0.0,0.0005329637238488292,7.394694328456675e-05,0.0,0.00018347564189592446,3617,1245,8638,0.09222222222222222,0.6398518518518519,1,1,1
flow,0.5,0.5,0,registered,during_vibration,flow_dump_0.5_0.5.shear.wave,1940,194000,194.0,0.19399999999999998,158683.45183699526,525.5675723620884,0.0033120502880285736,3.3120502880285734e+17,52,0.00032769642579628326,3.276964257962832e+26,440.8216646410697,0.0,43.166155436399315,4.281380301696398,0.0,37.29837198292299,0.002777993921470122,0.0,0.00027202682407451644,2.6980635045010046e-05,0.0,0.00023504890743892485,3375,1134,8991,0.084,0.666,1,1,1
flow,0.5,0.5,0,registered,during_vibration,flow_dump_0.5_0.5.shear.wave,1941,194100,194.1,0.1941,158683.45183699526,393.4428417757805,0.0024794194808664587,2.4794194808664586e+17,35,0.00022056490197826757,2.205649019782676e+26,381.91686515162183,0.0,0.0,7.39202468155486,0.0,4.1339519426038205,0.0024067844550289914,0.0,0.0,4.658346283737378e-05,0.0,2.6051563000093728e-05,3398,1064,9038,0.07881481481481481,0.6694814814814815,1,1,1
flow,0.5,0.5,0,registered,during_vibration,flow_dump_0.5_0.5.shear.wave,1942,194200,194.20000000000002,0.19419999999999998,158683.45183699526,444.64356366800075,0.002802078972448576,2.802078972448576e+17,39,0.0002457723193472124,2.4577231934721242e+26,432.82522759050244,0.0,0.0,2.8783474272289187,0.0,8.939988650269445,0.002727601539920586,0.0,0.0,1.8138926232747003e-05,0.0,5.633850629524299e-05,3523,1167,8810,0.08644444444444445,0.6525925925925926,1,1,1
flow,0.5,0.5,0,registered,during_vibration,flow_dump_0.5_0.5.shear.wave,1943,194300,194.3,0.1943,158683.4518369953,487.3984355680022,0.0030715139475833526,3.071513947583352e+17,45,0.0002835834454006297,2.835834454006297e+26,445.0821947761987,10.76624321683184,0.0,0.0,0.0,31.54999757497157,0.0028048431618024126,6.784729656556294e-05,0.0,0.0,0.0,0.00019882348921537664,3812,1313,8375,0.09725925925925925,0.6203703703703703,1,1,1
flow,0.5,0.5,0,registered,during_vibration,flow_dump_0.5_0.5.shear.wave,1944,194400,194.4,0.1944,158683.45183699526,492.48734893807085,0.003103583538401784,3.103583538401784e+17,44,0.0002772815910583935,2.772815910583935e+26,430.07174345586645,0.0,0.0,0.0,0.0,62.415605482204334,0.002710249483970452,0.0,0.0,0.0,0.0,0.00039333405443133196,3944,1378,8178,0.10207407407407408,0.6057777777777777,1,1,1
flow,0.5,0.5,0,registered,during_vibration,flow_dump_0.5_0.5.shear.wave,1945,194500,194.5,0.19449999999999998,158683.45183699526,622.3682924623463,0.003922074326323976,3.922074326323976e+17,61,0.0003844131148764092,3.844131148764092e+26,500.5237562929969,12.982218564209193,52.78837935060808,0.0,0.0,56.07393825453223,0.003154227806987404,8.181205043072132e-05,0.00033266467763024216,0.0,0.0,0.0003533697912756094,4079,1384,8037,0.10251851851851852,0.5953333333333334,1,1,1
flow,0.5,0.5,0,registered,during_vibration,flow_dump_0.5_0.5.shear.wave,1946,194600,194.6,0.1946,158683.45183699526,596.0945976632788,0.003756501328667884,3.756501328667884e+17,59,0.00037180940619193677,3.7180940619193676e+26,461.43941731653894,21.474854417118586,65.25261012622609,0.0,0.0,47.92771580339509,0.00290792399569518,0.00013533140455740934,0.0004112124444662048,0.0,0.0,0.00030203348394908865,4147,1421,7932,0.10525925925925926,0.5875555555555556,1,1,1
flow,0.5,0.5,0,registered,during_vibration,flow_dump_0.5_0.5.shear.wave,1947,194700,194.70000000000002,0.19469999999999998,158683.4518369953,577.9404765148215,0.003642096701478995,3.642096701478995e+17,58,0.0003655075518497005,3.655075518497005e+26,441.4287397205526,32.700295709638155,65.0175572374896,0.0,0.0,38.79388384714125,0.002781819620195824,0.00020607250051019147,0.00040973117539866547,0.0,0.0,0.00024447340537431445,4058,1424,8018,0.10548148148148148,0.593925925925926,1,1,1
flow,0.5,0.5,0,registered,during_vibration,flow_dump_0.5_0.5.shear.wave,1948,194800,194.8,0.1948,158683.45183699526,692.6633923734589,0.00436506380693675,4.36506380693675e+17,66,0.0004159223865875903,4.159223865875903e+26,550.4993157553203,23.828244594831,92.35982196238524,0.0,0.0,25.976010060922437,0.0034691665033907307,0.00015016212666780238,0.0005820381450818212,0.0,0.0,0.0001636970317963957,3906,1340,8254,0.09925925925925926,0.6114074074074074,1,1,1
flow,0.5,0.5,0,registered,during_vibration,flow_dump_0.5_0.5.shear.wave,1949,194900,194.9,0.1949,158683.45183699526,655.1236349120288,0.004128493723371943,4.1284937233719424e+17,70,0.00044112980395653514,4.411298039565352e+26,537.256013710902,9.138837415020562,79.94208166411839,11.270914326935436,0.0,17.51578779505251,0.003385709142896568,5.7591622246838126e-05,0.0005037833544624267,7.102766039217046e-05,0.0,0.00011038194337393978,3678,1245,8577,0.09222222222222222,0.6353333333333333,1,1,1
flow,0.5,0.5,0,registered,during_vibration,flow_dump_0.5_0.5.shear.wave,1950,195000,195.0,0.19499999999999998,158683.45183699526,525.4208693775112,0.0033111257871881964,3.3111257871881965e+17,53,0.00033399828013851943,3.3399828013851945e+26,419.0445146376358,11.522153616146893,51.7928593635842,3.4262367841470884,0.0,39.63510497599714,0.002640757494159453,7.261093379782801e-05,0.0003263910556772327,2.159164515570678e-05,0.0,0.0002497746583979758,3490,1172,8838,0.08681481481481482,0.6546666666666666,1,1,1
flow,0.5,0.5,0,registered,during_vibration,flow_dump_0.5_0.5.shear.wave,1951,195100,195.1,0.1951,158683.45183699526,458.32642237430844,0.0028883063550011255,2.888306355001126e+17,44,0.0002772815910583935,2.772815910583935e+26,426.97236978347416,3.9113436715633116,7.686107287376295,11.144628908532226,0.0,8.611972723362456,0.002690717682534874,2.46487181006194e-05,4.843672858384573e-05,7.023182807984508e-05,0.0,5.4271397701941545e-05,3437,1123,8940,0.08318518518518518,0.6622222222222223,1,1,1
flow,0.5,0.5,0,registered,during_vibration,flow_dump_0.5_0.5.shear.wave,1952,195200,195.20000000000002,0.19519999999999998,158683.45183699526,416.91282232534815,0.0026273238797049512,2.6273238797049514e+17,38,0.0002394704650049762,2.394704650049762e+26,366.9365953352614,18.896036314898915,0.0,5.431648209356071,0.0,25.648542465831788,0.0023123809766388906,0.00011908006850209895,0.0,3.4229455853630126e-05,0.0,0.00016163337871033203,3597,1103,8800,0.08170370370370371,0.6518518518518519,1,1,1
flow,0.5,0.5,0,registered,during_vibration,flow_dump_0.5_0.5.shear.wave,1953,195300,195.3,0.1953,158683.45183699526,495.3510105995628,0.0031216299170779525,3.1216299170779526e+17,49,0.00030879086276957456,3.0879086276957458e+26,444.0458501649708,16.51975484225137,7.721544530039097,8.5717965124001,0.0,18.492064549901414,0.0027983122690140934,0.00010410508878531954,4.8660048925397186e-05,5.4018213072433825e-05,0.0,0.00011653429728070863,3904,1195,8401,0.08851851851851852,0.6222962962962963,1,1,1
flow,0.5,0.5,0,registered,during_vibration,flow_dump_0.5_0.5.shear.wave,1954,195400,195.4,0.1954,158683.4518369953,565.1182550134638,0.0035612929292335492,3.5612929292335494e+17,55,0.00034660198882299184,3.466019888229918e+26,494.48773913532824,6.59125994740956,25.732108439757123,0.0,0.0,38.30714749096883,0.003116189706052537,4.153716012039058e-05,0.00016215999930597658,0.0,0.0,0.00024140606375464504,4141,1346,8013,0.0997037037037037,0.5935555555555555,1,1,1
flow,0.5,0.5,0,registered,during_vibration,flow_dump_0.5_0.5.shear.wave,1955,195500,195.5,0.19549999999999998,158683.45183699526,599.7383320640777,0.0037794636121235136,3.7794636121235136e+17,59,0.00037180940619193677,3.7180940619193676e+26,514.2957121952509,0.0,47.2957488116904,0.0,0.0,38.146871057136515,0.003241016667091109,0.0,0.0002980509200182645,0.0,0.0,0.00024039602501414078,4159,1448,7893,0.10725925925925926,0.5846666666666667,1,1,1
flow,0.5,0.5,0,registered,during_vibration,flow_dump_0.5_0.5.shear.wave,1956,195600,195.6,0.1956,158683.45183699526,570.2470406197792,0.0035936137890771078,3.593613789077108e+17,52,0.00032769642579628326,3.276964257962832e+26,482.37313448863097,8.240065422508707,56.37511885607711,0.0,0.0,23.258721852562253,0.003039845232155273,5.192769206314699e-05,0.0003552677875572523,0.0,0.0,0.0001465730773014338,4111,1410,7979,0.10444444444444445,0.591037037037037,1,1,1
flow,0.5,0.5,0,registered,during_vibration,flow_dump_0.5_0.5.shear.wave,1957,195700,195.70000000000002,0.19569999999999999,158683.45183699526,605.812197168089,0.0038177402253033845,3.817740225303384e+17,59,0.00037180940619193677,3.7180940619193676e+26,531.3041771450376,0.0,51.342035032137524,0.0,0.0,23.16598499091409,0.0033482015357896946,0.0,0.0003235500264065198,0.0,0.0,0.00014598866310717098,4010,1387,8103,0.10274074074074074,0.6002222222222222,1,1,1
flow,0.5,0.5,0,registered,during_vibration,flow_dump_0.5_0.5.shear.wave,1958,195800,195.8,0.1958,158683.4518369953,582.3214061357191,0.00366970468183348,3.6697046818334803e+17,63,0.00039701682356088153,3.970168235608816e+26,457.8544953539242,0.0,81.08792494153164,16.102223920189104,0.0,27.27676192007442,0.0028853323396584984,0.0,0.0005110042918957154,0.00010147386973110355,0.0,0.0001718941805481644,3850,1294,8356,0.09585185185185185,0.6189629629629629,1,1,1
flow,0.5,0.5,0,registered,during_vibration,flow_dump_0.5_0.5.shear.wave,1959,195900,195.9,0.1959,158683.45183699526,569.9554781249462,0.003591776404703011,3.591776404703011e+17,56,0.00035290384316522807,3.529038431652281e+26,450.3566868770933,0.0,81.27619147617726,6.196904583354522,0.0,32.12569518832098,0.0028380822427515264,0.0,0.0005121907201745698,3.90519900570362e-05,0.0,0.00020245145171987768,3647,1227,8626,0.0908888888888889,0.638962962962963,1,1,1
flow,0.5,0.5,0,registered,during_vibration,flow_dump_0.5_0.5.shear.wave,1960,196000,196.0,0.19599999999999998,158683.45183699526,555.927412465994,0.0035033735782169684,3.5033735782169683e+17,53,0.00033399828013851943,3.3399828013851945e+26,419.18051444153906,9.874506290607979,69.70826246273144,12.957842211859367,2.833063608147026,41.373223451109,0.0026416145451142238,6.222770034490673e-05,0.00043929131649050597,8.165843420881769e-05,1.7853554200832737e-05,0.00026072802785768047,3393,1120,8987,0.08296296296296296,0.6657037037037037,1,1,1
flow,0.5,0.5,0,registered,during_vibration,flow_dump_0.5_0.5.shear.wave,1961,196100,196.1,0.1961,158683.45183699526,385.5701349820301,0.00242980682937311,2.42980682937311e+17,31,0.0001953574846093227,1.953574846093227e+26,373.5526934965046,0.0,0.0,8.988860719872866,0.0,3.0285807656527073,0.002354074663564982,0.0,0.0,5.664649095928738e-05,0.0,1.9085674848841598e-05,3401,1065,9034,0.07888888888888888,0.6691851851851852,1,1,1
flow,0.5,0.5,0,registered,during_vibration,flow_dump_0.5_0.5.shear.wave,1962,196200,196.20000000000002,0.19619999999999999,158683.4518369953,390.2741166993042,0.0024594506369839137,2.4594506369839136e+17,34,0.00021426304763603131,2.1426304763603133e+26,362.01992704038594,14.88751690919631,0.0,5.688928903737132,0.0,7.67774384598483,0.0022813968491954936,9.381896307933384e-05,0.0,3.585080131468896e-05,0.0,4.8384023394396876e-05,3533,1144,8823,0.08474074074074074,0.6535555555555556,1,1,1
flow,0.5,0.5,0,registered,during_vibration,flow_dump_0.5_0.5.shear.wave,1963,196300,196.3,0.1963,158683.45183699526,479.5378916405463,0.003021977944701777,3.0219779447017766e+17,42,0.00026467788237392105,2.6467788237392104e+26,444.7408224962663,11.545024733510779,2.8953137413489993,0.0,0.0,20.356730669420276,0.002802691883417802,7.275506424809941e-05,1.8245845473056375e-05,0.0,0.0,0.00012828515156281932,3817,1279,8404,0.09474074074074074,0.6225185185185185,1,1,1
flow,0.5,0.5,0,registered,during_vibration,flow_dump_0.5_0.5.shear.wave,1964,196400,196.4,0.1964,158683.45183699526,444.8622279438199,0.002803456962864639,2.803456962864639e+17,40,0.00025207417368944865,2.5207417368944864e+26,402.3413594042365,4.760848509347302,0.0,0.0,0.0,37.76002003023599,0.00253549664282281,3.0002173851359112e-05,0.0,0.0,0.0,0.00023795814619046918,3939,1376,8185,0.10192592592592592,0.6062962962962963,1,1,1
flow,0.5,0.5,0,registered,during_vibration,flow_dump_0.5_0.5.shear.wave,1965,196500,196.5,0.19649999999999998,158683.45183699526,580.8464145551008,0.003660409499736399,3.660409499736399e+17,55,0.0003466019888229919,3.466019888229919e+26,504.3331666393699,11.06195765258539,40.23922736289591,0.0,0.0,25.2120629002495,0.0031782341561200542,6.971084586657838e-05,0.00025358174968509597,0.0,0.0,0.00015888274806466992,4060,1373,8067,0.1017037037037037,0.5975555555555555,1,1,1
flow,0.5,0.5,0,registered,during_vibration,flow_dump_0.5_0.5.shear.wave,1966,196600,196.6,0.1966,158683.4518369953,591.0320312152542,0.0037245977723145396,3.7245977723145395e+17,55,0.00034660198882299184,3.466019888229918e+26,490.4496175520101,7.459315521326589,58.774101111981466,0.0,0.0,34.348997029935674,0.0030907420520182257,4.700751990818196e-05,0.00037038582430357075,0.0,0.0,0.00021646237608455898,4131,1413,7956,0.10466666666666667,0.5893333333333334,1,1,1
flow,0.5,0.5,0,registered,during_vibration,flow_dump_0.5_0.5.shear.wave,1967,196700,196.70000000000002,0.19669999999999999,158683.45183699526,598.1521259639849,0.003769467572323962,3.769467572323962e+17,57,0.0003592056975074643,3.592056975074643e+26,462.22135101081034,18.382954571351952,66.43554273245105,0.0,0.0,51.11227764937152,0.002912851627941765,0.0001158467020886054,0.0004186671134473164,0.0,0.0,0.000322102128846275,4097,1393,8010,0.10318518518518519,0.5933333333333334,1,1,1
flow,0.5,0.5,0,registered,during_vibration,flow_dump_0.5_0.5.shear.wave,1968,196800,196.8,0.1968,158683.45183699526,684.0249709826495,0.0043106257335850115,4.310625733585012e+17,62,0.0003907149692186454,3.907149692186454e+26,535.1239819105391,16.56092922939086,91.83391462972291,9.280948461080435,0.0,31.225196751916414,0.003372273389037665,0.00010436456377570347,0.0005787239536738693,5.848718535953027e-05,0.0,0.00019677664173824464,3919,1332,8249,0.09866666666666667,0.611037037037037,1,1,1
flow,0.5,0.5,0,registered,during_vibration,flow_dump_0.5_0.5.shear.wave,1969,196900,196.9,0.1969,158683.45183699526,582.7944771178662,0.00367268590625651,3.67268590625651e+17,58,0.00036550755184970053,3.6550755184970054e+26,496.7527482090022,18.364222097978082,56.74977505668921,0.0,0.0,10.927731754196715,0.0031304634633186742,0.00011572865276993344,0.0003576288163619254,0.0,0.0,6.886497380597715e-05,3687,1220,8593,0.09037037037037036,0.6365185185185185,1,1,1
flow,0.5,0.5,0,registered,during_vibration,flow_dump_0.5_0.5.shear.wave,1970,197000,197.0,0.19699999999999998,158683.45183699526,532.8480792747971,0.0033579309821301076,3.3579309821301075e+17,51,0.000321394571454047,3.21394571454047e+26,431.3847087763341,29.073182867478486,51.9422638292656,4.094262214928113,0.0,16.353661586790878,0.0027185236001764463,0.00018321496369604686,0.00032733258085803653,2.5801444117398398e-05,0.0,0.0001030583932821797,3480,1162,8858,0.08607407407407408,0.6561481481481481,1,1,1
flow,0.5,0.5,0,registered,during_vibration,flow_dump_0.5_0.5.shear.wave,1971,197100,197.1,0.1971,158683.45183699526,455.0853268535084,0.0028678814431197693,2.8678814431197693e+17,43,0.0002709797367161573,2.709797367161573e+26,404.4599621584114,27.54765962667448,10.223284344449446,9.48551287743099,0.0,3.368907846541987,0.00254884776878868,0.00017360133843680387,6.442564883798427e-05,5.977632051497603e-05,0.0,2.123036654132428e-05,3460,1139,8901,0.08437037037037037,0.6593333333333333,1,1,1
flow,0.5,0.5,0,registered,during_vibration,flow_dump_0.5_0.5.shear.wave,1972,197200,197.20000000000002,0.1972,158683.45183699526,438.2907947665398,0.002762044748161681,2.762044748161681e+17,36,0.00022686675632050378,2.2686675632050377e+26,405.9436854100074,19.25484193059017,0.0,6.428303896162236,0.0,6.663963529780057,0.0025581979766044274,0.00012134120922936164,0.0,4.051023482124397e-05,0.0,4.199532750664823e-05,3610,1107,8783,0.082,0.6505925925925926,1,1,1
flow,0.5,0.5,0,registered,during_vibration,flow_dump_0.5_0.5.shear.wave,1973,197300,197.3,0.1973,158683.45183699526,489.04576290096855,0.0030818951644896917,3.0818951644896915e+17,45,0.0002835834454006297,2.835834454006297e+26,447.2226562061212,12.66493985373815,0.0,0.0,0.0,29.158166841109168,0.002818332037958959,7.981260621144027e-05,0.0,0.0,0.0,0.00018375052031929185,3894,1194,8412,0.08844444444444445,0.6231111111111111,1,1,1
flow,0.5,0.5,0,registered,during_vibration,flow_dump_0.5_0.5.shear.wave,1974,197400,197.4,0.1974,158683.45183699526,485.33481764575197,0.003058509328019304,3.0585093280193043e+17,48,0.0003024890084273384,3.024890084273384e+26,437.0226180847861,0.0,21.36377203003923,0.0,0.0,26.948427530926743,0.0027540528834330484,0.0,0.00013463137953404733,0.0,0.0,0.00016982506505220868,4087,1350,8063,0.1,0.5972592592592593,1,1,1
flow,0.5,0.5,0,registered,during_vibration,flow_dump_0.5_0.5.shear.wave,1975,197500,197.5,0.19749999999999998,158683.45183699526,558.4806521055169,0.0035194637225260655,3.519463722526065e+17,55,0.0003466019888229919,3.466019888229919e+26,469.9242901534382,0.0,47.40985418015694,0.0,0.0,41.14650777192198,0.002961394428425716,0.0,0.00029876999543000784,0.0,0.0,0.00025929929867034274,4153,1459,7888,0.10807407407407407,0.5842962962962963,1,1,1
flow,0.5,0.5,0,registered,during_vibration,flow_dump_0.5_0.5.shear.wave,1976,197600,197.6,0.1976,158683.45183699526,564.062922077727,0.003554642374789972,3.554642374789972e+17,54,0.00034030013448075566,3.403001344807557e+26,439.4395364159665,7.569297952294096,59.72236893022545,0.0,0.0,57.33171877924109,0.002769283950713228,4.7700613168344245e-05,0.0003763616699715745,0.0,0.0,0.0003612961409368261,4070,1396,8034,0.1034074074074074,0.5951111111111111,1,1,1
flow,0.5,0.5,0,registered,during_vibration,flow_dump_0.5_0.5.shear.wave,1977,197700,197.70000000000002,0.1977,158683.4518369953,669.5134626919611,0.004219176322050939,4.219176322050939e+17,67,0.0004222242409298264,4.222242409298264e+26,541.1531646580355,10.006264436502414,60.163478241607386,0.0,0.0,58.19055535581589,0.0034102684205151103,6.305802098873655e-05,0.00037914147660090755,0.0,0.0,0.0003667084039461852,4001,1380,8119,0.10222222222222223,0.6014074074074074,1,1,1
flow,0.5,0.5,0,registered,during_vibration,flow_dump_0.5_0.5.shear.wave,1978,197800,197.8,0.1978,158683.45183699526,654.7096408701384,0.0041258847932213955,4.125884793221395e+17,69,0.0004348279496142989,4.3482794961429895e+26,526.8605128194586,15.540842943136656,76.40908637069671,11.12875302707525,0.0,24.770445709770964,0.0033201982104641044,9.793612858321679e-05,0.00048151893273147713,7.01317805873486e-05,0.0,0.0001560997408552466,3848,1312,8340,0.09718518518518518,0.6177777777777778,1,1,1
flow,0.5,0.5,0,registered,during_vibration,flow_dump_0.5_0.5.shear.wave,1979,197900,197.9,0.1979,158683.45183699526,581.5183192584789,0.0036646437453089513,3.664643745308951e+17,61,0.0003844131148764092,3.844131148764092e+26,450.47144213630696,0.0,74.38222263221934,12.250912307508443,0.0,44.41374218244428,0.0028388054136800965,0.0,0.0004687459326800324,7.720346492142719e-05,0.0,0.0002798889340273963,3669,1236,8595,0.09155555555555556,0.6366666666666667,1,1,1
flow,0.5,0.5,0,registered,during_vibration,flow_dump_0.5_0.5.shear.wave,1980,198000,198.0,0.19799999999999998,158683.45183699526,532.9266251330631,0.003358425966688086,3.358425966688086e+17,54,0.00034030013448075566,3.403001344807557e+26,415.291548213233,8.815075762366336,66.1648393196523,12.127553768199448,0.0,30.52760806961222,0.002617106846401563,5.555132347020951e-05,0.0004169611799699124,7.642607737483087e-05,0.0,0.00019238053947157112,3437,1129,8934,0.08362962962962962,0.6617777777777778,1,1,1
flow,0.5,0.5,0,registered,during_vibration,flow_dump_0.5_0.5.shear.wave,1981,198100,198.1,0.1981,158683.4518369953,454.26060437887696,0.002862684162211873,2.8626841622118733e+17,40,0.0002520741736894486,2.520741736894486e+26,410.17668878330414,8.694740697527106,4.653876480685232,13.291377482596426,0.0,17.44392093476399,0.0025848737472931376,5.479298941932913e-05,2.9328051708037226e-05,8.376032490300093e-05,0.0,0.00010992904888836766,3442,1082,8976,0.08014814814814815,0.6648888888888889,1,1,1
flow,0.5,0.5,0,registered,during_vibration,flow_dump_0.5_0.5.shear.wave,1982,198200,198.20000000000002,0.1982,158683.45183699526,399.3701045316197,0.002516772227401919,2.516772227401919e+17,35,0.00022056490197826757,2.205649019782676e+26,372.46780964965495,15.166732172028105,0.0,8.005267254702854,0.0,3.730295455233765,0.0023472378835838904,9.557853699582903e-05,0.0,5.0448028209810575e-05,0.0,2.3507778612388922e-05,3535,1148,8817,0.08503703703703704,0.6531111111111111,1,1,1
flow,0.5,0.5,0,registered,during_vibration,flow_dump_0.5_0.5.shear.wave,1983,198300,198.3,0.1983,158683.45183699526,446.4140437782307,0.0028132362802190712,2.8132362802190714e+17,40,0.00025207417368944865,2.5207417368944864e+26,398.2044930258147,19.830080643260906,2.7220734127466426,0.0,0.0,25.65739669640849,0.0025094267134727014,0.00012496627980862807,1.7154110156003184e-05,0.0,0.0,0.00016168917678173898,3852,1289,8359,0.09548148148148149,0.6191851851851852,1,1,1
flow,0.5,0.5,0,registered,during_vibration,flow_dump_0.5_0.5.shear.wave,1984,198400,198.4,0.1984,158683.45183699526,457.7534780868973,0.002884695743555644,2.884695743555644e+17,43,0.0002709797367161573,2.709797367161573e+26,423.93678444071844,9.615851068312518,0.0,0.0,0.0,24.200842577866318,0.0026715878658614004,6.0597692809141995e-05,0.0,0.0,0.0,0.00015251018488510195,3965,1382,8153,0.10237037037037038,0.603925925925926,1,1,1
flow,0.5,0.5,0,registered,during_vibration,flow_dump_0.5_0.5.shear.wave,1985,198500,198.5,0.19849999999999998,158683.4518369953,549.9435852217919,0.003465664370514901,3.465664370514901e+17,51,0.00032139457145404697,3.2139457145404694e+26,482.4425088005889,0.0,39.836638210015806,0.0,0.0,27.664438211187324,0.0030402824189643242,0.0,0.00025104469148388124,0.0,0.0,0.0001743372600666963,4092,1390,8018,0.10296296296296296,0.593925925925926,1,1,1
flow,0.5,0.5,0,registered,during_vibration,flow_dump_0.5_0.5.shear.wave,1986,198600,198.6,0.1986,158683.45183699526,657.8451459128477,0.004145644289289896,4.1456442892898963e+17,65,0.00040962053224535404,4.096205322453541e+26,528.888676741388,20.5159575910889,63.76528756984663,0.0,0.0,44.675224010523955,0.0033329794040822826,0.00012928857643053763,0.00040183955435597895,0.0,0.0,0.00028153675442109605,4124,1405,7971,0.10407407407407407,0.5904444444444444,1,1,1
flow,0.5,0.5,0,registered,during_vibration,flow_dump_0.5_0.5.shear.wave,1987,198700,198.70000000000002,0.1987,158683.45183699526,618.1944462229256,0.003895771355276257,3.8957713552762566e+17,60,0.00037811126053417294,3.78111260534173e+26,498.6095174484159,26.271487668628364,64.1343650500436,0.0,0.0,29.179076055837672,0.003142164552612604,0.00016555908864155085,0.0004041654268771799,0.0,0.0,0.00018388228714492143,4066,1384,8050,0.10251851851851852,0.5962962962962963,1,1,1
flow,0.5,0.5,0,registered,during_vibration,flow_dump_0.5_0.5.shear.wave,1988,198800,198.8,0.1988,158683.45183699526,662.787092668773,0.004176787717912824,4.176787717912824e+17,65,0.00040962053224535404,4.096205322453541e+26,495.4385554463006,30.030521501740132,77.65824605740629,0.0,0.0,59.659769663325996,0.0031221816119505075,0.00018924797232535912,0.0004893909551273143,0.0,0.0,0.0003759671785096434,3910,1292,8298,0.09570370370370371,0.6146666666666667,1,1,1
flow,0.5,0.5,0,registered,during_vibration,flow_dump_0.5_0.5.shear.wave,1989,198900,198.9,0.1989,158683.4518369953,562.4460808118185,0.0035444532766376997,3.5444532766377e+17,54,0.0003403001344807556,3.403001344807556e+26,457.48588665218955,26.227682652664427,60.080950524761676,6.3640796266657205,0.0,12.287481355537029,0.0028830094213108857,0.00016528303581148676,0.00037862139895014857,4.01055028296404e-05,0.0,7.743391773553755e-05,3726,1235,8539,0.09148148148148148,0.6325185185185185,1,1,1
flow,0.5,0.5,0,registered,during_vibration,flow_dump_0.5_0.5.shear.wave,1990,199000,199.0,0.19899999999999998,158683.45183699526,552.1291524198778,0.003479437496652408,3.479437496652408e+17,54,0.00034030013448075566,3.403001344807557e+26,451.8689324124701,32.32804677623719,50.79727044708666,5.503866365521818,0.0,11.631036418562049,0.002847612193845168,0.00020372664195284583,0.0003201169993407205,3.4684564154651524e-05,0.0,7.329709735902281e-05,3511,1162,8827,0.08607407407407408,0.6538518518518519,1,1,1
flow,0.5,0.5,0,registered,during_vibration,flow_dump_0.5_0.5.shear.wave,1991,199100,199.1,0.1991,158683.45183699526,484.74208864125814,0.0030547740361685652,3.054774036168565e+17,41,0.0002583760280316849,2.583760280316849e+26,446.22269340652116,23.326945583637112,15.19244965109994,0.0,0.0,0.0,0.002812030418048225,0.00014700301331735147,9.574060480298924e-05,0.0,0.0,0.0,3449,1117,8934,0.08274074074074074,0.6617777777777778,1,1,1
flow,0.5,0.5,0,registered,during_vibration,flow_dump_0.5_0.5.shear.wave,1992,199200,199.20000000000002,0.1992,158683.45183699526,436.9632454051699,0.002753678725454199,2.753678725454199e+17,38,0.0002394704650049762,2.394704650049762e+26,393.988603900435,18.67574255109238,3.146158902212782,6.4325863886171835,0.0,14.720153662812528,0.002482858794281541,0.00011769180929008718,1.9826635139274748e-05,4.0537222464916777e-05,0.0,9.276426427837948e-05,3583,1105,8812,0.08185185185185186,0.6527407407407407,1,1,1
flow,0.5,0.5,0,registered,during_vibration,flow_dump_0.5_0.5.shear.wave,1993,199300,199.3,0.19929999999999998,158683.45183699526,435.4527612294208,0.0027441598741923755,2.7441598741923757e+17,38,0.0002394704650049762,2.394704650049762e+26,404.7006634856721,10.22285855432064,0.0,4.123733269639436,0.0,16.40550591978858,0.0025503646334930604,6.442296557061217e-05,0.0,2.5987166411501228e-05,0.0,0.00010338510871720161,3854,1177,8469,0.08718518518518519,0.6273333333333333,1,1,1
flow,0.5,0.5,0,registered,during_vibration,flow_dump_0.5_0.5.shear.wave,1994,199400,199.4,0.1994,158683.45183699526,494.052928894092,0.003113449595245754,3.113449595245754e+17,47,0.00029618715408510216,2.9618715408510217e+26,421.07670616084835,21.67230828514268,27.220290911551288,0.0,0.0,24.083623536549734,0.0026535640691342653,0.00013657573007300831,0.00017153830847789248,0.0,0.0,0.00015177148756058826,4097,1343,8060,0.09948148148148148,0.597037037037037,1,1,1
flow,0.5,0.5,0,registered,during_vibration,flow_dump_0.5_0.5.shear.wave,1995,199500,199.5,0.19949999999999998,158683.45183699526,540.5135884600311,0.003406237904474526,3.406237904474526e+17,56,0.00035290384316522807,3.529038431652281e+26,444.61147062479233,0.0,46.0483068248622,0.0,0.0,49.853811010376575,0.0028018767267648775,0.0,0.00029018972231688344,0.0,0.0,0.0003141714553927653,4177,1429,7894,0.10585185185185185,0.5847407407407408,1,1,1
flow,0.5,0.5,0,registered,during_vibration,flow_dump_0.5_0.5.shear.wave,1996,199600,199.6,0.1996,158683.4518369953,553.1624279334608,0.003485949048434407,3.485949048434407e+17,51,0.00032139457145404697,3.2139457145404694e+26,456.10803478584415,7.018053823402104,50.41552070546954,0.0,0.0,39.62081861874501,0.0028743263995439985,4.422675296105402e-05,0.000317711268073863,0.0,0.0,0.00024968462785549174,4098,1383,8019,0.10244444444444445,0.594,1,1,1
flow,0.5,0.5,0,registered,during_vibration,flow_dump_0.5_0.5.shear.wave,1997,199700,199.70000000000002,0.1997,158683.45183699526,615.046978907412,0.003875936474706941,3.875936474706941e+17,62,0.0003907149692186454,3.907149692186454e+26,521.1604872182719,0.0,54.39356423422978,0.0,0.0,39.49292745491043,0.003284277479378409,0.0,0.00034278031895918545,0.0,0.0,0.00024887867636934715,4048,1340,8112,0.09925925925925926,0.6008888888888889,1,1,1
flow,0.5,0.5,0,registered,during_vibration,flow_dump_0.5_0.5.shear.wave,1998,199800,199.8,0.19979999999999998,158683.45183699526,551.5261249350091,0.003475637305278401,3.4756373052784006e+17,54,0.00034030013448075566,3.403001344807557e+26,459.7305931249324,0.0,75.99762322154525,0.0,0.0,15.797908588531563,0.0028971552345431863,0.0,0.0004789259518983268,0.0,0.0,9.955611883688844e-05,3898,1282,8320,0.09496296296296296,0.6162962962962963,1,1,1
flow,0.5,0.5,0,registered,during_vibration,flow_dump_0.5_0.5.shear.wave,1999,199900,199.9,0.1999,158683.45183699526,606.6143313092693,0.0038227951578240376,3.822795157824038e+17,64,0.0004033186779031178,4.0331867790311785e+26,486.7982354812871,0.0,87.72547572599626,9.345661726713107,0.0,22.7449583752727,0.0030677315740606772,0.0,0.0005528331701286074,5.889499893355781e-05,0.0,0.00014333541470119425,3729,1227,8544,0.0908888888888889,0.6328888888888888,1,1,1
flow,0.5,0.5,0,registered,during_vibration,flow_dump_0.5_0.5.shear.wave,2000,200000,200.0,0.19999999999999998,158683.4518369953,504.3022890698412,0.0031780395701744416,3.1780395701744416e+17,51,0.00032139457145404697,3.2139457145404694e+26,404.09375870988424,7.013830262678061,43.40747600789501,11.473415938454165,0.0,38.313808150929844,0.002546540007996437,4.420013669656551e-05,0.0002735475911658675,7.230379605202958e-05,0.0,0.00024144803826354252,3491,1125,8884,0.08333333333333333,0.658074074074074,1,1,1
flow,0.5,0.5,0,registered,during_vibration,flow_dump_0.5_0.5.shear.wave,2001,200100,200.1,0.2001,158683.45183699526,396.8925072204448,0.002501158770028179,2.5011587700281792e+17,33,0.00020796119329379514,2.0796119329379515e+26,366.2156950562811,7.892237194154784,11.264345945969877,6.954830326545684,0.0,4.565398697493368,0.002307837968085479,4.9735729231942495e-05,7.098626741206119e-05,4.382832769285804e-05,0.0,2.8770477605838146e-05,3449,1101,8950,0.08155555555555556,0.662962962962963,1,1,1
flow,0.5,0.5,0,registered,during_vibration,flow_dump_0.5_0.5.shear.wave,2002,200200,200.20000000000002,0.2002,158683.45183699526,429.2549242529088,0.0027051020083294713,2.7051020083294714e+17,37,0.00023316861066273998,2.3316861066274e+26,417.08505798167124,6.520134490510104,0.0,0.0,0.0,5.6497317807273735,0.0026284092837236387,4.108893785098522e-05,0.0,0.0,0.0,3.560378675484675e-05,3581,1159,8760,0.08585185185185185,0.6488888888888888,1,1,1
flow,0.5,0.5,0,registered,during_vibration,flow_dump_0.5_0.5.shear.wave,2003,200300,200.3,0.20029999999999998,158683.45183699526,461.94731738646635,0.0029111247079562745,2.9111247079562746e+17,42,0.00026467788237392105,2.6467788237392104e+26,425.51374013188905,16.061220192067324,5.043747731580033,0.0,0.0,15.328609330929929,0.002681525610931318,0.00010121547020899145,3.1784963543401695e-05,0.0,0.0,9.659866327256335e-05,3851,1291,8358,0.09562962962962963,0.6191111111111111,1,1,1
flow,0.5,0.5,0,registered,during_vibration,flow_dump_0.5_0.5.shear.wave,2004,200400,200.4,0.2004,158683.4518369953,497.4495333924573,0.003134854502052636,3.134854502052636e+17,50,0.00031509271711181074,3.150927171118107e+26,436.25606586386874,14.537339754075099,5.294128918643165,0.0,0.0,41.36199885587033,0.002749222182991109,9.161219765378131e-05,3.336282931430975e-05,0.0,0.0,0.00026065729209343583,3950,1371,8179,0.10155555555555555,0.6058518518518519,1,1,1
flow,0.5,0.5,0,registered,during_vibration,flow_dump_0.5_0.5.shear.wave,2005,200500,200.5,0.20049999999999998,158683.45183699526,547.8186784654988,0.0034522735176459093,3.452273517645909e+17,55,0.0003466019888229919,3.466019888229919e+26,467.64837327598605,8.42385747824968,37.309948451264106,0.0,0.0,34.43649925999878,0.0029470519317689754,5.308592282768676e-05,0.00023512186065620809,0.0,0.0,0.00021701380239303757,4101,1399,8000,0.10362962962962963,0.5925925925925926,1,1,1
flow,0.5,0.5,0,registered,during_vibration,flow_dump_0.5_0.5.shear.wave,2006,200600,200.6,0.2006,158683.45183699526,607.4094155946372,0.0038278056631802265,3.8278056631802266e+17,60,0.00037811126053417294,3.78111260534173e+26,473.3196697616759,7.613730647454173,72.15375610210022,0.0,0.0,54.322259083406934,0.0029827916161534293,4.798062154127604e-05,0.0004547024612006731,0.0,0.0,0.0003423309642848487,4122,1420,7958,0.10518518518518519,0.5894814814814815,1,1,1
flow,0.5,0.5,0,registered,during_vibration,flow_dump_0.5_0.5.shear.wave,2007,200700,200.70000000000002,0.2007,158683.45183699526,590.1854350553448,0.003719262646628095,3.719262646628095e+17,53,0.00033399828013851943,3.3399828013851945e+26,502.95724262178436,7.4463241182142985,65.52285919278486,0.0,0.0,14.259009122561242,0.003169563283375246,4.692564997806704e-05,0.0004129155147197835,0.0,0.0,8.985819855499838e-05,4098,1390,8012,0.10296296296296296,0.5934814814814815,1,1,1
flow,0.5,0.5,0,registered,during_vibration,flow_dump_0.5_0.5.shear.wave,2008,200800,200.8,0.20079999999999998,158683.4518369953,684.8651806262797,0.00431592061237611,4.31592061237611e+17,70,0.00044112980395653504,4.41129803956535e+26,534.1522682266092,0.0,93.3674515662782,0.0,0.0,57.345460833392266,0.00336614979093918,0.0,0.0005883880800764798,0.0,0.0,0.00036138274136044985,3970,1310,8220,0.09703703703703703,0.6088888888888889,1,1,1
flow,0.5,0.5,0,registered,during_vibration,flow_dump_0.5_0.5.shear.wave,2009,200900,200.9,0.2009,158683.45183699526,549.517782656886,0.003462981024772314,3.462981024772314e+17,52,0.00032769642579628326,3.276964257962832e+26,479.97585018026916,0.0,49.34125220237917,4.7330529390222775,0.0,15.467627335215465,0.0030247378956270487,0.0,0.0003109413844429354,2.9827010215811423e-05,0.0,9.747473448651917e-05,3760,1241,8499,0.09192592592592592,0.6295555555555555,1,1,1
flow,0.5,0.5,0,registered,during_vibration,flow_dump_0.5_0.5.shear.wave,2010,201000,201.0,0.20099999999999998,158683.45183699526,504.53172707206284,0.0031794854550450165,3.179485455045016e+17,48,0.0003024890084273384,3.024890084273384e+26,421.2047160890641,24.565936124606765,41.936580142144315,5.405757118994859,0.0,11.418737597252775,0.002654370769056241,0.00015481095123795065,0.0002642782196673092,3.406629397341209e-05,0.0,7.195922111010334e-05,3538,1151,8811,0.08525925925925926,0.6526666666666666,1,1,1
flow,0.5,0.5,0,registered,during_vibration,flow_dump_0.5_0.5.shear.wave,2011,201100,201.1,0.2011,158683.45183699526,445.2626349941205,0.0028059802697732376,2.8059802697732378e+17,39,0.0002457723193472124,2.4577231934721242e+26,382.7983093441194,17.938084471044775,14.323853122594173,0.0,0.0,30.20238805636224,0.002412339187940921,0.00011304319551525355,9.026683599817386e-05,0.0,0.0,0.0001903310503188896,3504,1138,8858,0.0842962962962963,0.6561481481481481,1,1,1
flow,0.5,0.5,0,registered,during_vibration,flow_dump_0.5_0.5.shear.wave,2012,201200,201.20000000000002,0.2012,158683.45183699526,424.09873403255114,0.0026726084485999145,2.6726084485999146e+17,35,0.00022056490197826757,2.205649019782676e+26,393.9923427958675,17.263563474337417,0.0,0.0,0.0,12.842827762346307,0.0024828823562559575,0.00010879246244322378,0.0,0.0,0.0,8.09336299007339e-05,3622,1119,8759,0.08288888888888889,0.6488148148148148,1,1,1
flow,0.5,0.5,0,registered,during_vibration,flow_dump_0.5_0.5.shear.wave,2013,201300,201.3,0.20129999999999998,158683.45183699526,515.1730295146132,0.0032465453930496514,3.246545393049651e+17,48,0.0003024890084273384,3.024890084273384e+26,485.8802586041281,9.807181540716483,12.219290677731738,0.0,0.0,7.2662986920368535,0.00306194661749128,6.180342957746303e-05,7.700419001651027e-05,0.0,0.0,4.5791155964397785e-05,3871,1187,8442,0.08792592592592592,0.6253333333333333,1,1,1
flow,0.5,0.5,0,registered,during_vibration,flow_dump_0.5_0.5.shear.wave,2014,201400,201.4,0.2014,158683.45183699526,506.30217498975134,0.003190642559942805,3.190642559942805e+17,51,0.000321394571454047,3.21394571454047e+26,444.4396524782904,0.0,26.8608183092208,0.0,0.0,35.00170420224023,0.002800793953832269,0.0,0.00016927296449798114,0.0,0.0,0.00022057564161255517,4076,1342,8082,0.0994074074074074,0.5986666666666667,1,1,1
flow,0.5,0.5,0,registered,during_vibration,flow_dump_0.5_0.5.shear.wave,2015,201500,201.5,0.20149999999999998,158683.4518369953,458.3182271066632,0.0028882547096181293,2.888254709618129e+17,46,0.00028988529974286587,2.898852997428659e+26,389.64593319422886,0.0,47.45130672067166,0.0,0.0,21.220987191762717,0.002455491916034733,0.0,0.0002990312233024472,0.0,0.0,0.00013373157028094898,4152,1435,7913,0.10629629629629629,0.5861481481481482,1,1,1
flow,0.5,0.5,0,registered,during_vibration,flow_dump_0.5_0.5.shear.wave,2016,201600,201.6,0.2016,158683.45183699526,516.7238542681702,0.0032563184647569016,3.256318464756902e+17,49,0.00030879086276957456,3.0879086276957458e+26,443.7636706219295,9.207657831668907,47.566424840041165,0.0,0.0,16.186100974530518,0.0027965340146354884,5.8025318488328003e-05,0.00029975668092286603,0.0,0.0,0.00010200245071021899,4127,1374,7999,0.10177777777777777,0.5925185185185186,1,1,1
flow,0.5,0.5,0,registered,during_vibration,flow_dump_0.5_0.5.shear.wave,2017,201700,201.70000000000002,0.2017,158683.45183699526,602.2389527708484,0.0037952221595827624,3.795222159582762e+17,59,0.00037180940619193677,3.7180940619193676e+26,503.87016870492937,0.0,73.13371872215274,0.0,0.0,25.23506534376612,0.003175316410576454,0.0,0.00046087804289308027,0.0,0.0,0.00015902770611322717,4026,1320,8154,0.09777777777777778,0.604,1,1,1
flow,0.5,0.5,0,registered,during_vibration,flow_dump_0.5_0.5.shear.wave,2018,201800,201.8,0.20179999999999998,158683.45183699526,628.1017740691177,0.00395820589228374,3.95820589228374e+17,65,0.00040962053224535404,4.096205322453541e+26,520.8553403576523,0.0,84.96515521052375,0.0,0.0,22.28127850094186,0.003282354488309793,0.0,0.0005354380323022132,0.0,0.0,0.0001404133716717349,3941,1285,8274,0.09518518518518519,0.6128888888888889,1,1,1
flow,0.5,0.5,0,registered,during_vibration,flow_dump_0.5_0.5.shear.wave,2019,201900,201.9,0.2019,158683.4518369953,630.1937027653711,0.003971388922221872,3.971388922221872e+17,64,0.00040331867790311776,4.033186779031178e+26,527.4141553056503,4.280567007180369,80.21136476283645,4.914729584066082,0.0,13.372886105637779,0.0033236871847697577,2.6975509781432686e-05,0.0005054803373273738,3.097190997026362e-05,0.0,8.427398037304378e-05,3747,1213,8540,0.08985185185185185,0.6325925925925926,1,1,1
flow,0.5,0.5,0,registered,during_vibration,flow_dump_0.5_0.5.shear.wave,2020,202000,202.0,0.20199999999999999,158683.45183699526,521.2963596776455,0.003285133727826502,3.2851337278265024e+17,53,0.00033399828013851943,3.3399828013851945e+26,429.8619362981749,13.42939570177846,40.92421738514695,10.68518875153412,4.587534637659644,21.80808690335146,0.002708927309822721,8.463009561686097e-05,0.00025789845703120715,6.733650313146887e-05,2.8909975076494472e-05,0.00013743138714775014,3512,1117,8871,0.08274074074074074,0.6571111111111111,1,1,1
flow,0.5,0.5,0,registered,during_vibration,flow_dump_0.5_0.5.shear.wave,2021,202100,202.1,0.2021,158683.45183699526,414.1790711680255,0.002610096178103584,2.610096178103584e+17,35,0.00022056490197826757,2.205649019782676e+26,363.76154734759973,11.222862635087736,19.9504973280345,10.223141971455277,0.0,9.02102188584817,0.0022923722866910363,7.072484562924823e-05,0.00012572512821644626,6.442475162411275e-05,0.0,5.6849165942740225e-05,3470,1083,8947,0.08022222222222222,0.6627407407407407,1,1,1
flow,0.5,0.5,0,registered,during_vibration,flow_dump_0.5_0.5.shear.wave,2022,202200,202.20000000000002,0.2022,158683.45183699526,423.96088919676464,0.0026717397705229586,2.6717397705229587e+17,36,0.00022686675632050378,2.2686675632050377e+26,399.52634013682837,19.008850886048663,0.0,0.0,0.0,5.425698173887567,0.002517756801429015,0.0001197910094971665,0.0,0.0,0.0,3.4191959596776475e-05,3620,1151,8729,0.08525925925925926,0.6465925925925926,1,1,1
flow,0.5,0.5,0,registered,during_vibration,flow_dump_0.5_0.5.shear.wave,2023,202300,202.3,0.20229999999999998,158683.4518369953,493.3676372928912,0.0031091309873930283,3.1091309873930285e+17,43,0.00027097973671615723,2.7097973671615723e+26,433.986282973734,17.628790141301316,10.827023667583118,0.0,0.0,30.925540510272846,0.0027349183418289803,0.00011109406770033067,6.823032611305295e-05,0.0,0.0,0.0001948882517506649,3817,1255,8428,0.09296296296296297,0.6242962962962963,1,1,1
flow,0.5,0.5,0,registered,during_vibration,flow_dump_0.5_0.5.shear.wave,2024,202400,202.4,0.2024,158683.45183699526,488.18364102967774,0.0030764621980315606,3.0764621980315603e+17,43,0.0002709797367161573,2.709797367161573e+26,412.7255066995896,16.196864894180134,27.56108080550258,0.0,0.0,31.700188630405446,0.002600936026546451,0.0001020702833640024,0.00017368591675087966,0.0,0.0,0.0001997699713702277,3908,1365,8227,0.10111111111111111,0.6094074074074074,1,1,1
flow,0.5,0.5,0,registered,during_vibration,flow_dump_0.5_0.5.shear.wave,2025,202500,202.5,0.20249999999999999,158683.45183699526,539.0507493531516,0.0033970193054968442,3.397019305496844e+17,54,0.00034030013448075566,3.403001344807557e+26,501.26516284826715,0.0,25.333858970634758,0.0,0.0,12.451727534249706,0.003158900043107096,0.0,0.00015965028915969457,0.0,0.0,7.846897323005377e-05,4034,1354,8112,0.1002962962962963,0.6008888888888889,1,1,1
flow,0.5,0.5,0,registered,during_vibration,flow_dump_0.5_0.5.shear.wave,2026,202600,202.6,0.2026,158683.45183699526,565.4043068204842,0.003563095586055726,3.563095586055726e+17,53,0.00033399828013851943,3.3399828013851945e+26,450.6591628959543,10.142847706745513,53.52911287860814,0.0,0.0,51.07318333917638,0.002839988402564408,6.391874886339486e-05,0.00033733267243010924,0.0,0.0,0.000321855762197815,4106,1358,8036,0.1005925925925926,0.5952592592592593,1,1,1
flow,0.5,0.5,0,registered,during_vibration,flow_dump_0.5_0.5.shear.wave,2027,202700,202.70000000000002,0.2027,158683.4518369953,580.5045874205716,0.0036582553549243716,3.658255354924372e+17,57,0.00035920569750746425,3.5920569750746426e+26,462.0045022763923,6.537735047219585,61.724484683406295,0.0,0.0,50.237865413553415,0.002911485078803164,4.119985399571063e-05,0.0003889787118244167,0.0,0.0,0.0003165917103010801,4102,1342,8056,0.0994074074074074,0.5967407407407408,1,1,1
flow,0.5,0.5,0,registered,during_vibration,flow_dump_0.5_0.5.shear.wave,2028,202800,202.8,0.20279999999999998,158683.45183699526,626.6909693878341,0.003949315206676946,3.949315206676946e+17,60,0.00037811126053417294,3.78111260534173e+26,526.269273691152,6.198457596451,57.05941911408285,0.0,0.0,37.163818986148584,0.0033164723075960858,3.9061776919361796e-05,0.00035958014810955915,0.0,0.0,0.00023420097405194118,3938,1276,8286,0.09451851851851852,0.6137777777777778,1,1,1
flow,0.5,0.5,0,registered,during_vibration,flow_dump_0.5_0.5.shear.wave,2029,202900,202.9,0.2029,158683.45183699526,546.4165155141496,0.0034434372909624266,3.443437290962427e+17,51,0.000321394571454047,3.21394571454047e+26,470.3732333924576,0.0,56.02075118276578,5.132570674703357,0.0,14.889960264222868,0.002964223603325948,0.0,0.00035303461409644715,3.2344712793213614e-05,0.0,9.383436074681759e-05,3758,1231,8511,0.09118518518518519,0.6304444444444445,1,1,1
flow,0.5,0.5,0,registered,during_vibration,flow_dump_0.5_0.5.shear.wave,2030,203000,203.0,0.20299999999999999,158683.45183699526,514.2706727846089,0.003240858872372428,3.240858872372428e+17,50,0.0003150927171118108,3.150927171118108e+26,424.53751539305944,12.985178549271923,43.67690013161122,5.454772828391054,0.0,27.61630588227525,0.002675373584821926,8.183070382544184e-05,0.0002752454627498117,3.437518383450829e-05,0.0,0.00017403393714073983,3543,1161,8796,0.086,0.6515555555555556,1,1,1
flow,0.5,0.5,0,registered,during_vibration,flow_dump_0.5_0.5.shear.wave,2031,203100,203.1,0.2031,158683.45183699526,439.47543572850725,0.0027695101829518466,2.7695101829518467e+17,40,0.00025207417368944865,2.5207417368944864e+26,375.1787466727865,24.464263258487623,18.534383385453566,0.0,0.0,21.298042411779434,0.0023643218138346407,0.00015417022364511016,0.00011680098441829133,0.0,0.0,0.00013421716105380333,3508,1133,8859,0.08392592592592593,0.6562222222222223,1,1,1
flow,0.5,0.5,0,registered,during_vibration,flow_dump_0.5_0.5.shear.wave,2032,203200,203.20000000000002,0.2032,158683.45183699526,453.6326886947553,0.0028587271290313335,2.8587271290313334e+17,39,0.0002457723193472124,2.4577231934721242e+26,416.22980459040474,16.037152398411024,8.248819316984505,0.0,0.0,13.116912388954967,0.002623019601426174,0.00010106379847903046,5.198285783106078e-05,0.0,0.0,8.266087129506787e-05,3625,1103,8772,0.08170370370370371,0.6497777777777778,1,1,1
flow,0.5,0.5,0,registered,during_vibration,flow_dump_0.5_0.5.shear.wave,2033,203300,203.3,0.20329999999999998,158683.45183699526,521.3642068623411,0.003285561290901985,3.285561290901985e+17,48,0.0003024890084273384,3.024890084273384e+26,478.09169969535526,10.751021350102977,12.224286195704341,0.0,0.0,20.297199621178578,0.0030128642537122674,6.775137057862071e-05,7.703567104313764e-05,0.0,0.0,0.0001279099955679595,3885,1194,8421,0.08844444444444445,0.6237777777777778,1,1,1
flow,0.5,0.5,0,registered,during_vibration,flow_dump_0.5_0.5.shear.wave,2034,203400,203.4,0.2034,158683.45183699526,520.332707137204,0.003279060929880114,3.279060929880114e+17,52,0.00032769642579628326,3.276964257962832e+26,459.3509316117105,20.6231893376734,27.464818346151716,0.0,0.0,12.893767841668343,0.002894762662987509,0.00012996433527837675,0.00017307928475342508,0.0,0.0,8.125464686080333e-05,4075,1325,8100,0.09814814814814815,0.6,1,1,1
flow,0.5,0.5,0,registered,during_vibration,flow_dump_0.5_0.5.shear.wave,2035,203500,203.5,0.2035,158683.45183699526,499.3212044240819,0.0031466495002705178,3.146649500270518e+17,49,0.00030879086276957456,3.0879086276957458e+26,430.08084299763414,0.0,44.841007581079396,0.0,0.0,24.399353845368292,0.002710306827957253,0.0,0.0002825814983350723,0.0,0.0,0.00015376117397819208,4148,1373,7979,0.1017037037037037,0.591037037037037,1,1,1
flow,0.5,0.5,0,registered,during_vibration,flow_dump_0.5_0.5.shear.wave,2036,203600,203.6,0.2036,158683.45183699526,569.8945310415708,0.0035913923250609947,3.5913923250609946e+17,54,0.00034030013448075566,3.403001344807557e+26,491.88967247863616,0.0,58.804107819761484,0.0,0.0,19.200750743173195,0.0030998170684106434,0.0,0.0003705749222052905,0.0,0.0,0.00012100033444506125,4123,1369,8008,0.1014074074074074,0.5931851851851851,1,1,1
flow,0.5,0.5,0,registered,during_vibration,flow_dump_0.5_0.5.shear.wave,2037,203700,203.70000000000002,0.2037,158683.45183699526,588.1848772929848,0.003706655423006472,3.706655423006472e+17,57,0.0003592056975074643,3.592056975074643e+26,501.9926228699677,0.0,60.13865037310638,0.0,0.0,26.053604049910504,0.003163484390203653,0.0,0.00037898501498998606,0.0,0.0,0.00016418601781283156,4077,1329,8094,0.09844444444444445,0.5995555555555555,1,1,1
flow,0.5,0.5,0,registered,during_vibration,flow_dump_0.5_0.5.shear.wave,2038,203800,203.8,0.20379999999999998,158683.4518369953,649.4909032337547,0.004092997068786558,4.092997068786558e+17,65,0.000409620532245354,4.09620532245354e+26,555.998110989344,0.0,73.16055671818603,0.0,6.265139303581105,14.06709622264339,0.0035038191100133305,0.0,0.00046104717203491953,0.0,3.948199532498736e-05,8.86487914133199e-05,3962,1285,8253,0.09518518518518519,0.6113333333333333,1,1,1
flow,0.5,0.5,0,registered,during_vibration,flow_dump_0.5_0.5.shear.wave,2039,203900,203.9,0.2039,158683.45183699526,645.7917892683571,0.004069685791381291,4.069685791381291e+17,67,0.00042222424092982645,4.2222424092982644e+26,510.46454976562853,0.0,79.48000594812791,11.794173347286415,0.0,44.05306020731399,0.003216873239498181,0.0,0.0005008714206051701,7.432516252168355e-05,0.0,0.0002776159687562551,3762,1206,8532,0.08933333333333333,0.632,1,1,1
flow,0.5,0.5,0,registered,during_vibration,flow_dump_0.5_0.5.shear.wave,2040,204000,204.0,0.204,158683.45183699526,502.4010140381481,0.003166058011860182,3.166058011860182e+17,47,0.00029618715408510216,2.9618715408510217e+26,405.89460713960443,16.199905915422402,36.98792377298146,18.371950318312248,0.0,24.9466268918276,0.002557888692492979,0.00010208944743692283,0.0002330925080390654,0.00011577735488880407,0.0,0.00015721000900241052,3524,1119,8857,0.08288888888888889,0.656074074074074,1,1,1
flow,0.5,0.5,0,registered,during_vibration,flow_dump_0.5_0.5.shear.wave,2041,204100,204.1,0.2041,158683.45183699526,432.2346495387292,0.0027238798030605896,2.7238798030605898e+17,36,0.00022686675632050378,2.2686675632050377e+26,369.7126222098386,11.577349378439685,23.316966602091192,16.240671661197474,0.0,11.387039687162186,0.002329875093652609,7.295876945210589e-05,0.0001469401272291652,0.00010234634722894996,0.0,7.175946549775914e-05,3497,1073,8930,0.07948148148148149,0.6614814814814814,1,1,1
flow,0.5,0.5,0,registered,during_vibration,flow_dump_0.5_0.5.shear.wave,2042,204200,204.20000000000002,0.2042,158683.4518369953,417.713064260103,0.0026323668878163254,2.6323668878163254e+17,32,0.00020165933895155888,2.016593389515589e+26,384.60282242575636,15.409074017556073,0.0,0.0,0.0,17.70116781679065,0.0024237109665400567,9.710574000737497e-05,0.0,0.0,0.0,0.0001115501812688941,3615,1126,8759,0.0834074074074074,0.6488148148148148,1,1,1
flow,0.5,0.5,0,registered,during_vibration,flow_dump_0.5_0.5.shear.wave,2043,204300,204.3,0.20429999999999998,158683.45183699526,420.4195233565728,0.0026494225988254985,2.6494225988254986e+17,38,0.0002394704650049762,2.394704650049762e+26,385.2720458487964,16.366304822792852,4.635635164463574,0.0,0.0,14.14553752052008,0.002427928315074468,0.00010313806911387866,2.921309759019767e-05,0.0,0.0,8.914311704695478e-05,3788,1233,8479,0.09133333333333334,0.6280740740740741,1,1,1
flow,0.5,0.5,0,registered,during_vibration,flow_dump_0.5_0.5.shear.wave,2044,204400,204.4,0.2044,158683.45183699526,442.81288286643905,0.002790542288690006,2.790542288690006e+17,38,0.0002394704650049762,2.394704650049762e+26,418.9606552303801,0.0,10.632372862876489,0.0,0.0,13.219854773182472,0.002640229024389701,0.0,6.70036650941927e-05,0.0,0.0,8.330959920611214e-05,3929,1318,8253,0.09762962962962964,0.6113333333333333,1,1,1
flow,0.5,0.5,0,registered,during_vibration,flow_dump_0.5_0.5.shear.wave,2045,204500,204.5,0.2045,158683.45183699526,575.9041868442334,0.0036292643005763495,3.6292643005763494e+17,53,0.00033399828013851943,3.3399828013851945e+26,496.9651350647755,3.410700873035779,44.86553680135703,0.0,0.0,30.662814105065067,0.003131801894347963,2.1493740106809377e-05,0.0002827360779083906,0.0,0.0,0.0001932325882131862,4091,1359,8050,0.10066666666666667,0.5962962962962963,1,1,1
flow,0.5,0.5,0,registered,during_vibration,flow_dump_0.5_0.5.shear.wave,2046,204600,204.6,0.2046,158683.4518369953,594.0914418371937,0.0037438777324270926,3.7438777324270925e+17,59,0.00037180940619193666,3.718094061919367e+26,481.0007734217809,7.85386222190894,57.84875818174977,0.0,0.0,47.38804801175421,0.0030311968126070276,4.9493895746461815e-05,0.00036455444794063256,0.0,0.0,0.00029863257613297147,4138,1344,8018,0.09955555555555555,0.593925925925926,1,1,1
flow,0.5,0.5,0,registered,during_vibration,flow_dump_0.5_0.5.shear.wave,2047,204700,204.70000000000002,0.2047,158683.45183699526,604.4653130188732,0.0038092523575791594,3.8092523575791597e+17,62,0.0003907149692186454,3.907149692186454e+26,477.1195534442117,18.72708348163465,57.07792836751292,0.0,0.0,51.540747725513896,0.00300673792963821,0.00011801535235615944,0.000359696790728659,0.0,0.0,0.0003248022848561311,4107,1341,8052,0.09933333333333333,0.5964444444444444,1,1,1
flow,0.5,0.5,0,registered,during_vibration,flow_dump_0.5_0.5.shear.wave,2048,204800,204.8,0.20479999999999998,158683.45183699526,614.9896842863847,0.003875575412350633,3.875575412350633e+17,59,0.00037180940619193677,3.7180940619193676e+26,498.6038872081638,0.0,72.08445029922588,0.0,0.0,44.30134677899476,0.0031421290716586235,0.0,0.0004542657061258873,0.0,0.0,0.00027918063456612054,3976,1282,8242,0.09496296296296296,0.6105185185185186,1,1,1
flow,0.5,0.5,0,registered,during_vibration,flow_dump_0.5_0.5.shear.wave,2049,204900,204.9,0.2049,158683.45183699526,572.9943053526191,0.003610926651263027,3.610926651263027e+17,56,0.00035290384316522807,3.529038431652281e+26,500.2113350688906,0.0,45.3737657149812,5.009933452730917,0.0,22.39927111601609,0.003152258973939663,0.0,0.000285938862494563,3.1571870883406805e-05,0.0,0.00014115694394539226,3787,1237,8476,0.09162962962962963,0.6278518518518519,1,1,1
flow,0.5,0.5,0,registered,during_vibration,flow_dump_0.5_0.5.shear.wave,2050,205000,205.0,0.205,158683.45183699526,524.6490049406576,0.003306261609935193,3.306261609935193e+17,49,0.00030879086276957456,3.0879086276957458e+26,455.6695312255522,0.0,37.363844670099546,10.609981530201509,0.0,21.00564751480435,0.002871563013978487,0.0,0.00023546150677690632,6.686255817714643e-05,0.0,0.0001323745310026532,3568,1154,8778,0.08548148148148148,0.6502222222222223,1,1,1
flow,0.5,0.5,0,registered,during_vibration,flow_dump_0.5_0.5.shear.wave,2051,205100,205.1,0.2051,158683.45183699526,428.5763686930923,0.002700825850028393,2.7008258500283933e+17,39,0.0002457723193472124,2.4577231934721242e+26,392.8309122209405,8.955720869229992,18.792103228726532,0.0,0.0,7.997632374195348,0.0024755631899441477,5.643764844761252e-05,0.00011842509733170151,0.0,0.0,5.039991430493189e-05,3555,1134,8811,0.084,0.6526666666666666,1,1,1
flow,0.5,0.5,0,registered,during_vibration,flow_dump_0.5_0.5.shear.wave,2052,205200,205.20000000000002,0.2052,158683.45183699526,376.05876713634945,0.0023698675746142016,2.3698675746142016e+17,30,0.00018905563026708647,1.890556302670865e+26,366.7959300684389,0.0,0.0,0.0,0.0,9.262837067910537,0.0023114945246163632,0.0,0.0,0.0,0.0,5.83730499978386e-05,3684,1103,8713,0.08170370370370371,0.6454074074074074,1,1,1
flow,0.5,0.5,0,registered,during_vibration,flow_dump_0.5_0.5.shear.wave,2053,205300,205.3,0.20529999999999998,158683.45183699526,458.1893558879501,0.0028874425819688933,2.8874425819688934e+17,40,0.00025207417368944865,2.5207417368944864e+26,434.06207950492217,0.0,13.999954250390639,4.7832078993407166,0.0,5.344114233296613,0.0027353960005281753,0.0,8.822567248393261e-05,3.0143079470278864e-05,0.0,3.367782948650663e-05,3899,1191,8410,0.08822222222222222,0.6229629629629629,1,1,1
flow,0.5,0.5,0,registered,during_vibration,flow_dump_0.5_0.5.shear.wave,2054,205400,205.4,0.2054,158683.45183699526,457.19286343768437,0.0028811628316941806,2.8811628316941805e+17,40,0.00025207417368944865,2.5207417368944864e+26,403.63785382017574,12.677390244230473,27.945423050682166,0.0,0.0,12.932196322596031,0.0025436669617875814,7.989106675882684e-05,0.00017610798559756946,0.0,0.0,8.149681755020303e-05,4122,1313,8065,0.09725925925925925,0.5974074074074074,1,1,1
flow,0.5,0.5,0,registered,during_vibration,flow_dump_0.5_0.5.shear.wave,2055,205500,205.5,0.2055,158683.45183699526,514.1135077411212,0.0032398684411606773,3.239868441160677e+17,48,0.0003024890084273384,3.024890084273384e+26,463.77326251715056,0.0,45.60877754821899,0.0,0.0,4.731467675751726,0.002922631548206762,0.0,0.0002874198728363295,0.0,0.0,2.981702011758631e-05,4167,1382,7951,0.10237037037037038,0.5889629629629629,1,1,1
flow,0.5,0.5,0,registered,during_vibration,flow_dump_0.5_0.5.shear.wave,2056,205600,205.6,0.20559999999999998,158683.45183699526,568.917978157991,0.0035852382310311843,3.5852382310311846e+17,54,0.00034030013448075566,3.403001344807557e+26,480.13075643226955,9.41550202302158,72.58053525824413,0.0,0.0,6.7911844444557214,0.003025714092263857,5.9335122308112416e-05,0.00045739196127899453,0.0,0.0,4.2797055180220335e-05,4114,1384,8002,0.10251851851851852,0.5927407407407408,1,1,1
flow,0.5,0.5,0,registered,during_vibration,flow_dump_0.5_0.5.shear.wave,2057,205700,205.70000000000002,0.2057,158683.4518369953,637.7782075855457,0.004019185366856601,4.0191853668566016e+17,61,0.0003844131148764091,3.844131148764091e+26,535.849127261613,5.837749284961977,70.0845878984401,0.0,0.0,26.006743140530794,0.003376843149417082,3.6788645680323994e-05,0.00044166286457162046,0.0,0.0,0.0001638907071875759,4031,1341,8128,0.09933333333333333,0.6020740740740741,1,1,1
flow,0.5,0.5,0,registered,during_vibration,flow_dump_0.5_0.5.shear.wave,2058,205800,205.8,0.20579999999999998,158683.45183699526,595.2552640841433,0.0037512119707076236,3.751211970707624e+17,62,0.0003907149692186454,3.907149692186454e+26,507.16248317832947,0.0,73.86535956926218,0.0,0.0,14.227421336551753,0.0031960640968366574,0.0,0.00046548873694239433,0.0,0.0,8.965913692857285e-05,3916,1293,8291,0.09577777777777778,0.6141481481481481,1,1,1
flow,0.5,0.5,0,registered,during_vibration,flow_dump_0.5_0.5.shear.wave,2059,205900,205.9,0.2059,158683.45183699526,575.3728145827,0.0036259156699826613,3.625915669982661e+17,57,0.0003592056975074643,3.592056975074643e+26,477.9882469017494,0.0,65.81309401073796,5.867323003409378,0.0,25.704150666803397,0.003012212309275666,0.0,0.0004147445322675693,3.6975014946337825e-05,0.0,0.0001619838134930889,3706,1206,8588,0.08933333333333333,0.6361481481481481,1,1,1
flow,0.5,0.5,0,registered,during_vibration,flow_dump_0.5_0.5.shear.wave,2060,206000,206.0,0.206,158683.45183699526,534.4491195391704,0.0033680205046722434,3.368020504672243e+17,51,0.000321394571454047,3.21394571454047e+26,412.81004376999635,8.457809507572268,49.85951379702856,10.10193592163067,0.0,53.219816542942596,0.002601468766850674,5.329988357110105e-05,0.000314207393523591,6.366092875272025e-05,0.0,0.0003353835319741576,3498,1109,8893,0.08214814814814815,0.6587407407407407,1,1,1
flow,0.5,0.5,0,registered,during_vibration,flow_dump_0.5_0.5.shear.wave,2061,206100,206.1,0.20609999999999998,158683.4518369953,414.57247826118095,0.002612575372301852,2.6125753723018518e+17,34,0.00021426304763603131,2.1426304763603133e+26,375.7650514078256,0.0,16.55034729938491,5.215518003497202,0.0,17.0415615504732,0.00236801662087502,0.0,0.00010429787799414621,3.2867434777349996e-05,0.0,0.00010739343865533526,3485,1081,8934,0.08007407407407408,0.6617777777777778,1,1,1
flow,0.5,0.5,0,registered,during_vibration,flow_dump_0.5_0.5.shear.wave,2062,206200,206.20000000000002,0.2062,158683.45183699526,379.39962156470176,0.002390921152600293,2.3909211526002928e+17,29,0.00018275377592485027,1.8275377592485027e+26,368.5602757045581,6.181929559057723,0.0,0.0,0.0,4.657416301086,0.002322613173824546,3.895761963514633e-05,0.0,0.0,0.0,2.9350359140600544e-05,3618,1130,8752,0.0837037037037037,0.6482962962962963,1,1,1
flow,0.5,0.5,0,registered,during_vibration,flow_dump_0.5_0.5.shear.wave,2063,206300,206.3,0.20629999999999998,158683.45183699526,412.97167460042203,0.002602487340801231,2.602487340801231e+17,35,0.00022056490197826757,2.205649019782676e+26,404.68381029389997,0.0,0.0,0.0,0.0,8.28786430652208,0.0025502584271333106,0.0,0.0,0.0,0.0,5.2228913667920715e-05,3804,1204,8492,0.08918518518518519,0.6290370370370371,1,1,1
flow,0.5,0.5,0,registered,during_vibration,flow_dump_0.5_0.5.shear.wave,2064,206400,206.4,0.2064,158683.45183699526,387.08355744168426,0.0024393441972721196,2.4393441972721197e+17,35,0.00022056490197826757,2.205649019782676e+26,378.39503677998994,0.0,0.0,0.0,0.0,8.688520661694309,0.0023845904056126123,0.0,0.0,0.0,0.0,5.475379165950736e-05,3899,1314,8287,0.09733333333333333,0.6138518518518519,1,1,1
flow,0.5,0.5,0,registered,during_vibration,flow_dump_0.5_0.5.shear.wave,2065,206500,206.5,0.2065,158683.4518369953,575.0748419317912,0.003624037889738663,3.624037889738663e+17,53,0.0003339982801385194,3.339982801385194e+26,532.4673048739561,0.0,26.962500154814627,0.0,0.0,15.64503690302047,0.003355531397318755,0.0,0.00016991374867816316,0.0,0.0,9.859274374174538e-05,4065,1353,8082,0.10022222222222223,0.5986666666666667,1,1,1
flow,0.5,0.5,0,registered,during_vibration,flow_dump_0.5_0.5.shear.wave,2066,206600,206.6,0.20659999999999998,158683.45183699526,572.6076166035582,0.0036084897950906638,3.608489795090664e+17,55,0.0003466019888229919,3.466019888229919e+26,493.3503202879516,7.308859754340062,54.48580311722766,0.0,0.0,17.46263344403898,0.0031090218581502557,4.605936957968345e-05,0.0003433615949645287,0.0,0.0,0.0001100469723961964,4128,1339,8033,0.09918518518518518,0.595037037037037,1,1,1
flow,0.5,0.5,0,registered,during_vibration,flow_dump_0.5_0.5.shear.wave,2067,206700,206.70000000000002,0.2067,158683.45183699526,621.3812437494813,0.0039158540891068095,3.9158540891068096e+17,60,0.00037811126053417294,3.78111260534173e+26,502.1315573760446,21.9967104685821,49.66597307918267,0.0,0.0,47.58700282567177,0.0031643599352240604,0.00013862006538134695,0.00031298772811043433,0.0,0.0,0.0002998863603909667,4058,1337,8105,0.09903703703703703,0.6003703703703703,1,1,1
flow,0.5,0.5,0,registered,during_vibration,flow_dump_0.5_0.5.shear.wave,2068,206800,206.8,0.20679999999999998,158683.45183699526,631.3661196481575,0.003978777322645571,3.978777322645571e+17,60,0.00037811126053417294,3.78111260534173e+26,515.2217732892842,4.220764888939012,69.1347833229579,0.0,0.0,42.78879814697613,0.003246852569217719,2.6598645542918473e-05,0.00043567733448334216,0.0,0.0,0.0002696487734015905,3952,1280,8268,0.09481481481481481,0.6124444444444445,1,1,1
flow,0.5,0.5,0,registered,during_vibration,flow_dump_0.5_0.5.shear.wave,2069,206900,206.9,0.2069,158683.4518369953,594.4254695473185,0.0037459827264025697,3.7459827264025696e+17,61,0.0003844131148764091,3.844131148764091e+26,521.1211393400635,0.0,49.178943096038566,5.4199388063268845,0.0,18.705448304889458,0.0032840295147812623,0.0,0.00030991853609635834,3.4155664901305645e-05,0.0,0.00011787901062364267,3779,1260,8461,0.09333333333333334,0.6267407407407407,1,1,1
flow,0.5,0.5,0,registered,during_vibration,flow_dump_0.5_0.5.shear.wave,2070,207000,207.0,0.207,158683.45183699526,528.7222996757154,0.0033319309200485247,3.331930920048525e+17,50,0.0003150927171118108,3.150927171118108e+26,459.10333348396375,0.0,33.61536282167377,15.031114514625463,6.834758988617799,14.137729866834501,0.0028932023356510383,0.0,0.0002118391201636107,9.472389427264229e-05,4.307165561055908e-05,8.909391435067363e-05,3545,1167,8788,0.08644444444444445,0.650962962962963,1,1,1
flow,0.5,0.5,0,registered,during_vibration,flow_dump_0.5_0.5.shear.wave,2071,207100,207.1,0.20709999999999998,158683.45183699526,410.86794078458774,0.002589229916719007,2.5892299167190067e+17,40,0.00025207417368944865,2.5207417368944864e+26,378.3625222025245,4.713432114388191,16.500221623359657,0.0,0.0,11.291764844315505,0.0023843855034814255,2.9703362636892852e-05,0.00010398199328502895,0.0,0.0,7.115905731565991e-05,3489,1144,8867,0.08474074074074074,0.6568148148148149,1,1,1
flow,0.5,0.5,0,registered,during_vibration,flow_dump_0.5_0.5.shear.wave,2072,207200,207.20000000000002,0.2072,158683.45183699526,454.1334232227344,0.002861882685090786,2.861882685090786e+17,36,0.00022686675632050378,2.2686675632050377e+26,434.05708689895613,0.0,12.189855100060228,7.886481223718026,0.0,0.0,0.0027353645378525894,0.0,7.681869129354484e-05,4.969945594465183e-05,0.0,0.0,3644,1125,8731,0.08333333333333333,0.6467407407407407,1,1,1
flow,0.5,0.5,0,registered,during_vibration,flow_dump_0.5_0.5.shear.wave,2073,207300,207.3,0.20729999999999998,158683.45183699526,500.29698143868126,0.003152798704887025,3.152798704887025e+17,45,0.0002835834454006297,2.835834454006297e+26,474.2857357915351,0.0,15.848273733500754,0.0,0.0,10.162971913645386,0.002988879623558584,0.0,9.98735126444099e-05,0.0,0.0,6.404556868403088e-05,3886,1193,8421,0.08837037037037038,0.6237777777777778,1,1,1
flow,0.5,0.5,0,registered,during_vibration,flow_dump_0.5_0.5.shear.wave,2074,207400,207.4,0.2074,158683.45183699526,459.75451655686817,0.002897305996526612,2.897305996526612e+17,43,0.0002709797367161573,2.709797367161573e+26,410.38808571397203,0.0,20.238796438382522,0.0,0.0,29.127634404513614,0.002586205939958603,0.0,0.00012754194721685576,0.0,0.0,0.0001835581093511531,4082,1311,8107,0.0971111111111111,0.6005185185185186,1,1,1
flow,0.5,0.5,0,registered,during_vibration,flow_dump_0.5_0.5.shear.wave,2075,207500,207.5,0.2075,158683.45183699526,527.7815333125483,0.0033260023474577702,3.32600234745777e+17,55,0.0003466019888229919,3.466019888229919e+26,472.6436436710381,0.0,40.017214227232756,0.0,0.0,15.120675414277366,0.002978531398198678,0.0,0.0002521826552420836,0.0,0.0,9.528829401700822e-05,4121,1391,7988,0.10303703703703704,0.5917037037037037,1,1,1
flow,0.5,0.5,0,registered,during_vibration,flow_dump_0.5_0.5.shear.wave,2076,207600,207.6,0.20759999999999998,158683.4518369953,553.1092743536834,0.0034856140823168818,3.485614082316882e+17,54,0.0003403001344807556,3.403001344807556e+26,499.7026379025216,0.0,45.57605124551504,0.0,0.0,7.830585205646939,0.0031490532384928966,0.0,0.0002872136364435292,0.0,0.0,4.934720738045682e-05,4068,1387,8045,0.10274074074074074,0.595925925925926,1,1,1
flow,0.5,0.5,0,registered,during_vibration,flow_dump_0.5_0.5.shear.wave,2077,207700,207.70000000000002,0.2077,158683.45183699526,634.4220602665504,0.003998035415301207,3.998035415301207e+17,66,0.0004159223865875903,4.159223865875903e+26,546.1000738601939,0.0,61.88794798915446,0.0,0.0,26.434038417202125,0.0034414431217513813,0.0,0.00039000883376754216,0.0,0.0,0.00016658345978228415,4023,1321,8156,0.09785185185185186,0.6041481481481481,1,1,1
flow,0.5,0.5,0,registered,during_vibration,flow_dump_0.5_0.5.shear.wave,2078,207800,207.8,0.20779999999999998,158683.45183699526,625.813706240256,0.003943786822101097,3.943786822101097e+17,62,0.0003907149692186454,3.907149692186454e+26,518.2687900129563,0.0,75.30027509424347,0.0,6.601129505474674,25.643511627581738,0.0032660544247886582,0.0,0.0004745313655742398,0.0,4.1599356637739176e-05,0.00016160167510046087,3894,1283,8323,0.09503703703703703,0.6165185185185185,1,1,1
flow,0.5,0.5,0,registered,during_vibration,flow_dump_0.5_0.5.shear.wave,2079,207900,207.9,0.2079,158683.45183699526,681.3353566159478,0.004293676175609272,4.2936761756092717e+17,66,0.0004159223865875903,4.159223865875903e+26,575.1488686767387,0.0,64.7603799641058,4.542092671541372,0.0,36.88401530356163,0.003624504395502753,0.0,0.00040811048168166737,2.862360642499229e-05,0.0,0.0002324376919998569,3713,1200,8587,0.08888888888888889,0.6360740740740741,1,1,1
flow,0.5,0.5,0,registered,during_vibration,flow_dump_0.5_0.5.shear.wave,2080,208000,208.0,0.208,158683.4518369953,467.0308847393101,0.002943160608952843,2.943160608952843e+17,43,0.00027097973671615723,2.7097973671615723e+26,379.94159474211506,8.561787473326067,42.65920951627715,6.6363079906436075,4.40561938550022,24.826365631447906,0.00239433658862175,5.3955137566083505e-05,0.0002688321247265156,4.182104632725431e-05,2.7763571654754605e-05,0.00015645214005648392,3526,1108,8866,0.08207407407407408,0.6567407407407407,1,1,1
flow,0.5,0.5,0,registered,during_vibration,flow_dump_0.5_0.5.shear.wave,2081,208100,208.1,0.20809999999999998,158683.45183699526,429.0101105075432,0.0027035592277652,2.7035592277651997e+17,36,0.00022686675632050378,2.2686675632050377e+26,372.7060850577245,0.0,23.085717801369153,6.4228809434322685,0.0,26.795426705017277,0.002348739460498882,0.0,0.00014548283097019812,4.047606016303488e-05,0.0,0.00016886087613308539,3512,1072,8916,0.07940740740740741,0.6604444444444444,1,1,1
flow,0.5,0.5,0,registered,during_vibration,flow_dump_0.5_0.5.shear.wave,2082,208200,208.20000000000002,0.2082,158683.45183699526,404.2278742676249,0.002547385184706347,2.5473851847063472e+17,32,0.0002016593389515589,2.0165933895155893e+26,393.58362365297,0.0,0.0,0.0,0.0,10.64425061465483,0.0024803066677505335,0.0,0.0,0.0,0.0,6.707851695581305e-05,3619,1115,8766,0.08259259259259259,0.6493333333333333,1,1,1
flow,0.5,0.5,0,registered,during_vibration,flow_dump_0.5_0.5.shear.wave,2083,208300,208.3,0.20829999999999999,158683.45183699526,409.00422085945075,0.00257748502521607,2.57748502521607e+17,38,0.0002394704650049762,2.394704650049762e+26,390.3493198129423,2.8561342387297315,0.0,0.0,0.0,15.798766807778723,0.002459924556052144,1.7998941954348488e-05,0.0,0.0,0.0,9.956152720957774e-05,3780,1223,8497,0.09059259259259259,0.6294074074074074,1,1,1
flow,0.5,0.5,0,registered,during_vibration,flow_dump_0.5_0.5.shear.wave,2084,208400,208.4,0.2084,158683.4518369953,415.6087372108073,0.002619105725263236,2.619105725263236e+17,37,0.00023316861066273995,2.3316861066273995e+26,390.6932836882603,0.0,0.0,0.0,0.0,24.91545352254701,0.0024620921662933883,0.0,0.0,0.0,0.0,0.00015701355896984747,3934,1328,8238,0.09837037037037037,0.6102222222222222,1,1,1
flow,0.5,0.5,0,registered,during_vibration,flow_dump_0.5_0.5.shear.wave,2085,208500,208.5,0.2085,158683.45183699526,546.7792687060766,0.003445723308740131,3.445723308740131e+17,51,0.000321394571454047,3.21394571454047e+26,479.8491328567659,6.849241098960444,38.8708912292972,4.972654970438171,0.0,16.23734855061504,0.003023939341511693,4.3162919760506626e-05,0.00024495869467993823,3.133694731789829e-05,0.0,0.00010232540547009631,4040,1342,8118,0.0994074074074074,0.6013333333333334,1,1,1
flow,0.5,0.5,0,registered,during_vibration,flow_dump_0.5_0.5.shear.wave,2086,208600,208.6,0.20859999999999998,158683.45183699526,714.6312110899213,0.004503501800704546,4.503501800704546e+17,73,0.0004600353669832438,4.600353669832438e+26,595.9784981599373,7.293710566260911,66.70059211112891,0.0,0.0,44.65841025259391,0.0037557696865086194,4.596390160300549e-05,0.00042033741602524443,0.0,0.0,0.00028143079656767526,4101,1360,8039,0.10074074074074074,0.5954814814814815,1,1,1
flow,0.5,0.5,0,registered,during_vibration,flow_dump_0.5_0.5.shear.wave,2087,208700,208.70000000000002,0.2087,158683.45183699526,611.8177403824773,0.003855586283886464,3.855586283886464e+17,60,0.00037811126053417294,3.78111260534173e+26,497.91259664600466,7.010064529030885,61.846684799434826,0.0,0.0,45.04839440800678,0.003137772659227734,4.417640559162935e-05,0.0003897487991562329,0.0,0.0,0.0002838884199108672,4067,1353,8080,0.10022222222222223,0.5985185185185186,1,1,1
flow,0.5,0.5,0,registered,during_vibration,flow_dump_0.5_0.5.shear.wave,2088,208800,208.8,0.20879999999999999,158683.4518369953,600.8215662775153,0.003786289996355124,3.786289996355124e+17,57,0.00035920569750746425,3.5920569750746426e+26,479.7215504728958,3.9280769311517036,69.89414535489588,0.0,0.0,47.27779351857236,0.003023135335911908,2.4754168665216268e-05,0.0004404627234016398,0.0,0.0,0.0002979377683763624,3929,1315,8256,0.0974074074074074,0.6115555555555555,1,1,1
flow,0.5,0.5,0,registered,during_vibration,flow_dump_0.5_0.5.shear.wave,2089,208900,208.9,0.2089,158683.45183699526,566.2313971611113,0.0035683077889102285,3.5683077889102285e+17,58,0.00036550755184970053,3.6550755184970054e+26,485.6841729451373,0.0,52.398208452878386,6.1185551428048415,0.0,22.030460620290704,0.0030607109142297187,0.0,0.00033020587746417004,3.855824329489642e-05,0.0,0.00013883275392144294,3757,1268,8475,0.09392592592592593,0.6277777777777778,1,1,1
flow,0.5,0.5,0,registered,during_vibration,flow_dump_0.5_0.5.shear.wave,2090,209000,209.0,0.209,158683.45183699526,557.6125908658211,0.003513993327033361,3.5139933270333606e+17,49,0.00030879086276957456,3.0879086276957458e+26,488.68418298057054,0.0,31.767054948487793,0.0,0.0,37.16135293676255,0.003079616540498266,0.0,0.00020019135316718428,0.0,0.0,0.00023418543336790963,3532,1172,8796,0.08681481481481482,0.6515555555555556,1,1,1
flow,0.5,0.5,0,registered,during_vibration,flow_dump_0.5_0.5.shear.wave,2091,209100,209.1,0.20909999999999998,158683.45183699526,422.06074930110765,0.002659765365670656,2.6597653656706563e+17,39,0.0002457723193472124,2.4577231934721242e+26,393.41480067783476,0.0,15.420158820252771,0.0,0.0,13.22578980302005,0.0024792427699516085,0.0,9.717559481938201e-05,0.0,0.0,8.334700089966537e-05,3485,1146,8869,0.08488888888888889,0.656962962962963,1,1,1
flow,0.5,0.5,0,registered,during_vibration,flow_dump_0.5_0.5.shear.wave,2092,209200,209.20000000000002,0.2092,158683.45183699526,476.0783029817385,0.0030001761208899177,3.0001761208899174e+17,39,0.0002457723193472124,2.4577231934721242e+26,471.1168483840461,4.961454597692429,0.0,0.0,0.0,0.0,0.002968909756689642,3.126636420027587e-05,0.0,0.0,0.0,0.0,3640,1129,8731,0.08362962962962962,0.6467407407407407,1,1,1
flow,0.5,0.5,0,registered,during_vibration,flow_dump_0.5_0.5.shear.wave,2093,209300,209.3,0.20929999999999999,158683.45183699526,485.12110756588055,0.0030571625582244866,3.0571625582244864e+17,41,0.0002583760280316849,2.583760280316849e+26,480.49649415427916,0.0,0.0,0.0,0.0,4.62461341160137,0.0030280189181154226,0.0,0.0,0.0,0.0,2.9143640109063935e-05,3852,1183,8465,0.08762962962962963,0.6270370370370371,1,1,1
flow,0.5,0.5,0,registered,during_vibration,flow_dump_0.5_0.5.shear.wave,2094,209400,209.4,0.2094,158683.45183699526,489.9661061546971,0.0030876950336195487,3.087695033619549e+17,46,0.0002898852997428659,2.8988529974286592e+26,439.10695332210906,0.0,19.108336960923765,0.0,0.0,31.7508158716643,0.0027671880604990483,0.0,0.0001204179562501102,0.0,0.0,0.00020008901687039023,4083,1349,8068,0.09992592592592593,0.5976296296296296,1,1,1
flow,0.5,0.5,0,registered,during_vibration,flow_dump_0.5_0.5.shear.wave,2095,209500,209.5,0.2095,158683.45183699526,565.1936395614704,0.0035617679916747427,3.561767991674743e+17,54,0.00034030013448075566,3.403001344807557e+26,478.54633123683664,0.0,53.20846325119034,0.0,0.0,33.438845073443346,0.0030157292754660696,0.0,0.00033531198518322995,0.0,0.0,0.00021072673102544306,4128,1398,7974,0.10355555555555555,0.5906666666666667,1,1,1
flow,0.5,0.5,0,registered,during_vibration,flow_dump_0.5_0.5.shear.wave,2096,209600,209.6,0.20959999999999998,158683.45183699526,573.5883229610929,0.0036146700637083523,3.6146700637083526e+17,55,0.0003466019888229919,3.466019888229919e+26,486.78069698057925,3.1810359805233945,60.77293007063864,0.0,0.0,22.853659929351807,0.003067621048983835,2.0046425406670994e-05,0.000382982153256072,0.0,0.0,0.0001440204360617755,4079,1394,8027,0.10325925925925926,0.5945925925925926,1,1,1
flow,0.5,0.5,0,registered,during_vibration,flow_dump_0.5_0.5.shear.wave,2097,209700,209.70000000000002,0.2097,158683.45183699526,647.5404510859393,0.004080705603449524,4.0807056034495245e+17,65,0.00040962053224535404,4.096205322453541e+26,545.1403956711126,0.0,61.98345201489202,0.0,0.0,40.41660339993474,0.00343539536958837,0.0,0.0003906106862268374,0.0,0.0,0.00025469954763431777,4023,1348,8129,0.09985185185185186,0.6021481481481481,1,1,1
flow,0.5,0.5,0,registered,during_vibration,flow_dump_0.5_0.5.shear.wave,2098,209800,209.8,0.2098,158683.45183699526,625.8871967378457,0.003944249948512445,3.9442499485124454e+17,60,0.00037811126053417294,3.78111260534173e+26,535.530158702026,0.0,76.86385189656536,0.0,0.0,13.493186139254231,0.0033748330560148124,0.0,0.00048438479883537185,0.0,0.0,8.50320936622608e-05,3891,1275,8334,0.09444444444444444,0.6173333333333333,1,1,1
flow,0.5,0.5,0,registered,during_vibration,flow_dump_0.5_0.5.shear.wave,2099,209900,209.9,0.2099,158683.4518369953,571.128855730962,0.0035991708594645634,3.599170859464563e+17,56,0.000352903843165228,3.5290384316522804e+26,477.55668041476173,0.0,77.25159700941848,0.0,0.0,16.32057830678183,0.0030094926401356787,0.0,0.000486828312058486,0.0,0.0,0.00010284990727039925,3742,1223,8535,0.09059259259259259,0.6322222222222222,1,1,1
flow,0.5,0.5,0,registered,during_vibration,flow_dump_0.5_0.5.shear.wave,2100,210000,210.0,0.21,158683.45183699526,483.91493774361015,0.0030495614516925377,3.0495614516925376e+17,43,0.0002709797367161573,2.709797367161573e+26,413.62675748378877,11.397076710182972,38.90393137274265,2.222875353214555,3.8932348912065105,13.871061932474824,0.0026066155777143005,7.182271735486581e-05,0.000245166908851378,1.4008236696905007e-05,2.453459920449529e-05,8.741341187059394e-05,3543,1124,8833,0.08325925925925926,0.6542962962962963,1,1,1
flow,0.5,0.5,0,registered,during_vibration,flow_dump_0.5_0.5.shear.wave,2101,210100,210.1,0.21009999999999998,158683.45183699526,387.3852228658799,0.0024412452488354894,2.4412452488354893e+17,31,0.0001953574846093227,1.953574846093227e+26,364.8273085258838,9.057333541229971,0.0,3.410138343084501,0.0,10.090442455681654,0.0022990885584001923,5.707799670588181e-05,0.0,2.1490195124993277e-05,0.0,6.35884986044221e-05,3544,1067,8889,0.07903703703703703,0.6584444444444445,1,1,1
flow,0.5,0.5,0,registered,during_vibration,flow_dump_0.5_0.5.shear.wave,2102,210200,210.20000000000002,0.2102,158683.45183699526,403.88678362269724,0.0025452356811445135,2.5452356811445136e+17,31,0.0001953574846093227,1.953574846093227e+26,393.8608369383637,5.507410723021817,0.0,0.0,0.0,4.518535961311716,0.0024820536254968177,3.4706900179353336e-05,0.0,0.0,0.0,2.8475155468342736e-05,3680,1129,8691,0.08362962962962962,0.6437777777777778,1,1,1
flow,0.5,0.5,0,registered,during_vibration,flow_dump_0.5_0.5.shear.wave,2103,210300,210.3,0.2103,158683.4518369953,417.36432558327834,0.002630169187471472,2.630169187471472e+17,36,0.00022686675632050372,2.2686675632050373e+26,403.25018945050186,4.666281226831984,0.0,0.0,0.0,9.447854905944487,0.0025412239573962213,2.940622461140647e-05,0.0,0.0,0.0,5.953900546384399e-05,3842,1244,8414,0.09214814814814815,0.6232592592592593,1,1,1
flow,0.5,0.5,0,registered,during_vibration,flow_dump_0.5_0.5.shear.wave,2104,210400,210.4,0.2104,158683.45183699526,426.08169531089425,0.0026851047817423273,2.6851047817423274e+17,36,0.00022686675632050378,2.2686675632050377e+26,394.7945526339123,0.0,9.705590965521335,0.0,0.0,21.58155171146062,0.0024879377658072245,0.0,6.116322057003921e-05,0.0,0.0,0.00013600379536506354,3953,1329,8218,0.09844444444444445,0.6087407407407407,1,1,1
flow,0.5,0.5,0,registered,during_vibration,flow_dump_0.5_0.5.shear.wave,2105,210500,210.5,0.2105,158683.45183699526,588.6637089973891,0.0037096729506620727,3.709672950662073e+17,54,0.00034030013448075566,3.403001344807557e+26,499.5124499567609,6.715109029936898,46.061809317320694,0.0,0.0,36.37434069337077,0.0031478547017610645,4.2317638998897464e-05,0.000290274813057614,0.0,0.0,0.00022922579684449807,4078,1342,8080,0.0994074074074074,0.5985185185185186,1,1,1
flow,0.5,0.5,0,registered,during_vibration,flow_dump_0.5_0.5.shear.wave,2106,210600,210.6,0.21059999999999998,158683.45183699526,672.3388629328326,0.004236981582827431,4.236981582827431e+17,70,0.00044112980395653514,4.411298039565352e+26,554.0284916332897,6.859461123936927,63.54248495310364,0.0,0.0,47.90842522250225,0.003491406855721828,4.322732486928244e-05,0.0004004354847181956,0.0,0.0,0.0003019119175181249,4105,1341,8054,0.09933333333333333,0.5965925925925926,1,1,1
flow,0.5,0.5,0,registered,during_vibration,flow_dump_0.5_0.5.shear.wave,2107,210700,210.70000000000002,0.2107,158683.4518369953,558.7547703715484,0.003521191175911141,3.521191175911141e+17,54,0.0003403001344807556,3.403001344807556e+26,462.86181413776393,13.964565268933619,53.93347709595202,0.0,0.0,27.994913868898784,0.0029168877332793994,8.800265627747036e-05,0.0003398809168290227,0.0,0.0,0.00017641986952524863,4049,1343,8108,0.09948148148148148,0.6005925925925926,1,1,1
flow,0.5,0.5,0,registered,during_vibration,flow_dump_0.5_0.5.shear.wave,2108,210800,210.8,0.2108,158683.45183699526,629.2399545735967,0.0039653785400381395,3.9653785400381395e+17,58,0.00036550755184970053,3.6550755184970054e+26,522.4428232950338,3.104611680137051,64.69199937782088,0.0,0.0,39.00052022060479,0.003292358574551957,1.956481059742895e-05,0.0004076795571870631,0.0,0.0,0.0002457755977016896,3895,1307,8298,0.09681481481481481,0.6146666666666667,1,1,1
flow,0.5,0.5,0,registered,during_vibration,flow_dump_0.5_0.5.shear.wave,2109,210900,210.9,0.2109,158683.45183699526,569.4607783775432,0.003588658878951736,3.5886588789517357e+17,58,0.00036550755184970053,3.6550755184970054e+26,498.2026183508415,4.903209822284852,38.19629566977452,5.51464015323549,0.0,22.64401438140696,0.0031396003337677025,3.089931410946106e-05,0.00024070749172390695,3.4752458995537266e-05,0.0,0.00014269928035512877,3753,1277,8470,0.09459259259259259,0.6274074074074074,1,1,1
flow,0.5,0.5,0,registered,during_vibration,flow_dump_0.5_0.5.shear.wave,2110,211000,211.0,0.211,158683.45183699526,470.54826532305594,0.002965326629057819,2.965326629057819e+17,44,0.0002772815910583935,2.772815910583935e+26,418.6062645913607,0.0,31.016049357929504,6.73919231495748,0.0,14.186759058808253,0.0026379957062023485,0.0,0.00019545862532528084,4.246940835317973e-05,0.0,8.940288917700975e-05,3540,1192,8768,0.08829629629629629,0.6494814814814814,1,1,1
flow,0.5,0.5,0,registered,during_vibration,flow_dump_0.5_0.5.shear.wave,2111,211100,211.1,0.21109999999999998,158683.45183699526,457.04138154731305,0.0028802082148855737,2.8802082148855738e+17,42,0.00026467788237392105,2.6467788237392104e+26,429.1761697492222,0.0,17.915073372153444,0.0,0.0,9.950138425937311,0.002704605708918443,0.0,0.00011289818292178559,0.0,0.0,6.270432304534448e-05,3550,1169,8781,0.0865925925925926,0.6504444444444445,1,1,1
flow,0.5,0.5,0,registered,during_vibration,flow_dump_0.5_0.5.shear.wave,2112,211200,211.20000000000002,0.2112,158683.45183699526,488.37778181198087,0.003077685644963523,3.0776856449635226e+17,44,0.0002772815910583935,2.772815910583935e+26,460.2738213515407,4.046846776514755,0.0,15.684973038927957,0.0,8.372140644997524,0.002900578579701863,2.5502638930944144e-05,0.0,9.884441545322612e-05,0.0,5.276001087748996e-05,3698,1141,8661,0.08451851851851852,0.6415555555555555,1,1,1
flow,0.5,0.5,0,registered,during_vibration,flow_dump_0.5_0.5.shear.wave,2113,211300,211.3,0.2113,158683.45183699526,494.173020200331,0.003114206393165441,3.114206393165441e+17,46,0.0002898852997428659,2.8988529974286592e+26,471.10185818326073,2.342529207495541,14.359332546343122,0.0,0.0,6.369300263231549,0.0029688152906277316,1.4762277858070937e-05,9.049042215878622e-05,0.0,0.0,4.013840252085201e-05,3906,1202,8392,0.08903703703703704,0.6216296296296296,1,1,1
flow,0.5,0.5,0,registered,during_vibration,flow_dump_0.5_0.5.shear.wave,2114,211400,211.4,0.21139999999999998,158683.45183699526,477.30755057782164,0.0030079226601909775,3.007922660190977e+17,45,0.0002835834454006297,2.835834454006297e+26,431.436056843718,0.0,21.10158897292833,0.0,0.0,24.769904761175372,0.0027188471882178553,0.0,0.00013297914009713225,0.0,0.0,0.00015609633187599055,4086,1337,8077,0.09903703703703703,0.5982962962962963,1,1,1
flow,0.5,0.5,0,registered,during_vibration,flow_dump_0.5_0.5.shear.wave,2115,211500,211.5,0.2115,158683.45183699526,506.7891311174132,0.0031937112865303894,3.193711286530389e+17,50,0.0003150927171118108,3.150927171118108e+26,430.9240564083305,7.085972401348597,42.53414731759343,0.0,0.0,26.24495499014055,0.0027156206360508814,4.465476594640464e-05,0.0002680440009666911,0.0,0.0,0.00016539188356641126,4151,1406,7943,0.10414814814814814,0.5883703703703703,1,1,1
flow,0.5,0.5,0,registered,during_vibration,flow_dump_0.5_0.5.shear.wave,2116,211600,211.6,0.21159999999999998,158683.45183699526,524.5736423012906,0.003305786685559056,3.305786685559056e+17,46,0.0002898852997428659,2.8988529974286592e+26,444.1737243378448,15.515649977352737,53.15043509086375,0.0,0.0,11.733832895229384,0.002799118113425679,9.777736618239759e-05,0.0003349463001691039,0.0,0.0,7.394490578187544e-05,4105,1400,7995,0.1037037037037037,0.5922222222222222,1,1,1
flow,0.5,0.5,0,registered,during_vibration,flow_dump_0.5_0.5.shear.wave,2117,211700,211.70000000000002,0.2117,158683.45183699526,636.4391179152306,0.0040107466188030825,4.010746618803082e+17,63,0.0003970168235608816,3.970168235608816e+26,528.4727836955645,0.0,69.5112989375139,0.0,0.0,38.45503528215181,0.003330358506685554,0.0,0.00043805008104385164,0.0,0.0,0.00024233803107367527,4001,1336,8163,0.09896296296296296,0.6046666666666667,1,1,1
flow,0.5,0.5,0,registered,during_vibration,flow_dump_0.5_0.5.shear.wave,2118,211800,211.8,0.2118,158683.4518369953,632.8437170975757,0.003988088926548264,3.9880889265482643e+17,65,0.000409620532245354,4.09620532245354e+26,526.5945109099347,0.0,72.28214590821625,0.0,0.0,33.96706027942477,0.0033185219051755275,0.0,0.0004555115550578442,0.0,0.0,0.00021405546631489224,3899,1298,8303,0.09614814814814815,0.615037037037037,1,1,1
flow,0.5,0.5,0,registered,during_vibration,flow_dump_0.5_0.5.shear.wave,2119,211900,211.9,0.21189999999999998,158683.45183699526,630.7753730449045,0.0039750545235987,3.9750545235987e+17,64,0.0004033186779031178,4.0331867790311785e+26,508.3577493872924,0.0,70.16332100263539,0.0,0.0,52.25430265497699,0.003203596490385739,0.0,0.0004421590291261713,0.0,0.0,0.0003292990040867922,3734,1247,8519,0.09237037037037037,0.6310370370370371,1,1,1
flow,0.5,0.5,0,registered,during_vibration,flow_dump_0.5_0.5.shear.wave,2120,212000,212.0,0.212,158683.45183699526,496.4484587714875,0.0031285458756055754,3.128545875605576e+17,48,0.0003024890084273384,3.024890084273384e+26,402.4714268056521,9.536823008174245,45.48881784139448,0.0,3.454590823016333,35.496800293250345,0.002536316308641204,6.009966948520112e-05,0.00028666390423698405,0.0,2.1770328178674862e-05,0.00022369566506351147,3533,1122,8845,0.08311111111111111,0.6551851851851852,1,1,1
flow,0.5,0.5,0,registered,during_vibration,flow_dump_0.5_0.5.shear.wave,2121,212100,212.1,0.21209999999999998,158683.45183699526,471.55461926977125,0.0029716685250467537,2.971668525046754e+17,38,0.0002394704650049762,2.394704650049762e+26,402.29832480413864,12.981357427355073,21.32347290321293,19.4241589477561,3.4381832334964395,12.089121953812107,0.0025352254450413166,8.180662367169793e-05,0.0001343774203066687,0.00012240822040920324,2.166692993941329e-05,7.6183885678454e-05,3552,1077,8871,0.07977777777777778,0.6571111111111111,1,1,1
flow,0.5,0.5,0,registered,during_vibration,flow_dump_0.5_0.5.shear.wave,2122,212200,212.20000000000002,0.2122,158683.4518369953,421.45178574850127,0.0026559277660623995,2.6559277660623994e+17,34,0.00021426304763603131,2.1426304763603133e+26,403.7225945734923,6.6995070460540616,0.0,0.0,0.0,11.02968412895495,0.002544200985671833,4.221931756901791e-05,0.0,0.0,0.0,6.95074628215486e-05,3665,1118,8717,0.08281481481481481,0.6457037037037037,1,1,1
flow,0.5,0.5,0,registered,during_vibration,flow_dump_0.5_0.5.shear.wave,2123,212300,212.3,0.2123,158683.45183699526,419.44775275169945,0.00264329864201952,2.64329864201952e+17,38,0.0002394704650049762,2.394704650049762e+26,409.1517452278563,5.1844577245327255,0.0,0.0,0.0,5.111549799310494,0.002578414702297692,3.267169742348665e-05,0.0,0.0,0.0,3.2212242298341495e-05,3827,1218,8455,0.09022222222222222,0.6262962962962964,1,1,1
flow,0.5,0.5,0,registered,during_vibration,flow_dump_0.5_0.5.shear.wave,2124,212400,212.4,0.21239999999999998,158683.45183699526,412.0800051349415,0.0025968681697083533,2.5968681697083533e+17,35,0.00022056490197826757,2.205649019782676e+26,401.4461853706361,0.0,0.0,0.0,0.0,10.633819764305308,0.002529855386452108,0.0,0.0,0.0,0.0,6.70127832562447e-05,3930,1320,8250,0.09777777777777778,0.6111111111111112,1,1,1
flow,0.5,0.5,0,registered,during_vibration,flow_dump_0.5_0.5.shear.wave,2125,212500,212.5,0.2125,158683.45183699526,514.2892862839509,0.0032409761719340803,3.24097617193408e+17,48,0.0003024890084273384,3.024890084273384e+26,428.1300076468476,6.130011257380394,47.95573251830912,0.0,0.0,32.07353486141388,0.002698012947730911,3.863043806027952e-05,0.0003022100412056248,0.0,0.0,0.00020212274493726574,4089,1339,8072,0.09918518518518518,0.597925925925926,1,1,1
flow,0.5,0.5,0,registered,during_vibration,flow_dump_0.5_0.5.shear.wave,2126,212600,212.6,0.21259999999999998,158683.4518369953,628.2085665371432,0.003958878882862084,3.958878882862084e+17,65,0.000409620532245354,4.09620532245354e+26,514.6973958847785,7.612685714071494,64.36722706423926,0.0,0.0,41.53125787405411,0.003243548019194164,4.7974036523301045e-05,0.00040563288937248056,0.0,0.0,0.0002617239377721399,4113,1375,8012,0.10185185185185185,0.5934814814814815,1,1,1
flow,0.5,0.5,0,registered,during_vibration,flow_dump_0.5_0.5.shear.wave,2127,212700,212.70000000000002,0.2127,158683.45183699526,591.3125084980658,0.003726365299297125,3.726365299297125e+17,56,0.00035290384316522807,3.529038431652281e+26,496.39995308301525,6.951763477119448,57.41300065844837,0.0,0.0,30.547791279482684,0.0031282401998220534,4.380900085448432e-05,0.00036180836750025357,0.0,0.0,0.00019250773112033356,4040,1355,8105,0.10037037037037037,0.6003703703703703,1,1,1
flow,0.5,0.5,0,registered,during_vibration,flow_dump_0.5_0.5.shear.wave,2128,212800,212.8,0.2128,158683.45183699526,598.2648187860634,0.0037701777460741165,3.7701777460741165e+17,58,0.00036550755184970053,3.6550755184970054e+26,497.56838651122666,0.0,77.250613519713,0.0,0.0,23.445818755124005,0.0031356034970952415,0.0,0.0004868221142496151,0.0,0.0,0.0001477521347292615,3907,1310,8283,0.09703703703703703,0.6135555555555555,1,1,1
flow,0.5,0.5,0,registered,during_vibration,flow_dump_0.5_0.5.shear.wave,2129,212900,212.9,0.21289999999999998,158683.45183699526,554.2259351180353,0.003492651115803518,3.492651115803518e+17,52,0.00032769642579628326,3.276964257962832e+26,485.3282021864853,0.0,45.98349452208876,0.0,0.0,22.914238409461216,0.0030584676383585987,0.0,0.00028978128462522033,0.0,0.0,0.00014440219281969905,3747,1265,8488,0.0937037037037037,0.6287407407407407,1,1,1
flow,0.5,0.5,0,registered,during_vibration,flow_dump_0.5_0.5.shear.wave,2130,213000,213.0,0.213,158683.4518369953,550.1406231479566,0.0034669060748254875,3.4669060748254874e+17,51,0.00032139457145404697,3.2139457145404694e+26,486.3027881859995,0.0,35.99483411028486,0.0,0.0,27.84300085167215,0.003064609337371519,0.0,0.0002268342016359709,0.0,0.0,0.00017546253581799678,3566,1167,8767,0.08644444444444445,0.6494074074074074,1,1,1
flow,0.5,0.5,0,registered,during_vibration,flow_dump_0.5_0.5.shear.wave,2131,213100,213.1,0.21309999999999998,158683.45183699526,478.7112787021985,0.003016768750366901,3.016768750366901e+17,43,0.0002709797367161573,2.709797367161573e+26,442.11935064128875,0.0,20.239307710677583,4.930887502403898,0.0,11.4217328478283,0.0027861717496254616,0.0,0.00012754516918038846,3.107373481810229e-05,0.0,7.19780967429488e-05,3554,1149,8797,0.08511111111111111,0.6516296296296297,1,1,1
flow,0.5,0.5,0,registered,during_vibration,flow_dump_0.5_0.5.shear.wave,2132,213200,213.20000000000002,0.2132,158683.45183699526,502.7190048834838,0.003168061943849652,3.168061943849652e+17,45,0.0002835834454006297,2.835834454006297e+26,463.83062911723374,7.797770276934379,15.09208134968072,0.0,3.1428120613846717,12.855712078250294,0.002922993064164595,4.9140412479459416e-05,9.510809838686766e-05,0.0,1.9805543835869347e-05,8.101482498286018e-05,3703,1114,8683,0.08251851851851852,0.6431851851851852,1,1,1
flow,0.5,0.5,0,registered,during_vibration,flow_dump_0.5_0.5.shear.wave,2133,213300,213.3,0.2133,158683.45183699526,495.587622761075,0.0031231210124554043,3.123121012455404e+17,44,0.0002772815910583935,2.772815910583935e+26,458.85769214231965,0.0,11.391278493296133,16.18433823825855,0.0,9.154313887200704,0.002891654339695566,0.0,7.178617783660026e-05,0.00010199134220298927,0.0,5.7689152720249054e-05,3902,1207,8391,0.08940740740740741,0.6215555555555555,1,1,1
flow,0.5,0.5,0,registered,during_vibration,flow_dump_0.5_0.5.shear.wave,2134,213400,213.4,0.21339999999999998,158683.45183699526,468.93687084792356,0.0029551718557876507,2.9551718557876506e+17,43,0.0002709797367161573,2.709797367161573e+26,425.1870101032048,0.0,16.175324704956527,0.0,0.0,27.574536039762307,0.002679466605881315,0.0,0.00010193454022901102,0.0,0.0,0.00017377070967732514,4106,1329,8065,0.09844444444444445,0.5974074074074074,1,1,1
flow,0.5,0.5,0,registered,during_vibration,flow_dump_0.5_0.5.shear.wave,2135,213500,213.5,0.2135,158683.45183699526,570.12977311392,0.0035928747863361054,3.5928747863361056e+17,58,0.00036550755184970053,3.6550755184970054e+26,468.62145479457445,8.734108909603211,56.1048408403376,0.0,0.0,36.66936856940476,0.0029531841497622414,5.504108215754702e-05,0.00035356453487015333,0.0,0.0,0.0002310850195461636,4180,1393,7927,0.10318518518518519,0.5871851851851851,1,1,1
flow,0.5,0.5,0,registered,during_vibration,flow_dump_0.5_0.5.shear.wave,2136,213600,213.6,0.21359999999999998,158683.45183699526,555.3443645921609,0.0034996992954415213,3.499699295441521e+17,52,0.00032769642579628326,3.276964257962832e+26,477.4501864757961,7.380039577710243,52.5926066713072,0.0,0.0,17.92153186734733,0.003008821530843987,4.6507934458668424e-05,0.00033143094672109867,0.0,0.0,0.0001129388834177675,4127,1420,7953,0.10518518518518519,0.5891111111111111,1,1,1
flow,0.5,0.5,0,registered,during_vibration,flow_dump_0.5_0.5.shear.wave,2137,213700,213.70000000000002,0.2137,158683.4518369953,620.2085456765747,0.00390846391666393,3.9084639166639296e+17,60,0.0003781112605341729,3.781112605341729e+26,498.6219854123694,0.0,80.4916351938199,0.0,0.0,41.094925070385095,0.0031422431239053828,0.0,0.0005072465607598673,0.0,0.0,0.0002589742319986782,4047,1345,8108,0.09962962962962962,0.6005925925925926,1,1,1
flow,0.5,0.5,0,registered,during_vibration,flow_dump_0.5_0.5.shear.wave,2138,213800,213.8,0.2138,158683.45183699526,681.4170311571132,0.004294190876671165,4.2941908766711654e+17,69,0.0004348279496142989,4.3482794961429895e+26,581.3262861820399,7.3201562794222355,58.357606679000234,0.0,0.0,34.41298201665104,0.0036634335808323412,4.613055863532472e-05,0.0003677611370525708,0.0,0.0,0.00021686560015092917,3940,1290,8270,0.09555555555555556,0.6125925925925926,1,1,1
flow,0.5,0.5,0,registered,during_vibration,flow_dump_0.5_0.5.shear.wave,2139,213900,213.9,0.21389999999999998,158683.45183699526,657.8178785787019,0.004145472454521808,4.145472454521808e+17,67,0.00042222424092982645,4.2222424092982644e+26,534.698977015287,0.0,73.27536939631781,8.857830739837498,0.0,40.9857014272593,0.0033695950700930494,0.0,0.00046177070480914813,5.5820759110638367e-05,0.0,0.0002582859205089711,3816,1236,8448,0.09155555555555556,0.6257777777777778,1,1,1
flow,0.5,0.5,0,registered,during_vibration,flow_dump_0.5_0.5.shear.wave,2140,214000,214.0,0.214,158683.45183699526,507.16201238772936,0.00319606112998287,3.19606112998287e+17,49,0.00030879086276957456,3.0879086276957458e+26,423.1376663810973,8.967184603829597,42.89499380082073,0.0,0.0,32.16216760198172,0.0026665519402474173,5.650989123327729e-05,0.0002703180029438977,0.0,0.0,0.00020268129555827747,3600,1134,8766,0.084,0.6493333333333333,1,1,1
flow,0.5,0.5,0,registered,during_vibration,flow_dump_0.5_0.5.shear.wave,2141,214100,214.1,0.21409999999999998,158683.4518369953,412.7152765587166,0.0026008715576887683,2.6008715576887683e+17,35,0.00022056490197826752,2.205649019782675e+26,375.7307030228309,8.831855712353411,0.0,7.28693084688125,0.0,20.86578697665102,0.0023678001623558924,5.565706827089806e-05,0.0,4.592117679899363e-05,0.0,0.0001314931502629841,3582,1067,8851,0.07903703703703703,0.6556296296296297,1,1,1
flow,0.5,0.5,0,registered,during_vibration,flow_dump_0.5_0.5.shear.wave,2142,214200,214.20000000000002,0.2142,158683.45183699526,420.4587355208115,0.0026496697081729746,2.6496697081729747e+17,34,0.00021426304763603134,2.1426304763603133e+26,408.8182691783338,7.077545163836513,0.0,0.0,0.0,4.562921178641064,0.0025763131848069772,4.460165872309606e-05,0.0,0.0,0.0,2.875486464290078e-05,3662,1119,8719,0.08288888888888889,0.6458518518518519,1,1,1
flow,0.5,0.5,0,registered,during_vibration,flow_dump_0.5_0.5.shear.wave,2143,214300,214.3,0.2143,158683.45183699526,392.7644361589451,0.0024751442674842074,2.4751442674842074e+17,34,0.00021426304763603134,2.1426304763603133e+26,375.5213829898132,11.207486256635022,0.0,0.0,0.0,6.0355669124969,0.0023664810579969034,7.062794593192812e-05,0.0,0.0,0.0,3.803526355537582e-05,3821,1246,8433,0.09229629629629629,0.6246666666666667,1,1,1
flow,0.5,0.5,0,registered,during_vibration,flow_dump_0.5_0.5.shear.wave,2144,214400,214.4,0.21439999999999998,158683.45183699526,407.4958037556482,0.0025679792003405685,2.5679792003405686e+17,36,0.00022686675632050378,2.2686675632050377e+26,384.4243710472114,0.0,0.0,0.0,0.0,23.071432708436745,0.0024225863919452957,0.0,0.0,0.0,0.0,0.00014539280839527275,3923,1321,8256,0.09785185185185186,0.6115555555555555,1,1,1
flow,0.5,0.5,0,registered,during_vibration,flow_dump_0.5_0.5.shear.wave,2145,214500,214.5,0.2145,158683.4518369953,569.8154638957402,0.0035908940554247137,3.5908940554247136e+17,54,0.0003403001344807556,3.403001344807556e+26,501.8460987695342,6.7867659263506575,39.46251668505069,0.0,0.0,21.720082514804705,0.0031625610166650933,4.2769210322713676e-05,0.00024868703212725576,0.0,0.0,0.00013687679630965092,4077,1334,8089,0.09881481481481481,0.5991851851851852,1,1,1
flow,0.5,0.5,0,registered,during_vibration,flow_dump_0.5_0.5.shear.wave,2146,214600,214.6,0.21459999999999999,158683.45183699526,630.3199350223806,0.003972184419518839,3.972184419518839e+17,64,0.0004033186779031178,4.0331867790311785e+26,537.4655750069513,8.728076676303544,57.573381206569955,0.0,0.0,26.552902132555825,0.0033870297676600407,5.500306790193413e-05,0.00036281906235384383,0.0,0.0,0.0001673325216030202,4074,1371,8055,0.10155555555555555,0.5966666666666667,1,1,1
flow,0.5,0.5,0,registered,during_vibration,flow_dump_0.5_0.5.shear.wave,2147,214700,214.70000000000002,0.2147,158683.45183699526,564.8423745289031,0.0035595543706039828,3.559554370603983e+17,55,0.0003466019888229919,3.466019888229919e+26,454.6188505039744,0.0,57.24327099936936,0.0,0.0,52.98025302555928,0.002864941777110908,0.0,0.00036073875591118026,0.0,0.0,0.00033387383758189413,4025,1367,8108,0.10125925925925926,0.6005925925925926,1,1,1
flow,0.5,0.5,0,registered,during_vibration,flow_dump_0.5_0.5.shear.wave,2148,214800,214.8,0.2148,158683.45183699526,665.7954914311254,0.004195746208716533,4.195746208716533e+17,66,0.0004159223865875903,4.159223865875903e+26,526.0919606839072,0.0,77.71185112010507,0.0,0.0,61.99167962711318,0.0033153549068514455,0.0,0.0004897287664244485,0.0,0.0,0.00039066253544063953,3890,1324,8286,0.09807407407407408,0.6137777777777778,1,1,1
flow,0.5,0.5,0,registered,during_vibration,flow_dump_0.5_0.5.shear.wave,2149,214900,214.9,0.21489999999999998,158683.4518369953,515.4005252349248,0.0032479790379425365,3.2479790379425363e+17,48,0.00030248900842733833,3.0248900842733832e+26,445.4267246327585,8.978094327669236,48.02506005841626,0.0,0.0,12.970646216080766,0.002807014338775004,5.657864272382871e-05,0.0003026469332652855,0.0,0.0,8.173912317841831e-05,3765,1273,8462,0.0942962962962963,0.6268148148148148,1,1,1
flow,0.5,0.5,0,registered,during_vibration,flow_dump_0.5_0.5.shear.wave,2150,215000,215.0,0.215,158683.45183699526,496.37190987497644,0.003128063475609704,3.128063475609704e+17,48,0.0003024890084273384,3.024890084273384e+26,459.0116533574376,0.0,21.566338479806337,6.050050276565708,0.0,9.743867761166797,0.0028926245808475926,0.0,0.00013590792379510356,3.8126535606123025e-05,0.0,6.140443536088445e-05,3587,1188,8725,0.088,0.6462962962962963,1,1,1
flow,0.5,0.5,0,registered,during_vibration,flow_dump_0.5_0.5.shear.wave,2151,215100,215.1,0.21509999999999999,158683.45183699526,453.2289631053536,0.0028561829091726903,2.8561829091726902e+17,41,0.0002583760280316849,2.583760280316849e+26,413.48813595203075,0.0,26.180824947436605,4.2484340405414684,0.0,9.311568165344767,0.002605742005012464,0.0,0.00016498774537832963,2.6773012506090404e-05,0.0,5.868014627580643e-05,3528,1185,8787,0.08777777777777777,0.6508888888888889,1,1,1
flow,0.5,0.5,0,registered,during_vibration,flow_dump_0.5_0.5.shear.wave,2152,215200,215.20000000000002,0.2152,158683.45183699526,486.8880993118215,0.0030682978828313404,3.06829788283134e+17,42,0.00026467788237392105,2.6467788237392104e+26,461.82569994444435,0.0,13.698129361430645,0.0,0.0,11.364270005946455,0.0029103582925511765,0.0,8.632361599684512e-05,0.0,0.0,7.161597428331846e-05,3653,1138,8709,0.0842962962962963,0.6451111111111111,1,1,1
flow,0.5,0.5,0,registered,during_vibration,flow_dump_0.5_0.5.shear.wave,2153,215300,215.3,0.2153,158683.45183699526,491.00586292078054,0.003094247429310761,3.094247429310761e+17,43,0.0002709797367161573,2.709797367161573e+26,447.24859378231014,0.0,9.664983935647978,25.371235560568003,0.0,8.721049642254389,0.0028184954927860926,0.0,6.090732098250648e-05,0.00015988583098526337,0.0,5.495878455689842e-05,3855,1214,8431,0.08992592592592592,0.6245185185185185,1,1,1
flow,0.5,0.5,0,registered,during_vibration,flow_dump_0.5_0.5.shear.wave,2154,215400,215.4,0.21539999999999998,158683.45183699526,483.553712251894,0.0030472850612590398,3.04728506125904e+17,43,0.0002709797367161573,2.709797367161573e+26,443.9191554478901,0.0,17.16294498457182,0.0,0.0,22.471611819432106,0.0027975138573611198,0.0,0.0001081583793765852,0.0,0.0,0.0001416128245213349,4072,1342,8086,0.0994074074074074,0.5989629629629629,1,1,1
flow,0.5,0.5,0,registered,during_vibration,flow_dump_0.5_0.5.shear.wave,2155,215500,215.5,0.2155,158683.45183699526,571.9332559016775,0.0036042400721732833,3.604240072173283e+17,59,0.00037180940619193677,3.7180940619193676e+26,463.46618481287135,19.812724410712786,51.01417645933914,0.0,0.0,37.640170218753944,0.002920696389242646,0.00012485690335917984,0.0003214839094358909,0.0,0.0,0.00023720287013556483,4165,1393,7942,0.10318518518518519,0.5882962962962963,1,1,1
flow,0.5,0.5,0,registered,during_vibration,flow_dump_0.5_0.5.shear.wave,2156,215600,215.6,0.21559999999999999,158683.45183699526,626.0142646016259,0.003945050711681567,3.9450507116815674e+17,60,0.00037811126053417294,3.78111260534173e+26,551.4621923324828,5.324599392331021,48.80531961556376,0.0,0.0,20.4221532612485,0.00347523441132956,3.355484980122956e-05,0.00030756401534356683,0.0,0.0,0.00012869743520721235,4099,1407,7994,0.10422222222222222,0.5921481481481482,1,1,1
flow,0.5,0.5,0,registered,during_vibration,flow_dump_0.5_0.5.shear.wave,2157,215700,215.70000000000002,0.2157,158683.45183699526,647.5805072697812,0.004080958031685602,4.080958031685602e+17,64,0.0004033186779031178,4.0331867790311785e+26,553.8184941971829,0.0,66.00603658523661,0.0,0.0,27.755976487361437,0.0034900834824672395,0.0,0.0004159604282684759,0.0,0.0,0.00017491412094988498,4012,1363,8125,0.10096296296296296,0.6018518518518519,1,1,1
flow,0.5,0.5,0,registered,during_vibration,flow_dump_0.5_0.5.shear.wave,2158,215800,215.8,0.2158,158683.45183699526,630.6743583704247,0.0039744179438337005,3.9744179438337005e+17,63,0.0003970168235608816,3.970168235608816e+26,530.9466665664214,4.48352190107428,69.46117276266335,0.0,0.0,25.78299714026587,0.003345948556197447,2.8254501960796124e-05,0.00043773419319121,0.0,0.0,0.0001624806924842484,3908,1294,8298,0.09585185185185185,0.6146666666666667,1,1,1
flow,0.5,0.5,0,registered,during_vibration,flow_dump_0.5_0.5.shear.wave,2159,215900,215.9,0.21589999999999998,158683.45183699526,576.1560577802704,0.0036308515545282975,3.6308515545282976e+17,56,0.00035290384316522807,3.529038431652281e+26,482.5847648043241,0.0,58.443103901271925,0.0,0.0,35.12818907467444,0.0030411788955791727,0.0,0.0003682999280939928,0.0,0.0,0.0002213727308551319,3752,1244,8504,0.09214814814814815,0.6299259259259259,1,1,1
flow,0.5,0.5,0,registered,during_vibration,flow_dump_0.5_0.5.shear.wave,2160,216000,216.0,0.216,158683.4518369953,493.69470841946094,0.003111192141992222,3.111192141992222e+17,46,0.00028988529974286587,2.898852997428659e+26,404.6856165333314,7.314397377390901,43.55767238691596,3.867041290238912,0.0,34.26998083158378,0.0025502698097911143,4.6094266873552035e-05,0.0002744941068691888,2.4369530946498823e-05,0.0,0.0002159644275118681,3550,1134,8816,0.084,0.6530370370370371,1,1,1
flow,0.5,0.5,0,registered,during_vibration,flow_dump_0.5_0.5.shear.wave,2161,216100,216.1,0.2161,158683.45183699526,429.9855993341257,0.0027097066162628017,2.7097066162628016e+17,34,0.00021426304763603134,2.1426304763603133e+26,382.96087450645746,10.300376293067186,13.255344151138111,0.0,4.933616474517198,18.535387908945776,0.0024133636499150974,6.491147106913242e-05,8.353324809668514e-05,0.0,3.109093240286433e-05,0.00011680731477902259,3532,1069,8899,0.07918518518518519,0.6591851851851852,1,1,1
flow,0.5,0.5,0,registered,during_vibration,flow_dump_0.5_0.5.shear.wave,2162,216200,216.20000000000002,0.2162,158683.45183699526,423.668994628493,0.002669900293470421,2.6699002934704208e+17,37,0.00023316861066273998,2.3316861066274e+26,416.6052789192331,5.4113490839348,0.0,0.0,0.0,1.652366625325126,0.002625385785955699,3.410153372195049e-05,0.0,0.0,0.0,1.0412973792771347e-05,3624,1111,8765,0.0822962962962963,0.6492592592592593,1,1,1
flow,0.5,0.5,0,registered,during_vibration,flow_dump_0.5_0.5.shear.wave,2163,216300,216.3,0.2163,158683.45183699526,378.0741164242617,0.002382568012275354,2.3825680122753542e+17,34,0.00021426304763603134,2.1426304763603133e+26,356.46609696561904,7.90384805514335,0.0,0.0,0.0,13.704171403499409,0.0022463974210227824,4.980889918668039e-05,0.0,0.0,0.0,8.636169206589212e-05,3802,1215,8483,0.09,0.6283703703703704,1,1,1
flow,0.5,0.5,0,registered,during_vibration,flow_dump_0.5_0.5.shear.wave,2164,216400,216.4,0.21639999999999998,158683.4518369953,398.6281389818229,0.002512096468580142,2.5120964685801418e+17,35,0.00022056490197826752,2.205649019782675e+26,379.13151813130247,0.0,0.0,0.0,0.0,19.496620850520408,0.0023892316038143565,0.0,0.0,0.0,0.0,0.00012286486476578517,3951,1321,8228,0.09785185185185186,0.6094814814814815,1,1,1
flow,0.5,0.5,0,registered,during_vibration,flow_dump_0.5_0.5.shear.wave,2165,216500,216.5,0.2165,158683.45183699526,574.8403485327317,0.003622560146493575,3.622560146493575e+17,55,0.0003466019888229919,3.466019888229919e+26,491.4229484192796,7.613820802778576,47.9681235986496,0.0,0.0,27.835455712023943,0.003096875841370561,4.79811896869986e-05,0.00030228812798907344,0.0,0.0,0.00017541498744694196,4077,1337,8086,0.09903703703703703,0.5989629629629629,1,1,1
flow,0.5,0.5,0,registered,during_vibration,flow_dump_0.5_0.5.shear.wave,2166,216600,216.6,0.2166,158683.45183699526,641.4093166767931,0.004042068087450413,4.042068087450413e+17,65,0.00040962053224535404,4.096205322453541e+26,531.6021172953132,12.706537080054993,65.09946473904344,0.0,0.0,32.00119756238136,0.0033500791112194357,8.007474587273004e-05,0.0004102473445429943,0.0,0.0,0.00020166688581525196,4097,1369,8034,0.1014074074074074,0.5951111111111111,1,1,1
flow,0.5,0.5,0,registered,during_vibration,flow_dump_0.5_0.5.shear.wave,2167,216700,216.70000000000002,0.2167,158683.45183699526,557.0161853440786,0.0035102348663064347,3.5102348663064346e+17,55,0.0003466019888229919,3.466019888229919e+26,445.4445709272278,7.925199154454914,62.62822914650235,0.0,0.0,41.018186115893485,0.0028071268035232987,4.9943450704588484e-05,0.00039467397779345054,0.0,0.0,0.0002584906342850966,4015,1364,8121,0.10103703703703704,0.6015555555555555,1,1,1
flow,0.5,0.5,0,registered,during_vibration,flow_dump_0.5_0.5.shear.wave,2168,216800,216.8,0.2168,158683.4518369953,681.4633078488691,0.0042944825056420504,4.2944825056420506e+17,64,0.00040331867790311776,4.033186779031178e+26,535.9425219247706,16.928755694605652,74.88432696521973,0.0,0.0,53.70770326427323,0.0033774317089806435,0.00010668255258270668,0.0004719101210512064,0.0,0.0,0.00033845812302749436,3882,1332,8286,0.09866666666666667,0.6137777777777778,1,1,1
flow,0.5,0.5,0,registered,during_vibration,flow_dump_0.5_0.5.shear.wave,2169,216900,216.9,0.21689999999999998,158683.45183699526,530.0554673747024,0.0033403323487013153,3.340332348701315e+17,50,0.0003150927171118108,3.150927171118108e+26,459.8209345354395,10.554404713753154,42.52243312867157,0.0,0.0,17.157694996838288,0.0028977245529532743,6.65123211750837e-05,0.0002679701798543681,0.0,0.0,0.00010812529471858996,3761,1266,8473,0.09377777777777778,0.6276296296296296,1,1,1
flow,0.5,0.5,0,registered,during_vibration,flow_dump_0.5_0.5.shear.wave,2170,217000,217.0,0.217,158683.45183699526,536.1753303350488,0.0033788988336718646,3.378898833671864e+17,50,0.0003150927171118108,3.150927171118108e+26,485.55993277452296,0.0,23.111984874880704,13.275238771317209,0.0,14.228173914328075,0.0030599279707710526,0.0,0.0001456483622414647,8.365862109524792e-05,0.0,8.966387956410044e-05,3569,1202,8729,0.08903703703703704,0.6465925925925926,1,1,1
flow,0.5,0.5,0,registered,during_vibration,flow_dump_0.5_0.5.shear.wave,2171,217100,217.1,0.2171,158683.45183699526,467.4436587673152,0.0029457618507535894,2.945761850753589e+17,43,0.0002709797367161573,2.709797367161573e+26,417.22711558597484,0.0,30.531779842920386,3.8701860738827634,0.0,15.814577264537153,0.002629304510054167,0.0,0.00019240682937930802,2.4389348914960224e-05,0.0,9.96611624051536e-05,3525,1195,8780,0.08851851851851852,0.6503703703703704,1,1,1
flow,0.5,0.5,0,registered,during_vibration,flow_dump_0.5_0.5.shear.wave,2172,217200,217.20000000000002,0.21719999999999998,158683.45183699526,513.9868610663702,0.0032390703322634678,3.2390703322634675e+17,45,0.0002835834454006297,2.835834454006297e+26,491.767774506985,0.0,11.941543471203243,0.0,0.0,10.277543088181998,0.0030990488851486836,0.0,7.52538675770047e-05,0.0,0.0,6.476757953777954e-05,3677,1143,8680,0.08466666666666667,0.642962962962963,1,1,1
flow,0.5,0.5,0,registered,during_vibration,flow_dump_0.5_0.5.shear.wave,2173,217300,217.3,0.2173,158683.45183699526,495.0702776603318,0.003119860778985851,3.119860778985851e+17,45,0.0002835834454006297,2.835834454006297e+26,454.2820629615011,0.0,13.079019214875151,16.873554690896988,0.0,10.835640793058523,0.002862819391073962,0.0,8.242207403145187e-05,0.00010633468389778945,0.0,6.828462998264773e-05,3866,1223,8411,0.09059259259259259,0.6230370370370371,1,1,1
flow,0.5,0.5,0,registered,during_vibration,flow_dump_0.5_0.5.shear.wave,2174,217400,217.4,0.21739999999999998,158683.45183699526,480.3156636092226,0.0030268793503598493,3.0268793503598496e+17,49,0.00030879086276957456,3.0879086276957458e+26,429.59108221328296,0.0,28.323470987507612,0.0,0.0,22.401110408432043,0.0027072204268317325,0.0,0.00017849038862982633,0.0,0.0,0.00014116853489829038,4087,1335,8078,0.09888888888888889,0.5983703703703703,1,1,1
flow,0.5,0.5,0,registered,during_vibration,flow_dump_0.5_0.5.shear.wave,2175,217500,217.5,0.2175,158683.45183699526,528.4227856244796,0.003330043426124184,3.330043426124184e+17,54,0.00034030013448075566,3.403001344807557e+26,444.23899395954396,7.113953475894417,44.71906751551758,0.0,0.0,32.35077067352369,0.0027995294330746003,4.483109860253165e-05,0.000281813049803419,0.0,0.0,0.0002038698446436333,4141,1389,7970,0.10288888888888889,0.5903703703703703,1,1,1
flow,0.5,0.5,0,registered,during_vibration,flow_dump_0.5_0.5.shear.wave,2176,217600,217.6,0.2176,158683.45183699526,566.8832656637427,0.003572415769264103,3.572415769264103e+17,56,0.00035290384316522807,3.529038431652281e+26,486.39120321220344,10.565446908920768,53.771374795327866,0.0,0.0,16.155240747290737,0.0030651665159883218,6.658190748064855e-05,0.00033885937174194794,0.0,0.0,0.00010180797405318559,4109,1393,7998,0.10318518518518519,0.5924444444444444,1,1,1
flow,0.5,0.5,0,registered,during_vibration,flow_dump_0.5_0.5.shear.wave,2177,217700,217.70000000000002,0.21769999999999998,158683.45183699526,617.970547494203,0.0038943603781004346,3.8943603781004346e+17,64,0.0004033186779031178,4.0331867790311785e+26,531.4767338958009,0.0,62.976435852567455,0.0,0.0,23.517377745834906,0.0033492889632987747,0.0,0.0003968683257360627,0.0,0.0,0.00014820308906559907,4010,1358,8132,0.1005925925925926,0.6023703703703703,1,1,1
flow,0.5,0.5,0,registered,during_vibration,flow_dump_0.5_0.5.shear.wave,2178,217800,217.8,0.2178,158683.45183699526,519.8253702339878,0.0032758637666136046,3.2758637666136045e+17,51,0.000321394571454047,3.21394571454047e+26,431.051843823673,5.351508462428013,47.45792650093961,0.0,0.0,35.9640914469473,0.0027164259337291406,3.372442684146583e-05,0.0002990729401934734,0.0,0.0,0.0002266404658495252,3903,1291,8306,0.09562962962962963,0.6152592592592593,1,1,1
flow,0.5,0.5,0,registered,during_vibration,flow_dump_0.5_0.5.shear.wave,2179,217900,217.9,0.21789999999999998,158683.4518369953,615.1825534316688,0.003876790845611324,3.876790845611324e+17,58,0.0003655075518497005,3.655075518497005e+26,514.3100523863386,9.111510613251681,76.4817893979552,0.0,0.0,15.279201034123227,0.003241107036886583,5.7419412722451464e-05,0.00048197709661949964,0.0,0.0,9.628729938278952e-05,3744,1259,8497,0.09325925925925926,0.6294074074074074,1,1,1
flow,0.5,0.5,0,registered,during_vibration,flow_dump_0.5_0.5.shear.wave,2180,218000,218.0,0.218,158683.45183699526,476.17249002116245,0.003000769673893294,3.000769673893294e+17,43,0.0002709797367161573,2.709797367161573e+26,386.04039735781794,8.757575301238907,44.108082067999696,6.008251593610186,0.0,31.2581837004958,0.0024327703543679594,5.518896393957304e-05,0.00027796270850793524,3.786312639444002e-05,0.0,0.00019698452068338677,3565,1134,8801,0.084,0.6519259259259259,1,1,1
flow,0.5,0.5,0,registered,during_vibration,flow_dump_0.5_0.5.shear.wave,2181,218100,218.1,0.2181,158683.45183699526,442.75545916815173,0.0027901804129076067,2.7901804129076067e+17,37,0.00023316861066273998,2.3316861066274e+26,405.1898335051466,8.117216314452262,11.87982376281895,0.0,0.0,17.568585585733867,0.0025534473117043775,5.1153514878101644e-05,7.486491896472157e-05,0.0,0.0,0.00011071466736040557,3570,1087,8843,0.08051851851851852,0.6550370370370371,1,1,1
flow,0.5,0.5,0,registered,during_vibration,flow_dump_0.5_0.5.shear.wave,2182,218200,218.20000000000002,0.21819999999999998,158683.45183699526,413.57198028901354,0.0026062703798115506,2.6062703798115507e+17,34,0.00021426304763603134,2.1426304763603133e+26,404.0671254188588,4.842651413442803,0.0,0.0,0.0,4.662203456711929,0.002546372168875741,3.0517683837740875e-05,0.0,0.0,0.0,2.9380527098068765e-05,3651,1131,8718,0.08377777777777778,0.6457777777777778,1,1,1
flow,0.5,0.5,0,registered,during_vibration,flow_dump_0.5_0.5.shear.wave,2183,218300,218.3,0.2183,158683.4518369953,413.95975396747957,0.0026087140730509965,2.6087140730509965e+17,39,0.00024577231934721236,2.4577231934721235e+26,393.5880904922605,3.7055391140738303,0.0,0.0,0.0,16.66612436114528,0.002480334817121112,2.3351767756352306e-05,0.0,0.0,0.0,0.00010502748817353214,3825,1229,8446,0.09103703703703704,0.6256296296296296,1,1,1
flow,0.5,0.5,0,registered,during_vibration,flow_dump_0.5_0.5.shear.wave,2184,218400,218.4,0.21839999999999998,158683.45183699526,412.74153395949895,0.0026010370280039052,2.6010370280039053e+17,39,0.0002457723193472124,2.4577231934721242e+26,378.7904943208863,0.0,12.920009098997706,0.0,0.0,21.03103053961497,0.00238708252143388,0.0,8.142001544225012e-05,0.0,0.0,0.00013253449112777507,3941,1335,8224,0.09888888888888889,0.6091851851851852,1,1,1
flow,0.5,0.5,0,registered,during_vibration,flow_dump_0.5_0.5.shear.wave,2185,218500,218.5,0.2185,158683.45183699526,512.1338422635403,0.0032273928776746083,3.227392877674608e+17,48,0.0003024890084273384,3.024890084273384e+26,455.3341518386969,5.587848375518674,41.21460407358709,0.0,0.0,9.997237975737534,0.0028694495019331366,3.5213806549019944e-05,0.00025972843164468124,0.0,0.0,6.300113754777038e-05,4072,1339,8089,0.09918518518518518,0.5991851851851852,1,1,1
flow,0.5,0.5,0,registered,during_vibration,flow_dump_0.5_0.5.shear.wave,2186,218600,218.6,0.2186,158683.45183699526,623.2060475917906,0.003927353737124196,3.927353737124196e+17,56,0.00035290384316522807,3.529038431652281e+26,520.736278258575,15.249355318465044,64.46137479701899,0.0,0.0,22.759039217731786,0.0032816041763037273,9.609921602997187e-05,0.0004062261946711103,0.0,0.0,0.0001434241501193874,4058,1389,8053,0.10288888888888889,0.5965185185185186,1,1,1
flow,0.5,0.5,0,registered,during_vibration,flow_dump_0.5_0.5.shear.wave,2187,218700,218.70000000000002,0.21869999999999998,158683.4518369953,565.9475998474954,0.0035665193395771027,3.566519339577103e+17,53,0.0003339982801385194,3.339982801385194e+26,477.03966999639874,8.332108302565288,54.538718403167195,0.0,0.0,26.037103145363954,0.0030062345157857366,5.2507732886503476e-05,0.00034369505938899734,0.0,0.0,0.00016408203151586405,3992,1362,8146,0.10088888888888889,0.6034074074074074,1,1,1
flow,0.5,0.5,0,registered,during_vibration,flow_dump_0.5_0.5.shear.wave,2188,218800,218.8,0.2188,158683.45183699526,581.2241467432713,0.003662789912966624,3.662789912966624e+17,58,0.00036550755184970053,3.6550755184970054e+26,475.2379668701897,6.564622930057396,63.455618023315445,0.0,0.0,35.96593891970857,0.002994880445116416,4.1369297516925636e-05,0.00039988806197951315,0.0,0.0,0.00022665210835376797,3859,1327,8314,0.0982962962962963,0.6158518518518519,1,1,1
flow,0.5,0.5,0,registered,during_vibration,flow_dump_0.5_0.5.shear.wave,2189,218900,218.9,0.21889999999999998,158683.45183699526,525.9921589644581,0.0033147259709523725,3.3147259709523725e+17,48,0.0003024890084273384,3.024890084273384e+26,472.10408662819026,8.460540230515612,30.72010831838452,0.0,0.0,14.70742378736771,0.0029751311883053234,5.3317092189339006e-05,0.00019359364800017838,0.0,0.0,9.268404245753141e-05,3735,1270,8495,0.09407407407407407,0.6292592592592593,1,1,1
flow,0.5,0.5,0,registered,during_vibration,flow_dump_0.5_0.5.shear.wave,2190,219000,219.0,0.219,158683.45183699526,499.88513171284393,0.0031502032879039085,3.1502032879039085e+17,49,0.00030879086276957456,3.0879086276957458e+26,448.6752587545696,0.0,19.746143976439477,3.5913147112347543,0.0,27.872414270600153,0.0028274861276364424,0.0,0.00012443732316034663,2.263194220733154e-05,0.0,0.00017564789489978825,3542,1201,8757,0.08896296296296297,0.6486666666666666,1,1,1
flow,0.5,0.5,0,registered,during_vibration,flow_dump_0.5_0.5.shear.wave,2191,219100,219.1,0.2191,158683.4518369953,451.94943040443184,0.002848119480465353,2.848119480465353e+17,40,0.0002520741736894486,2.520741736894486e+26,410.1582283610147,0.0,27.089716315110024,4.685652169414592,0.0,10.015833558892515,0.0025847574124007737,0.0,0.00017071544639032333,2.9528297470033885e-05,0.0,6.3118324204222e-05,3524,1203,8773,0.08911111111111111,0.6498518518518519,1,1,1
flow,0.5,0.5,0,registered,during_vibration,flow_dump_0.5_0.5.shear.wave,2192,219200,219.20000000000002,0.21919999999999998,158683.45183699526,485.59185292529537,0.0030601291269118027,3.060129126911803e+17,43,0.0002709797367161573,2.709797367161573e+26,460.18910765514744,0.0,15.129513820287142,0.0,0.0,10.273231449860774,0.0029000447263264,0.0,9.534399236429938e-05,0.0,0.0,6.474040822110278e-05,3661,1147,8692,0.08496296296296296,0.6438518518518519,1,1,1
flow,0.5,0.5,0,registered,during_vibration,flow_dump_0.5_0.5.shear.wave,2193,219300,219.3,0.2193,158683.45183699526,531.1958736550079,0.0033475190229707717,3.347519022970772e+17,47,0.00029618715408510216,2.9618715408510217e+26,484.33990158289447,0.0,13.650806753064703,17.946016079330164,0.0,15.259149239718637,0.003052239511908425,0.0,8.602539581182826e-05,0.00011309317935536774,0.0,9.616093589515135e-05,3865,1214,8421,0.08992592592592592,0.6237777777777778,1,1,1
flow,0.5,0.5,0,registered,during_vibration,flow_dump_0.5_0.5.shear.wave,2194,219400,219.4,0.21939999999999998,158683.45183699526,509.7180934590443,0.003212169180581244,3.212169180581244e+17,48,0.0003024890084273384,3.024890084273384e+26,434.5612103573018,0.0,32.52096716728695,0.0,0.0,42.63591593445557,0.002738541450457588,0.0,0.00020494239815688868,0.0,0.0,0.00026868533196676707,4077,1331,8092,0.09859259259259259,0.5994074074074074,1,1,1
flow,0.5,0.5,0,registered,during_vibration,flow_dump_0.5_0.5.shear.wave,2195,219500,219.5,0.2195,158683.45183699526,517.121215306408,0.0032588225761411562,3.2588225761411565e+17,52,0.00032769642579628326,3.276964257962832e+26,439.41842934230226,0.0,40.8853447999795,0.0,0.0,36.81744116412619,0.0027691509370094056,0.0,0.0002576534876615757,0.0,0.0,0.000232018151470175,4153,1395,7952,0.10333333333333333,0.589037037037037,1,1,1
flow,0.5,0.5,0,registered,during_vibration,flow_dump_0.5_0.5.shear.wave,2196,219600,219.6,0.2196,158683.45183699526,612.8226135573364,0.0038619188482668467,3.861918848266847e+17,59,0.00037180940619193677,3.7180940619193676e+26,531.010227388929,8.205183340219946,45.46417316477293,0.0,0.0,28.143029663414115,0.0033463491072427626,5.170787026140933e-05,0.00028650859707460356,0.0,0.0,0.00017735327368806887,4087,1396,8017,0.1034074074074074,0.5938518518518519,1,1,1
flow,0.5,0.5,0,registered,during_vibration,flow_dump_0.5_0.5.shear.wave,2197,219700,219.70000000000002,0.21969999999999998,158683.45183699526,619.0046076959151,0.003900876874872728,3.9008768748727277e+17,64,0.0004033186779031178,4.0331867790311785e+26,517.9746851855064,0.0,61.22955394867381,0.0,0.0,39.800368561734814,0.00326420101900472,0.0,0.0003858597304246367,0.0,0.0,0.0002508161254433703,4024,1364,8112,0.10103703703703704,0.6008888888888889,1,1,1
flow,0.5,0.5,0,registered,during_vibration,flow_dump_0.5_0.5.shear.wave,2198,219800,219.8,0.2198,158683.4518369953,567.2381740522061,0.003574652350233037,3.574652350233037e+17,54,0.0003403001344807556,3.403001344807556e+26,458.1479826828338,11.655410538274978,78.42052670146222,0.0,0.0,19.014254129635376,0.0028871818540565784,7.34506995111739e-05,0.0004941947367140607,0.0,0.0,0.00011982505995122557,3902,1295,8303,0.09592592592592593,0.615037037037037,1,1,1
flow,0.5,0.5,0,registered,during_vibration,flow_dump_0.5_0.5.shear.wave,2199,219900,219.9,0.21989999999999998,158683.45183699526,619.1703633057227,0.003901921442582144,3.901921442582144e+17,60,0.00037811126053417294,3.78111260534173e+26,509.70953556586915,9.980022965129375,70.547218150557,0.0,0.0,28.933586624167535,0.0032121152499849774,6.289265105841772e-05,0.0004445782930347732,0.0,0.0,0.0001823352485039779,3750,1245,8505,0.09222222222222222,0.63,1,1,1
flow,0.5,0.5,0,registered,during_vibration,flow_dump_0.5_0.5.shear.wave,2200,220000,220.0,0.22,158683.45183699526,477.92279869941945,0.0030117998642376215,3.011799864237622e+17,43,0.0002709797367161573,2.709797367161573e+26,389.07991047803097,9.58861591021398,43.67224697933351,3.6358051799215128,0.0,31.946220151919416,0.0024519249233228577,6.042606080981723e-05,0.00027521613926192534,2.291231466061331e-05,0.0,0.00020132042618240748,3559,1120,8821,0.08296296296296296,0.6534074074074074,1,1,1
flow,0.5,0.5,0,registered,after_removal,flow_dump_0.5_0.5.shear.wave,2240,224000,224.0,0.22399999999999998,158683.4518369953,1098.2879257612597,0.0069212505339842,6.9212505339842e+17,101,0.0006364872885658577,6.364872885658577e+26,922.6083882959872,7.614070098067141,73.30846193880866,34.542555220144166,5.492933042892382,54.721517165360204,0.005814143677966623,4.7982760709595334e-05,0.0004619792491917397,0.00021768215160599975,3.461566394796414e-05,0.00034484703056227874,4989,2451,6060,0.18155555555555555,0.4488888888888889,0,1,1
flow,0.5,0.5,0,registered,after_removal,flow_dump_0.5_0.5.shear.wave,2245,224500,224.5,0.22449999999999998,158683.45183699526,1173.4194227562264,0.00739471828456064,7.39471828456064e+17,99,0.0006238835798813854,6.238835798813854e+26,952.6185570313015,15.676765646720604,64.24027490599903,33.14408930181955,8.377842490843948,99.36189337954158,0.0060032633901225055,9.879269366300578e-05,0.0004048328553628182,0.00020886922308613643,5.279594307949601e-05,0.000626164179246676,4928,2444,6128,0.18103703703703702,0.4539259259259259,0,1,1
flow,0.5,0.5,0,registered,after_removal,flow_dump_0.5_0.5.shear.wave,2250,225000,225.0,0.22499999999999998,158683.45183699526,1049.785719214577,0.006615596693049951,6.615596693049951e+17,97,0.000611279871196913,6.112798711969129e+26,882.625045012206,8.994188513921625,78.81558843398463,25.00678490662805,6.516498079845958,47.82761426799045,0.005562174472476606,5.668006594134809e-05,0.0004966843582086086,0.00015758911604920104,4.1066021720651214e-05,0.0003014026586535344,4919,2460,6121,0.18222222222222223,0.4534074074074074,0,1,1
flow,0.5,0.5,0,registered,after_removal,flow_dump_0.5_0.5.shear.wave,2255,225500,225.5,0.22549999999999998,158683.4518369953,1102.6713329002007,0.006948874127296525,6.948874127296525e+17,98,0.000617581725539149,6.17581725539149e+26,915.3084384641264,2.849095203814195,66.8162207280623,41.583666984649014,15.195609582075067,60.91830193747367,0.005768140457420605,1.7954582981600858e-05,0.0004210660907269528,0.0002620542123533151,9.5760518227726e-05,0.00038389826558632526,4846,2478,6176,0.18355555555555556,0.4574814814814815,0,1,1
flow,0.5,0.5,0,registered,after_removal,flow_dump_0.5_0.5.shear.wave,2260,226000,226.0,0.22599999999999998,158683.45183699526,1063.3789669030125,0.00670125936002041,6.701259360020411e+17,89,0.0005608650364590232,5.6086503645902325e+26,898.6748083296583,0.0,39.704543453105856,41.1550750456234,0.0,83.8445400746247,0.005663317743130556,0.0,0.00025021224956646166,0.00025935328838131913,0.0,0.0005283760789420721,4766,2511,6223,0.186,0.46096296296296296,0,1,1
flow,0.5,0.5,0,registered,after_removal,flow_dump_0.5_0.5.shear.wave,2265,226500,226.5,0.22649999999999998,158683.45183699526,1042.4799545728822,0.006569556828419331,6.569556828419332e+17,84,0.0005293557647478421,5.293557647478421e+26,896.110418748042,7.9964003771041305,35.291493854590406,36.779843908298474,0.0,66.3017976848472,0.005647157333510462,5.039215043871298e-05,0.00022240185379155327,0.00023178121904028097,0.0,0.00041782427163832144,4745,2503,6252,0.1854074074074074,0.4631111111111111,0,1,1
flow,0.5,0.5,0,registered,after_removal,flow_dump_0.5_0.5.shear.wave,2270,227000,227.0,0.22699999999999998,158683.45183699526,1027.467806490936,0.006474952457842825,6.474952457842825e+17,88,0.000554563182116787,5.54563182116787e+26,844.1017790798645,5.6219656506103854,59.65395492036108,36.86309734389846,0.0,81.22700949620136,0.005319406461783759,3.542880864720191e-05,0.00037593053484644097,0.00023230587006492284,0.0,0.0005118807825004989,4741,2492,6267,0.18459259259259259,0.4642222222222222,0,1,1
flow,0.5,0.5,0,registered,after_removal,flow_dump_0.5_0.5.shear.wave,2275,227500,227.5,0.22749999999999998,158683.45183699526,1066.9707589270681,0.006723894310183615,6.723894310183615e+17,86,0.0005419594734323146,5.419594734323146e+26,878.19022567865,0.0,43.62750811753902,40.09494232658624,0.0,105.05808280429314,0.005534226887002403,0.0,0.00027493420147145904,0.0002526724864025082,0.0,0.0006620607353072466,4710,2490,6300,0.18444444444444444,0.4666666666666667,0,1,1
flow,0.5,0.5,0,registered,after_removal,flow_dump_0.5_0.5.shear.wave,2280,228000,228.0,0.22799999999999998,158683.45183699526,1076.8361317550762,0.006786064452777576,6.786064452777577e+17,94,0.0005923743081702043,5.9237430817020434e+26,910.9997825221873,6.488069457181791,37.85429180829396,36.09615268627809,0.0,85.3978352811352,0.005740987935263694,4.088686868147124e-05,0.0002385522332043741,0.00022747269654404303,0.0,0.000538164719083995,4715,2454,6331,0.1817777777777778,0.46896296296296297,0,1,1
flow,0.5,0.5,0,registered,after_removal,flow_dump_0.5_0.5.shear.wave,2285,228500,228.5,0.22849999999999998,158683.45183699526,1102.2607648540632,0.0069462867872721904,6.946286787272191e+17,96,0.0006049780168546768,6.049780168546768e+26,903.9264525590706,6.5627838987048115,42.03565188478437,30.38898425368785,0.0,119.34689225781558,0.005696412840121558,4.135770820921084e-05,0.00026490255535885837,0.00019150695237525077,0.0,0.0007521067312073129,4715,2447,6338,0.18125925925925926,0.4694814814814815,0,1,1
flow,0.5,0.5,0,registered,after_removal,flow_dump_0.5_0.5.shear.wave,2290,229000,229.0,0.22899999999999998,158683.45183699526,1055.6276159586052,0.006652411475413201,6.652411475413202e+17,93,0.0005860724538279681,5.860724538279681e+26,853.6414248087872,6.831195706897552,38.731508290453874,46.032850073150996,0.0,110.3906370793157,0.005379523919643966,4.304920032817774e-05,0.00024408032370155474,0.00029009231611899533,0.0,0.0006956657156205079,4680,2451,6369,0.18155555555555555,0.4717777777777778,0,1,1
flow,0.5,0.5,0,registered,after_removal,flow_dump_0.5_0.5.shear.wave,2295,229500,229.5,0.22949999999999998,158683.45183699526,1060.7601581037059,0.006684756008417014,6.684756008417014e+17,91,0.0005734687451434957,5.734687451434957e+26,868.3201694941297,3.1990125819160813,38.21711454763996,43.233828754729025,0.0,107.79003272529114,0.005472027230577868,2.0159711330216146e-05,0.00024083868925978374,0.00027245329146948605,0.0,0.0006792770857796598,4674,2449,6377,0.1814074074074074,0.4723703703703704,0,1,1
flow,0.5,0.5,0,registered,after_removal,flow_dump_0.5_0.5.shear.wave,2300,230000,230.0,0.22999999999999998,158683.45183699526,1021.0076416766735,0.0064342414401565035,6.434241440156503e+17,90,0.0005671668908012594,5.671668908012594e+26,870.2276374131635,5.907768900049621,35.096192936117994,34.184691928283534,0.0,75.59135049905885,0.005484047815566107,3.722989909570578e-05,0.0002211710958504352,0.00021542694926626093,0.0,0.00047636568037799377,4635,2419,6446,0.1791851851851852,0.4774814814814815,0,1,1
