region,amplitude_A,frequency_THz,is_baseline,coordinate_treatment,analysis_stage,filename,frame,timestep,time_ps,strain_xy,cell_volume_A3,total_line_length_A,dislocation_density_A-2,dislocation_density_m-2,segment_count,segment_number_density_A-3,segment_number_density_m-3,shockley_length_A,perfect_length_A,stair_rod_length_A,hirth_length_A,frank_length_A,other_length_A,shockley_density_A-2,perfect_density_A-2,stair_rod_density_A-2,hirth_density_A-2,frank_density_A-2,other_density_A-2,fcc_count,hcp_count,other_atom_count,hcp_fraction,other_atom_fraction,coherent_correction_applied,has_PE,has_KE
flow,0.3,1.5,0,registered,before,flow_dump_0.3_1.5.shear.wave,1850,185000,185.0,0.185,158683.45183699526,1441.826292300768,0.00908617928088594,9.086179280885939e+17,126,0.0007940336471217632,7.940336471217631e+26,1167.4654380944578,4.603785611908546,121.82863208346481,44.556678307427724,0.0,103.37175820350976,0.007357197140466265,2.9012386349130486e-05,0.0007677462941038811,0.00028078969666728564,0.0,0.0006514337632993802,5939,3062,4499,0.2268148148148148,0.33325925925925926,0,0,0
flow,0.3,1.5,0,registered,before,flow_dump_0.3_1.5.shear.wave,1855,185500,185.5,0.1855,158683.45183699526,1437.2295380341995,0.009057211205050972,9.057211205050972e+17,125,0.000787731792779527,7.87731792779527e+26,1161.7754451855296,6.342864394528773,133.7958539195755,24.720090279973533,0.0,110.59528425459212,0.0073213396339458425,3.997180752687663e-05,0.0008431619829962794,0.0001557824082713225,0.0,0.0006969553723106499,5928,3069,4503,0.22733333333333333,0.33355555555555555,0,0,0
flow,0.3,1.5,0,registered,before,flow_dump_0.3_1.5.shear.wave,1860,186000,186.0,0.186,158683.45183699526,4975.515810919432,0.03135497591790757,3.135497591790757e+18,135,0.0008507503362018892,8.507503362018892e+26,3685.6746195561204,0.0,448.83295727585386,257.259246710078,0.0,583.7489873773791,0.02322658460531955,0.0,0.0028284799207475616,0.001621210300960323,0.0,0.00367870109088013,5915,3025,4560,0.22407407407407406,0.3377777777777778,0,0,0
flow,0.3,1.5,0,registered,before,flow_dump_0.3_1.5.shear.wave,1865,186500,186.5,0.1865,158683.45183699526,1704.3169668455046,0.0107403572780622,1.07403572780622e+18,122,0.0007688262297528183,7.688262297528184e+26,1352.8907364199413,0.0,161.42633713868145,67.77793029904024,0.0,122.22196298784144,0.008525720361879159,0.0,0.001017285263648687,0.0004271266443627903,0.0,0.0007702250081715626,5911,3021,4568,0.22377777777777777,0.3383703703703704,0,0,0
flow,0.3,1.5,0,registered,before,flow_dump_0.3_1.5.shear.wave,1870,187000,187.0,0.187,158683.45183699526,1550.0191724865495,0.009767995052683748,9.767995052683748e+17,129,0.0008129392101484719,8.129392101484719e+26,1208.4069916005535,6.442923376896207,156.38005819092385,52.4617493373733,0.0,126.32744998080318,0.007615204847206551,4.0602364659388584e-05,0.0009854843487496255,0.00033060630286303386,0.0,0.0007960971892051529,5916,3027,4557,0.2242222222222222,0.33755555555555555,0,0,0
flow,0.3,1.5,0,registered,before,flow_dump_0.3_1.5.shear.wave,1875,187500,187.5,0.1875,158683.45183699526,1536.1960074072153,0.009680883479805098,9.680883479805098e+17,131,0.0008255429188329443,8.255429188329443e+26,1202.2306791004264,7.870538299511893,144.28804290422232,62.24720794551858,0.0,119.55953915753562,0.007576282625458617,4.959898595851547e-05,0.0009092822297087389,0.000392272837683547,0.0,0.0007534468009956768,5888,3011,4601,0.22303703703703703,0.3408148148148148,0,0,0
flow,0.3,1.5,0,registered,before,flow_dump_0.3_1.5.shear.wave,1880,188000,188.0,0.188,158683.45183699526,1497.927042607647,0.009439718037810053,9.439718037810053e+17,126,0.0007940336471217632,7.940336471217631e+26,1221.3909315814399,5.9249625163137605,139.40151732368602,37.20419762059687,0.0,94.00543356561074,0.007697027745754433,3.733825076101869e-05,0.0008784880572605878,0.00023445543432477268,0.0,0.0005924085497092422,5867,2993,4640,0.2217037037037037,0.3437037037037037,0,0,0
flow,0.3,1.5,0,registered,before,flow_dump_0.3_1.5.shear.wave,1885,188500,188.5,0.1885,158683.45183699526,1533.7373097756965,0.009665389125459665,9.665389125459665e+17,128,0.0008066373558062356,8.066373558062357e+26,1190.2230546991996,5.014848463179432,151.90362676925645,28.928189075994343,0.0,157.66759076806719,0.007500612325485804,3.160284456334392e-05,0.0009572745299572682,0.0001823012339415852,0.0,0.0009935981915116668,5835,3005,4660,0.2225925925925926,0.3451851851851852,0,0,0
flow,0.3,1.5,0,registered,before,flow_dump_0.3_1.5.shear.wave,1890,189000,189.0,0.189,158683.4518369953,1488.4590490642256,0.009380052121586177,9.380052121586177e+17,121,0.000762524375410582,7.62524375410582e+26,1203.1402573759274,0.0,167.0499310768173,9.040746322285841,0.0,109.22811428919475,0.007582014655263685,0.0,0.0010527243335267016,5.697346646815312e-05,0.0,0.0006883396663276355,5870,3010,4620,0.22296296296296297,0.3422222222222222,0,0,0
flow,0.3,1.5,0,registered,before,flow_dump_0.3_1.5.shear.wave,1895,189500,189.5,0.1895,158683.45183699526,1497.1161961776575,0.009434608201714337,9.434608201714337e+17,129,0.0008129392101484719,8.129392101484719e+26,1212.6033220505008,10.534191187355,132.72377370722762,30.244553758185795,0.0,111.0103554743877,0.007641649510474009,6.638493847597959e-05,0.0008364058896548693,0.0001905967724300198,0.0,0.000699571090679456,5912,3016,4572,0.22340740740740742,0.33866666666666667,0,0,0
flow,0.3,1.5,0,registered,before,flow_dump_0.3_1.5.shear.wave,1900,190000,190.0,0.19,158683.45183699526,1501.7487813824728,0.009463802078903082,9.463802078903082e+17,126,0.0007940336471217632,7.940336471217631e+26,1205.5387239756446,11.467998671675558,139.27213712580374,44.83362218934846,0.0,100.63629942000073,0.007597129442419823,7.226965722585777e-05,0.0008776727220987639,0.00028253495667212355,0.0,0.0006341953004865156,5911,3054,4535,0.2262222222222222,0.3359259259259259,0,0,0
flow,0.3,1.5,0,registered,during_vibration,flow_dump_0.3_1.5.shear.wave,1910,191000,191.0,0.191,158683.45183699526,1207.7418276723686,0.007611013081017419,7.61101308101742e+17,94,0.0005923743081702043,5.9237430817020434e+26,995.9483727639256,3.321043588038438,125.05976122537895,39.98392296692198,0.0,43.42872712810349,0.006276321577545438,2.0928732956035773e-05,0.0007881083993171786,0.00025197285856873563,0.0,0.0002736815126300307,5364,2465,5671,0.18259259259259258,0.4200740740740741,1,0,0
flow,0.3,1.5,0,registered,during_vibration,flow_dump_0.3_1.5.shear.wave,1911,191100,191.1,0.1911,158683.45183699526,1050.6238629467398,0.006620878552767899,6.620878552767899e+17,93,0.0005860724538279681,5.860724538279681e+26,870.4062782849857,0.0,113.64233968944555,16.23309309290334,0.0,50.34215187940532,0.005485173584319901,0.0,0.0007161574718338155,0.00010229858819543763,0.0,0.0003172489084187455,5359,2527,5614,0.18718518518518518,0.41585185185185186,1,0,0
flow,0.3,1.5,0,registered,during_vibration,flow_dump_0.3_1.5.shear.wave,1912,191200,191.20000000000002,0.19119999999999998,158683.45183699526,1164.7216191461098,0.007339905993112308,7.339905993112308e+17,101,0.0006364872885658578,6.364872885658577e+26,951.8013167733303,0.0,100.74132952308773,30.1878032202004,0.0,81.99116962949138,0.005998113261054159,0.0,0.0006348571848977199,0.0001902391388057923,0.0,0.0005166964083546364,5400,2625,5475,0.19444444444444445,0.40555555555555556,1,0,0
flow,0.3,1.5,0,registered,during_vibration,flow_dump_0.3_1.5.shear.wave,1913,191300,191.3,0.1913,158683.45183699526,1267.9476866093244,0.007990421634587335,7.990421634587336e+17,106,0.0006679965602770389,6.679965602770389e+26,1043.3416849574191,0.0,101.03010838096702,13.070458617379487,0.0,110.50543465355909,0.0065749873277849615,0.0,0.0006366770271971925,8.236812639295168e-05,0.0,0.0006963891532122318,5398,2545,5557,0.18851851851851853,0.4116296296296296,1,0,0
flow,0.3,1.5,0,registered,during_vibration,flow_dump_0.3_1.5.shear.wave,1914,191400,191.4,0.1914,158683.45183699526,1197.8137939957064,0.0075484480588822785,7.548448058882278e+17,100,0.0006301854342236216,6.301854342236216e+26,982.5845979438511,0.0,94.95084279879383,46.34383581880029,0.0,73.93451743426105,0.006192105015166885,0.0,0.0005983663809905672,0.0002920521029905889,0.0,0.00046592455973423725,5396,2476,5628,0.1834074074074074,0.41688888888888886,1,0,0
flow,0.3,1.5,0,registered,during_vibration,flow_dump_0.3_1.5.shear.wave,1915,191500,191.5,0.1915,158683.45183699526,1262.9280996396135,0.007958788928646031,7.958788928646031e+17,97,0.000611279871196913,6.112798711969129e+26,1016.04992483759,8.392222830746341,104.16113313977206,22.176250891994236,0.0,112.14856793951111,0.0064029986307665475,5.2886565886952736e-05,0.0006564082891691172,0.00013975150297823363,0.0,0.0007067439398451814,5399,2538,5563,0.188,0.4120740740740741,1,0,0
flow,0.3,1.5,0,registered,during_vibration,flow_dump_0.3_1.5.shear.wave,1916,191600,191.6,0.1916,158683.4518369953,1147.2859252654441,0.007230028789920532,7.230028789920532e+17,98,0.000617581725539149,6.17581725539149e+26,978.6263576109126,0.0,92.71426654421957,27.570441403437428,0.0,48.37485970687412,0.00616716076113714,0.0,0.0005842718032089359,0.00017374490587562127,0.0,0.0003048513196988324,5412,2528,5560,0.18725925925925926,0.41185185185185186,1,0,0
flow,0.3,1.5,0,registered,during_vibration,flow_dump_0.3_1.5.shear.wave,1917,191700,191.70000000000002,0.19169999999999998,158683.45183699526,1226.3786794796329,0.007728459806504641,7.728459806504641e+17,93,0.0005860724538279681,5.860724538279681e+26,997.7961180882519,0.0,106.59646091382817,40.898291782764616,0.0,81.08780869478863,0.006287965799440891,0.0,0.0006717553700768211,0.00025773507766125897,0.0,0.0005110035593256733,5371,2469,5660,0.18288888888888888,0.4192592592592593,1,0,0
flow,0.3,1.5,0,registered,during_vibration,flow_dump_0.3_1.5.shear.wave,1918,191800,191.8,0.1918,158683.45183699526,1284.399871485476,0.008094100907288385,8.094100907288385e+17,97,0.000611279871196913,6.112798711969129e+26,1001.3731685901611,0.0,125.45866735882556,43.39297511794288,15.652160587877702,98.5228998306684,0.006310507850678745,0.0,0.0007906222476663839,0.00027345620866955645,9.863763616609566e-05,0.0006208769641076014,5408,2606,5486,0.19303703703703703,0.4063703703703704,1,0,0
flow,0.3,1.5,0,registered,during_vibration,flow_dump_0.3_1.5.shear.wave,1919,191900,191.9,0.1919,158683.45183699526,1191.185825493524,0.007506679566796595,7.506679566796595e+17,95,0.0005986761625124405,5.986761625124405e+26,960.9545220632749,10.654588505202785,132.1592726330558,31.30010517389062,0.0,56.117337118100025,0.006055795427555977,6.714366483625224e-05,0.0008328484861094026,0.00019724870370253287,0.0,0.0003536432845924322,5390,2601,5509,0.19266666666666668,0.4080740740740741,1,0,0
flow,0.3,1.5,0,registered,during_vibration,flow_dump_0.3_1.5.shear.wave,1920,192000,192.0,0.192,158683.4518369953,1144.879655910152,0.007214864830935295,7.214864830935295e+17,99,0.0006238835798813853,6.238835798813853e+26,922.34350542165,6.770959492988114,111.41917516991363,15.43017454209106,0.0,88.91584128350976,0.005812474424674797,4.266960048199266e-05,0.0007021474128528977,9.723871243953924e-05,0.0,0.0005603346804860721,5392,2506,5602,0.18562962962962962,0.414962962962963,1,0,0
flow,0.3,1.5,0,registered,during_vibration,flow_dump_0.3_1.5.shear.wave,1921,192100,192.1,0.1921,158683.45183699526,1229.019978519342,0.007745104888327176,7.745104888327176e+17,104,0.0006553928515925665,6.553928515925665e+26,1019.3095159496473,11.300842649880895,103.31798173371192,21.005767649198905,0.0,74.08587053690295,0.0064235400991699805,7.121626432408014e-05,0.0006510948718196745,0.00013237528807210914,0.0,0.000466878364941332,5408,2465,5627,0.18259259259259258,0.4168148148148148,1,0,0
flow,0.3,1.5,0,registered,during_vibration,flow_dump_0.3_1.5.shear.wave,1922,192200,192.20000000000002,0.19219999999999998,158683.45183699526,1281.6732174217705,0.008076917930537246,8.076917930537245e+17,100,0.0006301854342236216,6.301854342236216e+26,1000.4333138231004,13.183877433629958,142.6871987381904,24.422098012352667,0.0,100.9467294144973,0.0063045850228338725,8.308287525263101e-05,0.0008991939429497871,0.0001539045044056631,0.0,0.0006361515850952941,5413,2529,5558,0.18733333333333332,0.4117037037037037,1,0,0
flow,0.3,1.5,0,registered,during_vibration,flow_dump_0.3_1.5.shear.wave,1923,192300,192.3,0.1923,158683.45183699526,1061.27635067103,0.006688008978788836,6.688008978788836e+17,92,0.0005797705994857318,5.7977059948573184e+26,901.3098304356693,0.0,86.38685762795947,37.495829191902054,0.0,36.08383341549951,0.00567992326863121,0.0,0.0005443973938548982,0.00023629325400873543,0.0,0.00022739506229399386,5424,2447,5629,0.18125925925925926,0.416962962962963,1,0,0
flow,0.3,1.5,0,registered,during_vibration,flow_dump_0.3_1.5.shear.wave,1924,192400,192.4,0.1924,158683.4518369953,1132.575009793993,0.007137322743378499,7.137322743378499e+17,97,0.0006112798711969128,6.1127987119691286e+26,921.9188198064918,0.0,115.68876369139846,32.94869678445413,0.0,62.01872951164889,0.005809798117786827,0.0,0.0007290537378165788,0.00020763788790213665,0.0,0.00039083299987295784,5409,2503,5588,0.1854074074074074,0.4139259259259259,1,0,0
flow,0.3,1.5,0,registered,during_vibration,flow_dump_0.3_1.5.shear.wave,1925,192500,192.5,0.1925,158683.45183699526,1138.6320357408615,0.00717549323864281,7.17549323864281e+17,94,0.0005923743081702043,5.9237430817020434e+26,926.8921827368551,0.0,103.47364225586338,30.04256517304727,0.0,78.22364557509626,0.005841139526565055,0.0,0.0006520758217571094,0.00018932386978768245,0.0,0.0004929540205329671,5440,2607,5453,0.19311111111111112,0.4039259259259259,1,0,0
flow,0.3,1.5,0,registered,during_vibration,flow_dump_0.3_1.5.shear.wave,1926,192600,192.6,0.1926,158683.45183699526,1170.1295883579064,0.007373986227372348,7.373986227372348e+17,96,0.0006049780168546768,6.049780168546768e+26,957.3221516326054,10.147947515422503,112.76437210209966,11.578643067977337,0.0,78.31647403980159,0.006032904758184851,6.395088711485051e-05,0.0007106246479811571,7.296692209513624e-05,0.0,0.0004935390119963535,5430,2545,5525,0.18851851851851853,0.40925925925925927,1,0,0
flow,0.3,1.5,0,registered,during_vibration,flow_dump_0.3_1.5.shear.wave,1927,192700,192.70000000000002,0.19269999999999998,158683.45183699526,1128.9627466542595,0.00711455878722607,7.11455878722607e+17,95,0.0005986761625124405,5.986761625124405e+26,921.2795669846325,5.432675195411767,95.43263665555563,20.537130520259232,0.0,86.2807372984009,0.0058057696396156076,3.423592777016463e-05,0.0006014025756988642,0.00012942200514616756,0.0,0.0005437286389952699,5425,2497,5578,0.18496296296296297,0.4131851851851852,1,0,0
flow,0.3,1.5,0,registered,during_vibration,flow_dump_0.3_1.5.shear.wave,1928,192800,192.8,0.1928,158683.45183699526,1204.9990685309645,0.007593728612412454,7.593728612412454e+17,99,0.0006238835798813854,6.238835798813854e+26,958.9279143423813,17.38293893652608,106.10578736130701,19.05572306248321,0.0,103.52670482826692,0.006043024040890054,0.00010954474921797387,0.0006686632168192452,0.00012008639112576062,0.0,0.0006524102143594209,5439,2522,5539,0.18681481481481482,0.41029629629629627,1,0,0
flow,0.3,1.5,0,registered,during_vibration,flow_dump_0.3_1.5.shear.wave,1929,192900,192.9,0.1929,158683.45183699526,1233.9658336949408,0.007776272947241595,7.776272947241595e+17,104,0.0006553928515925665,6.553928515925665e+26,1018.9048846607899,0.0,120.09764307858791,44.31615041550512,0.0,50.64715554005842,0.00642099017172529,0.0,0.0007568378535271344,0.00027927392492714423,0.0,0.0003191709970620302,5458,2552,5490,0.18903703703703703,0.4066666666666667,1,0,0
flow,0.3,1.5,0,registered,during_vibration,flow_dump_0.3_1.5.shear.wave,1930,193000,193.0,0.193,158683.45183699526,1106.1411872373367,0.006970740643917933,6.970740643917933e+17,93,0.0005860724538279681,5.860724538279681e+26,896.1170185743237,2.624913016857438,106.1373751283941,41.828134504944984,0.0,59.43374601281651,0.005647198924654373,1.654181949327541e-05,0.0006688622783264245,0.00026359481105762804,0.0,0.00037454281038623214,5416,2442,5642,0.18088888888888888,0.4179259259259259,1,0,0
flow,0.3,1.5,0,registered,during_vibration,flow_dump_0.3_1.5.shear.wave,1931,193100,193.1,0.1931,158683.45183699526,1153.948564654911,0.0072720157728877995,7.272015772887799e+17,100,0.0006301854342236216,6.301854342236216e+26,977.0144812732981,0.0,102.18337886521184,24.28780827874842,0.0,50.46289623765303,0.006157002951239798,0.0,0.0006439447698061035,0.00015305823006483147,0.0,0.0003180098217770693,5432,2517,5551,0.18644444444444444,0.4111851851851852,1,0,0
flow,0.3,1.5,0,registered,during_vibration,flow_dump_0.3_1.5.shear.wave,1932,193200,193.20000000000002,0.19319999999999998,158683.45183699526,1181.2443427925068,0.007444029790868925,7.444029790868924e+17,95,0.0005986761625124405,5.986761625124405e+26,979.8843060520235,20.09195100405195,91.85488731803716,21.288595158092953,0.0,68.12460326030148,0.006175088168983065,0.00012661654867888208,0.0005788561205007908,0.00013415762583713695,0.0,0.00042931132686905036,5445,2602,5453,0.19274074074074074,0.4039259259259259,1,0,0
flow,0.3,1.5,0,registered,during_vibration,flow_dump_0.3_1.5.shear.wave,1933,193300,193.3,0.1933,158683.45183699526,1267.4350394277442,0.00798719100672006,7.98719100672006e+17,107,0.0006742984146192752,6.742984146192752e+26,1052.2724758157156,26.426335742321466,98.46604853608895,13.200978529573984,0.0,77.06920080404417,0.00663126787093492,0.00016653491864714065,0.0006205186955299941,8.319064386836286e-05,0.0,0.00048567887773964065,5445,2546,5509,0.1885925925925926,0.4080740740740741,1,0,0
flow,0.3,1.5,0,registered,during_vibration,flow_dump_0.3_1.5.shear.wave,1934,193400,193.4,0.1934,158683.45183699526,1284.5268952102872,0.008094901392300152,8.094901392300152e+17,105,0.0006616947059348027,6.616947059348027e+26,1065.2284969256625,23.07482702787277,104.55793291967761,18.558105133849267,0.0,73.10753320322544,0.006712914828824744,0.0001454141989019496,0.0006589088635851134,0.00011695047542142422,0.0,0.00046071302556692457,5415,2488,5597,0.1842962962962963,0.41459259259259257,1,0,0
flow,0.3,1.5,0,registered,during_vibration,flow_dump_0.3_1.5.shear.wave,1935,193500,193.5,0.19349999999999998,158683.4518369953,1199.8996642809707,0.007561592909596812,7.561592909596812e+17,98,0.000617581725539149,6.17581725539149e+26,966.9043984061179,21.34903681795111,111.12798678704415,16.99007237561784,0.0,83.52816989423978,0.0060932906816228895,0.00013453852037376601,0.0007003123860779029,0.00010706896137519484,0.0,0.0005263823601470592,5440,2510,5550,0.18592592592592594,0.4111111111111111,1,0,0
flow,0.3,1.5,0,registered,during_vibration,flow_dump_0.3_1.5.shear.wave,1936,193600,193.6,0.1936,158683.45183699526,1185.00970571391,0.007467758559545265,7.467758559545265e+17,102,0.000642789142908094,6.42789142908094e+26,989.5364652604115,11.247440954365477,108.57905594751114,21.452428038295125,0.0,54.19431551332657,0.006235914670402401,7.087973461731352e-05,0.0006842493951987321,0.00013519007678464007,0.0,0.0003415246825421766,5456,2517,5527,0.18644444444444444,0.4094074074074074,1,0,0
flow,0.3,1.5,0,registered,during_vibration,flow_dump_0.3_1.5.shear.wave,1937,193700,193.70000000000002,0.19369999999999998,158683.45183699526,1105.457841234707,0.006966434296944012,6.966434296944013e+17,86,0.0005419594734323146,5.419594734323146e+26,936.1469710050102,11.49884250627302,98.91118388105556,24.378517037676744,0.0,34.52232680469161,0.005899461854199204,7.2464030578847e-05,0.0006233238736365549,0.00015362986345116277,0.0,0.00021755467507824353,5425,2455,5620,0.18185185185185185,0.4162962962962963,1,0,0
flow,0.3,1.5,0,registered,during_vibration,flow_dump_0.3_1.5.shear.wave,1938,193800,193.8,0.1938,158683.45183699526,1163.896113267798,0.007334703775308527,7.334703775308527e+17,94,0.0005923743081702043,5.9237430817020434e+26,949.0541330420805,12.349135227159053,107.84831718683908,25.021033502679213,0.0,69.62349430904052,0.005980800909328462,7.78224514541345e-05,0.0006796443859667506,0.00015767890862609682,0.0,0.0004387571199330855,5436,2538,5526,0.188,0.4093333333333333,1,0,0
flow,0.3,1.5,0,registered,during_vibration,flow_dump_0.3_1.5.shear.wave,1939,193900,193.9,0.1939,158683.4518369953,1163.6773061179908,0.007333324884521402,7.333324884521402e+17,97,0.0006112798711969128,6.1127987119691286e+26,978.0087143438625,17.238922253027667,95.47238707787393,12.743628347249517,0.0,60.213654095977006,0.006163268463232728,0.00010863717705571491,0.0006016530770703566,8.030848963595888e-05,0.0,0.00037945767752664214,5435,2571,5494,0.19044444444444444,0.40696296296296297,1,0,0
flow,0.3,1.5,0,registered,during_vibration,flow_dump_0.3_1.5.shear.wave,1940,194000,194.0,0.19399999999999998,158683.45183699526,1173.2416605954,0.007393598053315549,7.39359805331555e+17,101,0.0006364872885658578,6.364872885658577e+26,957.8822943618261,27.837989082752546,93.7716795649021,12.597481572853129,0.0,81.15221601306605,0.006036434696075263,0.0001754309523802685,0.0005909354660448613,7.93874939511252e-05,0.0,0.0005114094448640317,5424,2522,5554,0.18681481481481482,0.4114074074074074,1,0,0
flow,0.3,1.5,0,registered,during_vibration,flow_dump_0.3_1.5.shear.wave,1941,194100,194.1,0.1941,158683.45183699526,1275.8919247576043,0.008040485066257833,8.040485066257833e+17,113,0.0007121095406726924,7.121095406726925e+26,998.8855775398553,50.73565104148507,115.64652127071703,21.183763192366413,0.0,89.44041171317967,0.006294831414216667,0.0003197286828219641,0.0007287875322343811,0.00013349699005871802,0.0,0.0005636404469260962,5418,2477,5605,0.18348148148148147,0.4151851851851852,1,0,0
flow,0.3,1.5,0,registered,during_vibration,flow_dump_0.3_1.5.shear.wave,1942,194200,194.20000000000002,0.19419999999999998,158683.45183699526,1291.3451315438158,0.008137868924544994,8.137868924544993e+17,105,0.0006616947059348027,6.616947059348027e+26,1029.7767495910539,24.44072478854903,113.53071945781615,23.96572394061225,3.5414981812206694,96.08971558456425,0.00648950308094428,0.00015402188763611802,0.0007154540573924403,0.00015102850147998174,2.2318005691347135e-05,0.0006055433914008292,5453,2537,5510,0.1879259259259259,0.40814814814814815,1,0,0
flow,0.3,1.5,0,registered,during_vibration,flow_dump_0.3_1.5.shear.wave,1943,194300,194.3,0.1943,158683.4518369953,1271.617103703253,0.008013545766634184,8.013545766634184e+17,103,0.0006490909972503301,6.490909972503302e+26,1060.5852649640217,33.0014372621473,113.98954761909499,36.079344199837,0.0,27.961509658151627,0.006683653857325267,0.00020797025071049897,0.0007183455256329355,0.00022736677191077781,0.0,0.0001762093610547027,5432,2461,5607,0.1822962962962963,0.41533333333333333,1,0,0
flow,0.3,1.5,0,registered,during_vibration,flow_dump_0.3_1.5.shear.wave,1944,194400,194.4,0.1944,158683.45183699526,1238.3645862132287,0.00780399324489939,7.803993244899391e+17,102,0.000642789142908094,6.42789142908094e+26,1019.5976317241172,17.716865123892973,107.07085860554164,35.49477174840557,0.0,58.48445901127108,0.0064253557628143896,0.00011164910341181831,0.0006747449552302926,0.000223682881469373,0.0,0.0003685605419735146,5414,2486,5600,0.18414814814814814,0.4148148148148148,1,0,0
flow,0.3,1.5,0,registered,during_vibration,flow_dump_0.3_1.5.shear.wave,1945,194500,194.5,0.19449999999999998,158683.45183699526,1196.0265107762084,0.007537184860364679,7.53718486036468e+17,95,0.0005986761625124405,5.986761625124405e+26,979.9773399416083,23.621738444248813,100.20589866496877,19.800715339080657,0.0,72.42081838630128,0.00617567445500412,0.00014886075498605754,0.0006314829776195157,0.00012478122393896868,0.0,0.00045638544881601307,5446,2561,5493,0.1897037037037037,0.4068888888888889,1,0,0
flow,0.3,1.5,0,registered,during_vibration,flow_dump_0.3_1.5.shear.wave,1946,194600,194.6,0.1946,158683.45183699526,1230.616562551422,0.007755166328342485,7.755166328342484e+17,100,0.0006301854342236216,6.301854342236216e+26,1023.1091589945867,27.788422796812036,101.7490633015146,11.406217431263572,0.0,66.56370002724606,0.006447484896191679,0.00017511859286598578,0.0006412077763851174,7.188032084769876e-05,0.0,0.0004194747420520095,5428,2532,5540,0.18755555555555556,0.4103703703703704,1,0,0
flow,0.3,1.5,0,registered,during_vibration,flow_dump_0.3_1.5.shear.wave,1947,194700,194.70000000000002,0.19469999999999998,158683.4518369953,1166.7531167133563,0.007352708194877702,7.352708194877702e+17,102,0.0006427891429080939,6.427891429080939e+26,923.6912862383617,22.17827566046264,98.72358228486162,24.59624860543369,0.0,97.56372392423708,0.005820967943066974,0.00013976426277419825,0.0006221416357029694,0.00015500197607687375,0.0,0.0006148323772566887,5411,2499,5590,0.18511111111111112,0.4140740740740741,1,0,0
flow,0.3,1.5,0,registered,during_vibration,flow_dump_0.3_1.5.shear.wave,1948,194800,194.8,0.1948,158683.45183699526,1274.7269954658825,0.008033143851542397,8.033143851542397e+17,105,0.0006616947059348027,6.616947059348027e+26,986.6156358692515,29.341919237694455,121.13337463418083,8.491132672136377,0.0,129.1449330526201,0.006217508029020788,0.00018490850115760916,0.0007633648829281387,5.350988130040643e-05,0.0,0.0008138525571354594,5409,2478,5613,0.18355555555555556,0.4157777777777778,1,0,0
flow,0.3,1.5,0,registered,during_vibration,flow_dump_0.3_1.5.shear.wave,1949,194900,194.9,0.1949,158683.45183699526,1282.9570835894904,0.008085008668121141,8.085008668121142e+17,107,0.0006742984146192752,6.742984146192752e+26,1045.9657644614176,21.019370199025722,101.61592140401154,22.187760961241537,0.0,92.16826656379398,0.006591523894601607,0.00013246100935980075,0.0006403687355402041,0.00013982403775809917,0.0,0.0005808309908614301,5445,2548,5507,0.18874074074074074,0.4079259259259259,1,0,0
flow,0.3,1.5,0,registered,during_vibration,flow_dump_0.3_1.5.shear.wave,1950,195000,195.0,0.19499999999999998,158683.45183699526,1164.0888582526857,0.007335918426128486,7.335918426128486e+17,95,0.0005986761625124405,5.986761625124405e+26,948.8875696399891,21.55159948542369,107.6051057240479,40.69225321122922,0.0,45.35233019199523,0.005979751251029735,0.00013581504079935309,0.0006781117027538783,0.0002564366525945605,0.0,0.00028580377895095577,5393,2418,5689,0.1791111111111111,0.4214074074074074,1,0,0
flow,0.3,1.5,0,registered,during_vibration,flow_dump_0.3_1.5.shear.wave,1951,195100,195.1,0.1951,158683.45183699526,1159.1976402178443,0.007305094682516797,7.305094682516797e+17,99,0.0006238835798813854,6.238835798813854e+26,952.799904701322,10.51698551888289,120.57674180304954,31.290818889404658,0.0,44.0131893051857,0.006004406216724279,6.627651085940755e-05,0.0007598570639042429,0.00019719018289032176,0.0,0.0002773647081385491,5413,2485,5602,0.18407407407407408,0.414962962962963,1,0,0
flow,0.3,1.5,0,registered,during_vibration,flow_dump_0.3_1.5.shear.wave,1952,195200,195.20000000000002,0.19519999999999998,158683.45183699526,1200.2469969399392,0.0075637817494219346,7.563781749421934e+17,98,0.0006175817255391491,6.1758172553914915e+26,988.1531510085308,26.80718909427076,99.6208341733177,25.24276549301282,0.0,60.42305717080711,0.006227197225477509,0.00016893500099687754,0.0006277959864123162,0.00015907623133219336,0.0,0.0003807773052030379,5428,2566,5506,0.19007407407407406,0.40785185185185185,1,0,0
flow,0.3,1.5,0,registered,during_vibration,flow_dump_0.3_1.5.shear.wave,1953,195300,195.3,0.1953,158683.45183699526,1320.1842344132654,0.00831960875018903,8.31960875018903e+17,114,0.0007184113950149286,7.184113950149286e+26,1070.9018311105706,36.948992568676736,116.35855968915935,19.899799696610938,0.0,76.07505134824818,0.006748667354492864,0.00023284716926016917,0.0007332746946334807,0.00012540563912771856,0.0,0.00047941389267480087,5402,2528,5570,0.18725925925925926,0.41259259259259257,1,0,0
flow,0.3,1.5,0,registered,during_vibration,flow_dump_0.3_1.5.shear.wave,1954,195400,195.4,0.1954,158683.4518369953,1227.8655728501826,0.00773782999194828,7.73782999194828e+17,103,0.0006490909972503301,6.490909972503302e+26,1019.7127632457201,37.20088283846941,101.49103907524257,11.36827924855967,0.0,58.09260844219055,0.00642608130489373,0.00023443454505062914,0.0006395817452943827,7.16412399462896e-05,0.0,0.00036609115676324673,5382,2455,5663,0.18185185185185185,0.41948148148148146,1,0,0
flow,0.3,1.5,0,registered,during_vibration,flow_dump_0.3_1.5.shear.wave,1955,195500,195.5,0.19549999999999998,158683.45183699526,1216.1277102251836,0.00766385969139636,7.66385969139636e+17,104,0.0006553928515925665,6.553928515925665e+26,948.8184835020826,24.68229109826894,108.1305003142498,27.603805337389055,0.0,106.89262997319341,0.005979315880251581,0.0001555442033339644,0.0006814226629335296,0.00017395516052766844,0.0,0.0006736217843496179,5428,2472,5600,0.1831111111111111,0.4148148148148148,1,0,0
flow,0.3,1.5,0,registered,during_vibration,flow_dump_0.3_1.5.shear.wave,1956,195600,195.6,0.1956,158683.45183699526,1224.4289207700726,0.007716172711114486,7.716172711114486e+17,99,0.0006238835798813854,6.238835798813854e+26,1057.1083613159074,12.519768664723106,80.80473989993763,27.947235643446554,0.0,46.048815246057934,0.006661742916972861,7.889775852357822e-05,0.00050921970101169,0.0001761194082931524,0.0,0.00029019292631320343,5437,2494,5569,0.18474074074074073,0.4125185185185185,1,0,0
flow,0.3,1.5,0,registered,during_vibration,flow_dump_0.3_1.5.shear.wave,1957,195700,195.70000000000002,0.19569999999999999,158683.45183699526,1298.8168649779132,0.00818495470033069,8.18495470033069e+17,100,0.0006301854342236216,6.301854342236216e+26,1074.7870264098242,30.954859865615266,98.9512773834249,31.988669196759847,0.0,62.13503212228843,0.006773151289359901,0.00019507301805744113,0.0006235765370485565,0.00020158793387995894,0.0,0.0003915659219848301,5396,2427,5677,0.1797777777777778,0.4205185185185185,1,0,0
flow,0.3,1.5,0,registered,during_vibration,flow_dump_0.3_1.5.shear.wave,1958,195800,195.8,0.1958,158683.4518369953,1224.8828801139857,0.007719033496777122,7.719033496777123e+17,111,0.0006995058319882199,6.995058319882199e+26,970.9130017725507,18.63941913718857,135.47555782954163,21.370704684679247,0.0,78.4841966900256,0.006118552316153947,0.00011746290442645258,0.0008537472323749704,0.00013467506811379372,0.0,0.000494595975707959,5439,2519,5542,0.1865925925925926,0.4105185185185185,1,0,0
flow,0.3,1.5,0,registered,during_vibration,flow_dump_0.3_1.5.shear.wave,1959,195900,195.9,0.1959,158683.45183699526,1223.9048574018204,0.007712870140101659,7.712870140101659e+17,99,0.0006238835798813854,6.238835798813854e+26,988.2957138334006,26.99047202283055,99.08048549744883,28.97095639751858,0.0,80.5672296506224,0.006228095635634456,0.0001700900233160798,0.0006243907877629704,0.00018257074737243855,0.0,0.0005077229460157171,5429,2552,5519,0.18903703703703703,0.4088148148148148,1,0,0
flow,0.3,1.5,0,registered,during_vibration,flow_dump_0.3_1.5.shear.wave,1960,196000,196.0,0.19599999999999998,158683.45183699526,1270.5787677654562,0.00800700232479588,8.007002324795881e+17,114,0.0007184113950149286,7.184113950149286e+26,1042.010505163419,26.32967778139963,92.38032040991457,10.26403628359325,0.0,99.59422812712985,0.006566598426619846,0.00016592579425639368,0.0005821673233123931,6.468246162263218e-05,0.0,0.0006276283189846176,5389,2502,5609,0.18533333333333332,0.4154814814814815,1,0,0
flow,0.3,1.5,0,registered,during_vibration,flow_dump_0.3_1.5.shear.wave,1961,196100,196.1,0.1961,158683.45183699526,1269.3346015103502,0.007999161770278677,7.999161770278676e+17,110,0.0006932039776459838,6.932039776459838e+26,1021.7399639681739,28.782864595027704,106.0438054824369,19.604129720952635,0.0,93.16383774375817,0.006438856428569111,0.00018138542023017238,0.0006682726160467476,0.00012354237000774743,0.0,0.0005871049354248927,5414,2461,5625,0.1822962962962963,0.4166666666666667,1,0,0
flow,0.3,1.5,0,registered,during_vibration,flow_dump_0.3_1.5.shear.wave,1962,196200,196.20000000000002,0.19619999999999999,158683.4518369953,1236.807761721529,0.007794182363716272,7.794182363716271e+17,107,0.0006742984146192749,6.742984146192749e+26,976.5425953048557,31.407403528801943,126.19213536545391,39.8004344084969,0.0,62.86519311392069,0.006154029194600528,0.00019792488230634554,0.000795244456208846,0.0002508165404000738,0.0,0.00039616729020047926,5435,2493,5572,0.18466666666666667,0.41274074074074074,1,0,0
flow,0.3,1.5,0,registered,during_vibration,flow_dump_0.3_1.5.shear.wave,1963,196300,196.3,0.1963,158683.45183699526,1126.7675883242239,0.0071007252191720395,7.10072521917204e+17,99,0.0006238835798813854,6.238835798813854e+26,946.2539370792373,16.855646219854673,101.75281802553457,23.557244784128486,0.0,38.34794221546841,0.005963154482240907,0.00010622182732178863,0.0006412314381089865,0.00014845432533398155,0.0,0.00024166314616637307,5404,2437,5659,0.18051851851851852,0.41918518518518516,1,0,0
flow,0.3,1.5,0,registered,during_vibration,flow_dump_0.3_1.5.shear.wave,1964,196400,196.4,0.1964,158683.45183699526,1193.7788131929467,0.007523020197589568,7.523020197589568e+17,98,0.0006175817255391491,6.1758172553914915e+26,980.8304609147182,27.776518955689006,113.56742625935173,19.25618758590454,0.0,52.34821947728369,0.006181050699112966,0.00017504357659311532,0.0007156853783090869,0.00012134968935314765,0.0,0.0003298908542212547,5401,2457,5642,0.182,0.4179259259259259,1,0,0
flow,0.3,1.5,0,registered,during_vibration,flow_dump_0.3_1.5.shear.wave,1965,196500,196.5,0.19649999999999998,158683.45183699526,1199.3698654907769,0.007558254194790319,7.558254194790319e+17,101,0.0006364872885658578,6.364872885658577e+26,983.6052584135878,16.506806635434664,111.42903336777222,28.951578099244458,0.0,58.87718897473819,0.006198537068780043,0.00010402349107196752,0.0007022095377798795,0.00018244862815931462,0.0,0.0003710354689991161,5432,2563,5505,0.18985185185185185,0.4077777777777778,1,0,0
flow,0.3,1.5,0,registered,during_vibration,flow_dump_0.3_1.5.shear.wave,1966,196600,196.6,0.1966,158683.4518369953,1260.338198326548,0.007942467747810324,7.942467747810324e+17,105,0.0006616947059348026,6.616947059348026e+26,1026.6450726034343,27.66312970700137,110.70444327994379,26.1887295280426,0.0,69.13682320812603,0.006469767708721367,0.00017432901406391022,0.0006976432765885565,0.00016503755889394503,0.0,0.00043569018954254656,5419,2548,5533,0.18874074074074074,0.40985185185185186,1,0,0
flow,0.3,1.5,0,registered,during_vibration,flow_dump_0.3_1.5.shear.wave,1967,196700,196.70000000000002,0.19669999999999999,158683.45183699526,1203.730040462632,0.007585731382369613,7.585731382369613e+17,104,0.0006553928515925665,6.553928515925665e+26,986.9084651489468,26.812161814554205,89.7047409487081,13.996854744602897,0.0,86.30781780582046,0.00621935339648857,0.00016896633835578848,0.0005653062112667911,8.820613984992536e-05,0.0,0.0005438992964085418,5383,2483,5634,0.18392592592592594,0.41733333333333333,1,0,0
flow,0.3,1.5,0,registered,during_vibration,flow_dump_0.3_1.5.shear.wave,1968,196800,196.8,0.1968,158683.45183699526,1201.5022326761016,0.007571692062196399,7.571692062196399e+17,102,0.000642789142908094,6.42789142908094e+26,963.7780960154714,24.67039986688784,97.22332587721085,23.278112145530375,0.0,92.55229877100143,0.006073589179327251,0.0001554692665258509,0.0006126872383459479,0.0001466952721033722,0.0,0.0005832511058939789,5421,2490,5589,0.18444444444444444,0.414,1,0,0
flow,0.3,1.5,0,registered,during_vibration,flow_dump_0.3_1.5.shear.wave,1969,196900,196.9,0.1969,158683.45183699526,1240.8644827408089,0.007819747228686863,7.819747228686863e+17,112,0.0007058076863304561,7.058076863304562e+26,1029.8260647183226,7.123267870159834,90.62564312103586,24.575553872446626,0.0,88.71395315884361,0.006489813857693196,4.4889796558478476e-05,0.0005711096026202495,0.00015487156088393782,0.0,0.0005590624109309989,5433,2555,5512,0.18925925925925927,0.4082962962962963,1,0,0
flow,0.3,1.5,0,registered,during_vibration,flow_dump_0.3_1.5.shear.wave,1970,197000,197.0,0.19699999999999998,158683.45183699526,1210.8490906279399,0.0076305945995664565,7.630594599566456e+17,105,0.0006616947059348027,6.616947059348027e+26,1000.410869680123,18.511993533131726,108.54719045671227,37.25376355335554,0.0,46.12527340461751,0.006304443583113993,0.00011665988683021492,0.0006840485835171737,0.0002347677916133549,0.0,0.0002906747544917215,5413,2420,5667,0.17925925925925926,0.4197777777777778,1,0,0
flow,0.3,1.5,0,registered,during_vibration,flow_dump_0.3_1.5.shear.wave,1971,197100,197.1,0.1971,158683.45183699526,1188.7077600191576,0.007491063159126614,7.491063159126614e+17,102,0.000642789142908094,6.42789142908094e+26,987.8147008633414,16.380787985410798,105.7079132446907,18.467626509028797,0.0,60.33673141668604,0.006225064361960416,0.00010322933989511188,0.0006661558720897833,0.00011638029230671977,0.0,0.00038023329287458326,5409,2505,5586,0.18555555555555556,0.4137777777777778,1,0,0
flow,0.3,1.5,0,registered,during_vibration,flow_dump_0.3_1.5.shear.wave,1972,197200,197.20000000000002,0.1972,158683.45183699526,1251.9395198495533,0.007889540499381032,7.889540499381032e+17,105,0.0006616947059348027,6.616947059348027e+26,1038.0650198872086,27.267814012166895,81.38428995829413,19.88875743603102,0.0,85.333638555853,0.006541734553099729,0.00017183779213586348,0.0005128719410634871,0.0001253360524099349,0.0,0.000537760160672018,5423,2585,5492,0.19148148148148147,0.4068148148148148,1,0,0
flow,0.3,1.5,0,registered,during_vibration,flow_dump_0.3_1.5.shear.wave,1973,197300,197.3,0.1973,158683.45183699526,1393.4442512769654,0.008781282705573837,8.781282705573837e+17,119,0.0007499206667261097,7.499206667261097e+26,1091.149759470679,27.337473175123186,111.61772285038039,28.309488035453604,0.0,135.0298077453287,0.006876266849750302,0.0001722767740344161,0.0007033986314151882,0.0001784022701027075,0.0,0.0008509381802712211,5435,2552,5513,0.18903703703703703,0.4083703703703704,1,0,0
flow,0.3,1.5,0,registered,during_vibration,flow_dump_0.3_1.5.shear.wave,1974,197400,197.4,0.1974,158683.45183699526,1295.092794683564,0.008161486151775454,8.161486151775455e+17,106,0.0006679965602770389,6.679965602770389e+26,1050.632787990609,30.031624667013705,116.80209525394362,22.679525439444696,0.0,74.94676133255378,0.00662093479709436,0.00018925492431222856,0.0007360697911583527,0.00014292306587042127,0.0,0.0004723035733400953,5385,2469,5646,0.18288888888888888,0.4182222222222222,1,0,0
flow,0.3,1.5,0,registered,during_vibration,flow_dump_0.3_1.5.shear.wave,1975,197500,197.5,0.19749999999999998,158683.45183699526,1285.5223838149914,0.008101174816486355,8.101174816486355e+17,107,0.0006742984146192752,6.742984146192752e+26,1001.8059906155396,27.154180412446202,120.76489304876928,14.468399245405443,0.0,121.32892049283079,0.006313235432038792,0.0001711216897420397,0.0007610427656490789,9.117774460986548e-05,0.0,0.0007645971844465783,5422,2484,5594,0.184,0.4143703703703704,1,0,0
flow,0.3,1.5,0,registered,during_vibration,flow_dump_0.3_1.5.shear.wave,1976,197600,197.6,0.1976,158683.45183699526,1246.560169062635,0.007855640614266078,7.855640614266077e+17,107,0.0006742984146192752,6.742984146192752e+26,1025.281767305682,12.933844411093732,98.99832907015515,26.116914830101152,0.0,83.22931344560348,0.006461176357310934,8.150720356385864e-05,0.0006238730499248871,0.00016458499312788636,0.0,0.0005244990103385154,5435,2507,5558,0.1857037037037037,0.4117037037037037,1,0,0
flow,0.3,1.5,0,registered,during_vibration,flow_dump_0.3_1.5.shear.wave,1977,197700,197.70000000000002,0.1977,158683.4518369953,1246.5955452347919,0.007855863549750194,7.855863549750194e+17,104,0.0006553928515925663,6.553928515925663e+26,998.5211030976142,36.68447953490937,115.60897539592605,31.54616234129417,0.0,64.2348248650478,0.006292534549370195,0.0002311802466497442,0.0007285509236002963,0.00019879932013137323,0.0,0.00040479850999858427,5386,2435,5679,0.18037037037037038,0.4206666666666667,1,0,0
flow,0.3,1.5,0,registered,during_vibration,flow_dump_0.3_1.5.shear.wave,1978,197800,197.8,0.1978,158683.45183699526,1408.9854045742804,0.008879220789963881,8.879220789963881e+17,112,0.0007058076863304561,7.058076863304562e+26,1115.611737771331,26.87835805517936,117.39547182960567,38.95165718752395,0.0,110.14817973064025,0.007030422673923953,0.00016938349742221182,0.0007398091639082699,0.0002454676699844943,0.0,0.0006941377847249504,5398,2530,5572,0.1874074074074074,0.41274074074074074,1,0,0
flow,0.3,1.5,0,registered,during_vibration,flow_dump_0.3_1.5.shear.wave,1979,197900,197.9,0.1979,158683.45183699526,1231.3779267470177,0.007759964334604522,7.759964334604522e+17,100,0.0006301854342236216,6.301854342236216e+26,982.736036999532,17.023705024902792,110.72598504146268,38.99774656689448,0.0,81.89445311422514,0.006193059362037511,0.00010728090943213216,0.0006977790296319239,0.00024575811854001147,0.0,0.00051608691496294,5431,2598,5471,0.19244444444444445,0.40525925925925926,1,0,0
flow,0.3,1.5,0,registered,during_vibration,flow_dump_0.3_1.5.shear.wave,1980,198000,198.0,0.19799999999999998,158683.45183699526,1169.6271714047332,0.00737082006891438,7.370820068914381e+17,105,0.0006616947059348027,6.616947059348027e+26,951.8074043315501,18.51147483415938,102.81061702439766,10.478284663282967,0.0,86.01939055134349,0.00599815162395936,0.00011665661806484372,0.000647897533323185,6.603262370449691e-05,0.0,0.0005420816698624969,5393,2509,5598,0.18585185185185185,0.4146666666666667,1,0,0
flow,0.3,1.5,0,registered,during_vibration,flow_dump_0.3_1.5.shear.wave,1981,198100,198.1,0.1981,158683.4518369953,1254.0324311146323,0.007902729721324784,7.902729721324783e+17,104,0.0006553928515925663,6.553928515925663e+26,988.2567452178548,37.99336708090156,112.52265934037712,14.947672800781056,0.0,100.31198667471692,0.006227850061095367,0.00023942866531495393,0.0007091014093641219,9.419805674592826e-05,0.0,0.0006321515288044061,5412,2483,5605,0.18392592592592594,0.4151851851851852,1,0,0
flow,0.3,1.5,0,registered,during_vibration,flow_dump_0.3_1.5.shear.wave,1982,198200,198.20000000000002,0.1982,158683.45183699526,1274.875169627834,0.008034077623528299,8.0340776235283e+17,114,0.0007184113950149286,7.184113950149286e+26,1037.1417528642805,11.664197105464117,102.80830143016831,36.022911779884694,0.0,87.23800644803548,0.006535916258802246,7.350607117776814e-05,0.0006478829407856359,0.0002270111430200585,0.0,0.0005497612097425834,5426,2508,5566,0.18577777777777776,0.41229629629629627,1,0,0
flow,0.3,1.5,0,registered,during_vibration,flow_dump_0.3_1.5.shear.wave,1983,198300,198.3,0.1983,158683.45183699526,1249.702107512471,0.007875440652729215,7.875440652729215e+17,110,0.0006932039776459838,6.932039776459838e+26,1040.848620020437,17.117282433865707,115.76459286730014,22.644514616569147,0.0,53.32709757429916,0.006559276395686364,0.00010787062063314031,0.000729531602238003,0.00014270243276425773,0.0,0.00033605960140745155,5403,2445,5652,0.1811111111111111,0.4186666666666667,1,0,0
flow,0.3,1.5,0,registered,during_vibration,flow_dump_0.3_1.5.shear.wave,1984,198400,198.4,0.1984,158683.45183699526,1196.7428810655642,0.007541699321583305,7.541699321583305e+17,101,0.0006364872885658578,6.364872885658577e+26,964.6604896834787,29.689215217306558,106.97252578961273,22.15785703259931,0.0,73.2627933425673,0.0060791498956955445,0.00018709710983476886,0.0006741252761472466,0.00013963558755553525,0.0,0.0004616914523502123,5394,2458,5648,0.18207407407407408,0.4183703703703704,1,0,0
flow,0.3,1.5,0,registered,during_vibration,flow_dump_0.3_1.5.shear.wave,1985,198500,198.5,0.19849999999999998,158683.4518369953,1223.264200583756,0.007708832814150855,7.708832814150854e+17,101,0.0006364872885658577,6.364872885658577e+26,1001.0696857356119,28.07063099979799,95.08512597040301,31.93670192985012,0.0,67.102055948093,0.006308595345934009,0.00017689702785538748,0.0005992126139786618,0.00020126044373332968,0.0,0.0004228673826494673,5411,2583,5506,0.19133333333333333,0.40785185185185185,1,0,0
flow,0.3,1.5,0,registered,during_vibration,flow_dump_0.3_1.5.shear.wave,1986,198600,198.6,0.1986,158683.45183699526,1256.8468514071685,0.007920465788066182,7.920465788066181e+17,109,0.0006869021233037475,6.869021233037475e+26,996.2076016189199,8.688534210861038,112.81066750682328,41.083728742383414,0.0,98.05631932818153,0.006277955200030916,5.475387704438254e-05,0.0007109163948784403,0.00025890367437044376,0.0,0.0006179366417420018,5419,2549,5532,0.18881481481481482,0.4097777777777778,1,0,0
flow,0.3,1.5,0,registered,during_vibration,flow_dump_0.3_1.5.shear.wave,1987,198700,198.70000000000002,0.1987,158683.45183699526,1176.1794386688396,0.0074121115028241815,7.412111502824182e+17,101,0.0006364872885658578,6.364872885658577e+26,954.2302667211461,35.81644224895983,100.480956899323,4.033100664379736,0.0,81.61867213503048,0.006013420149829877,0.00022571000211006018,0.0006332163545480487,2.5416012934497208e-05,0.0,0.0005143489834016959,5395,2493,5612,0.18466666666666667,0.4157037037037037,1,0,0
flow,0.3,1.5,0,registered,during_vibration,flow_dump_0.3_1.5.shear.wave,1988,198800,198.8,0.1988,158683.45183699526,1207.0403621042203,0.007606592547180855,7.606592547180855e+17,109,0.0006869021233037475,6.869021233037475e+26,950.9798567672486,8.500061338154094,118.22613922281185,15.803648736189412,0.0,113.53065603981591,0.005992936539747861,5.356614845312055e-05,0.0007450439088271003,9.959229241133114e-05,0.0,0.0007154536577414402,5430,2502,5568,0.18533333333333332,0.41244444444444445,1,0,0
flow,0.3,1.5,0,registered,during_vibration,flow_dump_0.3_1.5.shear.wave,1989,198900,198.9,0.1989,158683.4518369953,1278.831030473811,0.0080590068823778,8.0590068823778e+17,114,0.0007184113950149285,7.184113950149285e+26,1018.8907171342864,7.912693474448261,110.00988571381279,40.797159597717,0.0,101.22057455354735,0.006420900890036873,4.9864641730735936e-05,0.0006932662759745008,0.0002570977573617767,0.0,0.0006378773172739169,5435,2551,5514,0.18896296296296297,0.40844444444444444,1,0,0
flow,0.3,1.5,0,registered,during_vibration,flow_dump_0.3_1.5.shear.wave,1990,199000,199.0,0.19899999999999998,158683.45183699526,1253.5668401321102,0.007899795634769871,7.899795634769871e+17,102,0.000642789142908094,6.42789142908094e+26,1008.252597851834,13.810685556675454,128.32739262350918,41.38397480563549,0.0,61.792189294455866,0.006353861011843526,8.70329287445942e-05,0.0008087005364323132,0.00026079578132788816,0.0,0.00038940537642154894,5404,2423,5673,0.1794814814814815,0.4202222222222222,1,0,0
flow,0.3,1.5,0,registered,during_vibration,flow_dump_0.3_1.5.shear.wave,1991,199100,199.1,0.1991,158683.45183699526,1250.132213524671,0.00787815111816982,7.878151118169819e+17,111,0.00069950583198822,6.995058319882199e+26,1036.605550165615,37.51139219264261,85.5038822223284,24.467245601674595,0.0,66.04414334241046,0.006532537187497343,0.0002363913297725305,0.0005388330114608342,0.000154189017937473,0.0,0.0004162005715016405,5392,2503,5605,0.1854074074074074,0.4151851851851852,1,0,0
flow,0.3,1.5,0,registered,during_vibration,flow_dump_0.3_1.5.shear.wave,1992,199200,199.20000000000002,0.1992,158683.45183699526,1304.8451851001798,0.008222944295669587,8.222944295669587e+17,107,0.0006742984146192752,6.742984146192752e+26,1047.692129841378,38.20751166006785,103.66106693117825,21.619622173153942,0.0,93.66485449440148,0.006602403197767596,0.00024077817326103944,0.0006532569447610847,0.00013624370986939656,0.0,0.0005902622700104674,5414,2575,5511,0.19074074074074074,0.4082222222222222,1,0,0
flow,0.3,1.5,0,registered,during_vibration,flow_dump_0.3_1.5.shear.wave,1993,199300,199.3,0.19929999999999998,158683.45183699526,1379.5269099640057,0.008693577647788378,8.693577647788378e+17,117,0.0007373169580416372,7.373169580416372e+26,1136.3233343851234,29.491993134172525,106.2769569906038,26.724233623093767,0.0,80.71039183101232,0.0071609441389792255,0.00018585424499378578,0.0006697419028908881,0.00016841222770062853,0.0,0.0005086251332238514,5397,2540,5563,0.18814814814814815,0.4120740740740741,1,0,0
flow,0.3,1.5,0,registered,during_vibration,flow_dump_0.3_1.5.shear.wave,1994,199400,199.4,0.1994,158683.45183699526,1302.548389363697,0.008208470223484404,8.208470223484403e+17,105,0.0006616947059348027,6.616947059348027e+26,1015.8664742974247,41.29651355590508,117.83125755579857,28.220621381517486,0.0,99.3335225730503,0.006401842552183421,0.0002602446132714972,0.0007425554220791632,0.00017784224539372018,0.0,0.0006259853905565962,5389,2469,5642,0.18288888888888888,0.4179259259259259,1,0,0
flow,0.3,1.5,0,registered,during_vibration,flow_dump_0.3_1.5.shear.wave,1995,199500,199.5,0.19949999999999998,158683.45183699526,1215.3706510583338,0.007659088814798418,7.659088814798418e+17,105,0.0006616947059348027,6.616947059348027e+26,954.7610353152631,17.647759284347572,119.30167031399981,16.774258528246964,0.0,106.88592761647593,0.006016764976199436,0.00011121360847680524,0.0007518217491043132,0.00010570893394402601,0.0,0.0006735795470738347,5420,2495,5585,0.18481481481481482,0.4137037037037037,1,0,0
flow,0.3,1.5,0,registered,during_vibration,flow_dump_0.3_1.5.shear.wave,1996,199600,199.6,0.1996,158683.4518369953,1265.6692998295578,0.007976063572965968,7.976063572965969e+17,112,0.000705807686330456,7.058076863304561e+26,1068.61633050878,8.736613275324471,98.85327570909823,26.34307731793187,0.0,63.120003018422494,0.006734264462601286,5.505686430554208e-05,0.0006229589447716544,0.00016601023618387329,0.0,0.0003977730651036088,5420,2514,5566,0.18622222222222223,0.41229629629629627,1,0,0
flow,0.3,1.5,0,registered,during_vibration,flow_dump_0.3_1.5.shear.wave,1997,199700,199.70000000000002,0.1997,158683.45183699526,1240.6677925673544,0.007818507715863203,7.818507715863203e+17,104,0.0006553928515925665,6.553928515925665e+26,1024.792301512729,22.463277990609438,106.88841493974331,29.02572317382443,0.0,57.49807495044808,0.0064580918151782365,0.0001415603059459813,0.0006735952218227679,0.00018291587961951185,0.0,0.0003623444932967046,5402,2437,5661,0.18051851851851852,0.41933333333333334,1,0,0
flow,0.3,1.5,0,registered,during_vibration,flow_dump_0.3_1.5.shear.wave,1998,199800,199.8,0.19979999999999998,158683.45183699526,1245.0350036079917,0.007846029243723105,7.846029243723105e+17,108,0.0006806002689615113,6.806002689615113e+26,1034.1723926780353,29.71063239614842,88.5933022830085,23.01172099526064,0.0,69.5469552555388,0.006517203783418894,0.0001872320777762519,0.0005583020866852228,0.00014501651387631155,0.0,0.00043827478196642504,5404,2541,5555,0.18822222222222224,0.4114814814814815,1,0,0
flow,0.3,1.5,0,registered,during_vibration,flow_dump_0.3_1.5.shear.wave,1999,199900,199.9,0.1999,158683.45183699526,1231.8655573833335,0.007763037311847396,7.763037311847396e+17,104,0.0006553928515925665,6.553928515925665e+26,991.0535341814904,25.163879608907244,99.36447927754283,41.482710647000204,0.0,74.80095366839322,0.006245475017770173,0.0001585791039809015,0.0006261804751992238,0.0002614180002185267,0.0,0.0004713847146785738,5408,2580,5512,0.19111111111111112,0.4082962962962963,1,0,0
flow,0.3,1.5,0,registered,during_vibration,flow_dump_0.3_1.5.shear.wave,2000,200000,200.0,0.19999999999999998,158683.4518369953,1276.2963209317984,0.008043033512044159,8.043033512044159e+17,108,0.0006806002689615112,6.806002689615112e+26,1015.3971362068754,19.793769616767424,104.12254038752049,19.907577740402377,0.0,117.07529698023188,0.006398884851899515,0.00012473745300864905,0.0006561650832657616,0.00012545465522675973,0.0,0.0007377914686434687,5388,2528,5584,0.18725925925925926,0.4136296296296296,1,0,0
flow,0.3,1.5,0,registered,during_vibration,flow_dump_0.3_1.5.shear.wave,2001,200100,200.1,0.2001,158683.45183699526,1279.0408741317995,0.008060329286545086,8.060329286545085e+17,104,0.0006553928515925665,6.553928515925665e+26,1023.2606606491032,39.676981143242145,112.95497796714831,11.322822288115233,0.0,91.8254320841904,0.00644843963755105,0.000250038555904365,0.0007118258183794697,7.135477680272799e-05,0.0,0.000578670497907472,5419,2471,5610,0.18303703703703703,0.41555555555555557,1,0,0
flow,0.3,1.5,0,registered,during_vibration,flow_dump_0.3_1.5.shear.wave,2002,200200,200.20000000000002,0.2002,158683.45183699526,1280.0983086907918,0.008066993085112302,8.066993085112302e+17,108,0.0006806002689615113,6.806002689615113e+26,1001.4833952660977,21.099162616295654,113.09419227801544,41.64592140429847,0.0,102.77563712608476,0.006311202483135126,0.0001329638495510508,0.0007127031266889091,0.0002624465306381065,0.0,0.0006476770950991109,5422,2512,5566,0.1860740740740741,0.41229629629629627,1,0,0
flow,0.3,1.5,0,registered,during_vibration,flow_dump_0.3_1.5.shear.wave,2003,200300,200.3,0.20029999999999998,158683.45183699526,1274.5749573511343,0.008032185729488786,8.032185729488786e+17,110,0.0006932039776459838,6.932039776459838e+26,1048.8231195366911,33.7805510400678,107.48858218831617,31.283766112370042,0.0,53.19893847368907,0.006609530530090031,0.0002128801122549834,0.0006773773884042547,0.00019714573731674132,0.0,0.00033525196142277473,5401,2449,5650,0.1814074074074074,0.4185185185185185,1,0,0
flow,0.3,1.5,0,registered,during_vibration,flow_dump_0.3_1.5.shear.wave,2004,200400,200.4,0.2004,158683.4518369953,1228.0515372998782,0.007739001912823096,7.739001912823096e+17,107,0.0006742984146192749,6.742984146192749e+26,1017.9536772518825,26.849932549553472,106.47790781283734,24.395528581940177,0.0,52.37449110366486,0.006414995801185098,0.00016920436402615303,0.0006710082657025564,0.0001537370677252474,0.0,0.0003300564141840424,5386,2453,5661,0.1817037037037037,0.41933333333333334,1,0,0
flow,0.3,1.5,0,registered,during_vibration,flow_dump_0.3_1.5.shear.wave,2005,200500,200.5,0.20049999999999998,158683.45183699526,1186.4078212038557,0.007476569279716527,7.476569279716526e+17,97,0.000611279871196913,6.112798711969129e+26,981.1407117499805,9.90147700822719,97.65168043813054,28.237291713443966,0.0,69.47666029407456,0.006183005854686346,6.239766587884857e-05,0.0006153866663956963,0.00017794729939735757,0.0,0.0004378317933582843,5401,2555,5544,0.18925925925925927,0.4106666666666667,1,0,0
flow,0.3,1.5,0,registered,during_vibration,flow_dump_0.3_1.5.shear.wave,2006,200600,200.6,0.2006,158683.45183699526,1203.929606803199,0.00758698902037948,7.58698902037948e+17,103,0.0006490909972503302,6.490909972503302e+26,985.7835925232871,17.884963226794632,108.24631810583575,19.751223754639174,0.0,72.26350919264189,0.0062122646130480935,0.00011270843317151079,0.0006821525297863438,0.00012446933518265197,0.0,0.000455394109190877,5400,2555,5545,0.18925925925925927,0.41074074074074074,1,0,0
flow,0.3,1.5,0,registered,during_vibration,flow_dump_0.3_1.5.shear.wave,2007,200700,200.70000000000002,0.2007,158683.45183699526,1221.517558064578,0.00769782572740704,7.69782572740704e+17,110,0.0006932039776459838,6.932039776459838e+26,990.3829746831985,23.163052149433867,91.57999962452621,35.944544828778696,0.0,80.44698677864105,0.006241249249484135,0.00014597018076735374,0.0005771238182958116,0.00022651728590894336,0.0,0.0005069651929507985,5407,2502,5591,0.18533333333333332,0.41414814814814815,1,0,0
flow,0.3,1.5,0,registered,during_vibration,flow_dump_0.3_1.5.shear.wave,2008,200800,200.8,0.20079999999999998,158683.4518369953,1238.1040889215526,0.007802351628910699,7.802351628910698e+17,111,0.0006995058319882199,6.995058319882199e+26,965.2731671560337,9.050685012359601,114.97940515367227,30.485177535507894,0.0,118.3156540639798,0.0060830108998863545,5.703609864535058e-05,0.0007245834636354066,0.00019211314842598233,0.0,0.000745608018317609,5434,2489,5577,0.18437037037037038,0.4131111111111111,1,0,0
flow,0.3,1.5,0,registered,during_vibration,flow_dump_0.3_1.5.shear.wave,2009,200900,200.9,0.2009,158683.45183699526,1425.047178408493,0.008980439749145029,8.980439749145029e+17,112,0.0007058076863304561,7.058076863304562e+26,1160.7499762854595,13.208241673776191,119.47671918875409,31.751693448801554,0.0,99.86054781170189,0.007314877278305108,8.323641514519184e-05,0.000752924881615787,0.00020009454723368328,0.0,0.0006293066268452609,5422,2545,5533,0.18851851851851853,0.40985185185185186,1,0,0
flow,0.3,1.5,0,registered,during_vibration,flow_dump_0.3_1.5.shear.wave,2010,201000,201.0,0.20099999999999998,158683.45183699526,1228.209200355111,0.007739995482432327,7.739995482432328e+17,106,0.0006679965602770389,6.679965602770389e+26,993.0775150863511,22.50482242469917,121.88774339835209,32.20351800545535,0.0,58.53560144025373,0.0062582298506240735,0.00014182211291834544,0.0007681188050002787,0.00020294187977796098,0.0,0.00036888283411167145,5394,2426,5680,0.1797037037037037,0.42074074074074075,1,0,0
flow,0.3,1.5,0,registered,during_vibration,flow_dump_0.3_1.5.shear.wave,2011,201100,201.1,0.2011,158683.45183699526,1190.7219938324893,0.007503756567229437,7.503756567229437e+17,102,0.000642789142908094,6.42789142908094e+26,1001.7322402247191,11.470904823699936,98.04327408210278,17.070689315597868,0.0,62.40488538636911,0.006312770667818158,7.228797137261179e-05,0.0006178544325013549,0.0001075769975884658,0.0,0.00039326649794884353,5385,2494,5621,0.18474074074074073,0.4163703703703704,1,0,0
flow,0.3,1.5,0,registered,during_vibration,flow_dump_0.3_1.5.shear.wave,2012,201200,201.20000000000002,0.2012,158683.45183699526,1234.6235587817068,0.007780417834935629,7.780417834935629e+17,107,0.0006742984146192752,6.742984146192752e+26,997.2146584638596,15.199949153519649,101.76803560969958,32.55043013108731,0.0,87.89048542354048,0.006284301525582079,9.578786557487749e-05,0.0006413273371078352,0.00020512806946324912,0.0,0.0005538730372075875,5393,2559,5548,0.18955555555555556,0.410962962962963,1,0,0
flow,0.3,1.5,0,registered,during_vibration,flow_dump_0.3_1.5.shear.wave,2013,201300,201.3,0.20129999999999998,158683.45183699526,1277.7307964609415,0.008052073367886324,8.052073367886323e+17,114,0.0007184113950149286,7.184113950149286e+26,1040.2634505055705,24.44592883850431,103.37496007667889,37.39616475600471,0.0,72.25029228418288,0.006555588742638159,0.00015405468280092592,0.0006514539410377143,0.00023566518325060921,0.0,0.0004553108181589136,5397,2540,5563,0.18814814814814815,0.4120740740740741,1,0,0
flow,0.3,1.5,0,registered,during_vibration,flow_dump_0.3_1.5.shear.wave,2014,201400,201.4,0.2014,158683.45183699526,1271.3819515209516,0.008012063871833062,8.012063871833062e+17,104,0.0006553928515925665,6.553928515925665e+26,1026.7442704866,21.89375002102895,110.60313133388487,25.47639806166046,0.0,86.66440161777732,0.006470392839332136,0.00013797122363785555,0.0006970048234613648,0.0001605485497494133,0.0,0.0005461464356522933,5405,2467,5628,0.18274074074074073,0.41688888888888886,1,0,0
flow,0.3,1.5,0,registered,during_vibration,flow_dump_0.3_1.5.shear.wave,2015,201500,201.5,0.20149999999999998,158683.4518369953,1278.4353678555863,0.008056513474189078,8.056513474189078e+17,106,0.0006679965602770388,6.679965602770388e+26,1017.6838274643325,18.03737664075978,110.32221527170866,24.543857352535646,0.0,107.84809112624978,0.006413295247129675,0.00011366892030612209,0.0006952345313551357,0.00015467181403230301,0.0,0.0006796429613658442,5441,2503,5556,0.1854074074074074,0.41155555555555556,1,0,0
flow,0.3,1.5,0,registered,during_vibration,flow_dump_0.3_1.5.shear.wave,2016,201600,201.6,0.2016,158683.45183699526,1176.9580267789381,0.0074170180516866194,7.417018051686619e+17,106,0.0006679965602770389,6.679965602770389e+26,950.7313620429824,8.432709936781997,123.23132930846722,30.11575667380162,0.0,64.44686881690492,0.00599137056219072,5.314170973192811e-05,0.0007765858877021053,0.00018978511196452604,0.0,0.0004061347800973401,5432,2503,5565,0.1854074074074074,0.4122222222222222,1,0,0
flow,0.3,1.5,0,registered,during_vibration,flow_dump_0.3_1.5.shear.wave,2017,201700,201.70000000000002,0.2017,158683.45183699526,1190.0309618042418,0.007499401784041602,7.499401784041601e+17,100,0.0006301854342236216,6.301854342236216e+26,980.6154399826216,24.905823713393374,114.2158352852056,22.710366729798338,0.0,47.58349609322292,0.006179695668518362,0.00015695287331521775,0.0007197715575442093,0.00014311742318995655,0.0,0.0002998642614738569,5392,2412,5696,0.17866666666666667,0.4219259259259259,1,0,0
flow,0.3,1.5,0,registered,during_vibration,flow_dump_0.3_1.5.shear.wave,2018,201800,201.8,0.20179999999999998,158683.45183699526,1164.6061035804212,0.007339178030843077,7.339178030843077e+17,106,0.0006679965602770389,6.679965602770389e+26,967.3385997433797,0.0,96.9799720815729,23.99714859834222,0.0,76.2903831571262,0.006096026955205519,0.0,0.0006111536581722072,0.00015122653509575066,0.0,0.00048077088236960045,5392,2517,5591,0.18644444444444444,0.41414814814814815,1,0,0
flow,0.3,1.5,0,registered,during_vibration,flow_dump_0.3_1.5.shear.wave,2019,201900,201.9,0.2019,158683.4518369953,1208.6205707489396,0.007616550791890217,7.616550791890217e+17,98,0.000617581725539149,6.17581725539149e+26,990.6177206515914,10.939527263069664,112.50758727492162,30.907033915498346,0.0,63.64870164385872,0.006242728584384373,6.893930738478702e-05,0.0007090064274029847,0.0001947716258860252,0.0,0.0004011048468320484,5369,2558,5573,0.18948148148148147,0.4128148148148148,1,0,0
flow,0.3,1.5,0,registered,during_vibration,flow_dump_0.3_1.5.shear.wave,2020,202000,202.0,0.20199999999999999,158683.45183699526,1170.411911762943,0.007375765388348293,7.375765388348293e+17,108,0.0006806002689615113,6.806002689615113e+26,947.9889743199188,21.223096369107793,101.43685286139595,18.330240630684493,0.0,81.43274758183556,0.0059740884342100375,0.0001337448620093596,0.0006392402716673642,0.00011551450651271379,0.0,0.0005131773139488161,5370,2507,5623,0.1857037037037037,0.4165185185185185,1,0,0
flow,0.3,1.5,0,registered,during_vibration,flow_dump_0.3_1.5.shear.wave,2021,202100,202.1,0.2021,158683.45183699526,1297.4743158994575,0.00817649415159096,8.176494151590959e+17,105,0.0006616947059348027,6.616947059348027e+26,1045.7382231439096,16.647318787967766,112.8681337121832,25.549142623404787,0.0,96.6714976319916,0.006590089962361832,0.00010490897819054521,0.0007112785385342195,0.00016100697538171585,0.0,0.0006092096971226443,5419,2476,5605,0.1834074074074074,0.4151851851851852,1,0,0
flow,0.3,1.5,0,registered,during_vibration,flow_dump_0.3_1.5.shear.wave,2022,202200,202.20000000000002,0.2022,158683.45183699526,1187.7557219928358,0.007485063554156464,7.485063554156463e+17,103,0.0006490909972503302,6.490909972503302e+26,945.9724287273675,12.610441782960113,120.04443804213467,25.958927914215888,0.0,83.169485526158,0.0059613804576113,7.94691673074642e-05,0.0007565025631371328,0.00016358938259599832,0.0,0.0005241219835045709,5410,2496,5594,0.18488888888888888,0.4143703703703704,1,0,0
flow,0.3,1.5,0,registered,during_vibration,flow_dump_0.3_1.5.shear.wave,2023,202300,202.3,0.20229999999999998,158683.4518369953,1142.5127417442043,0.007199948882620917,7.199948882620916e+17,103,0.0006490909972503301,6.490909972503302e+26,936.0114817143706,16.2762707775852,115.02994664181432,30.80124785927952,0.0,44.39379475115482,0.00589860802042466,0.0001025706876751377,0.0007249019687319176,0.00019410497756829455,0.0,0.0002797632282209083,5403,2437,5660,0.18051851851851852,0.4192592592592593,1,0,0
flow,0.3,1.5,0,registered,during_vibration,flow_dump_0.3_1.5.shear.wave,2024,202400,202.4,0.2024,158683.45183699526,1208.4787575817581,0.0076156571059668296,7.61565710596683e+17,100,0.0006301854342236216,6.301854342236216e+26,1014.3801278917924,9.576560460126279,108.6813956694732,28.311494296192517,0.0,47.5291792641735,0.00639247581363302,6.035008911933445e-05,0.000684894325219962,0.00017841491326565668,0.0,0.0002995219647288553,5391,2442,5667,0.18088888888888888,0.4197777777777778,1,0,0
flow,0.3,1.5,0,registered,during_vibration,flow_dump_0.3_1.5.shear.wave,2025,202500,202.5,0.20249999999999999,158683.45183699526,1176.5130947846628,0.007414214155066496,7.414214155066496e+17,98,0.0006175817255391491,6.1758172553914915e+26,980.3515694485169,0.0,97.22376538379054,22.061922348450217,0.0,76.8758376039052,0.006178032794847225,0.0,0.0006126900080523955,0.00013903102114965922,0.0,0.00048446033101721617,5383,2534,5583,0.1877037037037037,0.41355555555555557,1,0,0
flow,0.3,1.5,0,registered,during_vibration,flow_dump_0.3_1.5.shear.wave,2026,202600,202.6,0.2026,158683.45183699526,1261.154018570835,0.00794760892815927,7.94760892815927e+17,108,0.0006806002689615113,6.806002689615113e+26,1034.9034747872684,26.074972536769252,103.25235581659284,24.803778418417743,0.0,72.1194370117868,0.006521810956383495,0.00016432067890452938,0.0006506813068489144,0.0001563097987299708,0.0,0.00045448618729235994,5391,2529,5580,0.18733333333333332,0.41333333333333333,1,0,0
flow,0.3,1.5,0,registered,during_vibration,flow_dump_0.3_1.5.shear.wave,2027,202700,202.70000000000002,0.2027,158683.4518369953,1189.983101513085,0.007499100175457954,7.499100175457953e+17,106,0.0006679965602770388,6.679965602770388e+26,964.5837349783676,9.928331076016594,110.18709808868276,21.426618911175535,0.0,83.857318458842,0.006078666198723852,6.256689630255393e-05,0.0006943830425485732,0.00013502743142483213,0.0,0.0005284566064581385,5378,2481,5641,0.1837777777777778,0.41785185185185186,1,0,0
flow,0.3,1.5,0,registered,during_vibration,flow_dump_0.3_1.5.shear.wave,2028,202800,202.8,0.20279999999999998,158683.45183699526,1260.4825108570114,0.007943377184357066,7.943377184357066e+17,107,0.0006742984146192752,6.742984146192752e+26,967.8401984896403,13.048779938708474,140.01857016328103,27.78510075182026,0.0,111.78986151356145,0.006099187957442701,8.223151051763482e-05,0.0008823766343771788,0.00017509765782232925,0.0,0.0007044834241972225,5435,2478,5587,0.18355555555555556,0.41385185185185186,1,0,0
flow,0.3,1.5,0,registered,during_vibration,flow_dump_0.3_1.5.shear.wave,2029,202900,202.9,0.2029,158683.45183699526,1285.454461573579,0.008100746780414376,8.100746780414376e+17,106,0.0006679965602770389,6.679965602770389e+26,998.9664669084011,7.286954523378092,134.14004995553844,50.86163807621765,0.0,94.19935211004326,0.0062953411672350785,4.592132600482806e-05,0.0008453310562800928,0.00032052263476385905,0.0,0.0005936305961305144,5430,2539,5531,0.1880740740740741,0.4097037037037037,1,0,0
flow,0.3,1.5,0,registered,during_vibration,flow_dump_0.3_1.5.shear.wave,2030,203000,203.0,0.20299999999999999,158683.45183699526,1128.3958308660262,0.00711098616650431,7.11098616650431e+17,99,0.0006238835798813854,6.238835798813854e+26,911.7196686611134,20.350264131396205,115.75344416776184,33.124114980154395,0.0,47.44833892560009,0.005745524552854201,0.00012824440038209308,0.0007294613447574073,0.00020874334782041765,0.0,0.0002990125206901886,5391,2428,5681,0.17985185185185185,0.4208148148148148,1,0,0
flow,0.3,1.5,0,registered,during_vibration,flow_dump_0.3_1.5.shear.wave,2031,203100,203.1,0.2031,158683.45183699526,1187.0549858388158,0.007480647616981491,7.480647616981491e+17,105,0.0006616947059348027,6.616947059348027e+26,999.8501611790505,5.104860963609315,92.78386440223107,23.130877654104978,0.0,66.18522163981979,0.006300910079811779,3.217009023003352e-05,0.0005847103987726562,0.0001457674217842561,0.0,0.0004170896263827647,5386,2464,5650,0.18251851851851852,0.4185185185185185,1,0,0
flow,0.3,1.5,0,registered,during_vibration,flow_dump_0.3_1.5.shear.wave,2032,203200,203.20000000000002,0.2032,158683.45183699526,1145.0206290417013,0.007215753223076489,7.215753223076489e+17,105,0.0006616947059348027,6.616947059348027e+26,941.0834554672861,12.379388758426986,104.01696760013313,11.005273855102171,0.0,76.53554336075315,0.005930570860243179,7.80131048015233e-05,0.0006554997789371428,6.935363283127432e-05,0.0,0.00048231584626337045,5387,2526,5587,0.18711111111111112,0.41385185185185186,1,0,0
flow,0.3,1.5,0,registered,during_vibration,flow_dump_0.3_1.5.shear.wave,2033,203300,203.3,0.20329999999999998,158683.45183699526,1235.4066702617622,0.007785352889416671,7.785352889416671e+17,117,0.0007373169580416372,7.373169580416372e+26,989.9704043721251,22.686199104925567,92.88265435272747,35.482599245989476,0.0,94.38481318599428,0.006238649291477819,0.00014296512233821055,0.0005853329586511612,0.00022360617213216627,0.0,0.0005947993448173121,5365,2525,5610,0.18703703703703703,0.41555555555555557,1,0,0
flow,0.3,1.5,0,registered,during_vibration,flow_dump_0.3_1.5.shear.wave,2034,203400,203.4,0.2034,158683.45183699526,1255.8089315191237,0.007913924968112813,7.913924968112813e+17,111,0.00069950583198822,6.995058319882199e+26,1021.1892858391544,25.415873439920528,122.98046859657688,9.516387791791537,0.0,76.7069158516804,0.006435386135210576,0.0001601671323990893,0.0007750050000355826,5.9970889728105214e-05,0.0,0.0004833958107394602,5368,2454,5678,0.1817777777777778,0.4205925925925926,1,0,0
flow,0.3,1.5,0,registered,during_vibration,flow_dump_0.3_1.5.shear.wave,2035,203500,203.5,0.2035,158683.45183699526,1218.3705907129151,0.007677993997537088,7.677993997537088e+17,101,0.0006364872885658578,6.364872885658577e+26,967.2910550844366,15.85579047290649,111.95534054818427,32.73320831191438,0.0,90.53519629547371,0.006095727335690107,9.992088204127339e-05,0.0007055262489701093,0.00020627991093576025,0.0,0.0005705396198998391,5399,2468,5633,0.18281481481481482,0.4172592592592593,1,0,0
flow,0.3,1.5,0,registered,during_vibration,flow_dump_0.3_1.5.shear.wave,2036,203600,203.6,0.2036,158683.45183699526,1178.5149094298051,0.0074268292993803385,7.426829299380338e+17,104,0.0006553928515925665,6.553928515925665e+26,968.6413102758327,14.58727746295304,103.12876096132689,31.41093828467931,0.0,60.746622445013344,0.006104236447231134,9.192689782131511e-05,0.0006499024300735786,0.0001979471578230201,0.0,0.0003828163664312913,5394,2504,5602,0.18548148148148147,0.414962962962963,1,0,0
flow,0.3,1.5,0,registered,during_vibration,flow_dump_0.3_1.5.shear.wave,2037,203700,203.70000000000002,0.2037,158683.45183699526,1146.884577701083,0.007227499556029318,7.227499556029318e+17,98,0.0006175817255391491,6.1758172553914915e+26,963.8568731102431,11.296525657105871,110.96819632972637,26.372630102776547,0.0,34.39035250123036,0.006074085621104007,7.118905926441545e-05,0.000699305409890607,0.00016619647352937193,0.0,0.00021672299224091265,5362,2423,5715,0.1794814814814815,0.42333333333333334,1,0,0
flow,0.3,1.5,0,registered,during_vibration,flow_dump_0.3_1.5.shear.wave,2038,203800,203.8,0.20379999999999998,158683.4518369953,1213.4626399620365,0.007647064806786181,7.647064806786181e+17,107,0.0006742984146192749,6.742984146192749e+26,995.0911129541967,8.866602213295291,108.99309562674813,24.85025017115808,0.0,75.66157899663799,0.006270919251091072,5.587603565873616e-05,0.0006868586129491897,0.00015660265694676878,0.0,0.0004768082501404115,5372,2495,5633,0.18481481481481482,0.4172592592592593,1,0,0
flow,0.3,1.5,0,registered,during_vibration,flow_dump_0.3_1.5.shear.wave,2039,203900,203.9,0.2039,158683.45183699526,1181.6528146649266,0.007446603921111814,7.446603921111814e+17,100,0.0006301854342236216,6.301854342236216e+26,923.5489420489309,9.891208765242565,114.4274542287745,37.67855416867457,0.0,96.10665545330332,0.005820070910718718,6.233295690720878e-05,0.0007211051493026384,0.00023744476019704432,0.0,0.0006056501439861994,5384,2550,5566,0.18888888888888888,0.41229629629629627,1,0,0
flow,0.3,1.5,0,registered,during_vibration,flow_dump_0.3_1.5.shear.wave,2040,204000,204.0,0.204,158683.45183699526,1128.0988764813753,0.007109114803225952,7.109114803225952e+17,99,0.0006238835798813854,6.238835798813854e+26,923.0882458159314,8.985075640484766,104.16034636157532,14.884336814706856,0.0,76.9808718486771,0.005817167670162339,5.662263794030977e-05,0.0006564033310075217,9.379892258706677e-05,0.0,0.0004851222415287154,5351,2493,5656,0.18466666666666667,0.418962962962963,1,0,0
flow,0.3,1.5,0,registered,during_vibration,flow_dump_0.3_1.5.shear.wave,2041,204100,204.1,0.2041,158683.45183699526,1198.4712048446538,0.007552590966295351,7.552590966295351e+17,100,0.0006301854342236216,6.301854342236216e+26,956.4658096596214,16.78297899895184,114.90174218321235,21.443475546284866,0.0,88.87719845658346,0.006027508215803963,0.00010576388908020388,0.0007240940429077829,0.0001351336594839914,0.0,0.0005600911590194104,5387,2461,5652,0.1822962962962963,0.4186666666666667,1,0,0
flow,0.3,1.5,0,registered,during_vibration,flow_dump_0.3_1.5.shear.wave,2042,204200,204.20000000000002,0.2042,158683.4518369953,1185.3494076837299,0.007469899311878838,7.469899311878838e+17,99,0.0006238835798813853,6.238835798813853e+26,974.7852489258003,5.062318163762576,113.33206231687193,27.657108595981338,0.0,64.51266968131338,0.0061429546536908635,3.1901991702088455e-05,0.0007142021490261646,0.00017429106989928355,0.0,0.00040654944756043535,5390,2493,5617,0.18466666666666667,0.4160740740740741,1,0,0
flow,0.3,1.5,0,registered,during_vibration,flow_dump_0.3_1.5.shear.wave,2043,204300,204.3,0.20429999999999998,158683.45183699526,1222.0699388501032,0.00770130675065887,7.70130675065887e+17,110,0.0006932039776459838,6.932039776459838e+26,1040.2693362386906,0.0,103.2256363887261,36.13884341552073,0.0,42.436122807165745,0.006555625833670978,0.0,0.0006505129249063903,0.00022774172730149401,0.0,0.00026742626478000676,5374,2451,5675,0.18155555555555555,0.4203703703703704,1,0,0
flow,0.3,1.5,0,registered,during_vibration,flow_dump_0.3_1.5.shear.wave,2044,204400,204.4,0.2044,158683.45183699526,1130.1379900869604,0.007121965000155621,7.121965000155621e+17,100,0.0006301854342236216,6.301854342236216e+26,958.1374069888551,4.262385959183099,101.33043016082601,18.434307661317355,3.2778694528276455,44.69558986395117,0.006038042378691665,2.6860935465164692e-05,0.0006385696113096651,0.00011617032178159111,2.0656655844585346e-05,0.0002816650970629497,5362,2448,5690,0.18133333333333335,0.42148148148148146,1,0,0
flow,0.3,1.5,0,registered,during_vibration,flow_dump_0.3_1.5.shear.wave,2045,204500,204.5,0.2045,158683.45183699526,1092.9458305489202,0.0068875854280736806,6.887585428073681e+17,96,0.0006049780168546768,6.049780168546768e+26,892.915513123299,0.0,102.81754098758913,21.600701684003987,0.0,75.61207475402784,0.005627023503626141,0.0,0.0006479411671306886,0.00013612447570268967,0.0,0.00047649628161415975,5350,2521,5629,0.18674074074074073,0.416962962962963,1,0,0
flow,0.3,1.5,0,registered,during_vibration,flow_dump_0.3_1.5.shear.wave,2046,204600,204.6,0.2046,158683.4518369953,1109.5158143908995,0.00699200705269904,6.99200705269904e+17,101,0.0006364872885658577,6.364872885658577e+26,908.8582769034776,5.8806182315862365,97.20249174141246,23.61908620614972,0.0,73.95534130827396,0.005727492478781505,3.705879953775517e-05,0.0006125559446567999,0.0001488440409678761,0.0,0.00046605578875510756,5339,2539,5622,0.1880740740740741,0.41644444444444445,1,0,0
flow,0.3,1.5,0,registered,during_vibration,flow_dump_0.3_1.5.shear.wave,2047,204700,204.70000000000002,0.2047,158683.45183699526,1143.2771855116073,0.007204766295895922,7.204766295895922e+17,99,0.0006238835798813854,6.238835798813854e+26,956.6867714451497,18.36655525478964,95.64530084903186,10.656967172721451,0.0,61.92159078991509,0.006028900684791563,0.00011574335598431747,0.0006027427544699607,6.715865485248349e-05,0.0,0.0003902208457976005,5324,2474,5702,0.18325925925925926,0.4223703703703704,1,0,0
flow,0.3,1.5,0,registered,during_vibration,flow_dump_0.3_1.5.shear.wave,2048,204800,204.8,0.20479999999999998,158683.45183699526,1212.6190478004035,0.007641748611859318,7.641748611859318e+17,107,0.0006742984146192752,6.742984146192752e+26,958.3007852259186,14.60617113144381,110.3181575629264,26.685606510004995,0.0,102.70832737010889,0.006039071964544331,9.204596296813444e-05,0.0006952089602654267,0.00016816880526028202,0.0,0.0006472529188211395,5376,2458,5666,0.18207407407407408,0.4197037037037037,1,0,0
flow,0.3,1.5,0,registered,during_vibration,flow_dump_0.3_1.5.shear.wave,2049,204900,204.9,0.2049,158683.45183699526,1188.5577225953023,0.0074901176451355935,7.490117645135593e+17,102,0.000642789142908094,6.42789142908094e+26,951.4459629522995,6.0385003482370525,116.2493078917451,28.662803419441875,0.0,86.16114798357867,0.005995873873034067,3.805374964013257e-05,0.0007325862057195487,0.00018062881218947283,0.0,0.0005429750045523725,5396,2520,5584,0.18666666666666668,0.4136296296296296,1,0,0
flow,0.3,1.5,0,registered,during_vibration,flow_dump_0.3_1.5.shear.wave,2050,205000,205.0,0.205,158683.45183699526,1165.4945111796078,0.007344776646129687,7.344776646129687e+17,96,0.0006049780168546768,6.049780168546768e+26,997.334615145468,0.0,115.44716985051359,22.83492861267094,0.0,29.877797570954996,0.006285057475116953,0.0,0.000727531248621341,0.00014390239403241437,0.0,0.00018828552835897742,5364,2438,5698,0.18059259259259258,0.4220740740740741,1,0,0
flow,0.3,1.5,0,registered,during_vibration,flow_dump_0.3_1.5.shear.wave,2051,205100,205.1,0.2051,158683.45183699526,1102.3131504144505,0.006946616913443388,6.946616913443388e+17,96,0.0006049780168546768,6.049780168546768e+26,915.5660846303713,7.422830124520386,92.71432920586524,15.300458014190001,0.0,71.30944843950387,0.005769764106032116,4.677759425189059e-05,0.0005842721980934999,9.642125777492616e-05,0.0,0.000449381757290957,5337,2472,5691,0.1831111111111111,0.42155555555555557,1,0,0
flow,0.3,1.5,0,registered,during_vibration,flow_dump_0.3_1.5.shear.wave,2052,205200,205.20000000000002,0.2052,158683.45183699526,1120.9482496974952,0.007064052594778246,7.064052594778246e+17,90,0.0005671668908012594,5.671668908012594e+26,935.88803420654,9.32241954101551,99.71581427636318,16.38152797772347,0.0,59.64045369585306,0.005897830072211401,5.874853006469634e-05,0.0006283945371871193,0.0001032340032188807,0.0,0.0003758454520961496,5369,2539,5592,0.1880740740740741,0.4142222222222222,1,0,0
flow,0.3,1.5,0,registered,during_vibration,flow_dump_0.3_1.5.shear.wave,2053,205300,205.3,0.20529999999999998,158683.45183699526,1242.869650198121,0.007832383501934636,7.832383501934637e+17,113,0.0007121095406726924,7.121095406726925e+26,1001.1785492735982,17.358781654832804,105.80371982320702,20.463517067560495,0.0,98.06508237892277,0.00630928138809358,0.00010939251354743847,0.0006667596311926211,0.00012895810388963104,0.0,0.0006179918652113667,5316,2534,5650,0.1877037037037037,0.4185185185185185,1,0,0
flow,0.3,1.5,0,registered,during_vibration,flow_dump_0.3_1.5.shear.wave,2054,205400,205.4,0.2054,158683.45183699526,1117.7449361875138,0.0070438657796258256,7.043865779625825e+17,99,0.0006238835798813854,6.238835798813854e+26,907.3892299829972,5.3137449935369645,100.21235988308258,9.72494973885589,0.0,95.10465158904103,0.005718234759066728,3.3486446961056875e-05,0.0006315236952749424,6.128521673983794e-05,0.0,0.0005993356615832606,5328,2454,5718,0.1817777777777778,0.4235555555555556,1,0,0
flow,0.3,1.5,0,registered,during_vibration,flow_dump_0.3_1.5.shear.wave,2055,205500,205.5,0.2055,158683.45183699526,1186.325552595098,0.007476050834927197,7.476050834927197e+17,96,0.0006049780168546768,6.049780168546768e+26,965.286967880559,0.0,114.01036414674196,29.472573046312547,0.0,77.55564752148483,0.006083097870042131,0.0,0.000718476708358078,0.0001857318624287788,0.0,0.0004887443940982106,5355,2479,5666,0.18362962962962964,0.4197037037037037,1,0,0
flow,0.3,1.5,0,registered,during_vibration,flow_dump_0.3_1.5.shear.wave,2056,205600,205.6,0.20559999999999998,158683.45183699526,1165.8041231079176,0.007346727775404515,7.346727775404515e+17,105,0.0006616947059348027,6.616947059348027e+26,948.1408947121696,0.0,114.11339039666265,33.10860138688629,0.0,70.44123661219889,0.005975045814393617,0.0,0.0007191259647785051,0.0002086455834153174,0.0,0.0004439104128170743,5361,2512,5627,0.1860740740740741,0.4168148148148148,1,0,0
flow,0.3,1.5,0,registered,during_vibration,flow_dump_0.3_1.5.shear.wave,2057,205700,205.70000000000002,0.2057,158683.4518369953,1211.8168492517825,0.0076366932734523545,7.636693273452355e+17,100,0.0006301854342236215,6.301854342236214e+26,1034.8122588512347,3.044347275759072,108.87086813405085,21.031925182669806,0.0,44.05744980806795,0.006521236126840919,1.91850330990173e-05,0.0006860883530935947,0.00013254012903799492,0.0,0.0002776436313808271,5334,2436,5730,0.18044444444444444,0.42444444444444446,1,0,0
flow,0.3,1.5,0,registered,during_vibration,flow_dump_0.3_1.5.shear.wave,2058,205800,205.8,0.20579999999999998,158683.45183699526,1109.8496278555258,0.006994110696530593,6.994110696530593e+17,101,0.0006364872885658578,6.364872885658577e+26,928.6356209127385,3.9591892494901426,99.76402819382955,20.93422254736106,0.0,56.556566952106074,0.005852126420004166,2.49502339636344e-05,0.000628698374272261,0.0001319244212614266,0.0,0.00035641124702910296,5340,2501,5659,0.18525925925925926,0.41918518518518516,1,0,0
flow,0.3,1.5,0,registered,during_vibration,flow_dump_0.3_1.5.shear.wave,2059,205900,205.9,0.2059,158683.45183699526,1150.108198147504,0.007247814342537319,7.247814342537318e+17,103,0.0006490909972503302,6.490909972503302e+26,942.4649009697054,7.862754697607557,107.2949293506084,34.39894553762708,0.0,58.086667591955525,0.005939276528581163,4.954993483305639e-05,0.0006761570164280596,0.00021677714430464232,0.0,0.0003660537183903966,5368,2561,5571,0.1897037037037037,0.4126666666666667,1,0,0
flow,0.3,1.5,0,registered,during_vibration,flow_dump_0.3_1.5.shear.wave,2060,206000,206.0,0.206,158683.45183699526,1201.4738262840644,0.007571513049251392,7.571513049251392e+17,101,0.0006364872885658578,6.364872885658577e+26,978.3013689174186,13.034274186575152,97.85878830426029,10.751733776405636,0.0,101.52766109940458,0.006165112729727869,8.214009738056604e-05,0.0006166918300011773,6.775586018540965e-05,0.0,0.0006398125319563697,5317,2502,5681,0.18533333333333332,0.4208148148148148,1,0,0
flow,0.3,1.5,0,registered,during_vibration,flow_dump_0.3_1.5.shear.wave,2061,206100,206.1,0.20609999999999998,158683.4518369953,1334.7145697763474,0.008411176807191017,8.411176807191017e+17,107,0.0006742984146192749,6.742984146192749e+26,1068.7525443465004,22.44633927518069,122.54571150185673,12.309432570737089,0.0,108.66054208207262,0.006735122862365996,0.00014145356062860473,0.0007722652241504023,7.757225109636341e-05,0.0,0.0006847629089496504,5358,2473,5669,0.18318518518518517,0.4199259259259259,1,0,0
flow,0.3,1.5,0,registered,during_vibration,flow_dump_0.3_1.5.shear.wave,2062,206200,206.20000000000002,0.2062,158683.45183699526,1226.9733026401907,0.0077322070350509964,7.732207035050996e+17,106,0.0006679965602770389,6.679965602770389e+26,1006.278357408758,5.1765216176307565,112.56834127977433,27.95200024574236,0.0,74.99808208828519,0.006341419636134708,3.2621685233746025e-05,0.0007093892902922741,0.00017614943412281927,0.0,0.0004726269892674482,5377,2499,5624,0.18511111111111112,0.41659259259259257,1,0,0
flow,0.3,1.5,0,registered,during_vibration,flow_dump_0.3_1.5.shear.wave,2063,206300,206.3,0.20629999999999998,158683.45183699526,1118.434978705582,0.007048214327064641,7.048214327064641e+17,101,0.0006364872885658578,6.364872885658577e+26,920.7820776268394,10.592808690126187,116.59006827884781,19.379761810909727,0.0,51.09026229885867,0.005802634534145983,6.675433744034924e-05,0.000734733628044674,0.00012212843611958505,0.0,0.0003219633913140497,5369,2462,5669,0.18237037037037038,0.4199259259259259,1,0,0
flow,0.3,1.5,0,registered,during_vibration,flow_dump_0.3_1.5.shear.wave,2064,206400,206.4,0.2064,158683.45183699526,1119.6187950837686,0.007055674565447928,7.055674565447928e+17,97,0.000611279871196913,6.112798711969129e+26,958.9899635334164,0.0,102.02459041161632,18.003327046158113,0.0,40.60091409257773,0.0060434150658540105,0.0,0.0006429441081003157,0.00011345434472053021,0.0,0.0002558610467730706,5347,2460,5693,0.18222222222222223,0.4217037037037037,1,0,0
flow,0.3,1.5,0,registered,during_vibration,flow_dump_0.3_1.5.shear.wave,2065,206500,206.5,0.2065,158683.4518369953,1095.9406728724666,0.0069064584881746325,6.906458488174633e+17,95,0.0005986761625124404,5.986761625124404e+26,905.1999215497593,0.0,106.25040827639957,22.472846594243663,0.0,62.017496452063924,0.005704438056210232,0.0,0.0006695745967609993,0.00014162060589234277,0.0,0.00039082522931105807,5356,2534,5610,0.1877037037037037,0.41555555555555557,1,0,0
flow,0.3,1.5,0,registered,during_vibration,flow_dump_0.3_1.5.shear.wave,2066,206600,206.6,0.20659999999999998,158683.45183699526,1141.4845968115062,0.0071934696630123465,7.193469663012347e+17,101,0.0006364872885658578,6.364872885658577e+26,919.0135720206497,0.0,115.71112909288013,19.9174081289257,0.0,86.84248756905093,0.005791489669412346,0.0,0.000729194681319022,0.00012551660490336134,0.0,0.0005472687073776182,5353,2538,5609,0.188,0.4154814814814815,1,0,0
flow,0.3,1.5,0,registered,during_vibration,flow_dump_0.3_1.5.shear.wave,2067,206700,206.70000000000002,0.2067,158683.45183699526,1111.0383381354839,0.007001601775570008,7.001601775570008e+17,100,0.0006301854342236216,6.301854342236216e+26,912.6402881398838,8.476944958141424,98.36983440516875,16.86653918265231,0.0,74.68473144963811,0.005751326162714038,5.3420472393360926e-05,0.0006199123680912702,0.00010629047318669474,0.0,0.0004706522991846476,5313,2492,5695,0.18459259259259259,0.42185185185185187,1,0,0
flow,0.3,1.5,0,registered,during_vibration,flow_dump_0.3_1.5.shear.wave,2068,206800,206.8,0.20679999999999998,158683.45183699526,1133.5564791462664,0.007143507820277895,7.143507820277896e+17,97,0.000611279871196913,6.112798711969129e+26,942.00581789608,5.226792159638897,101.61710622677839,7.641231419564481,0.0,77.06553144420491,0.00593638345392019,3.293848286718659e-05,0.0006403762021207022,4.8153927401414233e-05,0.0,0.00048565575396840435,5349,2479,5672,0.18362962962962964,0.42014814814814816,1,0,0
flow,0.3,1.5,0,registered,during_vibration,flow_dump_0.3_1.5.shear.wave,2069,206900,206.9,0.2069,158683.4518369953,1186.8810052119288,0.007479551216412477,7.479551216412477e+17,106,0.0006679965602770388,6.679965602770388e+26,992.1700428698115,6.7483352701779316,99.85899391160112,19.633086762457065,0.0,68.47054639788114,0.006252511092895813,4.2527025925236595e-05,0.0006292968343931633,0.0001237248530654904,0.0,0.00043149141013277344,5382,2531,5587,0.18748148148148147,0.41385185185185186,1,0,0
flow,0.3,1.5,0,registered,during_vibration,flow_dump_0.3_1.5.shear.wave,2070,207000,207.0,0.207,158683.45183699526,1039.1778972138409,0.006548747743912943,6.548747743912943e+17,92,0.0005797705994857318,5.7977059948573184e+26,856.9602926491656,9.872755218016486,111.39080727654037,24.27002635348231,0.0,36.684015716636104,0.005400438941355163,6.221666534049246e-05,0.0007019686425208634,0.0001529461709618799,0.0,0.0002311773237345448,5341,2453,5706,0.1817037037037037,0.4226666666666667,1,0,0
flow,0.3,1.5,0,registered,during_vibration,flow_dump_0.3_1.5.shear.wave,2071,207100,207.1,0.20709999999999998,158683.45183699526,1142.3104203330997,0.007198673882557821,7.198673882557821e+17,95,0.0005986761625124405,5.986761625124405e+26,952.1808846840597,0.0,114.13019640012237,20.322203383850372,0.0,55.677135865066965,0.0060005052427405635,0.0,0.0007192318737643833,0.000128067565638325,0.0,0.000350869200414548,5316,2479,5705,0.18362962962962964,0.4225925925925926,1,0,0
flow,0.3,1.5,0,registered,during_vibration,flow_dump_0.3_1.5.shear.wave,2072,207200,207.20000000000002,0.2072,158683.45183699526,1167.6746560089034,0.007358515601288888,7.358515601288888e+17,99,0.0006238835798813854,6.238835798813854e+26,960.7307061536876,8.489329788553036,103.7296377959323,25.12867701405539,0.0,69.59630525667487,0.006054384972294282,5.3498519790668205e-05,0.0006536890683628859,0.00015835726235567636,0.0,0.0004385857784853737,5352,2527,5621,0.18718518518518518,0.4163703703703704,1,0,0
flow,0.3,1.5,0,registered,during_vibration,flow_dump_0.3_1.5.shear.wave,2073,207300,207.3,0.20729999999999998,158683.45183699526,1301.9475709719468,0.008204683953493457,8.204683953493457e+17,106,0.0006679965602770389,6.679965602770389e+26,1047.6861715952598,15.68400996400371,119.10771614289841,25.56215219149614,0.0,93.90752107828834,0.0066023656497684255,9.883834629533285e-05,0.000750599478168963,0.00016108895978488296,0.0,0.0005917915194758504,5321,2522,5657,0.18681481481481482,0.41903703703703704,1,0,0
flow,0.3,1.5,0,registered,during_vibration,flow_dump_0.3_1.5.shear.wave,2074,207400,207.4,0.2074,158683.45183699526,1127.5697895254702,0.007105780574295461,7.105780574295461e+17,99,0.0006238835798813854,6.238835798813854e+26,916.223227898491,7.211830159798975,93.73606676235383,9.267137936965128,0.0,101.13152676786184,0.005773905327189788,4.544790320799927e-05,0.0005907110393504833,5.8400153448165656e-05,0.0,0.0006373161510990282,5303,2462,5735,0.18237037037037038,0.4248148148148148,1,0,0
flow,0.3,1.5,0,registered,during_vibration,flow_dump_0.3_1.5.shear.wave,2075,207500,207.5,0.2075,158683.45183699526,1236.4125584171898,0.007791691850056757,7.791691850056756e+17,98,0.0006175817255391491,6.1758172553914915e+26,964.4225025286647,7.96091845596185,117.6410532263695,19.627262968963286,0.0,126.7608212372305,0.0060776501353105835,5.0168548539891615e-05,0.0007413567820998384,0.00012368815236717337,0.0,0.0007988282317392698,5332,2475,5693,0.18333333333333332,0.4217037037037037,1,0,0
flow,0.3,1.5,0,registered,during_vibration,flow_dump_0.3_1.5.shear.wave,2076,207600,207.6,0.20759999999999998,158683.4518369953,1183.47438024903,0.0074580831620976624,7.458083162097663e+17,105,0.0006616947059348026,6.616947059348026e+26,999.7029386738833,0.0,106.71108736735064,20.374367970555376,0.0,56.68598623724151,0.006299982305028316,0.0,0.0006724777292906868,0.00012839629926556285,0.0,0.0003572268285131027,5345,2493,5662,0.18466666666666667,0.4194074074074074,1,0,0
flow,0.3,1.5,0,registered,during_vibration,flow_dump_0.3_1.5.shear.wave,2077,207700,207.70000000000002,0.2077,158683.45183699526,1114.9509861138079,0.007026258713221851,7.026258713221851e+17,91,0.0005734687451434957,5.734687451434957e+26,941.6424402439246,5.685710985089374,111.67389059365082,23.174933259426297,0.0,32.77401103171629,0.005934093500885083,3.5830522460085626e-05,0.0007037525923520105,0.00014604505379195012,0.0,0.00020653704373271896,5316,2434,5750,0.1802962962962963,0.42592592592592593,1,0,0
flow,0.3,1.5,0,registered,during_vibration,flow_dump_0.3_1.5.shear.wave,2078,207800,207.8,0.20779999999999998,158683.45183699526,1123.0274106918164,0.007077155164518518,7.077155164518518e+17,99,0.0006238835798813854,6.238835798813854e+26,928.7258524553723,2.1525548314818073,104.78904243480642,15.25237242252707,0.0,72.1075885476283,0.005852695046042919,1.3565087011675173e-05,0.0006603652820865599,9.611822938030613e-05,0.0,0.0004544115199970538,5337,2503,5660,0.1854074074074074,0.4192592592592593,1,0,0
flow,0.3,1.5,0,registered,during_vibration,flow_dump_0.3_1.5.shear.wave,2079,207900,207.9,0.2079,158683.45183699526,1148.4731923348284,0.0072375107740571265,7.237510774057126e+17,99,0.0006238835798813854,6.238835798813854e+26,947.1652183530971,5.6687974941967365,112.29121041749318,15.914051298767193,0.0,67.43391477127412,0.005968897244093579,3.5723936104061484e-05,0.0007076428519644399,0.00010028803327970592,0.0,0.0004249587086153407,5362,2546,5592,0.1885925925925926,0.4142222222222222,1,0,0
flow,0.3,1.5,0,registered,during_vibration,flow_dump_0.3_1.5.shear.wave,2080,208000,208.0,0.208,158683.4518369953,1277.9277899895244,0.008053314792409814,8.053314792409814e+17,104,0.0006553928515925663,6.553928515925663e+26,1029.3816015494008,15.156984194739197,104.34718483600106,26.65302160396329,0.0,102.38899780542016,0.006487012915542161,9.551710666282289e-05,0.0006575807598588782,0.0001679634599286517,0.0,0.0006452405504173013,5311,2501,5688,0.18525925925925926,0.42133333333333334,1,0,0
flow,0.3,1.5,0,registered,during_vibration,flow_dump_0.3_1.5.shear.wave,2081,208100,208.1,0.20809999999999998,158683.45183699526,1123.1272524542078,0.00707778435276238,7.077784352762381e+17,100,0.0006301854342236216,6.301854342236216e+26,913.4546402594813,4.591339923070873,102.12931884136655,15.966407754276855,0.0,86.98554567601234,0.005756458091155032,2.893395543088667e-05,0.0006436040914100928,0.00010061797603620359,0.0,0.000548170238730165,5338,2471,5691,0.18303703703703703,0.42155555555555557,1,0,0
flow,0.3,1.5,0,registered,during_vibration,flow_dump_0.3_1.5.shear.wave,2082,208200,208.20000000000002,0.2082,158683.45183699526,1247.8724248353478,0.007863910259005473,7.863910259005473e+17,103,0.0006490909972503302,6.490909972503302e+26,1031.2695594715888,16.709725025296486,118.1511165589566,27.553423900068235,0.0,54.18859987943777,0.006498910551372061,0.00010530225320823783,0.000744571126927118,0.00017363766404812015,0.0,0.00034148866344993576,5368,2496,5636,0.18488888888888888,0.4174814814814815,1,0,0
flow,0.3,1.5,0,registered,during_vibration,flow_dump_0.3_1.5.shear.wave,2083,208300,208.3,0.20829999999999999,158683.45183699526,1082.6067418700727,0.00682242999718812,6.82242999718812e+17,95,0.0005986761625124405,5.986761625124405e+26,895.423479733187,0.0,110.54131281004835,24.251270737464804,0.0,52.39067858937244,0.005642828343896847,0.0,0.0006966152521284951,0.00015282797580163865,0.0,0.00033015842536113867,5345,2445,5710,0.1811111111111111,0.422962962962963,1,0,0
flow,0.3,1.5,0,registered,during_vibration,flow_dump_0.3_1.5.shear.wave,2084,208400,208.4,0.2084,158683.4518369953,1092.233144319424,0.006883094183263676,6.883094183263676e+17,97,0.0006112798711969128,6.1127987119691286e+26,916.7153546887404,0.0,100.280419259783,29.57866579834186,0.0,45.65870457255846,0.005777006638539851,0.0,0.0006319525955535317,0.00018640044349883445,0.0,0.00028773450567145804,5342,2470,5688,0.18296296296296297,0.42133333333333334,1,0,0
flow,0.3,1.5,0,registered,during_vibration,flow_dump_0.3_1.5.shear.wave,2085,208500,208.5,0.2085,158683.45183699526,1146.3303916146776,0.0072240071560342985,7.224007156034299e+17,96,0.0006049780168546768,6.049780168546768e+26,944.802978332606,0.0,97.28592362911735,33.55759793666716,0.0,70.68389171628706,0.005954010751563043,0.0,0.0006130817202606141,0.000211475094272203,0.0,0.0004454395899384381,5357,2520,5623,0.18666666666666668,0.4165185185185185,1,0,0
flow,0.3,1.5,0,registered,during_vibration,flow_dump_0.3_1.5.shear.wave,2086,208600,208.6,0.20859999999999998,158683.45183699526,1244.5230317475073,0.007842802871631008,7.842802871631008e+17,104,0.0006553928515925665,6.553928515925665e+26,1007.161368632472,9.611966136396266,107.4629032530475,31.121557413868935,0.0,89.16523631172245,0.006346984244249114,6.057321053407627e-05,0.0006772155634945277,0.00019612352172574364,0.0,0.0005619063316275464,5361,2550,5589,0.18888888888888888,0.414,1,0,0
flow,0.3,1.5,0,registered,during_vibration,flow_dump_0.3_1.5.shear.wave,2087,208700,208.70000000000002,0.2087,158683.45183699526,1133.4213996402473,0.007142656568906342,7.142656568906342e+17,95,0.0005986761625124405,5.986761625124405e+26,909.0397473129453,4.922880741462006,104.0641884709577,15.484654960971154,0.0,99.90992815391023,0.005728636078869397,3.1023277376893383e-05,0.0006557973579869928,9.758204010382563e-05,0.0,0.0006296178145692276,5322,2501,5677,0.18525925925925926,0.4205185185185185,1,0,0
flow,0.3,1.5,0,registered,during_vibration,flow_dump_0.3_1.5.shear.wave,2088,208800,208.8,0.20879999999999999,158683.4518369953,1121.195709976836,0.00706561205341414,7.06561205341414e+17,95,0.0005986761625124404,5.986761625124404e+26,903.8759622360128,16.149518636853568,110.43231172268014,17.12580242475373,0.0,73.61211495653576,0.005696094657459954,0.00010177191414668034,0.0006959283431527551,0.00010792431237471379,0.0,0.0004638928262800363,5356,2486,5658,0.18414814814814814,0.4191111111111111,1,0,0
flow,0.3,1.5,0,registered,during_vibration,flow_dump_0.3_1.5.shear.wave,2089,208900,208.9,0.2089,158683.45183699526,1147.7155926420025,0.0072327364911432155,7.232736491143215e+17,102,0.000642789142908094,6.42789142908094e+26,947.4599384890081,0.0,111.89304842676096,26.141959460774732,0.0,62.22064626545829,0.005970754527461814,0.0,0.0007051336930942307,0.00016474282074244637,0.0,0.0003921054498447219,5380,2529,5591,0.18733333333333332,0.41414814814814815,1,0,0
flow,0.3,1.5,0,registered,during_vibration,flow_dump_0.3_1.5.shear.wave,2090,209000,209.0,0.209,158683.45183699526,1181.0635432604,0.0074428904185524425,7.442890418552443e+17,99,0.0006238835798813854,6.238835798813854e+26,976.5187017517626,5.269271100669944,120.3099192345053,38.02312960896745,0.0,40.9425215644946,0.006153878620909217,3.320617896617669e-05,0.0007581755869420557,0.00023961622443168196,0.0,0.0002580138073033102,5346,2451,5703,0.18155555555555555,0.42244444444444446,1,0,0
flow,0.3,1.5,0,registered,during_vibration,flow_dump_0.3_1.5.shear.wave,2091,209100,209.1,0.20909999999999998,158683.45183699526,1146.5715094181267,0.0072255266453109535,7.225526645310953e+17,101,0.0006364872885658578,6.364872885658577e+26,948.7568753032996,6.780176164553068,104.92382424835245,19.48548518106279,0.0,66.62514852085837,0.005978927634356562,4.2727682603715244e-05,0.0006612146574435094,0.00012279468939885998,0.0,0.00041986198150830415,5340,2489,5671,0.18437037037037038,0.4200740740740741,1,0,0
flow,0.3,1.5,0,registered,during_vibration,flow_dump_0.3_1.5.shear.wave,2092,209200,209.20000000000002,0.2092,158683.45183699526,1087.3331481848345,0.006852215121345974,6.852215121345974e+17,94,0.0005923743081702043,5.9237430817020434e+26,917.2013698678421,8.197062010136724,92.14601347484688,9.638799624588392,0.0,60.149903207419875,0.005780069435406666,5.165669082215964e-05,0.0005806907551362207,6.0742311268157166e-05,0.0,0.00037905592871276706,5360,2541,5599,0.18822222222222224,0.41474074074074074,1,0,0
flow,0.3,1.5,0,registered,during_vibration,flow_dump_0.3_1.5.shear.wave,2093,209300,209.3,0.20929999999999999,158683.45183699526,1287.632290291268,0.00811447113977559,8.11447113977559e+17,108,0.0006806002689615113,6.806002689615113e+26,1038.499545294337,16.308211005468905,105.75287982124175,31.88879454092629,0.0,95.18285962929403,0.006544472868923453,0.00010277197033891867,0.000666439244905477,0.0002009585383464149,0.0,0.0005998285172613268,5332,2521,5647,0.18674074074074073,0.4182962962962963,1,0,0
flow,0.3,1.5,0,registered,during_vibration,flow_dump_0.3_1.5.shear.wave,2094,209400,209.4,0.2094,158683.45183699526,1176.3714559054954,0.007413321567480785,7.413321567480785e+17,99,0.0006238835798813854,6.238835798813854e+26,950.8831374531485,8.496863382032835,110.05391259146629,3.8716786157115273,0.0,103.06586386313688,0.005992327028718321,5.354599539945152e-05,0.0006935437269446168,2.439875469616479e-05,0.0,0.0006495060617222358,5337,2481,5682,0.1837777777777778,0.42088888888888887,1,0,0
flow,0.3,1.5,0,registered,during_vibration,flow_dump_0.3_1.5.shear.wave,2095,209500,209.5,0.2095,158683.45183699526,1216.3207995974428,0.0076650765124953715,7.665076512495372e+17,97,0.000611279871196913,6.112798711969129e+26,968.4982963776781,7.997271133934271,110.37949525498131,23.58387585042978,0.0,105.86186098041982,0.006103335194476049,5.039763782142403e-05,0.0006955955014664458,0.00014862215043479074,0.0,0.0006671260282966652,5381,2481,5638,0.1837777777777778,0.41762962962962963,1,0,0
flow,0.3,1.5,0,registered,during_vibration,flow_dump_0.3_1.5.shear.wave,2096,209600,209.6,0.20959999999999998,158683.45183699526,1170.8243663227609,0.007378364616907057,7.378364616907057e+17,108,0.0006806002689615113,6.806002689615113e+26,957.3018729704921,9.426486282170876,106.19459852133419,17.502523099944327,0.0,80.39888544881978,0.006032776965009958,5.940434350932866e-05,0.0006692228918137015,0.00011029835119747383,0.0,0.0005066620653765971,5382,2512,5606,0.1860740740740741,0.4152592592592593,1,0,0
flow,0.3,1.5,0,registered,during_vibration,flow_dump_0.3_1.5.shear.wave,2097,209700,209.70000000000002,0.2097,158683.45183699526,1145.1812953295896,0.007216765718620469,7.216765718620468e+17,98,0.0006175817255391491,6.1758172553914915e+26,933.2189495293322,10.834253467715046,123.96768578881904,26.185340572930063,0.0,50.9750659707934,0.005881009889348542,6.827588726040784e-05,0.0007812262989852441,0.0001650162021924535,0.0,0.00032123744083382196,5349,2447,5704,0.18125925925925926,0.4225185185185185,1,0,0
flow,0.3,1.5,0,registered,during_vibration,flow_dump_0.3_1.5.shear.wave,2098,209800,209.8,0.2098,158683.45183699526,1148.8264251543217,0.007239736795834471,7.239736795834472e+17,101,0.0006364872885658578,6.364872885658577e+26,945.9213362422629,0.0,103.22131875359365,27.897099067660292,0.0,71.78667109080442,0.005961058480212188,0.0,0.0006504857157986827,0.0001758034548953289,0.0,0.00045238914492826886,5346,2523,5631,0.18688888888888888,0.4171111111111111,1,0,0
flow,0.3,1.5,0,registered,during_vibration,flow_dump_0.3_1.5.shear.wave,2099,209900,209.9,0.2099,158683.4518369953,1208.9317198818114,0.0076185116084042884,7.618511608404288e+17,106,0.0006679965602770388,6.679965602770388e+26,1003.5407305759862,9.506785671620165,101.95147097416304,30.317632507517356,0.0,63.615100152524654,0.0063241675105911825,5.991037856540856e-05,0.0006424833200558988,0.00019105730406382006,0.0,0.0004008930951279792,5370,2563,5567,0.18985185185185185,0.4123703703703704,1,0,0
flow,0.3,1.5,0,registered,during_vibration,flow_dump_0.3_1.5.shear.wave,2100,210000,210.0,0.21,158683.45183699526,1214.0714578135762,0.0076509014882075385,7.650901488207538e+17,103,0.0006490909972503302,6.490909972503302e+26,1001.1496657598611,0.0,95.80483897572546,18.742421901285134,0.0,98.37453117670488,0.006309099368397117,0.0,0.0006037481405064169,0.00011811201284263688,0.0,0.0006199419664613696,5311,2528,5661,0.18725925925925926,0.41933333333333334,1,0,0
flow,0.3,1.5,0,registered,during_vibration,flow_dump_0.3_1.5.shear.wave,2101,210100,210.1,0.21009999999999998,158683.45183699526,1128.6302311080378,0.007112463322687252,7.112463322687252e+17,100,0.0006301854342236216,6.301854342236216e+26,932.1513454621427,5.695407334494817,101.03729042026563,10.920352231487147,0.0,78.82583565964745,0.0058742820040219345,3.5891627441690156e-05,0.0006367222873627326,6.881846912874623e-05,0.0,0.0004967489347321477,5325,2465,5710,0.18259259259259258,0.422962962962963,1,0,0
flow,0.3,1.5,0,registered,during_vibration,flow_dump_0.3_1.5.shear.wave,2102,210200,210.20000000000002,0.2102,158683.45183699526,1167.2736858768012,0.007355988745920792,7.355988745920792e+17,104,0.0006553928515925665,6.553928515925665e+26,957.6052280833951,10.210620667968996,105.85329731265729,24.973472679882832,0.0,68.63106713289736,0.006034688664745445,6.434584419336726e-05,0.0006670720613097905,0.00015737918724843713,0.0,0.00043250298842375444,5375,2510,5615,0.18592592592592594,0.4159259259259259,1,0,0
flow,0.3,1.5,0,registered,during_vibration,flow_dump_0.3_1.5.shear.wave,2103,210300,210.3,0.2103,158683.4518369953,1208.6753067491186,0.007616895730190622,7.616895730190621e+17,103,0.0006490909972503301,6.490909972503302e+26,1039.2723211793382,0.0,94.24774839566821,24.94469490021005,0.0,50.210542273903066,0.006549342789989922,0.0,0.0005939355824732279,0.00015719783387264626,0.0,0.00031641952385483106,5362,2457,5681,0.182,0.4208148148148148,1,0,0
flow,0.3,1.5,0,registered,during_vibration,flow_dump_0.3_1.5.shear.wave,2104,210400,210.4,0.2104,158683.45183699526,1142.8168188037537,0.007201865131959014,7.201865131959014e+17,104,0.0006553928515925665,6.553928515925665e+26,928.7098040572708,9.39329796603794,119.9060729007179,25.72074236304243,2.9655235434458858,56.1213779732382,0.005852593911375658,5.9195195575194804e-05,0.0007556306061698814,0.00016208837194607792,1.8688297419268184e-05,0.00035366874947293105,5351,2470,5679,0.18296296296296297,0.4206666666666667,1,0,0
flow,0.3,1.5,0,registered,during_vibration,flow_dump_0.3_1.5.shear.wave,2105,210500,210.5,0.2105,158683.45183699526,1132.4875555485703,0.007136771619462236,7.136771619462236e+17,99,0.0006238835798813854,6.238835798813854e+26,932.9732619654659,4.624641187444405,98.9978214624145,26.47997473997738,0.0,69.411856193268,0.005879461602107358,2.9143815148380977e-05,0.0006238698510548425,0.00016687294379743177,0.0,0.0004374234073542217,5358,2560,5582,0.18962962962962962,0.4134814814814815,1,0,0
flow,0.3,1.5,0,registered,during_vibration,flow_dump_0.3_1.5.shear.wave,2106,210600,210.6,0.21059999999999998,158683.45183699526,1218.021715819672,0.007675795438776206,7.675795438776206e+17,106,0.0006679965602770389,6.679965602770389e+26,1015.0561428166216,6.192072380545627,95.05296270969376,17.65054464811529,0.0,84.06999326469617,0.006396735961222471,3.90215382187824e-05,0.0005990099257945007,0.00011123116143355953,0.0,0.0005297968521068949,5349,2549,5602,0.18881481481481482,0.414962962962963,1,0,0
flow,0.3,1.5,0,registered,during_vibration,flow_dump_0.3_1.5.shear.wave,2107,210700,210.70000000000002,0.2107,158683.4518369953,1190.230727724409,0.007500660679773037,7.500660679773037e+17,103,0.0006490909972503301,6.490909972503302e+26,988.7959656985781,14.92136471286727,97.40854515116503,8.438022866334844,0.0,80.66682929546367,0.006231248150023236,9.403226700787284e-05,0.0006138544632317818,5.317519104010071e-05,0.0,0.0005083506084700453,5323,2501,5676,0.18525925925925926,0.42044444444444445,1,0,0
flow,0.3,1.5,0,registered,during_vibration,flow_dump_0.3_1.5.shear.wave,2108,210800,210.8,0.2108,158683.45183699526,1247.2619176622843,0.007860062931725935,7.860062931725935e+17,101,0.0006364872885658578,6.364872885658577e+26,1000.5336233597059,0.0,132.54756208191108,15.654747688034364,0.0,98.52598453263245,0.006305217158922697,0.0,0.0008352954296587157,9.865393969445172e-05,0.0,0.0006208964034500681,5350,2491,5659,0.18451851851851853,0.41918518518518516,1,0,0
flow,0.3,1.5,0,registered,during_vibration,flow_dump_0.3_1.5.shear.wave,2109,210900,210.9,0.2109,158683.45183699526,1172.3575401905955,0.0073880264553034735,7.388026455303474e+17,109,0.0006869021233037475,6.869021233037475e+26,968.5214036057283,0.0,114.61669497034529,30.50612743248253,0.0,58.71331418203907,0.006103480812861474,0.0,0.0007222977168916344,0.00019224517162520137,0.0,0.0003700027539251621,5384,2532,5584,0.18755555555555556,0.4136296296296296,1,0,0
flow,0.3,1.5,0,registered,during_vibration,flow_dump_0.3_1.5.shear.wave,2110,211000,211.0,0.211,158683.45183699526,1169.8442836113757,0.007372188278416563,7.372188278416563e+17,99,0.0006238835798813854,6.238835798813854e+26,985.8134127435478,0.0,104.67699931225182,39.32172042612227,0.0,40.03215112945362,0.0062124525357326295,0.0,0.0006596592026481715,0.00024779975461155715,0.0,0.0002522767854242037,5342,2453,5705,0.1817037037037037,0.4225925925925926,1,0,0
flow,0.3,1.5,0,registered,during_vibration,flow_dump_0.3_1.5.shear.wave,2111,211100,211.1,0.21109999999999998,158683.45183699526,1257.7220097962374,0.00792598090876048,7.925980908760479e+17,102,0.000642789142908094,6.42789142908094e+26,1045.9467754416316,5.239215005453612,126.51455411517699,31.80795159580739,3.150792453964671,45.062721184202985,0.006591404228564815,3.301676983202699e-05,0.0007972762922068069,0.00020044907788167816,1.9855835107502362e-05,0.0002839787051676495,5342,2488,5670,0.1842962962962963,0.42,1,0,0
flow,0.3,1.5,0,registered,during_vibration,flow_dump_0.3_1.5.shear.wave,2112,211200,211.20000000000002,0.2112,158683.45183699526,1145.9050619757645,0.007221326790602432,7.221326790602432e+17,95,0.0005986761625124405,5.986761625124405e+26,973.5696068424718,0.0,102.84210086011443,13.723089798978645,0.0,55.77026447419897,0.006135293854349437,0.0,0.000648095939870007,8.648091303859109e-05,0.0,0.00035145608334439296,5379,2562,5559,0.18977777777777777,0.4117777777777778,1,0,0
flow,0.3,1.5,0,registered,during_vibration,flow_dump_0.3_1.5.shear.wave,2113,211300,211.3,0.2113,158683.45183699526,1305.4180354387825,0.008226554315063361,8.226554315063361e+17,111,0.00069950583198822,6.995058319882199e+26,1061.0899072951247,14.427333957780974,114.50252829018515,25.726909521323552,0.0,89.67135637436837,0.006686834039790805,9.091895714873404e-05,0.0007215782551025285,0.0001621272364792711,0.0,0.0005650958265420245,5339,2542,5619,0.1882962962962963,0.4162222222222222,1,0,0
flow,0.3,1.5,0,registered,during_vibration,flow_dump_0.3_1.5.shear.wave,2114,211400,211.4,0.21139999999999998,158683.45183699526,1171.1031615626252,0.007380121543899991,7.380121543899991e+17,93,0.0005860724538279681,5.860724538279681e+26,955.5207670156929,11.758011500289973,114.70294950496863,14.295522935826702,0.0,74.82591060584781,0.006021552694714724,7.409727582916573e-05,0.000722841280405188,9.008830328767692e-05,0.0,0.00047154198966324097,5322,2485,5693,0.18407407407407408,0.4217037037037037,1,0,0
flow,0.3,1.5,0,registered,during_vibration,flow_dump_0.3_1.5.shear.wave,2115,211500,211.5,0.2115,158683.45183699526,1280.1031503090937,0.008067023596285621,8.067023596285622e+17,105,0.0006616947059348027,6.616947059348027e+26,1053.5427088553201,8.049424036594415,111.84630775944977,23.001370582973948,0.0,83.66333907475511,0.006639272694531205,5.0726297817513084e-05,0.0007048391402169768,0.00014495128708569873,0.0,0.0005272341766342264,5366,2482,5652,0.18385185185185185,0.4186666666666667,1,0,0
flow,0.3,1.5,0,registered,during_vibration,flow_dump_0.3_1.5.shear.wave,2116,211600,211.6,0.21159999999999998,158683.45183699526,1176.1273723353163,0.007411783388374183,7.411783388374184e+17,105,0.0006616947059348027,6.616947059348027e+26,956.8922734993831,0.0,116.87174750067292,28.805417196313062,0.0,73.55793413894757,0.006030195728804372,0.0,0.0007365087294718503,0.00018152754343851124,0.0,0.0004635513866594524,5337,2509,5654,0.18585185185185185,0.4188148148148148,1,0,0
flow,0.3,1.5,0,registered,during_vibration,flow_dump_0.3_1.5.shear.wave,2117,211700,211.70000000000002,0.2117,158683.45183699526,1141.0280517925987,0.007190592582802518,7.190592582802518e+17,94,0.0005923743081702043,5.9237430817020434e+26,929.0429735629375,0.0,119.65952120711576,24.522597921668293,0.0,67.802959100877,0.005854693497071644,0.0,0.000754076873308969,0.00015453784019557812,0.0,0.0004272843722263263,5327,2438,5735,0.18059259259259258,0.4248148148148148,1,0,0
flow,0.3,1.5,0,registered,during_vibration,flow_dump_0.3_1.5.shear.wave,2118,211800,211.8,0.2118,158683.4518369953,1167.4730795009434,0.007357245295496906,7.357245295496906e+17,108,0.0006806002689615112,6.806002689615112e+26,976.407240516651,0.0,89.08531393982352,20.146010129557155,0.0,81.83451491491178,0.0061531762084407375,0.0,0.0005614026724811532,0.00012695722141368453,0.0,0.000515709193161331,5341,2532,5627,0.18755555555555556,0.4168148148148148,1,0,0
flow,0.3,1.5,0,registered,during_vibration,flow_dump_0.3_1.5.shear.wave,2119,211900,211.9,0.21189999999999998,158683.45183699526,1152.7543371715763,0.007264489925236328,7.264489925236329e+17,99,0.0006238835798813854,6.238835798813854e+26,932.917333706059,9.2517283332203,99.33767802634358,19.173308293676378,0.0,92.07428881227746,0.005879109150362961,5.830304436989417e-05,0.0006260115776179764,0.00012082739612553813,0.0,0.0005802387567599622,5380,2565,5555,0.19,0.4114814814814815,1,0,0
flow,0.3,1.5,0,registered,during_vibration,flow_dump_0.3_1.5.shear.wave,2120,212000,212.0,0.212,158683.45183699526,1185.585179088687,0.007471385108930944,7.471385108930944e+17,103,0.0006490909972503302,6.490909972503302e+26,996.4327504346822,6.216108768024505,100.61231580912929,15.939094261721896,0.0,66.38490981512973,0.006279374055073178,3.917301203158784e-05,0.0006340441592642029,0.00010044585038454448,0.0,0.0004183480321774349,5322,2514,5664,0.18622222222222223,0.41955555555555557,1,0,0
flow,0.3,1.5,0,registered,during_vibration,flow_dump_0.3_1.5.shear.wave,2121,212100,212.1,0.21209999999999998,158683.45183699526,1204.9288385487187,0.007593286033293883,7.593286033293883e+17,101,0.0006364872885658578,6.364872885658577e+26,951.855791369926,6.845097877489508,110.30481639645711,27.911548632826328,0.0,108.01158427201949,0.005998456552027258,4.313680978228916e-05,0.0006951248861775818,0.0001758945139503139,0.0,0.000680673271356439,5324,2490,5686,0.18444444444444444,0.42118518518518516,1,0,0
flow,0.3,1.5,0,registered,during_vibration,flow_dump_0.3_1.5.shear.wave,2122,212200,212.20000000000002,0.2122,158683.4518369953,1249.893718895534,0.007876648159755592,7.876648159755593e+17,109,0.0006869021233037474,6.869021233037473e+26,1033.24635227153,15.666627824538413,114.93895329733682,27.368190286024998,0.0,58.673595216103806,0.006511368011662071,9.87288065842661e-05,0.0007243285419289076,0.00017247034879313362,0.0,0.00036975245078721376,5348,2517,5635,0.18644444444444444,0.4174074074074074,1,0,0
flow,0.3,1.5,0,registered,during_vibration,flow_dump_0.3_1.5.shear.wave,2123,212300,212.3,0.2123,158683.45183699526,1208.6567611563542,0.007616778858566331,7.616778858566331e+17,106,0.0006679965602770389,6.679965602770389e+26,995.2298608854405,0.0,117.11252576597033,38.45693327416251,0.0,57.85744123078027,0.006271793620344059,0.0,0.0007380260790285308,0.00024234999194286942,0.0,0.0003646091672508693,5333,2466,5701,0.18266666666666667,0.4222962962962963,1,0,0
flow,0.3,1.5,0,registered,during_vibration,flow_dump_0.3_1.5.shear.wave,2124,212400,212.4,0.21239999999999998,158683.45183699526,1145.6889844119319,0.0072199651012685336,7.219965101268534e+17,96,0.0006049780168546768,6.049780168546768e+26,979.3617148005923,0.0,112.67242358021804,14.374741770570772,0.0,39.28010426055052,0.006171794875036019,0.0,0.0007100452017892753,9.058752884539573e-05,0.0,0.0002475374955978416,5334,2459,5707,0.18214814814814814,0.42274074074074075,1,0,0
flow,0.3,1.5,0,registered,during_vibration,flow_dump_0.3_1.5.shear.wave,2125,212500,212.5,0.2125,158683.45183699526,1198.0595409311222,0.00754999672027432,7.549996720274321e+17,98,0.0006175817255391491,6.1758172553914915e+26,1006.504093860874,0.0,98.2618473751695,15.541373169858971,0.0,77.75222652521967,0.006342842194375677,0.0,0.0006192318495573642,9.793946999478918e-05,0.0,0.0004899832063464894,5359,2566,5575,0.19007407407407406,0.412962962962963,1,0,0
flow,0.3,1.5,0,registered,during_vibration,flow_dump_0.3_1.5.shear.wave,2126,212600,212.6,0.21259999999999998,158683.4518369953,1221.4726967788217,0.007697543018118597,7.697543018118597e+17,106,0.0006679965602770388,6.679965602770388e+26,1012.1705319243541,6.955250354848811,105.0079102742085,20.478933920318543,0.0,76.86007030509168,0.0063785512616910305,4.383097465004395e-05,0.0006617445553306717,0.00012905525865012792,0.0,0.0004843609677967228,5359,2542,5599,0.1882962962962963,0.41474074074074074,1,0,0
flow,0.3,1.5,0,registered,during_vibration,flow_dump_0.3_1.5.shear.wave,2127,212700,212.70000000000002,0.2127,158683.45183699526,1176.0034430805517,0.0074110024042619155,7.411002404261915e+17,100,0.0006301854342236216,6.301854342236216e+26,957.817797298799,19.159641932723574,102.82171818086884,15.627722153553828,0.0,80.57656351460633,0.006036028244978564,0.00012074127270942514,0.0006479674911942968,9.84836287126343e-05,0.0,0.0005077817666669942,5317,2489,5694,0.18437037037037038,0.42177777777777775,1,0,0
flow,0.3,1.5,0,registered,during_vibration,flow_dump_0.3_1.5.shear.wave,2128,212800,212.8,0.2128,158683.45183699526,1238.1775185269762,0.007802814371588487,7.802814371588488e+17,105,0.0006616947059348027,6.616947059348027e+26,984.7379888550157,13.447277766621824,119.4040146101533,8.801425145845005,0.0,111.78681214934079,0.006205675371030939,8.474278578484226e-05,0.0007524667079514311,5.5465299273210365e-05,0.0,0.0007044642075480674,5344,2483,5673,0.18392592592592594,0.4202222222222222,1,0,0
flow,0.3,1.5,0,registered,during_vibration,flow_dump_0.3_1.5.shear.wave,2129,212900,212.9,0.21289999999999998,158683.45183699526,1179.1453270327672,0.007430802099288987,7.430802099288987e+17,110,0.0006932039776459838,6.932039776459838e+26,971.2135394691967,0.0,105.61994684596436,21.272051820399305,0.0,81.03978889720679,0.006120446260942562,0.0,0.0006656015206579989,0.00013405337213265715,0.0,0.0005107009455557689,5352,2527,5621,0.18718518518518518,0.4163703703703704,1,0,0
flow,0.3,1.5,0,registered,during_vibration,flow_dump_0.3_1.5.shear.wave,2130,213000,213.0,0.213,158683.4518369953,1241.269543822434,0.00782229986462297,7.82229986462297e+17,101,0.0006364872885658577,6.364872885658577e+26,1007.6576620447065,0.0,126.36476936340566,30.407200369169075,7.675025329389176,69.16488671576369,0.006350111813044026,0.0,0.0007963323705184557,0.00019162174768169477,4.836689169878412e-05,0.00043586704168001127,5324,2448,5728,0.18133333333333335,0.4242962962962963,1,0,0
flow,0.3,1.5,0,registered,during_vibration,flow_dump_0.3_1.5.shear.wave,2131,213100,213.1,0.21309999999999998,158683.45183699526,1170.59082101236,0.007376892848378599,7.376892848378598e+17,96,0.0006049780168546768,6.049780168546768e+26,998.3641095655593,0.0,100.9543575083361,19.070615156230076,2.8623039726502593,49.339434809583786,0.006291545198998513,0.0,0.0006361996562315752,0.0001201802389314043,1.803782271884601e-05,0.0003109299314982563,5340,2491,5669,0.18451851851851853,0.4199259259259259,1,0,0
flow,0.3,1.5,0,registered,during_vibration,flow_dump_0.3_1.5.shear.wave,2132,213200,213.20000000000002,0.2132,158683.45183699526,1184.5349159686177,0.007464766503727245,7.464766503727245e+17,97,0.000611279871196913,6.112798711969129e+26,964.1341314938575,0.0,114.86646300987057,30.579751809054642,0.0,74.95456965583489,0.006075832863052709,0.0,0.0007238717186960685,0.00019270914172239679,0.0,0.00047235278025607,5366,2570,5564,0.19037037037037038,0.41214814814814815,1,0,0
flow,0.3,1.5,0,registered,during_vibration,flow_dump_0.3_1.5.shear.wave,2133,213300,213.3,0.2133,158683.45183699526,1263.6024424390082,0.007963038538744551,7.963038538744552e+17,112,0.0007058076863304561,7.058076863304562e+26,1013.4944725553167,15.219377794577753,107.67759090128023,32.73704458047786,0.0,94.47395660735458,0.006386894542705126,9.591030204089325e-05,0.0006785684937827677,0.00020630408654146498,0.0,0.0005953611136742933,5321,2534,5645,0.1877037037037037,0.41814814814814816,1,0,0
flow,0.3,1.5,0,registered,during_vibration,flow_dump_0.3_1.5.shear.wave,2134,213400,213.4,0.21339999999999998,158683.45183699526,1131.3863872490454,0.0071298322172323415,7.129832217232342e+17,95,0.0005986761625124405,5.986761625124405e+26,905.3754931363917,17.052796838863635,105.87704203474091,9.64191525861467,0.0,93.43913998043439,0.005705544482775825,0.00010746424180626482,0.0006672216970897584,6.0761945539974486e-05,0.0,0.0005888398500205181,5317,2481,5702,0.1837777777777778,0.4223703703703704,1,0,0
flow,0.3,1.5,0,registered,during_vibration,flow_dump_0.3_1.5.shear.wave,2135,213500,213.5,0.2135,158683.45183699526,1208.5794202744373,0.007616291467593792,7.616291467593792e+17,96,0.0006049780168546768,6.049780168546768e+26,995.5557364569977,0.0,112.44040898251025,22.604249203556783,0.0,77.97902563137262,0.006273847240729705,0.0,0.0007085830795892482,0.00014244868599642385,0.0,0.0004914124612784148,5343,2475,5682,0.18333333333333332,0.42088888888888887,1,0,0
flow,0.3,1.5,0,registered,during_vibration,flow_dump_0.3_1.5.shear.wave,2136,213600,213.6,0.21359999999999998,158683.45183699526,1179.2612228429898,0.007431532457803885,7.431532457803885e+17,103,0.0006490909972503302,6.490909972503302e+26,973.7373353418906,6.699321253597847,102.72906185263618,17.811551199707278,0.0,78.28395319515809,0.006136350854921815,4.2218146732020964e-05,0.0006473835845098882,0.00011224580126983799,0.0,0.0004933340703703237,5333,2510,5657,0.18592592592592594,0.41903703703703704,1,0,0
flow,0.3,1.5,0,registered,during_vibration,flow_dump_0.3_1.5.shear.wave,2137,213700,213.70000000000002,0.2137,158683.4518369953,1188.7686568309764,0.007491446921964602,7.491446921964602e+17,95,0.0005986761625124404,5.986761625124404e+26,1001.9472384518392,7.977526609751612,100.21554456345213,21.968675032843652,0.0,56.659672173089874,0.006314125555329307,5.027321070596815e-05,0.0006315437646667577,0.0001384433901489021,0.0,0.0003570610011136669,5329,2450,5721,0.1814814814814815,0.42377777777777775,1,0,0
flow,0.3,1.5,0,registered,during_vibration,flow_dump_0.3_1.5.shear.wave,2138,213800,213.8,0.2138,158683.45183699526,1105.755902143632,0.006968312633377172,6.968312633377171e+17,100,0.0006301854342236216,6.301854342236216e+26,919.0515400386257,7.553402969159674,81.7606363845896,14.618189911451294,0.0,82.77213283980541,0.005791728938331295,4.7600445299858814e-05,0.0005152436214242224,9.212170356911298e-05,0.0,0.0005216179247526806,5333,2535,5632,0.18777777777777777,0.41718518518518516,1,0,0
flow,0.3,1.5,0,registered,during_vibration,flow_dump_0.3_1.5.shear.wave,2139,213900,213.9,0.21389999999999998,158683.45183699526,1117.575459666585,0.007042797763276504,7.042797763276503e+17,98,0.0006175817255391491,6.1758172553914915e+26,940.4210031483176,7.292542317358485,84.13089506071391,12.670176077014734,0.0,73.0608430631808,0.005926396182220363,4.595653946858693e-05,0.0005301806463545793,7.984560412783273e-05,0.0,0.00046041879110514465,5379,2567,5554,0.19014814814814815,0.4114074074074074,1,0,0
flow,0.3,1.5,0,registered,during_vibration,flow_dump_0.3_1.5.shear.wave,2140,214000,214.0,0.214,158683.45183699526,1286.737638358943,0.00810883317361108,8.10883317361108e+17,106,0.0006679965602770389,6.679965602770389e+26,1048.6749585611362,27.395344106417618,96.70106894007301,28.204077862105017,0.0,85.76218888921105,0.00660859684120288,0.0001726414682140832,0.0006093960511988828,0.00017773799054407482,0.0,0.0005404608224511572,5324,2514,5662,0.18622222222222223,0.4194074074074074,1,0,0
flow,0.3,1.5,0,registered,during_vibration,flow_dump_0.3_1.5.shear.wave,2141,214100,214.1,0.21409999999999998,158683.4518369953,1125.2265863816633,0.007091014049388918,7.091014049388918e+17,95,0.0005986761625124404,5.986761625124404e+26,911.7123851796113,0.0,121.71345290521803,14.454603542138399,0.0,77.34614475469583,0.00574547865341467,0.0,0.0007670204516993113,9.109080609732784e-05,0.0,0.0004874241381776107,5318,2491,5691,0.18451851851851853,0.42155555555555557,1,0,0
flow,0.3,1.5,0,registered,during_vibration,flow_dump_0.3_1.5.shear.wave,2142,214200,214.20000000000002,0.2142,158683.45183699526,1210.367243898526,0.007627558071662408,7.627558071662408e+17,107,0.0006742984146192752,6.742984146192752e+26,994.2481281963677,10.118876946670209,119.34428288924532,17.74631530856939,0.0,68.90964055767378,0.00626560688393451,6.37676886249276e-05,0.0007520902873466579,0.00011183469418600104,0.0,0.0004342585175703134,5341,2509,5650,0.18585185185185185,0.4185185185185185,1,0,0
flow,0.3,1.5,0,registered,during_vibration,flow_dump_0.3_1.5.shear.wave,2143,214300,214.3,0.2143,158683.45183699526,1172.7357376437392,0.00739040980056579,7.39040980056579e+17,105,0.0006616947059348027,6.616947059348027e+26,950.1907910174228,6.592043639078943,110.65145694672053,36.05390516095487,0.0,69.24754087956192,0.005987963962326011,4.154209883114026e-05,0.0006973093644344544,0.00022720645879313617,0.0,0.0004363879161810472,5329,2460,5711,0.18222222222222223,0.42303703703703704,1,0,0
flow,0.3,1.5,0,registered,during_vibration,flow_dump_0.3_1.5.shear.wave,2144,214400,214.4,0.21439999999999998,158683.45183699526,1182.1219920148678,0.007449560608431821,7.449560608431821e+17,103,0.0006490909972503302,6.490909972503302e+26,977.265717584352,6.7901743568607635,105.76012008947866,30.92557974364928,0.0,61.38040024052732,0.0061585862058775405,4.2790689755324006e-05,0.0006664848720213047,0.00019488849899368857,0.0,0.000386810341783964,5326,2473,5701,0.18318518518518517,0.4222962962962963,1,0,0
flow,0.3,1.5,0,registered,during_vibration,flow_dump_0.3_1.5.shear.wave,2145,214500,214.5,0.2145,158683.4518369953,1141.2389006711574,0.007191921321723417,7.191921321723418e+17,96,0.0006049780168546767,6.0497801685467664e+26,950.6257083203005,0.0,89.42538311347367,26.491532976220096,0.0,74.69627626116258,0.005990704747819663,0.0,0.0005635457388797812,0.0001669457821186865,0.0,0.0004707250529052833,5354,2576,5570,0.19081481481481483,0.41259259259259257,1,0,0
flow,0.3,1.5,0,registered,during_vibration,flow_dump_0.3_1.5.shear.wave,2146,214600,214.6,0.21459999999999999,158683.45183699526,1207.5987161550386,0.007610111213080509,7.61011121308051e+17,107,0.0006742984146192752,6.742984146192752e+26,1018.7626881350643,16.982897235683588,89.32183620590338,33.260127611256124,0.0,49.271166967131315,0.006420094069932195,0.00010702374468844404,0.0005628932013506842,0.00020960047961032506,0.0,0.0003104997174988621,5345,2562,5593,0.18977777777777777,0.4142962962962963,1,0,0
flow,0.3,1.5,0,registered,during_vibration,flow_dump_0.3_1.5.shear.wave,2147,214700,214.70000000000002,0.2147,158683.45183699526,1258.9369985598646,0.007933637590976312,7.933637590976311e+17,108,0.0006806002689615113,6.806002689615113e+26,1008.3083860750634,24.42060865998365,106.67959961508609,25.868925018683754,0.0,93.65947919104771,0.006354212581100329,0.0001538951187239693,0.0006722792980623512,0.0001630221974579753,0.0,0.0005902283956316865,5297,2517,5686,0.18644444444444444,0.42118518518518516,1,0,0
flow,0.3,1.5,0,registered,during_vibration,flow_dump_0.3_1.5.shear.wave,2148,214800,214.8,0.2148,158683.45183699526,1259.1267847744664,0.007934833596056897,7.934833596056897e+17,105,0.0006616947059348027,6.616947059348027e+26,1031.6204419578316,10.178804488159773,119.503405077904,12.853924723183498,0.0,84.9702085273871,0.006501121761691606,6.414534326248315e-05,0.0007530930522022028,8.100356133157138e-05,0.0,0.0005354698775690311,5338,2510,5652,0.18592592592592594,0.4186666666666667,1,0,0
flow,0.3,1.5,0,registered,during_vibration,flow_dump_0.3_1.5.shear.wave,2149,214900,214.9,0.21489999999999998,158683.4518369953,1201.718529454483,0.007573055132988451,7.573055132988452e+17,111,0.0006995058319882199,6.995058319882199e+26,1019.5505722056844,7.793076330562165,95.34378410169515,30.044879402570025,0.0,48.986217413970955,0.0064250592005838094,4.911083191313145e-05,0.0006008426398464998,0.00018933845372504934,0.0,0.00030870400691996013,5335,2545,5620,0.18851851851851853,0.4162962962962963,1,0,0
flow,0.3,1.5,0,registered,during_vibration,flow_dump_0.3_1.5.shear.wave,2150,215000,215.0,0.215,158683.45183699526,1170.3174488780448,0.007375170097006918,7.375170097006917e+17,94,0.0005923743081702043,5.9237430817020434e+26,944.2863418505906,6.317261208243155,124.83912403172441,35.475986654372065,0.0,59.39873513311491,0.005950754983705496,3.9810459976207534e-05,0.000786717975860288,0.00022356450054296863,0.0,0.0003743221769219591,5319,2447,5734,0.18125925925925926,0.42474074074074075,1,0,0
flow,0.3,1.5,0,registered,during_vibration,flow_dump_0.3_1.5.shear.wave,2151,215100,215.1,0.21509999999999999,158683.45183699526,1117.0744622529653,0.007039640550550035,7.039640550550035e+17,95,0.0005986761625124405,5.986761625124405e+26,954.5828074029013,5.3684208785663055,87.7843694518507,13.18133899706528,0.0,56.15752552258138,0.006015641809856011,3.3831006424544634e-05,0.0005532043098106135,8.30668783951434e-05,0.0,0.0003538965460637206,5314,2488,5698,0.1842962962962963,0.4220740740740741,1,0,0
flow,0.3,1.5,0,registered,during_vibration,flow_dump_0.3_1.5.shear.wave,2152,215200,215.20000000000002,0.2152,158683.45183699526,1145.4777870662087,0.007218634166358319,7.218634166358319e+17,98,0.0006175817255391491,6.1758172553914915e+26,973.4541262495911,0.0,86.5304284879369,17.85744557716238,0.0,67.63578675151794,0.0061345661124737475,0.0,0.0005453021565022656,0.00011253502095168766,0.0,0.00042623087643061606,5349,2571,5580,0.19044444444444444,0.41333333333333333,1,0,0
flow,0.3,1.5,0,registered,during_vibration,flow_dump_0.3_1.5.shear.wave,2153,215300,215.3,0.2153,158683.45183699526,1289.137894142821,0.008123959235945189,8.123959235945189e+17,104,0.0006553928515925665,6.553928515925665e+26,1072.981740059282,14.16222032675671,102.78757017549952,12.750159134165493,0.0,86.45620444711695,0.006761774637732756,8.924824966187777e-05,0.0006477522954383815,8.034964570384357e-05,0.0,0.0005448344074083259,5329,2527,5644,0.18718518518518518,0.4180740740740741,1,0,0
flow,0.3,1.5,0,registered,during_vibration,flow_dump_0.3_1.5.shear.wave,2154,215400,215.4,0.21539999999999998,158683.45183699526,1211.1041502016642,0.00763220194784866,7.632201947848659e+17,94,0.0005923743081702043,5.9237430817020434e+26,997.220310389331,12.666697103332023,114.19571854919475,10.4476521870031,0.0,76.57377197280391,0.006284337143193153,7.982368014242381e-05,0.0007196447848040277,6.583958230083918e-05,0.0,0.00048255675740822016,5302,2510,5688,0.18592592592592594,0.42133333333333334,1,0,0
flow,0.3,1.5,0,registered,during_vibration,flow_dump_0.3_1.5.shear.wave,2155,215500,215.5,0.2155,158683.45183699526,1206.9577191735427,0.007606071743469309,7.60607174346931e+17,103,0.0006490909972503302,6.490909972503302e+26,989.8750813984391,12.279396467686855,121.03807835485588,18.74205027014483,0.0,65.02311268241634,0.006238048579982181,7.738296794993246e-05,0.0007627643396564759,0.00011810967087732164,0.0,0.0004097661850034002,5311,2492,5697,0.18459259259259259,0.422,1,0,0
flow,0.3,1.5,0,registered,during_vibration,flow_dump_0.3_1.5.shear.wave,2156,215600,215.6,0.21559999999999999,158683.45183699526,1212.284128183748,0.0076396379972187975,7.639637997218798e+17,110,0.0006932039776459838,6.932039776459838e+26,1011.9556059059835,7.335433261819198,107.46642632040502,25.466434680699788,0.0,60.06022801483992,0.0063771968292289025,4.622683195317928e-05,0.0006772377653518528,0.00016048576197384291,0.0,0.00037849080871101617,5328,2512,5660,0.1860740740740741,0.4192592592592593,1,0,0
flow,0.3,1.5,0,registered,during_vibration,flow_dump_0.3_1.5.shear.wave,2157,215700,215.70000000000002,0.2157,158683.45183699526,1119.525477445802,0.0070550864912858995,7.0550864912859e+17,95,0.0005986761625124405,5.986761625124405e+26,939.2212951142151,0.0,97.65139462187231,29.42814639313159,0.0,53.22464131658232,0.005918835796936239,0.0,0.0006153848652232683,0.00018545189213151934,0.0,0.0003354139369948694,5316,2441,5743,0.18081481481481482,0.4254074074074074,1,0,0
flow,0.3,1.5,0,registered,during_vibration,flow_dump_0.3_1.5.shear.wave,2158,215800,215.8,0.2158,158683.45183699526,1119.3572818122739,0.007054026546902406,7.054026546902406e+17,105,0.0006616947059348027,6.616947059348027e+26,943.6036089591292,0.0,85.75188856404338,20.182592654780834,0.0,69.81919163432015,0.005946452500468853,0.0,0.000540395911302273,0.00012718775915911536,0.0,0.00043999037597216293,5318,2541,5641,0.18822222222222224,0.41785185185185186,1,0,0
flow,0.3,1.5,0,registered,during_vibration,flow_dump_0.3_1.5.shear.wave,2159,215900,215.9,0.21589999999999998,158683.45183699526,1113.2721944471346,0.007015679212667516,7.015679212667516e+17,98,0.0006175817255391491,6.1758172553914915e+26,942.8414903657707,12.68404121594153,81.03193911165899,12.86703563181917,0.0,63.84768812194403,0.005941649740101997,7.993298021378427e-05,0.0005106514773506288,8.108618436808775e-05,0.0,0.00040235883063301665,5360,2560,5580,0.18962962962962962,0.41333333333333333,1,0,0
flow,0.3,1.5,0,registered,during_vibration,flow_dump_0.3_1.5.shear.wave,2160,216000,216.0,0.216,158683.4518369953,1221.6304132498071,0.0076985369243461185,7.698536924346118e+17,106,0.0006679965602770388,6.679965602770388e+26,975.5634489520609,13.458982051120218,103.97615219918202,16.759884856600525,0.0,111.87194519084292,0.006147858756905483,8.481654448093122e-05,0.0006552425662254288,0.000105618353158947,0.0,0.0007050007035753253,5317,2527,5656,0.18718518518518518,0.418962962962963,1,0,0
flow,0.3,1.5,0,registered,during_vibration,flow_dump_0.3_1.5.shear.wave,2161,216100,216.1,0.2161,158683.45183699526,1126.765496788223,0.00710071203861681,7.10071203861681e+17,97,0.000611279871196913,6.112798711969129e+26,893.8723255676633,13.978250668403707,126.44438981131809,9.363099540633822,0.0,83.10743120020445,0.0056330531962833635,8.808889967154619e-05,0.0007968341269838637,5.9004889496933174e-05,0.0,0.0005237309261811059,5315,2498,5687,0.18503703703703703,0.4212592592592593,1,0,0
flow,0.3,1.5,0,registered,during_vibration,flow_dump_0.3_1.5.shear.wave,2162,216200,216.20000000000002,0.2162,158683.45183699526,1224.7202566782926,0.007718008667572751,7.71800866757275e+17,106,0.0006679965602770389,6.679965602770389e+26,993.966349018046,6.210151131702434,128.72193397053033,27.400247372402795,0.0,68.42157518561146,0.006263831152596051,3.913546787526213e-05,0.0008111868785332301,0.00017267236788212303,0.0,0.0004311828006860873,5321,2507,5672,0.1857037037037037,0.42014814814814816,1,0,0
flow,0.3,1.5,0,registered,during_vibration,flow_dump_0.3_1.5.shear.wave,2163,216300,216.3,0.2163,158683.45183699526,1166.2562281753824,0.0073495768756870646,7.349576875687064e+17,98,0.0006175817255391491,6.1758172553914915e+26,1006.880356425571,0.0,94.73730757021144,21.991396257290386,0.0,42.64716792230949,0.006345213346252833,0.0,0.0005970207130831049,0.0001385865759958427,0.0,0.00026875624035528313,5323,2457,5720,0.182,0.4237037037037037,1,0,0
flow,0.3,1.5,0,registered,during_vibration,flow_dump_0.3_1.5.shear.wave,2164,216400,216.4,0.21639999999999998,158683.4518369953,1133.7853229964103,0.007144949960888617,7.144949960888617e+17,102,0.0006427891429080939,6.427891429080939e+26,942.0490039456093,0.0,110.6927621313632,33.16757093935003,3.8589541677449786,44.017031812342246,0.005936655606113939,0.0,0.0006975696636916516,0.00020901720094557066,2.4318567078494232e-05,0.0002773889230589586,5305,2470,5725,0.18296296296296297,0.42407407407407405,1,0,0
flow,0.3,1.5,0,registered,during_vibration,flow_dump_0.3_1.5.shear.wave,2165,216500,216.5,0.2165,158683.45183699526,1109.7477082973717,0.006993468414320482,6.993468414320481e+17,92,0.0005797705994857318,5.7977059948573184e+26,934.3371142356194,0.0,98.8506354802683,18.648198038324356,0.0,57.91176054315938,0.0058880564004581935,0.0,0.0006229423064341381,0.00011751822778269522,0.0,0.00036495147964545294,5333,2571,5596,0.19044444444444444,0.4145185185185185,1,0,0
flow,0.3,1.5,0,registered,during_vibration,flow_dump_0.3_1.5.shear.wave,2166,216600,216.6,0.2166,158683.45183699526,1159.8273346733042,0.0073090629252552195,7.309062925255219e+17,100,0.0006301854342236216,6.301854342236216e+26,943.7257067831013,5.745981163956626,102.82920619162293,34.84388034725162,0.0,72.6825601873724,0.005947221943171028,3.621033634848757e-05,0.0006480146795473822,0.00021958105866668677,0.0,0.0004580349075216379,5344,2555,5601,0.18925925925925927,0.41488888888888886,1,0,0
flow,0.3,1.5,0,registered,during_vibration,flow_dump_0.3_1.5.shear.wave,2167,216700,216.70000000000002,0.2167,158683.45183699526,1181.7163581381546,0.007447004362824497,7.447004362824497e+17,103,0.0006490909972503302,6.490909972503302e+26,941.405625887075,12.70790428394471,110.91442360731952,23.542615961471476,0.0,93.14578839834385,0.005932601131302066,8.008336179249918e-05,0.0006989665420264135,0.00014836213662439867,0.0,0.0005869911910791189,5316,2523,5661,0.18688888888888888,0.41933333333333334,1,0,0
flow,0.3,1.5,0,registered,during_vibration,flow_dump_0.3_1.5.shear.wave,2168,216800,216.8,0.2168,158683.4518369953,1205.6070069252144,0.007597559751622069,7.597559751622068e+17,97,0.0006112798711969128,6.1127987119691286e+26,962.5552462946808,7.119246082888461,135.04932433112248,8.449593503277287,0.0,92.43359671324507,0.006065882958504383,4.486445184089881e-05,0.000851061170952151,5.3248107508758876e-05,0.0,0.0005825030628158745,5331,2488,5681,0.1842962962962963,0.4208148148148148,1,0,0
flow,0.3,1.5,0,registered,during_vibration,flow_dump_0.3_1.5.shear.wave,2169,216900,216.9,0.21689999999999998,158683.45183699526,1168.8473132482159,0.0073659055164044035,7.365905516404403e+17,108,0.0006806002689615113,6.806002689615113e+26,935.7891733997485,0.0,113.30737693393391,34.415271607366435,0.0,85.33549130716746,0.005897207065806844,0.0,0.000714046585338507,0.00021688002881812093,0.0,0.0005377718364409341,5355,2540,5605,0.18814814814814815,0.4151851851851852,1,0,0
flow,0.3,1.5,0,registered,during_vibration,flow_dump_0.3_1.5.shear.wave,2170,217000,217.0,0.217,158683.45183699526,1117.4120672472905,0.007041768088049484,7.041768088049484e+17,99,0.0006238835798813854,6.238835798813854e+26,949.9722752869989,0.0,95.38624675248477,23.724760010550842,0.0,48.32878519725616,0.005986586908021392,0.0,0.0006011102332867613,0.00014950998189100194,0.0,0.0003045609648503301,5326,2454,5720,0.1817777777777778,0.4237037037037037,1,0,0
flow,0.3,1.5,0,registered,during_vibration,flow_dump_0.3_1.5.shear.wave,2171,217100,217.1,0.2171,158683.45183699526,1209.059213911668,0.00761931505720995,7.619315057209951e+17,100,0.0006301854342236216,6.301854342236216e+26,1009.2128094134524,0.0,119.57545478382593,30.146377580567208,0.0,50.12457213382184,0.0063599121252425755,0.0,0.0007535470989543237,0.00018997808045878996,0.0,0.0003158777525542576,5325,2509,5666,0.18585185185185185,0.4197037037037037,1,0,0
flow,0.3,1.5,0,registered,during_vibration,flow_dump_0.3_1.5.shear.wave,2172,217200,217.20000000000002,0.21719999999999998,158683.45183699526,1132.5028740612788,0.007136868154498065,7.136868154498065e+17,98,0.0006175817255391491,6.1758172553914915e+26,974.020023854214,0.0,89.46808629709359,9.696687124533174,0.0,59.318076785437476,0.0061381323167507005,0.0,0.0005638148481229038,6.110710986104539e-05,0.0,0.0003738138797634104,5359,2572,5569,0.19051851851851853,0.4125185185185185,1,0,0
flow,0.3,1.5,0,registered,during_vibration,flow_dump_0.3_1.5.shear.wave,2173,217300,217.3,0.2173,158683.45183699526,1197.9116853246103,0.0075490649557783986,7.549064955778399e+17,109,0.0006869021233037475,6.869021233037475e+26,975.6546680455335,17.682480580369017,99.58876868394826,11.585019975493138,0.0,93.40074803926642,0.006148433606345779,0.00011143241702690605,0.0006275939143688974,7.300710843745474e-05,0.0,0.0005885979095993618,5350,2544,5606,0.18844444444444444,0.4152592592592593,1,0,0
flow,0.3,1.5,0,registered,during_vibration,flow_dump_0.3_1.5.shear.wave,2174,217400,217.4,0.21739999999999998,158683.45183699526,1162.2521981006275,0.0073243440613740265,7.324344061374026e+17,94,0.0005923743081702043,5.9237430817020434e+26,982.6253260161195,8.237656036308923,99.84585270937352,11.90106712934581,0.0,59.64229620948013,0.00619236167754596,5.191250846226176e-05,0.0006292140204508432,7.49987915663126e-05,0.0,0.000375857063348651,5322,2490,5688,0.18444444444444444,0.42133333333333334,1,0,0
flow,0.3,1.5,0,registered,during_vibration,flow_dump_0.3_1.5.shear.wave,2175,217500,217.5,0.2175,158683.45183699526,1183.4174712377014,0.007457724529797511,7.457724529797512e+17,99,0.0006238835798813854,6.238835798813854e+26,970.5776784667661,8.896015593981339,108.94054998893586,20.793813167920064,0.0,74.20941402009767,0.006116439157523336,5.606139449953239e-05,0.000686527477993377,0.00013103958180390565,0.0,0.0004676569179773576,5337,2490,5673,0.18444444444444444,0.4202222222222222,1,0,0
flow,0.3,1.5,0,registered,during_vibration,flow_dump_0.3_1.5.shear.wave,2176,217600,217.6,0.2176,158683.45183699526,1228.3744644000333,0.007741036952371436,7.741036952371436e+17,103,0.0006490909972503302,6.490909972503302e+26,1037.9822192254935,0.0,107.74451632869841,16.631718695121677,0.0,66.01601015071935,0.00654121275539016,0.0,0.0006789902480781489,0.00010481066867770379,0.0,0.00041602328022542084,5358,2505,5637,0.18555555555555556,0.41755555555555557,1,0,0
flow,0.3,1.5,0,registered,during_vibration,flow_dump_0.3_1.5.shear.wave,2177,217700,217.70000000000002,0.21769999999999998,158683.45183699526,1123.3299617015748,0.007079061796913111,7.079061796913111e+17,96,0.0006049780168546768,6.049780168546768e+26,942.3272555459264,0.0,105.49449792920464,34.01114676732024,0.0,41.49706145912459,0.005938409107169633,0.0,0.0006648109598571877,0.0002143332929400703,0.0,0.0002615084369462274,5328,2460,5712,0.18222222222222223,0.4231111111111111,1,0,0
flow,0.3,1.5,0,registered,during_vibration,flow_dump_0.3_1.5.shear.wave,2178,217800,217.8,0.2178,158683.45183699526,1158.401821982719,0.007300079551916141,7.300079551916141e+17,98,0.0006175817255391491,6.1758172553914915e+26,983.1166807892762,0.0,105.26916683114267,16.55702984618526,0.0,53.458944516114784,0.006195458123756756,0.0,0.0006633909560984251,0.0001043399904307172,0.0,0.0003368904816302429,5335,2520,5645,0.18666666666666668,0.41814814814814816,1,0,0
flow,0.3,1.5,0,registered,during_vibration,flow_dump_0.3_1.5.shear.wave,2179,217900,217.9,0.21789999999999998,158683.4518369953,1140.8168027324173,0.007189261321995319,7.189261321995319e+17,100,0.0006301854342236215,6.301854342236214e+26,960.298411502966,6.6271388701437814,89.87880517707488,19.04521916730237,0.0,64.96722801493112,0.006051660714372506,4.176326386541799e-05,0.0005664031386801522,0.00012002019710830484,0.0,0.00040941400796894395,5374,2554,5572,0.18918518518518518,0.41274074074074074,1,0,0
flow,0.3,1.5,0,registered,during_vibration,flow_dump_0.3_1.5.shear.wave,2180,218000,218.0,0.218,158683.45183699526,1225.0166174862115,0.007719876290217004,7.719876290217004e+17,107,0.0006742984146192752,6.742984146192752e+26,1032.4616110115055,10.08779709806224,91.34771418762877,14.060986976822782,0.0,77.05850821219252,0.006506422686545055,6.357182794602143e-05,0.0005756599893066612,8.861029183601753e-05,0.0,0.00048561149458325054,5321,2518,5661,0.18651851851851853,0.41933333333333334,1,0,0
flow,0.3,1.5,0,registered,during_vibration,flow_dump_0.3_1.5.shear.wave,2181,218100,218.1,0.2181,158683.45183699526,1109.155114802904,0.00698973397643419,6.98973397643419e+17,92,0.0005797705994857318,5.7977059948573184e+26,892.7356565724502,5.525793827233152,114.64504086340514,19.4505874014842,0.0,76.79803613833143,0.005625890073840195,3.482274782445132e-05,0.0007224763485808981,0.00012257476867508823,0.0,0.0004839700375135577,5317,2476,5707,0.1834074074074074,0.42274074074074075,1,0,0
flow,0.3,1.5,0,registered,during_vibration,flow_dump_0.3_1.5.shear.wave,2182,218200,218.20000000000002,0.21819999999999998,158683.45183699526,1239.7737771068364,0.00781287376065131,7.812873760651311e+17,104,0.0006553928515925665,6.553928515925665e+26,1028.5607280448828,12.953218148221595,115.61961842293647,36.94613576228035,0.0,45.69407672851506,0.006481839890283289,8.162929403330321e-05,0.0007286179944062766,0.00023282916608237516,0.0,0.0002879574158460674,5350,2517,5633,0.18644444444444444,0.4172592592592593,1,0,0
flow,0.3,1.5,0,registered,during_vibration,flow_dump_0.3_1.5.shear.wave,2183,218300,218.3,0.2183,158683.4518369953,1174.6342062431015,0.007402373673152279,7.402373673152279e+17,99,0.0006238835798813853,6.238835798813853e+26,965.6594193886153,0.0,106.30705509589559,35.468385246068074,0.0,67.1993465125223,0.0060854450051954475,0.0,0.0006699315767664142,0.00022351659757504098,0.0,0.00042348049361537465,5339,2454,5707,0.1817777777777778,0.42274074074074075,1,0,0
flow,0.3,1.5,0,registered,during_vibration,flow_dump_0.3_1.5.shear.wave,2184,218400,218.4,0.21839999999999998,158683.45183699526,1188.3197029020978,0.007488617679698435,7.488617679698435e+17,102,0.000642789142908094,6.42789142908094e+26,1021.2649013671617,0.0,98.81550337109914,36.662101080488796,0.0,31.577197083348334,0.0064358626532540885,0.0,0.0006227209089994186,0.0002310392208895814,0.0,0.00019899489655534749,5307,2476,5717,0.1834074074074074,0.42348148148148146,1,0,0
flow,0.3,1.5,0,registered,during_vibration,flow_dump_0.3_1.5.shear.wave,2185,218500,218.5,0.2185,158683.45183699526,1111.0155273120433,0.00700145802508326,7.00145802508326e+17,91,0.0005734687451434957,5.734687451434957e+26,953.5507152646063,0.0,84.13398309095493,19.089034871604667,0.0,54.241794084876915,0.006009137715532709,0.0,0.0005302001066713627,0.00012029631729472042,0.0,0.00034182388558446426,5343,2556,5601,0.18933333333333333,0.41488888888888886,1,0,0
flow,0.3,1.5,0,registered,during_vibration,flow_dump_0.3_1.5.shear.wave,2186,218600,218.6,0.2186,158683.45183699526,1230.0885268259922,0.007751838724113329,7.751838724113329e+17,110,0.0006932039776459838,6.932039776459838e+26,1033.6992001238252,0.0,93.79870890228287,23.282779021769503,0.0,79.30783877811413,0.006514221792866431,0.0,0.0005911058009920021,0.0001467246820776644,0.0,0.0004997864481772283,5364,2559,5577,0.18955555555555556,0.4131111111111111,1,0,0
flow,0.3,1.5,0,registered,during_vibration,flow_dump_0.3_1.5.shear.wave,2187,218700,218.70000000000002,0.21869999999999998,158683.4518369953,1169.3147500945386,0.007368851235324122,7.368851235324122e+17,100,0.0006301854342236215,6.301854342236214e+26,950.5784591603224,11.649595094536279,103.09676753543549,15.338303861847454,0.0,88.65162444239684,0.005990406990495688,7.341405143179716e-05,0.0006497008121637018,9.665975679432188e-05,0.0,0.0005586696244386127,5319,2521,5660,0.18674074074074073,0.4192592592592593,1,0,0
flow,0.3,1.5,0,registered,during_vibration,flow_dump_0.3_1.5.shear.wave,2188,218800,218.8,0.2188,158683.45183699526,1140.116901710648,0.007184850647702148,7.184850647702148e+17,94,0.0005923743081702043,5.9237430817020434e+26,933.201753810298,5.429990358709734,113.76740256691704,13.564506791738117,0.0,74.15324818298527,0.005880901524431878,3.4219008320335725e-05,0.0007169455998712618,8.54815460258075e-05,0.0,0.00046730296905286546,5336,2497,5667,0.18496296296296297,0.4197777777777778,1,0,0
flow,0.3,1.5,0,registered,during_vibration,flow_dump_0.3_1.5.shear.wave,2189,218900,218.9,0.21889999999999998,158683.45183699526,1288.2491102236359,0.008118358249144761,8.118358249144762e+17,108,0.0006806002689615113,6.806002689615113e+26,1083.0044415672949,0.0,108.08709313236699,24.620750547080466,0.0,72.5368249768941,0.006824936242751965,0.0,0.0006811491171958972,0.00015515638374423373,0.0,0.00045711650545266847,5360,2538,5602,0.188,0.414962962962963,1,0,0
flow,0.3,1.5,0,registered,during_vibration,flow_dump_0.3_1.5.shear.wave,2190,219000,219.0,0.219,158683.45183699526,1111.9564258660378,0.007007387430721353,7.007387430721353e+17,99,0.0006238835798813854,6.238835798813854e+26,948.5199909421617,0.0,96.03001156534825,22.280985891408776,0.0,45.125437467119944,0.0059774348236167184,0.0,0.0006051671453680839,0.00014041152768907826,0.0,0.00028437393404747867,5328,2449,5723,0.1814074074074074,0.42392592592592593,1,0,0
flow,0.3,1.5,0,registered,during_vibration,flow_dump_0.3_1.5.shear.wave,2191,219100,219.1,0.2191,158683.4518369953,1113.003118467653,0.007013983535037827,7.013983535037827e+17,95,0.0005986761625124404,5.986761625124404e+26,950.914908827648,0.0,101.51760054164129,18.847181202973715,0.0,41.723427895389854,0.005992527247292668,0.0,0.0006397491317867436,0.00011877219070287268,0.0,0.00026293496525554215,5311,2492,5697,0.18459259259259259,0.422,1,0,0
flow,0.3,1.5,0,registered,during_vibration,flow_dump_0.3_1.5.shear.wave,2192,219200,219.20000000000002,0.21919999999999998,158683.45183699526,1083.1199691530069,0.006825664280769633,6.825664280769633e+17,85,0.0005356576190900784,5.356576190900784e+26,942.6578530865788,0.0,82.81855734029067,5.863500854262001,0.0,51.780057871875805,0.005940492484716725,0.0,0.0005219104851926497,3.6950928319136755e-05,0.0,0.0003263103825411231,5349,2579,5572,0.19103703703703703,0.41274074074074074,1,0,0
flow,0.3,1.5,0,registered,during_vibration,flow_dump_0.3_1.5.shear.wave,2193,219300,219.3,0.2193,158683.45183699526,1217.2220660890894,0.007670756162649266,7.670756162649266e+17,110,0.0006932039776459838,6.932039776459838e+26,1008.0947635591826,4.613089491202301,85.46951492014132,26.128273637315026,0.0,92.91642448124826,0.006352866363121027,2.9071018041257473e-05,0.0005386164337283156,0.00016465657467644974,0.0,0.0005855457730822177,5337,2537,5626,0.1879259259259259,0.41674074074074074,1,0,0
flow,0.3,1.5,0,registered,during_vibration,flow_dump_0.3_1.5.shear.wave,2194,219400,219.4,0.21939999999999998,158683.45183699526,1227.0154074810002,0.007732472373624882,7.732472373624882e+17,96,0.0006049780168546768,6.049780168546768e+26,1005.1795974670256,24.28405017619965,116.34830748162804,8.112354172423709,0.0,73.09109818372339,0.006334495411024827,0.0001530345470499659,0.0007332100867149321,5.1122874367246435e-05,0.0,0.00046060945446791085,5313,2506,5681,0.18562962962962962,0.4208148148148148,1,0,0
flow,0.3,1.5,0,registered,during_vibration,flow_dump_0.3_1.5.shear.wave,2195,219500,219.5,0.2195,158683.45183699526,1238.9605487957665,0.007807748914287966,7.807748914287967e+17,105,0.0006616947059348027,6.616947059348027e+26,1007.3248667493914,11.611116046120422,118.29586091392919,32.774979557107244,0.0,68.95372552921847,0.00634801458556717,7.317156207345258e-05,0.0007454832847690161,0.0002065431472386595,0.0,0.00043453633463966967,5360,2496,5644,0.18488888888888888,0.4180740740740741,1,0,0
flow,0.3,1.5,0,registered,during_vibration,flow_dump_0.3_1.5.shear.wave,2196,219600,219.6,0.2196,158683.45183699526,1159.9882888708282,0.007310077235163787,7.310077235163786e+17,102,0.000642789142908094,6.42789142908094e+26,977.4278422559224,0.0,110.19490803609733,22.37989874178745,0.0,49.985639837021154,0.00615960789194306,0.0,0.0006944322596996005,0.00014103486206474007,0.0,0.00031500222145638734,5352,2509,5639,0.18585185185185185,0.4177037037037037,1,0,0
flow,0.3,1.5,0,registered,during_vibration,flow_dump_0.3_1.5.shear.wave,2197,219700,219.70000000000002,0.21969999999999998,158683.45183699526,1190.7215187825357,0.007503753573533825,7.503753573533825e+17,102,0.000642789142908094,6.42789142908094e+26,969.4586110579932,0.0,114.41044571573534,31.535097092659296,0.0,75.31736491614784,0.006109386957714105,0.0,0.0007209979641308876,0.00019872958854621564,0.0,0.00047463906314261587,5321,2463,5716,0.18244444444444444,0.4234074074074074,1,0,0
flow,0.3,1.5,0,registered,during_vibration,flow_dump_0.3_1.5.shear.wave,2198,219800,219.8,0.2198,158683.4518369953,1152.8813078650203,0.007265290076052144,7.265290076052145e+17,99,0.0006238835798813853,6.238835798813853e+26,954.5616988083814,0.0,99.20563200874565,28.341849671025535,0.0,70.77212737686781,0.006015508786567976,0.0,0.0006251794428486018,0.0001786062084163583,0.0,0.00044599563821920896,5338,2524,5638,0.18696296296296297,0.41762962962962963,1,0,0
flow,0.3,1.5,0,registered,during_vibration,flow_dump_0.3_1.5.shear.wave,2199,219900,219.9,0.21989999999999998,158683.45183699526,1141.4125191007556,0.007193015439777874,7.193015439777874e+17,97,0.000611279871196913,6.112798711969129e+26,964.286870447583,8.214529422256668,89.69147851700869,12.052106897910395,0.0,67.1675338159965,0.006076795401691473,5.1766767909075336e-05,0.0005652226333539975,7.595062218769167e-05,0.0,0.0004232800146356355,5378,2562,5560,0.18977777777777777,0.41185185185185186,1,0,0
flow,0.3,1.5,0,registered,during_vibration,flow_dump_0.3_1.5.shear.wave,2200,220000,220.0,0.22,158683.45183699526,1285.9276660182657,0.00810372884589889,8.10372884589889e+17,108,0.0006806002689615113,6.806002689615113e+26,1039.007248053363,13.809909322377015,110.3411373158156,38.64491795896866,0.0,84.1244533677418,0.006547672337759986,8.702803702911e-05,0.0006953537753209551,0.000243534644045089,0.0,0.0005301400517437517,5320,2529,5651,0.18733333333333332,0.41859259259259257,1,0,0
flow,0.3,1.5,0,registered,after_removal,flow_dump_0.3_1.5.shear.wave,2240,224000,224.0,0.22399999999999998,158683.4518369953,1283.633496562552,0.008089271324152573,8.089271324152573e+17,117,0.0007373169580416371,7.373169580416371e+26,1089.672562280688,19.641449574708798,90.44581191448518,37.48229429442167,0.0,46.39137849824866,0.006866957768224216,0.0001237775542901923,0.0005699763325503784,0.0002362079590562769,0.0,0.0002923517100315121,5374,2664,5462,0.19733333333333333,0.4045925925925926,0,0,0
flow,0.3,1.5,0,registered,after_removal,flow_dump_0.3_1.5.shear.wave,2245,224500,224.5,0.22449999999999998,158683.45183699526,1274.0064897860207,0.008028603329695154,8.028603329695154e+17,113,0.0007121095406726924,7.121095406726925e+26,1044.7969775633012,18.278166673894464,80.82582055600422,40.21160209850202,0.0,89.8939228943187,0.006584158369812564,0.00011518634402199913,0.0005093525482356603,0.0002534076592927199,0.0,0.00056649840833221,5312,2640,5548,0.19555555555555557,0.410962962962963,0,0,0
flow,0.3,1.5,0,registered,after_removal,flow_dump_0.3_1.5.shear.wave,2250,225000,225.0,0.22499999999999998,158683.45183699526,1346.3428264311187,0.008484456386883525,8.484456386883525e+17,109,0.0006869021233037475,6.869021233037475e+26,1020.8960102511458,9.968305155215827,98.26380178646916,46.50217705585895,0.0,170.712532182429,0.006433537955172811,6.281880712713251e-05,0.0006192441659726995,0.00029304994640290204,0.0,0.0010758055122079798,5293,2669,5538,0.19770370370370371,0.4102222222222222,0,0,0
flow,0.3,1.5,0,registered,after_removal,flow_dump_0.3_1.5.shear.wave,2255,225500,225.5,0.22549999999999998,158683.4518369953,1356.8321856673963,0.008550558800933935,8.550558800933935e+17,116,0.000731015103699401,7.31015103699401e+26,1186.147941923825,9.904386388404305,66.80070716295803,31.988300497206087,0.0,61.99084969500319,0.007474931558347207,6.241600036895093e-05,0.0004209683264993369,0.00020158561038907503,0.0,0.0003906573053293684,5228,2708,5564,0.2005925925925926,0.41214814814814815,0,0,0
flow,0.3,1.5,0,registered,after_removal,flow_dump_0.3_1.5.shear.wave,2260,226000,226.0,0.22599999999999998,158683.45183699526,1362.489366631242,0.008586209531355764,8.586209531355764e+17,119,0.0007499206667261097,7.499206667261097e+26,1124.3896531924254,3.790292527909954,90.72320231984767,36.111679862534416,0.0,107.47453872852414,0.007085739818336159,2.388587142535483e-05,0.0005717244064809068,0.00022757054654715662,0.0,0.0006772888885661842,5153,2792,5555,0.2068148148148148,0.4114814814814815,0,0,0
flow,0.3,1.5,0,registered,after_removal,flow_dump_0.3_1.5.shear.wave,2265,226500,226.5,0.22649999999999998,158683.45183699526,1407.7600369237205,0.008871498701514364,8.871498701514364e+17,117,0.0007373169580416372,7.373169580416372e+26,1178.3107667281633,11.482489756299,65.43267387288209,63.665546722937385,0.0,88.86855984343845,0.007425542821809561,7.236097793041572e-05,0.0004123471799699482,0.00040121100206678566,0.0,0.0005600367197376516,5142,2774,5584,0.2054814814814815,0.4136296296296296,0,0,0
flow,0.3,1.5,0,registered,after_removal,flow_dump_0.3_1.5.shear.wave,2270,227000,227.0,0.22699999999999998,158683.45183699526,1350.2973391142898,0.008509377149807396,8.509377149807396e+17,108,0.0006806002689615113,6.806002689615113e+26,1159.723514691026,14.603399903763084,63.928007008987706,60.76368824213722,0.0,51.278729268376125,0.007308408666849088,9.202849909494133e-05,0.0004028649885600964,0.00038292391259900013,0.0,0.0003231510827042714,5124,2774,5602,0.2054814814814815,0.414962962962963,0,0,0
flow,0.3,1.5,0,registered,after_removal,flow_dump_0.3_1.5.shear.wave,2275,227500,227.5,0.22749999999999998,158683.45183699526,1464.761068521285,0.00923071089999942,9.23071089999942e+17,120,0.0007562225210683459,7.56222521068346e+26,1245.4600419107078,26.77123983702906,74.69940165095775,56.09564193251458,0.0,61.73474319007671,0.007848707773196694,0.00016870845401402876,0.0004707447486565353,0.000353506564692945,0.0,0.0003890433594392226,5109,2776,5615,0.20562962962962963,0.4159259259259259,0,0,0
flow,0.3,1.5,0,registered,after_removal,flow_dump_0.3_1.5.shear.wave,2280,228000,228.0,0.22799999999999998,158683.45183699526,1470.8655579862002,0.00926918050344103,9.26918050344103e+17,121,0.0007625243754105822,7.625243754105822e+26,1135.8678504118059,11.408386652499143,48.857665648522655,50.180828554780746,0.0,224.55082671859145,0.007158073745324156,7.189399096396141e-05,0.0003078938924186677,0.00031623227232495615,0.0,0.0014150866024092877,5069,2748,5683,0.20355555555555555,0.420962962962963,0,0,0
flow,0.3,1.5,0,registered,after_removal,flow_dump_0.3_1.5.shear.wave,2285,228500,228.5,0.22849999999999998,158683.45183699526,1361.986535775475,0.008583040764543939,8.583040764543939e+17,107,0.0006742984146192752,6.742984146192752e+26,1180.210591118403,20.62189018505405,37.82305235684018,52.06110921966649,0.0,71.26989289551153,0.007437515238392679,0.00012995614820780126,0.00023835536673158102,0.00032808152719758916,0.0,0.0004491324840142894,5084,2707,5709,0.2005185185185185,0.42288888888888887,0,0,0
flow,0.3,1.5,0,registered,after_removal,flow_dump_0.3_1.5.shear.wave,2290,229000,229.0,0.22899999999999998,158683.45183699526,1453.1039282527558,0.009157249299980132,9.157249299980132e+17,116,0.0007310151036994011,7.310151036994011e+26,1227.3567956079366,19.66077679923149,79.72749620170656,49.17950866012217,0.0,77.17935098375898,0.007734623751875004,0.00012389935164397402,0.0005024310681343458,0.0003099221001988345,0.0,0.0004863730281279745,5025,2725,5750,0.20185185185185187,0.42592592592592593,0,0,0
flow,0.3,1.5,0,registered,after_removal,flow_dump_0.3_1.5.shear.wave,2295,229500,229.5,0.22949999999999998,158683.45183699526,1411.156763976077,0.008892904380638647,8.892904380638647e+17,112,0.0007058076863304561,7.058076863304562e+26,1135.62012220576,19.263206194051012,41.716474487078436,69.03341406674106,0.0,145.52354702244642,0.007156512598253191,0.00012139391959937195,0.00026289114588918155,0.0004350385201958828,0.0,0.0009170681967010201,5007,2726,5767,0.20192592592592593,0.42718518518518517,0,0,0
flow,0.3,1.5,0,registered,after_removal,flow_dump_0.3_1.5.shear.wave,2300,230000,230.0,0.22999999999999998,158683.45183699526,1448.3577419572712,0.00912733952526487,9.127339525264869e+17,122,0.0007688262297528183,7.688262297528184e+26,1265.3592000148074,12.47472137418996,54.77226322803756,46.864002751106504,0.0,68.88755458912914,0.007974109369101859,7.861387706012593e-05,0.0003451668248577135,0.0002953301192316305,0.0,0.0004341193350135378,5031,2685,5784,0.1988888888888889,0.42844444444444446,0,0,0
