region,amplitude_A,frequency_THz,is_baseline,coordinate_treatment,analysis_stage,filename,frame,timestep,time_ps,strain_xy,cell_volume_A3,total_line_length_A,dislocation_density_A-2,dislocation_density_m-2,segment_count,segment_number_density_A-3,segment_number_density_m-3,shockley_length_A,perfect_length_A,stair_rod_length_A,hirth_length_A,frank_length_A,other_length_A,shockley_density_A-2,perfect_density_A-2,stair_rod_density_A-2,hirth_density_A-2,frank_density_A-2,other_density_A-2,fcc_count,hcp_count,other_atom_count,hcp_fraction,other_atom_fraction,coherent_correction_applied,has_PE,has_KE
flow,0.1,1.0,0,registered,before,flow_dump_0.1_1.0.shear.wave,1850,185000,185.0,0.185,158683.45183699526,1441.826292300768,0.00908617928088594,9.086179280885939e+17,126,0.0007940336471217632,7.940336471217631e+26,1167.4654380944578,4.603785611908546,121.82863208346481,44.556678307427724,0.0,103.37175820350976,0.007357197140466265,2.9012386349130486e-05,0.0007677462941038811,0.00028078969666728564,0.0,0.0006514337632993802,5939,3062,4499,0.2268148148148148,0.33325925925925926,0,0,0
flow,0.1,1.0,0,registered,before,flow_dump_0.1_1.0.shear.wave,1855,185500,185.5,0.1855,158683.45183699526,1437.2295380341995,0.009057211205050972,9.057211205050972e+17,125,0.000787731792779527,7.87731792779527e+26,1161.7754451855296,6.342864394528773,133.7958539195755,24.720090279973533,0.0,110.59528425459212,0.0073213396339458425,3.997180752687663e-05,0.0008431619829962794,0.0001557824082713225,0.0,0.0006969553723106499,5928,3069,4503,0.22733333333333333,0.33355555555555555,0,0,0
flow,0.1,1.0,0,registered,before,flow_dump_0.1_1.0.shear.wave,1860,186000,186.0,0.186,158683.45183699526,4975.515810919432,0.03135497591790757,3.135497591790757e+18,135,0.0008507503362018892,8.507503362018892e+26,3685.6746195561204,0.0,448.83295727585386,257.259246710078,0.0,583.7489873773791,0.02322658460531955,0.0,0.0028284799207475616,0.001621210300960323,0.0,0.00367870109088013,5915,3025,4560,0.22407407407407406,0.3377777777777778,0,0,0
flow,0.1,1.0,0,registered,before,flow_dump_0.1_1.0.shear.wave,1865,186500,186.5,0.1865,158683.45183699526,1704.3169668455046,0.0107403572780622,1.07403572780622e+18,122,0.0007688262297528183,7.688262297528184e+26,1352.8907364199413,0.0,161.42633713868145,67.77793029904024,0.0,122.22196298784144,0.008525720361879159,0.0,0.001017285263648687,0.0004271266443627903,0.0,0.0007702250081715626,5911,3021,4568,0.22377777777777777,0.3383703703703704,0,0,0
flow,0.1,1.0,0,registered,before,flow_dump_0.1_1.0.shear.wave,1870,187000,187.0,0.187,158683.45183699526,1550.0191724865495,0.009767995052683748,9.767995052683748e+17,129,0.0008129392101484719,8.129392101484719e+26,1208.4069916005535,6.442923376896207,156.38005819092385,52.4617493373733,0.0,126.32744998080318,0.007615204847206551,4.0602364659388584e-05,0.0009854843487496255,0.00033060630286303386,0.0,0.0007960971892051529,5916,3027,4557,0.2242222222222222,0.33755555555555555,0,0,0
flow,0.1,1.0,0,registered,before,flow_dump_0.1_1.0.shear.wave,1875,187500,187.5,0.1875,158683.45183699526,1536.1960074072153,0.009680883479805098,9.680883479805098e+17,131,0.0008255429188329443,8.255429188329443e+26,1202.2306791004264,7.870538299511893,144.28804290422232,62.24720794551858,0.0,119.55953915753562,0.007576282625458617,4.959898595851547e-05,0.0009092822297087389,0.000392272837683547,0.0,0.0007534468009956768,5888,3011,4601,0.22303703703703703,0.3408148148148148,0,0,0
flow,0.1,1.0,0,registered,before,flow_dump_0.1_1.0.shear.wave,1880,188000,188.0,0.188,158683.45183699526,1497.927042607647,0.009439718037810053,9.439718037810053e+17,126,0.0007940336471217632,7.940336471217631e+26,1221.3909315814399,5.9249625163137605,139.40151732368602,37.20419762059687,0.0,94.00543356561074,0.007697027745754433,3.733825076101869e-05,0.0008784880572605878,0.00023445543432477268,0.0,0.0005924085497092422,5867,2993,4640,0.2217037037037037,0.3437037037037037,0,0,0
flow,0.1,1.0,0,registered,before,flow_dump_0.1_1.0.shear.wave,1885,188500,188.5,0.1885,158683.45183699526,1533.7373097756965,0.009665389125459665,9.665389125459665e+17,128,0.0008066373558062356,8.066373558062357e+26,1190.2230546991996,5.014848463179432,151.90362676925645,28.928189075994343,0.0,157.66759076806719,0.007500612325485804,3.160284456334392e-05,0.0009572745299572682,0.0001823012339415852,0.0,0.0009935981915116668,5835,3005,4660,0.2225925925925926,0.3451851851851852,0,0,0
flow,0.1,1.0,0,registered,before,flow_dump_0.1_1.0.shear.wave,1890,189000,189.0,0.189,158683.4518369953,1488.4590490642256,0.009380052121586177,9.380052121586177e+17,121,0.000762524375410582,7.62524375410582e+26,1203.1402573759274,0.0,167.0499310768173,9.040746322285841,0.0,109.22811428919475,0.007582014655263685,0.0,0.0010527243335267016,5.697346646815312e-05,0.0,0.0006883396663276355,5870,3010,4620,0.22296296296296297,0.3422222222222222,0,0,0
flow,0.1,1.0,0,registered,before,flow_dump_0.1_1.0.shear.wave,1895,189500,189.5,0.1895,158683.45183699526,1497.1161961776575,0.009434608201714337,9.434608201714337e+17,129,0.0008129392101484719,8.129392101484719e+26,1212.6033220505008,10.534191187355,132.72377370722762,30.244553758185795,0.0,111.0103554743877,0.007641649510474009,6.638493847597959e-05,0.0008364058896548693,0.0001905967724300198,0.0,0.000699571090679456,5912,3016,4572,0.22340740740740742,0.33866666666666667,0,0,0
flow,0.1,1.0,0,registered,before,flow_dump_0.1_1.0.shear.wave,1900,190000,190.0,0.19,158683.45183699526,1501.7487813824728,0.009463802078903082,9.463802078903082e+17,126,0.0007940336471217632,7.940336471217631e+26,1205.5387239756446,11.467998671675558,139.27213712580374,44.83362218934846,0.0,100.63629942000073,0.007597129442419823,7.226965722585777e-05,0.0008776727220987639,0.00028253495667212355,0.0,0.0006341953004865156,5911,3054,4535,0.2262222222222222,0.3359259259259259,0,0,0
flow,0.1,1.0,0,registered,during_vibration,flow_dump_0.1_1.0.shear.wave,1910,191000,191.0,0.191,158683.45183699526,1336.922864814429,0.00842509316086569,8.425093160865691e+17,117,0.0007373169580416372,7.373169580416372e+26,1095.2462755931697,0.0,124.612992308987,36.19868386898254,0.0,80.86491304328972,0.006902082497664859,0.0,0.0007852929266814379,0.0002281188331229837,0.0,0.0005095989033964093,5432,2776,5292,0.20562962962962963,0.392,1,0,0
flow,0.1,1.0,0,registered,during_vibration,flow_dump_0.1_1.0.shear.wave,1911,191100,191.1,0.1911,158683.45183699526,1426.2760266985,0.008988183772077359,8.988183772077359e+17,113,0.0007121095406726924,7.121095406726925e+26,1144.6270253345951,20.600574704255397,147.35575054943453,24.206146226697804,0.0,89.48652988351712,0.0072132727898457415,0.00012982182115257342,0.0009286144764534307,0.00015254360770752034,0.0,0.0005639310769180933,5441,2778,5281,0.20577777777777778,0.3911851851851852,1,0,0
flow,0.1,1.0,0,registered,during_vibration,flow_dump_0.1_1.0.shear.wave,1912,191200,191.20000000000002,0.19119999999999998,158683.45183699526,1328.1988773428413,0.008370115862536252,8.370115862536252e+17,113,0.0007121095406726924,7.121095406726925e+26,1044.2479392585442,17.776554933324817,174.53267971436014,20.14108641409681,0.0,71.5006170225152,0.006580698410387677,0.00011202525989657362,0.0010998795255200632,0.00012692619287603085,0.0,0.0004505864738559061,5450,2784,5266,0.20622222222222222,0.3900740740740741,1,0,0
flow,0.1,1.0,0,registered,during_vibration,flow_dump_0.1_1.0.shear.wave,1913,191300,191.3,0.1913,158683.45183699526,1335.9269466182636,0.008418817029456674,8.418817029456673e+17,105,0.0006616947059348027,6.616947059348027e+26,1052.0895375420396,18.266128316452594,156.90478819162115,27.72163046090321,0.0,80.94486210724678,0.006630115020580594,0.00011511048004688068,0.0009887911207830215,0.00017469767729391065,0.0,0.0005101027307522648,5436,2794,5270,0.20696296296296296,0.39037037037037037,1,0,0
flow,0.1,1.0,0,registered,during_vibration,flow_dump_0.1_1.0.shear.wave,1914,191400,191.4,0.1914,158683.45183699526,1357.9401836092536,0.00855754124257502,8.55754124257502e+17,113,0.0007121095406726924,7.121095406726925e+26,1065.331061123269,20.92894958040426,140.35640651035982,28.42541746585106,0.0,102.89834892937017,0.006713561173458788,0.00013189119179171343,0.0008845056298279825,0.00017913284048705068,0.0,0.0006484504070094887,5447,2812,5241,0.20829629629629628,0.38822222222222225,1,0,0
flow,0.1,1.0,0,registered,during_vibration,flow_dump_0.1_1.0.shear.wave,1915,191500,191.5,0.1915,158683.45183699526,1265.6420578787988,0.007975891898160288,7.975891898160288e+17,107,0.0006742984146192752,6.742984146192752e+26,1022.4027811584867,13.76345006419593,116.3350043204094,22.333918396608993,0.0,90.8069039390979,0.006443033405957994,8.673525755120445e-05,0.0007331262521306409,0.00014074510062681968,0.0,0.000572251881893631,5458,2802,5240,0.20755555555555555,0.38814814814814813,1,0,0
flow,0.1,1.0,0,registered,during_vibration,flow_dump_0.1_1.0.shear.wave,1916,191600,191.6,0.1916,158683.4518369953,1244.9212209891725,0.007845312202232627,7.845312202232627e+17,105,0.0006616947059348026,6.616947059348026e+26,975.4234669873498,29.27488265873149,122.7382728219517,22.687520383482827,0.0,94.79707813765735,0.006146976610953333,0.0001844860464013827,0.0007734787175415895,0.0001429734488432239,0.0,0.0005973973784931017,5474,2798,5228,0.20725925925925925,0.38725925925925925,1,0,0
flow,0.1,1.0,0,registered,during_vibration,flow_dump_0.1_1.0.shear.wave,1917,191700,191.70000000000002,0.19169999999999998,158683.45183699526,1264.6281966504548,0.007969502692376024,7.969502692376024e+17,107,0.0006742984146192752,6.742984146192752e+26,1031.0487821912366,15.00908341202425,109.29241689931125,28.416686271881538,0.0,80.8612278760015,0.006497519245109207,9.458505747305057e-05,0.0006887448920104154,0.00017907781777442094,0.0,0.0005095756800089322,5459,2799,5242,0.20733333333333334,0.3882962962962963,1,0,0
flow,0.1,1.0,0,registered,during_vibration,flow_dump_0.1_1.0.shear.wave,1918,191800,191.8,0.1918,158683.45183699526,1364.5292775542787,0.008599064752863877,8.599064752863877e+17,119,0.0007499206667261097,7.499206667261097e+26,1100.4758811855086,16.76915598981662,131.15186816078992,28.139054720178308,0.0,87.99331749798564,0.0069350387103751234,0.00010567677849006233,0.0008264999698614656,0.00017732822417477817,0.0,0.0005545210699624509,5456,2805,5239,0.20777777777777778,0.38807407407407407,1,0,0
flow,0.1,1.0,0,registered,during_vibration,flow_dump_0.1_1.0.shear.wave,1919,191900,191.9,0.1919,158683.45183699526,1276.3853186004237,0.008043594362388636,8.043594362388636e+17,113,0.0007121095406726924,7.121095406726925e+26,1014.0741761980963,24.935233400416628,119.1183394392481,24.513085149243093,0.0,93.74448441341903,0.006390547750623587,0.00015713820887908905,0.0007506664246351932,0.00015447789208936368,0.0,0.0005907640861614,5450,2794,5256,0.20696296296296296,0.3893333333333333,1,0,0
flow,0.1,1.0,0,registered,during_vibration,flow_dump_0.1_1.0.shear.wave,1920,192000,192.0,0.192,158683.4518369953,1395.0405359066342,0.008791342258798759,8.79134225879876e+17,113,0.0007121095406726923,7.121095406726924e+26,1119.9171487989445,13.385228506871119,137.81812135577323,30.041921852582995,0.0,93.87811539246155,0.007057554747103429,8.435176038784972e-05,0.0008685097265047171,0.00018931981567582118,0.0,0.0005916062091269363,5434,2775,5291,0.20555555555555555,0.3919259259259259,1,0,0
flow,0.1,1.0,0,registered,during_vibration,flow_dump_0.1_1.0.shear.wave,1921,192100,192.1,0.1921,158683.45183699526,1353.3968336329629,0.008528909712798632,8.528909712798632e+17,111,0.00069950583198822,6.995058319882199e+26,1104.8980647973985,0.0,133.20143487372258,31.110454932557044,0.0,84.18687902928475,0.006962906667371878,0.0,0.0008394160407510632,0.00019605355550567872,0.0,0.0005305334491700132,5431,2767,5302,0.20496296296296296,0.3927407407407407,1,0,0
flow,0.1,1.0,0,registered,during_vibration,flow_dump_0.1_1.0.shear.wave,1922,192200,192.20000000000002,0.19219999999999998,158683.45183699526,1339.574616787473,0.008441804115551552,8.441804115551552e+17,108,0.0006806002689615113,6.806002689615113e+26,1075.8780964756102,6.031727733443352,130.38532333101045,10.444573315251423,0.0,116.83489593215745,0.0067800270539916585,3.80110696081866e-05,0.0008216693159974012,6.582017969952169e-05,0.0,0.0007362764962547828,5439,2775,5286,0.20555555555555555,0.39155555555555555,1,0,0
flow,0.1,1.0,0,registered,during_vibration,flow_dump_0.1_1.0.shear.wave,1923,192300,192.3,0.1923,158683.45183699526,1224.2062678409684,0.007714769584786399,7.714769584786399e+17,102,0.000642789142908094,6.42789142908094e+26,1003.8351602614506,8.596576263571375,115.6042853255089,25.72569896209061,0.0,70.44454702834675,0.00632602296358301,5.417437145495206e-05,0.0007285213674596727,0.00016211960771131244,0.0,0.0004439312745774503,5432,2786,5282,0.20637037037037037,0.39125925925925925,1,0,0
flow,0.1,1.0,0,registered,during_vibration,flow_dump_0.1_1.0.shear.wave,1924,192400,192.4,0.1924,158683.4518369953,1341.8784552569716,0.008456322570014371,8.456322570014372e+17,103,0.0006490909972503301,6.490909972503302e+26,1081.0351979576556,9.379915897987761,151.9453374716936,24.58623448650453,0.0,74.93176944313011,0.006812526356359638,5.9110863731544676e-05,0.0009575373847285393,0.00015493886855801633,0.0,0.00047220909663663236,5462,2790,5248,0.20666666666666667,0.3887407407407407,1,0,0
flow,0.1,1.0,0,registered,during_vibration,flow_dump_0.1_1.0.shear.wave,1925,192500,192.5,0.1925,158683.45183699526,1224.9417584962696,0.007719404539766182,7.719404539766182e+17,101,0.0006364872885658578,6.364872885658577e+26,1012.3227233886118,9.342686479159914,100.274988861729,25.04371182374699,0.0,77.95764794302202,0.006379510350130915,5.887624935684549e-05,0.0006319183739759751,0.00015782182410219243,0.0,0.0004912777422002556,5459,2798,5243,0.20725925925925925,0.38837037037037037,1,0,0
flow,0.1,1.0,0,registered,during_vibration,flow_dump_0.1_1.0.shear.wave,1926,192600,192.6,0.1926,158683.45183699526,1278.6638779098364,0.0080579535112667,8.057953511266701e+17,109,0.0006869021233037475,6.869021233037475e+26,1016.3186253504015,23.467811934029466,116.91360611012836,20.567394823254542,0.0,101.39643969202292,0.006404691942259969,0.0001478907325392465,0.0007367725163316069,0.0001296127263754133,0.0,0.0006389855937604672,5432,2789,5279,0.2065925925925926,0.391037037037037,1,0,0
flow,0.1,1.0,0,registered,during_vibration,flow_dump_0.1_1.0.shear.wave,1927,192700,192.70000000000002,0.19269999999999998,158683.45183699526,1305.7723449936043,0.00822878712226991,8.228787122269911e+17,107,0.0006742984146192752,6.742984146192752e+26,1058.3008496305386,23.641493849412313,114.93619415855022,46.79650028343583,0.0,62.097307071667316,0.006669257804636486,0.0001489852506718698,0.0007243111542381645,0.0002949047285126284,0.0,0.00039132818421076234,5426,2798,5276,0.20725925925925925,0.39081481481481484,1,0,0
flow,0.1,1.0,0,registered,during_vibration,flow_dump_0.1_1.0.shear.wave,1928,192800,192.8,0.1928,158683.45183699526,1341.9324541634276,0.008456662863257499,8.456662863257499e+17,115,0.0007247132493571648,7.247132493571648e+26,1113.091787143078,22.386259395758756,133.77841138936415,21.88533328459111,0.0,50.79066295063559,0.0070145423121150755,0.00014107494597958862,0.0008430520627115273,0.00013791818259078727,0.0,0.000320075359860519,5436,2791,5273,0.20674074074074075,0.3905925925925926,1,0,0
flow,0.1,1.0,0,registered,during_vibration,flow_dump_0.1_1.0.shear.wave,1929,192900,192.9,0.1929,158683.45183699526,1299.9377654555547,0.00819201845187293,8.19201845187293e+17,118,0.0007436188123838735,7.436188123838735e+26,1053.6210163128706,13.340436027624744,132.66916352881856,32.357955509636604,0.0,67.94919407660426,0.006639766176722598,8.406948470801145e-05,0.0008360617442649318,0.00020391512243428972,0.0,0.0004282059237430999,5461,2798,5241,0.20725925925925925,0.38822222222222225,1,0,0
flow,0.1,1.0,0,registered,during_vibration,flow_dump_0.1_1.0.shear.wave,1930,193000,193.0,0.193,158683.45183699526,1301.2969571451408,0.008200583879923881,8.200583879923881e+17,114,0.0007184113950149286,7.184113950149286e+26,1076.2248602116988,21.435458295017522,133.19946165862646,25.345761855024694,0.0,45.09141512477326,0.006782212308547659,0.0001350831359342795,0.0008394036058369416,0.00015972529940337242,0.0,0.0002841595302016282,5455,2779,5266,0.20585185185185184,0.3900740740740741,1,0,0
flow,0.1,1.0,0,registered,during_vibration,flow_dump_0.1_1.0.shear.wave,1931,193100,193.1,0.1931,158683.45183699526,1317.5559327135818,0.008303045575710172,8.303045575710172e+17,107,0.0006742984146192752,6.742984146192752e+26,1070.4745398923149,20.788531080816817,137.57991879703584,19.31676874243189,0.0,69.39617420098233,0.0067459746274737,0.000131006294860358,0.0008670086086756063,0.00012173146297746721,0.0,0.0004373245817230414,5442,2785,5273,0.20629629629629628,0.3905925925925926,1,0,0
flow,0.1,1.0,0,registered,during_vibration,flow_dump_0.1_1.0.shear.wave,1932,193200,193.20000000000002,0.19319999999999998,158683.45183699526,1366.475675601671,0.008611330669850557,8.611330669850557e+17,103,0.0006490909972503302,6.490909972503302e+26,1103.7160786250352,11.685833252132841,147.25454505258102,23.094614031821244,0.0,80.72460464010071,0.0069554579626791065,7.36424190226017e-05,0.0009279766941536262,0.00014553889371870214,0.0,0.0005087147002765204,5438,2780,5282,0.20592592592592593,0.39125925925925925,1,0,0
flow,0.1,1.0,0,registered,during_vibration,flow_dump_0.1_1.0.shear.wave,1933,193300,193.3,0.1933,158683.45183699526,1329.7699155598596,0.008380016316545988,8.380016316545988e+17,106,0.0006679965602770389,6.679965602770389e+26,1075.925386159573,21.487785847561735,125.70234848351029,25.635137169971443,0.0,81.01925789924292,0.006780325066691882,0.00013541289654849884,0.0007921578906200993,0.00016154890048840557,0.0,0.0005105715621970998,5431,2802,5267,0.20755555555555555,0.39014814814814813,1,0,0
flow,0.1,1.0,0,registered,during_vibration,flow_dump_0.1_1.0.shear.wave,1934,193400,193.4,0.1934,158683.45183699526,1265.8893495831878,0.007977450294461392,7.977450294461391e+17,108,0.0006806002689615113,6.806002689615113e+26,1044.994376220446,4.84619757205037,116.1035058821522,22.872017374453584,0.0,77.07325253408557,0.006585402347397243,3.054003121276023e-05,0.000731667382692289,0.0001441361220069025,0.0,0.00048570441115219557,5455,2796,5249,0.2071111111111111,0.38881481481481484,1,0,0
flow,0.1,1.0,0,registered,during_vibration,flow_dump_0.1_1.0.shear.wave,1935,193500,193.5,0.19349999999999998,158683.4518369953,1288.2129119252372,0.008118130132740814,8.118130132740814e+17,107,0.0006742984146192749,6.742984146192749e+26,1065.7710632999595,21.152799191877648,110.60582697631921,16.691078252084303,0.0,73.99214420499639,0.006716334003086557,0.00013330185943778486,0.0006970218110073446,0.00010518474395950191,0.0,0.0004662877152496247,5427,2803,5270,0.20762962962962964,0.39037037037037037,1,0,0
flow,0.1,1.0,0,registered,during_vibration,flow_dump_0.1_1.0.shear.wave,1936,193600,193.6,0.1936,158683.45183699526,1258.0576318227581,0.00792809594988566,7.928095949885659e+17,107,0.0006742984146192752,6.742984146192752e+26,1016.1200720194818,34.63368691664085,99.40993888351635,22.6536703894656,0.0,85.24026361365287,0.0064034406880893475,0.00021825645028328275,0.0006264669550145244,0.00014276013111144177,0.0,0.0005371717253870581,5422,2799,5279,0.20733333333333334,0.391037037037037,1,0,0
flow,0.1,1.0,0,registered,during_vibration,flow_dump_0.1_1.0.shear.wave,1937,193700,193.70000000000002,0.19369999999999998,158683.45183699526,1299.7095101625102,0.00819058002026332,8.19058002026332e+17,108,0.0006806002689615113,6.806002689615113e+26,1067.170591364252,13.189119566980574,121.49743599385168,23.99515808660705,0.0,73.8572051508182,0.006725153625095602,8.311591041344917e-05,0.0007656591445884209,0.00015121399118072908,0.0,0.0004654373489851147,5428,2802,5270,0.20755555555555555,0.39037037037037037,1,0,0
flow,0.1,1.0,0,registered,during_vibration,flow_dump_0.1_1.0.shear.wave,1938,193800,193.8,0.1938,158683.45183699526,1321.9603808609795,0.008330801766393005,8.330801766393005e+17,120,0.0007562225210683459,7.56222521068346e+26,1066.5327056219492,17.16790007180774,114.43700497428367,30.908549864849185,0.0,92.91422032808993,0.00672113376206062,0.00010818960561459906,0.000721165336709697,0.00019478117917802443,0.0,0.000585531882830066,5446,2801,5253,0.2074814814814815,0.38911111111111113,1,0,0
flow,0.1,1.0,0,registered,during_vibration,flow_dump_0.1_1.0.shear.wave,1939,193900,193.9,0.1939,158683.4518369953,1309.5633883247544,0.008252677725147924,8.252677725147924e+17,120,0.0007562225210683458,7.562225210683458e+26,1043.5420203332262,14.33633659469361,131.65766039697138,29.35791058385165,0.0,90.66946041601173,0.006576249812142894,9.034550502102987e-05,0.000829687398861315,0.00018500927629182804,0.0,0.0005713857328308582,5469,2802,5229,0.20755555555555555,0.3873333333333333,1,0,0
flow,0.1,1.0,0,registered,during_vibration,flow_dump_0.1_1.0.shear.wave,1940,194000,194.0,0.19399999999999998,158683.45183699526,1365.4224874414638,0.008604693631469963,8.604693631469964e+17,119,0.0007499206667261097,7.499206667261097e+26,1103.803242391566,17.168032723693692,121.41326681094034,39.05732545819765,0.0,83.98062005706643,0.006956007256039705,0.00010819044156746255,0.0007651287226576087,0.000246133576034876,0.0,0.000529233635170314,5450,2775,5275,0.20555555555555555,0.3907407407407407,1,0,0
flow,0.1,1.0,0,registered,during_vibration,flow_dump_0.1_1.0.shear.wave,1941,194100,194.1,0.1941,158683.45183699526,1285.4370680064762,0.008100637168688002,8.100637168688001e+17,113,0.0007121095406726924,7.121095406726925e+26,1043.731954227566,12.148726394848024,126.1514198986146,23.641792387243754,0.0,79.76317509820419,0.006577446747879677,7.655950418401275e-05,0.0007949878732673487,0.00014898713201379917,0.0,0.0005026559113431657,5449,2778,5273,0.20577777777777778,0.3905925925925926,1,0,0
flow,0.1,1.0,0,registered,during_vibration,flow_dump_0.1_1.0.shear.wave,1942,194200,194.20000000000002,0.19419999999999998,158683.45183699526,1314.4793371126298,0.00828365731836301,8.283657318363009e+17,110,0.0006932039776459838,6.932039776459838e+26,1054.4418224992837,32.92903627433735,122.15190954206984,12.568310573665201,0.0,92.38825822327331,0.006644938777752581,0.00020751399023108668,0.0007697835415601383,7.920366256322539e-05,0.0,0.0005822173462559757,5448,2800,5252,0.2074074074074074,0.389037037037037,1,0,0
flow,0.1,1.0,0,registered,during_vibration,flow_dump_0.1_1.0.shear.wave,1943,194300,194.3,0.1943,158683.4518369953,1291.6815113598448,0.008139988741149275,8.139988741149275e+17,107,0.0006742984146192749,6.742984146192749e+26,1043.0476360267264,20.490674837989566,131.64318668551175,28.411152126150647,0.0,68.08886168346676,0.006573134274254245,0.0001291292482031349,0.0008295961876399049,0.0001790429423941161,0.0,0.00042908608865787603,5437,2806,5257,0.20785185185185184,0.3894074074074074,1,0,0
flow,0.1,1.0,0,registered,during_vibration,flow_dump_0.1_1.0.shear.wave,1944,194400,194.4,0.1944,158683.45183699526,1205.2568432483322,0.007595353071134417,7.595353071134417e+17,106,0.0006679965602770389,6.679965602770389e+26,960.6952830237105,20.22286107594644,130.55021869862554,19.80678330417201,0.0,73.98169714587722,0.0060541617408888205,0.00012744152488389283,0.000822708462585821,0.00012481946337112817,0.0,0.000466221879404751,5451,2798,5251,0.20725925925925925,0.38896296296296295,1,0,0
flow,0.1,1.0,0,registered,during_vibration,flow_dump_0.1_1.0.shear.wave,1945,194500,194.5,0.19449999999999998,158683.45183699526,1267.126276734581,0.007985245229201429,7.985245229201428e+17,102,0.000642789142908094,6.42789142908094e+26,1010.6327849776526,26.436871987399496,124.11586457220875,32.14241160778746,0.0,73.79834358953264,0.0063688606044176995,0.0001666013165289365,0.0007821601000947758,0.00020255679616047915,0.0,0.00046506641199953647,5430,2789,5281,0.2065925925925926,0.3911851851851852,1,0,0
flow,0.1,1.0,0,registered,during_vibration,flow_dump_0.1_1.0.shear.wave,1946,194600,194.6,0.1946,158683.45183699526,1298.7173163294801,0.0081843273592483,8.1843273592483e+17,107,0.0006742984146192752,6.742984146192752e+26,1060.739643813904,21.846778119299398,106.73948146686102,20.433647670703767,0.0,88.9577652587114,0.006684626730350748,0.00013767521355497806,0.0006726566647699803,0.00012876987130134947,0.0,0.0005605988792712405,5423,2788,5289,0.20651851851851852,0.3917777777777778,1,0,0
flow,0.1,1.0,0,registered,during_vibration,flow_dump_0.1_1.0.shear.wave,1947,194700,194.70000000000002,0.19469999999999998,158683.4518369953,1250.438451432753,0.007880080984860623,7.880080984860623e+17,103,0.0006490909972503301,6.490909972503302e+26,1028.6933076330852,13.210707226828667,96.09990374809462,21.871146895209424,0.0,90.5633859295349,0.006482675387536892,8.325195270140158e-05,0.0006056075957234124,0.00013782878203126163,0.0,0.0005707172668676536,5426,2796,5278,0.2071111111111111,0.39096296296296296,1,0,0
flow,0.1,1.0,0,registered,during_vibration,flow_dump_0.1_1.0.shear.wave,1948,194800,194.8,0.1948,158683.45183699526,1341.572401618685,0.00845439386456498,8.454393864564979e+17,117,0.0007373169580416372,7.373169580416372e+26,1104.8436335254507,14.822887822338078,133.4773701937042,25.985284505880294,0.0,62.44322557131177,0.0069625636494244,9.341167998768155e-05,0.0008411549449454656,0.0001637554779976252,0.0,0.0003935081122098066,5451,2787,5262,0.20644444444444446,0.3897777777777778,1,0,0
flow,0.1,1.0,0,registered,during_vibration,flow_dump_0.1_1.0.shear.wave,1949,194900,194.9,0.1949,158683.45183699526,1284.8066565397291,0.008096664407448887,8.096664407448887e+17,115,0.0007247132493571648,7.247132493571648e+26,1029.8026539761736,17.701157966877183,137.3656496485259,30.052187477511403,0.0,69.88500747064134,0.006489666326606129,0.00011155011919617416,0.0008656583157116617,0.00018938450814885206,0.0,0.0004404051377860715,5461,2795,5244,0.20703703703703705,0.3884444444444444,1,0,0
flow,0.1,1.0,0,registered,during_vibration,flow_dump_0.1_1.0.shear.wave,1950,195000,195.0,0.19499999999999998,158683.45183699526,1419.048661792386,0.008942637971160839,8.94263797116084e+17,119,0.0007499206667261097,7.499206667261097e+26,1161.9574644236668,17.677112274589668,136.8929241412371,27.375860231815302,0.0,75.14530072107713,0.007322486692672068,0.00011139858674582001,0.000862679268420868,0.000172518683674317,0.0,0.0004735547396477662,5449,2777,5274,0.2057037037037037,0.39066666666666666,1,0,0
flow,0.1,1.0,0,registered,during_vibration,flow_dump_0.1_1.0.shear.wave,1951,195100,195.1,0.1951,158683.45183699526,1283.0662375885988,0.008085696540724396,8.085696540724396e+17,110,0.0006932039776459838,6.932039776459838e+26,1045.1468686888772,16.41203805836549,122.5430125166238,17.606174036660654,0.0,81.35814428807149,0.006586363332721585,0.00010342627330305659,0.0007722482155385927,0.00011095154430309647,0.0,0.0005127071748580638,5444,2778,5278,0.20577777777777778,0.39096296296296296,1,0,0
flow,0.1,1.0,0,registered,during_vibration,flow_dump_0.1_1.0.shear.wave,1952,195200,195.20000000000002,0.19519999999999998,158683.45183699526,1262.6915968040719,0.007957298522224921,7.957298522224922e+17,105,0.0006616947059348027,6.616947059348027e+26,1026.1672821756542,17.268530534559503,124.1160654868232,17.18001912285842,0.0,77.95969948417616,0.006466756743039383,0.00010882376413325248,0.0007821613662294113,0.00010826597810908654,0.0,0.000491290670713786,5438,2785,5277,0.20629629629629628,0.3908888888888889,1,0,0
flow,0.1,1.0,0,registered,during_vibration,flow_dump_0.1_1.0.shear.wave,1953,195300,195.3,0.1953,158683.45183699526,1273.7161286379487,0.00802677351603336,8.02677351603336e+17,109,0.0006869021233037475,6.869021233037475e+26,994.7117538275819,42.96710494327257,138.72225993210583,22.79757228448089,0.0,74.51743765050779,0.006268528585131749,0.0002707724368600814,0.0008742074761179621,0.0001436669798933999,0.0,0.00046959803803016897,5433,2800,5267,0.2074074074074074,0.39014814814814813,1,0,0
flow,0.1,1.0,0,registered,during_vibration,flow_dump_0.1_1.0.shear.wave,1954,195400,195.4,0.1954,158683.4518369953,1336.3229403508603,0.008421312524279936,8.421312524279936e+17,111,0.0006995058319882199,6.995058319882199e+26,1083.0860998990581,33.095856104862804,110.31983245753193,21.708310923805723,0.0,88.11284096560145,0.0068254508416645664,0.0002085652645044546,0.0006952195152072693,0.00013680261345779896,0.0,0.0005552742894458445,5435,2788,5277,0.20651851851851852,0.3908888888888889,1,0,0
flow,0.1,1.0,0,registered,during_vibration,flow_dump_0.1_1.0.shear.wave,1955,195500,195.5,0.19549999999999998,158683.45183699526,1262.1517536846898,0.007953896509518917,7.953896509518917e+17,103,0.0006490909972503302,6.490909972503302e+26,1007.1409304608643,24.100478746224027,115.91435806308658,19.017159749486662,0.0,95.97882666502777,0.006346855445868621,0.00015187770663686352,0.0007304754006873857,0.00011984337074430231,0.0,0.0006048445855817424,5427,2795,5278,0.20703703703703705,0.39096296296296296,1,0,0
flow,0.1,1.0,0,registered,during_vibration,flow_dump_0.1_1.0.shear.wave,1956,195600,195.6,0.1956,158683.45183699526,1270.0219532089113,0.008003493360564898,8.003493360564897e+17,109,0.0006869021233037475,6.869021233037475e+26,1040.0969746086298,22.655227507083296,98.84753628977295,21.471390366029127,0.0,86.9508244373954,0.006554539635784145,0.00014276994383986222,0.0006229227757870576,0.00013530957461200952,0.0,0.0005479514305418191,5415,2789,5296,0.2065925925925926,0.3922962962962963,1,0,0
flow,0.1,1.0,0,registered,during_vibration,flow_dump_0.1_1.0.shear.wave,1957,195700,195.70000000000002,0.19569999999999999,158683.45183699526,1238.7493041928606,0.0078064176815698695,7.80641768156987e+17,103,0.0006490909972503302,6.490909972503302e+26,989.1539975723275,9.800514692784681,117.59519557317,22.71558613695851,0.0,99.48401021761987,0.006233504414741483,6.176141607287497e-05,0.0007410677938488984,0.00014315031513363277,0.0,0.0006269337417729798,5421,2800,5279,0.2074074074074074,0.391037037037037,1,0,0
flow,0.1,1.0,0,registered,during_vibration,flow_dump_0.1_1.0.shear.wave,1958,195800,195.8,0.1958,158683.4518369953,1310.6440572318104,0.008259487943192374,8.259487943192374e+17,116,0.000731015103699401,7.31015103699401e+26,1048.639394927314,15.90174911456265,146.36829476916012,20.91293919155854,0.0,78.82167922921458,0.006608372724362651,0.00010021050670675752,0.0009223916739567419,0.0001317902966532451,0.0,0.0004967227415129759,5433,2791,5276,0.20674074074074075,0.39081481481481484,1,0,0
flow,0.1,1.0,0,registered,during_vibration,flow_dump_0.1_1.0.shear.wave,1959,195900,195.9,0.1959,158683.45183699526,1325.4759274526598,0.00835295622894712,8.352956228947119e+17,120,0.0007562225210683459,7.56222521068346e+26,1087.0269122095203,13.115595280515784,123.04789034411753,32.15350130035182,0.0,70.13202831815563,0.006850285266835191,8.265257106953122e-05,0.0007754298820680829,0.00020262668178771994,0.0,0.00044196182718660236,5436,2794,5270,0.20696296296296296,0.39037037037037037,1,0,0
flow,0.1,1.0,0,registered,during_vibration,flow_dump_0.1_1.0.shear.wave,1960,196000,196.0,0.19599999999999998,158683.45183699526,1331.24957914128,0.008389340940911611,8.389340940911611e+17,118,0.0007436188123838735,7.436188123838735e+26,1071.2047086441603,15.497745057855964,122.00339557420246,32.42409402715147,0.0,90.11963583790993,0.006750576044593082,9.766453198771947e-05,0.0007688476281668505,0.00020433191773807985,0.0,0.0005679208184258791,5439,2769,5292,0.2051111111111111,0.392,1,0,0
flow,0.1,1.0,0,registered,during_vibration,flow_dump_0.1_1.0.shear.wave,1961,196100,196.1,0.1961,158683.45183699526,1285.3922272082527,0.008100354588509008,8.100354588509007e+17,109,0.0006869021233037475,6.869021233037475e+26,1042.8550091080197,23.80710705923479,119.39504418149176,30.078249006568477,0.0,69.25681785293798,0.006571920367470162,0.00015002892099732123,0.0007524101776166187,0.0001895487441089057,0.0,0.00043644637831599995,5435,2776,5289,0.20562962962962963,0.3917777777777778,1,0,0
flow,0.1,1.0,0,registered,during_vibration,flow_dump_0.1_1.0.shear.wave,1962,196200,196.20000000000002,0.19619999999999999,158683.4518369953,1356.4485583873889,0.00854814123769362,8.54814123769362e+17,103,0.0006490909972503301,6.490909972503302e+26,1059.7019158136238,35.10209484493732,156.19531658501978,25.065991059824395,0.0,80.38324008398314,0.006678087119646121,0.0002212082888201557,0.0009843201340582672,0.0001579622246028085,0.0,0.0005065634705662653,5427,2790,5283,0.20666666666666667,0.3913333333333333,1,0,0
flow,0.1,1.0,0,registered,during_vibration,flow_dump_0.1_1.0.shear.wave,1963,196300,196.3,0.1963,158683.45183699526,1260.1874425132846,0.007941517706633894,7.941517706633894e+17,109,0.0006869021233037475,6.869021233037475e+26,1021.0929600724171,30.516425516810855,110.4616166602639,20.433987034658486,0.0,77.68245322913427,0.006434779104259193,0.00019231006865264255,0.0006961130186009164,0.0001287720099235611,0.0,0.0004895435051975815,5424,2787,5289,0.20644444444444446,0.3917777777777778,1,0,0
flow,0.1,1.0,0,registered,during_vibration,flow_dump_0.1_1.0.shear.wave,1964,196400,196.4,0.1964,158683.45183699526,1244.1682100671749,0.007840566837084086,7.840566837084086e+17,107,0.0006742984146192752,6.742984146192752e+26,1008.1632286359036,19.781728549306763,107.32336575869661,26.02195128196807,0.0,82.87793584129965,0.006353297820062052,0.00012466157195538695,0.0006763362185298479,0.00016398654667972975,0.0,0.0005222846798570687,5436,2793,5271,0.2068888888888889,0.3904444444444444,1,0,0
flow,0.1,1.0,0,registered,during_vibration,flow_dump_0.1_1.0.shear.wave,1965,196500,196.5,0.19649999999999998,158683.45183699526,1259.6048016603845,0.007937845988845081,7.937845988845082e+17,104,0.0006553928515925665,6.553928515925665e+26,997.0575885525451,21.864282471977294,98.11198323187956,32.40882321710264,0.0,110.1621241868797,0.006283311693879427,0.0001377855234359093,0.000618287427555227,0.00020423568331746417,0.0,0.0006942256606570531,5417,2796,5287,0.2071111111111111,0.3916296296296296,1,0,0
flow,0.1,1.0,0,registered,during_vibration,flow_dump_0.1_1.0.shear.wave,1966,196600,196.6,0.1966,158683.4518369953,1302.8903741319164,0.008210625361680983,8.210625361680983e+17,107,0.0006742984146192749,6.742984146192749e+26,1051.3271853139063,14.71546992925366,105.25542661351777,16.5472604239742,0.0,115.0450318512643,0.006625310787881418,9.273474807171362e-05,0.0006633043672483222,0.00010427842495493529,0.0,0.0007249970335245936,5402,2792,5306,0.2068148148148148,0.393037037037037,1,0,0
flow,0.1,1.0,0,registered,during_vibration,flow_dump_0.1_1.0.shear.wave,1967,196700,196.70000000000002,0.19669999999999999,158683.45183699526,1360.5206681032678,0.008573803079988696,8.573803079988696e+17,112,0.0007058076863304561,7.058076863304562e+26,1120.6067341186927,13.142232633311432,105.55131632495377,22.9204829714091,0.0,98.29990205490125,0.007061900413345028,8.282043578691214e-05,0.0006651690211111584,0.00014444154513952568,0.0,0.0006194716646060742,5415,2795,5290,0.20703703703703705,0.39185185185185184,1,0,0
flow,0.1,1.0,0,registered,during_vibration,flow_dump_0.1_1.0.shear.wave,1968,196800,196.8,0.1968,158683.45183699526,1309.4471192758456,0.008251945014537191,8.25194501453719e+17,114,0.0007184113950149286,7.184113950149286e+26,1076.060349143449,9.907569493123358,119.04163963279208,30.732463304320085,0.0,73.70509770216054,0.006781175583757863,6.24360598312465e-05,0.0007501830736268296,0.0001936715073219447,0.0,0.00046447878999930495,5416,2792,5292,0.2068148148148148,0.392,1,0,0
flow,0.1,1.0,0,registered,during_vibration,flow_dump_0.1_1.0.shear.wave,1969,196900,196.9,0.1969,158683.45183699526,1278.3487863839816,0.008055967850366292,8.055967850366292e+17,111,0.00069950583198822,6.995058319882199e+26,1022.8055358872275,20.715872253202573,125.05235017748834,30.858917354598677,0.0,78.91611071146461,0.006445571507594164,0.00013054840951205537,0.0007880616959728487,0.0001944684023277862,0.0,0.0004973178349594373,5420,2785,5295,0.20629629629629628,0.39222222222222225,1,0,0
flow,0.1,1.0,0,registered,during_vibration,flow_dump_0.1_1.0.shear.wave,1970,197000,197.0,0.19699999999999998,158683.45183699526,1309.0807384940456,0.008249636136216494,8.249636136216494e+17,114,0.0007184113950149286,7.184113950149286e+26,1079.3105372624334,13.412876713269675,103.22072367452785,33.75738946879541,0.0,79.3792113750193,0.006801657795868569,8.452599535739753e-05,0.0006504819656970879,0.00021273415140648746,0.0,0.0005002362278869518,5424,2772,5304,0.20533333333333334,0.3928888888888889,1,0,0
flow,0.1,1.0,0,registered,during_vibration,flow_dump_0.1_1.0.shear.wave,1971,197100,197.1,0.1971,158683.45183699526,1278.2817801235697,0.008055545586673157,8.055545586673157e+17,110,0.0006932039776459838,6.932039776459838e+26,991.0261736572127,13.978508739866102,156.59564300610157,24.434929160689077,0.0,92.24652555970088,0.006245302595731448,8.809052600031209e-05,0.0009868429328532735,0.00015398536443352278,0.0,0.0005813241676546051,5428,2784,5288,0.20622222222222222,0.3917037037037037,1,0,0
flow,0.1,1.0,0,registered,during_vibration,flow_dump_0.1_1.0.shear.wave,1972,197200,197.20000000000002,0.1972,158683.45183699526,1247.4815993659886,0.007861447333824335,7.861447333824335e+17,108,0.0006806002689615113,6.806002689615113e+26,1002.4196145375347,12.626355532272461,106.40354758025327,16.908535532303336,0.0,109.12354618362426,0.0063171024006161165,7.956945343766948e-05,0.0006705396583479569,0.00010655512806510113,0.0,0.0006876806933574867,5419,2788,5293,0.20651851851851852,0.3920740740740741,1,0,0
flow,0.1,1.0,0,registered,during_vibration,flow_dump_0.1_1.0.shear.wave,1973,197300,197.3,0.1973,158683.45183699526,1336.2167559513757,0.008420643365660967,8.420643365660966e+17,108,0.0006806002689615113,6.806002689615113e+26,1041.872788146092,19.474757197770327,135.51098896385233,21.698976892873013,0.0,117.65924475078845,0.006565730554036203,0.00012272708321076493,0.0008539705142225767,0.00013674379175443511,0.0,0.0007414714224369899,5418,2793,5289,0.2068888888888889,0.3917777777777778,1,0,0
flow,0.1,1.0,0,registered,during_vibration,flow_dump_0.1_1.0.shear.wave,1974,197400,197.4,0.1974,158683.45183699526,1352.0819965338421,0.008520623800916205,8.520623800916205e+17,112,0.0007058076863304561,7.058076863304562e+26,1116.7612580058653,19.169102752133874,107.36437598825032,20.868919386195834,0.0,87.91834040139624,0.0070376667830054414,0.00012080089341530705,0.000676594659023037,0.00013151289025167576,0.0,0.0005540485752207406,5412,2801,5287,0.2074814814814815,0.3916296296296296,1,0,0
flow,0.1,1.0,0,registered,during_vibration,flow_dump_0.1_1.0.shear.wave,1975,197500,197.5,0.19749999999999998,158683.45183699526,1225.8846235561432,0.00772534633803789,7.72534633803789e+17,105,0.0006616947059348027,6.616947059348027e+26,978.0457682579274,18.973845178710103,122.60403860651239,21.01804365274243,0.0,85.24292786025039,0.006163501971601976,0.00011957040862837195,0.0007726327930681467,0.00013245264965834524,0.0,0.0005371885150810474,5416,2798,5286,0.20725925925925925,0.39155555555555555,1,0,0
flow,0.1,1.0,0,registered,during_vibration,flow_dump_0.1_1.0.shear.wave,1976,197600,197.6,0.1976,158683.45183699526,1274.7083990421881,0.008033026659588988,8.033026659588988e+17,105,0.0006616947059348027,6.616947059348027e+26,1037.1378828379356,13.546461561603909,116.54186340028191,32.76588960745346,0.0,74.71630163491345,0.0065358918704599206,8.536782761392959e-05,0.0007344298479213665,0.0002064858636999631,0.0,0.00047085124989381023,5411,2794,5295,0.20696296296296296,0.39222222222222225,1,0,0
flow,0.1,1.0,0,registered,during_vibration,flow_dump_0.1_1.0.shear.wave,1977,197700,197.70000000000002,0.1977,158683.4518369953,1301.4704169347792,0.008201676998252415,8.201676998252415e+17,106,0.0006679965602770388,6.679965602770388e+26,1069.696581479223,16.54195373155755,113.1646458389971,30.69944320467618,0.0,71.36779268032518,0.006741072046870076,0.00010424498295228649,0.0007131471147681073,0.00019346341946362264,0.0,0.00044974943419832117,5419,2795,5286,0.20703703703703705,0.39155555555555555,1,0,0
flow,0.1,1.0,0,registered,during_vibration,flow_dump_0.1_1.0.shear.wave,1978,197800,197.8,0.1978,158683.45183699526,1283.8891473556687,0.008090882398213274,8.090882398213274e+17,109,0.0006869021233037475,6.869021233037475e+26,1018.5154556644759,23.55128412672515,139.5194177029625,24.99538858057878,0.0,77.30760128092653,0.006418536046913875,0.00014841676213924176,0.0008792310482776826,0.0001575172980624019,0.0,0.0004871812428200729,5430,2791,5279,0.20674074074074075,0.391037037037037,1,0,0
flow,0.1,1.0,0,registered,during_vibration,flow_dump_0.1_1.0.shear.wave,1979,197900,197.9,0.1979,158683.45183699526,1286.2444557755489,0.0081057252088064,8.1057252088064e+17,111,0.00069950583198822,6.995058319882199e+26,1022.0529357430369,24.770321491795762,137.39601930459878,31.889111537642176,0.0,70.1360676984745,0.006440828731107529,0.0001560989580516602,0.0008658497008606568,0.00020096053601354537,0.0,0.0004419872827730048,5421,2784,5295,0.20622222222222222,0.39222222222222225,1,0,0
flow,0.1,1.0,0,registered,during_vibration,flow_dump_0.1_1.0.shear.wave,1980,198000,198.0,0.19799999999999998,158683.45183699526,1337.8187316581382,0.008430738783224785,8.430738783224786e+17,116,0.0007310151036994011,7.310151036994011e+26,1113.1770593943177,18.201733486384775,107.41390862990364,35.96567276324319,0.0,63.06035738428885,0.007015079685421823,0.00011470467320740023,0.0006769068065159224,0.00022665043107449092,0.0,0.0003973971870051483,5437,2776,5287,0.20562962962962963,0.3916296296296296,1,0,0
flow,0.1,1.0,0,registered,during_vibration,flow_dump_0.1_1.0.shear.wave,1981,198100,198.1,0.1981,158683.4518369953,1291.0966548662452,0.0081363030607155,8.1363030607155e+17,107,0.0006742984146192749,6.742984146192749e+26,1039.607238724014,28.151935535021476,122.11851147038463,34.326039054876745,0.0,66.89293008194812,0.006551453391573129,0.0001774093971937291,0.0007695730717770665,0.00021631769826974492,0.0,0.00042154950190182827,5435,2780,5285,0.20592592592592593,0.3914814814814815,1,0,0
flow,0.1,1.0,0,registered,during_vibration,flow_dump_0.1_1.0.shear.wave,1982,198200,198.20000000000002,0.1982,158683.45183699526,1343.7122148100402,0.008467878655616495,8.467878655616495e+17,112,0.0007058076863304561,7.058076863304562e+26,1066.256301114325,30.675482805206233,141.17895918126942,23.951218956985752,0.0,81.65025275225476,0.006719391901114035,0.00019331242451618128,0.0008896892369488721,0.00015093709318593103,0.0,0.0005145479998514812,5427,2790,5283,0.20666666666666667,0.3913333333333333,1,0,0
flow,0.1,1.0,0,registered,during_vibration,flow_dump_0.1_1.0.shear.wave,1983,198300,198.3,0.1983,158683.45183699526,1252.8850564152087,0.007895499133093049,7.89549913309305e+17,107,0.0006742984146192752,6.742984146192752e+26,1006.0521527346903,26.93668223994115,126.19052327245738,17.578559330514885,0.0,76.1271388376046,0.006339994127227201,0.0001697510479392103,0.0007952342970335959,0.00011077752044726218,0.0,0.00047974214044577785,5420,2796,5284,0.2071111111111111,0.3914074074074074,1,0,0
flow,0.1,1.0,0,registered,during_vibration,flow_dump_0.1_1.0.shear.wave,1984,198400,198.4,0.1984,158683.45183699526,1376.3497053957246,0.008673555367383583,8.673555367383583e+17,116,0.0007310151036994011,7.310151036994011e+26,1134.3353161255482,14.7260301839982,116.98155906262116,21.76065144993776,0.0,88.54614857361966,0.007148415937477676,9.280129725893064e-05,0.0007372007459403415,0.00013713245582967908,0.0,0.0005580049308769582,5423,2802,5275,0.20755555555555555,0.3907407407407407,1,0,0
flow,0.1,1.0,0,registered,during_vibration,flow_dump_0.1_1.0.shear.wave,1985,198500,198.5,0.19849999999999998,158683.4518369953,1279.0352617880123,0.008060293918372019,8.060293918372019e+17,108,0.0006806002689615112,6.806002689615112e+26,1015.9777069387551,20.01474278074348,122.42900478963436,34.458229435166395,0.0,86.15557784371339,0.006402543524087186,0.00012612999370156922,0.0007715297554492156,0.0002171507427917751,0.0,0.0005429399023422754,5419,2809,5272,0.20807407407407408,0.39051851851851854,1,0,0
flow,0.1,1.0,0,registered,during_vibration,flow_dump_0.1_1.0.shear.wave,1986,198600,198.6,0.1986,158683.45183699526,1237.2997477833446,0.007797282788216245,7.797282788216244e+17,100,0.0006301854342236216,6.301854342236216e+26,1017.4732098206654,15.97248665823483,101.9170966941793,25.552941331875605,0.0,76.38401327838899,0.006411967965417381,0.0001006562844035072,0.0006422666983503222,0.00016103091428918757,0.0,0.00048136092575584445,5409,2795,5296,0.20703703703703705,0.3922962962962963,1,0,0
flow,0.1,1.0,0,registered,during_vibration,flow_dump_0.1_1.0.shear.wave,1987,198700,198.70000000000002,0.1987,158683.45183699526,1273.363448400492,0.008024550976547522,8.024550976547521e+17,109,0.0006869021233037475,6.869021233037475e+26,1036.4128096955278,8.513453601894064,116.33841133291222,23.764947242581435,0.0,88.33382652757626,0.006531322565128999,5.365054454852266e-05,0.0007331477226271758,0.0001497632359736764,0.0,0.0005566669082691471,5427,2789,5284,0.2065925925925926,0.3914074074074074,1,0,0
flow,0.1,1.0,0,registered,during_vibration,flow_dump_0.1_1.0.shear.wave,1988,198800,198.8,0.1988,158683.45183699526,1269.0611511838833,0.007997438526151446,7.997438526151446e+17,105,0.0006616947059348027,6.616947059348027e+26,1026.416277073734,21.072345091070545,126.11672827394035,29.856910320810922,0.0,65.59889042432795,0.006468325872619041,0.00013279484941326291,0.000794769251701756,0.0001881538999509596,0.0,0.0004133946524664288,5435,2791,5274,0.20674074074074075,0.39066666666666666,1,0,0
flow,0.1,1.0,0,registered,during_vibration,flow_dump_0.1_1.0.shear.wave,1989,198900,198.9,0.1989,158683.4518369953,1241.823529477225,0.007825791001527154,7.825791001527154e+17,105,0.0006616947059348026,6.616947059348026e+26,1002.7859801642537,21.024552027532017,129.30060853907352,27.514424308793892,0.0,61.19796443757216,0.006319411183431701,0.00013249366448827386,0.0008148336013757455,0.00017339189430450245,0.0,0.0003856606579269316,5437,2778,5285,0.20577777777777778,0.3914814814814815,1,0,0
flow,0.1,1.0,0,registered,during_vibration,flow_dump_0.1_1.0.shear.wave,1990,199000,199.0,0.19899999999999998,158683.45183699526,1298.398444310252,0.008182317874229308,8.182317874229308e+17,109,0.0006869021233037475,6.869021233037475e+26,1077.095973886411,17.076900006867852,109.28362232488368,28.00919252847639,0.0,66.93275556361344,0.006787701940041225,0.00010761613646021384,0.0006886894698833709,0.00017650985155810912,0.0,0.0004218004762863926,5436,2768,5296,0.20503703703703705,0.3922962962962963,1,0,0
flow,0.1,1.0,0,registered,during_vibration,flow_dump_0.1_1.0.shear.wave,1991,199100,199.1,0.1991,158683.45183699526,1343.956366487679,0.008469417263926386,8.469417263926386e+17,113,0.0007121095406726924,7.121095406726925e+26,1054.6390686070333,20.155436829109938,125.46975121004562,23.10897722337095,0.0,120.58313261811928,0.006646181793993192,0.00012701662710119422,0.0007906920964823237,0.00014562940845973802,0.0,0.0007598973378899405,5443,2786,5271,0.20637037037037037,0.3904444444444444,1,0,0
flow,0.1,1.0,0,registered,during_vibration,flow_dump_0.1_1.0.shear.wave,1992,199200,199.20000000000002,0.1992,158683.45183699526,1281.4481313196873,0.008075499470707456,8.075499470707456e+17,109,0.0006869021233037475,6.869021233037475e+26,1012.2795493440384,32.44171536652466,133.64987132385488,23.837226717246452,0.0,79.23976856802258,0.006379238273590648,0.0002044429648521248,0.0008422420219415464,0.0001502187306949487,0.0,0.000499357479628186,5435,2778,5287,0.20577777777777778,0.3916296296296296,1,0,0
flow,0.1,1.0,0,registered,during_vibration,flow_dump_0.1_1.0.shear.wave,1993,199300,199.3,0.19929999999999998,158683.45183699526,1278.860351042473,0.00805919165633074,8.05919165633074e+17,109,0.0006869021233037475,6.869021233037475e+26,1022.8690246026201,29.678028550763955,129.37775011574698,9.454325113269817,0.0,87.48122266007154,0.006445971604230945,0.00018702661309164223,0.0008153197363556722,5.9579779767972306e-05,0.0,0.000551293922884505,5427,2794,5279,0.20696296296296296,0.391037037037037,1,0,0
flow,0.1,1.0,0,registered,during_vibration,flow_dump_0.1_1.0.shear.wave,1994,199400,199.4,0.1994,158683.45183699526,1361.7242614645872,0.008581387950039014,8.581387950039014e+17,116,0.0007310151036994011,7.310151036994011e+26,1089.640602717372,18.695592366769034,131.07993059854496,28.132492574566392,0.0,94.17564320733477,0.006866756363711359,0.00011781689993720169,0.0008260466298224624,0.0001772868704889593,0.0,0.0005934811860790313,5439,2795,5266,0.20703703703703705,0.3900740740740741,1,0,0
flow,0.1,1.0,0,registered,during_vibration,flow_dump_0.1_1.0.shear.wave,1995,199500,199.5,0.19949999999999998,158683.45183699526,1307.3479515881081,0.008238716365529142,8.238716365529142e+17,111,0.00069950583198822,6.995058319882199e+26,1042.9649476897134,19.67465029080343,120.23955365059433,27.547623671175288,0.0,96.92117628582153,0.006572613184398588,0.00012398678036707863,0.0007577321532815423,0.00017360111185048515,0.0,0.0006107831356314462,5423,2797,5280,0.2071851851851852,0.39111111111111113,1,0,0
flow,0.1,1.0,0,registered,during_vibration,flow_dump_0.1_1.0.shear.wave,1996,199600,199.6,0.1996,158683.4518369953,1238.222597406023,0.00780309845211815,7.80309845211815e+17,100,0.0006301854342236215,6.301854342236214e+26,1048.6342858310886,13.480963069194726,95.77546188654055,20.522539098164287,0.0,59.80934752103502,0.006608340527582418,8.495506565513083e-05,0.0006035630103693747,0.0001293300521294791,0.0,0.00037690979638174937,5431,2796,5273,0.2071111111111111,0.3905925925925926,1,0,0
flow,0.1,1.0,0,registered,during_vibration,flow_dump_0.1_1.0.shear.wave,1997,199700,199.70000000000002,0.1997,158683.45183699526,1237.4711088187146,0.007798362680501081,7.798362680501082e+17,101,0.0006364872885658578,6.364872885658577e+26,1038.7362708081337,5.071707496675257,101.75436861504318,22.011007199736042,0.0,69.89775469912618,0.006545964678630491,3.196116191047494e-05,0.0006412412096982144,0.0001387101612986492,0.0,0.0004404854689632502,5426,2790,5284,0.20666666666666667,0.3914074074074074,1,0,0
flow,0.1,1.0,0,registered,during_vibration,flow_dump_0.1_1.0.shear.wave,1998,199800,199.8,0.19979999999999998,158683.45183699526,1287.9932370957315,0.008116745773962616,8.116745773962616e+17,109,0.0006869021233037475,6.869021233037475e+26,1046.1015328624392,19.140517311616914,119.50084853640243,34.02833194701236,0.0,69.22200643826078,0.006592379487289124,0.00012062075213286052,0.00075307694125004,0.0002144415914393352,0.0,0.00043622700185125696,5441,2807,5252,0.20792592592592593,0.389037037037037,1,0,0
flow,0.1,1.0,0,registered,during_vibration,flow_dump_0.1_1.0.shear.wave,1999,199900,199.9,0.1999,158683.45183699526,1277.278483150678,0.008049222955287988,8.049222955287987e+17,110,0.0006932039776459838,6.932039776459838e+26,1019.5282028600151,29.12008232928549,121.88952714124396,36.20798132553,0.0,70.53268949460299,0.006424918232225672,0.0001835105172730839,0.0007681300458881673,0.00022817742433989906,0.0,0.0004444867355611626,5456,2802,5242,0.20755555555555555,0.3882962962962963,1,0,0
flow,0.1,1.0,0,registered,during_vibration,flow_dump_0.1_1.0.shear.wave,2000,200000,200.0,0.19999999999999998,158683.4518369953,1326.2255096257536,0.008357679986619493,8.357679986619493e+17,118,0.0007436188123838733,7.436188123838734e+26,1071.784457224082,23.300411363491285,121.54073515683245,27.205428202007745,0.0,82.39447767934104,0.006754229535698866,0.0001468357985269076,0.0007659320096066664,0.00017144464584721808,0.0,0.0005192379969398402,5457,2782,5261,0.20607407407407408,0.3897037037037037,1,0,0
flow,0.1,1.0,0,registered,during_vibration,flow_dump_0.1_1.0.shear.wave,2001,200100,200.1,0.2001,158683.45183699526,1302.63661950747,0.008209026236999055,8.209026236999055e+17,117,0.0007373169580416372,7.373169580416372e+26,1045.3979623321347,20.457909029646586,110.98973882809075,32.93954129565116,0.0,92.85146802194723,0.006587945688287656,0.00012892276285155182,0.0006994411675774673,0.00020758019134526842,0.0,0.0005851364269371153,5448,2780,5272,0.20592592592592593,0.39051851851851854,1,0,0
flow,0.1,1.0,0,registered,during_vibration,flow_dump_0.1_1.0.shear.wave,2002,200200,200.20000000000002,0.2002,158683.45183699526,1279.5046475089723,0.008063251918815836,8.063251918815836e+17,104,0.0006553928515925665,6.553928515925665e+26,1015.8146087723152,29.236053430240617,128.1759904240201,31.048407337905857,0.0,75.22958754449043,0.006401515703198798,0.00018424135025921185,0.0008077464218240388,0.00019566254060190082,0.0,0.00047408590293188655,5446,2786,5268,0.20637037037037037,0.39022222222222225,1,0,0
flow,0.1,1.0,0,registered,during_vibration,flow_dump_0.1_1.0.shear.wave,2003,200300,200.3,0.20029999999999998,158683.45183699526,1313.3600517824323,0.008276603745244701,8.276603745244701e+17,118,0.0007436188123838735,7.436188123838735e+26,1078.924442470234,20.76544562656939,132.70659607903013,17.688080686554372,0.0,63.27548692004495,0.006799224682725833,0.00013086081369026637,0.0008362976387440237,0.00011146770808038722,0.0,0.00039875290200419615,5444,2788,5268,0.20651851851851852,0.39022222222222225,1,0,0
flow,0.1,1.0,0,registered,during_vibration,flow_dump_0.1_1.0.shear.wave,2004,200400,200.4,0.2004,158683.4518369953,1282.8689057214872,0.008084452984040775,8.084452984040774e+17,107,0.0006742984146192749,6.742984146192749e+26,1022.8505390661321,20.20939451617491,139.19362600531525,20.659092698794836,0.0,79.95625343506994,0.006445855111072558,0.0001273566605857216,0.0008771779564531997,0.00013019059303056072,0.0,0.0005038726628987348,5436,2795,5269,0.20703703703703705,0.3902962962962963,1,0,0
flow,0.1,1.0,0,registered,during_vibration,flow_dump_0.1_1.0.shear.wave,2005,200500,200.5,0.20049999999999998,158683.45183699526,1284.2037625664605,0.008092865057445536,8.092865057445536e+17,106,0.0006679965602770389,6.679965602770389e+26,1023.0316625693063,18.725219405165767,115.104325166862,26.455395118283022,0.0,100.88716030684259,0.006446996525007518,0.00011800360521776974,0.0007253706913629587,0.00016671804660172665,0.0,0.0006357761892555572,5432,2800,5268,0.2074074074074074,0.39022222222222225,1,0,0
flow,0.1,1.0,0,registered,during_vibration,flow_dump_0.1_1.0.shear.wave,2006,200600,200.6,0.2006,158683.45183699526,1330.5906244951311,0.00838518830471344,8.38518830471344e+17,106,0.0006679965602770389,6.679965602770389e+26,1078.7860200043783,17.528410907300298,126.8954897616834,26.69476685509084,0.0,80.6859369666784,0.0067983523645083165,0.00011046149238867104,0.0007996768931648558,0.00016822653242073762,0.0,0.0005084710222308599,5437,2792,5271,0.2068148148148148,0.3904444444444444,1,0,0
flow,0.1,1.0,0,registered,during_vibration,flow_dump_0.1_1.0.shear.wave,2007,200700,200.70000000000002,0.2007,158683.45183699526,1319.5372710234624,0.008315531681141733,8.315531681141733e+17,107,0.0006742984146192752,6.742984146192752e+26,1090.9782674582661,17.32250437455186,111.52229025867835,21.293493926622855,0.0,78.42071500534315,0.006875186132067218,0.00010916389941117547,0.0007027972291227798,0.00013418849716286872,0.0,0.0004941959233776905,5439,2793,5268,0.2068888888888889,0.39022222222222225,1,0,0
flow,0.1,1.0,0,registered,during_vibration,flow_dump_0.1_1.0.shear.wave,2008,200800,200.8,0.20079999999999998,158683.4518369953,1325.7760162860427,0.00835484734506483,8.35484734506483e+17,114,0.0007184113950149285,7.184113950149285e+26,1067.7709847269527,26.036212640778523,126.48458294623926,22.479955113072812,0.0,83.00428085899985,0.006728937216615386,0.00016407641968567557,0.0007970874182656946,0.0001416654027425931,0.0,0.0005230808877554825,5454,2788,5258,0.20651851851851852,0.3894814814814815,1,0,0
flow,0.1,1.0,0,registered,during_vibration,flow_dump_0.1_1.0.shear.wave,2009,200900,200.9,0.2009,158683.45183699526,1279.708465982124,0.008064536353145895,8.064536353145896e+17,113,0.0007121095406726924,7.121095406726925e+26,1019.8530447085069,14.48954654923741,126.63664240974492,22.044029409387583,0.0,96.68520290524665,0.00642696533823913,9.131101183834555e-05,0.0007980456748560659,0.000138918262453932,0.0,0.0006092960657584182,5449,2782,5269,0.20607407407407408,0.3902962962962963,1,0,0
flow,0.1,1.0,0,registered,during_vibration,flow_dump_0.1_1.0.shear.wave,2010,201000,201.0,0.20099999999999998,158683.45183699526,1273.695463100377,0.008026643284825679,8.026643284825678e+17,110,0.0006932039776459838,6.932039776459838e+26,1018.5395461103967,12.782218276708765,109.36397020939177,40.79774391353464,0.0,92.21198459034564,0.006418687861395108,8.055167775048825e-05,0.0006891958105482476,0.0002571014396349494,0.0,0.0005811064954968887,5443,2777,5280,0.2057037037037037,0.39111111111111113,1,0,0
flow,0.1,1.0,0,registered,during_vibration,flow_dump_0.1_1.0.shear.wave,2011,201100,201.1,0.2011,158683.45183699526,1250.1622701213898,0.007878340530464366,7.878340530464366e+17,114,0.0007184113950149286,7.184113950149286e+26,995.8938206859721,20.867597857630855,122.98186194766225,27.94982501480468,0.0,82.46916461531961,0.006275977798296108,0.00013150456217115016,0.0007750137807311702,0.0001761357261342893,0.0,0.0005197086631316452,5438,2776,5286,0.20562962962962963,0.39155555555555555,1,0,0
flow,0.1,1.0,0,registered,during_vibration,flow_dump_0.1_1.0.shear.wave,2012,201200,201.20000000000002,0.2012,158683.45183699526,1351.3386510838359,0.008515939346164302,8.515939346164302e+17,115,0.0007247132493571648,7.247132493571648e+26,1082.3712208056716,18.18982782895231,133.7698156812413,21.125521231796327,0.0,95.88226553617434,0.006820945777745735,0.00011462964548841228,0.0008429978938109688,0.00013312995770659906,0.0,0.0006042360714125862,5431,2786,5283,0.20637037037037037,0.3913333333333333,1,0,0
flow,0.1,1.0,0,registered,during_vibration,flow_dump_0.1_1.0.shear.wave,2013,201300,201.3,0.20129999999999998,158683.45183699526,1420.1605319441762,0.008949644814904902,8.949644814904902e+17,114,0.0007184113950149286,7.184113950149286e+26,1119.6224557476417,17.079019399905754,165.26593234017253,22.923542228454984,0.0,95.2695822280009,0.0070556976344184515,0.00010762949256643265,0.0010414818333416328,0.00014446082413182432,0.0,0.0006003750304465577,5437,2796,5267,0.2071111111111111,0.39014814814814813,1,0,0
flow,0.1,1.0,0,registered,during_vibration,flow_dump_0.1_1.0.shear.wave,2014,201400,201.4,0.2014,158683.45183699526,1346.436869437026,0.008485049032208659,8.485049032208659e+17,115,0.0007247132493571648,7.247132493571648e+26,1117.399539060899,19.103161094737942,116.64453052433707,26.854282769938116,0.0,66.43535598711364,0.007041689137243673,0.00012038533869531224,0.0007350768411828984,0.0001692317784813737,0.0,0.00041866593660540085,5452,2784,5264,0.20622222222222222,0.38992592592592595,1,0,0
flow,0.1,1.0,0,registered,during_vibration,flow_dump_0.1_1.0.shear.wave,2015,201500,201.5,0.20149999999999998,158683.4518369953,1321.224460893044,0.00832616410594753,8.32616410594753e+17,113,0.0007121095406726923,7.121095406726924e+26,1058.769748022442,15.955958996192964,115.1455655257774,22.354661834180227,0.0,108.99852651445167,0.006672212734003569,0.00010055212948470163,0.0007256305820978649,0.00014087582274895086,0.0,0.0006868928376124465,5445,2784,5271,0.20622222222222222,0.3904444444444444,1,0,0
flow,0.1,1.0,0,registered,during_vibration,flow_dump_0.1_1.0.shear.wave,2016,201600,201.6,0.2016,158683.45183699526,1280.2289188458833,0.008067816171285306,8.067816171285306e+17,107,0.0006742984146192752,6.742984146192752e+26,1059.1831037509799,3.754065577796005,103.3777642087217,28.752219297225796,0.0,85.16176601116013,0.006674817641596345,2.3657574462473265e-05,0.0006514716122694045,0.00018119229802715032,0.0,0.0005366770449299341,5429,2775,5296,0.20555555555555555,0.3922962962962963,1,0,0
flow,0.1,1.0,0,registered,during_vibration,flow_dump_0.1_1.0.shear.wave,2017,201700,201.70000000000002,0.2017,158683.45183699526,1313.2085626831451,0.008275649083006558,8.275649083006557e+17,108,0.0006806002689615113,6.806002689615113e+26,1088.7772012369458,12.33730968077831,112.68007574225922,32.183764503405264,0.0,67.23021151975671,0.006861315333342841,7.77479285833257e-05,0.000710093424599862,0.00020281739608529227,0.0,0.0004236750003952381,5427,2788,5285,0.20651851851851852,0.3914814814814815,1,0,0
flow,0.1,1.0,0,registered,during_vibration,flow_dump_0.1_1.0.shear.wave,2018,201800,201.8,0.20179999999999998,158683.45183699526,1259.7404327603658,0.007938700716281442,7.938700716281443e+17,108,0.0006806002689615113,6.806002689615113e+26,1031.9185468475423,15.326793671178141,125.30441837001472,21.406857745982585,0.0,65.78381612564768,0.006503000375285271,9.658722124927253e-05,0.0007896501930064607,0.00013490289944015333,0.0,0.0004145600273002816,5455,2795,5250,0.20703703703703705,0.3888888888888889,1,0,0
flow,0.1,1.0,0,registered,during_vibration,flow_dump_0.1_1.0.shear.wave,2019,201900,201.9,0.2019,158683.4518369953,1259.5868846490391,0.007937733078449333,7.937733078449332e+17,108,0.0006806002689615112,6.806002689615112e+26,1009.2507923954632,24.458956745659346,119.09481724416632,22.449994665220828,0.0,84.3323235985291,0.006360151488462691,0.00015413678277420112,0.0007505181911879779,0.00014147659636420173,0.0,0.0005314500196602602,5447,2788,5265,0.20651851851851852,0.39,1,0,0
flow,0.1,1.0,0,registered,during_vibration,flow_dump_0.1_1.0.shear.wave,2020,202000,202.0,0.20199999999999999,158683.45183699526,1305.5493975081358,0.008227382139690521,8.227382139690522e+17,117,0.0007373169580416372,7.373169580416372e+26,1063.8384651357565,30.685584292956264,109.7400307197862,35.61152995164603,0.0,65.67378740799062,0.006704155050953678,0.00019337608262062186,0.0006915656891086204,0.00022441867465945557,0.0,0.0004138666423481438,5437,2773,5290,0.2054074074074074,0.39185185185185184,1,0,0
flow,0.1,1.0,0,registered,during_vibration,flow_dump_0.1_1.0.shear.wave,2021,202100,202.1,0.2021,158683.45183699526,1253.5729117492463,0.007899833897216685,7.899833897216685e+17,104,0.0006553928515925665,6.553928515925665e+26,1011.3792221128784,20.881857177255192,119.74203648571505,21.889669021205748,0.0,79.68012695219156,0.006373564542519529,0.00013159442232644212,0.0007545968725757108,0.000137945505771399,0.0,0.0005021325540236013,5436,2778,5286,0.20577777777777778,0.39155555555555555,1,0,0
flow,0.1,1.0,0,registered,during_vibration,flow_dump_0.1_1.0.shear.wave,2022,202200,202.20000000000002,0.2022,158683.45183699526,1300.0911035006645,0.008192984765898336,8.192984765898336e+17,114,0.0007184113950149286,7.184113950149286e+26,1009.364012914677,30.496652481698433,138.4220390055348,17.532417101359826,0.0,104.2759819973945,0.006360864987683329,0.00019218546186546015,0.0008723155275682204,0.00011048673884010092,0.0,0.000657132049941226,5424,2778,5298,0.20577777777777778,0.39244444444444443,1,0,0
flow,0.1,1.0,0,registered,during_vibration,flow_dump_0.1_1.0.shear.wave,2023,202300,202.3,0.20229999999999998,158683.4518369953,1275.0208761862011,0.008034995845035834,8.034995845035835e+17,111,0.0006995058319882199,6.995058319882199e+26,1040.971384454601,11.544822315833107,132.2869519078724,18.67021253142819,0.0,71.54750497646648,0.0065600500392688724,7.275378864137842e-05,0.0008336531023018191,0.00011765695991165374,0.0,0.0004508819549121125,5430,2790,5280,0.20666666666666667,0.39111111111111113,1,0,0
flow,0.1,1.0,0,registered,during_vibration,flow_dump_0.1_1.0.shear.wave,2024,202400,202.4,0.2024,158683.45183699526,1327.7560747144773,0.008367325384869943,8.367325384869943e+17,112,0.0007058076863304561,7.058076863304562e+26,1051.86934203422,21.57992113606181,134.01099656562212,24.63448117723361,0.0,95.66133380133928,0.0066287273805635,0.00013599351971640622,0.0008445177806144684,0.00015524291217548596,0.0,0.000602843791800078,5440,2787,5273,0.20644444444444446,0.3905925925925926,1,0,0
flow,0.1,1.0,0,registered,during_vibration,flow_dump_0.1_1.0.shear.wave,2025,202500,202.5,0.20249999999999999,158683.45183699526,1236.5690042723554,0.0077926777490484565,7.792677749048457e+17,105,0.0006616947059348027,6.616947059348027e+26,1023.2534716813767,0.0,103.35203859123281,38.36291434634936,0.0,71.60057965339587,0.006448394333723567,0.0,0.0006513094931751255,0.00024175749835437775,0.0,0.0004512164237953828,5422,2775,5303,0.20555555555555555,0.39281481481481484,1,0,0
flow,0.1,1.0,0,registered,during_vibration,flow_dump_0.1_1.0.shear.wave,2026,202600,202.6,0.2026,158683.45183699526,1249.7111323887327,0.007875497526184874,7.875497526184874e+17,101,0.0006364872885658578,6.364872885658577e+26,1038.207230997539,3.9087690477774184,113.42414840929433,26.90920752064783,0.0,67.26177641347375,0.006542630746802879,2.463249319653464e-05,0.0007147824621675565,0.00016957790626012995,0.0,0.00042387391775777105,5431,2776,5293,0.20562962962962963,0.3920740740740741,1,0,0
flow,0.1,1.0,0,registered,during_vibration,flow_dump_0.1_1.0.shear.wave,2027,202700,202.70000000000002,0.2027,158683.4518369953,1224.0320935583914,0.007713671963827433,7.713671963827433e+17,103,0.0006490909972503301,6.490909972503302e+26,1001.4265025809459,4.302743374558356,112.31117200717637,22.353060853925406,0.0,83.63861474178563,0.00631084395372016,2.7115262018488683e-05,0.0007077686469950628,0.00014086573360458016,0.0,0.0005270783674891437,5428,2780,5292,0.20592592592592593,0.392,1,0,0
flow,0.1,1.0,0,registered,during_vibration,flow_dump_0.1_1.0.shear.wave,2028,202800,202.8,0.20279999999999998,158683.45183699526,1227.9482457952217,0.007738350984805962,7.738350984805962e+17,107,0.0006742984146192752,6.742984146192752e+26,992.0368930805937,10.112701591035464,120.66035768102148,23.178865134579407,0.0,81.95942830799103,0.006251672002318464,6.372877243320592e-05,0.0007603839989879202,0.00014606983189645686,0.0,0.0005164963791699111,5446,2798,5256,0.20725925925925925,0.3893333333333333,1,0,0
flow,0.1,1.0,0,registered,during_vibration,flow_dump_0.1_1.0.shear.wave,2029,202900,202.9,0.2029,158683.45183699526,1236.2940611937902,0.007790945097814933,7.790945097814932e+17,107,0.0006742984146192752,6.742984146192752e+26,983.7144374370991,14.480291225843413,122.78840385277094,22.919554429946885,0.0,92.39137424812968,0.006199225099083439,9.12526861384263e-05,0.0007737946359958386,0.00014443569360648008,0.0,0.0005822369829907474,5444,2798,5258,0.20725925925925925,0.3894814814814815,1,0,0
flow,0.1,1.0,0,registered,during_vibration,flow_dump_0.1_1.0.shear.wave,2030,203000,203.0,0.20299999999999999,158683.45183699526,1222.278905666934,0.007702623629100898,7.702623629100897e+17,107,0.0006742984146192752,6.742984146192752e+26,985.626620275497,9.518104890347997,126.06343028857786,36.641364261502865,0.0,64.4293859510082,0.006211275396806747,5.998171063309929e-05,0.0007944333755612669,0.00023090854047681073,0.0,0.0004060246056229741,5422,2780,5298,0.20592592592592593,0.39244444444444443,1,0,0
flow,0.1,1.0,0,registered,during_vibration,flow_dump_0.1_1.0.shear.wave,2031,203100,203.1,0.2031,158683.45183699526,1430.1774352194946,0.009012769880306226,9.012769880306226e+17,120,0.0007562225210683459,7.56222521068346e+26,1146.1108978891555,17.27511086478733,143.84773292826077,28.46576204499103,0.0,94.47793149229967,0.007222623938547022,0.00010886523241587207,0.0009065074603747957,0.0001793870861482896,0.0,0.0005953861628202444,5432,2782,5286,0.20607407407407408,0.39155555555555555,1,0,0
flow,0.1,1.0,0,registered,during_vibration,flow_dump_0.1_1.0.shear.wave,2032,203200,203.20000000000002,0.2032,158683.45183699526,1301.2845136101375,0.008200505462578788,8.200505462578788e+17,111,0.00069950583198822,6.995058319882199e+26,1046.2946545694922,9.63682702592568,153.13064584792696,33.814676299748314,0.0,58.40770986704441,0.006593596512157296,6.0729880238709065e-05,0.0009650070254661946,0.00021309516467088097,0.0,0.0003680768800457069,5413,2775,5312,0.20555555555555555,0.3934814814814815,1,0,0
flow,0.1,1.0,0,registered,during_vibration,flow_dump_0.1_1.0.shear.wave,2033,203300,203.3,0.20329999999999998,158683.45183699526,1267.6085576251203,0.007988284493125651,7.988284493125651e+17,111,0.00069950583198822,6.995058319882199e+26,1012.8963400309835,11.716388002470064,130.28823491002643,27.541000800622502,0.0,85.16659388101758,0.006383125198659424,7.383497060869027e-05,0.0008210574789100422,0.00017355937548493402,0.0,0.000536707469462559,5417,2787,5296,0.20644444444444446,0.3922962962962963,1,0,0
flow,0.1,1.0,0,registered,during_vibration,flow_dump_0.1_1.0.shear.wave,2034,203400,203.4,0.2034,158683.45183699526,1280.5651521537643,0.00806993506461658,8.06993506461658e+17,111,0.00069950583198822,6.995058319882199e+26,1014.2880558608546,7.722939021251987,127.97721350518708,31.563180335570173,0.0,99.01376343090077,0.006391895589105056,4.8668836805902344e-05,0.0008064937586349545,0.00019890656505249765,0.0,0.0006239703150181714,5438,2782,5280,0.20607407407407408,0.39111111111111113,1,0,0
flow,0.1,1.0,0,registered,during_vibration,flow_dump_0.1_1.0.shear.wave,2035,203500,203.5,0.2035,158683.45183699526,1209.1115068290173,0.007619644599558217,7.619644599558217e+17,101,0.0006364872885658578,6.364872885658577e+26,957.0865814798781,5.237455781947407,122.39248054104787,24.159691960526576,0.0,100.23529706561789,0.006031420229394986,3.300568346173544e-05,0.0007712995849546642,0.0001522508596885338,0.0,0.0006316682420583011,5423,2776,5301,0.20562962962962963,0.39266666666666666,1,0,0
flow,0.1,1.0,0,registered,during_vibration,flow_dump_0.1_1.0.shear.wave,2036,203600,203.6,0.2036,158683.45183699526,1278.637977172437,0.008057790288592255,8.057790288592255e+17,100,0.0006301854342236216,6.301854342236216e+26,1060.192039821566,5.862195356585709,120.89227496016011,19.105998141518114,0.0,72.58546889260747,0.006681175809753807,3.6942701262936636e-05,0.0007618455079004996,0.000120403217350883,0.0,0.00045742305232413015,5424,2780,5296,0.20592592592592593,0.3922962962962963,1,0,0
flow,0.1,1.0,0,registered,during_vibration,flow_dump_0.1_1.0.shear.wave,2037,203700,203.70000000000002,0.2037,158683.45183699526,1238.4482091959237,0.007804520224755997,7.804520224755997e+17,102,0.000642789142908094,6.42789142908094e+26,1028.4503804975197,4.271659936602909,114.64754692681962,22.078856270284284,0.0,68.99976556469754,0.006481144496112783,2.691937872003752e-05,0.0007224921414275085,0.00013913773625850033,0.0,0.00043482647223717013,5430,2781,5289,0.206,0.3917777777777778,1,0,0
flow,0.1,1.0,0,registered,during_vibration,flow_dump_0.1_1.0.shear.wave,2038,203800,203.8,0.20379999999999998,158683.4518369953,1267.410436760737,0.007987035964296148,7.987035964296148e+17,107,0.0006742984146192749,6.742984146192749e+26,1022.2365409406432,14.467108360426854,130.78585184536675,21.630071022248124,0.0,78.2908645920516,0.00644198578431932,9.116960964075782e-05,0.0008241933883547867,0.00013630955699443206,0.0,0.0004933776249868479,5447,2799,5254,0.20733333333333334,0.3891851851851852,1,0,0
flow,0.1,1.0,0,registered,during_vibration,flow_dump_0.1_1.0.shear.wave,2039,203900,203.9,0.2039,158683.45183699526,1180.1450542274383,0.007437102234451777,7.437102234451777e+17,101,0.0006364872885658578,6.364872885658577e+26,917.5954103467596,12.378322698958332,120.91713519839385,29.64408108122808,0.0,99.6101049020983,0.005782552621109749,7.800638665003168e-05,0.0007620021735007618,0.00018681268108333964,0.0,0.0006277283721078931,5436,2790,5274,0.20666666666666667,0.39066666666666666,1,0,0
flow,0.1,1.0,0,registered,during_vibration,flow_dump_0.1_1.0.shear.wave,2040,204000,204.0,0.204,158683.45183699526,1243.5419477743374,0.00783662022333459,7.83662022333459e+17,110,0.0006932039776459838,6.932039776459838e+26,1025.7991462645764,6.084489327323693,115.07792730192942,25.000328141073,0.0,71.58005673943437,0.006464436804149624,3.834356548768473e-05,0.0007252043358632075,0.00015754842645315114,0.0,0.0004510870913809192,5425,2780,5295,0.20592592592592593,0.39222222222222225,1,0,0
flow,0.1,1.0,0,registered,during_vibration,flow_dump_0.1_1.0.shear.wave,2041,204100,204.1,0.2041,158683.45183699526,1247.5976709112713,0.007862178799795984,7.862178799795983e+17,108,0.0006806002689615113,6.806002689615113e+26,1013.5403959480689,0.0,119.40026103420155,28.37735816830089,0.0,86.27965576070008,0.006387183945237151,0.0,0.0007524430534625206,0.00017882997779409933,0.0,0.0005437218233022138,5422,2780,5298,0.20592592592592593,0.39244444444444443,1,0,0
flow,0.1,1.0,0,registered,during_vibration,flow_dump_0.1_1.0.shear.wave,2042,204200,204.20000000000002,0.2042,158683.4518369953,1263.6123313015128,0.007963100856915664,7.963100856915665e+17,110,0.0006932039776459837,6.932039776459836e+26,995.9731135107887,16.61282421732306,146.53648047254094,21.621272034874757,0.0,82.86864106598543,0.006276477490128486,0.00010469159843074427,0.0009234515557618945,0.00013625410705764594,0.0,0.0005222261055368946,5405,2780,5315,0.20592592592592593,0.3937037037037037,1,0,0
flow,0.1,1.0,0,registered,during_vibration,flow_dump_0.1_1.0.shear.wave,2043,204300,204.3,0.20429999999999998,158683.45183699526,1246.1254335038116,0.007852900974096981,7.852900974096982e+17,102,0.000642789142908094,6.42789142908094e+26,1030.9807421103744,4.497945464553629,114.89575888004114,24.8091698288033,0.0,70.94181722003894,0.00649709046643018,2.834539715693898e-05,0.0007240563370027126,0.0001563437746129198,0.0,0.00044706499889423035,5421,2780,5299,0.20592592592592593,0.39251851851851854,1,0,0
flow,0.1,1.0,0,registered,during_vibration,flow_dump_0.1_1.0.shear.wave,2044,204400,204.4,0.2044,158683.45183699526,1232.0619499394452,0.007764274949129912,7.764274949129911e+17,101,0.0006364872885658578,6.364872885658577e+26,994.229721397674,0.0,123.9722872184495,23.905731457795437,0.0,89.95420986552602,0.006265490886970235,0.0,0.0007812552965245413,0.00015065043759164107,0.0,0.000566878328043493,5440,2785,5275,0.20629629629629628,0.3907407407407407,1,0,0
flow,0.1,1.0,0,registered,during_vibration,flow_dump_0.1_1.0.shear.wave,2045,204500,204.5,0.2045,158683.45183699526,1258.8497235990799,0.007933087596885722,7.933087596885722e+17,104,0.0006553928515925665,6.553928515925665e+26,1037.088258628288,5.279954675000068,122.39009443177491,21.436669896264174,0.0,72.65474596775233,0.006535579145918873,3.3273505295459586e-05,0.0007712845480415812,0.00013509077126885676,0.0,0.00045785962636094924,5429,2775,5296,0.20555555555555555,0.3922962962962963,1,0,0
flow,0.1,1.0,0,registered,during_vibration,flow_dump_0.1_1.0.shear.wave,2046,204600,204.6,0.2046,158683.4518369953,1315.0830752047561,0.008287461987880447,8.287461987880447e+17,104,0.0006553928515925663,6.553928515925663e+26,1095.8782756936484,5.469364322508537,111.64120580913692,20.603804484881802,0.0,81.4904248945802,0.006906065270242354,3.4467137305072254e-05,0.0007035466176007964,0.0001298421747596384,0.0,0.0005135407879725844,5412,2779,5309,0.20585185185185184,0.39325925925925925,1,0,0
flow,0.1,1.0,0,registered,during_vibration,flow_dump_0.1_1.0.shear.wave,2047,204700,204.70000000000002,0.2047,158683.45183699526,1142.664726266612,0.007200906666943406,7.200906666943406e+17,97,0.000611279871196913,6.112798711969129e+26,909.9500814471936,8.93745134536736,117.17338116086827,19.540742693633682,0.0,87.06306961954937,0.005734372871986196,5.6322516569328214e-05,0.0007384095808631169,0.00012314291419439604,0.0,0.0005486587833303712,5413,2773,5314,0.2054074074074074,0.3936296296296296,1,0,0
flow,0.1,1.0,0,registered,during_vibration,flow_dump_0.1_1.0.shear.wave,2048,204800,204.8,0.20479999999999998,158683.45183699526,1213.926642130589,0.007649988880866881,7.649988880866881e+17,106,0.0006679965602770389,6.679965602770389e+26,984.7510288404012,16.62175695668165,114.92327340322952,24.780186937667295,0.0,72.85039599260978,0.0062057575471194636,0.00010474789125305929,0.0007242297295201417,0.0001561611286545638,0.0,0.00045909258431965573,5431,2789,5280,0.2065925925925926,0.39111111111111113,1,0,0
flow,0.1,1.0,0,registered,during_vibration,flow_dump_0.1_1.0.shear.wave,2049,204900,204.9,0.2049,158683.45183699526,1265.1482810977327,0.007972780188808431,7.972780188808431e+17,107,0.0006742984146192752,6.742984146192752e+26,1006.7385499122292,15.032287229810223,124.3719839730052,23.21043620988857,0.0,95.79502377279952,0.0063443197022609735,9.473128455292157e-05,0.0007837741272528159,0.00014626878821448298,0.0,0.0006036862865272382,5440,2780,5280,0.20592592592592593,0.39111111111111113,1,0,0
flow,0.1,1.0,0,registered,during_vibration,flow_dump_0.1_1.0.shear.wave,2050,205000,205.0,0.205,158683.45183699526,1362.4166834037421,0.008585751492242936,8.585751492242936e+17,110,0.0006932039776459838,6.932039776459838e+26,1091.3664248845296,4.27804828384292,144.97889399005746,29.691560868499646,0.0,92.10175537681336,0.006877632243629387,2.6959637153831696e-05,0.0009136358726238476,0.0001871118917869254,0.0,0.000580411847048949,5426,2782,5292,0.20607407407407408,0.392,1,0,0
flow,0.1,1.0,0,registered,during_vibration,flow_dump_0.1_1.0.shear.wave,2051,205100,205.1,0.2051,158683.45183699526,1315.9316019841149,0.008292809280049454,8.292809280049454e+17,116,0.0007310151036994011,7.310151036994011e+26,1056.9786791185122,15.001515019129885,131.3238581614465,28.714770832509117,0.0,83.91277885251652,0.006660925678654096,9.453736256342547e-05,0.0008275838257939246,0.0001809563032571654,0.0,0.0005288061097808385,5418,2783,5299,0.20614814814814814,0.39251851851851854,1,0,0
flow,0.1,1.0,0,registered,during_vibration,flow_dump_0.1_1.0.shear.wave,2052,205200,205.20000000000002,0.2052,158683.45183699526,1248.6277460999468,0.00786867018359657,7.86867018359657e+17,106,0.0006679965602770389,6.679965602770389e+26,976.8457248683318,8.747962049471225,137.84158891421313,32.83096326479446,0.0,92.36150700313544,0.006155939472956381,5.5128382627177865e-05,0.0008686576156397735,0.00020689594841004268,0.0,0.0005820487639631897,5398,2784,5318,0.20622222222222222,0.3939259259259259,1,0,0
flow,0.1,1.0,0,registered,during_vibration,flow_dump_0.1_1.0.shear.wave,2053,205300,205.3,0.20529999999999998,158683.45183699526,1278.3195912585186,0.00805578386693812,8.055783866938121e+17,114,0.0007184113950149286,7.184113950149286e+26,1012.0901970390552,4.6114005252336865,134.4025528546911,26.60320777820851,0.0,100.61223306133026,0.006378045002945277,2.9060374423734276e-05,0.0008469853113149676,0.00016764954045451558,0.0,0.0006340436377996263,5403,2784,5313,0.20622222222222222,0.39355555555555555,1,0,0
flow,0.1,1.0,0,registered,during_vibration,flow_dump_0.1_1.0.shear.wave,2054,205400,205.4,0.2054,158683.45183699526,1227.8497626035237,0.007737730358076723,7.737730358076723e+17,104,0.0006553928515925665,6.553928515925665e+26,985.8512118702008,5.995654989064827,117.43512624432647,26.576666090253426,0.0,91.99110340967823,0.0062126907403230605,3.778374442738841e-05,0.0007400590602538669,0.00016748227860302554,0.0,0.0005797145344693816,5430,2789,5281,0.2065925925925926,0.3911851851851852,1,0,0
flow,0.1,1.0,0,registered,during_vibration,flow_dump_0.1_1.0.shear.wave,2055,205500,205.5,0.2055,158683.45183699526,1241.8758833308916,0.007826120927887216,7.826120927887215e+17,104,0.0006553928515925665,6.553928515925665e+26,981.0107421171637,5.258592598020849,136.3391549236995,33.56738792868586,0.0,85.70000576332234,0.006182186804991421,3.313888459788891e-05,0.000859189495472732,0.00021153678937591654,0.0,0.0005400689534492616,5403,2773,5324,0.2054074074074074,0.39437037037037037,1,0,0
flow,0.1,1.0,0,registered,during_vibration,flow_dump_0.1_1.0.shear.wave,2056,205600,205.6,0.20559999999999998,158683.45183699526,1345.152465144211,0.008476954903438796,8.476954903438796e+17,102,0.000642789142908094,6.42789142908094e+26,1078.8599507835856,0.0,126.36841777387563,21.654371211150313,0.0,118.26972537559939,0.00679881826551029,0.0,0.0007963553622698184,0.0001364626932453825,0.0,0.0007453185824133059,5399,2773,5328,0.2054074074074074,0.39466666666666667,1,0,0
flow,0.1,1.0,0,registered,during_vibration,flow_dump_0.1_1.0.shear.wave,2057,205700,205.70000000000002,0.2057,158683.4518369953,1296.305322038019,0.008169127322549206,8.169127322549206e+17,111,0.0006995058319882199,6.995058319882199e+26,1050.0280144179194,4.071523029389303,129.70705309099208,31.322783025289446,0.0,81.17594847442912,0.006617123602129236,2.5658145082271728e-05,0.0008173949557401317,0.0001973916162188431,0.0,0.0005115590033787244,5409,2774,5317,0.2054814814814815,0.39385185185185184,1,0,0
flow,0.1,1.0,0,registered,during_vibration,flow_dump_0.1_1.0.shear.wave,2058,205800,205.8,0.20579999999999998,158683.45183699526,1271.7874972764785,0.008014619562113506,8.014619562113505e+17,106,0.0006679965602770389,6.679965602770389e+26,1010.608818427804,11.584500407066976,135.98139241966106,37.2693508911113,0.0,76.34343513083529,0.006368709570711468,7.300383419291224e-05,0.000856934928283168,0.00023486602074547494,0.0,0.0004811052081804832,5411,2794,5295,0.20696296296296296,0.39222222222222225,1,0,0
flow,0.1,1.0,0,registered,during_vibration,flow_dump_0.1_1.0.shear.wave,2059,205900,205.9,0.2059,158683.45183699526,1262.7156480696126,0.007957450089797105,7.957450089797105e+17,111,0.00069950583198822,6.995058319882199e+26,994.4678971576024,14.974106583993965,111.70968069154061,38.90818735453542,0.0,102.65577628194053,0.006266991835917155,9.436463859745028e-05,0.0007039781363358064,0.0002451937294287193,0.0,0.0006469217495179765,5419,2790,5291,0.20666666666666667,0.3919259259259259,1,0,0
flow,0.1,1.0,0,registered,during_vibration,flow_dump_0.1_1.0.shear.wave,2060,206000,206.0,0.206,158683.45183699526,1297.211170057108,0.008174835844821707,8.174835844821708e+17,110,0.0006932039776459838,6.932039776459838e+26,1022.6653231703472,5.4907202639022765,137.7698827176889,35.10215638797695,0.0,96.18308751719275,0.006444687907475455,3.460171933707694e-05,0.0008682057336338419,0.00022120867665542725,0.0,0.0006061318077199071,5411,2789,5300,0.2065925925925926,0.3925925925925926,1,0,0
flow,0.1,1.0,0,registered,during_vibration,flow_dump_0.1_1.0.shear.wave,2061,206100,206.1,0.20609999999999998,158683.4518369953,1263.399513063319,0.007961759707377197,7.961759707377197e+17,111,0.0006995058319882199,6.995058319882199e+26,1030.2592589467904,5.509205584049206,117.27049524099192,26.75767384256801,0.0,83.60287944891977,0.006492543784622896,3.4718211132112494e-05,0.0007390215796506363,0.0001686229630929276,0.0,0.0005268531688786258,5411,2774,5315,0.2054814814814815,0.3937037037037037,1,0,0
flow,0.1,1.0,0,registered,during_vibration,flow_dump_0.1_1.0.shear.wave,2062,206200,206.20000000000002,0.2062,158683.45183699526,1242.6501659090316,0.007831000343914384,7.831000343914385e+17,104,0.0006553928515925665,6.553928515925665e+26,984.1061225095801,29.29355290549536,115.36619027097423,22.894991662233192,0.0,90.98930856074867,0.006201693441358243,0.00018460370357702225,0.0007270209271063884,0.0001442809026221062,0.0,0.0005734013692506249,5398,2774,5328,0.2054814814814815,0.39466666666666667,1,0,0
flow,0.1,1.0,0,registered,during_vibration,flow_dump_0.1_1.0.shear.wave,2063,206300,206.3,0.20629999999999998,158683.45183699526,1236.0866836561981,0.007789638234779176,7.789638234779176e+17,104,0.0006553928515925665,6.553928515925665e+26,960.3132318858708,5.1106512876617955,126.12883127160958,24.399127896730086,0.0,120.13484131432632,0.006051754110266869,3.22065800088066e-05,0.0007948455230301719,0.00015375975008278527,0.0,0.0007570722713905461,5398,2778,5324,0.20577777777777778,0.39437037037037037,1,0,0
flow,0.1,1.0,0,registered,during_vibration,flow_dump_0.1_1.0.shear.wave,2064,206400,206.4,0.2064,158683.45183699526,1245.8893514536192,0.007851413219403853,7.851413219403853e+17,102,0.000642789142908094,6.42789142908094e+26,993.1689435782911,13.662119517326321,133.3086578838199,23.613738990877504,0.0,82.13589148330473,0.006258806019663009,8.609668720441303e-05,0.0008400917445428326,0.00014881034359609405,0.0,0.0005176084243975065,5417,2776,5307,0.20562962962962963,0.39311111111111113,1,0,0
flow,0.1,1.0,0,registered,during_vibration,flow_dump_0.1_1.0.shear.wave,2065,206500,206.5,0.2065,158683.4518369953,1245.133940445563,0.00784665272926256,7.846652729262559e+17,101,0.0006364872885658577,6.364872885658577e+26,1004.6948929890912,4.712641894886597,115.83038821751151,32.49585499912598,0.0,87.4001623449468,0.006331440874005854,2.9698382788695407e-05,0.0007299462349514314,0.00020478414493092046,0.0,0.0005507830925856531,5401,2772,5327,0.20533333333333334,0.3945925925925926,1,0,0
flow,0.1,1.0,0,registered,during_vibration,flow_dump_0.1_1.0.shear.wave,2066,206600,206.6,0.20659999999999998,158683.45183699526,1247.0896900927148,0.007858977578668791,7.858977578668791e+17,105,0.0006616947059348027,6.616947059348027e+26,997.6590003241333,0.0,108.31660320748846,31.106843488956372,0.0,110.00724307213673,0.006287101703263682,0.0,0.0006825954562593884,0.00019603079671414207,0.0,0.0006932496224315798,5401,2771,5328,0.20525925925925925,0.39466666666666667,1,0,0
flow,0.1,1.0,0,registered,during_vibration,flow_dump_0.1_1.0.shear.wave,2067,206700,206.70000000000002,0.2067,158683.45183699526,1144.6500038187182,0.00721341759690569,7.213417596905691e+17,97,0.000611279871196913,6.112798711969129e+26,933.3681863451495,8.546009314660344,103.57677875292136,22.516589824784845,0.0,76.64243958120205,0.005881950358024322,5.3855705908383436e-05,0.0006527257729389373,0.00014189626935967218,0.0,0.000482989490674375,5414,2774,5312,0.2054814814814815,0.3934814814814815,1,0,0
flow,0.1,1.0,0,registered,during_vibration,flow_dump_0.1_1.0.shear.wave,2068,206800,206.8,0.20679999999999998,158683.45183699526,1217.3807052351567,0.0076717558834407595,7.671755883440759e+17,107,0.0006742984146192752,6.742984146192752e+26,984.6957336592016,18.627961301495425,122.2386024603942,21.91368315875375,0.0,69.90472465531175,0.006205409084941715,0.00011739069881483713,0.0007703298677039218,0.00013809683936838094,0.0,0.00044052939261190343,5417,2792,5291,0.2068148148148148,0.3919259259259259,1,0,0
flow,0.1,1.0,0,registered,during_vibration,flow_dump_0.1_1.0.shear.wave,2069,206900,206.9,0.2069,158683.4518369953,1207.2621866785114,0.007607990453337565,7.607990453337564e+17,103,0.0006490909972503301,6.490909972503302e+26,961.2331770592867,18.377780093139933,120.66768824449773,16.73876830831508,0.0,90.24477297327176,0.006057551470752578,0.00011581409328061615,0.0007604301951311938,0.00010548527974744133,0.0,0.0005687094144257341,5434,2785,5281,0.20629629629629628,0.3911851851851852,1,0,0
flow,0.1,1.0,0,registered,during_vibration,flow_dump_0.1_1.0.shear.wave,2070,207000,207.0,0.207,158683.45183699526,1261.9820500749136,0.007952827062088755,7.952827062088755e+17,112,0.0007058076863304561,7.058076863304562e+26,1020.8112317321535,8.249296716452937,120.4881221453378,31.1598686905398,0.0,81.27353079042912,0.006433003693294772,5.19858663329739e-05,0.0007592985957294846,0.00019636495381098856,0.0,0.0005121739529205346,5422,2782,5296,0.20607407407407408,0.3922962962962963,1,0,0
flow,0.1,1.0,0,registered,during_vibration,flow_dump_0.1_1.0.shear.wave,2071,207100,207.1,0.20709999999999998,158683.45183699526,1276.7020183410968,0.008045590158024583,8.045590158024582e+17,110,0.0006932039776459838,6.932039776459838e+26,994.2045436405585,8.769465227093123,127.0857748232563,22.6536482467718,0.0,123.98858640341764,0.0062653322204122295,5.5263892520446305e-05,0.0008008760419063917,0.0001427599915714107,0.0,0.0007813580116141077,5410,2777,5313,0.2057037037037037,0.39355555555555555,1,0,0
flow,0.1,1.0,0,registered,during_vibration,flow_dump_0.1_1.0.shear.wave,2072,207200,207.20000000000002,0.2072,158683.45183699526,1248.2778047686636,0.007866464904298494,7.866464904298493e+17,108,0.0006806002689615113,6.806002689615113e+26,983.1365264582503,8.249972702000571,128.12404326022644,19.98257616731275,0.0,108.78468618087348,0.006195583188271955,5.199012629543255e-05,0.0008074190583643188,0.00012592728438904578,0.0,0.0006855452469777416,5397,2791,5312,0.20674074074074075,0.3934814814814815,1,0,0
flow,0.1,1.0,0,registered,during_vibration,flow_dump_0.1_1.0.shear.wave,2073,207300,207.3,0.20729999999999998,158683.45183699526,1255.9768397558594,0.007914983101363583,7.914983101363583e+17,108,0.0006806002689615113,6.806002689615113e+26,995.8336371403689,4.110131937974167,139.17614037440538,13.87216012244948,0.0,102.98477018066103,0.006275598530357918,2.5901452800486255e-05,0.0008770677645541237,8.742033250385434e-05,0.0,0.0006489950211471975,5410,2796,5294,0.2071111111111111,0.39214814814814813,1,0,0
flow,0.1,1.0,0,registered,during_vibration,flow_dump_0.1_1.0.shear.wave,2074,207400,207.4,0.2074,158683.45183699526,1247.4369933104163,0.007861166232959337,7.861166232959337e+17,101,0.0006364872885658578,6.364872885658577e+26,1016.1091157613287,3.8208778734410767,113.74603154275803,20.444755672850377,0.0,93.31621246003837,0.006403371643346331,2.407861581789893e-05,0.0007168109227898673,0.00012883987231291066,0.0,0.0005880651786923301,5422,2782,5296,0.20607407407407408,0.3922962962962963,1,0,0
flow,0.1,1.0,0,registered,during_vibration,flow_dump_0.1_1.0.shear.wave,2075,207500,207.5,0.2075,158683.45183699526,1265.7041495764918,0.007976283190995012,7.976283190995012e+17,106,0.0006679965602770389,6.679965602770389e+26,1064.108588134204,6.121620224902902,98.38656020202438,20.91914400752345,0.0,76.16823700783698,0.006705857326744382,3.857755899582539e-05,0.0006200177716268122,0.00013182939849967637,0.0,0.0004800011351283147,5399,2778,5323,0.20577777777777778,0.3942962962962963,1,0,0
flow,0.1,1.0,0,registered,during_vibration,flow_dump_0.1_1.0.shear.wave,2076,207600,207.6,0.20759999999999998,158683.4518369953,1262.6782544769599,0.007957214440822874,7.957214440822874e+17,103,0.0006490909972503301,6.490909972503302e+26,1034.5152598480586,0.0,112.29625295084105,24.720729728472172,0.0,91.14601194958804,0.006519364482383114,0.0,0.000707674629275114,0.00015578643798262024,0.0,0.0005743888911820253,5391,2770,5339,0.2051851851851852,0.3954814814814815,1,0,0
flow,0.1,1.0,0,registered,during_vibration,flow_dump_0.1_1.0.shear.wave,2077,207700,207.70000000000002,0.2077,158683.45183699526,1263.1981835528495,0.007960490958127425,7.960490958127425e+17,106,0.0006679965602770389,6.679965602770389e+26,1038.363333747405,0.0,113.01071880110844,20.21024611705183,0.0,91.61388488728423,0.006543614483594957,0.0,0.0007121770889960011,0.0001273620272504057,0.0,0.000577337358286061,5397,2778,5325,0.20577777777777778,0.39444444444444443,1,0,0
flow,0.1,1.0,0,registered,during_vibration,flow_dump_0.1_1.0.shear.wave,2078,207800,207.8,0.20779999999999998,158683.45183699526,1185.5143396605902,0.00747093868917339,7.47093868917339e+17,105,0.0006616947059348027,6.616947059348027e+26,945.8695955623303,15.4009850737846,110.90718261824996,22.273487498628082,0.0,91.06308890759728,0.005960732417983685,9.705476466194463e-05,0.0006989209103680035,0.00014036427390997345,0.0,0.0005738663222497845,5412,2796,5292,0.2071111111111111,0.392,1,0,0
flow,0.1,1.0,0,registered,during_vibration,flow_dump_0.1_1.0.shear.wave,2079,207900,207.9,0.2079,158683.45183699526,1227.3800327975982,0.0077347701892595735,7.734770189259574e+17,110,0.0006932039776459838,6.932039776459838e+26,978.6570903462533,15.363589139395147,117.65481104523153,22.622516136184824,0.0,93.08202613053392,0.006167354434358797,9.681910093043047e-05,0.0007414434818703738,0.0001425638015451252,0.0,0.0005865893705548501,5419,2795,5286,0.20703703703703705,0.39155555555555555,1,0,0
flow,0.1,1.0,0,registered,during_vibration,flow_dump_0.1_1.0.shear.wave,2080,208000,208.0,0.208,158683.4518369953,1277.949990813942,0.00805345469877157,8.05345469877157e+17,107,0.0006742984146192749,6.742984146192749e+26,1045.6522430139612,5.3619852625463835,117.33400339813615,25.216598763809657,0.0,84.38516037548925,0.006589548128106569,3.379045010978452e-05,0.000739421798806503,0.00015891133241614224,0.0,0.0005317829893325763,5396,2773,5331,0.2054074074074074,0.3948888888888889,1,0,0
flow,0.1,1.0,0,registered,during_vibration,flow_dump_0.1_1.0.shear.wave,2081,208100,208.1,0.20809999999999998,158683.45183699526,1334.7957769327559,0.00841168856286225,8.41168856286225e+17,108,0.0006806002689615113,6.806002689615113e+26,1092.6565744239924,6.904832299886172,105.633626861744,32.31898828155509,0.0,97.28175506557747,0.006885762578106786,4.351324741145055e-05,0.0006656877301248416,0.00020366955663879934,0.0,0.0006130554505803694,5396,2783,5321,0.20614814814814814,0.39414814814814814,1,0,0
flow,0.1,1.0,0,registered,during_vibration,flow_dump_0.1_1.0.shear.wave,2082,208200,208.20000000000002,0.2082,158683.45183699526,1217.057557500737,0.007669719453487422,7.669719453487423e+17,102,0.000642789142908094,6.42789142908094e+26,974.3722383713557,13.203290968447616,115.07065950891136,25.265663743496397,0.0,89.14570490852623,0.006140351921334949,8.320521652131982e-05,0.0007251585352902181,0.00015922053277143288,0.0,0.0005617832475695043,5393,2789,5318,0.2065925925925926,0.3939259259259259,1,0,0
flow,0.1,1.0,0,registered,during_vibration,flow_dump_0.1_1.0.shear.wave,2083,208300,208.3,0.20829999999999999,158683.45183699526,1194.2817747579393,0.007526189788111894,7.526189788111894e+17,102,0.000642789142908094,6.42789142908094e+26,936.9152811660581,9.38241436960146,123.80840986077828,30.086222060324957,0.0,94.08944730117702,0.0059043036329237885,5.9126608735732424e-05,0.0007802225652865067,0.00018959898913234187,0.0,0.000592937992033528,5389,2787,5324,0.20644444444444446,0.39437037037037037,1,0,0
flow,0.1,1.0,0,registered,during_vibration,flow_dump_0.1_1.0.shear.wave,2084,208400,208.4,0.2084,158683.4518369953,1272.492742060576,0.008019063912018507,8.019063912018508e+17,103,0.0006490909972503301,6.490909972503302e+26,1024.6198204662464,3.6123545359371807,117.99779704524573,19.40252801138522,0.0,106.8602420017612,0.006457004864746506,2.2764532117992407e-05,0.0007436049296838894,0.00012227190539890772,0.0,0.0006734176800712115,5405,2792,5303,0.2068148148148148,0.39281481481481484,1,0,0
flow,0.1,1.0,0,registered,during_vibration,flow_dump_0.1_1.0.shear.wave,2085,208500,208.5,0.2085,158683.45183699526,1285.386640132893,0.008100319379573893,8.100319379573893e+17,106,0.0006679965602770389,6.679965602770389e+26,1031.1607267617924,4.940221664824593,119.72559225554738,22.10504911100714,0.0,107.45505033972067,0.006498224703487253,3.113255735008429e-05,0.0007544932434324239,0.00013930279972554515,0.0,0.0006771660755785798,5379,2776,5345,0.20562962962962963,0.3959259259259259,1,0,0
flow,0.1,1.0,0,registered,during_vibration,flow_dump_0.1_1.0.shear.wave,2086,208600,208.6,0.20859999999999998,158683.45183699526,1309.481457773973,0.008252161410750723,8.252161410750723e+17,96,0.0006049780168546768,6.049780168546768e+26,1082.2511734089098,4.43019318310754,100.92466965982852,25.78527527321144,0.0,96.09014624891647,0.006820189256537179,2.7918432147911534e-05,0.000636012567734546,0.00016249504894624365,0.0,0.0006055461053848473,5375,2767,5358,0.20496296296296296,0.3968888888888889,1,0,0
flow,0.1,1.0,0,registered,during_vibration,flow_dump_0.1_1.0.shear.wave,2087,208700,208.70000000000002,0.2087,158683.45183699526,1221.0889582155762,0.007695124753587526,7.695124753587526e+17,98,0.0006175817255391491,6.1758172553914915e+26,1002.9637072495328,10.001994471398913,106.69095008391407,24.44010948660967,0.0,76.9921969241206,0.006320531193635802,6.303111229060787e-05,0.0006723508270636213,0.00015401801009291968,0.0,0.00048519361050457525,5394,2776,5330,0.20562962962962963,0.39481481481481484,1,0,0
flow,0.1,1.0,0,registered,during_vibration,flow_dump_0.1_1.0.shear.wave,2088,208800,208.8,0.20879999999999999,158683.4518369953,1215.5646413299523,0.007660311313233967,7.660311313233967e+17,101,0.0006364872885658577,6.364872885658577e+26,1007.8730578691076,18.990359431887846,107.6192800201687,15.24506668325088,0.0,65.8368773255372,0.006351469206155327,0.00011967447904646888,0.0006782010271034353,9.60721896755252e-05,0.0,0.0004148944112532096,5397,2792,5311,0.2068148148148148,0.39340740740740743,1,0,0
flow,0.1,1.0,0,registered,during_vibration,flow_dump_0.1_1.0.shear.wave,2089,208900,208.9,0.2089,158683.45183699526,1233.6237014645305,0.007774116879759765,7.774116879759766e+17,105,0.0006616947059348027,6.616947059348027e+26,983.5049118634307,6.538677995091831,125.71709764785344,22.296629180052634,0.0,95.56638477810247,0.0061979046994372075,4.120579631585385e-05,0.0007922508377054596,0.0001405101094155454,0.0,0.000602245436885702,5404,2799,5297,0.20733333333333334,0.39237037037037037,1,0,0
flow,0.1,1.0,0,registered,during_vibration,flow_dump_0.1_1.0.shear.wave,2090,209000,209.0,0.209,158683.45183699526,1310.1534299628493,0.008256396081607054,8.256396081607054e+17,112,0.0007058076863304561,7.058076863304562e+26,1051.0086324488377,4.971939578871215,118.77558140960286,40.132830225320916,0.0,95.26444630021663,0.006623303314125455,3.133243902444567e-05,0.000748506413457737,0.0002529112504216675,0.0,0.000600342664577749,5392,2779,5329,0.20585185185185184,0.3947407407407407,1,0,0
flow,0.1,1.0,0,registered,during_vibration,flow_dump_0.1_1.0.shear.wave,2091,209100,209.1,0.20909999999999998,158683.45183699526,1294.0251266833875,0.008154757863552475,8.154757863552475e+17,111,0.00069950583198822,6.995058319882199e+26,1043.1700697705894,7.001933070242212,104.91816767318711,39.90728264068919,0.0,99.02767352868025,0.006573905833874645,4.412516232275324e-05,0.0006611790105307416,0.00025148988239607513,0.0,0.000624057974428264,5378,2773,5349,0.2054074074074074,0.3962222222222222,1,0,0
flow,0.1,1.0,0,registered,during_vibration,flow_dump_0.1_1.0.shear.wave,2092,209200,209.20000000000002,0.2092,158683.45183699526,1287.1136267024997,0.008111202597386551,8.111202597386551e+17,107,0.0006742984146192752,6.742984146192752e+26,1053.6968813053286,2.875021839996347,113.86827058409966,25.43904875396862,0.0,91.23440421910625,0.006640244266854744,1.8117968866404934e-05,0.0007175812554233368,0.00016031317985255595,0.0,0.0005749459263895089,5369,2776,5355,0.20562962962962963,0.39666666666666667,1,0,0
flow,0.1,1.0,0,registered,during_vibration,flow_dump_0.1_1.0.shear.wave,2093,209300,209.3,0.20929999999999999,158683.45183699526,1264.1750524579209,0.007966647043678644,7.966647043678644e+17,108,0.0006806002689615113,6.806002689615113e+26,994.1460664148201,11.911525835128689,120.60715449307807,26.842190631403064,0.0,110.66811508349184,0.006264963705453288,7.50647008067646e-05,0.0007600487202469581,0.00016915557558563966,0.0,0.0006974143415860003,5373,2784,5343,0.20622222222222222,0.3957777777777778,1,0,0
flow,0.1,1.0,0,registered,during_vibration,flow_dump_0.1_1.0.shear.wave,2094,209400,209.4,0.2094,158683.45183699526,1257.383157819757,0.00792384551296112,7.92384551296112e+17,105,0.0006616947059348027,6.616947059348027e+26,1040.1215080447223,12.433069330104548,103.87040679167562,20.0595544696322,0.0,80.89861918362212,0.006554694241924915,7.835139194524327e-05,0.0006545761740699631,0.00012641239043777557,0.0,0.0005098113145832231,5369,2775,5356,0.20555555555555555,0.3967407407407407,1,0,0
flow,0.1,1.0,0,registered,during_vibration,flow_dump_0.1_1.0.shear.wave,2095,209500,209.5,0.2095,158683.45183699526,1284.2764955823468,0.008093323410317523,8.093323410317522e+17,107,0.0006742984146192752,6.742984146192752e+26,1041.0212642870972,4.106141291762508,116.81106370939621,24.311534663581675,0.0,98.02649163050904,0.006560364374707879,2.5876304329328987e-05,0.0007361263090582897,0.00015320775028611846,0.0,0.0006177486719359055,5366,2770,5364,0.2051851851851852,0.3973333333333333,1,0,0
flow,0.1,1.0,0,registered,during_vibration,flow_dump_0.1_1.0.shear.wave,2096,209600,209.6,0.20959999999999998,158683.45183699526,1275.7523192923775,0.008039605292950593,8.039605292950592e+17,98,0.0006175817255391491,6.1758172553914915e+26,1042.1741955077832,5.105546817614873,115.93647593537113,22.304584446619014,0.0,90.2315165849899,0.006567629979327259,3.217441238207658e-05,0.0007306147842968832,0.0001405602423467004,0.0,0.0005686258745976778,5373,2768,5359,0.20503703703703705,0.39696296296296296,1,0,0
flow,0.1,1.0,0,registered,during_vibration,flow_dump_0.1_1.0.shear.wave,2097,209700,209.70000000000002,0.2097,158683.45183699526,1263.4013724093882,0.007961771424705298,7.961771424705298e+17,106,0.0006679965602770389,6.679965602770389e+26,1043.9811593415193,9.84353797896991,108.70489085032844,22.0646064270942,0.0,78.80717781147696,0.006579017202209153,6.203254255573862e-05,0.0006850423884274562,0.00013904793582231672,0.0,0.0004966313556906376,5381,2769,5350,0.2051111111111111,0.3962962962962963,1,0,0
flow,0.1,1.0,0,registered,during_vibration,flow_dump_0.1_1.0.shear.wave,2098,209800,209.8,0.2098,158683.45183699526,1281.097840566583,0.008073291989403961,8.073291989403962e+17,108,0.0006806002689615113,6.806002689615113e+26,988.4455649148637,29.548387091639057,100.21347287956108,22.87466743500569,0.0,140.01574824551358,0.006229039975322863,0.00018620963149952214,0.0006315307092166333,0.00014415282230249998,0.0,0.0008823588510624426,5405,2803,5292,0.20762962962962964,0.392,1,0,0
flow,0.1,1.0,0,registered,during_vibration,flow_dump_0.1_1.0.shear.wave,2099,209900,209.9,0.2099,158683.4518369953,1202.8311355979897,0.007580066614845109,7.580066614845108e+17,105,0.0006616947059348026,6.616947059348026e+26,984.3620325708487,14.27913864981993,93.95744704917463,18.556854596620383,0.0,91.67566273152626,0.006203306149289069,8.99850519037607e-05,0.0005921061456722704,0.00011694259471795822,0.0,0.0005777266732620514,5409,2789,5302,0.2065925925925926,0.3927407407407407,1,0,0
flow,0.1,1.0,0,registered,during_vibration,flow_dump_0.1_1.0.shear.wave,2100,210000,210.0,0.21,158683.45183699526,1246.3900718940238,0.007854568686685463,7.854568686685463e+17,108,0.0006806002689615113,6.806002689615113e+26,999.1618408424736,0.0,120.89246598387292,30.237516641237743,0.0,96.09824842643961,0.006296572385309873,0.0,0.0007618467117041137,0.0001905524255440239,0.0,0.0006055971641274531,5392,2782,5326,0.20607407407407408,0.39451851851851855,1,0,0
flow,0.1,1.0,0,registered,during_vibration,flow_dump_0.1_1.0.shear.wave,2101,210100,210.1,0.21009999999999998,158683.45183699526,1273.3545374928465,0.008024494821305484,8.024494821305484e+17,110,0.0006932039776459838,6.932039776459838e+26,1028.6923412711105,9.531239402810883,117.61200658675742,39.924699670129385,0.0,77.59425056203902,0.006482669297664488,6.0064482417496676e-05,0.0007411737344078717,0.00025159964197868167,0.0,0.0004889876648369505,5385,2781,5334,0.206,0.39511111111111114,1,0,0
flow,0.1,1.0,0,registered,during_vibration,flow_dump_0.1_1.0.shear.wave,2102,210200,210.20000000000002,0.2102,158683.45183699526,1258.8310111297342,0.007932969673629522,7.932969673629522e+17,102,0.000642789142908094,6.42789142908094e+26,1023.0283001695923,4.46376869205765,113.56300834365749,27.921269288843057,0.0,89.85466463558379,0.00644697533565428,2.813002011478158e-05,0.0007156575372478856,0.0001759557721086423,0.0,0.0005662510085039326,5370,2787,5343,0.20644444444444446,0.3957777777777778,1,0,0
flow,0.1,1.0,0,registered,during_vibration,flow_dump_0.1_1.0.shear.wave,2103,210300,210.3,0.2103,158683.4518369953,1234.4095203071245,0.007779068995645175,7.779068995645175e+17,107,0.0006742984146192749,6.742984146192749e+26,960.9288902432096,4.016690670018491,125.65067642403905,31.037581299039495,0.0,112.7756816708178,0.006055633899559398,2.531259954027572e-05,0.0007918322608277481,0.00019559431648186158,0.0,0.0007106959192358923,5377,2793,5330,0.2068888888888889,0.39481481481481484,1,0,0
flow,0.1,1.0,0,registered,during_vibration,flow_dump_0.1_1.0.shear.wave,2104,210400,210.4,0.2104,158683.45183699526,1269.7326054875589,0.008001669933370677,8.001669933370676e+17,110,0.0006932039776459838,6.932039776459838e+26,1041.0704040522692,0.0,106.58605096176399,24.98082409438797,0.0,97.0953263791381,0.006560674046350404,0.0,0.000671689768075203,0.00015742551479185792,0.0,0.0006118806041532141,5389,2795,5316,0.20703703703703705,0.3937777777777778,1,0,0
flow,0.1,1.0,0,registered,during_vibration,flow_dump_0.1_1.0.shear.wave,2105,210500,210.5,0.2105,158683.45183699526,1336.4991190341364,0.00842242277668015,8.42242277668015e+17,112,0.0007058076863304561,7.058076863304562e+26,1098.5474219401453,3.6190410285110204,97.28686921811533,24.645591783273293,0.0,112.40019506409223,0.0069228858411059056,2.2806669420253196e-05,0.000613087679224747,0.000155312929596402,0.0,0.0007083296573328473,5366,2779,5355,0.20585185185185184,0.39666666666666667,1,0,0
flow,0.1,1.0,0,registered,during_vibration,flow_dump_0.1_1.0.shear.wave,2106,210600,210.6,0.21059999999999998,158683.45183699526,1227.397725978824,0.007734881689110509,7.734881689110509e+17,102,0.000642789142908094,6.42789142908094e+26,980.8753039813698,0.0,116.42073915555711,25.317758618412036,0.0,104.78392422348553,0.006181333293587264,0.0,0.0007336665405737974,0.00015954882708512827,0.0,0.0006603330278643229,5378,2785,5337,0.20629629629629628,0.3953333333333333,1,0,0
flow,0.1,1.0,0,registered,during_vibration,flow_dump_0.1_1.0.shear.wave,2107,210700,210.70000000000002,0.2107,158683.4518369953,1276.7307574557065,0.008045771267738776,8.045771267738776e+17,106,0.0006679965602770388,6.679965602770388e+26,1062.692767722325,1.9978899028151516,100.3699920692923,21.529609265940625,0.0,90.14049849533275,0.0066969350327339555,1.2590411159365552e-05,0.000632517070352084,0.00013567646163921697,0.0,0.0005680522918541497,5390,2795,5315,0.20703703703703705,0.3937037037037037,1,0,0
flow,0.1,1.0,0,registered,during_vibration,flow_dump_0.1_1.0.shear.wave,2108,210800,210.8,0.2108,158683.45183699526,1273.544787706905,0.008025693750443059,8.025693750443059e+17,106,0.0006679965602770389,6.679965602770389e+26,991.760811856445,15.095427353041892,136.1939807328275,41.087877666510536,0.0,89.40669009808028,0.006249932178657253,9.51291844126784e-05,0.0008582746288676045,0.0002589298202859699,0.0,0.0005634279382195549,5416,2800,5284,0.2074074074074074,0.3914074074074074,1,0,0
flow,0.1,1.0,0,registered,during_vibration,flow_dump_0.1_1.0.shear.wave,2109,210900,210.9,0.2109,158683.45183699526,1239.122517688941,0.007808769618660724,7.808769618660724e+17,106,0.0006679965602770389,6.679965602770389e+26,1017.8633350010127,2.0186265627096773,105.7027348489872,17.88002607774103,0.0,95.6577951984905,0.006414426477479168,1.2721090569565347e-05,0.0006661232385943334,0.00011267731997730907,0.0,0.00060282149204035,5423,2799,5278,0.20733333333333334,0.39096296296296296,1,0,0
flow,0.1,1.0,0,registered,during_vibration,flow_dump_0.1_1.0.shear.wave,2110,211000,211.0,0.211,158683.45183699526,1317.6683980385612,0.008303754315806745,8.303754315806746e+17,113,0.0007121095406726924,7.121095406726925e+26,1046.7025188612497,11.162206678073282,112.50731102801467,41.68477459813083,0.0,105.61158687309245,0.006596166813515351,7.03426006231542e-05,0.0007090046865352148,0.00026269137780636866,0.0,0.000665548837326655,5391,2776,5333,0.20562962962962963,0.395037037037037,1,0,0
flow,0.1,1.0,0,registered,during_vibration,flow_dump_0.1_1.0.shear.wave,2111,211100,211.1,0.21109999999999998,158683.45183699526,1295.2969429617578,0.00816277266448885,8.16277266448885e+17,111,0.00069950583198822,6.995058319882199e+26,1057.8296057692141,10.169691636341781,101.92935804028755,44.8628173218188,0.0,80.50547019409557,0.006666288094462747,6.408791539768379e-05,0.000642343967567536,0.00028271894014445393,0.0,0.0005073337469164294,5368,2774,5358,0.2054814814814815,0.3968888888888889,1,0,0
flow,0.1,1.0,0,registered,during_vibration,flow_dump_0.1_1.0.shear.wave,2112,211200,211.20000000000002,0.2112,158683.45183699526,1279.7569765169912,0.008064842059470693,8.064842059470693e+17,107,0.0006742984146192752,6.742984146192752e+26,1009.0146780119679,10.154612964562777,107.27875567899727,25.329240868743547,0.0,127.9796889927203,0.006358663530009798,6.39928918044581e-05,0.000676055092305387,0.00015962118655423854,0.0,0.0008065093587968149,5369,2790,5341,0.20666666666666667,0.3956296296296296,1,0,0
flow,0.1,1.0,0,registered,during_vibration,flow_dump_0.1_1.0.shear.wave,2113,211300,211.3,0.2113,158683.45183699526,1279.6475782415382,0.008064152647473495,8.064152647473495e+17,108,0.0006806002689615113,6.806002689615113e+26,1006.9789040449675,5.760082068160896,131.54547995599583,35.63738647904564,0.0,99.72572569336786,0.0063458343789960445,3.629919819287671e-05,0.0008289804540622394,0.00022458161872892395,0.0,0.0006284569974934081,5378,2778,5344,0.20577777777777778,0.39585185185185184,1,0,0
flow,0.1,1.0,0,registered,during_vibration,flow_dump_0.1_1.0.shear.wave,2114,211400,211.4,0.21139999999999998,158683.45183699526,1247.0646403523422,0.007858819718853653,7.858819718853654e+17,108,0.0006806002689615113,6.806002689615113e+26,1019.537729261319,5.214986875891871,116.19792616178094,21.557275654528382,0.0,84.55672239882297,0.006424978266219095,3.2864087688544064e-05,0.0007322624055414624,0.00013585081119027275,0.0,0.0005328641482142848,5381,2781,5338,0.206,0.39540740740740743,1,0,0
flow,0.1,1.0,0,registered,during_vibration,flow_dump_0.1_1.0.shear.wave,2115,211500,211.5,0.2115,158683.45183699526,1243.731838111269,0.007837816884578932,7.837816884578932e+17,100,0.0006301854342236216,6.301854342236216e+26,1015.9337146673513,0.0,118.37023517666073,25.769922332910973,0.0,83.6579659343463,0.006402266291200617,0.0,0.0007459519805395615,0.00016239829695274504,0.0,0.0005272003158860096,5371,2776,5353,0.20562962962962963,0.3965185185185185,1,0,0
flow,0.1,1.0,0,registered,during_vibration,flow_dump_0.1_1.0.shear.wave,2116,211600,211.6,0.21159999999999998,158683.45183699526,1195.567131253528,0.007534289917524942,7.534289917524942e+17,99,0.0006238835798813854,6.238835798813854e+26,993.5444238233068,4.060888333103046,102.79333520726132,24.66440056779782,0.0,70.50408332205896,0.006261172241475485,2.5591126775301817e-05,0.0006477886258288226,0.00015543145981683008,0.0,0.00044430646362850126,5368,2783,5349,0.20614814814814814,0.3962222222222222,1,0,0
flow,0.1,1.0,0,registered,during_vibration,flow_dump_0.1_1.0.shear.wave,2117,211700,211.70000000000002,0.2117,158683.45183699526,1225.9268247758584,0.0077256122839776,7.7256122839776e+17,106,0.0006679965602770389,6.679965602770389e+26,982.418880261873,7.599438838924277,109.1347612997947,21.48814098320456,0.0,105.28560339206125,0.006191060686473126,4.78905566456335e-05,0.0006877513693860242,0.00013541513456159164,0.0,0.0006634945369112213,5377,2794,5329,0.20696296296296296,0.3947407407407407,1,0,0
flow,0.1,1.0,0,registered,during_vibration,flow_dump_0.1_1.0.shear.wave,2118,211800,211.8,0.2118,158683.4518369953,1217.0704018407353,0.0076698003966472125,7.669800396647213e+17,104,0.0006553928515925663,6.553928515925663e+26,957.8772780139637,14.234529201525948,127.2480401668476,41.507463751176275,0.0,76.20309070722189,0.006036403083781703,8.97039296583245e-05,0.0008018986144664969,0.0002615739906755625,0.0,0.00048022077806512644,5401,2800,5299,0.2074074074074074,0.39251851851851854,1,0,0
flow,0.1,1.0,0,registered,during_vibration,flow_dump_0.1_1.0.shear.wave,2119,211900,211.9,0.21189999999999998,158683.45183699526,1203.5567590173785,0.007584639387941413,7.584639387941413e+17,104,0.0006553928515925665,6.553928515925665e+26,982.7499996289508,14.551195133655476,107.66988859658544,27.785927032788727,0.0,70.79974862539834,0.006193147352494343,9.169951223775326e-05,0.0006785199549804816,0.0001751028649246383,0.0,0.00044616970330419906,5412,2784,5304,0.20622222222222222,0.3928888888888889,1,0,0
flow,0.1,1.0,0,registered,during_vibration,flow_dump_0.1_1.0.shear.wave,2120,212000,212.0,0.212,158683.45183699526,1223.7425442873277,0.007711847266496291,7.71184726649629e+17,110,0.0006932039776459838,6.932039776459838e+26,992.2423604199806,4.592340873279116,107.08222416928487,32.30056782638543,0.0,87.52505099839719,0.006252966827563367,2.894026327330285e-05,0.0006748165793575197,0.00020355347361340244,0.0,0.0005515701226886956,5385,2769,5346,0.2051111111111111,0.396,1,0,0
flow,0.1,1.0,0,registered,during_vibration,flow_dump_0.1_1.0.shear.wave,2121,212100,212.1,0.21209999999999998,158683.45183699526,1297.8569408521582,0.008178905398310584,8.178905398310584e+17,112,0.0007058076863304561,7.058076863304562e+26,1053.468229533488,0.0,111.11170951076686,48.51768615097172,0.0,84.75931565693116,0.00663880333669351,0.0,0.0007002098090537152,0.00030575139114575505,0.0,0.0005341408614176018,5368,2769,5363,0.2051111111111111,0.39725925925925926,1,0,0
flow,0.1,1.0,0,registered,during_vibration,flow_dump_0.1_1.0.shear.wave,2122,212200,212.20000000000002,0.2122,158683.4518369953,1278.0380071956633,0.00805400936518891,8.05400936518891e+17,112,0.000705807686330456,7.058076863304561e+26,1037.4015284331072,6.082286378635498,120.97946450856915,22.03269860665127,0.0,91.54202926870026,0.006537553326598663,3.832968282592829e-05,0.0007623949637347385,0.0001388468573855071,0.0,0.0005768845346440734,5354,2760,5386,0.20444444444444446,0.39896296296296296,1,0,0
flow,0.1,1.0,0,registered,during_vibration,flow_dump_0.1_1.0.shear.wave,2123,212300,212.3,0.2123,158683.45183699526,1308.677350606618,0.008247094044506503,8.247094044506502e+17,109,0.0006869021233037475,6.869021233037475e+26,1030.4379794641275,3.4142970978510023,125.5073800666678,30.849276268938347,0.0,118.4684177090328,0.006493670055291124,2.151640299177685e-05,0.0007909292280558216,0.00019440764561025377,0.0,0.0007465707125575222,5372,2775,5353,0.20555555555555555,0.3965185185185185,1,0,0
flow,0.1,1.0,0,registered,during_vibration,flow_dump_0.1_1.0.shear.wave,2124,212400,212.4,0.21239999999999998,158683.45183699526,1244.3885402320525,0.007841955325690346,7.841955325690346e+17,106,0.0006679965602770389,6.679965602770389e+26,1003.2726674504605,4.528223755118304,116.91505530111237,11.637375546532407,0.0,108.03521817882924,0.006322478215819596,2.853620653380947e-05,0.0007367816489221023,7.33370456201488e-05,0.0,0.000680822208794692,5358,2768,5374,0.20503703703703705,0.3980740740740741,1,0,0
flow,0.1,1.0,0,registered,during_vibration,flow_dump_0.1_1.0.shear.wave,2125,212500,212.5,0.2125,158683.45183699526,1253.8356772340844,0.007901489807028301,7.901489807028301e+17,102,0.000642789142908094,6.42789142908094e+26,1022.8176157383886,7.353201078050022,105.44810008752358,23.654341662586354,0.0,94.56241866753555,0.006445647633056657,4.633880214304555e-05,0.0006645185674171196,0.00014906621571910886,0.0,0.0005959185886923679,5358,2769,5373,0.2051111111111111,0.398,1,0,0
flow,0.1,1.0,0,registered,during_vibration,flow_dump_0.1_1.0.shear.wave,2126,212600,212.6,0.21259999999999998,158683.4518369953,1233.3174987167672,0.007772187234644167,7.772187234644166e+17,101,0.0006364872885658577,6.364872885658577e+26,1014.160893181053,6.905288396290736,101.80163150239211,24.060960882238778,0.0,86.38872475479293,0.006391094228419177,4.351612166455812e-05,0.0006415390535300808,0.00015162867081411214,0.0,0.000544409160216241,5367,2769,5364,0.2051111111111111,0.3973333333333333,1,0,0
flow,0.1,1.0,0,registered,during_vibration,flow_dump_0.1_1.0.shear.wave,2127,212700,212.70000000000002,0.2127,158683.45183699526,1254.6997452938595,0.007906935038082782,7.906935038082781e+17,109,0.0006869021233037475,6.869021233037475e+26,1049.9247974479495,0.0,93.66122471920194,22.925677378273733,0.0,88.18804574843419,0.00661647314381884,0.0,0.0005902393956958647,0.00014447427953498092,0.0,0.000555748219033096,5380,2775,5345,0.20555555555555555,0.3959259259259259,1,0,0
flow,0.1,1.0,0,registered,during_vibration,flow_dump_0.1_1.0.shear.wave,2128,212800,212.8,0.2128,158683.45183699526,1238.5300789144533,0.007805036155797211,7.805036155797211e+17,110,0.0006932039776459838,6.932039776459838e+26,1015.1335457481636,5.069904640977561,108.18080906525466,26.802921550134283,0.0,83.34289790992348,0.006397223743222711,3.194980057646799e-05,0.0006817397013545021,0.00016890810755533037,0.0,0.000525214803088201,5399,2793,5308,0.2068888888888889,0.3931851851851852,1,0,0
flow,0.1,1.0,0,registered,during_vibration,flow_dump_0.1_1.0.shear.wave,2129,212900,212.9,0.21289999999999998,158683.45183699526,1260.8555666871541,0.007945728127860147,7.945728127860147e+17,111,0.00069950583198822,6.995058319882199e+26,1005.9536989081233,9.429498704407328,123.4696373006135,24.503441821642177,0.0,97.4992899523687,0.00633937368555274,5.942332735548009e-05,0.0007780876699572018,0.00015441712124344826,0.0,0.0006144263237512826,5409,2773,5318,0.2054074074074074,0.3939259259259259,1,0,0
flow,0.1,1.0,0,registered,during_vibration,flow_dump_0.1_1.0.shear.wave,2130,213000,213.0,0.213,158683.4518369953,1251.6745744607451,0.007887870852132113,7.887870852132113e+17,106,0.0006679965602770388,6.679965602770388e+26,1027.4834379992972,8.283052692657467,110.6144548255898,27.65901429568092,0.0,77.63461464751917,0.006475050965331666,5.219859157819483e-05,0.0006970761824567348,0.00017430307934121033,0.0,0.000489242033424304,5387,2758,5355,0.2042962962962963,0.39666666666666667,1,0,0
flow,0.1,1.0,0,registered,during_vibration,flow_dump_0.1_1.0.shear.wave,2131,213100,213.1,0.21309999999999998,158683.45183699526,1280.6118758222792,0.008070229510369896,8.070229510369896e+17,109,0.0006869021233037475,6.869021233037475e+26,1038.3489603949631,7.81649713159914,113.85398828137643,35.624194077298846,0.0,84.96823593704124,0.006543523904821459,4.925842638984496e-05,0.0007174912504319033,0.00022449848213469141,0.0,0.0005354574465919946,5372,2759,5369,0.20437037037037037,0.3977037037037037,1,0,0
flow,0.1,1.0,0,registered,during_vibration,flow_dump_0.1_1.0.shear.wave,2132,213200,213.20000000000002,0.2132,158683.45183699526,1235.7350669729867,0.007787422397657277,7.787422397657277e+17,102,0.000642789142908094,6.42789142908094e+26,1018.291501122629,0.0,108.71355529218725,34.6123874117383,0.0,74.11762314643246,0.0064171247180118745,0.0,0.0006850969904780072,0.00021812222390582512,0.0,0.00046707846526157287,5359,2767,5374,0.20496296296296296,0.3980740740740741,1,0,0
flow,0.1,1.0,0,registered,during_vibration,flow_dump_0.1_1.0.shear.wave,2133,213300,213.3,0.2133,158683.45183699526,1256.0976150055149,0.00791574420939506,7.915744209395059e+17,105,0.0006616947059348027,6.616947059348027e+26,1021.2608051284984,4.894459992920119,118.41696814093473,18.13800605036349,0.0,93.38737569279816,0.006435836839354682,3.084417395928509e-05,0.0007462464848733972,0.00011430307218798991,0.0,0.0005885136390197049,5349,2762,5389,0.2045925925925926,0.3991851851851852,1,0,0
flow,0.1,1.0,0,registered,during_vibration,flow_dump_0.1_1.0.shear.wave,2134,213400,213.4,0.21339999999999998,158683.45183699526,1271.3205932912826,0.008011677201206992,8.011677201206993e+17,105,0.0006616947059348027,6.616947059348027e+26,977.2353430615984,4.754199065704547,122.64795959417403,25.680161609371467,0.0,141.00292996043484,0.006158394790059432,2.996027002606556e-05,0.0007729095767349575,0.00016183263794734536,0.0,0.0008885799264391953,5356,2751,5393,0.20377777777777778,0.3994814814814815,1,0,0
flow,0.1,1.0,0,registered,during_vibration,flow_dump_0.1_1.0.shear.wave,2135,213500,213.5,0.2135,158683.45183699526,1259.7782448654339,0.007938939002659953,7.938939002659953e+17,103,0.0006490909972503302,6.490909972503302e+26,1041.8329652287773,0.0,107.282378689171,23.73417580720192,0.0,86.92872514028286,0.006565479595811803,0.0,0.0006760779239877823,0.0001495693188700132,0.0,0.0005478121639903501,5356,2763,5381,0.20466666666666666,0.3985925925925926,1,0,0
flow,0.1,1.0,0,registered,during_vibration,flow_dump_0.1_1.0.shear.wave,2136,213600,213.6,0.21359999999999998,158683.45183699526,1277.3642801984047,0.008049763635785755,8.049763635785755e+17,107,0.0006742984146192752,6.742984146192752e+26,1043.3943970487635,0.0,113.22002713779564,25.159557458235263,0.0,95.59029855361024,0.006575319511706689,0.0,0.0007134961196464197,0.00015855186641692146,0.0,0.000602396138015725,5351,2751,5398,0.20377777777777778,0.39985185185185185,1,0,0
flow,0.1,1.0,0,registered,during_vibration,flow_dump_0.1_1.0.shear.wave,2137,213700,213.70000000000002,0.2137,158683.4518369953,1267.5270122002878,0.00798777060573608,7.98777060573608e+17,108,0.0006806002689615112,6.806002689615112e+26,1014.1533441757853,0.0,99.29065619673547,20.831892206672194,0.0,133.25111962109477,0.006391046655687551,0.0,0.0006257152528968805,0.00013127955035961394,0.0,0.0008397291467920334,5364,2766,5370,0.2048888888888889,0.3977777777777778,1,0,0
flow,0.1,1.0,0,registered,during_vibration,flow_dump_0.1_1.0.shear.wave,2138,213800,213.8,0.2138,158683.45183699526,1249.4093130955496,0.007873595504961558,7.873595504961558e+17,110,0.0006932039776459838,6.932039776459838e+26,1018.0603412108487,4.0746308028286435,122.08436612767719,23.05334353556713,0.0,82.13663141862862,0.006415667981918071,2.5677729817815128e-05,0.0007693578928008584,0.0001452788130626769,0.0,0.0005176130873621404,5368,2787,5345,0.20644444444444446,0.3959259259259259,1,0,0
flow,0.1,1.0,0,registered,during_vibration,flow_dump_0.1_1.0.shear.wave,2139,213900,213.9,0.21389999999999998,158683.45183699526,1260.9303556484663,0.007946199437000744,7.946199437000744e+17,110,0.0006932039776459838,6.932039776459838e+26,992.5213923200449,5.113479149960709,128.6669265867602,44.97930322519546,0.0,89.6492543665054,0.00625472524595441,3.2224400785114245e-05,0.0008108402300129633,0.00028345301734045744,0.0,0.0005649565429078011,5375,2769,5356,0.2051111111111111,0.3967407407407407,1,0,0
flow,0.1,1.0,0,registered,during_vibration,flow_dump_0.1_1.0.shear.wave,2140,214000,214.0,0.214,158683.45183699526,1256.9998442706715,0.007921429926807378,7.921429926807378e+17,106,0.0006679965602770389,6.679965602770389e+26,1017.4495149935069,0.0,120.87297616846406,39.58596194170331,0.0,79.09139116699657,0.006411818644067964,0.0,0.0007617238897262499,0.0002494649661539206,0.0,0.0004984224268592404,5357,2764,5379,0.20474074074074075,0.39844444444444443,1,0,0
flow,0.1,1.0,0,registered,during_vibration,flow_dump_0.1_1.0.shear.wave,2141,214100,214.1,0.21409999999999998,158683.4518369953,1264.124231200505,0.007966326775516919,7.966326775516919e+17,110,0.0006932039776459837,6.932039776459836e+26,1022.3110397255308,7.348776873239665,113.10614305425649,32.14241057618424,0.0,89.21586097129408,0.006442455264810356,4.631092144875046e-05,0.0007127784387400567,0.00020255678965946589,0.0,0.000562225360858292,5352,2755,5393,0.20407407407407407,0.3994814814814815,1,0,0
flow,0.1,1.0,0,registered,during_vibration,flow_dump_0.1_1.0.shear.wave,2142,214200,214.20000000000002,0.2142,158683.45183699526,1285.2784877948316,0.008099637819292656,8.099637819292657e+17,108,0.0006806002689615113,6.806002689615113e+26,1076.442525382172,4.464052291530413,104.58742363518455,21.330631433128314,0.0,78.45385505281581,0.006783584002747359,2.813180731735046e-05,0.0006590947097786864,0.00013442253231949998,0.0,0.000494404767129758,5351,2762,5387,0.2045925925925926,0.399037037037037,1,0,0
flow,0.1,1.0,0,registered,during_vibration,flow_dump_0.1_1.0.shear.wave,2143,214300,214.3,0.2143,158683.45183699526,1276.036978071487,0.00804139917111378,8.04139917111378e+17,105,0.0006616947059348027,6.616947059348027e+26,1051.3801918800652,5.020494866945375,113.52435993426408,31.021176955502174,0.0,75.09075443471049,0.006625644827540535,3.163842737743435e-05,0.0007154139806013292,0.00019549093869830942,0.0,0.0004732109968961737,5354,2777,5369,0.2057037037037037,0.3977037037037037,1,0,0
flow,0.1,1.0,0,registered,during_vibration,flow_dump_0.1_1.0.shear.wave,2144,214400,214.4,0.21439999999999998,158683.45183699526,1217.8001560771734,0.007674399201550877,7.674399201550877e+17,105,0.0006616947059348027,6.616947059348027e+26,970.1776543081603,13.466352077805414,121.85237794296869,22.3736660963211,0.0,89.93010565191776,0.006113918263542426,8.486298931559974e-05,0.0007678959370517058,0.00014099558484084433,0.0,0.0005667264268002996,5345,2762,5393,0.2045925925925926,0.3994814814814815,1,0,0
flow,0.1,1.0,0,registered,during_vibration,flow_dump_0.1_1.0.shear.wave,2145,214500,214.5,0.2145,158683.4518369953,1236.1559733669214,0.007790074888443569,7.790074888443569e+17,103,0.0006490909972503301,6.490909972503302e+26,983.9228619225848,0.0,116.02056252662092,26.738342931740306,0.0,109.4742059859751,0.006200538559832325,0.0,0.0007311446857470743,0.00016850114250858863,0.0,0.000689890500355579,5334,2770,5396,0.2051851851851852,0.3997037037037037,1,0,0
flow,0.1,1.0,0,registered,during_vibration,flow_dump_0.1_1.0.shear.wave,2146,214600,214.6,0.21459999999999999,158683.45183699526,1250.233923004171,0.007878792076494853,7.878792076494853e+17,104,0.0006553928515925665,6.553928515925665e+26,1029.6542039771005,3.4057894063334126,106.45285115246998,24.547506613792706,0.0,86.173571854474,0.006488730816334865,2.146278875904432e-05,0.0006708503622786185,0.0001546948111452018,0.0,0.0005430532979771215,5340,2762,5398,0.2045925925925926,0.39985185185185185,1,0,0
flow,0.1,1.0,0,registered,during_vibration,flow_dump_0.1_1.0.shear.wave,2147,214700,214.70000000000002,0.2147,158683.45183699526,1264.7730563312953,0.007970415576984743,7.970415576984742e+17,107,0.0006742984146192752,6.742984146192752e+26,1031.5112607309943,9.648827176786444,106.71260670905198,24.248994064041707,0.0,92.65136765042115,0.00650043371750317,6.080550344151846e-05,0.0006724873039607848,0.00015281362853734147,0.0,0.0005838754235419306,5354,2773,5373,0.2054074074074074,0.398,1,0,0
flow,0.1,1.0,0,registered,during_vibration,flow_dump_0.1_1.0.shear.wave,2148,214800,214.8,0.2148,158683.45183699526,1233.856580400907,0.007775584448896184,7.775584448896184e+17,113,0.0007121095406726924,7.121095406726925e+26,1004.8832953401956,10.310508357061781,115.6942487956148,29.714389237386726,0.0,73.25413867064896,0.006332628158180249,6.497532186061258e-05,0.0007290883041444022,0.0001872557528425226,0.0,0.000461636911868403,5379,2787,5334,0.20644444444444446,0.39511111111111114,1,0,0
flow,0.1,1.0,0,registered,during_vibration,flow_dump_0.1_1.0.shear.wave,2149,214900,214.9,0.21489999999999998,158683.4518369953,1253.6402910882146,0.007900258511996537,7.900258511996538e+17,113,0.0007121095406726923,7.121095406726924e+26,1014.5140027317019,3.2216963635882525,127.8209510289067,27.88378426291336,0.0,80.19985670110479,0.006393319473374219,2.0302661218245253e-05,0.0008055090152702782,0.00017571954693521838,0.0,0.0005054078151985795,5390,2777,5333,0.2057037037037037,0.395037037037037,1,0,0
flow,0.1,1.0,0,registered,during_vibration,flow_dump_0.1_1.0.shear.wave,2150,215000,215.0,0.215,158683.45183699526,1242.45701068326,0.007829783107816131,7.82978310781613e+17,111,0.00069950583198822,6.995058319882199e+26,1017.2101420282484,3.169830123701466,118.24459750881175,35.64962863509112,0.0,68.18281238740707,0.006410310150507435,1.9975807729199245e-05,0.000745160230256879,0.00022465876701315753,0.0,0.00042967815230945846,5367,2755,5378,0.20407407407407407,0.3983703703703704,1,0,0
flow,0.1,1.0,0,registered,during_vibration,flow_dump_0.1_1.0.shear.wave,2151,215100,215.1,0.21509999999999999,158683.45183699526,1278.7700184400626,0.008058622393427995,8.058622393427995e+17,107,0.0006742984146192752,6.742984146192752e+26,1033.1094776614386,7.27343290368076,117.85500026912324,32.130917371986754,0.0,88.40119023383293,0.006510505447806126,4.583611472702437e-05,0.0007427050452002247,0.0002024843611606878,0.0,0.0005570914245339298,5360,2754,5386,0.204,0.39896296296296296,1,0,0
flow,0.1,1.0,0,registered,during_vibration,flow_dump_0.1_1.0.shear.wave,2152,215200,215.20000000000002,0.2152,158683.45183699526,1234.4114251228905,0.007779080999516683,7.779080999516682e+17,103,0.0006490909972503302,6.490909972503302e+26,1022.4324325137636,8.177420968357866,120.46542592517523,21.198091756137494,0.0,62.138053959457054,0.006443220264479998,5.15329158377395e-05,0.0007591555674559007,0.0001335872865805368,0.0,0.00039158496516251273,5327,2742,5431,0.2031111111111111,0.4022962962962963,1,0,0
flow,0.1,1.0,0,registered,during_vibration,flow_dump_0.1_1.0.shear.wave,2153,215300,215.3,0.2153,158683.45183699526,1260.7217319695853,0.007944884720964095,7.944884720964095e+17,109,0.0006869021233037475,6.869021233037475e+26,1013.9527474789436,20.917301661337397,121.66874704361021,23.344589979194527,0.0,80.83834580649965,0.006389782524522522,0.0001318177883023639,0.0007667387218712148,0.0001471142057281111,0.0,0.0005094314805398826,5360,2767,5373,0.20496296296296296,0.398,1,0,0
flow,0.1,1.0,0,registered,during_vibration,flow_dump_0.1_1.0.shear.wave,2154,215400,215.4,0.21539999999999998,158683.45183699526,1246.13389888648,0.00785295432170551,7.85295432170551e+17,100,0.0006301854342236216,6.301854342236216e+26,1004.1323825989382,5.75466350615199,96.56834466236234,26.979813502567552,0.0,112.69869461646029,0.006327896015461116,3.6265051204352206e-05,0.0006085596421330716,0.00017002285487387862,0.0,0.0007102107580330935,5357,2767,5376,0.20496296296296296,0.3982222222222222,1,0,0
flow,0.1,1.0,0,registered,during_vibration,flow_dump_0.1_1.0.shear.wave,2155,215500,215.5,0.2155,158683.45183699526,1206.2433780909446,0.007601570070016101,7.601570070016101e+17,100,0.0006301854342236216,6.301854342236216e+26,991.7183786836521,7.025796303853184,111.69507409959654,21.348216466272635,0.0,74.45591253756974,0.006249664770983033,4.4275544945104347e-05,0.0007038860877209384,0.0001345333506369789,0.0,0.0004692103157300438,5339,2767,5394,0.20496296296296296,0.39955555555555555,1,0,0
flow,0.1,1.0,0,registered,during_vibration,flow_dump_0.1_1.0.shear.wave,2156,215600,215.6,0.21559999999999999,158683.45183699526,1239.9276407826887,0.007813843387125093,7.813843387125093e+17,101,0.0006364872885658578,6.364872885658577e+26,1026.3414691671692,0.0,108.002014010392,24.783748851376814,0.0,80.80040875375073,0.006467854444088222,0.0,0.0006806129609616455,0.0001561835753159408,0.0,0.0005091924067592852,5349,2772,5379,0.20533333333333334,0.39844444444444443,1,0,0
flow,0.1,1.0,0,registered,during_vibration,flow_dump_0.1_1.0.shear.wave,2157,215700,215.70000000000002,0.2157,158683.45183699526,1234.0921397573923,0.007777068909649705,7.777068909649705e+17,104,0.0006553928515925665,6.553928515925665e+26,1052.931543253573,3.8366600316031407,90.42671719769136,27.24494887903594,0.0,59.65227039548811,0.006635421217930009,2.417807267984239e-05,0.0005698560004264376,0.00017169369939735638,0.0,0.0003759199192160556,5353,2785,5362,0.20629629629629628,0.3971851851851852,1,0,0
flow,0.1,1.0,0,registered,during_vibration,flow_dump_0.1_1.0.shear.wave,2158,215800,215.8,0.2158,158683.45183699526,1223.0847289533217,0.007707701810077296,7.707701810077297e+17,105,0.0006616947059348027,6.616947059348027e+26,991.2925300416263,15.83018170900441,116.26458289375279,21.342700396260753,0.0,78.35473391267642,0.006246981134869147,9.975949934127776e-05,0.0007326824665572785,0.00013449858916722243,0.0,0.0004937801201423632,5377,2792,5331,0.2068148148148148,0.3948888888888889,1,0,0
flow,0.1,1.0,0,registered,during_vibration,flow_dump_0.1_1.0.shear.wave,2159,215900,215.9,0.21589999999999998,158683.45183699526,1238.6983447875061,0.007806096542819959,7.806096542819959e+17,108,0.0006806002689615113,6.806002689615113e+26,981.8065269258776,8.092516773767258,124.33343456240408,29.642377827613814,0.0,94.82348869784413,0.0061872017249437,5.099786197038461e-05,0.0007835311944822286,0.00018680194742715464,0.0,0.0005975638139964957,5395,2783,5322,0.20614814814814814,0.3942222222222222,1,0,0
flow,0.1,1.0,0,registered,during_vibration,flow_dump_0.1_1.0.shear.wave,2160,216000,216.0,0.216,158683.4518369953,1262.235155009724,0.007954422092521231,7.954422092521231e+17,111,0.0006995058319882199,6.995058319882199e+26,1031.0821636156652,9.690086034772495,121.24630465818659,27.475321265801572,0.0,72.7412794352984,0.006497729609983691,6.106551075487355e-05,0.0007640765514902882,0.00017314547262322664,0.0,0.00045840494766915304,5374,2773,5353,0.2054074074074074,0.3965185185185185,1,0,0
flow,0.1,1.0,0,registered,during_vibration,flow_dump_0.1_1.0.shear.wave,2161,216100,216.1,0.2161,158683.45183699526,1286.7246474911929,0.008108751307054738,8.108751307054738e+17,110,0.0006932039776459838,6.932039776459838e+26,1048.947247389845,7.003854119794072,114.90307564741443,33.82022290357371,0.0,82.05024743056592,0.006610312765740421,4.413726849721328e-05,0.000724102446204955,0.0002131301185602827,0.0,0.0005170687080518678,5362,2765,5373,0.2048148148148148,0.398,1,0,0
flow,0.1,1.0,0,registered,during_vibration,flow_dump_0.1_1.0.shear.wave,2162,216200,216.20000000000002,0.2162,158683.45183699526,1262.1976696656445,0.007954185865342875,7.954185865342875e+17,107,0.0006742984146192752,6.742984146192752e+26,1039.6710703634035,3.5484186273090064,115.4990799431412,26.055470133365635,0.0,77.42363059842569,0.006551855649266989,2.2361617334579135e-05,0.0007278583784639722,0.00016419777759895627,0.0,0.0004879124426783817,5355,2768,5377,0.20503703703703705,0.3982962962962963,1,0,0
flow,0.1,1.0,0,registered,during_vibration,flow_dump_0.1_1.0.shear.wave,2163,216300,216.3,0.2163,158683.45183699526,1248.3479654926514,0.007866907046961611,7.866907046961612e+17,104,0.0006553928515925665,6.553928515925665e+26,1017.5038890372117,4.559146042978276,107.58378370390038,23.383811436876915,0.0,95.31733527168437,0.006412161301371389,2.873107428783171e-05,0.0006779773344886264,0.00014736137364151566,0.0,0.0006006759631722494,5369,2774,5357,0.2054814814814815,0.39681481481481484,1,0,0
flow,0.1,1.0,0,registered,during_vibration,flow_dump_0.1_1.0.shear.wave,2164,216400,216.4,0.21639999999999998,158683.4518369953,1216.7323458804942,0.007667670017226249,7.667670017226249e+17,101,0.0006364872885658577,6.364872885658577e+26,998.8853527442993,11.281174787853853,101.34087960483984,26.233503987727783,0.0,78.99143475577378,0.006294829997587816,7.109232032236251e-05,0.0006386354621837974,0.00016531972101713338,0.0,0.0004977925161151417,5350,2772,5378,0.20533333333333334,0.3983703703703704,1,0,0
flow,0.1,1.0,0,registered,during_vibration,flow_dump_0.1_1.0.shear.wave,2165,216500,216.5,0.2165,158683.45183699526,1179.3087842859704,0.007431832183089856,7.431832183089856e+17,101,0.0006364872885658578,6.364872885658577e+26,964.1184981307829,4.427233201661621,98.67847298550927,27.922126685383617,0.0,84.16245328263254,0.006075734343875733,2.789977877598363e-05,0.0006218573634689707,0.00017596117529675447,0.0,0.0005303795216724105,5338,2770,5392,0.2051851851851852,0.39940740740740743,1,0,0
flow,0.1,1.0,0,registered,during_vibration,flow_dump_0.1_1.0.shear.wave,2166,216600,216.6,0.2166,158683.45183699526,1259.0292903330462,0.007934219200287888,7.934219200287889e+17,102,0.000642789142908094,6.42789142908094e+26,1068.4105092471216,6.124168981907987,91.2058088561528,23.2411056284418,0.0,70.04769761942178,0.00673296740698978,3.8593620891225194e-05,0.0005747657225773128,0.00014646206242296652,0.0,0.0004414303874066026,5345,2773,5382,0.2054074074074074,0.39866666666666667,1,0,0
flow,0.1,1.0,0,registered,during_vibration,flow_dump_0.1_1.0.shear.wave,2167,216700,216.70000000000002,0.2167,158683.45183699526,1195.604386459309,0.007534524694405262,7.534524694405262e+17,104,0.0006553928515925665,6.553928515925665e+26,990.7318667536817,0.0,97.22293638797814,24.354002974461388,0.0,83.29558034318813,0.006243447916493482,0.0,0.0006126847838415355,0.0001534753793954432,0.0,0.0005249166146748058,5360,2787,5353,0.20644444444444446,0.3965185185185185,1,0,0
flow,0.1,1.0,0,registered,during_vibration,flow_dump_0.1_1.0.shear.wave,2168,216800,216.8,0.2168,158683.4518369953,1262.0962199534288,0.007953546544033428,7.953546544033428e+17,115,0.0007247132493571647,7.247132493571647e+26,1019.2818813287979,19.87009264194687,113.38689808205571,22.20392162115482,0.0,87.35342627947387,0.006423365949814583,0.00012521842959628874,0.0007145477160310979,0.00013992587988294707,0.0,0.0005504885687085135,5377,2785,5338,0.20629629629629628,0.39540740740740743,1,0,0
flow,0.1,1.0,0,registered,during_vibration,flow_dump_0.1_1.0.shear.wave,2169,216900,216.9,0.21689999999999998,158683.45183699526,1272.9774095862554,0.008022118216169754,8.022118216169754e+17,108,0.0006806002689615113,6.806002689615113e+26,1039.1133511460077,3.5615564703499456,123.70673135027002,29.97750850943491,0.0,76.61826211019302,0.006548340983995094,2.2444410107794296e-05,0.0007795818021235481,0.0001889138921696055,0.0,0.0004828371277737124,5403,2780,5317,0.20592592592592593,0.39385185185185184,1,0,0
flow,0.1,1.0,0,registered,during_vibration,flow_dump_0.1_1.0.shear.wave,2170,217000,217.0,0.217,158683.45183699526,1234.1673323596506,0.007777542762476751,7.777542762476751e+17,104,0.0006553928515925665,6.553928515925665e+26,991.7338815389749,3.9479438972671135,115.65349084179982,45.58730783138745,0.0,77.24470825022135,0.006249762467719165,2.4879367391897727e-05,0.0007288314534561727,0.000287284573808088,0.0,0.0004867849001014271,5372,2766,5362,0.2048888888888889,0.3971851851851852,1,0,0
flow,0.1,1.0,0,registered,during_vibration,flow_dump_0.1_1.0.shear.wave,2171,217100,217.1,0.2171,158683.45183699526,1267.0355026214331,0.007984673183962324,7.984673183962324e+17,109,0.0006869021233037475,6.869021233037475e+26,1065.8666455850357,0.0,95.7675577940997,29.16868964249382,0.0,76.23260959980347,0.0067169363487248075,0.0,0.000603513199930105,0.0001838168334808902,0.0,0.00048040680182651974,5375,2757,5368,0.20422222222222222,0.3976296296296296,1,0,0
flow,0.1,1.0,0,registered,during_vibration,flow_dump_0.1_1.0.shear.wave,2172,217200,217.20000000000002,0.21719999999999998,158683.45183699526,1243.949364129188,0.007839187701859504,7.839187701859503e+17,104,0.0006553928515925665,6.553928515925665e+26,1038.7754897513685,12.613925825905067,98.13316444201439,21.05522536203026,0.0,73.3715587478693,0.006546211830698213,7.949112323862539e-05,0.000618420908456289,0.0001326869633744725,0.0,0.0004623768760918998,5367,2758,5375,0.2042962962962963,0.39814814814814814,1,0,0
flow,0.1,1.0,0,registered,during_vibration,flow_dump_0.1_1.0.shear.wave,2173,217300,217.3,0.2173,158683.45183699526,1235.6788738732025,0.007787068276927399,7.787068276927398e+17,106,0.0006679965602770389,6.679965602770389e+26,1002.802149246864,3.9422169920777215,121.54185522328719,28.097923913830297,0.0,79.2947284971436,0.00631951307863516,2.4843277269562384e-05,0.0007659390681023178,0.00017706902382419427,0.0,0.0004997038290961662,5373,2759,5368,0.20437037037037037,0.3976296296296296,1,0,0
flow,0.1,1.0,0,registered,during_vibration,flow_dump_0.1_1.0.shear.wave,2174,217400,217.4,0.21739999999999998,158683.45183699526,1204.255598621899,0.007589043373337688,7.589043373337688e+17,103,0.0006490909972503302,6.490909972503302e+26,980.8283862657566,3.475110060566341,119.0340945634315,23.569199434119,0.0,77.34880829802594,0.006181037624977399,2.1899637424928756e-05,0.0007501355256987171,0.00014852966179693418,0.0,0.0004874409234397114,5367,2762,5371,0.2045925925925926,0.39785185185185185,1,0,0
flow,0.1,1.0,0,registered,during_vibration,flow_dump_0.1_1.0.shear.wave,2175,217500,217.5,0.2175,158683.45183699526,1272.339572024168,0.008018098656759473,8.018098656759473e+17,98,0.0006175817255391491,6.1758172553914915e+26,1078.5028386991353,8.272527722093358,89.81226979715508,24.987058646337992,0.0,70.7648771594459,0.006796567797170231,5.21322647467435e-05,0.0005659838424072923,0.00015746480403013607,0.0,0.00044594994840506657,5351,2766,5383,0.2048888888888889,0.39874074074074073,1,0,0
flow,0.1,1.0,0,registered,during_vibration,flow_dump_0.1_1.0.shear.wave,2176,217600,217.6,0.2176,158683.45183699526,1163.7131265279725,0.007333550619527587,7.333550619527587e+17,104,0.0006553928515925665,6.553928515925665e+26,951.6059299055263,5.452254964788768,104.43701999366847,27.23478069695978,0.0,74.98314096702957,0.0059968819614728735,3.435931662483306e-05,0.0006581468879373101,0.00017162962099498706,0.0,0.0004725328324975856,5350,2770,5380,0.2051851851851852,0.3985185185185185,1,0,0
flow,0.1,1.0,0,registered,during_vibration,flow_dump_0.1_1.0.shear.wave,2177,217700,217.70000000000002,0.21769999999999998,158683.45183699526,1248.5127801620429,0.00786794568500158,7.86794568500158e+17,103,0.0006490909972503302,6.490909972503302e+26,1039.3784436113322,5.467570253606458,89.69918051527736,22.97575142681436,0.0,90.99183435501301,0.006550011558098793,3.445583134417142e-05,0.0005652711702252308,0.00014478983889521,0.0,0.0005734172864381772,5360,2782,5358,0.20607407407407408,0.3968888888888889,1,0,0
flow,0.1,1.0,0,registered,during_vibration,flow_dump_0.1_1.0.shear.wave,2178,217800,217.8,0.2178,158683.45183699526,1203.1943284249523,0.007582355403138774,7.582355403138774e+17,108,0.0006806002689615113,6.806002689615113e+26,988.0942869618638,14.320927208702972,104.55038425594364,20.096131110335556,0.0,76.13259888810674,0.006226826272829419,9.024839731501359e-05,0.0006588612930057833,0.00012664289109981644,0.0,0.0004797765488887436,5379,2788,5333,0.20651851851851852,0.395037037037037,1,0,0
flow,0.1,1.0,0,registered,during_vibration,flow_dump_0.1_1.0.shear.wave,2179,217900,217.9,0.21789999999999998,158683.4518369953,1210.885679933595,0.007630825180041176,7.630825180041176e+17,101,0.0006364872885658577,6.364872885658577e+26,982.3617280219963,2.846819874536778,107.46594980850658,28.258018274616393,0.0,89.95316395393871,0.006190700521382089,1.7940244187913953e-05,0.0006772347624432763,0.00017807791516688163,0.0,0.0005668717368610148,5387,2782,5331,0.20607407407407408,0.3948888888888889,1,0,0
flow,0.1,1.0,0,registered,during_vibration,flow_dump_0.1_1.0.shear.wave,2180,218000,218.0,0.218,158683.45183699526,1264.8973934199555,0.007971199131206818,7.971199131206819e+17,106,0.0006679965602770389,6.679965602770389e+26,1011.2362780888067,5.713071904991104,107.71798278769974,43.812019379615876,0.0,96.4180412588421,0.006372663730100736,3.600294699197592e-05,0.0006788230375675916,0.00027609696456956954,0.0,0.0006076124519769447,5377,2764,5359,0.20474074074074075,0.39696296296296296,1,0,0
flow,0.1,1.0,0,registered,during_vibration,flow_dump_0.1_1.0.shear.wave,2181,218100,218.1,0.2181,158683.45183699526,1243.5924524483105,0.007836938496433571,7.836938496433572e+17,108,0.0006806002689615113,6.806002689615113e+26,1036.4579378135063,8.995546865322972,92.95887772775035,34.63861683528573,0.0,70.54147320644554,0.006531606955955238,5.668862607402495e-05,0.000585813307258029,0.00021828751791250187,0.0,0.00044454208923377854,5368,2758,5374,0.2042962962962963,0.3980740740740741,1,0,0
flow,0.1,1.0,0,registered,during_vibration,flow_dump_0.1_1.0.shear.wave,2182,218200,218.20000000000002,0.21819999999999998,158683.45183699526,1244.131391223392,0.007840334810093517,7.840334810093518e+17,106,0.0006679965602770389,6.679965602770389e+26,1010.6451782780772,0.0,111.65644706955004,31.79839962096099,0.0,90.03136625480388,0.006368938705191796,0.0,0.0007036426658039121,0.00020038888272751545,0.0,0.000567364556370295,5360,2758,5382,0.2042962962962963,0.39866666666666667,1,0,0
flow,0.1,1.0,0,registered,during_vibration,flow_dump_0.1_1.0.shear.wave,2183,218300,218.3,0.2183,158683.4518369953,1259.3119920959819,0.007936000745620201,7.936000745620201e+17,100,0.0006301854342236215,6.301854342236214e+26,1044.226014171131,5.165117024248283,110.88505296782333,28.71250589710764,0.0,70.32330203567156,0.006580560241680357,3.254981514741724e-05,0.0006987814525343701,0.0001809420299641707,0.0,0.0004431672062938857,5352,2769,5379,0.2051111111111111,0.39844444444444443,1,0,0
flow,0.1,1.0,0,registered,during_vibration,flow_dump_0.1_1.0.shear.wave,2184,218400,218.4,0.21839999999999998,158683.45183699526,1204.7969821992706,0.007592455093785562,7.592455093785563e+17,101,0.0006364872885658578,6.364872885658577e+26,978.7010838461596,2.5785738507512326,117.3691194886236,20.37879664029647,0.0,85.76940837344007,0.006167631674987212,1.6249796818133417e-05,0.0007396430952938238,0.00012842420809720112,0.0,0.0005405063185891946,5365,2767,5368,0.20496296296296296,0.3976296296296296,1,0,0
flow,0.1,1.0,0,registered,during_vibration,flow_dump_0.1_1.0.shear.wave,2185,218500,218.5,0.2185,158683.45183699526,1191.7120063864736,0.0075099954821416315,7.509995482141632e+17,102,0.000642789142908094,6.42789142908094e+26,941.3463897871468,0.0,127.59327615504682,20.49622955699966,0.0,102.2761108872803,0.005932227834028516,0.0,0.0008040742413778265,0.00012916425323324858,0.0,0.0006445291535020401,5358,2777,5365,0.2057037037037037,0.39740740740740743,1,0,0
flow,0.1,1.0,0,registered,during_vibration,flow_dump_0.1_1.0.shear.wave,2186,218600,218.6,0.2186,158683.45183699526,1174.459887802725,0.007401275143731861,7.401275143731862e+17,102,0.000642789142908094,6.42789142908094e+26,967.7170923972494,3.3925745823472644,100.9953612897053,25.871797846770512,0.0,76.48306168665262,0.0060984121607798114,2.1379510863125325e-05,0.0006364580560892448,0.00016304030160212835,0.0,0.0004819851143975522,5352,2769,5379,0.2051111111111111,0.39844444444444443,1,0,0
flow,0.1,1.0,0,registered,during_vibration,flow_dump_0.1_1.0.shear.wave,2187,218700,218.70000000000002,0.21869999999999998,158683.4518369953,1247.3583909864324,0.007860670892562626,7.860670892562627e+17,104,0.0006553928515925663,6.553928515925663e+26,1035.2940678530665,3.492439553532612,106.63494018072575,25.57132715138332,0.0,76.36561624772438,0.006524272416991241,2.2008845365426996e-05,0.0006719978608120056,0.00016114677904568777,0.0,0.0004812449903482663,5352,2777,5371,0.2057037037037037,0.39785185185185185,1,0,0
flow,0.1,1.0,0,registered,during_vibration,flow_dump_0.1_1.0.shear.wave,2188,218800,218.8,0.2188,158683.45183699526,1257.9242375755205,0.007927255318769475,7.927255318769476e+17,114,0.0007184113950149286,7.184113950149286e+26,998.6265348735437,13.332047559975466,115.16835677127851,28.33508712572578,0.0,102.4622112449975,0.0062931989650651474,8.401662180673114e-05,0.0007257742092072912,0.0001785635918408965,0.0,0.0006457019308494119,5369,2775,5356,0.20555555555555555,0.3967407407407407,1,0,0
flow,0.1,1.0,0,registered,during_vibration,flow_dump_0.1_1.0.shear.wave,2189,218900,218.9,0.21889999999999998,158683.45183699526,1161.1872737416147,0.007317633063178028,7.317633063178029e+17,105,0.0006616947059348027,6.616947059348027e+26,917.1465255771576,18.326504157155824,109.01625580185346,21.100603427353946,0.0,95.5973847780935,0.00577972381467527,0.00011549095980078249,0.0006870045649992443,0.00013297292933247485,0.0,0.0006024407943702549,5382,2781,5337,0.206,0.3953333333333333,1,0,0
flow,0.1,1.0,0,registered,during_vibration,flow_dump_0.1_1.0.shear.wave,2190,219000,219.0,0.219,158683.45183699526,1191.6887069690226,0.007509848652606597,7.509848652606597e+17,101,0.0006364872885658578,6.364872885658577e+26,944.9732773839182,15.578861349248651,117.84271100788277,36.87384376572614,0.0,76.42001346224666,0.005955083951379034,9.817571504085857e-05,0.0007426276000659136,0.0002323735924499811,0.0,0.0004815877936708092,5364,2761,5375,0.20451851851851852,0.39814814814814814,1,0,0
flow,0.1,1.0,0,registered,during_vibration,flow_dump_0.1_1.0.shear.wave,2191,219100,219.1,0.2191,158683.4518369953,1234.031582993962,0.00777668728974713,7.77668728974713e+17,103,0.0006490909972503301,6.490909972503302e+26,984.4518150736753,0.0,111.30680428921926,33.50483781040372,0.0,104.76812582066442,0.006203871945544364,0.0,0.0007014392679304529,0.0002111426076414128,0.0,0.0006602334686309042,5352,2761,5387,0.20451851851851852,0.399037037037037,1,0,0
flow,0.1,1.0,0,registered,during_vibration,flow_dump_0.1_1.0.shear.wave,2192,219200,219.20000000000002,0.21919999999999998,158683.45183699526,1227.1641557619496,0.007733409763625082,7.733409763625082e+17,100,0.0006301854342236216,6.301854342236216e+26,973.6862710141506,0.0,130.14569107390273,23.540641111178495,0.0,99.79155256271773,0.006136029054966314,0.0,0.000820159188417407,0.00014834969140550458,0.0,0.0006288718288358563,5337,2761,5402,0.20451851851851852,0.40014814814814814,1,0,0
flow,0.1,1.0,0,registered,during_vibration,flow_dump_0.1_1.0.shear.wave,2193,219300,219.3,0.2193,158683.45183699526,1150.4006854100194,0.00724965755466265,7.24965755466265e+17,92,0.0005797705994857318,5.7977059948573184e+26,916.3410246515355,7.721121860907939,114.28223033763314,26.32066633905713,0.0,85.7356422208859,0.005774647665169462,4.865738532609767e-05,0.0007201899694936528,0.00016586900545933778,0.0,0.0005402935292141005,5328,2765,5407,0.2048148148148148,0.4005185185185185,1,0,0
flow,0.1,1.0,0,registered,during_vibration,flow_dump_0.1_1.0.shear.wave,2194,219400,219.4,0.21939999999999998,158683.45183699526,1216.955576184085,0.007669076782084252,7.669076782084252e+17,99,0.0006238835798813854,6.238835798813854e+26,948.3697778901416,6.2856807149598595,131.4491884716089,16.442933966682205,0.0,114.40799514069235,0.005976488202842584,3.9611444307480236e-05,0.0008283736391532352,0.00010362097481703962,0.0,0.000720982520963912,5351,2759,5390,0.20437037037037037,0.39925925925925926,1,0,0
flow,0.1,1.0,0,registered,during_vibration,flow_dump_0.1_1.0.shear.wave,2195,219500,219.5,0.2195,158683.45183699526,1249.3264973946916,0.0078730736124775,7.8730736124775e+17,100,0.0006301854342236216,6.301854342236216e+26,1046.9765090926617,3.9142861999689607,94.08207229421215,20.068101688732153,0.0,84.28552811911722,0.006597893460044905,2.466726148602969e-05,0.0005928915158138624,0.00012646625376757465,0.0,0.0005311551213651315,5342,2755,5403,0.20407407407407407,0.4002222222222222,1,0,0
flow,0.1,1.0,0,registered,during_vibration,flow_dump_0.1_1.0.shear.wave,2196,219600,219.6,0.2196,158683.45183699526,1121.9128487275104,0.007070131357364065,7.070131357364065e+17,96,0.0006049780168546768,6.049780168546768e+26,899.3703131050875,5.942038844020401,113.34907393944258,20.8484287173564,0.0,82.4029941216035,0.00566770071291964,3.744586329092623e-05,0.0007143093537937301,0.00013138376104127465,0.0,0.0005192916663184924,5324,2755,5421,0.20407407407407407,0.40155555555555555,1,0,0
flow,0.1,1.0,0,registered,during_vibration,flow_dump_0.1_1.0.shear.wave,2197,219700,219.70000000000002,0.21969999999999998,158683.45183699526,1225.9890122347008,0.007726004180285138,7.726004180285138e+17,106,0.0006679965602770389,6.679965602770389e+26,994.3240901022328,0.0,108.05535182689555,23.855754443199412,0.0,99.75381586237334,0.00626608558480083,0.0,0.0006809490881121837,0.0001503354897251971,0.0,0.0006286340176469294,5334,2760,5406,0.20444444444444446,0.40044444444444444,1,0,0
flow,0.1,1.0,0,registered,during_vibration,flow_dump_0.1_1.0.shear.wave,2198,219800,219.8,0.2198,158683.4518369953,1198.6027053433447,0.0075534196632840315,7.553419663284032e+17,106,0.0006679965602770388,6.679965602770388e+26,954.6874272243758,14.168521461018779,127.86320743418074,28.225330972365683,0.0,73.65821825140364,0.006016301108732253,8.92879584921882e-05,0.0008057753089813417,0.000177871924549257,0.0,0.00046418336252899083,5354,2761,5385,0.20451851851851852,0.3988888888888889,1,0,0
flow,0.1,1.0,0,registered,during_vibration,flow_dump_0.1_1.0.shear.wave,2199,219900,219.9,0.21989999999999998,158683.45183699526,1222.3728904484399,0.007703215907504335,7.703215907504335e+17,108,0.0006806002689615113,6.806002689615113e+26,970.3461816456139,18.637431457549752,131.5929782538964,22.50379915629175,0.0,79.2924999350879,0.006114980298275744,0.00011745037835888976,0.000829279781417113,0.00014181566442988884,0.0,0.0004996897850226985,5341,2758,5401,0.2042962962962963,0.4000740740740741,1,0,0
flow,0.1,1.0,0,registered,during_vibration,flow_dump_0.1_1.0.shear.wave,2200,220000,220.0,0.22,158683.45183699526,1199.61735694528,0.007559813849887546,7.559813849887546e+17,106,0.0006679965602770389,6.679965602770389e+26,958.6689028086091,4.98672407304238,111.37624138680877,43.67951719547901,0.0,80.90597148134033,0.006041391787931262,3.142560875323599e-05,0.0007018768504054098,0.00027526195510511084,0.0,0.000509857647692524,5324,2741,5435,0.20303703703703704,0.4025925925925926,1,0,0
flow,0.1,1.0,0,registered,after_removal,flow_dump_0.1_1.0.shear.wave,2240,224000,224.0,0.22399999999999998,158683.4518369953,1220.766975138527,0.007693095663135295,7.693095663135296e+17,103,0.0006490909972503301,6.490909972503302e+26,1030.0667399139695,22.460135598307026,61.99036682012884,26.905911248921186,0.0,79.3438215572002,0.00649133055771995,0.00014154050304740533,0.0003906542623222447,0.00016955713363583618,0.0,0.0005000132064098575,5185,2707,5608,0.2005185185185185,0.4154074074074074,0,0,0
flow,0.1,1.0,0,registered,after_removal,flow_dump_0.1_1.0.shear.wave,2245,224500,224.5,0.22449999999999998,158683.45183699526,1256.020019527118,0.007915255213992585,7.915255213992585e+17,104,0.0006553928515925665,6.553928515925665e+26,1027.2929885982894,23.834394561503842,66.18759019429771,42.968055205607584,0.0,95.73699096742058,0.006473850780946949,0.00015020088286198425,0.0004171045526680862,0.0002707784252749036,0.0,0.0006033205722406688,5198,2725,5577,0.20185185185185187,0.4131111111111111,0,0,0
flow,0.1,1.0,0,registered,after_removal,flow_dump_0.1_1.0.shear.wave,2250,225000,225.0,0.22499999999999998,158683.45183699526,1234.6803195594996,0.007780775533089632,7.780775533089632e+17,104,0.0006553928515925665,6.553928515925665e+26,1034.7950167050367,21.66918958399211,52.81243968581408,26.252680889214496,0.0,99.15099269544277,0.006521127469347033,0.00013655607647262047,0.0003328163023581357,0.0001654405710570381,0.0,0.0006248351138548073,5291,2717,5492,0.20125925925925925,0.4068148148148148,0,0,0
flow,0.1,1.0,0,registered,after_removal,flow_dump_0.1_1.0.shear.wave,2255,225500,225.5,0.22549999999999998,158683.4518369953,1258.7482500476556,0.007932448125345055,7.932448125345056e+17,101,0.0006364872885658577,6.364872885658577e+26,1064.652319380988,22.34534355167228,48.5112546167994,40.05452506480413,0.0,83.18480743339131,0.006709283841862937,0.00014081710028986596,0.0003057108605542039,0.00025241778270584524,0.0,0.0005242185399322004,5277,2686,5537,0.19896296296296295,0.41014814814814815,0,0,0
flow,0.1,1.0,0,registered,after_removal,flow_dump_0.1_1.0.shear.wave,2260,226000,226.0,0.22599999999999998,158683.45183699526,1337.280031930225,0.008427343976005273,8.427343976005274e+17,110,0.0006932039776459838,6.932039776459838e+26,1116.764479632503,6.020054214290999,79.02383036186116,14.649220556347297,0.0,120.82244716522294,0.0070376870852272575,3.7937504790827166e-05,0.0004979966685060329,9.231725417339325e-05,0.0,0.000761405463307766,5287,2667,5546,0.19755555555555557,0.4108148148148148,0,0,0
flow,0.1,1.0,0,registered,after_removal,flow_dump_0.1_1.0.shear.wave,2265,226500,226.5,0.22649999999999998,158683.45183699526,1351.7465557097369,0.008518509901702255,8.518509901702255e+17,110,0.0006932039776459838,6.932039776459838e+26,1114.9943945599205,18.00483241015097,54.605418629464126,11.071606472310105,0.0,153.0703036378913,0.007026532266926475,0.00011346383130514525,0.0003441153944997149,6.977165132305802e-05,0.0,0.0009646267576478613,5266,2652,5582,0.19644444444444445,0.4134814814814815,0,0,0
flow,0.1,1.0,0,registered,after_removal,flow_dump_0.1_1.0.shear.wave,2270,227000,227.0,0.22699999999999998,158683.45183699526,1350.2879589978425,0.008509318037679832,8.509318037679831e+17,110,0.0006932039776459838,6.932039776459838e+26,1134.371292412844,6.064229400283096,66.6330675737567,28.417583205067185,5.574780203639138,109.2270062022525,0.00714864265479999,3.821589037849055e-05,0.00041991188622619787,0.0001790834701167116,3.51314528333158e-05,0.000688332683325127,5244,2610,5646,0.19333333333333333,0.4182222222222222,0,0,0
flow,0.1,1.0,0,registered,after_removal,flow_dump_0.1_1.0.shear.wave,2275,227500,227.5,0.22749999999999998,158683.45183699526,1355.0325603655965,0.008539217824411392,8.539217824411392e+17,113,0.0007121095406726924,7.121095406726925e+26,1150.174004482885,13.309193370216196,67.88245300437741,20.174649271039,6.653673403886582,96.83858683319195,0.007248229044477686,8.387259803175839e-05,0.00042778533122728163,0.00012713770111178984,4.193048063210428e-05,0.0006102626689307696,5241,2598,5661,0.19244444444444445,0.41933333333333334,0,0,0
flow,0.1,1.0,0,registered,after_removal,flow_dump_0.1_1.0.shear.wave,2280,228000,228.0,0.22799999999999998,158683.45183699526,1359.2324129345484,0.008565684683559793,8.565684683559793e+17,117,0.0007373169580416372,7.373169580416372e+26,1204.234482430767,13.554337195828777,74.63447064329853,28.192417149526513,0.0,38.61670551512724,0.007588910302176911,8.541745871366743e-05,0.0004703355629039722,0.0001776645064318784,0.0,0.0002433568533333618,5252,2591,5657,0.19192592592592592,0.41903703703703704,0,0,0
flow,0.1,1.0,0,registered,after_removal,flow_dump_0.1_1.0.shear.wave,2285,228500,228.5,0.22849999999999998,158683.45183699526,1330.3698791459822,0.008383797199676378,8.383797199676378e+17,109,0.0006869021233037475,6.869021233037475e+26,1197.3334367614289,6.820102453118639,53.97019623061733,26.851951029694256,0.0,45.39419267112301,0.007545420917559622,4.297929225868157e-05,0.0003401123154672565,0.00016921708419399297,0.0,0.00028606759019682396,5270,2594,5636,0.19214814814814815,0.4174814814814815,0,0,0
flow,0.1,1.0,0,registered,after_removal,flow_dump_0.1_1.0.shear.wave,2290,229000,229.0,0.22899999999999998,158683.45183699526,1268.2341168153844,0.007992226676025142,7.992226676025142e+17,105,0.0006616947059348027,6.616947059348027e+26,1121.4343491257575,8.839521892939432,70.94720845761555,23.011140853922182,0.0,44.001896485149935,0.007067115922570999,5.5705379424312454e-05,0.00044709897368816254,0.0001450128579100987,0.0,0.0002772935424315706,5242,2568,5690,0.1902222222222222,0.42148148148148146,0,0,0
flow,0.1,1.0,0,registered,after_removal,flow_dump_0.1_1.0.shear.wave,2295,229500,229.5,0.22949999999999998,158683.45183699526,1265.6125774090387,0.00797570611653392,7.97570611653392e+17,102,0.000642789142908094,6.42789142908094e+26,1148.7035022888133,3.882996933317484,52.20432647196489,25.243549217543713,0.0,35.578202497399246,0.007238962153840707,2.4470081085116697e-05,0.000328984061460869,0.00015908117025003148,0.0,0.00022420864989719484,5219,2547,5734,0.18866666666666668,0.42474074074074075,0,0,0
flow,0.1,1.0,0,registered,after_removal,flow_dump_0.1_1.0.shear.wave,2300,230000,230.0,0.22999999999999998,158683.45183699526,1332.7157225789874,0.008398580363300868,8.398580363300868e+17,112,0.0007058076863304561,7.058076863304562e+26,1168.7067246473068,18.306622275214675,50.06623613241967,30.16013782320417,0.0,65.47600170084209,0.007365019547519296,0.00011536566707673984,0.0003155101275705126,0.00019006479550360194,0.0,0.0004126202256307176,5195,2555,5750,0.18925925925925927,0.42592592592592593,0,0,0
