region,amplitude_A,frequency_THz,is_baseline,coordinate_treatment,analysis_stage,filename,frame,timestep,time_ps,strain_xy,cell_volume_A3,total_line_length_A,dislocation_density_A-2,dislocation_density_m-2,segment_count,segment_number_density_A-3,segment_number_density_m-3,shockley_length_A,perfect_length_A,stair_rod_length_A,hirth_length_A,frank_length_A,other_length_A,shockley_density_A-2,perfect_density_A-2,stair_rod_density_A-2,hirth_density_A-2,frank_density_A-2,other_density_A-2,fcc_count,hcp_count,other_atom_count,hcp_fraction,other_atom_fraction,coherent_correction_applied,has_PE,has_KE
flow,0.5,0.8,0,registered,before,flow_dump_0.5_0.8.shear.wave,1850,185000,185.0,0.185,158683.45183699526,1441.826292300768,0.00908617928088594,9.086179280885939e+17,126,0.0007940336471217632,7.940336471217631e+26,1167.4654380944578,4.603785611908546,121.82863208346481,44.556678307427724,0.0,103.37175820350976,0.007357197140466265,2.9012386349130486e-05,0.0007677462941038811,0.00028078969666728564,0.0,0.0006514337632993802,5939,3062,4499,0.2268148148148148,0.33325925925925926,0,0,0
flow,0.5,0.8,0,registered,before,flow_dump_0.5_0.8.shear.wave,1855,185500,185.5,0.1855,158683.45183699526,1437.2295380341995,0.009057211205050972,9.057211205050972e+17,125,0.000787731792779527,7.87731792779527e+26,1161.7754451855296,6.342864394528773,133.7958539195755,24.720090279973533,0.0,110.59528425459212,0.0073213396339458425,3.997180752687663e-05,0.0008431619829962794,0.0001557824082713225,0.0,0.0006969553723106499,5928,3069,4503,0.22733333333333333,0.33355555555555555,0,0,0
flow,0.5,0.8,0,registered,before,flow_dump_0.5_0.8.shear.wave,1860,186000,186.0,0.186,158683.45183699526,4975.515810919432,0.03135497591790757,3.135497591790757e+18,135,0.0008507503362018892,8.507503362018892e+26,3685.6746195561204,0.0,448.83295727585386,257.259246710078,0.0,583.7489873773791,0.02322658460531955,0.0,0.0028284799207475616,0.001621210300960323,0.0,0.00367870109088013,5915,3025,4560,0.22407407407407406,0.3377777777777778,0,0,0
flow,0.5,0.8,0,registered,before,flow_dump_0.5_0.8.shear.wave,1865,186500,186.5,0.1865,158683.45183699526,1704.3169668455046,0.0107403572780622,1.07403572780622e+18,122,0.0007688262297528183,7.688262297528184e+26,1352.8907364199413,0.0,161.42633713868145,67.77793029904024,0.0,122.22196298784144,0.008525720361879159,0.0,0.001017285263648687,0.0004271266443627903,0.0,0.0007702250081715626,5911,3021,4568,0.22377777777777777,0.3383703703703704,0,0,0
flow,0.5,0.8,0,registered,before,flow_dump_0.5_0.8.shear.wave,1870,187000,187.0,0.187,158683.45183699526,1550.0191724865495,0.009767995052683748,9.767995052683748e+17,129,0.0008129392101484719,8.129392101484719e+26,1208.4069916005535,6.442923376896207,156.38005819092385,52.4617493373733,0.0,126.32744998080318,0.007615204847206551,4.0602364659388584e-05,0.0009854843487496255,0.00033060630286303386,0.0,0.0007960971892051529,5916,3027,4557,0.2242222222222222,0.33755555555555555,0,0,0
flow,0.5,0.8,0,registered,before,flow_dump_0.5_0.8.shear.wave,1875,187500,187.5,0.1875,158683.45183699526,1536.1960074072153,0.009680883479805098,9.680883479805098e+17,131,0.0008255429188329443,8.255429188329443e+26,1202.2306791004264,7.870538299511893,144.28804290422232,62.24720794551858,0.0,119.55953915753562,0.007576282625458617,4.959898595851547e-05,0.0009092822297087389,0.000392272837683547,0.0,0.0007534468009956768,5888,3011,4601,0.22303703703703703,0.3408148148148148,0,0,0
flow,0.5,0.8,0,registered,before,flow_dump_0.5_0.8.shear.wave,1880,188000,188.0,0.188,158683.45183699526,1497.927042607647,0.009439718037810053,9.439718037810053e+17,126,0.0007940336471217632,7.940336471217631e+26,1221.3909315814399,5.9249625163137605,139.40151732368602,37.20419762059687,0.0,94.00543356561074,0.007697027745754433,3.733825076101869e-05,0.0008784880572605878,0.00023445543432477268,0.0,0.0005924085497092422,5867,2993,4640,0.2217037037037037,0.3437037037037037,0,0,0
flow,0.5,0.8,0,registered,before,flow_dump_0.5_0.8.shear.wave,1885,188500,188.5,0.1885,158683.45183699526,1533.7373097756965,0.009665389125459665,9.665389125459665e+17,128,0.0008066373558062356,8.066373558062357e+26,1190.2230546991996,5.014848463179432,151.90362676925645,28.928189075994343,0.0,157.66759076806719,0.007500612325485804,3.160284456334392e-05,0.0009572745299572682,0.0001823012339415852,0.0,0.0009935981915116668,5835,3005,4660,0.2225925925925926,0.3451851851851852,0,0,0
flow,0.5,0.8,0,registered,before,flow_dump_0.5_0.8.shear.wave,1890,189000,189.0,0.189,158683.4518369953,1488.4590490642256,0.009380052121586177,9.380052121586177e+17,121,0.000762524375410582,7.62524375410582e+26,1203.1402573759274,0.0,167.0499310768173,9.040746322285841,0.0,109.22811428919475,0.007582014655263685,0.0,0.0010527243335267016,5.697346646815312e-05,0.0,0.0006883396663276355,5870,3010,4620,0.22296296296296297,0.3422222222222222,0,0,0
flow,0.5,0.8,0,registered,before,flow_dump_0.5_0.8.shear.wave,1895,189500,189.5,0.1895,158683.45183699526,1497.1161961776575,0.009434608201714337,9.434608201714337e+17,129,0.0008129392101484719,8.129392101484719e+26,1212.6033220505008,10.534191187355,132.72377370722762,30.244553758185795,0.0,111.0103554743877,0.007641649510474009,6.638493847597959e-05,0.0008364058896548693,0.0001905967724300198,0.0,0.000699571090679456,5912,3016,4572,0.22340740740740742,0.33866666666666667,0,0,0
flow,0.5,0.8,0,registered,before,flow_dump_0.5_0.8.shear.wave,1900,190000,190.0,0.19,158683.45183699526,1501.7487813824728,0.009463802078903082,9.463802078903082e+17,126,0.0007940336471217632,7.940336471217631e+26,1205.5387239756446,11.467998671675558,139.27213712580374,44.83362218934846,0.0,100.63629942000073,0.007597129442419823,7.226965722585777e-05,0.0008776727220987639,0.00028253495667212355,0.0,0.0006341953004865156,5911,3054,4535,0.2262222222222222,0.3359259259259259,0,0,0
flow,0.5,0.8,0,registered,during_vibration,flow_dump_0.5_0.8.shear.wave,1910,191000,191.0,0.191,158683.45183699526,764.2255287591073,0.004816037966858348,4.816037966858348e+17,71,0.0004474316582987713,4.474316582987713e+26,628.2713157847267,17.28110613493845,75.39848997864276,8.499752295317917,0.0,34.77486456548169,0.003959274319480441,0.00010890301373510679,0.00047515030146996366,5.356420091018146e-05,0.0,0.00021914613126265713,4316,1570,7614,0.1162962962962963,0.564,1,0,0
flow,0.5,0.8,0,registered,during_vibration,flow_dump_0.5_0.8.shear.wave,1911,191100,191.1,0.1911,158683.45183699526,696.6006401193628,0.004389875768740734,4.389875768740734e+17,73,0.0004600353669832438,4.600353669832438e+26,577.8656821956876,0.0,77.8342244129281,0.0,0.0,40.9007335107473,0.0036416253585741867,0.0,0.000490499945091199,0.0,0.0,0.00025775046507534917,4101,1491,7908,0.11044444444444444,0.5857777777777777,1,0,0
flow,0.5,0.8,0,registered,during_vibration,flow_dump_0.5_0.8.shear.wave,1912,191200,191.20000000000002,0.19119999999999998,158683.45183699526,768.430253196075,0.00484253552780936,4.84253552780936e+17,74,0.00046633722132547996,4.6633722132548e+26,645.7937772367497,0.0,80.15574638688979,22.882331984265903,0.0,19.59839758816947,0.004069698319268539,0.0,0.0005051298384234063,0.00014420112317553674,0.0,0.00012350624694187754,3933,1378,8189,0.10207407407407408,0.6065925925925926,1,0,0
flow,0.5,0.8,0,registered,during_vibration,flow_dump_0.5_0.8.shear.wave,1913,191300,191.3,0.1913,158683.45183699526,560.8940006270174,0.0035346722933856122,3.534672293385612e+17,50,0.0003150927171118108,3.150927171118108e+26,487.58048285107816,0.0,46.72111508839131,0.0,0.0,26.59240268754798,0.003072661183044698,0.0,0.00029442966199389673,0.0,0.0,0.00016758144834701826,3714,1212,8574,0.08977777777777778,0.6351111111111111,1,0,0
flow,0.5,0.8,0,registered,during_vibration,flow_dump_0.5_0.8.shear.wave,1914,191400,191.4,0.1914,158683.45183699526,503.2368912226277,0.0031713255881247707,3.1713255881247706e+17,45,0.0002835834454006297,2.835834454006297e+26,471.60318375729304,0.0,5.01338812944521,3.0308953388370448,4.648896116329431,18.940527880722986,0.002971974571373321,0.0,3.15936417528598e-05,1.9100260951913737e-05,2.9296666177295706e-05,0.00011936044786938026,3882,1268,8350,0.09392592592592593,0.6185185185185185,1,0,0
flow,0.5,0.8,0,registered,during_vibration,flow_dump_0.5_0.8.shear.wave,1915,191500,191.5,0.1915,158683.45183699526,576.5759335771077,0.003633497550641796,3.633497550641796e+17,55,0.0003466019888229919,3.466019888229919e+26,524.3452777945465,0.0,27.07111849708897,0.0,0.0,25.159537285472087,0.003304347565700618,0.0,0.00017059824565007127,0.0,0.0,0.00015855173929110625,4187,1475,7838,0.10925925925925926,0.5805925925925925,1,0,0
flow,0.5,0.8,0,registered,during_vibration,flow_dump_0.5_0.8.shear.wave,1916,191600,191.6,0.1916,158683.4518369953,787.7762516662142,0.004964451192273301,4.964451192273301e+17,70,0.00044112980395653504,4.41129803956535e+26,660.1308357740493,11.685097682562155,76.4258730203297,0.0,0.0,39.53444518927304,0.004160048373866714,7.363778357030865e-05,0.0004816247197523583,0.0,0.0,0.00024914031508391996,4407,1477,7616,0.10940740740740741,0.5641481481481482,1,0,0
flow,0.5,0.8,0,registered,during_vibration,flow_dump_0.5_0.8.shear.wave,1917,191700,191.70000000000002,0.19169999999999998,158683.45183699526,885.0675952289869,0.0055775670681663565,5.5775670681663565e+17,74,0.00046633722132547996,4.6633722132548e+26,730.2124775013017,10.631556809319619,93.8874497613863,11.611775533905956,0.0,38.724335623073266,0.004601692672096643,6.699852244354185e-05,0.0005916650329602769,7.31757180694175e-05,0.0,0.00024403512259647684,4315,1528,7657,0.11318518518518518,0.5671851851851852,1,0,0
flow,0.5,0.8,0,registered,during_vibration,flow_dump_0.5_0.8.shear.wave,1918,191800,191.8,0.1918,158683.45183699526,720.2841001427112,0.00453912548412805,4.53912548412805e+17,67,0.00042222424092982645,4.2222424092982644e+26,593.2316205738424,0.0,88.13222440547361,7.1297037316865,0.0,31.790551431708344,0.003738459264065096,0.0,0.0005553964410605704,4.493035442038632e-05,0.0,0.00020033942458199498,4124,1407,7969,0.10422222222222222,0.5902962962962963,1,0,0
flow,0.5,0.8,0,registered,during_vibration,flow_dump_0.5_0.8.shear.wave,1919,191900,191.9,0.1919,158683.45183699526,563.7353020449079,0.003552577761063548,3.552577761063548e+17,51,0.000321394571454047,3.21394571454047e+26,472.2207272013849,0.0,63.83427208994519,11.168167903198604,0.0,16.51213485037908,0.002975866240207991,0.0,0.0004022742847535092,7.038016739559526e-05,0.0,0.00010405706870645136,3848,1274,8378,0.09437037037037037,0.6205925925925926,1,0,0
flow,0.5,0.8,0,registered,during_vibration,flow_dump_0.5_0.8.shear.wave,1920,192000,192.0,0.192,158683.4518369953,501.7962066920064,0.0031622466040596817,3.162246604059682e+17,42,0.000264677882373921,2.64677882373921e+26,469.50726154017974,0.0,14.201715235574113,7.295532023715858,0.0,10.791697892536789,0.002958766374848416,0.0,8.949714082450493e-05,4.5975380162577145e-05,0.0,6.800770822418436e-05,3925,1229,8346,0.09103703703703704,0.6182222222222222,1,0,0
flow,0.5,0.8,0,registered,during_vibration,flow_dump_0.5_0.8.shear.wave,1921,192100,192.1,0.1921,158683.45183699526,698.0691821144735,0.004399130306489378,4.3991303064893786e+17,65,0.00040962053224535404,4.096205322453541e+26,614.2102632326701,0.0,32.98249489583145,19.085104237740353,0.0,31.791319748231757,0.003870663614398851,0.0,0.00020785087867707927,0.00012027154701263486,0.0,0.00020034426640081426,4300,1401,7799,0.10377777777777777,0.5777037037037037,1,0,0
flow,0.5,0.8,0,registered,during_vibration,flow_dump_0.5_0.8.shear.wave,1922,192200,192.20000000000002,0.19219999999999998,158683.45183699526,735.9773341891688,0.004638021959247448,4.6380219592474477e+17,70,0.00044112980395653514,4.411298039565352e+26,652.9911047002023,0.0,57.16991868509079,0.0,0.0,25.81631080387575,0.004115054828596593,0.0,0.0003602765003109308,0.0,0.0,0.00016269063033992414,4408,1519,7573,0.11251851851851852,0.560962962962963,1,0,0
flow,0.5,0.8,0,registered,during_vibration,flow_dump_0.5_0.8.shear.wave,1923,192300,192.3,0.1923,158683.45183699526,794.0237093880994,0.005003821760845901,5.0038217608459014e+17,75,0.0004726390756677162,4.726390756677162e+26,685.1271511061439,8.447940499418854,69.27619101328673,0.0,0.0,31.17242676924989,0.00431757151218218,5.323769051921589e-05,0.00043656846515066654,0.0,0.0,0.00019644409299383785,4346,1528,7626,0.11318518518518518,0.5648888888888889,1,0,0
flow,0.5,0.8,0,registered,during_vibration,flow_dump_0.5_0.8.shear.wave,1924,192400,192.4,0.1924,158683.4518369953,696.3736769736762,0.004388445480055561,4.388445480055561e+17,71,0.00044743165829877127,4.4743165829877125e+26,593.016183684988,4.242505565896435,66.90360527160684,0.0,0.0,32.2113824511849,0.003737101612171591,2.673565212240576e-05,0.00042161677539213324,0.0,0.0,0.000202991440369431,4169,1435,7896,0.10629629629629629,0.5848888888888889,1,0,0
flow,0.5,0.8,0,registered,during_vibration,flow_dump_0.5_0.8.shear.wave,1925,192500,192.5,0.1925,158683.45183699526,585.4987581226834,0.003689727891249344,3.689727891249344e+17,54,0.00034030013448075566,3.403001344807557e+26,483.5786824959629,0.0,74.5976640392604,0.0,0.0,27.322411587460373,0.003047442420100052,0.0,0.00047010361304649154,0.0,0.0,0.00017218185810280226,3881,1275,8344,0.09444444444444444,0.6180740740740741,1,0,0
flow,0.5,0.8,0,registered,during_vibration,flow_dump_0.5_0.8.shear.wave,1926,192600,192.6,0.1926,158683.45183699526,511.3485239576318,0.0032224439160984815,3.222443916098481e+17,48,0.0003024890084273384,3.024890084273384e+26,471.31566712024147,0.0,13.20880497224589,0.0,5.210087523229436,21.61396434191497,0.0029701626834056525,0.0,8.323996497009909e-05,0.0,3.283321268169416e-05,0.00013620805504103558,3848,1214,8438,0.08992592592592592,0.6250370370370371,1,0,0
flow,0.5,0.8,0,registered,during_vibration,flow_dump_0.5_0.8.shear.wave,1927,192700,192.70000000000002,0.19269999999999998,158683.45183699526,622.8222912595933,0.003924935360615777,3.9249353606157766e+17,53,0.00033399828013851943,3.3399828013851945e+26,592.8978510723146,0.0,0.0,0.0,0.0,29.92444018727872,0.0037363558972825866,0.0,0.0,0.0,0.0,0.0001885794633331903,4162,1373,7965,0.1017037037037037,0.59,1,0,0
flow,0.5,0.8,0,registered,during_vibration,flow_dump_0.5_0.8.shear.wave,1928,192800,192.8,0.1928,158683.45183699526,657.4948521174684,0.004143436788814427,4.1434367888144275e+17,59,0.00037180940619193677,3.7180940619193676e+26,564.4310582963169,0.0,56.225916946294184,0.0,0.0,36.83787687485744,0.0035569623156176274,0.0,0.0003543275388542168,0.0,0.0,0.00023214693434258347,4333,1523,7644,0.11281481481481481,0.5662222222222222,1,0,0
flow,0.5,0.8,0,registered,during_vibration,flow_dump_0.5_0.8.shear.wave,1929,192900,192.9,0.1929,158683.45183699526,812.8451748714424,0.005122431894829356,5.1224318948293555e+17,65,0.00040962053224535404,4.096205322453541e+26,656.0110515027662,43.13174748137843,75.51516732422412,0.0,0.0,38.18720856307377,0.004134086093467653,0.00027180999015376066,0.0004758855851068562,0.0,0.0,0.00024065022610108642,4397,1543,7560,0.1142962962962963,0.56,1,0,0
flow,0.5,0.8,0,registered,during_vibration,flow_dump_0.5_0.8.shear.wave,1930,193000,193.0,0.193,158683.45183699526,754.3517472342226,0.004753814833881462,4.753814833881462e+17,72,0.00045373351264100755,4.5373351264100753e+26,615.5520783743026,11.559890573059533,85.0298012924899,0.0,0.0,42.209976994370706,0.003879119537975626,7.284874660361071e-05,0.0005358454224945601,0.0,0.0,0.0002660011268076658,4253,1489,7758,0.1102962962962963,0.5746666666666667,1,0,0
flow,0.5,0.8,0,registered,during_vibration,flow_dump_0.5_0.8.shear.wave,1931,193100,193.1,0.1931,158683.45183699526,615.3330849877304,0.0038777394735515355,3.8777394735515354e+17,57,0.0003592056975074643,3.592056975074643e+26,498.1487147699371,0.0,89.23668201420581,5.953132175744049,0.0,21.994556027843565,0.0031392606412523182,0.0,0.0005623565720379753,3.751577185161877e-05,0.0,0.00013860648840962372,3986,1342,8172,0.0994074074074074,0.6053333333333333,1,0,0
flow,0.5,0.8,0,registered,during_vibration,flow_dump_0.5_0.8.shear.wave,1932,193200,193.20000000000002,0.19319999999999998,158683.45183699526,544.1391892163753,0.0034290859123441084,3.429085912344108e+17,46,0.0002898852997428659,2.8988529974286592e+26,450.5793227122828,14.850277083719394,43.29100475428439,4.261031532066646,0.0,31.157553134022052,0.0028394852613562527,9.358428312344803e-05,0.00027281360629055574,2.685240006275963e-05,0.0,0.0001963503615110925,3847,1232,8421,0.09125925925925926,0.6237777777777778,1,0,0
flow,0.5,0.8,0,registered,during_vibration,flow_dump_0.5_0.8.shear.wave,1933,193300,193.3,0.1933,158683.45183699526,661.0773617049512,0.004166013242414408,4.166013242414408e+17,60,0.00037811126053417294,3.78111260534173e+26,576.4671042332312,6.687857657944014,27.774086570505297,27.012195129794325,0.0,23.1361181134762,0.0036328117239685254,4.2145904821972214e-05,0.00017502824805598337,0.00017022691917202633,0.0,0.00014580044639589997,4110,1234,8156,0.09140740740740741,0.6041481481481481,1,0,0
flow,0.5,0.8,0,registered,during_vibration,flow_dump_0.5_0.8.shear.wave,1934,193400,193.4,0.1934,158683.45183699526,705.7777866349194,0.0044477088093591325,4.447708809359133e+17,69,0.0004348279496142989,4.3482794961429895e+26,625.9006584546684,6.03325335673844,43.16041902647553,0.0,0.0,30.683455797037233,0.003944334782291058,3.802068386397336e-05,0.0002719906740547294,0.0,0.0,0.00019336266914937207,4352,1449,7699,0.10733333333333334,0.5702962962962963,1,0,0
flow,0.5,0.8,0,registered,during_vibration,flow_dump_0.5_0.8.shear.wave,1935,193500,193.5,0.19349999999999998,158683.4518369953,720.9030339389651,0.0045430259147595286,4.5430259147595283e+17,71,0.00044743165829877127,4.4743165829877125e+26,605.0318645894971,9.019264887992758,66.2182157719767,0.0,0.0,40.63368868949896,0.003812822683054596,5.6838093598175794e-05,0.00041729755059776596,0.0,0.0,0.0002560675875089936,4366,1516,7618,0.1122962962962963,0.5642962962962963,1,0,0
flow,0.5,0.8,0,registered,during_vibration,flow_dump_0.5_0.8.shear.wave,1936,193600,193.6,0.1936,158683.45183699526,700.8538419976715,0.004416678827465961,4.4166788274659603e+17,68,0.0004285260952720627,4.2852609527206266e+26,579.473149118635,0.0,76.59677026510558,0.0,0.0,44.78392261393052,0.003651755380982564,0.0,0.0004827016892964254,0.0,0.0,0.0002822217571869687,4280,1481,7739,0.1097037037037037,0.5732592592592592,1,0,0
flow,0.5,0.8,0,registered,during_vibration,flow_dump_0.5_0.8.shear.wave,1937,193700,193.70000000000002,0.19369999999999998,158683.45183699526,686.4966396107385,0.004326201829261503,4.3262018292615034e+17,66,0.0004159223865875903,4.159223865875903e+26,579.1194551793757,10.819944139741192,79.8455029797147,14.489511330312299,0.0,2.222225981594616,0.0036495264532956204,6.818571195978133e-05,0.0005031747296607498,9.131078989380941e-05,0.0,1.4004144451542169e-05,4073,1393,8034,0.10318518518518519,0.5951111111111111,1,0,0
flow,0.5,0.8,0,registered,during_vibration,flow_dump_0.5_0.8.shear.wave,1938,193800,193.8,0.1938,158683.45183699526,579.656000667885,0.00365290768481219,3.65290768481219e+17,51,0.000321394571454047,3.21394571454047e+26,468.1859292664968,7.683207358065216,67.75470342542667,10.812321473092439,0.0,25.219839144803952,0.002950439531321971,4.8418453651724526e-05,0.0004269802719884521,6.813767502486146e-05,0.0,0.00015893175282518168,3866,1232,8402,0.09125925925925926,0.6223703703703704,1,0,0
flow,0.5,0.8,0,registered,during_vibration,flow_dump_0.5_0.8.shear.wave,1939,193900,193.9,0.1939,158683.4518369953,465.8441172903303,0.0029356817733512644,2.9356817733512646e+17,41,0.0002583760280316848,2.5837602803168483e+26,441.951735864025,13.974154210993415,0.0,0.0,0.0,9.918227215311788,0.002785115465713539,8.806308439362734e-05,0.0,0.0,0.0,6.250322324409799e-05,3992,1254,8254,0.09288888888888888,0.6114074074074074,1,0,0
flow,0.5,0.8,0,registered,during_vibration,flow_dump_0.5_0.8.shear.wave,1940,194000,194.0,0.19399999999999998,158683.45183699526,518.1506279408308,0.0032653097846213463,3.2653097846213466e+17,47,0.00029618715408510216,2.9618715408510217e+26,442.2847500944357,23.55804322654427,22.929699729346122,0.0,0.0,29.378134890504725,0.002787214072887479,0.0001484593570017865,0.00014449962780555244,0.0,0.0,0.0001851367269265285,4271,1463,7766,0.10837037037037037,0.5752592592592592,1,0,0
flow,0.5,0.8,0,registered,during_vibration,flow_dump_0.5_0.8.shear.wave,1941,194100,194.1,0.1941,158683.45183699526,646.33143522804,0.00407308656161559,4.07308656161559e+17,55,0.0003466019888229919,3.466019888229919e+26,517.6026062996026,21.023319995551525,74.57477202713346,0.0,0.0,33.13073690575258,0.003261856232061933,0.00013248590040218784,0.0004699593509204669,0.0,0.0,0.00020878507823100253,4453,1519,7528,0.11251851851851852,0.5576296296296296,1,0,0
flow,0.5,0.8,0,registered,during_vibration,flow_dump_0.5_0.8.shear.wave,1942,194200,194.20000000000002,0.19419999999999998,158683.45183699526,698.3611825506846,0.004400970450706251,4.400970450706251e+17,69,0.0004348279496142989,4.3482794961429895e+26,546.5192605073873,20.4563892578741,86.54056446093212,0.0,0.0,44.844968324491056,0.0034440847749442048,0.0001289131854712082,0.0005453660319276983,0.0,0.0,0.0002826064583631395,4355,1560,7585,0.11555555555555555,0.5618518518518518,1,0,0
flow,0.5,0.8,0,registered,during_vibration,flow_dump_0.5_0.8.shear.wave,1943,194300,194.3,0.1943,158683.4518369953,694.3542114008866,0.00437571910216668,4.3757191021666797e+17,66,0.00041592238658759017,4.1592238658759015e+26,523.8798883001825,27.03307518284294,100.7285889389537,9.580743424719216,0.0,33.131915554188296,0.0033014147488947283,0.00017035850222499684,0.0006347768955922722,6.0376449552917854e-05,0.0,0.0002087925059017651,4173,1430,7897,0.10592592592592592,0.584962962962963,1,0,0
flow,0.5,0.8,0,registered,during_vibration,flow_dump_0.5_0.8.shear.wave,1944,194400,194.4,0.1944,158683.45183699526,579.2187839161874,0.003650152408527006,3.650152408527006e+17,57,0.0003592056975074643,3.592056975074643e+26,468.6330874125121,19.595867739365815,51.06132093570456,10.214367289110273,0.0,29.714140539494412,0.002953257456826104,0.00012349030420320904,0.0003217810070589868,6.436945485407513e-05,0.0,0.00018725418558463003,3961,1324,8215,0.09807407407407408,0.6085185185185186,1,0,0
flow,0.5,0.8,0,registered,during_vibration,flow_dump_0.5_0.8.shear.wave,1945,194500,194.5,0.19449999999999998,158683.45183699526,536.4285277865199,0.003380494447130861,3.380494447130861e+17,46,0.0002898852997428659,2.8988529974286592e+26,438.80526195109394,18.520907691874417,36.5795688706176,8.617480876251223,0.0,33.9053083966826,0.0027652868454226013,0.00011671606256019492,0.00023051911492443024,5.4306109279141324e-05,0.0,0.00021366631494449228,3964,1215,8321,0.09,0.6163703703703703,1,0,0
flow,0.5,0.8,0,registered,during_vibration,flow_dump_0.5_0.8.shear.wave,1946,194600,194.6,0.1946,158683.45183699526,601.1692035540685,0.003788480755835894,3.7884807558358944e+17,56,0.00035290384316522807,3.529038431652281e+26,554.1821973725914,9.902990916866841,21.901569417938557,0.0,0.0,15.182445846671872,0.003492375486902473,6.24072063105831e-05,0.00013802050033822401,0.0,0.0,9.567756228461534e-05,4286,1386,7828,0.10266666666666667,0.5798518518518518,1,0,0
flow,0.5,0.8,0,registered,during_vibration,flow_dump_0.5_0.8.shear.wave,1947,194700,194.70000000000002,0.19469999999999998,158683.4518369953,690.2517384845036,0.004349865915404665,4.349865915404665e+17,66,0.00041592238658759017,4.1592238658759015e+26,588.5386725000149,0.0,53.37814827394127,0.0,0.0,48.334917710547636,0.003708884988868156,0.0,0.0003363813154806653,0.0,0.0,0.0003045996110558447,4431,1542,7527,0.11422222222222222,0.5575555555555556,1,0,0
flow,0.5,0.8,0,registered,during_vibration,flow_dump_0.5_0.8.shear.wave,1948,194800,194.8,0.1948,158683.45183699526,847.3225880474652,0.0053397035307617465,5.3397035307617466e+17,82,0.0005167520560633698,5.167520560633698e+26,706.4072408575096,7.00911038650575,69.67034840298173,0.0,0.0,64.23588840046824,0.004451675538185001,4.417039272441422e-05,0.00043905238760844046,0.0,0.0,0.0004048052122438918,4382,1563,7555,0.11577777777777777,0.5596296296296296,1,0,0
flow,0.5,0.8,0,registered,during_vibration,flow_dump_0.5_0.8.shear.wave,1949,194900,194.9,0.1949,158683.45183699526,807.3118359260574,0.005087561598769316,5.0875615987693165e+17,78,0.0004915446386944248,4.9154463869442485e+26,645.4237665098773,21.904843373252135,90.64367986861973,22.553969586154444,0.0,26.785576588153607,0.004067366565562724,0.00013804113232773318,0.0005712232675763307,0.00014213183117117094,0.0,0.00016879880213135654,4217,1476,7807,0.10933333333333334,0.5782962962962963,1,0,0
flow,0.5,0.8,0,registered,during_vibration,flow_dump_0.5_0.8.shear.wave,1950,195000,195.0,0.19499999999999998,158683.45183699526,607.6300415132673,0.0038291960155835557,3.829196015583556e+17,60,0.00037811126053417294,3.78111260534173e+26,487.67072404767885,20.92072731124323,57.171601114191766,9.338316182786322,4.228017380450462,28.300655476916738,0.0030732298699213444,0.00013183937624909795,0.00036028710273406625,5.884870838566671e-05,2.6644349688041935e-05,0.00017834660860533889,3956,1314,8230,0.09733333333333333,0.6096296296296296,1,0,0
flow,0.5,0.8,0,registered,during_vibration,flow_dump_0.5_0.8.shear.wave,1951,195100,195.1,0.1951,158683.45183699526,556.0650868694554,0.003504241182254236,3.504241182254236e+17,50,0.0003150927171118108,3.150927171118108e+26,469.27026546838283,9.108457592949978,41.99207529083224,12.848346890817975,4.803104491887803,18.042837134584527,0.0029572728601242704,5.740017303320625e-05,0.00026462794201104125,8.096841064445845e-05,3.0268464898417423e-05,0.00011370333154284235,3898,1222,8380,0.09051851851851851,0.6207407407407407,1,0,0
flow,0.5,0.8,0,registered,during_vibration,flow_dump_0.5_0.8.shear.wave,1952,195200,195.20000000000002,0.19519999999999998,158683.45183699526,549.9422857303696,0.0034656561813092394,3.4656561813092397e+17,48,0.0003024890084273384,3.024890084273384e+26,496.16274765939716,7.452856530397513,5.100525397600307,0.0,0.0,41.22615614297457,0.003126745365793224,4.6966816288149105e-05,3.214276812455359e-05,0.0,0.0,0.00025980123110331253,4181,1406,7913,0.10414814814814814,0.5861481481481482,1,0,0
flow,0.5,0.8,0,registered,during_vibration,flow_dump_0.5_0.8.shear.wave,1953,195300,195.3,0.1953,158683.45183699526,645.4910430282157,0.004067790532381945,4.067790532381945e+17,58,0.00036550755184970053,3.6550755184970054e+26,524.2591259401371,11.836137936025157,56.40555252618005,0.0,0.0,52.990226625873355,0.0033038046492628163,7.458961724744693e-05,0.0003554595761133407,0.0,0.0,0.00033393668975834116,4367,1531,7602,0.1134074074074074,0.5631111111111111,1,0,0
flow,0.5,0.8,0,registered,during_vibration,flow_dump_0.5_0.8.shear.wave,1954,195400,195.4,0.1954,158683.4518369953,761.1943999907148,0.004796936234867376,4.7969362348673766e+17,72,0.00045373351264100744,4.537335126410075e+26,587.4232323604837,33.817175951519516,79.5807827381422,0.0,0.0,60.37320894056997,0.003701855647581347,0.00021311091711224937,0.0005015065012569182,0.0,0.0,0.00038046316891686513,4405,1532,7563,0.11348148148148147,0.5602222222222222,1,0,0
flow,0.5,0.8,0,registered,during_vibration,flow_dump_0.5_0.8.shear.wave,1955,195500,195.5,0.19549999999999998,158683.45183699526,803.5252147359681,0.0050636988635801485,5.0636988635801485e+17,80,0.0005041483473788973,5.041483473788973e+26,613.7830838322767,27.881217049695795,104.09098186771152,0.0,0.0,57.769931986284156,0.0038679715920395684,0.00017570336873145586,0.0006559662060706691,0.0,0.0,0.00036405769673845565,4261,1482,7757,0.10977777777777778,0.5745925925925925,1,0,0
flow,0.5,0.8,0,registered,during_vibration,flow_dump_0.5_0.8.shear.wave,1956,195600,195.6,0.1956,158683.45183699526,663.0408963444063,0.00417838715170819,4.17838715170819e+17,63,0.0003970168235608816,3.970168235608816e+26,536.1480271120241,15.79633786832354,92.32954403393124,5.179893179445562,0.0,13.587094150681741,0.00337872677273729,9.954622038692507e-05,0.0005818473379869195,3.264293232520877e-05,0.0,8.562388827184603e-05,4027,1354,8119,0.1002962962962963,0.6014074074074074,1,0,0
flow,0.5,0.8,0,registered,during_vibration,flow_dump_0.5_0.8.shear.wave,1957,195700,195.70000000000002,0.19569999999999999,158683.45183699526,514.6096150174055,0.0032429948369539444,3.242994836953944e+17,44,0.0002772815910583935,2.772815910583935e+26,434.9749147557986,18.648286221706762,45.577827207828065,0.0,0.0,15.408586832071977,0.002741148555317657,0.00011751878350152655,0.0002872248282993432,0.0,0.0,9.710266983541656e-05,3897,1276,8327,0.09451851851851852,0.6168148148148148,1,0,0
flow,0.5,0.8,0,registered,during_vibration,flow_dump_0.5_0.8.shear.wave,1958,195800,195.8,0.1958,158683.4518369953,647.092967644048,0.004077885627978162,4.0778856279781626e+17,61,0.0003844131148764091,3.844131148764091e+26,542.1975693386667,11.632250627290313,40.75909535036434,20.79526347114279,0.0,31.70878885658401,0.0034168501066867978,7.33047491255694e-05,0.0002568578820193134,0.00013104872140356732,0.0,0.00019982416874291526,4123,1281,8096,0.09488888888888888,0.5997037037037037,1,0,0
flow,0.5,0.8,0,registered,during_vibration,flow_dump_0.5_0.8.shear.wave,1959,195900,195.9,0.1959,158683.45183699526,709.1433019491143,0.004468917796655754,4.4689177966557536e+17,73,0.0004600353669832438,4.600353669832438e+26,622.722839147809,6.375296992095581,44.284808243132154,3.8918224384151303,0.0,31.86853512766222,0.003924308627893285,4.017619303268303e-05,0.00027907641112208056,2.452569813273873e-05,0.0,0.00020083086647496555,4392,1465,7643,0.10851851851851851,0.5661481481481482,1,0,0
flow,0.5,0.8,0,registered,during_vibration,flow_dump_0.5_0.8.shear.wave,1960,196000,196.0,0.19599999999999998,158683.45183699526,738.6611913414247,0.004654935236096333,4.6549352360963334e+17,70,0.00044112980395653514,4.411298039565352e+26,621.8800106713566,0.0,62.83302785438067,0.0,0.0,53.94815281568776,0.0039189972455991925,0.0,0.0003959645894199779,0.0,0.0,0.0003399734010771649,4396,1575,7529,0.11666666666666667,0.5577037037037037,1,0,0
flow,0.5,0.8,0,registered,during_vibration,flow_dump_0.5_0.8.shear.wave,1961,196100,196.1,0.1961,158683.45183699526,788.2461519606895,0.004967412435484459,4.9674124354844595e+17,73,0.0004600353669832438,4.600353669832438e+26,684.332405341624,5.636290558651403,70.81793838262229,0.0,0.0,27.459517677791933,0.004312563140135068,3.551908213114233e-05,0.00044628433250474506,0.0,0.0,0.00017304588071350522,4350,1543,7607,0.1142962962962963,0.5634814814814815,1,0,0
flow,0.5,0.8,0,registered,during_vibration,flow_dump_0.5_0.8.shear.wave,1962,196200,196.20000000000002,0.19619999999999999,158683.4518369953,792.2595066296914,0.004992704012032242,4.992704012032242e+17,78,0.0004915446386944247,4.915446386944247e+26,611.0119058828362,26.349005495656247,74.09531157039616,16.930361663483428,0.0,63.87292201731967,0.003850508032245777,0.0001660475946964072,0.0004669378609592463,0.00010669267316465259,0.0,0.00040251785096616106,4132,1447,7921,0.10718518518518519,0.5867407407407408,1,0,0
flow,0.5,0.8,0,registered,during_vibration,flow_dump_0.5_0.8.shear.wave,1963,196300,196.3,0.1963,158683.45183699526,561.5826319661785,0.0035390119477805046,3.539011947780504e+17,49,0.00030879086276957456,3.0879086276957458e+26,435.06299363285893,22.46177470494204,52.857989005108905,10.726936218223381,0.0,40.47293840504519,0.0027417036155715194,0.0001415508324586706,0.0003331033475337197,6.759958958570194e-05,0.0,0.00025505456263089294,3924,1257,8319,0.09311111111111112,0.6162222222222222,1,0,0
flow,0.5,0.8,0,registered,during_vibration,flow_dump_0.5_0.8.shear.wave,1964,196400,196.4,0.1964,158683.45183699526,531.5016506903702,0.003349445985308826,3.3494459853088256e+17,46,0.0002898852997428659,2.8988529974286592e+26,470.5790065628081,23.380441202537728,0.0,0.0,0.0,37.54220292502451,0.002965520355873037,0.00014734013491561092,0.0,0.0,0.0,0.0002365854945201789,4047,1292,8161,0.09570370370370371,0.6045185185185186,1,0,0
flow,0.5,0.8,0,registered,during_vibration,flow_dump_0.5_0.8.shear.wave,1965,196500,196.5,0.19649999999999998,158683.45183699526,610.2382029014938,0.0038456322687532036,3.845632268753204e+17,55,0.0003466019888229919,3.466019888229919e+26,533.1379782875805,12.256048798934884,24.301298886687057,0.0,0.0,40.54287692829136,0.0033597578834826266,7.723583434222677e-05,0.00015314324591104896,0.0,0.0,0.0002554953050173014,4274,1477,7749,0.10940740740740741,0.574,1,0,0
flow,0.5,0.8,0,registered,during_vibration,flow_dump_0.5_0.8.shear.wave,1966,196600,196.6,0.1966,158683.4518369953,735.0217424169646,0.004631999959088377,4.631999959088377e+17,64,0.00040331867790311776,4.033186779031178e+26,610.1112870821833,9.824205512089707,59.62325335263264,0.0,0.0,55.46299647005894,0.0038448324637461824,6.191071216538348e-05,0.00037573705803853796,0.0,0.0,0.0003495197251382728,4432,1534,7534,0.11362962962962964,0.5580740740740741,1,0,0
flow,0.5,0.8,0,registered,during_vibration,flow_dump_0.5_0.8.shear.wave,1967,196700,196.70000000000002,0.19669999999999999,158683.45183699526,792.4826285372819,0.0049941100937944405,4.9941100937944403e+17,80,0.0005041483473788973,5.041483473788973e+26,626.1968483379113,5.875219025266907,102.42119442604788,1.6315164094198398,0.0,56.35785033863617,0.0039462013277928995,3.702477452596709e-05,0.0006454434488308095,1.0281578769132057e-05,0.0,0.0003551589638756331,4346,1524,7630,0.11288888888888889,0.5651851851851852,1,0,0
flow,0.5,0.8,0,registered,during_vibration,flow_dump_0.5_0.8.shear.wave,1968,196800,196.8,0.1968,158683.45183699526,761.5798249744892,0.004799365126974982,4.799365126974982e+17,70,0.00044112980395653514,4.411298039565352e+26,614.7320309809321,0.0,85.28101276201393,0.0,0.0,61.566781231543196,0.003873951718748875,0.0,0.0005374285205845997,0.0,0.0,0.0003879848876415077,4169,1417,7914,0.10496296296296297,0.5862222222222222,1,0,0
flow,0.5,0.8,0,registered,during_vibration,flow_dump_0.5_0.8.shear.wave,1969,196900,196.9,0.1969,158683.45183699526,594.0690603244245,0.0037437366873936634,3.7437366873936634e+17,56,0.00035290384316522807,3.529038431652281e+26,511.35450030855293,11.436489457678707,52.03126865088896,0.0,0.0,19.246801907304054,0.003222481578191485,7.207109074881127e-05,0.0003278934762796637,0.0,0.0,0.00012129054217370433,3951,1330,8219,0.09851851851851852,0.6088148148148148,1,0,0
flow,0.5,0.8,0,registered,during_vibration,flow_dump_0.5_0.8.shear.wave,1970,197000,197.0,0.19699999999999998,158683.45183699526,548.2940884586437,0.003455269482175552,3.455269482175552e+17,49,0.00030879086276957456,3.0879086276957458e+26,482.77197585689805,18.787257663905486,15.001422251119878,8.771621263991014,0.0,22.961811422729156,0.003042358672363751,0.00011839456128799341,9.45367779529388e-05,5.527747955093329e-05,0.0,0.00014470199101993488,3982,1235,8283,0.09148148148148148,0.6135555555555555,1,0,0
flow,0.5,0.8,0,registered,during_vibration,flow_dump_0.5_0.8.shear.wave,1971,197100,197.1,0.1971,158683.45183699526,646.3848937071211,0.004073423449164116,4.073423449164116e+17,64,0.0004033186779031178,4.0331867790311785e+26,554.8747063315855,12.341597994296352,38.342504395750574,0.0,0.0,40.826084985488755,0.0034967395774927468,7.777495291049024e-05,0.00024162887781857195,0.0,0.0,0.0002572800409423071,4301,1412,7787,0.1045925925925926,0.5768148148148148,1,0,0
flow,0.5,0.8,0,registered,during_vibration,flow_dump_0.5_0.8.shear.wave,1972,197200,197.20000000000002,0.1972,158683.45183699526,771.7704778885137,0.00486358513729145,4.86358513729145e+17,76,0.0004789409300099524,4.789409300099524e+26,668.9504557849393,0.0,63.32248230039502,0.0,0.0,39.497539803179386,0.004215628334529216,0.0,0.0003990490600459203,0.0,0.0,0.0002489077427163138,4446,1575,7479,0.11666666666666667,0.554,1,0,0
flow,0.5,0.8,0,registered,during_vibration,flow_dump_0.5_0.8.shear.wave,1973,197300,197.3,0.1973,158683.45183699526,821.0960469889382,0.005174427689110232,5.174427689110232e+17,79,0.000497846493036661,4.97846493036661e+26,676.5988692756243,0.0,76.04681940224893,0.0,0.0,68.45035831106478,0.004263827522296707,0.0,0.0004792359790633157,0.0,0.0,0.0004313641877502084,4379,1559,7562,0.11548148148148148,0.5601481481481482,1,0,0
flow,0.5,0.8,0,registered,during_vibration,flow_dump_0.5_0.8.shear.wave,1974,197400,197.4,0.1974,158683.45183699526,804.5252706192184,0.005070001070090488,5.070001070090488e+17,81,0.0005104502017211335,5.104502017211335e+26,666.6548789401864,0.0,77.19312750114949,13.898305607835033,0.0,46.778958570047365,0.004201161943622173,0.0,0.00048645984573391276,8.758509754446115e-05,0.0,0.00029479418318994105,4201,1487,7812,0.11014814814814815,0.5786666666666667,1,0,0
flow,0.5,0.8,0,registered,during_vibration,flow_dump_0.5_0.8.shear.wave,1975,197500,197.5,0.19749999999999998,158683.45183699526,665.546682809846,0.004194178253026137,4.194178253026137e+17,62,0.0003907149692186454,3.907149692186454e+26,529.5655921225988,18.870820759439056,76.39080836000318,18.90421247151398,0.0,21.81524909629116,0.003337245226216692,0.00011892116374443234,0.00048140374737042064,0.0001191315934501664,0.0,0.00013747652224442713,3901,1319,8280,0.09770370370370371,0.6133333333333333,1,0,0
flow,0.5,0.8,0,registered,during_vibration,flow_dump_0.5_0.8.shear.wave,1976,197600,197.6,0.1976,158683.45183699526,524.2166715140748,0.003303537107653589,3.3035371076535885e+17,49,0.00030879086276957456,3.0879086276957458e+26,453.73273754836885,7.872972569554822,32.66289794884973,6.086437543494833,0.0,23.861625903806782,0.0028593576223339134,4.9614326373755675e-05,0.00020583682526897708,3.835584286222244e-05,0.0,0.00015037249081472094,3909,1238,8353,0.0917037037037037,0.6187407407407407,1,0,0
flow,0.5,0.8,0,registered,during_vibration,flow_dump_0.5_0.8.shear.wave,1977,197700,197.70000000000002,0.1977,158683.4518369953,528.1905825697188,0.0033285801162952584,3.328580116295258e+17,47,0.0002961871540851021,2.961871540851021e+26,484.44872820884393,16.268435671771304,5.237158475417866,0.0,0.0,22.236260213685657,0.003052925321453715,0.00010252131197954252,3.300380987929127e-05,0.0,0.0,0.00014012967298270934,4160,1411,7929,0.10451851851851852,0.5873333333333334,1,0,0
flow,0.5,0.8,0,registered,during_vibration,flow_dump_0.5_0.8.shear.wave,1978,197800,197.8,0.1978,158683.45183699526,671.2606905122517,0.004230187097277114,4.230187097277114e+17,59,0.00037180940619193677,3.7180940619193676e+26,542.8956619652279,14.223482781808471,48.085008074831705,0.0,0.0,66.05653769038344,0.003421249384736776,8.963431673026177e-05,0.0003030247169328417,0.0,0.0,0.00041627867887723314,4315,1510,7675,0.11185185185185186,0.5685185185185185,1,0,0
flow,0.5,0.8,0,registered,during_vibration,flow_dump_0.5_0.8.shear.wave,1979,197900,197.9,0.1979,158683.45183699526,702.2663248348907,0.004425580088567025,4.425580088567025e+17,68,0.0004285260952720627,4.2852609527206266e+26,548.8178896644752,22.12887709367837,81.10515823610571,0.0,0.0,50.21439984063153,0.0034585704010789893,0.00013945296020160858,0.0005111128936079581,0.0,0.0,0.0003164438336784694,4378,1531,7591,0.1134074074074074,0.5622962962962963,1,0,0
flow,0.5,0.8,0,registered,during_vibration,flow_dump_0.5_0.8.shear.wave,1980,198000,198.0,0.19799999999999998,158683.45183699526,861.8696176677063,0.005431376792540702,5.431376792540702e+17,80,0.0005041483473788973,5.041483473788973e+26,674.1763186394152,31.742104575141074,109.0161789155372,0.0,0.0,46.93501553761284,0.0042485609610506255,0.00020003411954856883,0.0006870040804728783,0.0,0.0,0.00029577763146862977,4272,1484,7744,0.10992592592592593,0.5736296296296296,1,0,0
flow,0.5,0.8,0,registered,during_vibration,flow_dump_0.5_0.8.shear.wave,1981,198100,198.1,0.1981,158683.4518369953,650.3817737841327,0.004098611205232828,4.098611205232828e+17,64,0.00040331867790311776,4.033186779031178e+26,533.9694760932458,4.821021902788901,74.88731675741771,3.7761263234055518,0.0,32.92783270727474,0.003364997861539818,3.0381377812106137e-05,0.0004719289622861516,2.379659806798575e-05,0.0,0.00020750640552676697,4042,1372,8086,0.10162962962962963,0.5989629629629629,1,0,0
flow,0.5,0.8,0,registered,during_vibration,flow_dump_0.5_0.8.shear.wave,1982,198200,198.20000000000002,0.1982,158683.45183699526,511.5356524533296,0.003223623172621651,3.223623172621651e+17,42,0.00026467788237392105,2.6467788237392104e+26,427.7229903307691,16.5836049946548,37.96499876930138,0.0,0.0,29.264058358604213,0.0026954479838902164,0.00010450746314549554,0.0002392498923473145,0.0,0.0,0.000184417833238624,3892,1287,8321,0.09533333333333334,0.6163703703703703,1,0,0
flow,0.5,0.8,0,registered,during_vibration,flow_dump_0.5_0.8.shear.wave,1983,198300,198.3,0.1983,158683.45183699526,665.5478687549963,0.0041941857266797325,4.1941857266797325e+17,55,0.0003466019888229919,3.466019888229919e+26,588.1003708746401,15.224535579643966,29.30022034435496,0.0,0.0,32.922741956357285,0.00370612287586708,9.59428056511091e-05,0.0001846457208055512,0.0,0.0,0.0002074743243559926,4123,1294,8083,0.09585185185185185,0.5987407407407408,1,0,0
flow,0.5,0.8,0,registered,during_vibration,flow_dump_0.5_0.8.shear.wave,1984,198400,198.4,0.1984,158683.45183699526,716.3492648233785,0.0045143287250849285,4.5143287250849286e+17,73,0.0004600353669832438,4.600353669832438e+26,620.2484809889,8.605138077251738,49.33125414137736,2.6676450504535936,0.0,35.4967465653958,0.003908715583185317,5.422832675767107e-05,0.00031087837811879723,1.681111054474593e-05,0.0,0.00022369532647839802,4372,1464,7664,0.10844444444444444,0.5677037037037037,1,0,0
flow,0.5,0.8,0,registered,during_vibration,flow_dump_0.5_0.8.shear.wave,1985,198500,198.5,0.19849999999999998,158683.4518369953,714.417467596669,0.004502154820343469,4.502154820343469e+17,64,0.00040331867790311776,4.033186779031178e+26,592.5826153816926,0.0,62.68597719123796,0.0,0.0,59.1488750237386,0.003734369327876812,0.0,0.00039503789755992324,0.0,0.0,0.00037274759490673427,4398,1576,7526,0.11674074074074074,0.5574814814814815,1,0,0
flow,0.5,0.8,0,registered,during_vibration,flow_dump_0.5_0.8.shear.wave,1986,198600,198.6,0.1986,158683.45183699526,839.1268380056122,0.005288055107772613,5.2880551077726125e+17,82,0.0005167520560633698,5.167520560633698e+26,738.7328824897306,7.250909854237715,60.409915392856604,0.0,0.0,32.733130268787356,0.0046553870232705855,4.569417775009131e-05,0.0003806944876325958,0.0,0.0,0.0002062794191193413,4354,1551,7595,0.11488888888888889,0.5625925925925926,1,0,0
flow,0.5,0.8,0,registered,during_vibration,flow_dump_0.5_0.8.shear.wave,1987,198700,198.70000000000002,0.1987,158683.45183699526,766.3290755164093,0.004829294212124949,4.829294212124949e+17,72,0.00045373351264100755,4.5373351264100753e+26,619.1235419787942,13.720245732998565,72.45237026815374,12.878520179589884,0.0,48.154397356872906,0.00390162638139973,8.646299014904492e-05,0.0004565842841796708,8.115855831532524e-05,0.0,0.0003034619980811777,4077,1457,7966,0.10792592592592593,0.5900740740740741,1,0,0
flow,0.5,0.8,0,registered,during_vibration,flow_dump_0.5_0.8.shear.wave,1988,198800,198.8,0.1988,158683.45183699526,597.7554392321572,0.0037669677103204864,3.7669677103204864e+17,55,0.0003466019888229919,3.466019888229919e+26,475.3839911537812,13.280368169535054,54.25647671119926,7.795349418882113,0.0,47.03925377875955,0.002995800668882039,8.369094581568011e-05,0.0003419164133569092,4.912515658463081e-05,0.0,0.0002964345256812272,3877,1266,8357,0.09377777777777778,0.619037037037037,1,0,0
flow,0.5,0.8,0,registered,during_vibration,flow_dump_0.5_0.8.shear.wave,1989,198900,198.9,0.1989,158683.4518369953,551.1490903383617,0.0034732612881683447,3.473261288168345e+17,48,0.00030248900842733833,3.0248900842733832e+26,507.4654606290572,2.9920173566098063,12.85631796922834,0.0,0.0,27.835294383466508,0.003197973416600125,1.885525757079763e-05,8.101864321955108e-05,0.0,0.0,0.00017541397077787174,4014,1329,8157,0.09844444444444445,0.6042222222222222,1,0,0
flow,0.5,0.8,0,registered,during_vibration,flow_dump_0.5_0.8.shear.wave,1990,199000,199.0,0.19899999999999998,158683.45183699526,600.6013120837908,0.003784901986508006,3.7849019865080064e+17,57,0.0003592056975074643,3.592056975074643e+26,539.2489463849153,14.460287321684543,12.486596347881282,0.0,0.0,34.40548202930988,0.0033982683143220825,9.112662444814104e-05,7.868871141464653e-05,0.0,0.0,0.00021681833632313657,4249,1479,7772,0.10955555555555556,0.5757037037037037,1,0,0
flow,0.5,0.8,0,registered,during_vibration,flow_dump_0.5_0.8.shear.wave,1991,199100,199.1,0.1991,158683.45183699526,709.50912495054,0.004471223159925778,4.471223159925778e+17,61,0.0003844131148764092,3.844131148764092e+26,589.3301956216561,13.925547676914553,68.284749079111,0.0,0.0,37.96863257285845,0.0037138730522892523,8.775677309578142e-05,0.00043032054249270607,0.0,0.0,0.00023927279204803947,4415,1538,7547,0.11392592592592593,0.559037037037037,1,0,0
flow,0.5,0.8,0,registered,during_vibration,flow_dump_0.5_0.8.shear.wave,1992,199200,199.20000000000002,0.1992,158683.45183699526,774.8179141083543,0.0048827896364661404,4.88278963646614e+17,76,0.0004789409300099524,4.789409300099524e+26,601.6042202720139,32.13767911299084,99.91830834320422,6.4879527528584156,0.0,34.66975362728687,0.0037912221678288237,0.00020252697266759547,0.0006296706253015186,4.0886133227824214e-05,0.0,0.0002184837374403776,4315,1529,7656,0.11325925925925925,0.5671111111111111,1,0,0
flow,0.5,0.8,0,registered,during_vibration,flow_dump_0.5_0.8.shear.wave,1993,199300,199.3,0.19929999999999998,158683.45183699526,713.8459363170631,0.004498553113467361,4.498553113467361e+17,69,0.0004348279496142989,4.3482794961429895e+26,576.7848771551,25.334988116203444,75.59913057599451,3.2840747537266877,0.0,32.84286571603801,0.0036348142826360496,0.00015965740487059962,0.0004764147092896137,2.069576074700086e-05,0.0,0.0002069709559240951,4143,1418,7939,0.10503703703703704,0.5880740740740741,1,0,0
flow,0.5,0.8,0,registered,during_vibration,flow_dump_0.5_0.8.shear.wave,1994,199400,199.4,0.1994,158683.45183699526,546.8703971502307,0.003446297586921625,3.446297586921625e+17,50,0.0003150927171118108,3.150927171118108e+26,451.3889987763416,27.082446674516632,45.20598650061001,13.368578495709604,0.0,9.824386703052635,0.0028445877219763463,0.0001706696341741834,0.000284881542323941,8.424683444271327e-05,0.0,6.191185400444e-05,3910,1342,8248,0.0994074074074074,0.6109629629629629,1,0,0
flow,0.5,0.8,0,registered,during_vibration,flow_dump_0.5_0.8.shear.wave,1995,199500,199.5,0.19949999999999998,158683.45183699526,520.8429531648289,0.0032822764260249113,3.2822764260249114e+17,45,0.0002835834454006297,2.835834454006297e+26,442.988352850315,16.513654853616867,33.83102891487699,8.027751143437452,0.0,19.482165402582698,0.0027916480749698267,0.00010406664754545561,0.00021319821646953652,5.0589718401663054e-05,0.0,0.00012277376863842996,3967,1237,8296,0.09162962962962963,0.6145185185185185,1,0,0
flow,0.5,0.8,0,registered,during_vibration,flow_dump_0.5_0.8.shear.wave,1996,199600,199.6,0.1996,158683.4518369953,626.1633885816026,0.003945990469282314,3.945990469282314e+17,56,0.000352903843165228,3.5290384316522804e+26,559.2255603551844,10.592539568883346,26.75488917236057,0.0,0.0,29.59039948517433,0.003524158025813799,6.675264147747644e-05,0.00016860541450688916,0.0,0.0,0.0001864743874841501,4251,1391,7858,0.10303703703703704,0.5820740740740741,1,0,0
flow,0.5,0.8,0,registered,during_vibration,flow_dump_0.5_0.8.shear.wave,1997,199700,199.70000000000002,0.1997,158683.45183699526,736.6836766714717,0.004642473226686655,4.642473226686655e+17,70,0.00044112980395653514,4.411298039565352e+26,649.6468137101747,8.832304050110084,52.643238934959285,0.0,0.0,25.561319976227427,0.0040939795938993865,5.565989363013675e-05,0.0003317500238716518,0.0,0.0,0.00016108371528547813,4384,1554,7562,0.11511111111111111,0.5601481481481482,1,0,0
flow,0.5,0.8,0,registered,during_vibration,flow_dump_0.5_0.8.shear.wave,1998,199800,199.8,0.19979999999999998,158683.45183699526,760.0760900184902,0.004789888808312947,4.789888808312947e+17,69,0.0004348279496142989,4.3482794961429895e+26,640.2215198715063,2.2189028377245457,71.62384748534353,0.0,0.0,46.0118198239155,0.0040345827649953215,1.398320248291469e-05,0.0004513630542831766,0.0,0.0,0.0002899597865515323,4342,1560,7598,0.11555555555555555,0.5628148148148148,1,0,0
flow,0.5,0.8,0,registered,during_vibration,flow_dump_0.5_0.8.shear.wave,1999,199900,199.9,0.1999,158683.45183699526,735.3256592113188,0.0046339151984585575,4.6339151984585574e+17,70,0.00044112980395653514,4.411298039565352e+26,614.2715684774618,0.0,70.06776666336864,6.504279755759869,0.0,44.48204431472843,0.0038710499511219435,0.0,0.0004415568595983437,4.0989023621954446e-05,0.0,0.0002803193641163151,4217,1501,7782,0.11118518518518518,0.5764444444444444,1,0,0
flow,0.5,0.8,0,registered,during_vibration,flow_dump_0.5_0.8.shear.wave,2000,200000,200.0,0.19999999999999998,158683.4518369953,675.5729194224964,0.004257362135759855,4.2573621357598554e+17,67,0.0004222242409298264,4.222242409298264e+26,522.0944877620152,26.137128097616163,65.81117109302104,8.166579603654885,0.0,53.363552866189025,0.0032901634147606477,0.00016471237419554658,0.0004147324143202051,5.1464595136510244e-05,0.0,0.0003362893373469451,3918,1327,8255,0.0982962962962963,0.6114814814814815,1,0,0
flow,0.5,0.8,0,registered,during_vibration,flow_dump_0.5_0.8.shear.wave,2001,200100,200.1,0.2001,158683.45183699526,548.0765049478484,0.0034538983025832475,3.4538983025832474e+17,48,0.0003024890084273384,3.024890084273384e+26,468.80602765634154,6.966221232011888,42.33361225411901,7.115173886006428,0.0,22.855469919369582,0.0029543473010526277,4.3900111519932235e-05,0.0002667802582061642,4.483878944929534e-05,0.0,0.00014403184235522843,3913,1223,8364,0.09059259259259259,0.6195555555555555,1,0,0
flow,0.5,0.8,0,registered,during_vibration,flow_dump_0.5_0.8.shear.wave,2002,200200,200.20000000000002,0.2002,158683.45183699526,558.1882711866355,0.003517621180562825,3.517621180562825e+17,46,0.0002898852997428659,2.8988529974286592e+26,516.9365013067082,12.380921824956365,13.1415535258028,0.0,0.0,15.729294529168175,0.003257658535420077,7.80227659634884e-05,8.281615615031004e-05,0.0,0.0,9.912372302895082e-05,4177,1390,7933,0.10296296296296296,0.5876296296296296,1,0,0
flow,0.5,0.8,0,registered,during_vibration,flow_dump_0.5_0.8.shear.wave,2003,200300,200.3,0.20029999999999998,158683.45183699526,624.3488580983106,0.003934555562477062,3.934555562477062e+17,59,0.00037180940619193677,3.7180940619193676e+26,516.829748410856,13.269080199708167,40.82932979234871,0.0,0.0,53.420699695397715,0.003256985794219804,8.361981067401151e-05,0.0002573004892425072,0.0,0.0,0.000336649468340739,4311,1511,7678,0.11192592592592593,0.5687407407407408,1,0,0
flow,0.5,0.8,0,registered,during_vibration,flow_dump_0.5_0.8.shear.wave,2004,200400,200.4,0.2004,158683.4518369953,728.5488669950029,0.004591208841003733,4.591208841003733e+17,66,0.00041592238658759017,4.1592238658759015e+26,597.8146325362148,2.532312223478538,80.95454465868573,0.0,0.0,47.24737757662389,0.0037673407379006925,1.595826278142607e-05,0.0005101637487810943,0.0,0.0,0.00029774609154052125,4374,1520,7606,0.11259259259259259,0.5634074074074074,1,0,0
flow,0.5,0.8,0,registered,during_vibration,flow_dump_0.5_0.8.shear.wave,2005,200500,200.5,0.20049999999999998,158683.45183699526,778.636384855482,0.004906853082924628,4.9068530829246285e+17,73,0.0004600353669832438,4.600353669832438e+26,608.8501222963837,25.339463732990883,79.88882827248065,0.0,0.0,64.55797055362657,0.0038368847869645166,0.0001596856095556857,0.0005034477593450956,0.0,0.0,0.0004068349270593294,4261,1535,7704,0.11370370370370371,0.5706666666666667,1,0,0
flow,0.5,0.8,0,registered,during_vibration,flow_dump_0.5_0.8.shear.wave,2006,200600,200.6,0.2006,158683.45183699526,629.0934153080685,0.003964455070931363,3.9644550709313626e+17,56,0.00035290384316522807,3.529038431652281e+26,494.4691582033705,27.126720899196503,81.61115614476726,3.986751173414306,0.0,21.89962888732,0.003116072611725797,0.00017094864388923138,0.0005143016187258194,2.5123925193596272e-05,0.0,0.00013800827139691922,4031,1399,8070,0.10362962962962963,0.5977777777777777,1,0,0
flow,0.5,0.8,0,registered,during_vibration,flow_dump_0.5_0.8.shear.wave,2007,200700,200.70000000000002,0.2007,158683.45183699526,533.3491926663385,0.0033610889257325452,3.361088925732545e+17,46,0.0002898852997428659,2.8988529974286592e+26,439.6552310324073,15.653784155980802,44.12012000136909,5.028997065852121,0.0,28.891060410729047,0.0027706432267684427,9.86478676557961e-05,0.00027803856981061073,3.169200699653338e-05,0.0,0.00018206725450116169,3900,1299,8301,0.09622222222222222,0.6148888888888889,1,0,0
flow,0.5,0.8,0,registered,during_vibration,flow_dump_0.5_0.8.shear.wave,2008,200800,200.8,0.20079999999999998,158683.4518369953,591.8504631181166,0.003729755410955418,3.729755410955418e+17,55,0.00034660198882299184,3.466019888229918e+26,527.3791648048,0.0,33.25298174009262,0.0,0.0,31.21831657322412,0.003323466679730037,0.0,0.00020955544737110424,0.0,0.0,0.0001967332838542772,4120,1267,8113,0.09385185185185185,0.6009629629629629,1,0,0
flow,0.5,0.8,0,registered,during_vibration,flow_dump_0.5_0.8.shear.wave,2009,200900,200.9,0.2009,158683.45183699526,691.9250942705044,0.004360411159830781,4.3604111598307814e+17,69,0.0004348279496142989,4.3482794961429895e+26,598.8775721562566,0.0,55.66951328501079,0.0,0.0,37.37800882923688,0.0037740392285607887,0.0,0.00035082116402532194,0.0,0.0,0.00023555076724467007,4339,1430,7731,0.10592592592592592,0.5726666666666667,1,0,0
flow,0.5,0.8,0,registered,during_vibration,flow_dump_0.5_0.8.shear.wave,2010,201000,201.0,0.20099999999999998,158683.45183699526,761.7796276014828,0.0048006242540274925,4.8006242540274925e+17,73,0.0004600353669832438,4.600353669832438e+26,628.7807485026707,10.78760764046531,76.47071821273698,0.0,0.0,45.74055324560982,0.003962484690266093,6.798193205140689e-05,0.00048190732762285864,0.0,0.0,0.00028825030408713306,4347,1547,7606,0.1145925925925926,0.5634074074074074,1,0,0
flow,0.5,0.8,0,registered,during_vibration,flow_dump_0.5_0.8.shear.wave,2011,201100,201.1,0.2011,158683.45183699526,765.7244220426891,0.0048254837740060365,4.8254837740060365e+17,71,0.0004474316582987713,4.474316582987713e+26,684.2912513245044,0.0,65.74906901637766,0.0,0.0,15.684101701807007,0.004312303793513582,0.0,0.0004143410560788482,0.0,0.0,9.883892441360692e-05,4262,1500,7738,0.1111111111111111,0.5731851851851851,1,0,0
flow,0.5,0.8,0,registered,during_vibration,flow_dump_0.5_0.8.shear.wave,2012,201200,201.20000000000002,0.2012,158683.45183699526,725.3715149294914,0.004571185631092877,4.571185631092877e+17,69,0.0004348279496142989,4.3482794961429895e+26,577.4756215536526,0.0,71.88733199784791,24.225021473488606,0.0,51.78353990450253,0.003639167253223443,0.0,0.0004530234953024143,0.00015266255676346974,0.0,0.00032633232580355165,4080,1444,7976,0.10696296296296297,0.5908148148148148,1,0,0
flow,0.5,0.8,0,registered,during_vibration,flow_dump_0.5_0.8.shear.wave,2013,201300,201.3,0.20129999999999998,158683.45183699526,482.7348070729405,0.003042124440101172,3.042124440101172e+17,42,0.00026467788237392105,2.6467788237392104e+26,367.55533423121716,16.753531384990197,46.878491045998224,10.894406237938963,0.0,40.653044172795916,0.0023162801790370794,0.00010557831450629119,0.0002954214223557055,6.865496125664097e-05,0.0,0.0002561895629454546,3874,1253,8373,0.09281481481481481,0.6202222222222222,1,0,0
flow,0.5,0.8,0,registered,during_vibration,flow_dump_0.5_0.8.shear.wave,2014,201400,201.4,0.2014,158683.45183699526,564.0818997572369,0.0035547619693619974,3.5547619693619974e+17,47,0.00029618715408510216,2.9618715408510217e+26,517.2004250077945,9.08544144563462,13.314288812691247,0.0,0.0,24.48174449111652,0.003259321744141786,5.7255128625305414e-05,8.390470876804541e-05,0.0,0.0,0.0001542803878268602,4056,1314,8130,0.09733333333333333,0.6022222222222222,1,0,0
flow,0.5,0.8,0,registered,during_vibration,flow_dump_0.5_0.8.shear.wave,2015,201500,201.5,0.20149999999999998,158683.4518369953,522.0125042847799,0.0032896467668286408,3.2896467668286406e+17,44,0.00027728159105839346,2.7728159105839348e+26,481.20541642481845,19.079464234532143,14.046970722088217,0.0,0.0,7.680652903341113,0.003032486443004328,0.00012023600453392694,8.852196344025661e-05,0.0,0.0,4.840235585012939e-05,4265,1451,7784,0.10748148148148148,0.5765925925925925,1,0,0
flow,0.5,0.8,0,registered,during_vibration,flow_dump_0.5_0.8.shear.wave,2016,201600,201.6,0.2016,158683.45183699526,791.5516995141463,0.0049882435146876795,4.9882435146876794e+17,68,0.0004285260952720627,4.2852609527206266e+26,652.8726221123156,11.583567166538312,65.93177517623431,0.0,0.0,61.16373505905795,0.004114308168585641,7.299795304703432e-05,0.00041549244368569414,0.0,0.0,0.0003854449493693098,4370,1515,7615,0.11222222222222222,0.5640740740740741,1,0,0
flow,0.5,0.8,0,registered,during_vibration,flow_dump_0.5_0.8.shear.wave,2017,201700,201.70000000000002,0.2017,158683.45183699526,672.2973410460216,0.004236719917944734,4.236719917944734e+17,62,0.0003907149692186454,3.907149692186454e+26,539.9983697640711,14.222599410935599,80.52554876635894,0.0,0.0,37.55082310465631,0.003402991071298189,8.962874985569075e-05,0.0005074602791542332,0.0,0.0,0.00023663981763662238,4275,1544,7681,0.11437037037037037,0.568962962962963,1,0,0
flow,0.5,0.8,0,registered,during_vibration,flow_dump_0.5_0.8.shear.wave,2018,201800,201.8,0.20179999999999998,158683.45183699526,710.0046877943648,0.004474346124784987,4.474346124784987e+17,66,0.0004159223865875903,4.159223865875903e+26,563.3197475252215,27.101384649048136,83.20137993644022,4.792543369888499,0.0,31.58963231376657,0.003549958997009226,0.00017078897853121792,0.000524322977432501,3.0201910245887224e-05,0.0,0.00019907326156615534,4098,1460,7942,0.10814814814814815,0.5882962962962963,1,0,0
flow,0.5,0.8,0,registered,during_vibration,flow_dump_0.5_0.8.shear.wave,2019,201900,201.9,0.2019,158683.4518369953,567.7742228326154,0.0035780304515675094,3.578030451567509e+17,52,0.00032769642579628315,3.2769642579628316e+26,488.1930432455437,9.31089216544325,43.380425704920725,11.694826049651706,0.0,15.195035667056047,0.003076521449426442,5.867588622289169e-05,0.0002733771240966102,7.36990903226948e-05,0.0,9.57569014988713e-05,3925,1354,8221,0.1002962962962963,0.6089629629629629,1,0,0
flow,0.5,0.8,0,registered,during_vibration,flow_dump_0.5_0.8.shear.wave,2020,202000,202.0,0.20199999999999999,158683.45183699526,564.1421998402143,0.0035551419717017455,3.555141971701745e+17,48,0.0003024890084273384,3.024890084273384e+26,490.5793307921908,24.28010249385982,34.93253241730038,5.542609974940624,0.0,8.807624161922709,0.0030915594859641043,0.00015300966933087088,0.00022013973109927178,3.4928720737901335e-05,0.0,5.550436456959724e-05,3975,1229,8296,0.09103703703703704,0.6145185185185185,1,0,0
flow,0.5,0.8,0,registered,during_vibration,flow_dump_0.5_0.8.shear.wave,2021,202100,202.1,0.2021,158683.45183699526,669.7668528331955,0.004220773149812757,4.220773149812757e+17,61,0.0003844131148764092,3.844131148764092e+26,587.3905464176854,16.05652080989119,35.00946199364932,0.0,0.0,31.31032361196958,0.0037016496655307945,0.00010118585538701896,0.00022062453008403273,0.0,0.0,0.00019731309881091161,4236,1342,7922,0.0994074074074074,0.5868148148148148,1,0,0
flow,0.5,0.8,0,registered,during_vibration,flow_dump_0.5_0.8.shear.wave,2022,202200,202.20000000000002,0.2022,158683.45183699526,683.3795908459003,0.0043065586419678455,4.306558641967846e+17,62,0.0003907149692186454,3.907149692186454e+26,590.2242906630397,17.124996887025073,62.22156373518733,0.0,0.0,13.8087395606484,0.003719507509008167,0.00010791923599328064,0.00039211123160531777,0.0,0.0,8.702066536108114e-05,4398,1480,7622,0.10962962962962963,0.5645925925925926,1,0,0
flow,0.5,0.8,0,registered,during_vibration,flow_dump_0.5_0.8.shear.wave,2023,202300,202.3,0.20229999999999998,158683.4518369953,792.6478159206894,0.0049951510806238485,4.9951510806238483e+17,74,0.0004663372213254799,4.663372213254799e+26,663.0040802625776,20.968972208647195,66.026163060794,0.0,0.0,42.648600388670616,0.004178155142123053,0.00013214340856529383,0.0004160872623858611,0.0,0.0,0.00026876526754964104,4337,1541,7622,0.11414814814814815,0.5645925925925926,1,0,0
flow,0.5,0.8,0,registered,during_vibration,flow_dump_0.5_0.8.shear.wave,2024,202400,202.4,0.2024,158683.45183699526,662.9507157958662,0.004177818847026787,4.177818847026787e+17,63,0.0003970168235608816,3.970168235608816e+26,579.5634372925931,0.0,72.70292751847862,0.0,0.0,10.684350984794028,0.0036523243639036748,0.0,0.00045816325947560933,0.0,0.0,6.733122364750004e-05,4205,1471,7824,0.10896296296296297,0.5795555555555556,1,0,0
flow,0.5,0.8,0,registered,during_vibration,flow_dump_0.5_0.8.shear.wave,2025,202500,202.5,0.20249999999999999,158683.45183699526,576.055578090284,0.00363021834615765,3.63021834615765e+17,52,0.00032769642579628326,3.276964257962832e+26,472.9265052719727,6.569720426556116,66.05543406582754,8.960250563317569,0.0,21.543667762610003,0.0029803139508067797,4.140142119737063e-05,0.00041627172399603333,5.646619391996732e-05,0.0,0.00013576505623749823,3938,1333,8229,0.09874074074074074,0.6095555555555555,1,0,0
flow,0.5,0.8,0,registered,during_vibration,flow_dump_0.5_0.8.shear.wave,2026,202600,202.6,0.2026,158683.45183699526,481.8921978635346,0.0030368144395960693,3.036814439596069e+17,40,0.00025207417368944865,2.5207417368944864e+26,419.5865461878826,8.06388026908618,31.64479793272343,11.88416213920334,0.0,10.71281133463909,0.0026441732980380045,5.081739888901369e-05,0.00019942090726152078,7.489225878077781e-05,0.0,6.75105766267527e-05,3893,1230,8377,0.09111111111111111,0.6205185185185185,1,0,0
flow,0.5,0.8,0,registered,during_vibration,flow_dump_0.5_0.8.shear.wave,2027,202700,202.70000000000002,0.2027,158683.4518369953,553.4821540011568,0.0034879639155424432,3.4879639155424435e+17,47,0.0002961871540851021,2.961871540851021e+26,516.1365261388601,14.3799724525641,9.695082265293731,0.0,0.0,13.270573144438803,0.003252617208434891,9.062049184142823e-05,6.109699627187862e-05,0.0,0.0,8.362921899424497e-05,4137,1359,8004,0.10066666666666667,0.5928888888888889,1,0,0
flow,0.5,0.8,0,registered,during_vibration,flow_dump_0.5_0.8.shear.wave,2028,202800,202.8,0.20279999999999998,158683.45183699526,574.1128132833034,0.003617975325322835,3.617975325322835e+17,49,0.00030879086276957456,3.0879086276957458e+26,471.44654644347173,27.31169765684246,48.33444809870694,0.0,0.0,27.020121084282103,0.0029709874658370604,0.00017211434047261534,0.0003045966516304274,0.0,0.0,0.0001702768673827315,4275,1473,7752,0.10911111111111112,0.5742222222222222,1,0,0
flow,0.5,0.8,0,registered,during_vibration,flow_dump_0.5_0.8.shear.wave,2029,202900,202.9,0.2029,158683.45183699526,710.4309021553604,0.00447703206560655,4.4770320656065504e+17,61,0.0003844131148764092,3.844131148764092e+26,582.0673037393803,7.616019261785692,71.06710562203797,0.0,0.0,49.68047353215636,0.0036681033655437405,4.7995044055438826e-05,0.00044785454815439977,0.0,0.0,0.000313079107852971,4322,1533,7645,0.11355555555555556,0.5662962962962963,1,0,0
flow,0.5,0.8,0,registered,during_vibration,flow_dump_0.5_0.8.shear.wave,2030,203000,203.0,0.20299999999999999,158683.45183699526,754.7915555387146,0.004756586441754877,4.756586441754877e+17,72,0.00045373351264100755,4.5373351264100753e+26,615.6417773398043,26.775337584542488,69.65472074340458,4.005445292738234,0.0,38.714274578224966,0.0038796848077908676,0.00016873427742198962,0.0004389539043740752,2.524173281063205e-05,0.0,0.00024397171935731216,4196,1535,7769,0.11370370370370371,0.5754814814814815,1,0,0
flow,0.5,0.8,0,registered,during_vibration,flow_dump_0.5_0.8.shear.wave,2031,203100,203.1,0.2031,158683.45183699526,604.0578853270129,0.003806684807610062,3.806684807610062e+17,55,0.0003466019888229919,3.466019888229919e+26,488.1235878030393,13.134699556654223,79.3827739263265,0.0,0.0,23.416824040992864,0.003076083751344504,8.277296343506952e-05,0.0005002586785663764,0.0,0.0,0.0001475694142641123,3999,1396,8105,0.1034074074074074,0.6003703703703703,1,0,0
flow,0.5,0.8,0,registered,during_vibration,flow_dump_0.5_0.8.shear.wave,2032,203200,203.20000000000002,0.2032,158683.45183699526,504.15168165740295,0.003177090464198395,3.177090464198395e+17,43,0.0002709797367161573,2.709797367161573e+26,434.8672283389038,17.738753197101882,35.37074864865616,5.3989474099698604,0.0,10.77600406277131,0.002740469931203749,0.00011178703886101306,0.0002229013059596796,3.402338017902354e-05,0.0,6.790880799493049e-05,3888,1306,8306,0.09674074074074074,0.6152592592592593,1,0,0
flow,0.5,0.8,0,registered,during_vibration,flow_dump_0.5_0.8.shear.wave,2033,203300,203.3,0.20329999999999998,158683.45183699526,634.859022203641,0.004000789085781853,4.0007890857818534e+17,58,0.00036550755184970053,3.6550755184970054e+26,529.6816609837219,26.64368544107896,36.32182170270795,0.0,0.0,42.211854076132035,0.0033379766752731593,0.0001679046247900393,0.00022889482981513972,0.0,0.0,0.00026601295590351415,4100,1268,8132,0.09392592592592593,0.6023703703703703,1,0,0
flow,0.5,0.8,0,registered,during_vibration,flow_dump_0.5_0.8.shear.wave,2034,203400,203.4,0.2034,158683.45183699526,717.3191080374156,0.004520440535754597,4.5204405357545965e+17,71,0.0004474316582987713,4.474316582987713e+26,612.6201465054589,18.829127390444846,52.37773558159412,0.0,0.0,33.49209855991751,0.003860642930396813,0.00011865841820599372,0.00033007686041136927,0.0,0.0,0.00021106232674041948,4320,1434,7746,0.10622222222222222,0.5737777777777778,1,0,0
flow,0.5,0.8,0,registered,during_vibration,flow_dump_0.5_0.8.shear.wave,2035,203500,203.5,0.2035,158683.45183699526,770.6712976360413,0.0048566582634445065,4.856658263444506e+17,72,0.00045373351264100755,4.5373351264100753e+26,647.440787741973,21.08140337294347,67.2998017977465,0.0,0.0,34.84930472337841,0.004080077539572589,0.00013285193338621702,0.00042411354819076546,0.0,0.0,0.0002196152422949353,4339,1504,7657,0.11140740740740741,0.5671851851851852,1,0,0
flow,0.5,0.8,0,registered,during_vibration,flow_dump_0.5_0.8.shear.wave,2036,203600,203.6,0.2036,158683.45183699526,736.1602590829244,0.0046391747252834655,4.6391747252834656e+17,68,0.0004285260952720627,4.2852609527206266e+26,644.3331502219286,19.00596714063977,59.50088336228959,0.0,0.0,13.32025835806661,0.0040604936605728005,0.00011977283655363956,0.0003749659001835353,0.0,0.0,8.394232797349032e-05,4249,1487,7764,0.11014814814814815,0.5751111111111111,1,0,0
flow,0.5,0.8,0,registered,during_vibration,flow_dump_0.5_0.8.shear.wave,2037,203700,203.70000000000002,0.2037,158683.45183699526,633.8432609901649,0.003994387906568034,3.994387906568034e+17,57,0.0003592056975074643,3.592056975074643e+26,500.6123719737575,0.0,71.26719674963267,8.210805479161452,0.0,53.75288678761301,0.0031547862500999955,0.0,0.0004491154932956754,5.1743300162110515e-05,0.0,0.0003387428630102508,4079,1438,7983,0.10651851851851851,0.5913333333333334,1,0,0
flow,0.5,0.8,0,registered,during_vibration,flow_dump_0.5_0.8.shear.wave,2038,203800,203.8,0.20379999999999998,158683.4518369953,501.4544201467871,0.0031600927150355735,3.160092715035574e+17,41,0.0002583760280316848,2.5837602803168483e+26,413.79814101656217,0.0,42.57974388498794,4.318467607961099,0.0,40.758067637275865,0.002607695611774496,0.0,0.0002683313438929172,2.7214353847036094e-05,0.0,0.0002568514055211243,3851,1241,8408,0.09192592592592592,0.6228148148148148,1,0,0
flow,0.5,0.8,0,registered,during_vibration,flow_dump_0.5_0.8.shear.wave,2039,203900,203.9,0.2039,158683.45183699526,520.4552009397787,0.0032798328679817666,3.2798328679817664e+17,42,0.00026467788237392105,2.6467788237392104e+26,463.85060498615906,14.353987108948084,13.55117430879194,0.0,0.0,28.69943453587961,0.0029231189491809224,9.045673599092715e-05,8.539752666026033e-05,0.0,0.0,0.00018085965614965694,3997,1267,8236,0.09385185185185185,0.6100740740740741,1,0,0
flow,0.5,0.8,0,registered,during_vibration,flow_dump_0.5_0.8.shear.wave,2040,204000,204.0,0.204,158683.45183699526,548.8106676598758,0.003458524889057945,3.458524889057945e+17,47,0.00029618715408510216,2.9618715408510217e+26,487.7810926029042,26.685092142726806,13.262548282671506,0.0,0.0,21.08193463157291,0.0030739253964803376,0.00016816556379261645,8.35786474842709e-05,0.0,0.0,0.0001328552813007178,4203,1434,7863,0.10622222222222222,0.5824444444444444,1,0,0
flow,0.5,0.8,0,registered,during_vibration,flow_dump_0.5_0.8.shear.wave,2041,204100,204.1,0.2041,158683.45183699526,736.2500510116953,0.004639740580939688,4.639740580939688e+17,65,0.00040962053224535404,4.096205322453541e+26,598.6313423545206,45.38831707214659,43.42763060647364,0.0,0.0,48.80276097855436,0.0037724875242155305,0.00028603056302790115,0.0002736746025104363,0.0,0.0,0.00030754789118581896,4332,1515,7653,0.11222222222222222,0.5668888888888889,1,0,0
flow,0.5,0.8,0,registered,during_vibration,flow_dump_0.5_0.8.shear.wave,2042,204200,204.20000000000002,0.2042,158683.4518369953,732.9821382356264,0.0046191466706217675,4.619146670621768e+17,72,0.00045373351264100744,4.537335126410075e+26,576.5783174415561,10.299080064045686,89.04643740966394,2.362749349491643,0.0,54.69555397086902,0.003633512573408321,6.490330242264475e-05,0.000561157678250756,1.4889702247709703e-05,0.0,0.0003446834142923362,4217,1509,7774,0.11177777777777778,0.5758518518518518,1,0,0
flow,0.5,0.8,0,registered,during_vibration,flow_dump_0.5_0.8.shear.wave,2043,204300,204.3,0.20429999999999998,158683.45183699526,728.4956106858871,0.0045908732275008815,4.590873227500881e+17,69,0.0004348279496142989,4.3482794961429895e+26,612.9204976627265,0.0,82.68337014981812,0.0,0.0,32.89174287334254,0.0038625356996414353,0.0,0.0005210585552093556,0.0,0.0,0.0002072789726500908,4065,1462,7973,0.1082962962962963,0.5905925925925926,1,0,0
flow,0.5,0.8,0,registered,during_vibration,flow_dump_0.5_0.8.shear.wave,2044,204400,204.4,0.2044,158683.45183699526,589.9459535330207,0.0037177534689567513,3.7177534689567514e+17,53,0.00033399828013851943,3.3399828013851945e+26,516.7941932359364,6.718108077270792,46.57449842435585,0.0,0.0,19.859153795457363,0.0032567617306863477,4.233653855836114e-05,0.0002935057051330007,0.0,0.0,0.00012514949457903982,3875,1334,8291,0.09881481481481481,0.6141481481481481,1,0,0
flow,0.5,0.8,0,registered,during_vibration,flow_dump_0.5_0.8.shear.wave,2045,204500,204.5,0.2045,158683.45183699526,586.2023938815857,0.003694162101311936,3.694162101311936e+17,45,0.0002835834454006297,2.835834454006297e+26,510.5805159702961,14.945932678376254,41.17110796248146,0.0,0.0,19.504837270432034,0.0032176040416286183,9.418709074799556e-05,0.00025945432548803984,0.0,0.0,0.0001229166434472829,3886,1245,8369,0.09222222222222222,0.6199259259259259,1,0,0
flow,0.5,0.8,0,registered,during_vibration,flow_dump_0.5_0.8.shear.wave,2046,204600,204.6,0.2046,158683.4518369953,698.6581000519818,0.004402841581551085,4.4028415815510854e+17,69,0.0004348279496142988,4.348279496142988e+26,594.7654250272085,19.694849960446675,44.97876358477233,0.0,0.0,39.219061479554284,0.0037481250763196816,0.00012411407574293163,0.00028344961660511366,0.0,0.0,0.0002471528128833582,4203,1351,7946,0.10007407407407408,0.5885925925925926,1,0,0
flow,0.5,0.8,0,registered,during_vibration,flow_dump_0.5_0.8.shear.wave,2047,204700,204.70000000000002,0.2047,158683.45183699526,766.9540325255451,0.004833232600166683,4.833232600166683e+17,71,0.0004474316582987713,4.474316582987713e+26,662.43215712297,27.875350267942792,61.77549914743696,0.0,0.0,14.871025987195647,0.004174550965802292,0.00017566639712739075,0.00038930019754608526,0.0,0.0,9.37150396909165e-05,4351,1491,7658,0.11044444444444444,0.5672592592592592,1,0,0
flow,0.5,0.8,0,registered,during_vibration,flow_dump_0.5_0.8.shear.wave,2048,204800,204.8,0.20479999999999998,158683.45183699526,739.3766219340739,0.004659443775483189,4.659443775483189e+17,74,0.00046633722132547996,4.6633722132548e+26,611.540350601389,17.708608474188026,79.94867823963999,0.0,0.0,30.178984618856965,0.003853838213890021,0.00011159707120802286,0.0005038249251205214,0.0,0.0,0.00019018356526462373,4281,1529,7690,0.11325925925925925,0.5696296296296296,1,0,0
flow,0.5,0.8,0,registered,during_vibration,flow_dump_0.5_0.8.shear.wave,2049,204900,204.9,0.2049,158683.45183699526,679.7169394037905,0.004283477146073288,4.283477146073288e+17,62,0.0003907149692186454,3.907149692186454e+26,593.4921082456965,0.0,76.0042063255251,0.0,0.0,10.220624832568841,0.0037401008194310687,0.0,0.00047896743766072766,0.0,0.0,6.440888898149126e-05,4161,1486,7853,0.11007407407407407,0.5817037037037037,1,0,0
flow,0.5,0.8,0,registered,during_vibration,flow_dump_0.5_0.8.shear.wave,2050,205000,205.0,0.205,158683.45183699526,642.9305125198499,0.004051654442079372,4.051654442079372e+17,56,0.00035290384316522807,3.529038431652281e+26,512.5749018722614,9.836425624977265,44.071755100272156,4.155986738032279,0.0,72.2914431843065,0.003230172371085013,6.198772153684656e-05,0.0002777337812486212,2.6190423071344845e-05,0.0,0.00045557014513754465,3871,1317,8312,0.09755555555555556,0.6157037037037038,1,0,0
flow,0.5,0.8,0,registered,during_vibration,flow_dump_0.5_0.8.shear.wave,2051,205100,205.1,0.2051,158683.45183699526,494.23480970888266,0.0031145957816482123,3.1145957816482125e+17,40,0.00025207417368944865,2.5207417368944864e+26,430.4923387314587,9.338247768419546,23.609837593576913,11.956429783582976,4.226127320183668,14.611828511660873,0.002712900014134267,5.884827724829237e-05,0.0001487857575585745,7.53476789493148e-05,2.6632438803542552e-05,9.208161495422101e-05,3834,1222,8444,0.09051851851851851,0.6254814814814815,1,0,0
flow,0.5,0.8,0,registered,during_vibration,flow_dump_0.5_0.8.shear.wave,2052,205200,205.20000000000002,0.2052,158683.45183699526,535.1958613819103,0.003372726362996443,3.372726362996443e+17,43,0.0002709797367161573,2.709797367161573e+26,497.18721571529727,16.422127945332793,10.757303584695062,0.0,0.0,10.829214136585197,0.0031332014142597805,0.00010348985830105417,6.779096030596379e-05,0.0,0.0,6.824413012964524e-05,4085,1345,8070,0.09962962962962962,0.5977777777777777,1,0,0
flow,0.5,0.8,0,registered,during_vibration,flow_dump_0.5_0.8.shear.wave,2053,205300,205.3,0.20529999999999998,158683.45183699526,587.4647356029465,0.0037021171949700787,3.702117194970079e+17,49,0.00030879086276957456,3.0879086276957458e+26,478.54863930713213,36.08888115175267,44.08059358665216,0.0,0.0,28.746621557409554,0.0030157438205888833,0.00022742687239261933,0.0002777894801023938,0.0,0.0,0.0001811570218861826,4203,1472,7825,0.10903703703703704,0.5796296296296296,1,0,0
flow,0.5,0.8,0,registered,during_vibration,flow_dump_0.5_0.8.shear.wave,2054,205400,205.4,0.2054,158683.45183699526,717.7891957545711,0.004523402960076185,4.5234029600761856e+17,67,0.00042222424092982645,4.2222424092982644e+26,552.7672829875705,48.267954794184945,73.55865831521473,0.0,0.0,43.19529965760073,0.0034834589025413364,0.0003041776205105958,0.0004635559503128061,0.0,0.0,0.00027221048671144567,4247,1507,7746,0.11162962962962963,0.5737777777777778,1,0,0
flow,0.5,0.8,0,registered,during_vibration,flow_dump_0.5_0.8.shear.wave,2055,205500,205.5,0.2055,158683.45183699526,776.0668572943923,0.00489066029450628,4.8906602945062803e+17,75,0.0004726390756677162,4.726390756677162e+26,619.5040945581814,36.349189339832606,72.84966701136251,0.0,0.0,47.36390638501591,0.0039040245683245904,0.00022906729667799048,0.0004590879903860173,0.0,0.0,0.00029848043911768216,4149,1503,7848,0.11133333333333334,0.5813333333333334,1,0,0
flow,0.5,0.8,0,registered,during_vibration,flow_dump_0.5_0.8.shear.wave,2056,205600,205.6,0.20559999999999998,158683.45183699526,627.4268995947627,0.003953952931647062,3.953952931647062e+17,59,0.00037180940619193677,3.7180940619193676e+26,525.9004800442833,8.508933019651868,67.52612614897494,0.0,0.0,25.4913603818529,0.003314148223751177,5.362205649769024e-05,0.0004255398112863082,0.0,0.0,0.00016064284011188795,3937,1406,8157,0.10414814814814814,0.6042222222222222,1,0,0
flow,0.5,0.8,0,registered,during_vibration,flow_dump_0.5_0.8.shear.wave,2057,205700,205.70000000000002,0.2057,158683.4518369953,487.3541633578112,0.0030712349505633203,3.07123495056332e+17,41,0.0002583760280316848,2.5837602803168483e+26,426.6920432230037,0.0,39.914756914063155,0.0,0.0,20.747363220744376,0.0026889511053825284,0.0,0.00025153698417819186,0.0,0.0,0.0001307468610025999,3840,1310,8350,0.09703703703703703,0.6185185185185185,1,0,0
flow,0.5,0.8,0,registered,during_vibration,flow_dump_0.5_0.8.shear.wave,2058,205800,205.8,0.20579999999999998,158683.45183699526,623.8159269816389,0.003931197108205351,3.931197108205351e+17,55,0.0003466019888229919,3.466019888229919e+26,546.3546530543654,17.276945821650155,54.09547322828995,0.0,0.0,6.088854877333472,0.003443047442751614,0.00010887679604674587,0.000340901792859022,0.0,0.0,3.83710765479701e-05,4055,1236,8209,0.09155555555555556,0.6080740740740741,1,0,0
flow,0.5,0.8,0,registered,during_vibration,flow_dump_0.5_0.8.shear.wave,2059,205900,205.9,0.2059,158683.45183699526,674.9092050946334,0.004253179504740808,4.2531795047408083e+17,68,0.0004285260952720627,4.2852609527206266e+26,600.25058074823,6.533066753632266,44.1501887555211,0.0,0.0,23.97536883725013,0.0037826917287180437,4.117043508949655e-05,0.0002782280587195292,0.0,0.0,0.00015108928221373958,4291,1416,7793,0.10488888888888889,0.5772592592592592,1,0,0
flow,0.5,0.8,0,registered,during_vibration,flow_dump_0.5_0.8.shear.wave,2060,206000,206.0,0.206,158683.45183699526,730.2531015758907,0.004601948679097492,4.601948679097492e+17,69,0.0004348279496142989,4.3482794961429895e+26,605.3679413907722,23.49587946200026,75.4607535408848,0.0,0.0,25.92852718223363,0.003814940590104037,0.00014806761001226506,0.00047554267737004175,0.0,0.0,0.00016339780161114876,4301,1507,7692,0.11162962962962963,0.5697777777777778,1,0,0
flow,0.5,0.8,0,registered,during_vibration,flow_dump_0.5_0.8.shear.wave,2061,206100,206.1,0.20609999999999998,158683.4518369953,719.2910726989204,0.004532867569819437,4.532867569819437e+17,71,0.00044743165829877127,4.4743165829877125e+26,597.5264684946148,16.958588612087343,59.663430277005176,0.0,0.0,45.1425853152128,0.0037655247700838592,0.00010687055528328025,0.00037599024716385274,0.0,0.0,0.0002844819972884426,4194,1483,7823,0.10985185185185185,0.5794814814814815,1,0,0
flow,0.5,0.8,0,registered,during_vibration,flow_dump_0.5_0.8.shear.wave,2062,206200,206.20000000000002,0.2062,158683.45183699526,646.2248074957631,0.004072414609177937,4.072414609177937e+17,64,0.0004033186779031178,4.0331867790311785e+26,519.3015673551038,0.0,83.83204628193728,8.043434226881624,0.0,35.047759631840364,0.0032725628371668334,0.0,0.0005282973448803739,5.0688550909165366e-05,0.0,0.00022086587622156435,4001,1417,8082,0.10496296296296297,0.5986666666666667,1,0,0
flow,0.5,0.8,0,registered,during_vibration,flow_dump_0.5_0.8.shear.wave,2063,206300,206.3,0.20629999999999998,158683.45183699526,547.16520026113,0.0034481553931861512,3.448155393186151e+17,49,0.00030879086276957456,3.0879086276957458e+26,444.5016485791174,11.050601636088098,60.43235794648796,0.0,0.0,31.1805920994366,0.0028011846442294675,6.963928190470442e-05,0.0003808359173366485,0.0,0.0,0.00019649554971533077,3825,1249,8426,0.09251851851851851,0.6241481481481481,1,0,0
flow,0.5,0.8,0,registered,during_vibration,flow_dump_0.5_0.8.shear.wave,2064,206400,206.4,0.2064,158683.45183699526,488.39721759785556,0.003077808126455132,3.077808126455132e+17,41,0.0002583760280316849,2.583760280316849e+26,454.09002202511635,9.632997539343831,8.716352983802892,0.0,0.0,15.957845049592493,0.0028616091770651184,6.070574737206471e-05,5.4929186899441855e-05,0.0,0.0,0.00010056401511850715,3941,1238,8321,0.0917037037037037,0.6163703703703703,1,0,0
flow,0.5,0.8,0,registered,during_vibration,flow_dump_0.5_0.8.shear.wave,2065,206500,206.5,0.2065,158683.4518369953,534.0874752442385,0.003365741475001881,3.365741475001881e+17,46,0.00028988529974286587,2.898852997428659e+26,480.7200529839054,12.043397209909948,25.951107213279826,0.0,0.0,15.372917837143223,0.0030294277532966476,7.589573500254651e-05,0.00016354009767784503,0.0,0.0,9.687788902484158e-05,4140,1425,7935,0.10555555555555556,0.5877777777777777,1,0,0
flow,0.5,0.8,0,registered,during_vibration,flow_dump_0.5_0.8.shear.wave,2066,206600,206.6,0.20659999999999998,158683.45183699526,737.3069282956515,0.004646400867640797,4.646400867640797e+17,64,0.0004033186779031178,4.0331867790311785e+26,595.5158748556279,57.60793875656256,50.333513023487285,0.0,0.0,33.84960165997359,0.0037528543018295374,0.00036303683900032176,0.0003171944676070665,0.0,0.0,0.00021331525920387077,4238,1495,7767,0.11074074074074074,0.5753333333333334,1,0,0
flow,0.5,0.8,0,registered,during_vibration,flow_dump_0.5_0.8.shear.wave,2067,206700,206.70000000000002,0.2067,158683.45183699526,717.7430651687847,0.004523112251843838,4.5231122518438374e+17,72,0.00045373351264100755,4.5373351264100753e+26,580.2670321734369,28.155473024595615,80.33421686416037,0.0,3.7751521247877244,25.211190981804194,0.0036567583163586953,0.00017743168993776252,0.0005062545333755549,0.0,2.37904588101958e-05,0.0001588772533616293,4175,1503,7822,0.11133333333333334,0.5794074074074074,1,0,0
flow,0.5,0.8,0,registered,during_vibration,flow_dump_0.5_0.8.shear.wave,2068,206800,206.8,0.20679999999999998,158683.45183699526,678.9732288669785,0.004278790390597513,4.278790390597513e+17,63,0.0003970168235608816,3.970168235608816e+26,575.6939375400204,0.0,74.11871440808314,6.265334097480246,0.0,22.895242821394977,0.0036279393400856425,0.0,0.0004670853422335447,3.948322288776651e-05,0.0,0.00014428248539056048,4030,1462,8008,0.1082962962962963,0.5931851851851851,1,0,0
flow,0.5,0.8,0,registered,during_vibration,flow_dump_0.5_0.8.shear.wave,2069,206900,206.9,0.2069,158683.4518369953,525.0069240342347,0.0033085171639292204,3.3085171639292205e+17,46,0.00028988529974286587,2.898852997428659e+26,466.2731551902257,0.0,39.1699075032497,6.778374349775697,0.0,12.785486990983605,0.002938385507703704,0.0,0.000246843051684345,4.271632782943655e-05,0.0,8.057227671173466e-05,3831,1341,8328,0.09933333333333333,0.6168888888888889,1,0,0
flow,0.5,0.8,0,registered,during_vibration,flow_dump_0.5_0.8.shear.wave,2070,207000,207.0,0.207,158683.45183699526,515.3525573581221,0.00324767675136982,3.24767675136982e+17,46,0.0002898852997428659,2.8988529974286592e+26,454.7148013701138,12.607262782441994,20.04140250199,4.85824991516625,0.0,23.1308407884101,0.00286554644549333,7.944913370924512e-05,0.00012629799938166945,3.061598332355916e-05,0.0,0.00014576718946201678,3860,1242,8398,0.092,0.6220740740740741,1,0,0
flow,0.5,0.8,0,registered,during_vibration,flow_dump_0.5_0.8.shear.wave,2071,207100,207.1,0.20709999999999998,158683.45183699526,616.7057555417143,0.0038863898434426188,3.886389843442619e+17,56,0.00035290384316522807,3.529038431652281e+26,565.2269356112155,22.276342550848486,14.627223472961056,0.0,0.0,14.575253906689241,0.0035619778185304084,0.00014038226603320592,9.217863175793913e-05,0.0,0.0,9.185112712106496e-05,4136,1314,8050,0.09733333333333333,0.5962962962962963,1,0,0
flow,0.5,0.8,0,registered,during_vibration,flow_dump_0.5_0.8.shear.wave,2072,207200,207.20000000000002,0.2072,158683.45183699526,782.9986334798496,0.0049343433383600135,4.9343433383600134e+17,75,0.0004726390756677162,4.726390756677162e+26,686.076108476478,29.817387345386837,51.90514925855686,0.0,0.0,15.199988399427745,0.004323551703307018,0.00018790483191666524,0.00032709869023945544,0.0,0.0,9.578811289687384e-05,4293,1470,7737,0.10888888888888888,0.5731111111111111,1,0,0
flow,0.5,0.8,0,registered,during_vibration,flow_dump_0.5_0.8.shear.wave,2073,207300,207.3,0.20729999999999998,158683.45183699526,714.1599229614663,0.004500531811565798,4.5005318115657984e+17,68,0.0004285260952720627,4.2852609527206266e+26,595.9503488887018,23.60552078125247,61.54661457368229,5.6147518623809365,0.0,27.44268685544879,0.0037555922939014534,0.0001487585536360831,0.00038785780030109853,3.538334840452419e-05,0.0,0.0001729398153226387,4256,1510,7734,0.11185185185185186,0.5728888888888889,1,0,0
flow,0.5,0.8,0,registered,during_vibration,flow_dump_0.5_0.8.shear.wave,2074,207400,207.4,0.2074,158683.45183699526,750.286000471767,0.004728193089992049,4.7281930899920486e+17,76,0.0004789409300099524,4.789409300099524e+26,646.6224150059555,6.194586284173306,68.7852075495754,6.07717245911613,0.0,22.606619172946793,0.0040749202737925495,3.9037380473274454e-05,0.0004334743588779111,3.829745564999933e-05,0.0,0.00014246362119831523,4114,1476,7910,0.10933333333333334,0.585925925925926,1,0,0
flow,0.5,0.8,0,registered,during_vibration,flow_dump_0.5_0.8.shear.wave,2075,207500,207.5,0.2075,158683.45183699526,649.1270108840635,0.004090703872202551,4.090703872202551e+17,60,0.00037811126053417294,3.78111260534173e+26,539.8109229189831,0.0,62.49118697178196,7.317006069270169,0.0,39.50789492402816,0.003401809808583533,0.0,0.00039381035796961936,4.6110706469798966e-05,0.0,0.000248972999179599,3857,1320,8323,0.09777777777777778,0.6165185185185185,1,0,0
flow,0.5,0.8,0,registered,during_vibration,flow_dump_0.5_0.8.shear.wave,2076,207600,207.6,0.20759999999999998,158683.4518369953,422.01343668953433,0.0026594672084839697,2.6594672084839696e+17,35,0.00022056490197826752,2.205649019782675e+26,389.6733625423853,6.7466197618871195,17.25041826047005,5.610741358326544,0.0,2.732294766465343,0.0024556647717915176,4.2516215041865e-05,0.00010870962322013407,3.535807479213445e-05,0.0,1.7218523638318907e-05,3815,1216,8469,0.09007407407407407,0.6273333333333333,1,0,0
flow,0.5,0.8,0,registered,during_vibration,flow_dump_0.5_0.8.shear.wave,2077,207700,207.70000000000002,0.2077,158683.45183699526,485.1301813399765,0.003057219739827174,3.057219739827174e+17,41,0.0002583760280316849,2.583760280316849e+26,434.6847880271388,16.50323884672859,11.21137929685829,0.0,0.0,22.730775169250727,0.0027393202189328536,0.00010400100738721796,7.065247930436363e-05,0.0,0.0,0.00014324603420273784,4035,1310,8155,0.09703703703703703,0.6040740740740741,1,0,0
flow,0.5,0.8,0,registered,during_vibration,flow_dump_0.5_0.8.shear.wave,2078,207800,207.8,0.20779999999999998,158683.45183699526,584.9800190815565,0.0036864588733705314,3.686458873370531e+17,49,0.00030879086276957456,3.0879086276957458e+26,475.95607441253156,35.80148380584852,36.57197227798938,0.0,0.0,36.650488585186935,0.0029994058542503156,0.00022561573618038605,0.0002304712423041899,0.0,0.0,0.00023096604063563915,4191,1491,7818,0.11044444444444444,0.5791111111111111,1,0,0
flow,0.5,0.8,0,registered,during_vibration,flow_dump_0.5_0.8.shear.wave,2079,207900,207.9,0.2079,158683.45183699526,798.2194756636932,0.005030262868768761,5.030262868768761e+17,75,0.0004726390756677162,4.726390756677162e+26,617.4669847506168,67.27615627629314,72.78450650693429,0.0,0.0,40.691828129848595,0.0038911869990381777,0.0004239645375587202,0.00045867735837824396,0.0,0.0,0.0002564339737936162,4227,1492,7781,0.11051851851851852,0.5763703703703704,1,0,0
flow,0.5,0.8,0,registered,during_vibration,flow_dump_0.5_0.8.shear.wave,2080,208000,208.0,0.208,158683.4518369953,680.5986379735906,0.004289033482033925,4.289033482033925e+17,65,0.000409620532245354,4.09620532245354e+26,566.8344261497609,2.125585264721642,70.55698327720314,0.0,0.0,41.081643281904924,0.0035721079897608437,1.3395128730279394e-05,0.0004446398314405306,0.0,0.0,0.00025889053210227176,4143,1517,7840,0.11237037037037037,0.5807407407407408,1,0,0
flow,0.5,0.8,0,registered,during_vibration,flow_dump_0.5_0.8.shear.wave,2081,208100,208.1,0.20809999999999998,158683.45183699526,622.8503741180107,0.003925112334699037,3.9251123346990374e+17,61,0.0003844131148764092,3.844131148764092e+26,533.0044928283105,0.0,77.11621037435773,0.0,0.0,12.72967091534224,0.0033589166775615004,0.0,0.0004859751252044478,0.0,0.0,8.022053193308756e-05,3908,1403,8189,0.10392592592592592,0.6065925925925926,1,0,0
flow,0.5,0.8,0,registered,during_vibration,flow_dump_0.5_0.8.shear.wave,2082,208200,208.20000000000002,0.2082,158683.45183699526,495.88154985212753,0.0031249732981704545,3.1249732981704544e+17,41,0.0002583760280316849,2.583760280316849e+26,442.99351293799555,10.141683206051495,39.20491655076774,0.0,0.0,3.5414371573127696,0.0027916805930907826,6.391141034963972e-05,0.0002470636736024642,0.0,0.0,2.2317621127568158e-05,3806,1291,8403,0.09562962962962963,0.6224444444444445,1,0,0
flow,0.5,0.8,0,registered,during_vibration,flow_dump_0.5_0.8.shear.wave,2083,208300,208.3,0.20829999999999999,158683.45183699526,587.7348814122231,0.0037038196145113057,3.7038196145113056e+17,54,0.00034030013448075566,3.403001344807557e+26,517.8374284250675,22.41823350102255,41.05623825684503,0.0,0.0,6.42298122928786,0.0032633360468929474,0.00014127644213368437,0.0002587304333347835,0.0,0.0,4.047669214988941e-05,4021,1214,8265,0.08992592592592592,0.6122222222222222,1,0,0
flow,0.5,0.8,0,registered,during_vibration,flow_dump_0.5_0.8.shear.wave,2084,208400,208.4,0.2084,158683.4518369953,723.8424860761182,0.004561549913973843,4.5615499139738426e+17,74,0.0004663372213254799,4.663372213254799e+26,636.9366821644287,6.875436628508929,42.02990544852025,0.0,0.0,38.00046183466011,0.004013882196227433,4.332800017213892e-05,0.0002648663421545349,0.0,0.0,0.00023947337541973436,4236,1415,7849,0.10481481481481482,0.5814074074074074,1,0,0
flow,0.5,0.8,0,registered,during_vibration,flow_dump_0.5_0.8.shear.wave,2085,208500,208.5,0.2085,158683.45183699526,729.2707749064192,0.004595758199509988,4.595758199509988e+17,68,0.0004285260952720627,4.2852609527206266e+26,598.2684923407202,33.91656441151517,67.00675534694575,0.0,0.0,30.078962807238227,0.0037702008962804817,0.00021373724871044116,0.00042226681214230986,0.0,0.0,0.00018955324237675587,4270,1531,7699,0.1134074074074074,0.5702962962962963,1,0,0
flow,0.5,0.8,0,registered,during_vibration,flow_dump_0.5_0.8.shear.wave,2086,208600,208.6,0.20859999999999998,158683.45183699526,787.6441273348443,0.004963618563981943,4.963618563981943e+17,75,0.0004726390756677162,4.726390756677162e+26,663.4323844223815,7.460620684678811,61.647518458754476,0.0,0.0,55.103603769029306,0.004180854252552311,4.7015744857520494e-05,0.0003884936818873892,0.0,0.0,0.0003472548846847212,4197,1501,7802,0.11118518518518518,0.577925925925926,1,0,0
flow,0.5,0.8,0,registered,during_vibration,flow_dump_0.5_0.8.shear.wave,2087,208700,208.70000000000002,0.2087,158683.45183699526,707.997103758976,0.004461694622614167,4.461694622614167e+17,66,0.0004159223865875903,4.159223865875903e+26,587.3866913648628,5.026517272885505,72.47992272246513,11.26719065417575,0.0,31.836781744587103,0.003701625371549425,3.1676379702458866e-05,0.00045675791573351226,7.100419434882076e-05,0.0,0.00020063076127995293,4008,1437,8055,0.10644444444444444,0.5966666666666667,1,0,0
flow,0.5,0.8,0,registered,during_vibration,flow_dump_0.5_0.8.shear.wave,2088,208800,208.8,0.20879999999999999,158683.4518369953,535.8262389132849,0.0033766989103797837,3.376698910379784e+17,46,0.00028988529974286587,2.898852997428659e+26,455.2099413848367,0.0,46.01654930199537,0.0,0.0,34.59974822645291,0.002868666745745126,0.0,0.00028998959103350636,0.0,0.0,0.00021804257360115203,3810,1245,8445,0.09222222222222222,0.6255555555555555,1,0,0
flow,0.5,0.8,0,registered,during_vibration,flow_dump_0.5_0.8.shear.wave,2089,208900,208.9,0.2089,158683.45183699526,456.11201725108504,0.00287435149645987,2.87435149645987e+17,39,0.0002457723193472124,2.4577231934721242e+26,420.45993364907054,15.367865835524883,10.540299173842058,0.0,0.0,9.7439185926475,0.0026496772586027464,9.684605204650608e-05,6.642343011714538e-05,0.0,0.0,6.140475569347184e-05,3907,1231,8362,0.09118518518518519,0.6194074074074074,1,0,0
flow,0.5,0.8,0,registered,during_vibration,flow_dump_0.5_0.8.shear.wave,2090,209000,209.0,0.209,158683.45183699526,521.5254605783159,0.0032865774883322025,3.286577488332202e+17,43,0.0002709797367161573,2.709797367161573e+26,471.3918956292697,11.838105234608884,20.282751623774615,0.0,0.0,18.012708090662613,0.0029706430643662743,7.460201487656927e-05,0.00012781894639278272,0.0,0.0,0.0001135134626965756,4120,1407,7973,0.10422222222222222,0.5905925925925926,1,0,0
flow,0.5,0.8,0,registered,during_vibration,flow_dump_0.5_0.8.shear.wave,2091,209100,209.1,0.20909999999999998,158683.45183699526,674.8875410663059,0.004253042981189822,4.253042981189822e+17,57,0.0003592056975074643,3.592056975074643e+26,553.3773505472168,53.45239148751403,35.94117665387457,0.0,0.0,32.116622377700445,0.0034873034594411507,0.00033684918539850044,0.00022649606016129838,0.0,0.0,0.00020239427618887236,4213,1477,7810,0.10940740740740741,0.5785185185185185,1,0,0
flow,0.5,0.8,0,registered,during_vibration,flow_dump_0.5_0.8.shear.wave,2092,209200,209.20000000000002,0.2092,158683.45183699526,686.8346593803229,0.00432833198061422,4.32833198061422e+17,64,0.0004033186779031178,4.0331867790311785e+26,555.8562774788043,15.669519672745867,82.31909980266782,0.0,3.641918177227274,29.347844248877916,0.0035029252958890616,9.874703059044936e-05,0.0005187629765404186,0.0,2.2950837879228702e-05,0.00018494583971506346,4159,1490,7851,0.11037037037037037,0.5815555555555556,1,0,0
flow,0.5,0.8,0,registered,during_vibration,flow_dump_0.5_0.8.shear.wave,2093,209300,209.3,0.20929999999999999,158683.45183699526,687.9352705262149,0.004335267871743074,4.335267871743074e+17,62,0.0003907149692186454,3.907149692186454e+26,587.8707476696102,9.148274499789906,73.26828766012967,0.0,0.0,17.64796069668514,0.003704675823875384,5.765109338046987e-05,0.0004617260767392003,0.0,0.0,0.00011121487774801932,4035,1447,8018,0.10718518518518519,0.593925925925926,1,0,0
flow,0.5,0.8,0,registered,during_vibration,flow_dump_0.5_0.8.shear.wave,2094,209400,209.4,0.2094,158683.45183699526,604.4515874344102,0.0038091658609451114,3.8091658609451117e+17,60,0.00037811126053417294,3.78111260534173e+26,511.79936186179884,0.0,41.39207129544513,11.340329333010551,5.228103629387473,34.69172131476788,0.0032252850309025015,0.0,0.0002608468042273519,7.146510364962127e-05,3.2946747558516364e-05,0.00021862217460711866,3822,1336,8342,0.09896296296296296,0.6179259259259259,1,0,0
flow,0.5,0.8,0,registered,during_vibration,flow_dump_0.5_0.8.shear.wave,2095,209500,209.5,0.2095,158683.45183699526,502.2075555227567,0.0031648388644749197,3.16483886447492e+17,44,0.0002772815910583935,2.772815910583935e+26,449.14663061367173,0.0,36.67405194240911,0.0,0.0,16.386872966675945,0.002830456644433533,0.0,0.00023111453348066737,0.0,0.0,0.00010326768656072007,3878,1270,8352,0.09407407407407407,0.6186666666666667,1,0,0
flow,0.5,0.8,0,registered,during_vibration,flow_dump_0.5_0.8.shear.wave,2096,209600,209.6,0.20959999999999998,158683.45183699526,610.7997802000988,0.0038491712470909187,3.8491712470909184e+17,55,0.0003466019888229919,3.466019888229919e+26,526.5937580127109,22.76699720950786,46.16375941627948,0.0,0.0,15.275265561600731,0.003318517160526889,0.00014347430022441693,0.00029091728773142887,0.0,0.0,9.62624986081849e-05,4102,1328,8070,0.09837037037037037,0.5977777777777777,1,0,0
flow,0.5,0.8,0,registered,during_vibration,flow_dump_0.5_0.8.shear.wave,2097,209700,209.70000000000002,0.2097,158683.45183699526,735.7965751809802,0.0046368828423067965,4.636882842306797e+17,71,0.0004474316582987713,4.474316582987713e+26,628.0879499153875,31.709961066923654,58.223835141302814,0.0,0.0,17.774829057366,0.0039581187744805275,0.0001998315558417342,0.00036691812830686474,0.0,0.0,0.00011201438367766839,4268,1487,7745,0.11014814814814815,0.5737037037037037,1,0,0
flow,0.5,0.8,0,registered,during_vibration,flow_dump_0.5_0.8.shear.wave,2098,209800,209.8,0.2098,158683.45183699526,735.9561897070101,0.004637888709800742,4.6378887098007424e+17,71,0.0004474316582987713,4.474316582987713e+26,628.1299327090077,12.267466316613737,69.58170856635172,0.0,0.0,25.977082115036765,0.0039583833439308025,7.730778587558879e-05,0.0004384937922690785,0.0,0.0,0.00016370378772527118,4220,1509,7771,0.11177777777777778,0.5756296296296296,1,0,0
flow,0.5,0.8,0,registered,during_vibration,flow_dump_0.5_0.8.shear.wave,2099,209900,209.9,0.2099,158683.4518369953,753.4755441589375,0.004748293129726795,4.748293129726795e+17,75,0.00047263907566771614,4.726390756677161e+26,648.2580004655118,6.547113417924855,73.08421885664332,5.0224329360198725,0.0,20.563778482837556,0.004085227495122952,4.1258955121862735e-05,0.00046056610195067954,3.165064080644701e-05,0.0,0.0001295899367248535,4099,1489,7912,0.1102962962962963,0.5860740740740741,1,0,0
flow,0.5,0.8,0,registered,during_vibration,flow_dump_0.5_0.8.shear.wave,2100,210000,210.0,0.21,158683.45183699526,651.9710817425173,0.004108626792491525,4.108626792491525e+17,58,0.00036550755184970053,3.6550755184970054e+26,544.533444324779,7.793337542147189,46.22408929892264,9.639853165819716,0.0,43.78035741084844,0.0034315704506109514,4.911247803049278e-05,0.00029129747786433023,6.074895053154051e-05,0.0,0.0002758974354542087,3870,1332,8298,0.09866666666666667,0.6146666666666667,1,0,0
flow,0.5,0.8,0,registered,during_vibration,flow_dump_0.5_0.8.shear.wave,2101,210100,210.1,0.21009999999999998,158683.45183699526,542.7737759475143,0.00342048127680679,3.4204812768067904e+17,40,0.00025207417368944865,2.5207417368944864e+26,465.18270537781046,6.008325663288306,24.018684792665013,18.008830792809533,0.0,29.55522932094081,0.002931513651818345,3.7863593170762705e-05,0.00015136225305545898,0.00011348902853026403,0.0,0.00018625275023195797,3797,1235,8468,0.09148148148148148,0.6272592592592593,1,0,0
flow,0.5,0.8,0,registered,during_vibration,flow_dump_0.5_0.8.shear.wave,2102,210200,210.20000000000002,0.2102,158683.45183699526,480.699123081072,0.0030292958560975947,3.029295856097595e+17,37,0.00023316861066273998,2.3316861066274e+26,451.26195590868934,0.0,12.221273970774483,0.0,0.0,17.21589320160816,0.002843787116329182,0.0,7.701668844038362e-05,0.0,0.0,0.00010849205132802934,4014,1303,8183,0.09651851851851852,0.6061481481481481,1,0,0
flow,0.5,0.8,0,registered,during_vibration,flow_dump_0.5_0.8.shear.wave,2103,210300,210.3,0.2103,158683.4518369953,603.191018159485,0.003801221936986234,3.8012219369862336e+17,50,0.00031509271711181074,3.150927171118107e+26,497.7416847374271,36.45925892987224,35.05212130299804,0.0,0.0,33.937953189187525,0.003136695597274524,0.00022976093920192987,0.00022089336283788872,0.0,0.0,0.0002138720376718908,4165,1482,7853,0.10977777777777778,0.5817037037037037,1,0,0
flow,0.5,0.8,0,registered,during_vibration,flow_dump_0.5_0.8.shear.wave,2104,210400,210.4,0.2104,158683.45183699526,709.2309906169847,0.004469470397868138,4.469470397868138e+17,65,0.00040962053224535404,4.096205322453541e+26,573.0498149648598,38.87794174423877,49.54366574332846,0.0,0.0,47.759568164557656,0.003611276464753962,0.00024500312599813774,0.0003122169650948941,0.0,0.0,0.0003009738420211442,4204,1521,7775,0.11266666666666666,0.575925925925926,1,0,0
flow,0.5,0.8,0,registered,during_vibration,flow_dump_0.5_0.8.shear.wave,2105,210500,210.5,0.2105,158683.45183699526,794.3366142929841,0.005005793641979456,5.005793641979456e+17,78,0.0004915446386944248,4.9154463869442485e+26,653.4302591032972,7.241121640702733,79.7161317435186,0.0,0.0,53.94910180546533,0.004117822315678649,4.563249385412315e-05,0.0005023594509741669,0.0,0.0,0.0003399793814725154,4129,1528,7843,0.11318518518518518,0.580962962962963,1,0,0
flow,0.5,0.8,0,registered,during_vibration,flow_dump_0.5_0.8.shear.wave,2106,210600,210.6,0.21059999999999998,158683.45183699526,622.6545511559802,0.003923878286915456,3.923878286915456e+17,60,0.00037811126053417294,3.78111260534173e+26,515.7985033934629,10.981065983322608,62.2591523942081,0.0,6.471167177651807,27.14466220733471,0.0032504870383290355,6.920107834938398e-05,0.0003923481098593866,0.0,4.078035297782152e-05,0.00017106170739982757,3897,1442,8161,0.10681481481481482,0.6045185185185186,1,0,0
flow,0.5,0.8,0,registered,during_vibration,flow_dump_0.5_0.8.shear.wave,2107,210700,210.70000000000002,0.2107,158683.4518369953,485.06246859426517,0.0030567930239665878,3.0567930239665875e+17,44,0.00027728159105839346,2.7728159105839348e+26,435.3705018199183,0.0,19.631453852376232,5.455499805363273,0.0,24.605013116607367,0.002743641487375412,0.0,0.00012371456270400704,3.4379765137497364e-05,0.0,0.00015505720874967114,3781,1329,8390,0.09844444444444445,0.6214814814814815,1,0,0
flow,0.5,0.8,0,registered,during_vibration,flow_dump_0.5_0.8.shear.wave,2108,210800,210.8,0.2108,158683.45183699526,581.87146948668,0.003666869246608002,3.666869246608002e+17,50,0.0003150927171118108,3.150927171118108e+26,539.6435469628722,14.544258869026905,24.660910570457467,0.0,0.0,3.022753084323634,0.0034007550296877294,9.16558009083848e-05,0.0001554094663619364,0.0,0.0,1.904894964995281e-05,3967,1244,8289,0.09214814814814815,0.614,1,0,0
flow,0.5,0.8,0,registered,during_vibration,flow_dump_0.5_0.8.shear.wave,2109,210900,210.9,0.2109,158683.45183699526,730.9317631602487,0.004606225505549786,4.606225505549786e+17,74,0.00046633722132547996,4.6633722132548e+26,645.79083076225,18.367254651754838,48.683170236043814,0.0,0.0,18.09050751019987,0.004069679751015419,0.00011574776348211955,0.0003067942477458376,0.0,0.0,0.00011400374330640993,4169,1408,7923,0.10429629629629629,0.5868888888888889,1,0,0
flow,0.5,0.8,0,registered,during_vibration,flow_dump_0.5_0.8.shear.wave,2110,211000,211.0,0.211,158683.45183699526,748.9814199426696,0.00471997181351996,4.7199718135199597e+17,70,0.00044112980395653514,4.411298039565352e+26,626.7606058997372,21.812498983478722,65.51897749337299,6.446653017776867,0.0,28.44268454830367,0.003949754045831861,0.00013745919143405842,0.0004128910528154895,4.062586831296735e-05,0.0,0.0001792416551255824,4266,1510,7724,0.11185185185185186,0.5721481481481482,1,0,0
flow,0.5,0.8,0,registered,during_vibration,flow_dump_0.5_0.8.shear.wave,2111,211100,211.1,0.21109999999999998,158683.45183699526,784.7364036869021,0.004945294513085136,4.945294513085136e+17,76,0.0004789409300099524,4.789409300099524e+26,677.7867708266407,7.045985764503495,61.09508966758485,0.0,0.0,38.80855742817302,0.004271313504844129,4.4402775985370916e-05,0.00038501235611098055,0.0,0.0,0.00024456587614465566,4194,1481,7825,0.1097037037037037,0.5796296296296296,1,0,0
flow,0.5,0.8,0,registered,during_vibration,flow_dump_0.5_0.8.shear.wave,2112,211200,211.20000000000002,0.2112,158683.45183699526,683.8044471875455,0.004309236024749269,4.3092360247492685e+17,66,0.0004159223865875903,4.159223865875903e+26,565.8358689577996,5.721287708887435,82.39417272999111,5.573968161049589,0.0,24.2791496298181,0.0035658152277847116,3.6054721791434975e-05,0.0005192360751934553,3.5126335459196766e-05,0.0,0.000153003664520472,4011,1446,8043,0.10711111111111112,0.5957777777777777,1,0,0
flow,0.5,0.8,0,registered,during_vibration,flow_dump_0.5_0.8.shear.wave,2113,211300,211.3,0.2113,158683.45183699526,516.9553947654089,0.003257777599244829,3.257777599244829e+17,46,0.0002898852997428659,2.8988529974286592e+26,398.3895978855216,10.20389240735049,57.182798980633095,0.0,3.506624195914637,47.672481295988945,0.002510593217336614,6.430344367497284e-05,0.0003603576700573233,0.0,2.2098234915615234e-05,0.0003004250332603027,3822,1274,8404,0.09437037037037037,0.6225185185185185,1,0,0
flow,0.5,0.8,0,registered,during_vibration,flow_dump_0.5_0.8.shear.wave,2114,211400,211.4,0.21139999999999998,158683.45183699526,418.13426324119564,0.0026350212224442696,2.6350212224442694e+17,33,0.00020796119329379514,2.0796119329379515e+26,403.9636169034168,0.0,0.0,0.0,0.0,14.170646337778845,0.0025457198732882443,0.0,0.0,0.0,0.0,8.930134915602534e-05,3871,1238,8391,0.0917037037037037,0.6215555555555555,1,0,0
flow,0.5,0.8,0,registered,during_vibration,flow_dump_0.5_0.8.shear.wave,2115,211500,211.5,0.2115,158683.45183699526,516.971576202869,0.0032578795723067506,3.257879572306751e+17,46,0.0002898852997428659,2.8988529974286592e+26,454.6396324358521,21.321627082487893,22.718298921247815,0.0,0.0,18.292017763281184,0.0028650727418185517,0.00013436578821331762,0.0001431674107050859,0.0,0.0,0.00011527363156979552,4088,1432,7980,0.10607407407407407,0.5911111111111111,1,0,0
flow,0.5,0.8,0,registered,during_vibration,flow_dump_0.5_0.8.shear.wave,2116,211600,211.6,0.21159999999999998,158683.45183699526,748.2506546651067,0.004715366637182394,4.715366637182394e+17,64,0.0004033186779031178,4.0331867790311785e+26,572.4678598942936,65.82339853402578,39.36421042004456,0.0,0.0,70.59518581674273,0.003607609068665528,0.00041480946987239537,0.0002480675203642579,0.0,0.0,0.0004448805782802127,4219,1478,7803,0.10948148148148149,0.578,1,0,0
flow,0.5,0.8,0,registered,during_vibration,flow_dump_0.5_0.8.shear.wave,2117,211700,211.70000000000002,0.2117,158683.45183699526,734.3530147640666,0.004627785734825189,4.627785734825189e+17,66,0.0004159223865875903,4.159223865875903e+26,596.9838145887576,15.009139933010674,86.57174963841109,0.0,0.0,35.788310603887055,0.003762105044210902,9.458541366007431e-05,0.0005455625563738075,0.0,0.0,0.00022553272058040404,4159,1493,7848,0.11059259259259259,0.5813333333333334,1,0,0
flow,0.5,0.8,0,registered,during_vibration,flow_dump_0.5_0.8.shear.wave,2118,211800,211.8,0.2118,158683.4518369953,665.34427420408,0.004192902703474984,4.1929027034749843e+17,57,0.00035920569750746425,3.5920569750746426e+26,555.2978672740799,4.816477885038933,83.19755246369047,0.0,0.0,22.03237658127084,0.0034994062761156694,3.0352742074117297e-05,0.0005242988572567331,0.0,0.0,0.00013884482802846513,4035,1470,7995,0.10888888888888888,0.5922222222222222,1,0,0
flow,0.5,0.8,0,registered,during_vibration,flow_dump_0.5_0.8.shear.wave,2119,211900,211.9,0.21189999999999998,158683.45183699526,577.3254039328657,0.003638220603657607,3.638220603657607e+17,56,0.00035290384316522807,3.529038431652281e+26,491.43088170144586,0.0,50.7885939552486,5.104738681344482,5.898267431554204,24.102922163272176,0.0030969258357592287,0.0,0.00032006232135295545,3.21693196250119e-05,3.717002222521031e-05,0.0001518931046951983,3830,1363,8307,0.10096296296296296,0.6153333333333333,1,0,0
flow,0.5,0.8,0,registered,during_vibration,flow_dump_0.5_0.8.shear.wave,2120,212000,212.0,0.212,158683.45183699526,501.5027369283373,0.003160397200355189,3.160397200355189e+17,43,0.0002709797367161573,2.709797367161573e+26,463.9338678862355,4.67252857600006,21.713723331980585,0.0,0.0,11.18261713412119,0.002923643659849316,2.944559449588878e-05,0.00013683672166575769,0.0,0.0,7.047122434422673e-05,3857,1296,8347,0.096,0.6182962962962963,1,0,0
flow,0.5,0.8,0,registered,during_vibration,flow_dump_0.5_0.8.shear.wave,2121,212100,212.1,0.21209999999999998,158683.45183699526,653.8756885407544,0.0041206293471132485,4.1206293471132486e+17,62,0.0003907149692186454,3.907149692186454e+26,552.1810929779592,29.71335952017926,38.76653196724357,0.0,0.0,33.21470407537218,0.003479764818483892,0.0001872492637146675,0.000244301037811213,0.0,0.0,0.00020931422710347513,4084,1351,8065,0.10007407407407408,0.5974074074074074,1,0,0
flow,0.5,0.8,0,registered,during_vibration,flow_dump_0.5_0.8.shear.wave,2122,212200,212.20000000000002,0.2122,158683.4518369953,684.5545950243568,0.004313963347151996,4.313963347151996e+17,65,0.000409620532245354,4.09620532245354e+26,555.9961338757063,36.028282673169244,62.001283228364926,0.0,0.0,30.528895247116257,0.0035038066505311675,0.00022704498960722538,0.0003907230559368889,0.0,0.0,0.00019238865107671412,4239,1477,7784,0.10940740740740741,0.5765925925925925,1,0,0
flow,0.5,0.8,0,registered,during_vibration,flow_dump_0.5_0.8.shear.wave,2123,212300,212.3,0.2123,158683.45183699526,721.257681591383,0.0045452608526078825,4.545260852607882e+17,67,0.00042222424092982645,4.2222424092982644e+26,584.0139028463308,13.650448164577822,68.05499653164497,0.0,0.0,55.53833404882954,0.003680370549578469,8.602313603941514e-05,0.0004288726754038175,0.0,0.0,0.00034999449158618193,4217,1495,7788,0.11074074074074074,0.5768888888888889,1,0,0
flow,0.5,0.8,0,registered,during_vibration,flow_dump_0.5_0.8.shear.wave,2124,212400,212.4,0.21239999999999998,158683.45183699526,706.9235577469642,0.00445492929201678,4.45492929201678e+17,66,0.0004159223865875903,4.159223865875903e+26,592.6103869824613,6.403654384955402,73.97136857822285,0.0,0.0,33.9381478013247,0.0037345443404597075,4.035489719201119e-05,0.0004661567902758293,0.0,0.0,0.00021387326408923256,4063,1482,7955,0.10977777777777778,0.5892592592592593,1,0,0
flow,0.5,0.8,0,registered,during_vibration,flow_dump_0.5_0.8.shear.wave,2125,212500,212.5,0.2125,158683.45183699526,674.4638734710936,0.004250373089715269,4.250373089715269e+17,62,0.0003907149692186454,3.907149692186454e+26,562.9370614639517,0.0,60.10545802566111,6.835134546339196,0.0,44.58621943514163,0.0035475473651923,0.0,0.0003787758416511091,4.307402232061643e-05,0.0,0.000280975860551244,3785,1310,8405,0.09703703703703703,0.6225925925925926,1,0,0
flow,0.5,0.8,0,registered,during_vibration,flow_dump_0.5_0.8.shear.wave,2126,212600,212.6,0.21259999999999998,158683.4518369953,488.59487718127366,0.0030790537483591793,3.0790537483591795e+17,41,0.0002583760280316848,2.5837602803168483e+26,445.1157491945696,6.978606377198791,14.845889214253766,10.290991143333727,0.0,11.36364125191769,0.0028050546168595244,4.3978160900907545e-05,9.355663140920289e-05,6.485232722253208e-05,0.0,7.161201196701208e-05,3785,1235,8480,0.09148148148148148,0.6281481481481481,1,0,0
flow,0.5,0.8,0,registered,during_vibration,flow_dump_0.5_0.8.shear.wave,2127,212700,212.70000000000002,0.2127,158683.45183699526,508.65766869464926,0.003205486538175126,3.205486538175126e+17,43,0.0002709797367161573,2.709797367161573e+26,449.61666740405076,15.188271486801465,18.79411457377691,4.885587464090188,0.0,20.173027765929984,0.002833418747821994,9.571427462016232e-05,0.00011843777253524097,3.0788260574951574e-05,0.0,0.00012712748262277762,3998,1283,8219,0.09503703703703703,0.6088148148148148,1,0,0
flow,0.5,0.8,0,registered,during_vibration,flow_dump_0.5_0.8.shear.wave,2128,212800,212.8,0.2128,158683.45183699526,611.751990386379,0.0038551719369880506,3.8551719369880506e+17,53,0.00033399828013851943,3.3399828013851945e+26,470.9360976652197,50.53296085186698,51.86112053225735,0.0,0.0,38.421811337035095,0.0029677706919873435,0.00031845135877039065,0.0003268212276194418,0.0,0.0,0.0002421286586108753,4142,1469,7889,0.10881481481481481,0.5843703703703703,1,0,0
flow,0.5,0.8,0,registered,during_vibration,flow_dump_0.5_0.8.shear.wave,2129,212900,212.9,0.21289999999999998,158683.45183699526,648.973737954751,0.004089737968527416,4.0897379685274157e+17,58,0.00036550755184970053,3.6550755184970054e+26,510.46356700289874,29.179580447491734,79.97744728233948,0.0,0.0,29.353143222021266,0.003216867046270605,0.00018388546574765678,0.0005040062234371791,0.0,0.0,0.00018497923307197626,4184,1514,7802,0.11214814814814815,0.577925925925926,1,0,0
flow,0.5,0.8,0,registered,during_vibration,flow_dump_0.5_0.8.shear.wave,2130,213000,213.0,0.213,158683.4518369953,726.3095603062303,0.004577097056423493,4.577097056423493e+17,67,0.0004222242409298264,4.222242409298264e+26,589.7095687686962,14.600102985818083,81.94906367607497,4.8406859437606595,0.0,35.210138931880564,0.0037162638066032534,9.200772239827361e-05,0.0005164310627692651,3.0505297734089922e-05,0.0,0.00022188916691861192,4096,1513,7891,0.11207407407407408,0.5845185185185185,1,0,0
flow,0.5,0.8,0,registered,during_vibration,flow_dump_0.5_0.8.shear.wave,2131,213100,213.1,0.21309999999999998,158683.45183699526,585.5333793177922,0.003689946068978074,3.689946068978074e+17,53,0.00033399828013851943,3.3399828013851945e+26,498.787603299682,0.0,60.68749044692606,0.0,0.0,26.058285571184058,0.003143286823707696,0.0,0.0003824437251923799,0.0,0.0,0.0001642155200779976,3893,1413,8194,0.10466666666666667,0.6069629629629629,1,0,0
flow,0.5,0.8,0,registered,during_vibration,flow_dump_0.5_0.8.shear.wave,2132,213200,213.20000000000002,0.2132,158683.45183699526,515.1792089580563,0.0032465843350021457,3.246584335002146e+17,48,0.0003024890084273384,3.024890084273384e+26,460.5864780166593,0.0,38.2882588262597,5.254267559850279,0.0,11.050204555287028,0.00290254889646457,0.0,0.0002412870301409288,3.3111628837313366e-05,0.0,6.963677955933396e-05,3756,1308,8436,0.09688888888888889,0.6248888888888889,1,0,0
flow,0.5,0.8,0,registered,during_vibration,flow_dump_0.5_0.8.shear.wave,2133,213300,213.3,0.2133,158683.45183699526,552.4271444402711,0.003481315398960076,3.481315398960076e+17,44,0.0002772815910583935,2.772815910583935e+26,506.4772766730075,15.230209517605623,28.56707038157575,0.0,0.0,2.1525878680822794,0.0031917460252457656,9.597856198169033e-05,0.00018002551652910074,0.0,0.0,1.3565295203519312e-05,3934,1249,8317,0.09251851851851851,0.6160740740740741,1,0,0
flow,0.5,0.8,0,registered,during_vibration,flow_dump_0.5_0.8.shear.wave,2134,213400,213.4,0.21339999999999998,158683.45183699526,669.4155258464752,0.00421855913831595,4.21855913831595e+17,70,0.00044112980395653514,4.411298039565352e+26,549.4871847581044,33.71495834668717,45.5609296502966,0.0,0.0,40.65245309138714,0.003462788201271014,0.0002124667566553837,0.0002871183423530404,0.0,0.0,0.0002561858380365121,4164,1408,7928,0.10429629629629629,0.5872592592592593,1,0,0
flow,0.5,0.8,0,registered,during_vibration,flow_dump_0.5_0.8.shear.wave,2135,213500,213.5,0.2135,158683.45183699526,733.6082785202823,0.0046230925154934766,4.6230925154934765e+17,68,0.0004285260952720627,4.2852609527206266e+26,586.6403451946006,44.14838648917999,71.46062236128142,0.0,0.0,31.358924475219986,0.0036969220066955465,0.0002782167010995616,0.00045033443332634376,0.0,0.0,0.00019761937437202262,4240,1500,7760,0.1111111111111111,0.5748148148148148,1,0,0
flow,0.5,0.8,0,registered,during_vibration,flow_dump_0.5_0.8.shear.wave,2136,213600,213.6,0.21359999999999998,158683.45183699526,716.4096348110095,0.004514709167953622,4.514709167953622e+17,63,0.0003970168235608816,3.970168235608816e+26,609.4864106735824,8.826171855866594,73.82289385831643,0.0,0.0,24.274158423243932,0.003840894583637281,5.562124943521597e-05,0.0004652211242174747,0.0,0.0,0.00015297221066364958,4125,1497,7878,0.11088888888888888,0.5835555555555556,1,0,0
flow,0.5,0.8,0,registered,during_vibration,flow_dump_0.5_0.8.shear.wave,2137,213700,213.70000000000002,0.2137,158683.4518369953,629.8131792125083,0.003968990918217941,3.968990918217941e+17,58,0.0003655075518497005,3.655075518497005e+26,506.27076347021267,5.777066188051855,86.91229059470047,8.953278716136403,0.0,21.89978024340704,0.0031904446091220034,3.64062296425606e-05,0.0005477085958779089,5.642225835453527e-05,0.0,0.00013800922522093354,3951,1435,8114,0.10629629629629629,0.601037037037037,1,0,0
flow,0.5,0.8,0,registered,during_vibration,flow_dump_0.5_0.8.shear.wave,2138,213800,213.8,0.2138,158683.45183699526,509.4522897211242,0.0032104941241412493,3.210494124141249e+17,44,0.0002772815910583935,2.772815910583935e+26,435.15060765392343,6.7955755970831255,42.66531380602314,0.0,4.276687847500516,20.56410481659393,0.0027422557463706054,4.282472758447276e-05,0.0002688705930713577,0.0,2.6951063882159982e-05,0.00012959199323265313,3746,1273,8481,0.0942962962962963,0.6282222222222222,1,0,0
flow,0.5,0.8,0,registered,during_vibration,flow_dump_0.5_0.8.shear.wave,2139,213900,213.9,0.21389999999999998,158683.45183699526,409.0111176864663,0.002577528488015346,2.577528488015346e+17,33,0.00020796119329379514,2.0796119329379515e+26,375.8945986797855,0.0,12.887857276617657,0.0,0.0,20.228661730063187,0.002368833008913346,0.0,8.121739934077359e-05,0.0,0.0,0.00012747807976122626,3867,1255,8378,0.09296296296296297,0.6205925925925926,1,0,0
flow,0.5,0.8,0,registered,during_vibration,flow_dump_0.5_0.8.shear.wave,2140,214000,214.0,0.214,158683.45183699526,529.2089659151992,0.0033349978198030355,3.3349978198030355e+17,45,0.0002835834454006297,2.835834454006297e+26,433.63828565714175,27.278764271913918,25.38655834435051,0.0,0.0,42.905357641792946,0.002732725313428327,0.00017190679907779887,0.0001599823929367783,0.0,0.0,0.0002703833143601307,4064,1432,8004,0.10607407407407407,0.5928888888888889,1,0,0
flow,0.5,0.8,0,registered,during_vibration,flow_dump_0.5_0.8.shear.wave,2141,214100,214.1,0.21409999999999998,158683.4518369953,726.5470977129448,0.004578593982561441,4.5785939825614406e+17,65,0.000409620532245354,4.09620532245354e+26,573.3467079571453,58.45218644174541,55.55357091906474,0.0,0.0,39.19463239498913,0.003613147441146575,0.00036835716494111414,0.00035009051212303566,0.0,0.0,0.00024699886435071444,4184,1489,7827,0.1102962962962963,0.5797777777777777,1,0,0
flow,0.5,0.8,0,registered,during_vibration,flow_dump_0.5_0.8.shear.wave,2142,214200,214.20000000000002,0.2142,158683.45183699526,717.8517114518684,0.004523796924894656,4.523796924894656e+17,68,0.0004285260952720627,4.2852609527206266e+26,568.1466336359634,33.021492150983704,89.72388313274811,0.0,0.0,26.959702532173168,0.003580377330205685,0.00020809663369879578,0.0005654268425224035,0.0,0.0,0.0001698961184677722,4116,1504,7880,0.11140740740740741,0.5837037037037037,1,0,0
flow,0.5,0.8,0,registered,during_vibration,flow_dump_0.5_0.8.shear.wave,2143,214300,214.3,0.2143,158683.45183699526,663.7361616586904,0.0041827686124480176,4.182768612448017e+17,61,0.0003844131148764092,3.844131148764092e+26,552.5496133089579,12.091998044341155,81.35800577144727,0.0,0.0,17.736544533944155,0.003482087179931998,7.620201038204314e-05,0.000512706301946474,0.0,0.0,0.00011177312018750199,3964,1470,8066,0.10888888888888888,0.5974814814814815,1,0,0
flow,0.5,0.8,0,registered,during_vibration,flow_dump_0.5_0.8.shear.wave,2144,214400,214.4,0.21439999999999998,158683.45183699526,553.2294769145544,0.0034863715813470554,3.4863715813470554e+17,53,0.00033399828013851943,3.3399828013851945e+26,480.47952025753835,0.0,43.596243214602204,10.475939809437442,0.0,18.6777736329763,0.003027911951090542,0.0,0.0002747371746071271,6.601784677710858e-05,0.0,0.0001177046088722768,3780,1353,8367,0.10022222222222223,0.6197777777777778,1,0,0
flow,0.5,0.8,0,registered,during_vibration,flow_dump_0.5_0.8.shear.wave,2145,214500,214.5,0.2145,158683.4518369953,478.6322513024585,0.0030162707312046933,3.016270731204693e+17,42,0.000264677882373921,2.64677882373921e+26,441.29007579723816,7.782738041927161,24.096288896495174,0.0,0.0,5.463148566798005,0.0027809457803485735,4.9045681524005655e-05,0.0001518513028141564,0.0,0.0,3.442796651795756e-05,3821,1274,8405,0.09437037037037037,0.6225925925925926,1,0,0
flow,0.5,0.8,0,registered,during_vibration,flow_dump_0.5_0.8.shear.wave,2146,214600,214.6,0.21459999999999999,158683.45183699526,661.5610866446852,0.00416906160652632,4.1690616065263194e+17,65,0.00040962053224535404,4.096205322453541e+26,536.3324026642581,50.71059531154012,47.162921240681726,0.0,0.0,27.35516742820553,0.0033798886806117377,0.00031957078526141257,0.0002972138600131348,0.0,0.0,0.00017238828064003572,4047,1347,8106,0.09977777777777778,0.6004444444444444,1,0,0
flow,0.5,0.8,0,registered,during_vibration,flow_dump_0.5_0.8.shear.wave,2147,214700,214.70000000000002,0.2147,158683.45183699526,729.5433899602829,0.004597476179870937,4.597476179870937e+17,68,0.0004285260952720627,4.2852609527206266e+26,554.9817178491112,56.38037064589566,65.94718996300347,0.0,0.0,52.23411150227231,0.0034974139484891358,0.00035530088357172486,0.00041558958542663,0.0,0.0,0.00032917176238344545,4245,1475,7780,0.10925925925925926,0.5762962962962963,1,0,0
flow,0.5,0.8,0,registered,during_vibration,flow_dump_0.5_0.8.shear.wave,2148,214800,214.8,0.2148,158683.45183699526,735.8140133516151,0.0046369927351181325,4.6369927351181325e+17,65,0.00040962053224535404,4.096205322453541e+26,604.9823558143793,28.303757169483585,77.0587935741914,0.0,0.0,25.469106793561004,0.0038125106859651413,0.00017836615502010958,0.0004856132928930023,0.0,0.0,0.0001605026012398803,4221,1510,7769,0.11185185185185186,0.5754814814814815,1,0,0
flow,0.5,0.8,0,registered,during_vibration,flow_dump_0.5_0.8.shear.wave,2149,214900,214.9,0.21489999999999998,158683.4518369953,752.8797383697414,0.00474453844842702,4.74453844842702e+17,66,0.00041592238658759017,4.1592238658759015e+26,651.4971690845433,0.0,76.54946791729637,0.0,0.0,24.83310136790173,0.004105640263950031,0.0,0.00048240359679048596,0.0,0.0,0.0001564945876865036,4036,1498,7966,0.11096296296296296,0.5900740740740741,1,0,0
flow,0.5,0.8,0,registered,during_vibration,flow_dump_0.5_0.8.shear.wave,2150,215000,215.0,0.215,158683.45183699526,651.8984105610497,0.004108168829291038,4.108168829291038e+17,59,0.00037180940619193677,3.7180940619193676e+26,537.3255641358638,0.0,62.56156594691834,13.418329063805064,0.0,38.592951414462256,0.0033861474395441176,0.0,0.00039425387601968475,8.456035527629436e-05,0.0,0.00024320715845094028,3838,1345,8317,0.09962962962962962,0.6160740740740741,1,0,0
flow,0.5,0.8,0,registered,during_vibration,flow_dump_0.5_0.8.shear.wave,2151,215100,215.1,0.21509999999999999,158683.45183699526,437.75256532301535,0.002758652904605887,2.758652904605887e+17,37,0.00023316861066273998,2.3316861066274e+26,388.0900164145425,0.0,23.07758403457671,6.755480271702234,0.0,19.829484602193844,0.002445686755120509,0.0,0.0001454315731566184,4.2572052684117816e-05,0.0,0.00012496252364464146,3778,1238,8484,0.0917037037037037,0.6284444444444445,1,0,0
flow,0.5,0.8,0,registered,during_vibration,flow_dump_0.5_0.8.shear.wave,2152,215200,215.20000000000002,0.2152,158683.45183699526,522.217565924896,0.003290939035415833,3.290939035415833e+17,45,0.0002835834454006297,2.835834454006297e+26,457.70371563962624,27.694053117375073,9.971039050971912,0.0,0.0,26.848758116922763,0.002884382147861229,0.00017452388889185053,6.283603573997422e-05,0.0,0.0,0.00016919696292277956,3962,1304,8234,0.09659259259259259,0.6099259259259259,1,0,0
flow,0.5,0.8,0,registered,during_vibration,flow_dump_0.5_0.8.shear.wave,2153,215300,215.3,0.2153,158683.45183699526,657.0015663295459,0.0041403281736298436,4.140328173629844e+17,55,0.0003466019888229919,3.466019888229919e+26,490.71570346640533,62.27483333887577,54.97977219575853,0.0,0.0,49.03125732850627,0.0030924188866932657,0.00039244692888863096,0.00034647451614699883,0.0,0.0,0.0003089878419009485,4122,1449,7929,0.10733333333333334,0.5873333333333334,1,0,0
flow,0.5,0.8,0,registered,during_vibration,flow_dump_0.5_0.8.shear.wave,2154,215400,215.4,0.21539999999999998,158683.45183699526,716.4893783992817,0.0045152117004316405,4.51521170043164e+17,63,0.0003970168235608816,3.970168235608816e+26,527.0008140596423,38.120024765295945,80.8537683169492,0.0,0.0,70.51477125739405,0.003321082368443777,0.00024022684359333233,0.0005095286709543273,0.0,0.0,0.0004443738174402022,4163,1517,7820,0.11237037037037037,0.5792592592592593,1,0,0
flow,0.5,0.8,0,registered,during_vibration,flow_dump_0.5_0.8.shear.wave,2155,215500,215.5,0.2155,158683.45183699526,728.6636437070036,0.004591932147124644,4.591932147124644e+17,69,0.0004348279496142989,4.3482794961429895e+26,595.8235945404481,9.303699533162526,71.058778802754,5.1409922906841246,0.0,47.336578539954964,0.003754793506461513,5.863055930192132e-05,0.0004478020737521381,3.239778459045066e-05,0.0,0.0002983082230186209,4032,1517,7951,0.11237037037037037,0.5889629629629629,1,0,0
flow,0.5,0.8,0,registered,during_vibration,flow_dump_0.5_0.8.shear.wave,2156,215600,215.6,0.21559999999999999,158683.45183699526,578.0656107096886,0.003642885278948281,3.642885278948281e+17,53,0.00033399828013851943,3.3399828013851945e+26,496.8702119785424,0.0,67.97994807690309,0.0,0.0,13.21545065424309,0.0031312037028848063,0.0,0.0004283997309734242,0.0,0.0,8.328184509005026e-05,3845,1419,8236,0.10511111111111111,0.6100740740740741,1,0,0
flow,0.5,0.8,0,registered,during_vibration,flow_dump_0.5_0.8.shear.wave,2157,215700,215.70000000000002,0.2157,158683.45183699526,519.5735660046957,0.003274276933037847,3.274276933037847e+17,49,0.00030879086276957456,3.0879086276957458e+26,444.85897935525276,0.0,34.20963664110157,4.068408687225368,0.0,36.43654132111599,0.002803436490732671,0.0,0.00021558414721304907,2.5638518951582727e-05,0.0,0.0002296177761405441,3725,1309,8466,0.09696296296296296,0.6271111111111111,1,0,0
flow,0.5,0.8,0,registered,during_vibration,flow_dump_0.5_0.8.shear.wave,2158,215800,215.8,0.2158,158683.45183699526,566.7674515369442,0.003571685925506246,3.5716859255062464e+17,45,0.0002835834454006297,2.835834454006297e+26,508.49945666073523,18.631081205114647,29.798309771595214,9.838603899499281,0.0,0.0,0.003204489508982211,0.00011741035999300729,0.00018778460782542717,6.200144870560172e-05,0.0,0.0,3925,1252,8323,0.09274074074074073,0.6165185185185185,1,0,0
flow,0.5,0.8,0,registered,during_vibration,flow_dump_0.5_0.8.shear.wave,2159,215900,215.9,0.21589999999999998,158683.45183699526,651.3523232120968,0.0041047274663598,4.1047274663597997e+17,66,0.0004159223865875903,4.159223865875903e+26,507.2336690624625,56.64983779807156,44.960211128518594,0.0,0.0,42.50860522304418,0.0031965126999096874,0.00035699902631475456,0.00028333270172811194,0.0,0.0,0.00026788303840724604,4155,1390,7955,0.10296296296296296,0.5892592592592593,1,0,0
flow,0.5,0.8,0,registered,during_vibration,flow_dump_0.5_0.8.shear.wave,2160,216000,216.0,0.216,158683.4518369953,703.222869452042,0.004431608093416162,4.431608093416162e+17,65,0.000409620532245354,4.09620532245354e+26,558.0725818016914,45.14824542628202,73.65302184601488,0.0,0.0,26.34902037805366,0.003516892122909964,0.00028451766648396163,0.0004641506155391277,0.0,0.0,0.00016604768848310796,4232,1480,7788,0.10962962962962963,0.5768888888888889,1,0,0
flow,0.5,0.8,0,registered,during_vibration,flow_dump_0.5_0.8.shear.wave,2161,216100,216.1,0.2161,158683.45183699526,709.2437547025111,0.004469550835275937,4.469550835275937e+17,66,0.0004159223865875903,4.159223865875903e+26,598.1968345221654,10.391447717068836,63.59755205615053,0.0,0.0,37.057920407126396,0.003769749319145467,6.548538991793086e-05,0.00040078250958064604,0.0,0.0,0.00023353361663189357,4104,1497,7899,0.11088888888888888,0.5851111111111111,1,0,0
flow,0.5,0.8,0,registered,during_vibration,flow_dump_0.5_0.8.shear.wave,2162,216200,216.20000000000002,0.2162,158683.45183699526,682.7953503197422,0.004302876843271165,4.3028768432711654e+17,65,0.00040962053224535404,4.096205322453541e+26,553.7263701595472,0.0,79.708502401492,11.181136644608866,0.0,38.17934111409418,0.0034895029302006407,0.0,0.0005023113719719882,7.046189451496486e-05,0.0,0.00024060064658357208,3934,1438,8128,0.10651851851851851,0.6020740740740741,1,0,0
flow,0.5,0.8,0,registered,during_vibration,flow_dump_0.5_0.8.shear.wave,2163,216300,216.3,0.2163,158683.45183699526,490.51856667027585,0.0030911765593185626,3.0911765593185626e+17,43,0.0002709797367161573,2.709797367161573e+26,414.2906232170668,0.0,51.50060098023828,0.0,0.0,24.72734247297076,0.0026107991628682207,0.0,0.00032454928591508933,0.0,0.0,0.0001558281105352528,3793,1282,8425,0.09496296296296296,0.6240740740740741,1,0,0
flow,0.5,0.8,0,registered,during_vibration,flow_dump_0.5_0.8.shear.wave,2164,216400,216.4,0.21639999999999998,158683.4518369953,420.9996420553104,0.00265307842236615,2.65307842236615e+17,34,0.00021426304763603131,2.1426304763603133e+26,397.0165085807237,9.895974566190336,9.37911462417098,0.0,0.0,4.708044284225375,0.002501940208538895,6.236299029060571e-05,5.910581422066307e-05,0.0,0.0,2.966940931598607e-05,3896,1256,8348,0.09303703703703704,0.6183703703703703,1,0,0
flow,0.5,0.8,0,registered,during_vibration,flow_dump_0.5_0.8.shear.wave,2165,216500,216.5,0.2165,158683.45183699526,514.0818039274752,0.003239668648344987,3.239668648344987e+17,41,0.0002583760280316849,2.583760280316849e+26,421.3288168265069,49.87962246304184,22.377607670340907,0.0,0.0,20.49575696758571,0.00265515283382737,0.0003143341154078233,0.0001410204240661963,0.0,0.0,0.00012916127504359817,4084,1403,8013,0.10392592592592592,0.5935555555555555,1,0,0
flow,0.5,0.8,0,registered,during_vibration,flow_dump_0.5_0.8.shear.wave,2166,216600,216.6,0.2166,158683.45183699526,766.4924207110797,0.004830323589749266,4.830323589749266e+17,68,0.0004285260952720627,4.2852609527206266e+26,582.6193934884777,64.61952955467886,69.80027760621536,0.0,0.0,49.45322006170757,0.003671582554726394,0.0004072228629174145,0.0004398711825220216,0.0,0.0,0.000311646989583435,4168,1471,7861,0.10896296296296297,0.5822962962962963,1,0,0
flow,0.5,0.8,0,registered,during_vibration,flow_dump_0.5_0.8.shear.wave,2167,216700,216.70000000000002,0.2167,158683.45183699526,685.5925247206227,0.004320504228915346,4.320504228915346e+17,64,0.0004033186779031178,4.0331867790311785e+26,521.9443217826976,47.54019419691321,83.80368177568383,0.0,0.0,32.30432696532824,0.0032892170906318294,0.0002995913792305705,0.0005281185958934751,0.0,0.0,0.00020357716315947224,4080,1481,7939,0.1097037037037037,0.5880740740740741,1,0,0
flow,0.5,0.8,0,registered,during_vibration,flow_dump_0.5_0.8.shear.wave,2168,216800,216.8,0.2168,158683.4518369953,646.4094719739431,0.004073578337821612,4.073578337821612e+17,59,0.00037180940619193666,3.718094061919367e+26,549.6328340638138,5.862554139474873,68.86214648246282,0.0,0.0,22.051937288191333,0.003463706061980642,3.694496226044462e-05,0.0004339592168262146,0.0,0.0,0.00013896809675430924,3933,1456,8111,0.10785185185185185,0.6008148148148148,1,0,0
flow,0.5,0.8,0,registered,during_vibration,flow_dump_0.5_0.8.shear.wave,2169,216900,216.9,0.21689999999999998,158683.45183699526,541.6715764631429,0.0034135353762001935,3.413535376200193e+17,51,0.000321394571454047,3.21394571454047e+26,484.69374785242167,0.0,38.64694172692351,5.254375399280171,0.0,13.07651148451742,0.0030544693995585293,0.0,0.0002435473975359629,3.31123084256929e-05,0.0,8.240627068000785e-05,3741,1332,8427,0.09866666666666667,0.6242222222222222,1,0,0
flow,0.5,0.8,0,registered,during_vibration,flow_dump_0.5_0.8.shear.wave,2170,217000,217.0,0.217,158683.45183699526,474.1923735319781,0.002988291268197794,2.988291268197794e+17,37,0.00023316861066273998,2.3316861066274e+26,431.2883322357894,0.0,24.31363475215892,0.0,0.0,18.59040654402974,0.0027179162492559253,0.0,0.00015322098473843804,0.0,0.0,0.00011715403420343038,3764,1261,8475,0.09340740740740741,0.6277777777777778,1,0,0
flow,0.5,0.8,0,registered,during_vibration,flow_dump_0.5_0.8.shear.wave,2171,217100,217.1,0.2171,158683.45183699526,722.4330850473212,0.004552668073980567,4.5526680739805664e+17,62,0.0003907149692186454,3.907149692186454e+26,584.0308234060082,45.17665719864551,56.45163681126483,0.0,0.0,36.77396763140259,0.003680477180480945,0.0002846967133350012,0.0003557499925654111,0.0,0.0,0.00023174418759920848,4063,1320,8117,0.09777777777777778,0.6012592592592593,1,0,0
flow,0.5,0.8,0,registered,during_vibration,flow_dump_0.5_0.8.shear.wave,2172,217200,217.20000000000002,0.21719999999999998,158683.45183699526,700.6931208607152,0.004415665986271144,4.415665986271144e+17,68,0.0004285260952720627,4.2852609527206266e+26,545.9055546186524,55.533542532433955,58.99121809758817,3.904303369123268,0.0,36.358502242917275,0.0034402172898244246,0.0003499642961477785,0.00037175406392208965,2.4604351140116953e-05,0.0,0.00022912598523673342,4210,1458,7832,0.108,0.5801481481481482,1,0,0
flow,0.5,0.8,0,registered,during_vibration,flow_dump_0.5_0.8.shear.wave,2173,217300,217.3,0.2173,158683.45183699526,722.7293030236189,0.004554534796520747,4.554534796520747e+17,71,0.0004474316582987713,4.474316582987713e+26,595.4051970173961,49.34621674772063,46.56898537066163,0.0,0.0,31.408903887840303,0.003752156826214087,0.00031097267028455276,0.0002934709626716388,0.0,0.0,0.0001979343373504664,4187,1477,7836,0.10940740740740741,0.5804444444444444,1,0,0
flow,0.5,0.8,0,registered,during_vibration,flow_dump_0.5_0.8.shear.wave,2174,217400,217.4,0.21739999999999998,158683.45183699526,730.7727394253423,0.004605223361135448,4.605223361135448e+17,69,0.0004348279496142989,4.3482794961429895e+26,629.8522091544631,0.0,77.6637617490467,0.0,0.0,23.256768521832527,0.003969236879227127,0.0,0.0004894257142126289,0.0,0.0,0.00014656076769569286,4022,1474,8004,0.10918518518518519,0.5928888888888889,1,0,0
flow,0.5,0.8,0,registered,during_vibration,flow_dump_0.5_0.8.shear.wave,2175,217500,217.5,0.2175,158683.45183699526,563.2068447312621,0.003549247500046862,3.549247500046862e+17,51,0.000321394571454047,3.21394571454047e+26,476.5007397937269,0.0,59.45491279203373,0.0,0.0,27.251192145501417,0.003002838256147867,0.0,0.00037467620034575334,0.0,0.0,0.00017173304355324156,3825,1338,8337,0.09911111111111111,0.6175555555555555,1,0,0
flow,0.5,0.8,0,registered,during_vibration,flow_dump_0.5_0.8.shear.wave,2176,217600,217.6,0.2176,158683.45183699526,441.39875657617443,0.0027816306707872315,2.7816306707872317e+17,37,0.00023316861066273998,2.3316861066274e+26,392.3335894739936,0.0,24.059188818973105,6.364815956055692,0.0,18.641162327151967,0.002472429134431807,0.0,0.0001516175035295267,4.011014307020391e-05,0.0,0.0001174738897556928,3767,1219,8514,0.09029629629629629,0.6306666666666667,1,0,0
flow,0.5,0.8,0,registered,during_vibration,flow_dump_0.5_0.8.shear.wave,2177,217700,217.70000000000002,0.21769999999999998,158683.45183699526,515.3628362857771,0.0032477415276746966,3.247741527674697e+17,44,0.0002772815910583935,2.772815910583935e+26,453.28520946660586,32.31326898450626,13.039484531861042,0.0,0.0,16.724873302804014,0.002856537365548583,0.0002036335144618576,8.217293221763048e-05,0.0,0.0,0.00010539771544662604,3989,1275,8236,0.09444444444444444,0.6100740740740741,1,0,0
flow,0.5,0.8,0,registered,during_vibration,flow_dump_0.5_0.8.shear.wave,2178,217800,217.8,0.2178,158683.45183699526,589.5092267650067,0.0037150012804773717,3.7150012804773715e+17,53,0.00033399828013851943,3.3399828013851945e+26,460.3328704846482,43.945020569642175,44.468851120262514,0.0,0.0,40.76248459045385,0.002900950698737742,0.00027693511869645936,0.00028023622252648216,0.0,0.0,0.00025687924051668844,4100,1429,7971,0.10585185185185185,0.5904444444444444,1,0,0
flow,0.5,0.8,0,registered,during_vibration,flow_dump_0.5_0.8.shear.wave,2179,217900,217.9,0.21789999999999998,158683.4518369953,763.484926152083,0.0048113707971033995,4.8113707971034e+17,68,0.00042852609527206263,4.2852609527206266e+26,592.8879457492385,52.011128539257946,59.03684986349032,0.0,0.0,59.54900200009637,0.0037362934753793478,0.0003277665562297286,0.00037204162866418395,0.0,0.0,0.0003752691368301404,4155,1485,7860,0.11,0.5822222222222222,1,0,0
flow,0.5,0.8,0,registered,during_vibration,flow_dump_0.5_0.8.shear.wave,2180,218000,218.0,0.218,158683.45183699526,721.9678438697473,0.004549736191845485,4.5497361918454854e+17,70,0.00044112980395653514,4.411298039565352e+26,589.0820237417428,9.022528989913702,81.70744918068775,0.0,0.0,42.15584195740327,0.003712309109250199,5.68586634930398e-05,0.0005149084434123621,0.0,0.0,0.00026565997568988545,4040,1501,7959,0.11118518518518518,0.5895555555555556,1,0,0
flow,0.5,0.8,0,registered,during_vibration,flow_dump_0.5_0.8.shear.wave,2181,218100,218.1,0.2181,158683.45183699526,566.1096010829096,0.0035675402477659463,3.567540247765946e+17,58,0.00036550755184970053,3.6550755184970054e+26,506.09573240663934,0.0,52.100241409050945,0.0,0.0,7.913627267219324,0.003189341588853998,0.0,0.0003283281325551828,0.0,0.0,4.987052635676501e-05,3859,1404,8237,0.104,0.6101481481481481,1,0,0
flow,0.5,0.8,0,registered,during_vibration,flow_dump_0.5_0.8.shear.wave,2182,218200,218.20000000000002,0.21819999999999998,158683.45183699526,522.6455247607662,0.0032936359696639603,3.29363596966396e+17,49,0.00030879086276957456,3.0879086276957458e+26,423.7579436934614,28.124897025775383,31.14920007128773,5.55057482032781,0.0,34.06290914991359,0.00267046083752173,0.00017723900444682904,0.00019629772172642923,3.497891403338982e-05,0.0,0.00021465949193558067,3728,1307,8465,0.09681481481481481,0.6270370370370371,1,0,0
flow,0.5,0.8,0,registered,during_vibration,flow_dump_0.5_0.8.shear.wave,2183,218300,218.3,0.2183,158683.4518369953,518.0211360968731,0.003264493745882217,3.264493745882217e+17,45,0.0002835834454006297,2.835834454006297e+26,450.42624871884664,34.33451936128843,21.81601637233696,0.0,0.0,11.444351644401014,0.002838520611346033,0.00021637113992552888,0.00013748135750630804,0.0,0.0,7.212063710434669e-05,3935,1243,8322,0.09207407407407407,0.6164444444444445,1,0,0
flow,0.5,0.8,0,registered,during_vibration,flow_dump_0.5_0.8.shear.wave,2184,218400,218.4,0.21839999999999998,158683.45183699526,681.2339529051758,0.004293037144194224,4.293037144194224e+17,59,0.00037180940619193677,3.7180940619193676e+26,525.8056177752073,70.0970667533998,45.80921538475496,0.0,0.0,39.52205299181375,0.0033135504155488863,0.0004417415044979344,0.0002886830028868521,0.0,0.0,0.0002490622212605513,4140,1389,7971,0.10288888888888889,0.5904444444444444,1,0,0
flow,0.5,0.8,0,registered,during_vibration,flow_dump_0.5_0.8.shear.wave,2185,218500,218.5,0.2185,158683.45183699526,755.0433013998709,0.004758172907503144,4.7581729075031443e+17,69,0.0004348279496142989,4.3482794961429895e+26,594.3758351394761,47.029294033516365,82.0578079498406,0.0,0.0,31.5803642770378,0.0037456699375939843,0.00029637176081741886,0.0005171163533430884,0.0,0.0,0.00019901485574865213,4239,1492,7769,0.11051851851851852,0.5754814814814815,1,0,0
flow,0.5,0.8,0,registered,during_vibration,flow_dump_0.5_0.8.shear.wave,2186,218600,218.6,0.2186,158683.45183699526,789.1053918501852,0.0049728272401131,4.9728272401131e+17,74,0.00046633722132547996,4.6633722132548e+26,648.3602521708385,9.6023050531738,70.33554017353556,0.0,0.0,60.80729445263719,0.0040858718704761664,6.0512327794820075e-05,0.0004432443292561249,0.0,0.0,0.00038319871258598784,4117,1486,7897,0.11007407407407407,0.584962962962963,1,0,0
flow,0.5,0.8,0,registered,during_vibration,flow_dump_0.5_0.8.shear.wave,2187,218700,218.70000000000002,0.21869999999999998,158683.4518369953,601.0424431415113,0.0037876819301795963,3.787681930179596e+17,54,0.0003403001344807556,3.403001344807556e+26,473.2260811078548,0.0,78.03163640343817,9.019093092010717,0.0,40.76563253820759,0.002982201834088962,0.0,0.0004917440067008043,5.683701096492039e-05,0.0,0.0002568990784249094,3922,1442,8136,0.10681481481481482,0.6026666666666667,1,0,0
flow,0.5,0.8,0,registered,during_vibration,flow_dump_0.5_0.8.shear.wave,2188,218800,218.8,0.2188,158683.45183699526,447.19010264338556,0.0028181268901482782,2.818126890148278e+17,40,0.00025207417368944865,2.5207417368944864e+26,378.11356859158786,0.0,40.8501965091608,0.0,0.0,28.2263375426369,0.0023828166340873294,0.0,0.0002574319882524577,0.0,0.0,0.00017787826780849147,3763,1268,8469,0.09392592592592593,0.6273333333333333,1,0,0
flow,0.5,0.8,0,registered,during_vibration,flow_dump_0.5_0.8.shear.wave,2189,218900,218.9,0.21889999999999998,158683.45183699526,454.4761756181099,0.002864042660761895,2.864042660761895e+17,39,0.0002457723193472124,2.4577231934721242e+26,421.34864557821317,9.472748406085296,15.69903206704812,0.0,0.0,7.955749566763248,0.002655277791732411,5.969588067579982e-05,9.89330134006328e-05,0.0,0.0,5.013597495305087e-05,3865,1233,8402,0.09133333333333334,0.6223703703703704,1,0,0
flow,0.5,0.8,0,registered,during_vibration,flow_dump_0.5_0.8.shear.wave,2190,219000,219.0,0.219,158683.45183699526,518.3752911585225,0.0032667255794952975,3.266725579495297e+17,45,0.0002835834454006297,2.835834454006297e+26,419.2217550949988,43.681617750082545,19.414470405343053,0.0,0.0,36.057447908097956,0.002641874437705306,0.00027527519249426023,0.00012234716462612762,0.0,0.0,0.00022722878466960327,4062,1394,8044,0.10325925925925926,0.5958518518518519,1,0,0
flow,0.5,0.8,0,registered,during_vibration,flow_dump_0.5_0.8.shear.wave,2191,219100,219.1,0.2191,158683.4518369953,712.3368681455829,0.0044890431856581875,4.4890431856581875e+17,64,0.00040331867790311776,4.033186779031178e+26,551.4575375324255,39.02167566092617,69.91116679482744,0.0,0.0,51.94648815740398,0.0034752050774576057,0.0002459089162051408,0.00044056999003678354,0.0,0.0,0.00032735920195865834,4141,1470,7889,0.10888888888888888,0.5843703703703703,1,0,0
flow,0.5,0.8,0,registered,during_vibration,flow_dump_0.5_0.8.shear.wave,2192,219200,219.20000000000002,0.21919999999999998,158683.45183699526,689.9946026199008,0.004348245482639774,4.348245482639774e+17,72,0.00045373351264100755,4.5373351264100753e+26,539.6788499484134,33.072169427610945,84.57827082901325,0.0,0.0,32.66531241486319,0.003400977503960456,0.00020841599451456186,0.0005329999432826478,0.0,0.0,0.00020585204088210816,4052,1462,7986,0.1082962962962963,0.5915555555555555,1,0,0
flow,0.5,0.8,0,registered,during_vibration,flow_dump_0.5_0.8.shear.wave,2193,219300,219.3,0.2193,158683.45183699526,622.7799638056166,0.003924668619166139,3.924668619166139e+17,57,0.0003592056975074643,3.592056975074643e+26,542.448884746229,0.0,72.63672119047921,0.0,0.0,7.694357868908362,0.0034184338597792164,0.0,0.00045774603684002276,0.0,0.0,4.848872254689956e-05,3895,1412,8193,0.1045925925925926,0.6068888888888889,1,0,0
flow,0.5,0.8,0,registered,during_vibration,flow_dump_0.5_0.8.shear.wave,2194,219400,219.4,0.21939999999999998,158683.45183699526,528.2422022814213,0.0033289054161995965,3.328905416199597e+17,46,0.0002898852997428659,2.8988529974286592e+26,476.342058886671,0.0,33.51655653440646,4.588043526601593,0.0,13.795543333742279,0.003001838272184707,0.0,0.00021121645733315498,2.8913182020483012e-05,0.0,8.693750466125166e-05,3736,1316,8448,0.09748148148148149,0.6257777777777778,1,0,0
flow,0.5,0.8,0,registered,during_vibration,flow_dump_0.5_0.8.shear.wave,2195,219500,219.5,0.2195,158683.45183699526,449.49938758025286,0.002832679667455136,2.832679667455136e+17,39,0.0002457723193472124,2.4577231934721242e+26,406.10651991833964,9.048997978724522,24.9472696854609,0.0,0.0,9.396599997727849,0.002559224135957827,5.702546720511187e-05,0.0001572140597942597,0.0,0.0,5.9216004497938063e-05,3779,1227,8494,0.0908888888888889,0.6291851851851852,1,0,0
flow,0.5,0.8,0,registered,during_vibration,flow_dump_0.5_0.8.shear.wave,2196,219600,219.6,0.2196,158683.45183699526,649.0267167004407,0.004090071832865987,4.090071832865987e+17,61,0.0003844131148764092,3.844131148764092e+26,537.7248900093927,48.530483171602285,36.39116226949709,5.4952431908069315,0.0,20.8849380591417,0.0033886639330341826,0.0003058320361057835,0.00022933180396705297,3.463022216363066e-05,0.0,0.00013161383759533653,4021,1284,8195,0.0951111111111111,0.607037037037037,1,0,0
flow,0.5,0.8,0,registered,during_vibration,flow_dump_0.5_0.8.shear.wave,2197,219700,219.70000000000002,0.21969999999999998,158683.45183699526,720.6797439186316,0.004541618773575313,4.541618773575313e+17,68,0.0004285260952720627,4.2852609527206266e+26,557.0335830679302,60.27068015666618,51.05319318441477,0.0,0.0,52.322287509620395,0.0035103445042280338,0.0003798170474548169,0.0003217297871542286,0.0,0.0,0.000329727434738233,4181,1443,7876,0.1068888888888889,0.5834074074074074,1,0,0
flow,0.5,0.8,0,registered,during_vibration,flow_dump_0.5_0.8.shear.wave,2198,219800,219.8,0.2198,158683.4518369953,726.897503474173,0.004580802188629381,4.580802188629381e+17,72,0.00045373351264100744,4.537335126410075e+26,620.2652432439023,44.82942259766322,40.37994619955501,0.0,0.0,21.42289143305208,0.003908821216474788,0.0002825084914570262,0.00025446853929693045,0.0,0.0,0.00013500394140063425,4168,1489,7843,0.1102962962962963,0.580962962962963,1,0,0
flow,0.5,0.8,0,registered,during_vibration,flow_dump_0.5_0.8.shear.wave,2199,219900,219.9,0.21989999999999998,158683.45183699526,744.8625590933034,0.004694015352391314,4.694015352391314e+17,74,0.00046633722132547996,4.6633722132548e+26,645.4270632455821,5.831979740118948,73.45540020335007,0.0,0.0,20.14811590425239,0.00406738734111094,3.675228684910223e-05,0.00046290523273218064,0.0,0.0,0.00012697049169909148,4012,1477,8011,0.10940740740740741,0.5934074074074074,1,0,0
flow,0.5,0.8,0,registered,during_vibration,flow_dump_0.5_0.8.shear.wave,2200,220000,220.0,0.22,158683.45183699526,545.3255741181061,0.003436562337188645,3.436562337188645e+17,50,0.0003150927171118108,3.150927171118108e+26,457.8920446694801,0.0,57.12274229777742,0.0,0.0,30.31078715084862,0.0028855689699757822,0.0,0.000359979201589689,0.0,0.0,0.00019101416562317307,3803,1331,8366,0.09859259259259259,0.6197037037037038,1,0,0
flow,0.5,0.8,0,registered,after_removal,flow_dump_0.5_0.8.shear.wave,2240,224000,224.0,0.22399999999999998,158683.4518369953,1181.4198887982595,0.007445136056227538,7.445136056227538e+17,101,0.0006364872885658577,6.364872885658577e+26,934.227366689446,15.807379404172938,68.3068396361669,12.664392053698059,0.0,150.4139110147758,0.005887364787407789,9.961580253756254e-05,0.00043045975396561114,7.980915405537892e-05,0.0,0.0009478865582611965,4889,2401,6210,0.17785185185185184,0.46,0,0,0
flow,0.5,0.8,0,registered,after_removal,flow_dump_0.5_0.8.shear.wave,2245,224500,224.5,0.22449999999999998,158683.45183699526,1286.5181712623964,0.008107450123935728,8.107450123935729e+17,103,0.0006490909972503302,6.490909972503302e+26,1036.580616725055,18.065877881660562,121.69271891543504,43.18799342103546,0.0,66.99096431921008,0.006532380060586683,0.00011384853097485183,0.0007668897891157656,0.00027216444387282145,0.0,0.00042216729938560543,4854,2399,6247,0.1777037037037037,0.46274074074074073,0,0,0
flow,0.5,0.8,0,registered,after_removal,flow_dump_0.5_0.8.shear.wave,2250,225000,225.0,0.22499999999999998,158683.45183699526,1430.2096867255511,0.009012973124599713,9.012973124599713e+17,108,0.0006806002689615113,6.806002689615113e+26,1230.0001817651637,0.0,53.87644460791332,45.97365785479529,8.972121360370977,91.3872811373083,0.007751281986408132,0.0,0.0003395215063966275,0.0002897192953807238,5.6541001953924144e-05,0.0005759093344603082,4854,2391,6255,0.1771111111111111,0.4633333333333333,0,0,0
flow,0.5,0.8,0,registered,after_removal,flow_dump_0.5_0.8.shear.wave,2255,225500,225.5,0.22549999999999998,158683.4518369953,1240.4680286090245,0.007817248832494978,7.817248832494979e+17,99,0.0006238835798813853,6.238835798813853e+26,1031.4518966848846,10.043302519058216,90.56552335755629,45.82851432554478,0.0,62.5787917219806,0.0065000596139314195,6.329142959011893e-05,0.0005707307366277114,0.00028880462200066894,0.0,0.00039436243034505917,4878,2378,6244,0.17614814814814814,0.4625185185185185,0,0,0
flow,0.5,0.8,0,registered,after_removal,flow_dump_0.5_0.8.shear.wave,2260,226000,226.0,0.22599999999999998,158683.45183699526,1250.7591707978318,0.007882102111584084,7.882102111584084e+17,108,0.0006806002689615113,6.806002689615113e+26,1050.7114350923719,7.0190365626804585,66.06893428735638,57.862373450521,0.0,69.09739140490237,0.00662143041967411,4.423294604084261e-05,0.00041635680042569604,0.0003646402493812593,0.0,0.00043544169606217937,4894,2400,6206,0.17777777777777778,0.4597037037037037,0,0,0
flow,0.5,0.8,0,registered,after_removal,flow_dump_0.5_0.8.shear.wave,2265,226500,226.5,0.22649999999999998,158683.45183699526,1198.7469268321306,0.007554328526099382,7.554328526099382e+17,104,0.0006553928515925665,6.553928515925665e+26,990.895644830004,10.995461466362418,55.41820617371313,65.86561977197094,0.0,75.57199459007984,0.006244480022074916,6.929179658668699e-05,0.00034923746321475596,0.00041507554196407463,0.0,0.00047624370225894647,4811,2391,6298,0.1771111111111111,0.4665185185185185,0,0,0
flow,0.5,0.8,0,registered,after_removal,flow_dump_0.5_0.8.shear.wave,2270,227000,227.0,0.22699999999999998,158683.45183699526,1266.6449690135412,0.007982212098049642,7.982212098049642e+17,115,0.0007247132493571648,7.247132493571648e+26,1044.339395456734,15.849969633567309,31.35652840540583,77.76814820859296,0.0,97.33092730924126,0.006581274754027365,9.988419995960831e-05,0.00019760427468905998,0.0004900835424759912,0.0,0.0006133653268976196,4757,2414,6329,0.17881481481481482,0.4688148148148148,0,0,0
flow,0.5,0.8,0,registered,after_removal,flow_dump_0.5_0.8.shear.wave,2275,227500,227.5,0.22749999999999998,158683.45183699526,1310.9693543527667,0.00826153791826659,8.261537918266591e+17,123,0.0007751280840950545,7.751280840950545e+26,1134.7555029956275,15.922752070258541,39.20444255092425,66.40150665531776,0.0,54.68515008063863,0.007151063893929437,0.00010034286427430949,0.00024706068652449227,0.0004184526230468412,0.0,0.0003446178504915117,4738,2397,6365,0.17755555555555555,0.4714814814814815,0,0,0
flow,0.5,0.8,0,registered,after_removal,flow_dump_0.5_0.8.shear.wave,2280,228000,228.0,0.22799999999999998,158683.45183699526,1357.2939580322345,0.008553468823116417,8.553468823116417e+17,120,0.0007562225210683459,7.56222521068346e+26,1189.9606291350437,20.22403053344067,23.35970563246566,68.40817333338309,0.0,55.34141939790102,0.0074989585578048145,0.0001274488946346809,0.0001472094623733135,0.00043109834416542797,0.0,0.0003487535641381781,4687,2376,6437,0.176,0.4768148148148148,0,0,0
flow,0.5,0.8,0,registered,after_removal,flow_dump_0.5_0.8.shear.wave,2285,228500,228.5,0.22849999999999998,158683.45183699526,1172.0403237330063,0.007386027403392786,7.386027403392786e+17,102,0.000642789142908094,6.42789142908094e+26,951.8705282960352,30.3557290448412,22.473950244190632,65.41675025620546,7.112678908557877,94.81068698317638,0.00599854942198905,0.00019129738289297855,0.0001416275609335534,0.0004122468316570505,4.4823066464827404e-05,0.0005974831394553288,4660,2382,6458,0.17644444444444443,0.4783703703703704,0,0,0
flow,0.5,0.8,0,registered,after_removal,flow_dump_0.5_0.8.shear.wave,2290,229000,229.0,0.22899999999999998,158683.45183699526,1188.275642877862,0.007488340019843386,7.488340019843386e+17,103,0.0006490909972503302,6.490909972503302e+26,982.6239807744823,21.07527965107282,36.75286431551319,54.78239052394861,0.0,93.04112761284513,0.006192353200029107,0.0001328133425829558,0.00023161119757633529,0.00034523064560142565,0.0,0.000586331634053562,4644,2397,6459,0.17755555555555555,0.47844444444444445,0,0,0
flow,0.5,0.8,0,registered,after_removal,flow_dump_0.5_0.8.shear.wave,2295,229500,229.5,0.22949999999999998,158683.45183699526,1188.7406657676902,0.007491270526360888,7.491270526360888e+17,100,0.0006301854342236216,6.301854342236216e+26,1003.4686320041023,17.388916338974326,42.94811626470653,43.50484583343646,0.0,81.43015532647102,0.006323713155892888,0.00010958241793754764,0.0002706527729736067,0.00027416120162375874,0.0,0.000513160977933091,4600,2363,6537,0.17503703703703705,0.4842222222222222,0,0,0
flow,0.5,0.8,0,registered,after_removal,flow_dump_0.5_0.8.shear.wave,2300,230000,230.0,0.22999999999999998,158683.45183699526,1098.3986423985832,0.006921948254105876,6.921948254105876e+17,101,0.0006364872885658578,6.364872885658577e+26,925.2161712059616,12.870360817946228,43.26148873100412,37.72398584738291,0.0,79.32663579628793,0.0058305775460214555,8.11071392067213e-05,0.00027262760061108144,0.00023773106401878756,0.0,0.0004999049042478279,4589,2329,6582,0.17251851851851852,0.4875555555555556,0,0,0
