region,amplitude_A,frequency_THz,is_baseline,coordinate_treatment,analysis_stage,filename,frame,timestep,time_ps,strain_xy,cell_volume_A3,total_line_length_A,dislocation_density_A-2,dislocation_density_m-2,segment_count,segment_number_density_A-3,segment_number_density_m-3,shockley_length_A,perfect_length_A,stair_rod_length_A,hirth_length_A,frank_length_A,other_length_A,shockley_density_A-2,perfect_density_A-2,stair_rod_density_A-2,hirth_density_A-2,frank_density_A-2,other_density_A-2,fcc_count,hcp_count,other_atom_count,hcp_fraction,other_atom_fraction,coherent_correction_applied,has_PE,has_KE
flow,0.3,1.2,0,registered,before,flow_dump_0.3_1.2.shear.wave,1850,185000,185.0,0.185,158683.45183699526,1441.826292300768,0.00908617928088594,9.086179280885939e+17,126,0.0007940336471217632,7.940336471217631e+26,1167.4654380944578,4.603785611908546,121.82863208346481,44.556678307427724,0.0,103.37175820350976,0.007357197140466265,2.9012386349130486e-05,0.0007677462941038811,0.00028078969666728564,0.0,0.0006514337632993802,5939,3062,4499,0.2268148148148148,0.33325925925925926,0,0,0
flow,0.3,1.2,0,registered,before,flow_dump_0.3_1.2.shear.wave,1855,185500,185.5,0.1855,158683.45183699526,1437.2295380341995,0.009057211205050972,9.057211205050972e+17,125,0.000787731792779527,7.87731792779527e+26,1161.7754451855296,6.342864394528773,133.7958539195755,24.720090279973533,0.0,110.59528425459212,0.0073213396339458425,3.997180752687663e-05,0.0008431619829962794,0.0001557824082713225,0.0,0.0006969553723106499,5928,3069,4503,0.22733333333333333,0.33355555555555555,0,0,0
flow,0.3,1.2,0,registered,before,flow_dump_0.3_1.2.shear.wave,1860,186000,186.0,0.186,158683.45183699526,4975.515810919432,0.03135497591790757,3.135497591790757e+18,135,0.0008507503362018892,8.507503362018892e+26,3685.6746195561204,0.0,448.83295727585386,257.259246710078,0.0,583.7489873773791,0.02322658460531955,0.0,0.0028284799207475616,0.001621210300960323,0.0,0.00367870109088013,5915,3025,4560,0.22407407407407406,0.3377777777777778,0,0,0
flow,0.3,1.2,0,registered,before,flow_dump_0.3_1.2.shear.wave,1865,186500,186.5,0.1865,158683.45183699526,1704.3169668455046,0.0107403572780622,1.07403572780622e+18,122,0.0007688262297528183,7.688262297528184e+26,1352.8907364199413,0.0,161.42633713868145,67.77793029904024,0.0,122.22196298784144,0.008525720361879159,0.0,0.001017285263648687,0.0004271266443627903,0.0,0.0007702250081715626,5911,3021,4568,0.22377777777777777,0.3383703703703704,0,0,0
flow,0.3,1.2,0,registered,before,flow_dump_0.3_1.2.shear.wave,1870,187000,187.0,0.187,158683.45183699526,1550.0191724865495,0.009767995052683748,9.767995052683748e+17,129,0.0008129392101484719,8.129392101484719e+26,1208.4069916005535,6.442923376896207,156.38005819092385,52.4617493373733,0.0,126.32744998080318,0.007615204847206551,4.0602364659388584e-05,0.0009854843487496255,0.00033060630286303386,0.0,0.0007960971892051529,5916,3027,4557,0.2242222222222222,0.33755555555555555,0,0,0
flow,0.3,1.2,0,registered,before,flow_dump_0.3_1.2.shear.wave,1875,187500,187.5,0.1875,158683.45183699526,1536.1960074072153,0.009680883479805098,9.680883479805098e+17,131,0.0008255429188329443,8.255429188329443e+26,1202.2306791004264,7.870538299511893,144.28804290422232,62.24720794551858,0.0,119.55953915753562,0.007576282625458617,4.959898595851547e-05,0.0009092822297087389,0.000392272837683547,0.0,0.0007534468009956768,5888,3011,4601,0.22303703703703703,0.3408148148148148,0,0,0
flow,0.3,1.2,0,registered,before,flow_dump_0.3_1.2.shear.wave,1880,188000,188.0,0.188,158683.45183699526,1497.927042607647,0.009439718037810053,9.439718037810053e+17,126,0.0007940336471217632,7.940336471217631e+26,1221.3909315814399,5.9249625163137605,139.40151732368602,37.20419762059687,0.0,94.00543356561074,0.007697027745754433,3.733825076101869e-05,0.0008784880572605878,0.00023445543432477268,0.0,0.0005924085497092422,5867,2993,4640,0.2217037037037037,0.3437037037037037,0,0,0
flow,0.3,1.2,0,registered,before,flow_dump_0.3_1.2.shear.wave,1885,188500,188.5,0.1885,158683.45183699526,1533.7373097756965,0.009665389125459665,9.665389125459665e+17,128,0.0008066373558062356,8.066373558062357e+26,1190.2230546991996,5.014848463179432,151.90362676925645,28.928189075994343,0.0,157.66759076806719,0.007500612325485804,3.160284456334392e-05,0.0009572745299572682,0.0001823012339415852,0.0,0.0009935981915116668,5835,3005,4660,0.2225925925925926,0.3451851851851852,0,0,0
flow,0.3,1.2,0,registered,before,flow_dump_0.3_1.2.shear.wave,1890,189000,189.0,0.189,158683.4518369953,1488.4590490642256,0.009380052121586177,9.380052121586177e+17,121,0.000762524375410582,7.62524375410582e+26,1203.1402573759274,0.0,167.0499310768173,9.040746322285841,0.0,109.22811428919475,0.007582014655263685,0.0,0.0010527243335267016,5.697346646815312e-05,0.0,0.0006883396663276355,5870,3010,4620,0.22296296296296297,0.3422222222222222,0,0,0
flow,0.3,1.2,0,registered,before,flow_dump_0.3_1.2.shear.wave,1895,189500,189.5,0.1895,158683.45183699526,1497.1161961776575,0.009434608201714337,9.434608201714337e+17,129,0.0008129392101484719,8.129392101484719e+26,1212.6033220505008,10.534191187355,132.72377370722762,30.244553758185795,0.0,111.0103554743877,0.007641649510474009,6.638493847597959e-05,0.0008364058896548693,0.0001905967724300198,0.0,0.000699571090679456,5912,3016,4572,0.22340740740740742,0.33866666666666667,0,0,0
flow,0.3,1.2,0,registered,before,flow_dump_0.3_1.2.shear.wave,1900,190000,190.0,0.19,158683.45183699526,1501.7487813824728,0.009463802078903082,9.463802078903082e+17,126,0.0007940336471217632,7.940336471217631e+26,1205.5387239756446,11.467998671675558,139.27213712580374,44.83362218934846,0.0,100.63629942000073,0.007597129442419823,7.226965722585777e-05,0.0008776727220987639,0.00028253495667212355,0.0,0.0006341953004865156,5911,3054,4535,0.2262222222222222,0.3359259259259259,0,0,0
flow,0.3,1.2,0,registered,during_vibration,flow_dump_0.3_1.2.shear.wave,1910,191000,191.0,0.191,158683.45183699526,1238.4543326731903,0.007804558814017799,7.804558814017798e+17,102,0.000642789142908094,6.42789142908094e+26,997.1231322544204,11.182037007535559,120.39631565536872,22.657401298131123,0.0,87.09544645773508,0.0062837247407416955,7.046756847098402e-05,0.0007587200446020275,0.0001427836427544161,0.0,0.0005488628174486797,5420,2510,5570,0.18592592592592594,0.41259259259259257,1,0,0
flow,0.3,1.2,0,registered,during_vibration,flow_dump_0.3_1.2.shear.wave,1911,191100,191.1,0.1911,158683.45183699526,1224.1341917560999,0.007714315371797999,7.714315371797999e+17,106,0.0006679965602770389,6.679965602770389e+26,998.7332451561706,18.69939107349896,94.25147892170402,29.04959370302381,0.0,83.40048290170262,0.006293871437723081,0.00011784083883370254,0.0005939590917049257,0.00018306630821759843,0.0,0.0005255776953186919,5406,2569,5525,0.1902962962962963,0.40925925925925927,1,0,0
flow,0.3,1.2,0,registered,during_vibration,flow_dump_0.3_1.2.shear.wave,1912,191200,191.20000000000002,0.19119999999999998,158683.45183699526,1108.6372385324719,0.006986470395610626,6.986470395610625e+17,93,0.0005860724538279681,5.860724538279681e+26,927.0461675743056,16.59621888383058,86.39930484601132,38.79622438120617,0.0,39.79932284711809,0.0058421099165815804,0.00010458695403777043,0.000544475834410027,0.0002444881550790747,0.0,0.0002508095355021722,5435,2460,5605,0.18222222222222223,0.4151851851851852,1,0,0
flow,0.3,1.2,0,registered,during_vibration,flow_dump_0.3_1.2.shear.wave,1913,191300,191.3,0.1913,158683.45183699526,1139.72730381752,0.007182395458527613,7.182395458527613e+17,90,0.0005671668908012594,5.671668908012594e+26,887.8420342927556,24.981550125169967,133.71404357390864,35.33614093988763,0.0,57.853534885798595,0.005595051179027637,0.00015743009013209405,0.0008426464261141988,0.00022268321321990177,0.0,0.0003645845500337843,5381,2455,5664,0.18185185185185185,0.41955555555555557,1,0,0
flow,0.3,1.2,0,registered,during_vibration,flow_dump_0.3_1.2.shear.wave,1914,191400,191.4,0.1914,158683.45183699526,1072.5767002115015,0.006759222135609242,6.759222135609242e+17,87,0.0005482613277745507,5.4826132777455075e+26,877.7192828643992,10.305029886061945,105.55586557475618,20.951790368215107,0.0,58.04473151806944,0.005531259073983472,6.494079733435345e-05,0.0006651976898207796,0.0001320351311095593,0.0,0.00036578944336108124,5393,2561,5546,0.1897037037037037,0.4108148148148148,1,0,0
flow,0.3,1.2,0,registered,during_vibration,flow_dump_0.3_1.2.shear.wave,1915,191500,191.5,0.1915,158683.45183699526,1229.706007666419,0.007749428144086585,7.749428144086584e+17,101,0.0006364872885658578,6.364872885658577e+26,957.1490723370944,26.02349719331191,125.76623023354021,20.910501370978388,0.0,99.85670653149378,0.006031814037674884,0.00016399628878784465,0.000792560464103915,0.0001317749338630365,0.0,0.0006292824196569016,5433,2596,5471,0.1922962962962963,0.40525925925925926,1,0,0
flow,0.3,1.2,0,registered,during_vibration,flow_dump_0.3_1.2.shear.wave,1916,191600,191.6,0.1916,158683.4518369953,1189.010115406386,0.007492968558736516,7.492968558736516e+17,108,0.0006806002689615112,6.806002689615112e+26,994.8693324276672,21.183439069132874,104.25828004484893,11.10388881953836,0.0,57.595175045198985,0.006269521622516939,0.00013349494748131127,0.0006570204948147105,6.997508997311597e-05,0.0,0.0003629564039504421,5422,2513,5565,0.18614814814814815,0.4122222222222222,1,0,0
flow,0.3,1.2,0,registered,during_vibration,flow_dump_0.3_1.2.shear.wave,1917,191700,191.70000000000002,0.19169999999999998,158683.45183699526,1176.4074621907052,0.007413548473845583,7.413548473845583e+17,99,0.0006238835798813854,6.238835798813854e+26,950.80625806852,25.336167287981457,95.09799043827324,26.118318067140994,0.0,79.0487283287896,0.005991842546034471,0.0001596648358393891,0.0005992936839813703,0.0001645938361233191,0.0,0.0004981535718670336,5406,2473,5621,0.18318518518518517,0.4163703703703704,1,0,0
flow,0.3,1.2,0,registered,during_vibration,flow_dump_0.3_1.2.shear.wave,1918,191800,191.8,0.1918,158683.45183699526,1155.6284372320677,0.007282602085182558,7.282602085182557e+17,96,0.0006049780168546768,6.049780168546768e+26,928.2928264074114,23.4880415117353,111.12389449870531,15.424684854248788,0.0,77.29898995996676,0.005849966178962275,0.0001480182163913536,0.0007002865970728653,9.720411722637292e-05,0.0,0.0004871269755296902,5423,2496,5581,0.18488888888888888,0.4134074074074074,1,0,0
flow,0.3,1.2,0,registered,during_vibration,flow_dump_0.3_1.2.shear.wave,1919,191900,191.9,0.1919,158683.45183699526,1118.2957785788037,0.007047337108141264,7.047337108141265e+17,93,0.0005860724538279681,5.860724538279681e+26,926.9390655922334,11.942092542637909,108.68256184221723,18.984149576230337,0.0,51.7479090254851,0.005841434975490797,7.525732774520943e-05,0.0006849016742707327,0.00011963534544062897,0.0,0.0003261077851938979,5429,2529,5542,0.18733333333333332,0.4105185185185185,1,0,0
flow,0.3,1.2,0,registered,during_vibration,flow_dump_0.3_1.2.shear.wave,1920,192000,192.0,0.192,158683.4518369953,1129.6327407771314,0.007118780992598562,7.118780992598563e+17,98,0.000617581725539149,6.17581725539149e+26,913.7852652170772,14.655874051445489,113.99572181905592,35.660268523880056,0.0,51.53561116567267,0.005758541641479709,9.235918353036881e-05,0.0007183844345417692,0.00022472581804252294,0.0,0.0003247699150041915,5420,2459,5621,0.18214814814814814,0.4163703703703704,1,0,0
flow,0.3,1.2,0,registered,during_vibration,flow_dump_0.3_1.2.shear.wave,1921,192100,192.1,0.1921,158683.45183699526,1126.657294805918,0.007100030165484782,7.100030165484782e+17,90,0.0005671668908012594,5.671668908012594e+26,925.3752525878429,9.92295563421107,79.85066530886586,39.82938965632171,0.0,71.67903161867659,0.005831580053718632,6.253302105127035e-05,0.000503207261907127,0.0002509990121543092,0.0,0.00045171081665344406,5395,2431,5674,0.18007407407407408,0.4202962962962963,1,0,0
flow,0.3,1.2,0,registered,during_vibration,flow_dump_0.3_1.2.shear.wave,1922,192200,192.20000000000002,0.19219999999999998,158683.45183699526,1174.862935391571,0.007403815090929759,7.403815090929759e+17,94,0.0005923743081702043,5.9237430817020434e+26,978.9623733760087,8.718035719782485,100.38852107162135,24.529810294001678,0.0,62.26419493015661,0.006169278283545472,5.4939791256481686e-05,0.000632633837425869,0.0001545832915154851,0.0,0.0003923798871864496,5401,2485,5614,0.18407407407407408,0.41585185185185186,1,0,0
flow,0.3,1.2,0,registered,during_vibration,flow_dump_0.3_1.2.shear.wave,1923,192300,192.3,0.1923,158683.45183699526,1184.8103351440582,0.007466502155253929,7.466502155253929e+17,100,0.0006301854342236216,6.301854342236216e+26,934.4604995762687,16.56873794749317,111.05908391212087,34.69086701043224,0.0,88.03114669774266,0.005888833956902932,0.00010441377317978379,0.0006998781701963751,0.00021861679090563152,0.0,0.0005547594640692029,5430,2589,5481,0.19177777777777777,0.406,1,0,0
flow,0.3,1.2,0,registered,during_vibration,flow_dump_0.3_1.2.shear.wave,1924,192400,192.4,0.1924,158683.4518369953,1125.9506973416046,0.007095577291186085,7.095577291186085e+17,100,0.0006301854342236215,6.301854342236214e+26,932.4297843642628,12.463999670271686,107.06112300850259,12.272636189282808,0.0,61.723154109284266,0.005876036685426307,7.854631044373238e-05,0.0006746836029158176,7.734036566011718e-05,0.0,0.0003889703267401081,5427,2517,5556,0.18644444444444444,0.41155555555555556,1,0,0
flow,0.3,1.2,0,registered,during_vibration,flow_dump_0.3_1.2.shear.wave,1925,192500,192.5,0.1925,158683.45183699526,1176.9404028669755,0.0074169069883604916,7.416906988360492e+17,109,0.0006869021233037475,6.869021233037475e+26,937.9546932219936,27.96944516945978,109.40916535581684,13.07356939116123,0.0,88.53352972854371,0.005910853856301858,0.00017625936949109788,0.0006894806237779946,8.238773003621588e-05,0.0,0.0005579254087533223,5405,2442,5653,0.18088888888888888,0.41874074074074075,1,0,0
flow,0.3,1.2,0,registered,during_vibration,flow_dump_0.3_1.2.shear.wave,1926,192600,192.6,0.1926,158683.45183699526,1157.3270110768776,0.007293306250142083,7.293306250142083e+17,99,0.0006238835798813854,6.238835798813854e+26,927.754517053477,23.19452695340476,108.6001876115694,26.793107867118554,0.0,70.98467159130857,0.005846573831822717,0.00014616853039742874,0.0006843825638676363,0.00016884626315440438,0.0,0.0004473350608998997,5404,2431,5665,0.18007407407407408,0.41962962962962963,1,0,0
flow,0.3,1.2,0,registered,during_vibration,flow_dump_0.3_1.2.shear.wave,1927,192700,192.70000000000002,0.19269999999999998,158683.45183699526,1055.827231173386,0.006653669421421244,6.653669421421244e+17,84,0.0005293557647478421,5.293557647478421e+26,873.1296055799498,0.0,107.12500576668783,10.018017774659397,0.0,65.55460205208885,0.005502335596259001,0.0,0.0006750861827528814,6.313208881383692e-05,0.0,0.0004131155535955233,5415,2469,5616,0.18288888888888888,0.416,1,0,0
flow,0.3,1.2,0,registered,during_vibration,flow_dump_0.3_1.2.shear.wave,1928,192800,192.8,0.1928,158683.45183699526,1170.4372578190425,0.007375925115501982,7.375925115501983e+17,104,0.0006553928515925665,6.553928515925665e+26,944.9490889790135,22.129338998902405,115.167654060529,35.635791581228865,0.0,52.555384199368994,0.005954931519574553,0.00013945587106105036,0.0007257697808265031,0.0002245715679151919,0.0,0.0003311963761246861,5409,2527,5564,0.18718518518518518,0.41214814814814815,1,0,0
flow,0.3,1.2,0,registered,during_vibration,flow_dump_0.3_1.2.shear.wave,1929,192900,192.9,0.1929,158683.45183699526,1136.1691155513413,0.007159972274351901,7.159972274351901e+17,95,0.0005986761625124405,5.986761625124405e+26,902.3239110727343,23.006475016089688,98.96260578268979,40.99126217845105,0.0,70.88486150137616,0.005686313857097276,0.00014498345447969382,0.0006236479269706545,0.0002583209635530149,0.0,0.00044670607225126015,5384,2425,5691,0.17962962962962964,0.42155555555555557,1,0,0
flow,0.3,1.2,0,registered,during_vibration,flow_dump_0.3_1.2.shear.wave,1930,193000,193.0,0.193,158683.45183699526,1088.5356326206677,0.006859793003109401,6.859793003109402e+17,86,0.0005419594734323146,5.419594734323146e+26,885.8233320571778,9.260324403373787,93.22459793452781,24.80088825709394,0.0,75.4264899684946,0.00558232961157868,5.835721555191709e-05,0.0005874878372969294,0.00015629158535428262,0.0,0.000475326753327594,5376,2473,5651,0.18318518518518517,0.41859259259259257,1,0,0
flow,0.3,1.2,0,registered,during_vibration,flow_dump_0.3_1.2.shear.wave,1931,193100,193.1,0.1931,158683.45183699526,1168.781204035686,0.00736548890577636,7.36548890577636e+17,96,0.0006049780168546768,6.049780168546768e+26,943.2502599086496,8.219560645521655,112.00002628549589,28.17310165034712,11.092767685124489,66.0454878605468,0.005944225746220762,5.179847394525456e-05,0.0007058078519778226,0.00017754278296950232,6.990500620391934e-05,0.00041620904445909614,5406,2564,5530,0.18992592592592591,0.4096296296296296,1,0,0
flow,0.3,1.2,0,registered,during_vibration,flow_dump_0.3_1.2.shear.wave,1932,193200,193.20000000000002,0.19319999999999998,158683.45183699526,1157.6902548055684,0.007295595359211023,7.295595359211023e+17,95,0.0005986761625124405,5.986761625124405e+26,926.4803277678661,26.439482119543204,109.25547969288323,29.04574911729212,0.0,66.46921610798398,0.00583854407654036,0.00016661776520152013,0.0006885121191156969,0.00018304208019831109,0.0,0.0004188793181551363,5418,2560,5522,0.18962962962962962,0.40903703703703703,1,0,0
flow,0.3,1.2,0,registered,during_vibration,flow_dump_0.3_1.2.shear.wave,1933,193300,193.3,0.1933,158683.45183699526,1360.982760924441,0.008576715121640321,8.576715121640321e+17,108,0.0006806002689615113,6.806002689615113e+26,1095.5340091528683,23.699902927306216,77.00647268795475,30.31457777096604,0.0,134.42779838534636,0.006903895752647453,0.00014935333617302149,0.0004852835742888822,0.0001910380535590198,0.0,0.0008471444049719496,5406,2479,5615,0.18362962962962964,0.4159259259259259,1,0,0
flow,0.3,1.2,0,registered,during_vibration,flow_dump_0.3_1.2.shear.wave,1934,193400,193.4,0.1934,158683.45183699526,1221.9924617190622,0.007700818501064195,7.700818501064196e+17,106,0.0006679965602770389,6.679965602770389e+26,968.8058299528254,21.84572896305207,91.24379571715201,16.78985222869386,0.0,123.30725485733865,0.006105273226271974,0.00013766860192512516,0.0005750051102422487,0.0001058072031728988,0.0,0.0007770643594519473,5407,2434,5659,0.1802962962962963,0.41918518518518516,1,0,0
flow,0.3,1.2,0,registered,during_vibration,flow_dump_0.3_1.2.shear.wave,1935,193500,193.5,0.19349999999999998,158683.4518369953,1256.2386474390762,0.007916632975248892,7.916632975248892e+17,101,0.0006364872885658577,6.364872885658577e+26,1000.270909889052,36.36035503385706,118.20038175951768,15.533705852244864,0.0,85.87329490440487,0.006303561576896891,0.00022913766125536253,0.0007448815890451948,9.78911516759894e-05,0.0,0.0005411609963754549,5409,2489,5602,0.18437037037037038,0.414962962962963,1,0,0
flow,0.3,1.2,0,registered,during_vibration,flow_dump_0.3_1.2.shear.wave,1936,193600,193.6,0.1936,158683.45183699526,1270.0342139008171,0.008003570625659423,8.003570625659423e+17,108,0.0006806002689615113,6.806002689615113e+26,1038.6613746933926,27.484911597422524,108.35373762773386,29.35865121548285,0.0,66.17553876678501,0.006545492694224594,0.00017320590949619567,0.0006828294719668583,0.00018501394364448917,0.0,0.00041702860632728515,5413,2533,5554,0.18762962962962962,0.4114074074074074,1,0,0
flow,0.3,1.2,0,registered,during_vibration,flow_dump_0.3_1.2.shear.wave,1937,193700,193.70000000000002,0.19369999999999998,158683.45183699526,1133.2121260133677,0.007141337756992075,7.141337756992076e+17,97,0.000611279871196913,6.112798711969129e+26,930.7040685159425,24.09461183867871,101.2970464562328,32.10580153688804,0.0,45.01059766562603,0.0058651614755141045,0.00015184073424007356,0.0006383592320659144,0.00020232608482621207,0.0,0.00028365023034577266,5425,2431,5644,0.18007407407407408,0.4180740740740741,1,0,0
flow,0.3,1.2,0,registered,during_vibration,flow_dump_0.3_1.2.shear.wave,1938,193800,193.8,0.1938,158683.45183699526,1169.8592644308253,0.007372282685358662,7.372282685358662e+17,99,0.0006238835798813854,6.238835798813854e+26,954.7004145594193,28.495391658021937,100.21074166701622,24.42622677863572,0.0,62.02648976773172,0.006016382953025992,0.00017957380765382718,0.0006315134975129979,0.00015393052328939205,0.0,0.00039088190387645034,5396,2439,5665,0.18066666666666667,0.41962962962962963,1,0,0
flow,0.3,1.2,0,registered,during_vibration,flow_dump_0.3_1.2.shear.wave,1939,193900,193.9,0.1939,158683.4518369953,1204.3963370118456,0.007589930286171491,7.58993028617149e+17,101,0.0006364872885658577,6.364872885658577e+26,997.8518267037563,6.438130299948319,98.91854597230083,33.56178593726435,0.0,67.626048098576,0.006288316867021406,4.057215938661186e-05,0.0006233702684632366,0.00021150148644195164,0.0,0.0004261695048582863,5402,2519,5579,0.1865925925925926,0.41325925925925927,1,0,0
flow,0.3,1.2,0,registered,during_vibration,flow_dump_0.3_1.2.shear.wave,1940,194000,194.0,0.19399999999999998,158683.45183699526,1141.8540008430184,0.007195797593412372,7.195797593412371e+17,98,0.0006175817255391491,6.1758172553914915e+26,950.0480196572917,19.722619207865577,104.23602634262997,8.774878197244805,0.0,59.07245743798642,0.005987064238010221,0.00012428907349535908,0.0006568802552247513,5.5298004269901074e-05,0.0,0.00037226602241213877,5429,2578,5493,0.19096296296296297,0.4068888888888889,1,0,0
flow,0.3,1.2,0,registered,during_vibration,flow_dump_0.3_1.2.shear.wave,1941,194100,194.1,0.1941,158683.45183699526,1210.8325069189618,0.007630490091448023,7.630490091448023e+17,103,0.0006490909972503302,6.490909972503302e+26,961.4122704192511,14.37511088467716,112.25500611324796,14.29767730680077,0.0,108.49244219498541,0.006058680091020736,9.058985494872985e-05,0.0007074146977125247,9.010187981975463e-05,0.0,0.0006837035679462805,5405,2512,5583,0.1860740740740741,0.41355555555555557,1,0,0
flow,0.3,1.2,0,registered,during_vibration,flow_dump_0.3_1.2.shear.wave,1942,194200,194.20000000000002,0.19419999999999998,158683.45183699526,1193.0441843452804,0.00751839067359597,7.518390673595969e+17,111,0.00069950583198822,6.995058319882199e+26,979.1730180102543,19.25965638499542,100.89956151139079,22.673771454328595,0.0,71.03817698431088,0.006170605735348462,0.00012137154921976084,0.0006358543398402882,0.0001428868050943322,0.0,0.0004476722440931243,5417,2479,5604,0.18362962962962964,0.4151111111111111,1,0,0
flow,0.3,1.2,0,registered,during_vibration,flow_dump_0.3_1.2.shear.wave,1943,194300,194.3,0.1943,158683.4518369953,1112.2207549260943,0.007009053193956248,7.009053193956248e+17,91,0.0005734687451434956,5.7346874514349555e+26,927.0954849744595,7.9878594065370345,106.23123598909048,10.375746763599693,0.0,60.53042779240734,0.005842420707653887,5.0338326486257807e-05,0.0006694537757989699,6.538644479613408e-05,0.0,0.0003814539392209978,5404,2466,5630,0.18266666666666667,0.41703703703703704,1,0,0
flow,0.3,1.2,0,registered,during_vibration,flow_dump_0.3_1.2.shear.wave,1944,194400,194.4,0.1944,158683.45183699526,1142.2387357504035,0.0071982221367590865,7.198222136759086e+17,100,0.0006301854342236216,6.301854342236216e+26,908.6298285996904,30.21156556392979,110.14806730029471,21.067193712891633,0.0,72.18208057359682,0.005726052830846308,0.00019038888563480507,0.0006941370762052892,0.00013276238617831765,0.0,0.00045488095789436556,5413,2505,5582,0.18555555555555556,0.4134814814814815,1,0,0
flow,0.3,1.2,0,registered,during_vibration,flow_dump_0.3_1.2.shear.wave,1945,194500,194.5,0.19449999999999998,158683.45183699526,1223.89708364606,0.007712821151025165,7.712821151025165e+17,104,0.0006553928515925665,6.553928515925665e+26,1030.0000580744281,22.600774444706715,98.27593913225377,28.467258868079604,0.0,44.55305312659229,0.00649091033847989,0.00014242678857227632,0.0006193206537579355,0.0001793965189093699,0.0,0.00028076685130569646,5398,2475,5627,0.18333333333333332,0.4168148148148148,1,0,0
flow,0.3,1.2,0,registered,during_vibration,flow_dump_0.3_1.2.shear.wave,1946,194600,194.6,0.1946,158683.45183699526,1210.7889424230145,0.00763021555434007,7.630215554340069e+17,98,0.0006175817255391491,6.1758172553914915e+26,987.2102110999432,38.33874989243223,105.24267722436848,36.57566820541536,0.0,43.42163600085566,0.006221254955520108,0.00024160521748553234,0.000663224022454951,0.0002304945335004879,0.0,0.00027363682537899264,5407,2423,5670,0.1794814814814815,0.42,1,0,0
flow,0.3,1.2,0,registered,during_vibration,flow_dump_0.3_1.2.shear.wave,1947,194700,194.70000000000002,0.19469999999999998,158683.4518369953,1179.2629326438553,0.0074315432327198925,7.431543232719892e+17,98,0.000617581725539149,6.17581725539149e+26,978.0273793353846,15.838398455951943,103.98570037449664,25.869444223070133,0.0,55.54201025495176,0.006163386087290599,9.981128008370811e-05,0.0006553027374354957,0.00016302546940839209,0.0,0.00035001765850169614,5384,2489,5627,0.18437037037037038,0.4168148148148148,1,0,0
flow,0.3,1.2,0,registered,during_vibration,flow_dump_0.3_1.2.shear.wave,1948,194800,194.8,0.1948,158683.45183699526,1190.921108957218,0.0075050113617428135,7.505011361742813e+17,97,0.000611279871196913,6.112798711969129e+26,971.93084317386,15.884879219311685,103.12292700558646,30.87343552256977,0.0,69.10902403589037,0.006124966604408496,0.00010010419508411717,0.0006498656653342634,0.00019455989370765616,0.0,0.00043551500320828274,5400,2571,5529,0.19044444444444444,0.40955555555555556,1,0,0
flow,0.3,1.2,0,registered,during_vibration,flow_dump_0.3_1.2.shear.wave,1949,194900,194.9,0.1949,158683.45183699526,1202.136685298216,0.007575690290208014,7.575690290208014e+17,102,0.000642789142908094,6.42789142908094e+26,980.4228218707179,17.5120277785399,119.78421172773129,13.094608182804686,0.0,71.32301573842207,0.006178481817233468,0.0001103582482975529,0.0007548626548077457,8.25203134366896e-05,0.0,0.0004494672564325571,5396,2518,5586,0.18651851851851853,0.4137777777777778,1,0,0
flow,0.3,1.2,0,registered,during_vibration,flow_dump_0.3_1.2.shear.wave,1950,195000,195.0,0.19499999999999998,158683.45183699526,1377.4915973441518,0.008680751404117145,8.680751404117144e+17,111,0.00069950583198822,6.995058319882199e+26,1117.296406651205,21.474038434056368,120.77077094138808,14.917476748564933,0.0,103.03290456893784,0.007041039211819817,0.00013532626235100552,0.0007610798072722019,9.400776562315172e-05,0.0,0.0006492983570509706,5396,2463,5641,0.18244444444444444,0.41785185185185186,1,0,0
flow,0.3,1.2,0,registered,during_vibration,flow_dump_0.3_1.2.shear.wave,1951,195100,195.1,0.1951,158683.45183699526,1261.2276083353654,0.00794807268013642,7.94807268013642e+17,107,0.0006742984146192752,6.742984146192752e+26,1003.6854991655355,42.63829122532349,126.99788596586245,11.210948678191482,0.0,76.6949833004529,0.006325079821155853,0.0002687003007038372,0.00080032217912879,7.064976560824836e-05,0.0,0.0004833206135396932,5416,2451,5633,0.18155555555555555,0.4172592592592593,1,0,0
flow,0.3,1.2,0,registered,during_vibration,flow_dump_0.3_1.2.shear.wave,1952,195200,195.20000000000002,0.19519999999999998,158683.45183699526,1235.7208104851672,0.007787332555347607,7.787332555347607e+17,99,0.0006238835798813854,6.238835798813854e+26,1008.3610599032559,31.774268621740156,107.53508032758036,15.113683441656612,0.0,72.93671819093463,0.006354544523893246,0.00020023681268529315,0.0006776704129050825,9.524423162398732e-05,0.0,0.0004596365742400006,5419,2471,5610,0.18303703703703703,0.41555555555555557,1,0,0
flow,0.3,1.2,0,registered,during_vibration,flow_dump_0.3_1.2.shear.wave,1953,195300,195.3,0.1953,158683.45183699526,1232.9465079216832,0.007769849304691238,7.769849304691238e+17,111,0.00069950583198822,6.995058319882199e+26,972.787295365445,36.489674226212806,113.2695464827716,29.088262970071845,0.0,81.31172887718266,0.006130363841370954,0.00022995261196924412,0.0007138081833455811,0.0001833099963060562,0.0,0.0005124146716994075,5423,2516,5561,0.18637037037037038,0.4119259259259259,1,0,0
flow,0.3,1.2,0,registered,during_vibration,flow_dump_0.3_1.2.shear.wave,1954,195400,195.4,0.1954,158683.4518369953,1186.6866327343923,0.007478326309370903,7.478326309370903e+17,102,0.0006427891429080939,6.427891429080939e+26,956.7958898936407,37.39005007873123,110.63309906957065,35.09658416300796,0.0,46.771009529441585,0.0060295883333600035,0.00023562664944508192,0.0006971936757666231,0.0002211735613053105,0.0,0.00029474408949388284,5423,2424,5653,0.17955555555555555,0.41874074074074075,1,0,0
flow,0.3,1.2,0,registered,during_vibration,flow_dump_0.3_1.2.shear.wave,1955,195500,195.5,0.19549999999999998,158683.45183699526,1176.7163464412874,0.007415495017401363,7.415495017401363e+17,95,0.0005986761625124405,5.986761625124405e+26,967.6110849280865,13.333773641407554,109.55924261965956,28.7248103505891,0.0,57.487434901544354,0.006097744117149958,8.4027499320499e-05,0.0006904263888348127,0.0001810195708377717,0.0,0.0003622774412583191,5405,2470,5625,0.18296296296296297,0.4166666666666667,1,0,0
flow,0.3,1.2,0,registered,during_vibration,flow_dump_0.3_1.2.shear.wave,1956,195600,195.6,0.1956,158683.45183699526,1199.732041504122,0.007560536575272671,7.560536575272671e+17,103,0.0006490909972503302,6.490909972503302e+26,992.8417889922355,11.753975431206218,102.75840310730464,27.32000348218957,0.0,65.05787049118643,0.006256744339114292,7.40718411096847e-05,0.0006475684888230273,0.00017216668257414487,0.0,0.0004099852236515246,5400,2545,5555,0.18851851851851853,0.4114814814814815,1,0,0
flow,0.3,1.2,0,registered,during_vibration,flow_dump_0.3_1.2.shear.wave,1957,195700,195.70000000000002,0.19569999999999999,158683.45183699526,1137.7620162617238,0.007170010502610376,7.170010502610376e+17,95,0.0005986761625124405,5.986761625124405e+26,961.1826999765561,7.52748501676039,96.83784601430598,21.962432710763814,0.0,50.251552543337404,0.0060572333715295905,4.743711413898952e-05,0.0006102580003980562,0.00013840405194439763,0.0,0.0003166779645993422,5393,2552,5555,0.18903703703703703,0.4114814814814815,1,0,0
flow,0.3,1.2,0,registered,during_vibration,flow_dump_0.3_1.2.shear.wave,1958,195800,195.8,0.1958,158683.4518369953,1264.8223528935314,0.007970726236739526,7.970726236739526e+17,109,0.0006869021233037474,6.869021233037473e+26,1039.7371671331762,20.834851762505558,107.82997354415977,9.243346914933007,0.0,87.177013538757,0.006552272181482587,0.0001312982010493935,0.0006795287870024795,5.825022589266629e-05,0.0,0.000549376841312401,5394,2472,5634,0.1831111111111111,0.41733333333333333,1,0,0
flow,0.3,1.2,0,registered,during_vibration,flow_dump_0.3_1.2.shear.wave,1959,195900,195.9,0.1959,158683.45183699526,1133.208140381849,0.007141312640122782,7.141312640122783e+17,105,0.0006616947059348027,6.616947059348027e+26,914.5636992562025,18.829787018530585,112.4489124892614,12.960648376739641,0.0,74.40509324111514,0.005763447219409317,0.00011866257508611009,0.0007086366674501922,8.167611825115347e-05,0.0,0.000468890059926012,5389,2438,5673,0.18059259259259258,0.4202222222222222,1,0,0
flow,0.3,1.2,0,registered,during_vibration,flow_dump_0.3_1.2.shear.wave,1960,196000,196.0,0.19599999999999998,158683.45183699526,1170.1350144459175,0.0073740204217886424,7.374020421788643e+17,98,0.0006175817255391491,6.1758172553914915e+26,913.4327855198933,20.115140449394524,115.00599062023753,10.317187222086407,9.747935587061344,101.5159750472442,0.005756320365769461,0.00012676268518570824,0.0007247510013733214,6.501741109516922e-05,6.143007020716147e-05,0.0006397388881578191,5406,2460,5634,0.18222222222222223,0.41733333333333333,1,0,0
flow,0.3,1.2,0,registered,during_vibration,flow_dump_0.3_1.2.shear.wave,1961,196100,196.1,0.1961,158683.45183699526,1152.5666305846564,0.007263307025666482,7.263307025666482e+17,109,0.0006869021233037475,6.869021233037475e+26,952.5282485544873,14.28785568530332,105.75606445703352,32.07836837352315,0.0,47.916093514309416,0.006002694279255753,9.003998539167313e-05,0.0006664593140163698,0.00020215320502653975,0.0,0.0003019602419761474,5417,2514,5569,0.18622222222222223,0.4125185185185185,1,0,0
flow,0.3,1.2,0,registered,during_vibration,flow_dump_0.3_1.2.shear.wave,1962,196200,196.20000000000002,0.19619999999999999,158683.4518369953,1236.7049749543849,0.007793534616481419,7.79353461648142e+17,103,0.0006490909972503301,6.490909972503302e+26,1003.0497976753829,23.37699649999388,126.23399271768258,33.64067329190427,0.0,50.40351476942071,0.006321073722959768,0.00014731842690192723,0.0007955082351457427,0.0002119986230603368,0.0,0.00031763560841364106,5427,2430,5643,0.18,0.418,1,0,0
flow,0.3,1.2,0,registered,during_vibration,flow_dump_0.3_1.2.shear.wave,1963,196300,196.3,0.1963,158683.45183699526,1189.9838697471712,0.007499105016757266,7.499105016757266e+17,97,0.000611279871196913,6.112798711969129e+26,969.3412325752412,22.284742301464828,111.76912308286846,23.837570309669296,0.0,62.75120147792763,0.006108647255612889,0.00014043520003810122,0.0007043527336277087,0.00015022089596435054,0.0,0.0003954489315142179,5388,2434,5678,0.1802962962962963,0.4205925925925926,1,0,0
flow,0.3,1.2,0,registered,during_vibration,flow_dump_0.3_1.2.shear.wave,1964,196400,196.4,0.1964,158683.45183699526,1204.8506237951317,0.007592793135309364,7.592793135309364e+17,106,0.0006679965602770389,6.679965602770389e+26,1001.9958135038149,10.006818790670984,110.50164409967313,31.538524632504014,0.0,50.8078227684689,0.006314431668231525,6.30615144479609e-05,0.000696365265693766,0.0001987511884030693,0.0,0.0003201834985330438,5399,2520,5581,0.18666666666666668,0.4134074074074074,1,0,0
flow,0.3,1.2,0,registered,during_vibration,flow_dump_0.3_1.2.shear.wave,1965,196500,196.5,0.19649999999999998,158683.45183699526,1180.5206919180162,0.007439469448463252,7.439469448463252e+17,100,0.0006301854342236216,6.301854342236216e+26,943.4570332596413,21.989507983048977,113.18749714704096,21.10256595984692,0.0,80.78408756843822,0.005945528801760569,0.00013857467636661512,0.0007132911203829293,0.00013298529692638746,0.0,0.0005090895530267531,5388,2568,5544,0.1902222222222222,0.4106666666666667,1,0,0
flow,0.3,1.2,0,registered,during_vibration,flow_dump_0.3_1.2.shear.wave,1966,196600,196.6,0.1966,158683.4518369953,1235.761066398121,0.007787586242247455,7.787586242247455e+17,109,0.0006869021233037474,6.869021233037473e+26,1016.2057183399273,21.36152782683653,114.75852962139882,14.755742633182637,0.0,68.67954797677636,0.0064039804187257425,0.0001346172368923495,0.0007231915382032555,9.298854078584204e-05,0.0,0.00043280850764026855,5406,2510,5584,0.18592592592592594,0.4136296296296296,1,0,0
flow,0.3,1.2,0,registered,during_vibration,flow_dump_0.3_1.2.shear.wave,1967,196700,196.70000000000002,0.19669999999999999,158683.45183699526,1164.0086685715326,0.007335413082438109,7.33541308243811e+17,108,0.0006806002689615113,6.806002689615113e+26,945.4219641564396,13.91821851611927,107.4530762162915,25.456380792560772,0.0,71.75902889012137,0.005957911510064751,8.771058579199872e-05,0.0006771536349402757,0.0001604224038352177,0.0,0.0004522149478058654,5391,2464,5645,0.18251851851851852,0.41814814814814816,1,0,0
flow,0.3,1.2,0,registered,during_vibration,flow_dump_0.3_1.2.shear.wave,1968,196800,196.8,0.1968,158683.45183699526,1315.0817904381545,0.008287453891468462,8.287453891468462e+17,114,0.0007184113950149286,7.184113950149286e+26,1061.2305580892628,38.40792562225822,121.25278300280455,9.190930617463591,0.0,84.99959310636612,0.006687720400608584,0.00024204115285891356,0.0007641173770744495,5.791990602085472e-05,0.0,0.0005356550549056649,5412,2455,5633,0.18185185185185185,0.4172592592592593,1,0,0
flow,0.3,1.2,0,registered,during_vibration,flow_dump_0.3_1.2.shear.wave,1969,196900,196.9,0.1969,158683.45183699526,1245.4722764936082,0.00784878487375607,7.84878487375607e+17,109,0.0006869021233037475,6.869021233037475e+26,959.394664168612,33.29401390073466,116.4284422543589,18.58744321541919,0.0,117.76771295448391,0.006045965430309224,0.00020981402607081766,0.0007337150843804302,0.0001171353597381585,0.0,0.0007421549732574427,5435,2481,5584,0.1837777777777778,0.4136296296296296,1,0,0
flow,0.3,1.2,0,registered,during_vibration,flow_dump_0.3_1.2.shear.wave,1970,197000,197.0,0.19699999999999998,158683.45183699526,1216.2880016457189,0.007664869824580883,7.664869824580883e+17,108,0.0006806002689615113,6.806002689615113e+26,975.2099593644083,27.09906673411433,107.02225925669559,32.3358449906094,0.0,74.62087129989136,0.0061456311170126005,0.0001707743713689274,0.0006744386892127372,0.00020377578516394905,0.0,0.0004702498618226702,5432,2473,5595,0.18318518518518517,0.41444444444444445,1,0,0
flow,0.3,1.2,0,registered,during_vibration,flow_dump_0.3_1.2.shear.wave,1971,197100,197.1,0.1971,158683.45183699526,1142.596139767938,0.007200474444818918,7.200474444818918e+17,99,0.0006238835798813854,6.238835798813854e+26,921.3399358934865,22.40687142399749,117.42523515226969,33.641543361917755,0.0,47.78255393626639,0.005806150075686005,0.00014120483997924718,0.0007399967280324395,0.00021200410611482934,0.0,0.0003011186950063965,5388,2415,5697,0.17888888888888888,0.422,1,0,0
flow,0.3,1.2,0,registered,during_vibration,flow_dump_0.3_1.2.shear.wave,1972,197200,197.20000000000002,0.1972,158683.45183699526,1134.5143696252032,0.00714954430655197,7.14954430655197e+17,102,0.000642789142908094,6.42789142908094e+26,945.8984676167846,14.237451035512713,104.79689495918761,29.093709916738703,0.0,40.48784609697899,0.005960914365465417,8.97223426305213e-05,0.0006604147675514291,0.00018334432217056065,0.0,0.0002551485087340387,5402,2481,5617,0.1837777777777778,0.4160740740740741,1,0,0
flow,0.3,1.2,0,registered,during_vibration,flow_dump_0.3_1.2.shear.wave,1973,197300,197.3,0.1973,158683.45183699526,1194.0093145562928,0.007524472783607062,7.524472783607062e+17,100,0.0006301854342236216,6.301854342236216e+26,996.7614687628617,17.38200531861904,100.19499915849815,27.61230807277281,3.276630156499362,48.78190308704211,0.006281445590096988,0.0001095388656939124,0.0006314142905173355,0.00017400874352756744,2.0648845979637637e-05,0.0003074164477916226,5400,2537,5563,0.1879259259259259,0.4120740740740741,1,0,0
flow,0.3,1.2,0,registered,during_vibration,flow_dump_0.3_1.2.shear.wave,1974,197400,197.4,0.1974,158683.45183699526,1293.2395285906418,0.008149807138800454,8.149807138800454e+17,110,0.0006932039776459838,6.932039776459838e+26,1018.26568773322,35.71970165904858,122.02133599120845,10.974770925299069,0.0,106.25803228186587,0.006416962045791739,0.00022510035700345747,0.0007689606860616612,6.91614078106437e-05,0.0,0.0006696226421329524,5405,2510,5585,0.18592592592592594,0.4137037037037037,1,0,0
flow,0.3,1.2,0,registered,during_vibration,flow_dump_0.3_1.2.shear.wave,1975,197500,197.5,0.19749999999999998,158683.45183699526,1170.7733241047524,0.0073780429562838624,7.378042956283863e+17,110,0.0006932039776459838,6.932039776459838e+26,952.361591026776,32.662731178411995,109.33138013371016,6.8262535229632695,0.0,69.59136824289054,0.006001644027791079,0.00020583577430596987,0.0006889904326382998,4.301805540489135e-05,0.0,0.00043855466614361923,5400,2458,5642,0.18207407407407408,0.4179259259259259,1,0,0
flow,0.3,1.2,0,registered,during_vibration,flow_dump_0.3_1.2.shear.wave,1976,197600,197.6,0.1976,158683.45183699526,1297.8278001061522,0.00817872175757383,8.17872175757383e+17,111,0.00069950583198822,6.995058319882199e+26,1035.8546010328491,44.35698560127999,111.27928462286019,11.03435432515606,0.0,95.30257452400662,0.006527804815444223,0.0002795312623199356,0.0007012658430015112,6.95368937177577e-05,0.0,0.0006005829430904017,5415,2426,5659,0.1797037037037037,0.41918518518518516,1,0,0
flow,0.3,1.2,0,registered,during_vibration,flow_dump_0.3_1.2.shear.wave,1977,197700,197.70000000000002,0.1977,158683.4518369953,1343.0595128131606,0.008463765422703272,8.463765422703272e+17,114,0.0007184113950149285,7.184113950149285e+26,1065.919016145177,38.028373382764705,114.18306680996248,18.43745875104793,0.0,106.49159772420853,0.006717266380366638,0.00023964926993035585,0.0007195650553862099,0.0001161901794900925,0.0,0.0006710945375299757,5423,2454,5623,0.1817777777777778,0.4165185185185185,1,0,0
flow,0.3,1.2,0,registered,during_vibration,flow_dump_0.3_1.2.shear.wave,1978,197800,197.8,0.1978,158683.45183699526,1263.8168748491148,0.007964389860559298,7.964389860559299e+17,111,0.00069950583198822,6.995058319882199e+26,1034.7743309483064,32.02696335043348,109.71612597857892,20.537169319958867,0.0,66.76228525183751,0.00652099711072116,0.0002018292580585694,0.0006914150449114433,0.00012942224965622318,0.0,0.00042072619721190513,5434,2520,5546,0.18666666666666668,0.4108148148148148,1,0,0
flow,0.3,1.2,0,registered,during_vibration,flow_dump_0.3_1.2.shear.wave,1979,197900,197.9,0.1979,158683.45183699526,1183.8394819972095,0.007460383980134788,7.460383980134788e+17,102,0.000642789142908094,6.42789142908094e+26,901.7234229802939,34.25537450021101,133.54308994182742,41.61277013561416,0.0,72.70482443926306,0.005682529668604469,0.00021587238053908251,0.0008415691012255466,0.00026223761617159765,0.0,0.0004581752135940917,5410,2422,5668,0.1794074074074074,0.41985185185185186,1,0,0
flow,0.3,1.2,0,registered,during_vibration,flow_dump_0.3_1.2.shear.wave,1980,198000,198.0,0.19799999999999998,158683.45183699526,1138.2274551970277,0.007172943630985867,7.172943630985868e+17,100,0.0006301854342236216,6.301854342236216e+26,915.6650735862305,15.557443772040662,113.54189602907839,24.954921698411688,0.0,68.50812011126663,0.005770387920013431,9.804074458893022e-05,0.0007155244905165806,0.00015726228166530046,0.0,0.0004317281942016259,5391,2456,5653,0.18192592592592594,0.41874074074074075,1,0,0
flow,0.3,1.2,0,registered,during_vibration,flow_dump_0.3_1.2.shear.wave,1981,198100,198.1,0.1981,158683.4518369953,1171.0749830075035,0.007379943966750038,7.379943966750038e+17,104,0.0006553928515925663,6.553928515925663e+26,928.8075068262934,29.034514723493267,111.72545020297503,29.440511650021357,0.0,72.0669996047202,0.00585320961999487,0.00018297128268496735,0.0007040775134999141,0.00018552981617934295,0.0,0.00045415573439094154,5400,2539,5561,0.1880740740740741,0.4119259259259259,1,0,0
flow,0.3,1.2,0,registered,during_vibration,flow_dump_0.3_1.2.shear.wave,1982,198200,198.20000000000002,0.1982,158683.45183699526,1168.9021481092914,0.007366251077711779,7.366251077711779e+17,98,0.0006175817255391491,6.1758172553914915e+26,931.4144986834999,27.737158840690803,104.42424233730901,24.047743131857917,0.0,81.27850511593434,0.005869638502950382,0.000174795534881503,0.0006580663650080977,0.00015154537447647996,0.0,0.0005122053003953192,5426,2540,5534,0.18814814814814815,0.4099259259259259,1,0,0
flow,0.3,1.2,0,registered,during_vibration,flow_dump_0.3_1.2.shear.wave,1983,198300,198.3,0.1983,158683.45183699526,1313.0663280131334,0.00827475274083373,8.274752740833729e+17,116,0.0007310151036994011,7.310151036994011e+26,1053.2720192382687,31.878058691819845,119.73782259910956,19.264120419547087,0.0,88.91430706438858,0.006637566847992591,0.00020089088258910584,0.0007545703172761084,0.00012139968091528417,0.0,0.0005603250120606414,5425,2475,5600,0.18333333333333332,0.4148148148148148,1,0,0
flow,0.3,1.2,0,registered,during_vibration,flow_dump_0.3_1.2.shear.wave,1984,198400,198.4,0.1984,158683.45183699526,1308.9496349239455,0.008248809940613975,8.248809940613975e+17,109,0.0006869021233037475,6.869021233037475e+26,1042.6428462989325,51.357970288115006,129.58668051246212,8.427483103689429,0.0,76.9346547207461,0.006570583348350455,0.0003236504480685961,0.0008166363852834367,5.310877099110757e-05,0.0,0.0004848309879203778,5415,2436,5649,0.18044444444444444,0.41844444444444445,1,0,0
flow,0.3,1.2,0,registered,during_vibration,flow_dump_0.3_1.2.shear.wave,1985,198500,198.5,0.19849999999999998,158683.4518369953,1130.8377354707507,0.007126374693640918,7.126374693640918e+17,93,0.000586072453827968,5.8607245382796806e+26,896.9531906652959,28.159720404055026,99.40059102227441,15.250161289693281,0.0,91.07407208943188,0.005652468359376723,0.0001774584563044519,0.0006264080461545661,9.610429514325624e-05,0.0,0.0005739355366619203,5417,2436,5647,0.18044444444444444,0.4182962962962963,1,0,0
flow,0.3,1.2,0,registered,during_vibration,flow_dump_0.3_1.2.shear.wave,1986,198600,198.6,0.1986,158683.45183699526,1251.2582069031178,0.007885246964431113,7.885246964431113e+17,112,0.0007058076863304561,7.058076863304562e+26,1027.622321334892,20.516044127184937,109.34015430696648,24.89945828780534,0.0,68.88022884626876,0.006475926187883149,0.0001292891217684102,0.0006890457262001346,0.00015691275933033563,0.0,0.00043407316924908305,5437,2509,5554,0.18585185185185185,0.4114074074074074,1,0,0
flow,0.3,1.2,0,registered,during_vibration,flow_dump_0.3_1.2.shear.wave,1987,198700,198.70000000000002,0.1987,158683.45183699526,1159.2601135012792,0.007305488380049285,7.305488380049285e+17,104,0.0006553928515925665,6.553928515925665e+26,905.9238093289764,39.42285604428057,138.33281080021308,35.5794844261161,0.0,40.00115290169249,0.005708999891554984,0.00024843709654600275,0.0008717532244150637,0.0002242167284252456,0.0,0.0002520814391079856,5423,2431,5646,0.18007407407407408,0.4182222222222222,1,0,0
flow,0.3,1.2,0,registered,during_vibration,flow_dump_0.3_1.2.shear.wave,1988,198800,198.8,0.1988,158683.45183699526,1143.3833674489324,0.0072054354389987215,7.205435438998721e+17,96,0.0006049780168546768,6.049780168546768e+26,925.5877041964313,23.843270432092616,107.79179414421047,28.896619222536916,0.0,57.26397945366032,0.005832918892810731,0.00015025681730559522,0.0006792881859851251,0.00018210228532349079,0.0,0.00036086925757377474,5397,2420,5683,0.17925925925925926,0.420962962962963,1,0,0
flow,0.3,1.2,0,registered,during_vibration,flow_dump_0.3_1.2.shear.wave,1989,198900,198.9,0.1989,158683.4518369953,1115.8314125479455,0.0070318070323688395,7.03180703236884e+17,100,0.0006301854342236215,6.301854342236214e+26,911.6271257110511,5.49833538488832,97.75584830542951,29.931832410092372,0.0,71.01827073648467,0.005744941360662508,3.464970872032949e-05,0.0006160431171225557,0.00018862604804462728,0.0,0.000447546797818823,5406,2499,5595,0.18511111111111112,0.41444444444444445,1,0,0
flow,0.3,1.2,0,registered,during_vibration,flow_dump_0.3_1.2.shear.wave,1990,199000,199.0,0.19899999999999998,158683.45183699526,1199.8053233831524,0.007560998387000246,7.560998387000246e+17,103,0.0006490909972503302,6.490909972503302e+26,959.4379554326802,26.218027966922005,117.24069076415213,13.559354557205584,0.0,83.34929466219263,0.006046238245549672,0.00016522219338821798,0.0007388337561788455,8.544907739424644e-05,0.0,0.0005252551144892645,5411,2544,5545,0.18844444444444444,0.41074074074074074,1,0,0
flow,0.3,1.2,0,registered,during_vibration,flow_dump_0.3_1.2.shear.wave,1991,199100,199.1,0.1991,158683.45183699526,1204.2335170287051,0.007588904218353736,7.588904218353736e+17,110,0.0006932039776459838,6.932039776459838e+26,978.8216437765683,16.674997261050954,106.76160675995753,12.20799972415131,0.0,89.76726950697699,0.006168391426108157,0.00010508340389633097,0.0006727960951443537,7.693303607166146e-05,0.0,0.0005657002571332316,5430,2513,5557,0.18614814814814815,0.4116296296296296,1,0,0
flow,0.3,1.2,0,registered,during_vibration,flow_dump_0.3_1.2.shear.wave,1992,199200,199.20000000000002,0.1992,158683.45183699526,1226.4463935069252,0.007728886530441564,7.728886530441564e+17,111,0.00069950583198822,6.995058319882199e+26,976.7600867328638,53.6041753545362,104.81536710033971,18.50953873454936,0.0,72.75722558463613,0.006155399793900521,0.0003378057052199755,0.0006605311762943588,0.0001166444170471093,0.0,0.0004585054379795991,5410,2470,5620,0.18296296296296297,0.4162962962962963,1,0,0
flow,0.3,1.2,0,registered,during_vibration,flow_dump_0.3_1.2.shear.wave,1993,199300,199.3,0.19929999999999998,158683.45183699526,1184.8459110945432,0.007466726349711973,7.466726349711973e+17,102,0.000642789142908094,6.42789142908094e+26,922.4920987044432,40.13040835499267,110.30581976004106,15.999439465319117,0.0,95.91814480974692,0.005813410837899195,0.0002528959881476231,0.0006951312092287401,0.00010082613706786675,0.0,0.0006044621773685458,5409,2446,5645,0.18118518518518517,0.41814814814814816,1,0,0
flow,0.3,1.2,0,registered,during_vibration,flow_dump_0.3_1.2.shear.wave,1994,199400,199.4,0.1994,158683.45183699526,1369.6276676624634,0.008631194064705555,8.631194064705555e+17,108,0.0006806002689615113,6.806002689615113e+26,1059.6405709940552,33.51585111019218,164.1181322206941,18.451990084604496,0.0,93.90112325291722,0.00667770053352855,0.0002112120118525071,0.0010342485641746785,0.00011628175383756444,0.0,0.0005917512013122545,5406,2464,5630,0.18251851851851852,0.41703703703703704,1,0,0
flow,0.3,1.2,0,registered,during_vibration,flow_dump_0.3_1.2.shear.wave,1995,199500,199.5,0.19949999999999998,158683.45183699526,1164.3782210486913,0.007337741948320976,7.337741948320975e+17,105,0.0006616947059348027,6.616947059348027e+26,910.0282235810199,26.798527019318716,111.64283432510423,32.98114709310479,0.0,82.92748903014353,0.00573486531233156,0.0001688804138622282,0.0007035568802712165,0.00020784238502061377,0.0,0.0005225969568353562,5417,2466,5617,0.18266666666666667,0.4160740740740741,1,0,0
flow,0.3,1.2,0,registered,during_vibration,flow_dump_0.3_1.2.shear.wave,1996,199600,199.6,0.1996,158683.4518369953,1183.441524330241,0.007457876108883175,7.457876108883174e+17,100,0.0006301854342236215,6.301854342236214e+26,947.4136497787342,40.83179020013937,109.41680705004127,46.86623240137617,0.0,38.9130448999498,0.005970462822751977,0.0002573159943740264,0.0006895287806219246,0.000295344170162864,0.0,0.00024522434097238146,5403,2393,5704,0.17725925925925926,0.4225185185185185,1,0,0
flow,0.3,1.2,0,registered,during_vibration,flow_dump_0.3_1.2.shear.wave,1997,199700,199.70000000000002,0.1997,158683.45183699526,1171.8578906015825,0.007384877736371355,7.384877736371355e+17,100,0.0006301854342236216,6.301854342236216e+26,977.2781505846872,21.1009114838445,102.44084387817594,25.491433368243783,0.0,45.546551286631114,0.00615866455683469,0.00013297487065960748,0.0006455672768160253,0.00016064330006149225,0.0,0.0002870277319995408,5401,2452,5647,0.18162962962962964,0.4182962962962963,1,0,0
flow,0.3,1.2,0,registered,during_vibration,flow_dump_0.3_1.2.shear.wave,1998,199800,199.8,0.19979999999999998,158683.45183699526,1132.778735188981,0.007138606591143529,7.138606591143529e+17,99,0.0006238835798813854,6.238835798813854e+26,904.8356507732719,9.149676624824826,116.75205075230207,28.074871503816794,0.0,73.96648553476513,0.005702142474835676,5.765992936820954e-05,0.0007357544179983778,0.00017692375089405166,0.0,0.00046612601804721187,5409,2533,5558,0.18762962962962962,0.4117037037037037,1,0,0
flow,0.3,1.2,0,registered,during_vibration,flow_dump_0.3_1.2.shear.wave,1999,199900,199.9,0.1999,158683.45183699526,1214.7181082487136,0.0076549765850601175,7.654976585060118e+17,102,0.000642789142908094,6.42789142908094e+26,974.3285620100884,22.70963833908486,124.58836202031031,21.599564904443223,0.0,71.4919809747868,0.006140076679268043,0.00014311283297777598,0.0007851377101897902,0.00013611731188347851,0.0,0.0004505320507410291,5414,2509,5577,0.18585185185185185,0.4131111111111111,1,0,0
flow,0.3,1.2,0,registered,during_vibration,flow_dump_0.3_1.2.shear.wave,2000,200000,200.0,0.19999999999999998,158683.4518369953,1392.0406601875645,0.008772437478972371,8.772437478972371e+17,109,0.0006869021233037474,6.869021233037473e+26,1116.9310275888015,25.644308160853868,132.53602349696445,14.026281117940721,0.0,102.90301982300392,0.007038736646188846,0.00016160669473712055,0.0008352227151770664,8.839158056852056e-05,0.0,0.0006484798423008165,5405,2457,5638,0.182,0.41762962962962963,1,0,0
flow,0.3,1.2,0,registered,during_vibration,flow_dump_0.3_1.2.shear.wave,2001,200100,200.1,0.2001,158683.45183699526,1192.585388316971,0.007515499407852767,7.515499407852767e+17,99,0.0006238835798813854,6.238835798813854e+26,950.033523509438,33.62149291888885,111.19123484869903,12.33442472203209,0.0,85.40471231791295,0.005986972885397924,0.00021187775114336386,0.0007007109661498808,7.772974799352366e-05,0.0,0.0005382080571680746,5387,2425,5688,0.17962962962962964,0.42133333333333334,1,0,0
flow,0.3,1.2,0,registered,during_vibration,flow_dump_0.3_1.2.shear.wave,2002,200200,200.20000000000002,0.2002,158683.45183699526,1377.5320347588092,0.008681006234814293,8.681006234814292e+17,109,0.0006869021233037475,6.869021233037475e+26,1068.2773027105027,33.803279474787075,139.6990482336288,26.34010893002177,0.0,109.41229540986895,0.006732127958798574,0.00021302334354001128,0.0008803630537173601,0.00016599152983563263,0.0,0.0006895003489227142,5392,2463,5645,0.18244444444444444,0.41814814814814816,1,0,0
flow,0.3,1.2,0,registered,during_vibration,flow_dump_0.3_1.2.shear.wave,2003,200300,200.3,0.20029999999999998,158683.45183699526,1209.2555120861216,0.007620552099713004,7.620552099713005e+17,107,0.0006742984146192752,6.742984146192752e+26,972.2322252532433,41.479806196178004,101.20557678699053,27.18046527765656,0.0,67.15743857205307,0.00612686587037413,0.000261399696792501,0.0006377828035336171,0.0001712873331340007,0.0,0.00042321639587875455,5432,2508,5560,0.18577777777777776,0.41185185185185186,1,0,0
flow,0.3,1.2,0,registered,during_vibration,flow_dump_0.3_1.2.shear.wave,2004,200400,200.4,0.2004,158683.4518369953,1169.2598118442177,0.007368505022472782,7.368505022472782e+17,99,0.0006238835798813853,6.238835798813853e+26,913.0770487427087,18.066130286810395,128.1660250048028,37.084407606634684,0.0,72.8662002032616,0.005754078564415467,0.00011385012159534129,0.0008076836212036718,0.0002337005351051285,0.0,0.00045919218015317745,5407,2424,5669,0.17955555555555555,0.4199259259259259,1,0,0
flow,0.3,1.2,0,registered,during_vibration,flow_dump_0.3_1.2.shear.wave,2005,200500,200.5,0.20049999999999998,158683.45183699526,1108.7763609694384,0.006987347124944126,6.987347124944125e+17,98,0.0006175817255391491,6.1758172553914915e+26,903.1243503156288,14.641666234474835,118.88789554149236,26.54834942827248,0.0,45.57409944957013,0.005691358108615807,9.226964793729863e-05,0.0007492142007574792,0.00016730383112376328,0.0,0.00028720133650977865,5414,2438,5648,0.18059259259259258,0.4183703703703704,1,0,0
flow,0.3,1.2,0,registered,during_vibration,flow_dump_0.3_1.2.shear.wave,2006,200600,200.6,0.2006,158683.45183699526,1116.4646058155438,0.0070357973241117295,7.03579732411173e+17,95,0.0005986761625124405,5.986761625124405e+26,908.4299723574425,7.655047901402119,95.14587234182041,30.678365258908432,0.0,74.55534795597028,0.005724793365918275,4.824099685747717e-05,0.0005995954287631536,0.00019333058931956078,0.0,0.00046983694325326326,5416,2523,5561,0.18688888888888888,0.4119259259259259,1,0,0
flow,0.3,1.2,0,registered,during_vibration,flow_dump_0.3_1.2.shear.wave,2007,200700,200.70000000000002,0.2007,158683.45183699526,1180.0279623935667,0.007436364338770052,7.436364338770052e+17,103,0.0006490909972503302,6.490909972503302e+26,957.2819642565852,28.512347163086616,114.74711811058972,17.03651456027669,0.0,62.45001830302871,0.006032651503194776,0.00017968065877704384,0.0007231196245243118,0.00010736163325825018,0.0,0.00039355091901567264,5410,2524,5566,0.18696296296296297,0.41229629629629627,1,0,0
flow,0.3,1.2,0,registered,during_vibration,flow_dump_0.3_1.2.shear.wave,2008,200800,200.8,0.20079999999999998,158683.4518369953,1241.485169529063,0.007823658706418588,7.823658706418587e+17,114,0.0007184113950149285,7.184113950149285e+26,1007.7828039340542,22.794157651961193,105.10332732962777,18.623463863140262,0.0,87.18141675027857,0.006350900439002808,0.0001436454613766285,0.000662345859715689,0.00011736235661340969,0.0,0.0005494045897100481,5405,2482,5613,0.18385185185185185,0.4157777777777778,1,0,0
flow,0.3,1.2,0,registered,during_vibration,flow_dump_0.3_1.2.shear.wave,2009,200900,200.9,0.2009,158683.45183699526,1179.931505503133,0.0074357564814962335,7.435756481496233e+17,100,0.0006301854342236216,6.301854342236216e+26,947.5215540849496,13.099936651725738,117.32959218719691,4.048893909051024,0.0,97.93152867021055,0.005971142819972647,8.25538926716972e-05,0.0007393939999976913,2.5515539662006965e-05,0.0,0.0006171502291921968,5384,2434,5682,0.1802962962962963,0.42088888888888887,1,0,0
flow,0.3,1.2,0,registered,during_vibration,flow_dump_0.3_1.2.shear.wave,2010,201000,201.0,0.20099999999999998,158683.45183699526,1201.9322157618212,0.007574401752972229,7.574401752972229e+17,98,0.0006175817255391491,6.1758172553914915e+26,939.8099897259774,25.675272055531906,107.8296335387527,9.941849173641916,0.0,118.67547126791715,0.0059225456646316245,0.0001618018246912499,0.0006795266443379287,6.265208538477284e-05,0.0,0.000747875533926653,5384,2443,5673,0.18096296296296296,0.4202222222222222,1,0,0
flow,0.3,1.2,0,registered,during_vibration,flow_dump_0.3_1.2.shear.wave,2011,201100,201.1,0.2011,158683.45183699526,1348.1942164569905,0.008496123577157238,8.496123577157238e+17,115,0.0007247132493571648,7.247132493571648e+26,1103.0057473394386,21.80673238807773,123.23360687842954,24.647398891705002,0.0,75.50073095933857,0.0069509815583825435,0.00013742285118979077,0.0007766002406162621,0.00015532431773051926,0.0,0.00047579460923811604,5455,2518,5527,0.18651851851851853,0.4094074074074074,1,0,0
flow,0.3,1.2,0,registered,during_vibration,flow_dump_0.3_1.2.shear.wave,2012,201200,201.20000000000002,0.2012,158683.45183699526,1191.4398452693092,0.0075082803624236414,7.508280362423642e+17,107,0.0006742984146192752,6.742984146192752e+26,920.0147749538604,25.180406916959463,144.31830859993602,30.32312998024598,0.0,71.60322481830705,0.00579779910446446,0.00015868325666891584,0.0009094729597146931,0.0001910919483362063,0.0,0.0004512330932393643,5428,2431,5641,0.18007407407407408,0.41785185185185186,1,0,0
flow,0.3,1.2,0,registered,during_vibration,flow_dump_0.3_1.2.shear.wave,2013,201300,201.3,0.20129999999999998,158683.45183699526,1169.4457198739026,0.0073696765877969105,7.36967658779691e+17,96,0.0006049780168546768,6.049780168546768e+26,963.9515481015667,20.343545892602894,109.7724735429831,33.31646096282105,0.0,42.06169137392929,0.006074682249109181,0.0001282020630197813,0.0006917701390548581,0.0002099554841864972,0.0,0.0002650666524265959,5406,2430,5664,0.18,0.41955555555555557,1,0,0
flow,0.3,1.2,0,registered,during_vibration,flow_dump_0.3_1.2.shear.wave,2014,201400,201.4,0.2014,158683.45183699526,1106.5902675207305,0.006973570682451852,6.973570682451852e+17,101,0.0006364872885658578,6.364872885658577e+26,911.9636368387204,10.806794588950952,87.67137442713253,29.209564431126452,0.0,66.9388972348,0.005747062004773621,6.81028454060354e-05,0.0005524922316234423,0.00018407442044512275,0.0,0.0004218391802036282,5410,2501,5589,0.18525925925925926,0.414,1,0,0
flow,0.3,1.2,0,registered,during_vibration,flow_dump_0.3_1.2.shear.wave,2015,201500,201.5,0.20149999999999998,158683.4518369953,1184.4717160210646,0.007464368226863327,7.464368226863327e+17,97,0.0006112798711969128,6.1127987119691286e+26,963.9664290460133,26.531608436741053,100.307131314769,21.048590468945854,0.0,72.61795675459518,0.0060747760266535574,0.0001671983318335876,0.0006321209310332352,0.00013264515124467824,0.0,0.0004576277860982673,5415,2551,5534,0.18896296296296297,0.4099259259259259,1,0,0
flow,0.3,1.2,0,registered,during_vibration,flow_dump_0.3_1.2.shear.wave,2016,201600,201.6,0.2016,158683.45183699526,1152.4471614131528,0.007262554148349278,7.262554148349279e+17,105,0.0006616947059348027,6.616947059348027e+26,940.2451879461277,11.050325583753546,110.33963322208018,15.455327284874611,0.0,75.35668737631644,0.0059252882204250115,6.963754226310123e-05,0.0006953442967413175,9.739722136086894e-05,0.0,0.0004748868675589768,5416,2505,5579,0.18555555555555556,0.41325925925925927,1,0,0
flow,0.3,1.2,0,registered,during_vibration,flow_dump_0.3_1.2.shear.wave,2017,201700,201.70000000000002,0.2017,158683.45183699526,1166.8711061786366,0.007353451747301818,7.353451747301818e+17,104,0.0006553928515925665,6.553928515925665e+26,943.4870528095898,17.150578996376133,113.37775656157747,11.786546705985138,0.0,81.06917110510771,0.005945717980591764,0.00010808045072017818,0.0007144901075005776,7.427710053908241e-05,0.0,0.0005108861079502138,5395,2469,5636,0.18288888888888888,0.4174814814814815,1,0,0
flow,0.3,1.2,0,registered,during_vibration,flow_dump_0.3_1.2.shear.wave,2018,201800,201.8,0.20179999999999998,158683.45183699526,1259.39874573853,0.007936547454439198,7.936547454439199e+17,104,0.0006553928515925665,6.553928515925665e+26,1030.0768103152159,13.195290225016583,119.29997254473165,17.314520124141364,0.0,79.51215252942426,0.0064913940199217745,8.315479700158785e-05,0.0007518110500096785,0.0001091135838280566,0.0,0.0005010740036781006,5397,2452,5651,0.18162962962962964,0.41859259259259257,1,0,0
flow,0.3,1.2,0,registered,during_vibration,flow_dump_0.3_1.2.shear.wave,2019,201900,201.9,0.2019,158683.4518369953,1353.52496505302,0.008529717178344495,8.529717178344494e+17,113,0.0007121095406726923,7.121095406726924e+26,1054.6451397567953,25.430951395226757,139.45742223704076,42.3549947570234,0.0,91.63645690693386,0.00664622005349468,0.00016026215147720786,0.0008788403618815646,0.00026691500762494,0.0,0.000577479603866103,5427,2482,5591,0.18385185185185185,0.41414814814814815,1,0,0
flow,0.3,1.2,0,registered,during_vibration,flow_dump_0.3_1.2.shear.wave,2020,202000,202.0,0.20199999999999999,158683.45183699526,1122.3850130182832,0.00707310686795012,7.07310686795012e+17,104,0.0006553928515925665,6.553928515925665e+26,894.8130835097272,19.16277074446251,111.88329387627113,30.850234978927425,0.0,65.67562990889498,0.005638981715805552,0.00012076099002526819,0.0007050722213378699,0.00019441368726096138,0.0,0.0004138782535204685,5432,2473,5595,0.18318518518518517,0.41444444444444445,1,0,0
flow,0.3,1.2,0,registered,during_vibration,flow_dump_0.3_1.2.shear.wave,2021,202100,202.1,0.2021,158683.45183699526,1146.7330330255784,0.0072265445435579475,7.226544543557947e+17,99,0.0006238835798813854,6.238835798813854e+26,929.8922177505116,19.703523159125595,108.60294191314763,36.92246961660466,0.0,51.611880586188754,0.005860045310242726,0.00012416873297768746,0.0006843999210749969,0.00023268002547948482,0.0,0.00032525055378305063,5397,2396,5707,0.1774814814814815,0.42274074074074075,1,0,0
flow,0.3,1.2,0,registered,during_vibration,flow_dump_0.3_1.2.shear.wave,2022,202200,202.20000000000002,0.2022,158683.45183699526,1125.88348671328,0.007095153739596135,7.095153739596136e+17,102,0.000642789142908094,6.42789142908094e+26,926.0097813548273,15.54670022675861,97.89599098245266,22.517699625011137,0.0,63.91331452423072,0.0058355787615841275,9.797304033144351e-05,0.0006169262758602867,0.00014190326315904723,0.0,0.00040277239866123236,5403,2458,5639,0.18207407407407408,0.4177037037037037,1,0,0
flow,0.3,1.2,0,registered,during_vibration,flow_dump_0.3_1.2.shear.wave,2023,202300,202.3,0.20229999999999998,158683.4518369953,1195.7748894171675,0.007535599179210607,7.535599179210607e+17,106,0.0006679965602770388,6.679965602770388e+26,943.2781275812623,27.828325141566808,106.7660929194359,26.679725442259798,0.0,91.22261833264302,0.005944401364234424,0.00017537005163054402,0.0006728243662679423,0.00016813174362797492,0.0,0.0005748716534497234,5399,2525,5576,0.18703703703703703,0.41303703703703704,1,0,0
flow,0.3,1.2,0,registered,during_vibration,flow_dump_0.3_1.2.shear.wave,2024,202400,202.4,0.2024,158683.45183699526,1151.3480195763418,0.0072556275165922375,7.255627516592238e+17,101,0.0006364872885658578,6.364872885658577e+26,924.3952220484082,14.994096542048805,100.06407580394884,21.292022235072746,0.0,90.60260294686344,0.005825404044008172,9.449061240141929e-05,0.0006305892306069688,0.00013417922277708324,0.0,0.0005709644067985951,5404,2519,5577,0.1865925925925926,0.4131111111111111,1,0,0
flow,0.3,1.2,0,registered,during_vibration,flow_dump_0.3_1.2.shear.wave,2025,202500,202.5,0.20249999999999999,158683.45183699526,1208.4117005228104,0.007615234522148723,7.615234522148723e+17,108,0.0006806002689615113,6.806002689615113e+26,984.5685806809813,28.41387091278911,98.41449109488843,12.652761356687241,0.0,84.36199647746496,0.00620460778539379,0.00017906007579149936,0.00062019378804529,7.973585909691808e-05,0.0,0.0005316370138212288,5381,2464,5655,0.18251851851851852,0.41888888888888887,1,0,0
flow,0.3,1.2,0,registered,during_vibration,flow_dump_0.3_1.2.shear.wave,2026,202600,202.6,0.2026,158683.45183699526,1252.1963983228943,0.007891159310103682,7.891159310103683e+17,108,0.0006806002689615113,6.806002689615113e+26,1029.4570351120276,23.060739273755182,122.2265864780758,12.276859716750742,0.0,65.17517774228568,0.0064874882868663514,0.00014532541992749135,0.0007702541447335724,7.736698171503055e-05,0.0,0.0004107244768612402,5389,2434,5677,0.1802962962962963,0.4205185185185185,1,0,0
flow,0.3,1.2,0,registered,during_vibration,flow_dump_0.3_1.2.shear.wave,2027,202700,202.70000000000002,0.2027,158683.4518369953,1270.214509787418,0.008004706824075284,8.004706824075284e+17,106,0.0006679965602770388,6.679965602770388e+26,992.5012991185315,14.557697175352446,116.8579201311193,22.928872132444763,0.0,123.36872122996978,0.006254598621525202,9.174048715745469e-05,0.0007364215914029869,0.00014449441241042596,0.0,0.0007774517115792141,5396,2452,5652,0.18162962962962964,0.4186666666666667,1,0,0
flow,0.3,1.2,0,registered,during_vibration,flow_dump_0.3_1.2.shear.wave,2028,202800,202.8,0.20279999999999998,158683.45183699526,1145.7080449367868,0.007220085217919855,7.220085217919855e+17,106,0.0006679965602770389,6.679965602770389e+26,925.576500968767,8.55334168610247,117.09975987091758,28.725199989395353,0.0,65.75324242160391,0.0058328482917018275,5.390191344519489e-05,0.0007379456302173601,0.00018102202628477481,0.0,0.0004143673562706952,5428,2501,5571,0.18525925925925926,0.4126666666666667,1,0,0
flow,0.3,1.2,0,registered,during_vibration,flow_dump_0.3_1.2.shear.wave,2029,202900,202.9,0.2029,158683.45183699526,1210.0652020070095,0.007625654647656816,7.625654647656817e+17,106,0.0006679965602770389,6.679965602770389e+26,955.5064629029737,16.935744010508227,128.66777926907682,41.4680370188259,0.0,67.48717880562532,0.006021462552279873,0.00010672659193162226,0.0008108456034927227,0.0002613255291511002,0.0,0.00042529437080150186,5399,2414,5687,0.17881481481481482,0.4212592592592593,1,0,0
flow,0.3,1.2,0,registered,during_vibration,flow_dump_0.3_1.2.shear.wave,2030,203000,203.0,0.20299999999999999,158683.45183699526,1174.5015612575828,0.0074015377637743135,7.401537763774313e+17,109,0.0006869021233037475,6.869021233037475e+26,942.7576320216767,16.949182502885915,108.38315166342882,31.822553089129187,0.0,74.58904198046196,0.0059411212770321365,0.0001068112793531657,0.0006830148349354253,0.00020054109436577126,0.0,0.00047004927808781357,5399,2420,5681,0.17925925925925926,0.4208148148148148,1,0,0
flow,0.3,1.2,0,registered,during_vibration,flow_dump_0.3_1.2.shear.wave,2031,203100,203.1,0.2031,158683.45183699526,1189.2451576365495,0.0074944497606352824,7.494449760635282e+17,106,0.0006679965602770389,6.679965602770389e+26,950.262118435841,14.266772301305036,104.9540783467879,35.38806130237582,0.0,84.37412725024006,0.00598841345732749,8.990712097667451e-05,0.0006614053143651053,0.00022301040778169843,0.0,0.0005317134601843164,5416,2517,5567,0.18644444444444444,0.4123703703703704,1,0,0
flow,0.3,1.2,0,registered,during_vibration,flow_dump_0.3_1.2.shear.wave,2032,203200,203.20000000000002,0.2032,158683.45183699526,1136.540518769664,0.0071623128033360085,7.162312803336009e+17,101,0.0006364872885658578,6.364872885658577e+26,938.7627969530662,23.167843560436673,108.79527734749672,10.967561402371441,0.0,54.84703950629256,0.005915946408308496,0.0001460003755415872,0.0006856119909671157,6.91159744472768e-05,0.0,0.00034563805407153105,5411,2526,5563,0.18711111111111112,0.4120740740740741,1,0,0
flow,0.3,1.2,0,registered,during_vibration,flow_dump_0.3_1.2.shear.wave,2033,203300,203.3,0.20329999999999998,158683.45183699526,1217.6039519729482,0.007673162751864701,7.6731627518647e+17,109,0.0006869021233037475,6.869021233037475e+26,978.2604472129098,12.06566168597691,113.58893349301121,10.755044301530493,0.0,102.93386527952018,0.0061648548471066175,7.603604248772673e-05,0.0007158209137629135,6.77767226325428e-05,0.0,0.0006486742258749019,5384,2462,5654,0.18237037037037038,0.4188148148148148,1,0,0
flow,0.3,1.2,0,registered,during_vibration,flow_dump_0.3_1.2.shear.wave,2034,203400,203.4,0.2034,158683.45183699526,1219.351320144003,0.007684174411560948,7.684174411560948e+17,101,0.0006364872885658578,6.364872885658577e+26,994.239223866964,11.995391680243909,123.46206728385275,3.890631510349529,0.0,85.76400580259312,0.006265550770147592,7.559321114696926e-05,0.0007780399648142073,2.4518193077537226e-05,0.0,0.0005404722723746434,5363,2425,5712,0.17962962962962964,0.4231111111111111,1,0,0
flow,0.3,1.2,0,registered,during_vibration,flow_dump_0.3_1.2.shear.wave,2035,203500,203.5,0.2035,158683.45183699526,1205.6951178900988,0.007598115014088726,7.598115014088726e+17,103,0.0006490909972503302,6.490909972503302e+26,943.1886268543635,8.211165250640553,106.96132928484566,9.19203608778301,0.0,138.14196041246618,0.005943837343689985,5.17455673895683e-05,0.0006740547174050623,5.7926872533787356e-05,0.0,0.0008705505130703234,5369,2445,5686,0.1811111111111111,0.42118518518518516,1,0,0
flow,0.3,1.2,0,registered,during_vibration,flow_dump_0.3_1.2.shear.wave,2036,203600,203.6,0.2036,158683.45183699526,1317.6472838161926,0.00830362125705283,8.30362125705283e+17,115,0.0007247132493571648,7.247132493571648e+26,1090.4520925283596,0.0,127.5035528770799,26.227794921684712,0.0,73.46384348906811,0.006871870254300411,0.0,0.0008035088183489709,0.00016528374331449978,0.0,0.00046295844108894566,5423,2504,5573,0.18548148148148147,0.4128148148148148,1,0,0
flow,0.3,1.2,0,registered,during_vibration,flow_dump_0.3_1.2.shear.wave,2037,203700,203.70000000000002,0.2037,158683.45183699526,1158.1635262716104,0.007298577847054356,7.298577847054356e+17,102,0.000642789142908094,6.42789142908094e+26,919.1885153411054,17.578268048150125,117.43397951316201,37.56217434060673,0.0,66.4005890285866,0.005792592136736005,0.000110775684828227,0.0007400518337210989,0.0002367113514721863,0.0,0.0004184468402968409,5397,2423,5680,0.1794814814814815,0.42074074074074075,1,0,0
flow,0.3,1.2,0,registered,during_vibration,flow_dump_0.3_1.2.shear.wave,2038,203800,203.8,0.20379999999999998,158683.4518369953,1168.765454077145,0.007365389651831738,7.365389651831738e+17,99,0.0006238835798813853,6.238835798813853e+26,943.7627734932395,18.744309311547745,117.67491060865927,31.556800840596715,0.0,57.026659823101646,0.005947455532179264,0.00011812390702719587,0.0007415701463914379,0.00019886636240439785,0.0,0.0003593737038294406,5393,2394,5713,0.17733333333333334,0.42318518518518516,1,0,0
flow,0.3,1.2,0,registered,during_vibration,flow_dump_0.3_1.2.shear.wave,2039,203900,203.9,0.2039,158683.45183699526,1185.8803002213292,0.007473244919322171,7.473244919322171e+17,107,0.0006742984146192752,6.742984146192752e+26,971.3688937033405,11.100456903541165,98.48773483332057,29.355881901988774,3.884559851761068,71.68277302737701,0.006121425280697586,6.995346253838688e-05,0.0006206553594163703,0.0001849964918342215,2.447993036949696e-05,0.0004517343944661089,5395,2479,5626,0.18362962962962964,0.41674074074074074,1,0,0
flow,0.3,1.2,0,registered,during_vibration,flow_dump_0.3_1.2.shear.wave,2040,204000,204.0,0.204,158683.45183699526,1101.0097487562803,0.00693840306604417,6.93840306604417e+17,93,0.0005860724538279681,5.860724538279681e+26,913.4143899653893,17.313092581658104,105.73054681265154,16.41806190930657,0.0,48.13365748727429,0.005756204439664433,0.00010910458766325975,0.0006662985055383177,0.00010346423473426662,0.0,0.00030333129844389026,5402,2536,5562,0.18785185185185185,0.412,1,0,0
flow,0.3,1.2,0,registered,during_vibration,flow_dump_0.3_1.2.shear.wave,2041,204100,204.1,0.2041,158683.45183699526,1206.8281231034953,0.007605255047912545,7.605255047912544e+17,110,0.0006932039776459838,6.932039776459838e+26,997.0891721628518,23.227746169874116,99.19599070346683,15.243813205662722,0.0,72.0714008616395,0.006283510729191181,0.00014637787306098182,0.0006251186847470658,9.60642904423434e-05,0.0,0.00045418347047096984,5378,2494,5628,0.18474074074074073,0.41688888888888886,1,0,0
flow,0.3,1.2,0,registered,during_vibration,flow_dump_0.3_1.2.shear.wave,2042,204200,204.20000000000002,0.2042,158683.4518369953,1204.2621221511945,0.007589084483669104,7.589084483669105e+17,101,0.0006364872885658577,6.364872885658577e+26,964.7726307535273,19.01117431950008,113.57843262171154,14.50626921752431,0.0,92.39361523893055,0.006079856592384772,0.00011980565143635119,0.0007157547388015163,9.14163956581031e-05,0.0,0.0005822511053883566,5359,2442,5699,0.18088888888888888,0.42214814814814816,1,0,0
flow,0.3,1.2,0,registered,during_vibration,flow_dump_0.3_1.2.shear.wave,2043,204300,204.3,0.20429999999999998,158683.45183699526,1247.8381256297164,0.00786369411040753,7.863694110407529e+17,111,0.00069950583198822,6.995058319882199e+26,946.289331232944,23.089849387456468,146.32418107513996,22.52872813209001,0.0,109.60603580208546,0.005963377531042134,0.00014550886762392277,0.0009221136758825291,0.00014197276320427062,0.0,0.0006907212726546704,5381,2448,5671,0.18133333333333335,0.4200740740740741,1,0,0
flow,0.3,1.2,0,registered,during_vibration,flow_dump_0.3_1.2.shear.wave,2044,204400,204.4,0.2044,158683.45183699526,1326.2649926159552,0.00835792880267274,8.35792880267274e+17,109,0.0006869021233037475,6.869021233037475e+26,1058.8719996521029,6.437319280163587,133.36807949800627,41.07284583617001,0.0,86.51474834951269,0.006672857108879949,4.056704845805981e-05,0.0008404662109002157,0.00025883509188066666,0.0,0.00054520334255385,5409,2471,5620,0.18303703703703703,0.4162962962962963,1,0,0
flow,0.3,1.2,0,registered,during_vibration,flow_dump_0.3_1.2.shear.wave,2045,204500,204.5,0.2045,158683.45183699526,1124.5071825856355,0.0070864804714531006,7.086480471453101e+17,104,0.0006553928515925665,6.553928515925665e+26,910.3745270066486,6.6282917356186575,124.14457271135942,22.46766943018957,0.0,60.89212170181929,0.00573704766607809,4.177052905571686e-05,0.00078234101460614,0.00014158798015856804,0.0,0.00038373328155458605,5405,2455,5640,0.18185185185185185,0.4177777777777778,1,0,0
flow,0.3,1.2,0,registered,during_vibration,flow_dump_0.3_1.2.shear.wave,2046,204600,204.6,0.2046,158683.4518369953,1175.3964007997347,0.0074071769122286265,7.407176912228626e+17,110,0.0006932039776459837,6.932039776459836e+26,956.0911785858065,6.179606106999479,105.60449964841325,38.81034808177897,0.0,68.71076837673627,0.006025147345344705,3.89429775787041e-05,0.0006655041746690359,0.0002445771605828577,0.0,0.00043300525405332225,5384,2372,5744,0.1757037037037037,0.42548148148148146,1,0,0
flow,0.3,1.2,0,registered,during_vibration,flow_dump_0.3_1.2.shear.wave,2047,204700,204.70000000000002,0.2047,158683.45183699526,1240.4750610013812,0.00781729314960729,7.81729314960729e+17,110,0.0006932039776459838,6.932039776459838e+26,1026.5556149951983,18.83531084641596,116.24178954350319,24.12700823714996,3.3191435725155944,51.396193806598674,0.0064692039599044595,0.00011869738544485532,0.000732538826184034,0.0001520448916244524,2.0916759334962825e-05,0.000323891327114528,5388,2434,5678,0.1802962962962963,0.4205925925925926,1,0,0
flow,0.3,1.2,0,registered,during_vibration,flow_dump_0.3_1.2.shear.wave,2048,204800,204.8,0.20479999999999998,158683.45183699526,1144.776195391861,0.007214212837818854,7.214212837818853e+17,106,0.0006679965602770389,6.679965602770389e+26,918.6160987565243,13.637925678729763,118.33280455392942,16.298319985506115,0.0,77.8910464171717,0.005788984850796895,8.594422115759795e-05,0.0007457160982071696,0.00010270963857181702,0.0,0.0004908580290853761,5386,2517,5597,0.18644444444444444,0.41459259259259257,1,0,0
flow,0.3,1.2,0,registered,during_vibration,flow_dump_0.3_1.2.shear.wave,2049,204900,204.9,0.2049,158683.45183699526,1151.1656585619908,0.007254478304042094,7.254478304042094e+17,97,0.000611279871196913,6.112798711969129e+26,957.4926331351062,11.017234045810397,106.8924781361981,21.958555886058083,0.0,53.804757358817554,0.006033979107781657,6.942900421102293e-05,0.0006736208274949897,0.00013837962075979174,0.0,0.0003390697437946304,5394,2487,5619,0.18422222222222223,0.4162222222222222,1,0,0
flow,0.3,1.2,0,registered,during_vibration,flow_dump_0.3_1.2.shear.wave,2050,205000,205.0,0.205,158683.45183699526,1110.2722589515502,0.006996774056138239,6.996774056138239e+17,93,0.0005860724538279681,5.860724538279681e+26,902.8225366867249,7.420999042182066,106.29110575645122,12.824339070352323,0.0,80.9132783958398,0.005689456123087953,4.676605503770585e-05,0.0006698310663523809,8.081711685680934e-05,0.0,0.0005099036948033908,5373,2449,5678,0.1814074074074074,0.4205925925925926,1,0,0
flow,0.3,1.2,0,registered,during_vibration,flow_dump_0.3_1.2.shear.wave,2051,205100,205.1,0.2051,158683.45183699526,1270.850676783672,0.008008715855823018,8.008715855823018e+17,107,0.0006742984146192752,6.742984146192752e+26,1027.4506780966685,18.121544289842696,116.99717261230545,12.546769954062501,0.0,95.73451183079395,0.006474844517197035,0.0001141993325709711,0.0007372991402562172,7.906791671604766e-05,0.0,0.0006033049490827533,5362,2418,5720,0.1791111111111111,0.4237037037037037,1,0,0
flow,0.3,1.2,0,registered,during_vibration,flow_dump_0.3_1.2.shear.wave,2052,205200,205.20000000000002,0.2052,158683.45183699526,1195.05390774248,0.007531055657713307,7.531055657713307e+17,98,0.0006175817255391491,6.1758172553914915e+26,952.8048798542387,9.263521038544564,122.36088240418427,13.586543655022203,0.0,97.03808079048996,0.0060044375694132904,5.8377360281148604e-05,0.0007711004580986636,8.562041912838358e-05,0.0,0.0006115198507918179,5373,2443,5684,0.18096296296296296,0.42103703703703704,1,0,0
flow,0.3,1.2,0,registered,during_vibration,flow_dump_0.3_1.2.shear.wave,2053,205300,205.3,0.20529999999999998,158683.45183699526,1165.0232380912712,0.007341806751771574,7.341806751771574e+17,109,0.0006869021233037475,6.869021233037475e+26,956.0697575342537,6.919423154963656,111.9365556213226,23.999203354092632,0.0,66.09829842663841,0.006025012352997962,4.360519685487753e-05,0.0007054078690971975,0.00015123948386719862,0.0,0.0004165418489543365,5408,2490,5602,0.18444444444444444,0.414962962962963,1,0,0
flow,0.3,1.2,0,registered,during_vibration,flow_dump_0.3_1.2.shear.wave,2054,205400,205.4,0.2054,158683.45183699526,1285.3534686210598,0.008100110337538009,8.100110337538008e+17,99,0.0006238835798813854,6.238835798813854e+26,1000.8556422066107,11.637083491850952,137.99517625066812,41.60823885766385,0.0,93.25732781426655,0.006307246474791346,7.33352051340863e-05,0.0008696255006629248,0.0002622090607179706,0.0,0.0005876940962316818,5393,2387,5720,0.1768148148148148,0.4237037037037037,1,0,0
flow,0.3,1.2,0,registered,during_vibration,flow_dump_0.3_1.2.shear.wave,2055,205500,205.5,0.2055,158683.45183699526,1165.9508882463756,0.007347652667929595,7.347652667929595e+17,104,0.0006553928515925665,6.553928515925665e+26,959.1367926008485,7.04689929506454,111.41139091091199,27.918961629899187,0.0,60.43684380965168,0.0060443403612501735,4.4408532921903796e-05,0.0007020983575865072,0.00017594122957810649,0.0,0.00038086418659290537,5389,2417,5694,0.17903703703703705,0.42177777777777775,1,0,0
flow,0.3,1.2,0,registered,during_vibration,flow_dump_0.3_1.2.shear.wave,2056,205600,205.6,0.20559999999999998,158683.45183699526,1172.4179445374382,0.007388407114698914,7.388407114698915e+17,101,0.0006364872885658578,6.364872885658577e+26,961.5221703928172,12.968736273080488,93.69926285322678,26.945049439450234,0.0,77.28272557886334,0.006059372664646366,8.172708699582859e-05,0.0005904791064759398,0.00016980377681176896,0.0,0.0004870244797690098,5394,2513,5593,0.18614814814814815,0.4142962962962963,1,0,0
flow,0.3,1.2,0,registered,during_vibration,flow_dump_0.3_1.2.shear.wave,2057,205700,205.70000000000002,0.2057,158683.4518369953,1128.5786474241486,0.007112138249824945,7.112138249824945e+17,97,0.0006112798711969128,6.1127987119691286e+26,922.3015289927853,16.724144157455285,114.60189685581705,11.469384931125514,0.0,63.48169248696601,0.005812209895334284,0.00010539312047884401,0.0007222044613293374,7.227839323099193e-05,0.0,0.00040005237945149087,5397,2517,5586,0.18644444444444444,0.4137777777777778,1,0,0
flow,0.3,1.2,0,registered,during_vibration,flow_dump_0.3_1.2.shear.wave,2058,205800,205.8,0.20579999999999998,158683.45183699526,1197.63413713988,0.007547315887545277,7.547315887545276e+17,106,0.0006679965602770389,6.679965602770389e+26,980.4393330489249,0.0,110.84158966254863,11.664838831879434,0.0,94.68837559652651,0.006178585868273547,0.0,0.000698507553115297,7.351011524416505e-05,0.0,0.0005967123509122643,5380,2452,5668,0.18162962962962964,0.41985185185185186,1,0,0
flow,0.3,1.2,0,registered,during_vibration,flow_dump_0.3_1.2.shear.wave,2059,205900,205.9,0.2059,158683.45183699526,1271.0327587935585,0.008009863310127664,8.009863310127663e+17,105,0.0006616947059348027,6.616947059348027e+26,1034.5085796520032,22.40440577012299,117.5703054277759,14.307802589890915,0.0,82.24166535376601,0.006519322384760597,0.0001411893017876717,0.0007409109397780678,9.016568787896264e-05,0.0,0.0005182749959223681,5369,2424,5707,0.17955555555555555,0.42274074074074075,1,0,0
flow,0.3,1.2,0,registered,during_vibration,flow_dump_0.3_1.2.shear.wave,2060,206000,206.0,0.206,158683.45183699526,1227.3910415218509,0.007734839564636308,7.734839564636307e+17,100,0.0006301854342236216,6.301854342236216e+26,998.4270778328944,15.11097797026307,114.8760344050462,6.760002570204213,0.0,92.21694874344324,0.0062919420158474414,9.522718213733813e-05,0.0007239320362343174,4.2600551550569396e-05,0.0,0.0005811377788666423,5372,2439,5689,0.18066666666666667,0.4214074074074074,1,0,0
flow,0.3,1.2,0,registered,during_vibration,flow_dump_0.3_1.2.shear.wave,2061,206100,206.1,0.20609999999999998,158683.4518369953,1206.4370275093404,0.007602790420444289,7.602790420444289e+17,109,0.0006869021233037474,6.869021233037473e+26,1000.613623710999,6.635958697950099,112.59255771940153,16.572402027125268,0.0,70.0224853538648,0.006305721309483873,4.181884513557701e-05,0.0007095418987674921,0.00010443686367592361,0.0,0.0004412715033814246,5398,2482,5620,0.18385185185185185,0.4162962962962963,1,0,0
flow,0.3,1.2,0,registered,during_vibration,flow_dump_0.3_1.2.shear.wave,2062,206200,206.20000000000002,0.2062,158683.45183699526,1102.515114869085,0.006947889664018804,6.947889664018804e+17,98,0.0006175817255391491,6.1758172553914915e+26,881.9330571825261,0.0,122.02901704789585,33.10395451473868,0.0,65.4490861239236,0.005557813665967363,0.0,0.0007690090909620997,0.00020861629950389614,0.0,0.00041245060758544005,5399,2404,5697,0.17807407407407408,0.422,1,0,0
flow,0.3,1.2,0,registered,during_vibration,flow_dump_0.3_1.2.shear.wave,2063,206300,206.3,0.20629999999999998,158683.45183699526,1184.1114680103117,0.007462097996372483,7.462097996372483e+17,98,0.0006175817255391491,6.1758172553914915e+26,981.6688579377319,6.760283387874324,102.85513380573911,37.06343555631747,0.0,55.76375732264883,0.006186334155032963,4.2602321222623163e-05,0.0006481780715949841,0.00023356837229877143,0.0,0.00035141507622314113,5394,2393,5713,0.17725925925925926,0.42318518518518516,1,0,0
flow,0.3,1.2,0,registered,during_vibration,flow_dump_0.3_1.2.shear.wave,2064,206400,206.4,0.2064,158683.45183699526,1143.757959711304,0.007207796064873916,7.207796064873916e+17,103,0.0006490909972503302,6.490909972503302e+26,960.1079019119263,6.644355814217587,92.29339817210095,20.58987057530267,0.0,64.12243323775628,0.006050460150678976,4.1871762539189547e-05,0.0005816195520305904,0.00012975436529105282,0.0,0.0004040902343341063,5406,2479,5615,0.18362962962962964,0.4159259259259259,1,0,0
flow,0.3,1.2,0,registered,during_vibration,flow_dump_0.3_1.2.shear.wave,2065,206500,206.5,0.2065,158683.4518369953,1111.8065144712607,0.0070064427109472254,7.006442710947226e+17,100,0.0006301854342236215,6.301854342236214e+26,912.9869868901659,12.92497463413533,97.07132747548262,16.124206013654295,0.0,72.6990194578226,0.00575351100773895,8.145130752141867e-05,0.0006117293665580038,0.0001016123976822586,0.0,0.0004581386314465944,5407,2524,5569,0.18696296296296297,0.4125185185185185,1,0,0
flow,0.3,1.2,0,registered,during_vibration,flow_dump_0.3_1.2.shear.wave,2066,206600,206.6,0.20659999999999998,158683.45183699526,1195.6963836847951,0.007535104447520167,7.535104447520166e+17,110,0.0006932039776459838,6.932039776459838e+26,953.0817193074593,17.354127679562247,109.61527962459193,20.71099084415384,0.0,94.93426622902813,0.00600618217132367,0.00010936318487317106,0.0006907795258776717,0.0001305176475832454,0.0,0.0005982619178624099,5382,2485,5633,0.18407407407407408,0.4172592592592593,1,0,0
flow,0.3,1.2,0,registered,during_vibration,flow_dump_0.3_1.2.shear.wave,2067,206700,206.70000000000002,0.2067,158683.45183699526,1136.978965561412,0.007165075831154426,7.165075831154426e+17,99,0.0006238835798813854,6.238835798813854e+26,945.2026776919903,11.690414489661473,109.58511957272421,15.700164564338168,0.0,54.800589242698294,0.005956529598706567,7.367128931421433e-05,0.000690589461623847,9.894015023359765e-05,0.0,0.0003453453312762015,5351,2455,5694,0.18185185185185185,0.42177777777777775,1,0,0
flow,0.3,1.2,0,registered,during_vibration,flow_dump_0.3_1.2.shear.wave,2068,206800,206.8,0.20679999999999998,158683.45183699526,1206.4681672585075,0.007602986658607795,7.602986658607795e+17,101,0.0006364872885658578,6.364872885658577e+26,995.4874177656562,7.207775106141064,126.32358592656249,13.656177328968198,0.0,63.7932111311789,0.006273416706288019,4.542234885049717e-05,0.0007960728384981575,8.6059240398906e-05,0.0,0.00040201552457221144,5371,2429,5700,0.17992592592592593,0.4222222222222222,1,0,0
flow,0.3,1.2,0,registered,during_vibration,flow_dump_0.3_1.2.shear.wave,2069,206900,206.9,0.2069,158683.4518369953,1318.4354078008996,0.008308587899608073,8.308587899608073e+17,110,0.0006932039776459837,6.932039776459836e+26,1062.276122521732,24.247017223988642,125.02242050480966,29.076250360415887,0.0,77.81359718995284,0.006694309395367427,0.0001528011707792691,0.0007878730835351168,0.00018323429458973417,0.0,0.000490369955336524,5398,2467,5635,0.18274074074074073,0.4174074074074074,1,0,0
flow,0.3,1.2,0,registered,during_vibration,flow_dump_0.3_1.2.shear.wave,2070,207000,207.0,0.207,158683.45183699526,1147.4706749623563,0.007231193055600246,7.231193055600246e+17,102,0.000642789142908094,6.42789142908094e+26,918.7003155489009,10.57907140011324,120.85038470044005,25.590951257267957,0.0,71.7499520556342,0.005789515572755623,6.666776703963059e-05,0.0007615815215853852,0.00016127044730256942,0.0,0.00045215774691703865,5397,2453,5650,0.1817037037037037,0.4185185185185185,1,0,0
flow,0.3,1.2,0,registered,during_vibration,flow_dump_0.3_1.2.shear.wave,2071,207100,207.1,0.20709999999999998,158683.45183699526,1142.7640304789454,0.007201532467625102,7.201532467625102e+17,101,0.0006364872885658578,6.364872885658577e+26,934.7199057817766,9.924926217672652,110.94461692296207,44.55451500263625,0.0,42.620066553897914,0.005890468697025516,6.254543938121447e-05,0.0006991568159037021,0.00028077606383559187,0.0,0.0002685854514790781,5394,2374,5732,0.17585185185185184,0.4245925925925926,1,0,0
flow,0.3,1.2,0,registered,during_vibration,flow_dump_0.3_1.2.shear.wave,2072,207200,207.20000000000002,0.2072,158683.45183699526,1120.5913339486478,0.00706180336371656,7.06180336371656e+17,104,0.0006553928515925665,6.553928515925665e+26,912.2637363035784,15.729180806701835,103.71070930908415,23.626001296866125,0.0,65.26170623241754,0.00574895318788934,9.912300636653251e-05,0.00065356978379585,0.00014888761886233426,0.0,0.00041126976680250476,5386,2446,5668,0.18118518518518517,0.41985185185185186,1,0,0
flow,0.3,1.2,0,registered,during_vibration,flow_dump_0.3_1.2.shear.wave,2073,207300,207.3,0.20729999999999998,158683.45183699526,1130.655680692439,0.007125227410945692,7.125227410945692e+17,99,0.0006238835798813854,6.238835798813854e+26,954.4401664564285,7.87728188809052,90.34670826491478,5.882128635103919,0.0,72.10939544790158,0.006014742907388101,4.964148307148194e-05,0.0005693517957860018,3.7068317880721615e-05,0.0,0.00045442290681938695,5390,2513,5597,0.18614814814814815,0.41459259259259257,1,0,0
flow,0.3,1.2,0,registered,during_vibration,flow_dump_0.3_1.2.shear.wave,2074,207400,207.4,0.2074,158683.45183699526,1160.5279887577983,0.007313478345239994,7.313478345239994e+17,102,0.000642789142908094,6.42789142908094e+26,930.8249914179988,18.499746354820626,116.33659499595177,10.819330780062778,0.0,84.04732520896418,0.005865923514029504,0.00011658270689639497,0.0007331362763362147,6.818184665642856e-05,0.0,0.0005296540013214503,5383,2493,5624,0.18466666666666667,0.41659259259259257,1,0,0
flow,0.3,1.2,0,registered,during_vibration,flow_dump_0.3_1.2.shear.wave,2075,207500,207.5,0.2075,158683.45183699526,1267.3484797930957,0.007986645520510588,7.986645520510588e+17,110,0.0006932039776459838,6.932039776459838e+26,1046.6300631031374,18.191022507043627,109.4950029553827,19.802623015370166,0.0,73.22976821216182,0.006595710207881472,0.00011463717417572962,0.0006900215598275457,0.0001247932458370773,0.0,0.00046148333278876356,5341,2447,5712,0.18125925925925926,0.4231111111111111,1,0,0
flow,0.3,1.2,0,registered,during_vibration,flow_dump_0.3_1.2.shear.wave,2076,207600,207.6,0.20759999999999998,158683.4518369953,1239.5295259449351,0.007811334525406086,7.811334525406086e+17,110,0.0006932039776459837,6.932039776459836e+26,994.1799391711309,10.32263045547715,124.58874857021195,19.05932625065503,0.0,91.37888149746047,0.006265177166629727,6.505171355914847e-05,0.0007851401461709662,0.00012010909789278707,0.0,0.0005758564011534598,5337,2410,5753,0.17851851851851852,0.42614814814814816,1,0,0
flow,0.3,1.2,0,registered,during_vibration,flow_dump_0.3_1.2.shear.wave,2077,207700,207.70000000000002,0.2077,158683.45183699526,1275.0363632110748,0.008035093442010784,8.035093442010784e+17,105,0.0006616947059348027,6.616947059348027e+26,1060.397976566051,0.0,117.75638618629144,14.587356697904532,0.0,82.29464376082733,0.006682473593121266,0.0,0.0007420835936141255,9.192739714843823e-05,0.0,0.0005186088581269522,5367,2447,5686,0.18125925925925926,0.42118518518518516,1,0,0
flow,0.3,1.2,0,registered,during_vibration,flow_dump_0.3_1.2.shear.wave,2078,207800,207.8,0.20779999999999998,158683.45183699526,1399.1539119841375,0.008817264155694025,8.817264155694025e+17,111,0.00069950583198822,6.995058319882199e+26,1142.8162287017872,8.146437082837313,136.43176789606156,38.51696596989888,0.0,73.24251233355224,0.007201861413222374,5.1337659904232455e-05,0.0008597731289347591,0.0002427283092471718,0.0,0.0004615636443854858,5371,2498,5631,0.18503703703703703,0.4171111111111111,1,0,0
flow,0.3,1.2,0,registered,during_vibration,flow_dump_0.3_1.2.shear.wave,2079,207900,207.9,0.2079,158683.45183699526,1177.3466505571146,0.007419467102130617,7.419467102130618e+17,102,0.000642789142908094,6.42789142908094e+26,960.1525980253476,3.984536959877904,125.64862714839602,37.54181154734994,0.0,50.01907687614316,0.006050741819075421,2.510997154240726e-05,0.0007918193465911387,0.0002365830281150809,0.0,0.00031521293680656986,5387,2396,5717,0.1774814814814815,0.42348148148148146,1,0,0
flow,0.3,1.2,0,registered,during_vibration,flow_dump_0.3_1.2.shear.wave,2080,208000,208.0,0.208,158683.4518369953,1117.628563927754,0.007043132418595341,7.043132418595341e+17,99,0.0006238835798813853,6.238835798813853e+26,893.8223215958468,7.776242980211432,119.42552869794712,36.201202818907426,3.8682326431253022,56.53503519171586,0.005632738078536441,4.90047505911293e-05,0.0007526022865990137,0.00022813470717850565,2.4377038678859056e-05,0.00035627555701139184,5372,2408,5720,0.17837037037037037,0.4237037037037037,1,0,0
flow,0.3,1.2,0,registered,during_vibration,flow_dump_0.3_1.2.shear.wave,2081,208100,208.1,0.20809999999999998,158683.45183699526,1168.8259863747166,0.007365771117554036,7.365771117554036e+17,103,0.0006490909972503302,6.490909972503302e+26,965.5912517180584,7.093184505799549,80.1396060274462,32.22875205629857,0.0,83.77319206711368,0.006085015422464749,4.4700215578155535e-05,0.0005050281242291615,0.0002031009010908395,0.0,0.0005279264541911289,5374,2510,5616,0.18592592592592594,0.416,1,0,0
flow,0.3,1.2,0,registered,during_vibration,flow_dump_0.3_1.2.shear.wave,2082,208200,208.20000000000002,0.2082,158683.45183699526,1186.6615567699614,0.007478168284295569,7.478168284295569e+17,98,0.0006175817255391491,6.1758172553914915e+26,984.1717553814619,12.343131564160425,105.88010713707592,6.492253040996981,0.0,77.7743096462662,0.006202107050156905,7.778461724439726e-05,0.0006672410129182177,4.09132330173031e-05,0.0,0.0004901223709587467,5393,2521,5586,0.18674074074074073,0.4137777777777778,1,0,0
flow,0.3,1.2,0,registered,during_vibration,flow_dump_0.3_1.2.shear.wave,2083,208300,208.3,0.20829999999999999,158683.45183699526,1228.084173055331,0.00773920757860031,7.73920757860031e+17,107,0.0006742984146192752,6.742984146192752e+26,996.7962429984708,19.32304880706519,121.95714725577307,20.103666885600674,0.0,69.90406710842116,0.00628166473226466,0.0001217710390300461,0.0007685561780005351,0.00012669038045789302,0.0,0.0004405252488471757,5334,2467,5699,0.18274074074074073,0.42214814814814816,1,0,0
flow,0.3,1.2,0,registered,during_vibration,flow_dump_0.3_1.2.shear.wave,2084,208400,208.4,0.2084,158683.4518369953,1295.610173209381,0.008164746595884951,8.164746595884951e+17,104,0.0006553928515925663,6.553928515925663e+26,1068.2097770340463,23.558125416503923,95.25092415200886,15.028632578475742,0.0,93.56271402834608,0.006731702421821183,0.0001484598749509406,0.0006002574499693494,9.470825347254e-05,0.0,0.0005896185956709379,5333,2430,5737,0.18,0.424962962962963,1,0,0
flow,0.3,1.2,0,registered,during_vibration,flow_dump_0.3_1.2.shear.wave,2085,208500,208.5,0.2085,158683.45183699526,1213.708230131479,0.007648612480261894,7.648612480261893e+17,100,0.0006301854342236216,6.301854342236216e+26,942.5732418511633,6.725049389577748,131.37061905887177,11.991590311742197,0.0,121.04772952012368,0.0059399592770354205,4.2380281697463544e-05,0.0008278785061584109,7.55692554763703e-05,0.0,0.0007628251598942264,5349,2430,5721,0.18,0.42377777777777775,1,0,0
flow,0.3,1.2,0,registered,during_vibration,flow_dump_0.3_1.2.shear.wave,2086,208600,208.6,0.20859999999999998,158683.45183699526,1357.5694437668412,0.008555204894089273,8.555204894089274e+17,108,0.0006806002689615113,6.806002689615113e+26,1077.343687650549,4.697281313143071,121.34160383455348,18.310509849183873,0.0,135.87636111941188,0.0067892629961013905,2.9601582639935694e-05,0.0007646771130186876,0.0001153901660016384,0.0,0.000856273036327622,5361,2496,5643,0.18488888888888888,0.418,1,0,0
flow,0.3,1.2,0,registered,during_vibration,flow_dump_0.3_1.2.shear.wave,2087,208700,208.70000000000002,0.2087,158683.45183699526,1111.2887071188275,0.007003179564434853,7.003179564434853e+17,96,0.0006049780168546768,6.049780168546768e+26,919.955932500456,3.1464299906837616,122.36466105490769,27.940884021746697,0.0,37.88079955103311,0.005797428287893966,1.982834349933272e-05,0.0007711242706051328,0.00017607938129836294,0.0,0.0002387192811380577,5370,2404,5726,0.17807407407407408,0.42414814814814816,1,0,0
flow,0.3,1.2,0,registered,during_vibration,flow_dump_0.3_1.2.shear.wave,2088,208800,208.8,0.20879999999999999,158683.4518369953,1191.9801721164702,0.007511685423511648,7.511685423511648e+17,100,0.0006301854342236215,6.301854342236214e+26,980.7813176610949,13.403757013954078,108.77527050490963,33.52772964046309,0.0,55.49209729604845,0.006180741005486727,8.446852434066562e-05,0.0006854859107592836,0.00021128686862007418,0.0,0.00034970311430489745,5359,2372,5769,0.1757037037037037,0.42733333333333334,1,0,0
flow,0.3,1.2,0,registered,during_vibration,flow_dump_0.3_1.2.shear.wave,2089,208900,208.9,0.2089,158683.45183699526,1200.2267715368887,0.007563654291877896,7.563654291877897e+17,104,0.0006553928515925665,6.553928515925665e+26,991.3845854131783,9.44623069942938,103.3758270166289,17.459901976466575,0.0,78.56022643118554,0.006247561254412089,5.9528769950964087e-05,0.0006514594043670028,0.00011002975908541457,0.0,0.000495075104062427,5377,2466,5657,0.18266666666666667,0.41903703703703704,1,0,0
flow,0.3,1.2,0,registered,during_vibration,flow_dump_0.3_1.2.shear.wave,2090,209000,209.0,0.209,158683.45183699526,1120.0103478727933,0.007058142074091657,7.058142074091657e+17,96,0.0006049780168546768,6.049780168546768e+26,966.6325183179719,6.121829223809356,76.41658067910981,7.742160162041296,0.0,63.09725948986115,0.006091577332908839,3.857887607649155e-05,0.0004815661607714923,4.8789965635448186e-05,0.0,0.0003976297386993868,5378,2525,5597,0.18703703703703703,0.41459259259259257,1,0,0
flow,0.3,1.2,0,registered,during_vibration,flow_dump_0.3_1.2.shear.wave,2091,209100,209.1,0.20909999999999998,158683.45183699526,1225.440260179187,0.007722546024761287,7.722546024761288e+17,111,0.00069950583198822,6.995058319882199e+26,973.9871416379253,11.677908123211223,124.55258523723364,20.435692541084357,0.0,94.78693263973224,0.0061379250978132,7.359247601449423e-05,0.0007849122501140072,0.00012878275777663672,0.0,0.0005973334430429484,5356,2502,5642,0.18533333333333332,0.4179259259259259,1,0,0
flow,0.3,1.2,0,registered,during_vibration,flow_dump_0.3_1.2.shear.wave,2092,209200,209.20000000000002,0.2092,158683.45183699526,1193.6786053267394,0.007522388702212783,7.522388702212783e+17,106,0.0006679965602770389,6.679965602770389e+26,976.8119032677259,11.836286652669294,101.00589349794207,22.404912650233335,0.0,81.61960925816821,0.0061557263341557415,7.459055443807656e-05,0.000636524428531455,0.00014119249607229606,0.0,0.0005143548890152106,5322,2450,5728,0.1814814814814815,0.4242962962962963,1,0,0
flow,0.3,1.2,0,registered,during_vibration,flow_dump_0.3_1.2.shear.wave,2093,209300,209.3,0.20929999999999999,158683.45183699526,1161.248893626782,0.007318021382718938,7.318021382718938e+17,101,0.0006364872885658578,6.364872885658577e+26,919.4067596564615,23.147870575478663,116.7906712952121,20.487160488178827,0.0,81.41643161145052,0.005793967480622401,0.00014587450869960216,0.000735997799034415,0.00012910710128251996,0.0,0.0005130744930799974,5341,2421,5738,0.17933333333333334,0.42503703703703705,1,0,0
flow,0.3,1.2,0,registered,during_vibration,flow_dump_0.3_1.2.shear.wave,2094,209400,209.4,0.2094,158683.45183699526,1224.635710778374,0.007717475871626231,7.717475871626231e+17,103,0.0006490909972503302,6.490909972503302e+26,975.1403049599785,6.914484810142052,110.33921621291671,29.896207429357485,0.0,102.34549736597951,0.0061451921651015885,4.357407612512005e-05,0.0006953416688103099,0.0001884015446050911,0.0,0.0006449664169841232,5363,2469,5668,0.18288888888888888,0.41985185185185186,1,0,0
flow,0.3,1.2,0,registered,during_vibration,flow_dump_0.3_1.2.shear.wave,2095,209500,209.5,0.2095,158683.45183699526,1119.650175219918,0.007055872318495181,7.055872318495181e+17,98,0.0006175817255391491,6.1758172553914915e+26,921.4440764261656,0.0,101.40376225754274,34.92120957888786,0.0,61.88112695732205,0.005806806354154071,0.0,0.0006390317395017847,0.0002200683762208554,0.0,0.00038996584861847056,5363,2451,5686,0.18155555555555555,0.42118518518518516,1,0,0
flow,0.3,1.2,0,registered,during_vibration,flow_dump_0.3_1.2.shear.wave,2096,209600,209.6,0.20959999999999998,158683.45183699526,1231.3556299370578,0.007759823823355858,7.759823823355858e+17,107,0.0006742984146192752,6.742984146192752e+26,990.8372198944714,21.069183800068195,125.62204696110034,29.52279684850059,0.0,64.30438243291694,0.0062441118366412356,0.0001327749274178327,0.000791651842122412,0.00018604836551468112,0.0,0.00040523685165969584,5342,2367,5791,0.17533333333333334,0.428962962962963,1,0,0
flow,0.3,1.2,0,registered,during_vibration,flow_dump_0.3_1.2.shear.wave,2097,209700,209.70000000000002,0.2097,158683.45183699526,1172.5702449668984,0.007389366889821632,7.389366889821632e+17,100,0.0006301854342236216,6.301854342236216e+26,980.3859107180405,8.36319631277041,106.1139601416149,21.957233109386515,0.0,55.74994468508622,0.00617824920852569,5.270364499860612e-05,0.0006687147204903165,0.00013837128481388022,0.0,0.00035132803099313946,5367,2437,5696,0.18051851851851852,0.4219259259259259,1,0,0
flow,0.3,1.2,0,registered,during_vibration,flow_dump_0.3_1.2.shear.wave,2098,209800,209.8,0.2098,158683.45183699526,1169.6570791200045,0.00737100854297973,7.37100854297973e+17,104,0.0006553928515925665,6.553928515925665e+26,960.8437198350587,12.430313659359243,93.99520874865165,17.60530059219962,0.0,84.78253628473496,0.006055097168052963,7.833402610959119e-05,0.00059234411440209,0.000110946039983327,0.0,0.0005342871944317565,5357,2523,5620,0.18688888888888888,0.4162962962962963,1,0,0
flow,0.3,1.2,0,registered,during_vibration,flow_dump_0.3_1.2.shear.wave,2099,209900,209.9,0.2099,158683.4518369953,1229.8886263690179,0.007750578980550529,7.750578980550529e+17,105,0.0006616947059348026,6.616947059348026e+26,990.194036591119,15.506159587641452,107.29912837731668,23.041500114862927,0.0,93.84780169807715,0.006240058589148148,9.7717559128786e-05,0.0006761834780827542,0.00014520417755048518,0.0,0.0005914151766403507,5373,2517,5610,0.18644444444444444,0.41555555555555557,1,0,0
flow,0.3,1.2,0,registered,during_vibration,flow_dump_0.3_1.2.shear.wave,2100,210000,210.0,0.21,158683.45183699526,1126.8714292836248,0.007101379609772942,7.101379609772942e+17,101,0.0006364872885658578,6.364872885658577e+26,912.2478305853624,9.848853642760007,102.12078263280112,22.58884371280928,0.0,80.0651187098924,0.005748852952369934,6.206604109467612e-05,0.0006435502974670785,0.0001423516028376624,0.0,0.0005045587160035935,5324,2460,5716,0.18222222222222223,0.4234074074074074,1,0,0
flow,0.3,1.2,0,registered,during_vibration,flow_dump_0.3_1.2.shear.wave,2101,210100,210.1,0.21009999999999998,158683.45183699526,1184.3473892487793,0.0074635847376535456,7.463584737653545e+17,101,0.0006364872885658578,6.364872885658577e+26,967.6860104883652,23.114311656371555,105.92499470294425,10.870208283790298,0.0,76.7518641173082,0.006098216287117345,0.00014566302527950628,0.0006675238878200973,6.850246927421598e-05,0.0,0.0004836790681623827,5327,2426,5747,0.1797037037037037,0.4257037037037037,1,0,0
flow,0.3,1.2,0,registered,during_vibration,flow_dump_0.3_1.2.shear.wave,2102,210200,210.20000000000002,0.2102,158683.45183699526,1253.7446065496156,0.007900915892839932,7.900915892839932e+17,102,0.000642789142908094,6.42789142908094e+26,994.9757552861936,23.983586034503105,115.8836830707889,18.35624566219161,0.0,100.54533649593824,0.006270192283870058,0.00015114106579392926,0.0007302820913539765,0.00011567838643343691,0.0,0.0006336220653885299,5345,2447,5708,0.18125925925925926,0.4228148148148148,1,0,0
flow,0.3,1.2,0,registered,during_vibration,flow_dump_0.3_1.2.shear.wave,2103,210300,210.3,0.2103,158683.4518369953,1239.1041245021884,0.0078086537074769195,7.808653707476919e+17,108,0.0006806002689615112,6.806002689615112e+26,1005.5264498680784,10.557232743511861,121.9944467409257,24.885510850258648,0.0,76.14048429941371,0.006336681224334516,6.653014300669857e-05,0.0007687912339230073,0.0001568248646104689,0.0,0.00047982624160222866,5349,2489,5662,0.18437037037037038,0.4194074074074074,1,0,0
flow,0.3,1.2,0,registered,during_vibration,flow_dump_0.3_1.2.shear.wave,2104,210400,210.4,0.2104,158683.45183699526,1345.2005878124887,0.008477258165484843,8.477258165484842e+17,107,0.0006742984146192752,6.742984146192752e+26,1110.6445774122662,16.8642947859656,119.72117014512736,43.40035144092009,0.0,54.57019402820944,0.006999120352846597,0.0001062763293256889,0.0007544653759366717,0.0002735026931825401,0.0,0.0003438934141933445,5357,2402,5741,0.17792592592592593,0.4252592592592593,1,0,0
flow,0.3,1.2,0,registered,during_vibration,flow_dump_0.3_1.2.shear.wave,2105,210500,210.5,0.2105,158683.45183699526,1200.950490048719,0.007568215060524232,7.568215060524232e+17,108,0.0006806002689615113,6.806002689615113e+26,982.1717699472888,17.311358478772704,102.37439619681946,21.33620966542359,0.0,77.75675576041428,0.006189503433264152,0.0001090936595994615,0.0006451485332067375,0.00013445768552691197,0.0,0.0004900117489269676,5352,2408,5740,0.17837037037037037,0.42518518518518517,1,0,0
flow,0.3,1.2,0,registered,during_vibration,flow_dump_0.3_1.2.shear.wave,2106,210600,210.6,0.21059999999999998,158683.45183699526,1127.4643040192016,0.007105115819999739,7.105115819999739e+17,95,0.0005986761625124405,5.986761625124405e+26,926.3496232460463,8.4168748429013,92.64465265135772,24.48791404680544,0.0,75.56523923209102,0.00583772039568198,5.304191927679633e-05,0.0005838331065959245,0.0001543192674681681,0.0,0.0004762011309768712,5363,2514,5623,0.18622222222222223,0.4165185185185185,1,0,0
flow,0.3,1.2,0,registered,during_vibration,flow_dump_0.3_1.2.shear.wave,2107,210700,210.70000000000002,0.2107,158683.4518369953,1227.6434457732853,0.007736430179464207,7.736430179464207e+17,103,0.0006490909972503301,6.490909972503302e+26,989.2033277471406,20.50266244753432,122.36854247925861,7.28002405391571,0.0,88.28888904543682,0.006233815286317832,0.00012920479237239755,0.0007711487307760326,4.587765119575281e-05,0.0,0.0005563837188021974,5367,2540,5593,0.18814814814814815,0.4142962962962963,1,0,0
flow,0.3,1.2,0,registered,during_vibration,flow_dump_0.3_1.2.shear.wave,2108,210800,210.8,0.2108,158683.45183699526,1183.3347612381613,0.007457203303427762,7.457203303427762e+17,102,0.000642789142908094,6.42789142908094e+26,952.1658339251846,25.968104142762424,103.55732212068678,20.53488064138638,0.0,81.10862040814143,0.006000410395050393,0.00016364720985170966,0.0006526031600766045,0.00012940782673722317,0.0,0.0005111347117118351,5343,2480,5677,0.1837037037037037,0.4205185185185185,1,0,0
flow,0.3,1.2,0,registered,during_vibration,flow_dump_0.3_1.2.shear.wave,2109,210900,210.9,0.2109,158683.45183699526,1272.0958791686908,0.00801656293988001,8.01656293988001e+17,100,0.0006301854342236216,6.301854342236216e+26,1018.1329578545093,23.800862630124115,127.86110094794239,9.097348585542122,0.0,93.20360915057303,0.006416125601429241,0.00014998956951461535,0.0008057620342118939,5.7330165686635115e-05,0.0,0.0005873555690376257,5320,2429,5751,0.17992592592592593,0.426,1,0,0
flow,0.3,1.2,0,registered,during_vibration,flow_dump_0.3_1.2.shear.wave,2110,211000,211.0,0.211,158683.45183699526,1160.600028470786,0.007313932329018098,7.313932329018098e+17,90,0.0005671668908012594,5.671668908012594e+26,952.5462222173616,7.527062044256962,106.38101553828795,0.0,0.0,94.14572867087922,0.006002807546661183,4.7434448627882145e-05,0.0006703976647014584,0.0,0.0,0.0005932926690275729,5332,2444,5724,0.18103703703703702,0.424,1,0,0
flow,0.3,1.2,0,registered,during_vibration,flow_dump_0.3_1.2.shear.wave,2111,211100,211.1,0.21109999999999998,158683.45183699526,1104.4693939447614,0.006960205246097796,6.960205246097796e+17,96,0.0006049780168546768,6.049780168546768e+26,928.6323143543664,7.379535308860085,97.25693340160976,16.781455071148955,0.0,54.419155808775535,0.00585210558255493,4.6504756629825404e-05,0.0006128990280695129,0.00010575428550916201,0.0,0.0003429415933343613,5342,2485,5673,0.18407407407407408,0.4202222222222222,1,0,0
flow,0.3,1.2,0,registered,during_vibration,flow_dump_0.3_1.2.shear.wave,2112,211200,211.20000000000002,0.2112,158683.45183699526,1086.4909196527483,0.006846907519813892,6.846907519813892e+17,97,0.000611279871196913,6.112798711969129e+26,898.328187335529,3.1994194477878644,101.19442294058274,33.99876123589026,0.0,49.770128692958394,0.005661133388113593,2.016227533967695e-05,0.0006377125136181995,0.00021425524112504734,0.0,0.0003136441016173751,5338,2412,5750,0.17866666666666667,0.42592592592592593,1,0,0
flow,0.3,1.2,0,registered,during_vibration,flow_dump_0.3_1.2.shear.wave,2113,211300,211.3,0.2113,158683.45183699526,1208.1187525470082,0.007613388406675364,7.613388406675364e+17,101,0.0006364872885658578,6.364872885658577e+26,980.1916400255142,11.36686241830702,106.94678908162666,31.712477880232903,0.0,77.90098314132776,0.0061770249429184245,7.163231128840976e-05,0.0006739630871622697,0.00019984741643261567,0.0,0.0004909206488736466,5323,2392,5785,0.1771851851851852,0.4285185185185185,1,0,0
flow,0.3,1.2,0,registered,during_vibration,flow_dump_0.3_1.2.shear.wave,2114,211400,211.4,0.21139999999999998,158683.45183699526,1196.0444675941656,0.007537298021615895,7.537298021615895e+17,105,0.0006616947059348027,6.616947059348027e+26,973.4150819197199,6.386687281813948,98.59314684270058,23.426372796376018,0.0,94.22317875355517,0.006134320060794009,4.0247972979404046e-05,0.0006213196505454055,0.00014762958912968658,0.0,0.0005937807481673908,5338,2465,5697,0.18259259259259258,0.422,1,0,0
flow,0.3,1.2,0,registered,during_vibration,flow_dump_0.3_1.2.shear.wave,2115,211500,211.5,0.2115,158683.45183699526,1168.7156460122967,0.0073650757686619965,7.365075768661997e+17,96,0.0006049780168546768,6.049780168546768e+26,962.740543521528,16.481588322795155,115.8631536701383,0.0,0.0,73.63036049783516,0.006067050674637996,0.00010386456893895635,0.000730152718061343,0.0,0.0,0.0004640078070237004,5353,2548,5599,0.18874074074074074,0.41474074074074074,1,0,0
flow,0.3,1.2,0,registered,during_vibration,flow_dump_0.3_1.2.shear.wave,2116,211600,211.6,0.21159999999999998,158683.45183699526,1252.795385545578,0.007894934040333895,7.894934040333896e+17,109,0.0006869021233037475,6.869021233037475e+26,1022.546759809028,22.293017220215823,117.53024143143159,12.529997951234565,0.0,77.89536913366771,0.006443940738442096,0.0001404873473707638,0.000740658462308738,7.896222199719844e-05,0.0,0.0004908852702150968,5351,2512,5637,0.1860740740740741,0.41755555555555557,1,0,0
flow,0.3,1.2,0,registered,during_vibration,flow_dump_0.3_1.2.shear.wave,2117,211700,211.70000000000002,0.2117,158683.45183699526,1149.488473981701,0.007243908931112064,7.243908931112064e+17,92,0.0005797705994857318,5.7977059948573184e+26,926.4392775338993,23.78806760139571,113.24134807100124,14.399844082833038,0.0,71.61993669257178,0.005838285383945186,0.0001499089371072642,0.0007136304810619219,9.074571996092586e-05,0.0,0.0004513384090367664,5315,2479,5706,0.18362962962962964,0.4226666666666667,1,0,0
flow,0.3,1.2,0,registered,during_vibration,flow_dump_0.3_1.2.shear.wave,2118,211800,211.8,0.2118,158683.4518369953,1187.0034362219096,0.007480322758804349,7.48032275880435e+17,104,0.0006553928515925663,6.553928515925663e+26,927.8282793161923,21.25511606739463,118.06665530811657,24.111855970963813,0.0,95.74152955924238,0.005847038670858302,0.0001339466454840456,0.0007440388644267608,0.0001519494042499925,0.0,0.0006033491737852485,5324,2432,5744,0.18014814814814814,0.42548148148148146,1,0,0
flow,0.3,1.2,0,registered,during_vibration,flow_dump_0.3_1.2.shear.wave,2119,211900,211.9,0.21189999999999998,158683.45183699526,1197.9889124588028,0.007549551629929349,7.549551629929349e+17,100,0.0006301854342236216,6.301854342236216e+26,952.6996565975596,20.63468560680452,115.14052904377459,27.981932016404116,0.0,81.53210919426049,0.006003774467776283,0.0001300367830919202,0.0007255988429218861,0.00017633805978173488,0.0,0.0005138034763575277,5328,2467,5705,0.18274074074074073,0.4225925925925926,1,0,0
flow,0.3,1.2,0,registered,during_vibration,flow_dump_0.3_1.2.shear.wave,2120,212000,212.0,0.212,158683.45183699526,1056.434388343265,0.006657495637468666,6.657495637468666e+17,95,0.0005986761625124405,5.986761625124405e+26,852.2181913195116,9.042524165134258,113.36605179626028,33.14369070345633,0.0,48.663930358902654,0.005370554909499559,5.698467017482724e-05,0.0007144163457744386,0.00020886671117731036,0.0,0.0003066730008425315,5317,2461,5722,0.1822962962962963,0.42385185185185187,1,0,0
flow,0.3,1.2,0,registered,during_vibration,flow_dump_0.3_1.2.shear.wave,2121,212100,212.1,0.21209999999999998,158683.45183699526,1148.8933679974632,0.007240158659881204,7.240158659881204e+17,100,0.0006301854342236216,6.301854342236216e+26,953.6028907068431,12.455369182741013,107.6780190380724,34.361264263349284,0.0,40.79582480645817,0.006009466517569927,7.849192236841159e-05,0.0006785711918384706,0.00021653968240271379,0.0,0.00025708934570168636,5310,2391,5799,0.1771111111111111,0.4295555555555556,1,0,0
flow,0.3,1.2,0,registered,during_vibration,flow_dump_0.3_1.2.shear.wave,2122,212200,212.20000000000002,0.2122,158683.4518369953,1119.5093220434928,0.007054984682293706,7.054984682293706e+17,94,0.0005923743081702042,5.923743081702042e+26,941.5107884848529,6.19914702220402,100.22271137633321,11.656728087158353,0.0,59.91994707294446,0.005933263850675513,3.90661215800371e-05,0.0006315889288776323,7.345900251232572e-05,0.0,0.0003776067786481992,5317,2432,5751,0.18014814814814814,0.426,1,0,0
flow,0.3,1.2,0,registered,during_vibration,flow_dump_0.3_1.2.shear.wave,2123,212300,212.3,0.2123,158683.45183699526,1087.0333106954083,0.006850325589161268,6.850325589161268e+17,94,0.0005923743081702043,5.9237430817020434e+26,926.6111462191586,6.657449696219221,74.90591227999239,11.948384857987172,0.0,66.91041764205114,0.005839368475365682,4.195427827633827e-05,0.00047204614856083513,7.529698100001591e-05,0.0,0.00042165970595839874,5334,2519,5647,0.1865925925925926,0.4182962962962963,1,0,0
flow,0.3,1.2,0,registered,during_vibration,flow_dump_0.3_1.2.shear.wave,2124,212400,212.4,0.21239999999999998,158683.45183699526,1182.8637806991167,0.007454235252672675,7.454235252672676e+17,97,0.000611279871196913,6.112798711969129e+26,959.3031634346265,15.938548108238049,108.50467529107861,21.985725150185868,0.0,77.13166871498784,0.0060453888060114395,0.00010044240860484077,0.0006837806591360144,0.00013855083750491078,0.0,0.0004860725414154714,5335,2527,5638,0.18718518518518518,0.41762962962962963,1,0,0
flow,0.3,1.2,0,registered,during_vibration,flow_dump_0.3_1.2.shear.wave,2125,212500,212.5,0.2125,158683.45183699526,1181.5336283527515,0.007445852826332899,7.445852826332899e+17,100,0.0006301854342236216,6.301854342236216e+26,988.2623113865698,24.580816948749504,106.82347702098902,11.509745288518857,0.0,50.35727770792394,0.006227885138279854,0.00015490472802419064,0.0006731859925174903,7.253273832448539e-05,0.0,0.0003173442291868755,5303,2481,5716,0.1837777777777778,0.4234074074074074,1,0,0
flow,0.3,1.2,0,registered,during_vibration,flow_dump_0.3_1.2.shear.wave,2126,212600,212.6,0.21259999999999998,158683.4518369953,1251.2393016232445,0.007885127826111052,7.885127826111052e+17,98,0.000617581725539149,6.17581725539149e+26,958.5340321898234,17.418591570932136,130.58807857605547,18.070568984336006,0.0,126.62803030209705,0.006040541852936627,0.00010976942692691781,0.0008229470500187992,0.00011387809362061692,0.0,0.0007979914026080893,5310,2448,5742,0.18133333333333335,0.42533333333333334,1,0,0
flow,0.3,1.2,0,registered,during_vibration,flow_dump_0.3_1.2.shear.wave,2127,212700,212.70000000000002,0.2127,158683.45183699526,1198.6017372556018,0.007553413562536086,7.553413562536087e+17,99,0.0006238835798813854,6.238835798813854e+26,949.0632468783436,17.802786442673103,124.92643950881278,8.3569341170071,0.0,98.45233030876445,0.0059808583433970915,0.00011219056704766353,0.0007872682252787217,5.266418155304317e-05,0.0,0.0006204322452595614,5307,2472,5721,0.1831111111111111,0.42377777777777775,1,0,0
flow,0.3,1.2,0,registered,during_vibration,flow_dump_0.3_1.2.shear.wave,2128,212800,212.8,0.2128,158683.45183699526,1096.57973737475,0.006910485779583318,6.910485779583318e+17,101,0.0006364872885658578,6.364872885658577e+26,898.0333732959435,0.0,113.75109351992147,11.321520300571251,0.0,73.47375025831366,0.0056592755129780785,0.0,0.000716842822632635,7.13465718668704e-05,0.0,0.0004630208721057332,5296,2512,5692,0.1860740740740741,0.42162962962962963,1,0,0
flow,0.3,1.2,0,registered,during_vibration,flow_dump_0.3_1.2.shear.wave,2129,212900,212.9,0.21289999999999998,158683.45183699526,1169.9226471706338,0.007372682114152747,7.372682114152748e+17,101,0.0006364872885658578,6.364872885658577e+26,963.8327280665935,13.043809611942638,113.9345542903801,33.475593118504676,0.0,45.63596208321219,0.00607393346255584,8.220018824232321e-05,0.0007179989656855798,0.0002109583118527815,0.0,0.00028759118581621806,5287,2413,5800,0.17874074074074073,0.42962962962962964,1,0,0
flow,0.3,1.2,0,registered,during_vibration,flow_dump_0.3_1.2.shear.wave,2130,213000,213.0,0.213,158683.4518369953,1162.3176365914885,0.007324756445211807,7.324756445211807e+17,100,0.0006301854342236215,6.301854342236214e+26,982.9219449593845,7.532494158977325,109.62094096204889,29.69885960565813,0.0,32.54339690541975,0.006194230926921563,4.746868102362018e-05,0.0006908152028017075,0.0001871578873653804,0.0,0.00020508374709953605,5306,2433,5761,0.18022222222222223,0.42674074074074075,1,0,0
flow,0.3,1.2,0,registered,during_vibration,flow_dump_0.3_1.2.shear.wave,2131,213100,213.1,0.21309999999999998,158683.45183699526,1177.026168811224,0.007417447472848669,7.41744747284867e+17,98,0.0006175817255391491,6.1758172553914915e+26,1000.4491531954106,6.551658522151259,91.96705714019483,8.164463429846357,0.0,69.89383652362156,0.006304684840251044,4.1287597706667824e-05,0.000579562998381623,5.1451259317406055e-05,0.0,0.00044046077719193277,5332,2511,5657,0.186,0.41903703703703704,1,0,0
flow,0.3,1.2,0,registered,during_vibration,flow_dump_0.3_1.2.shear.wave,2132,213200,213.20000000000002,0.2132,158683.45183699526,1157.5951004735816,0.007294995710470809,7.29499571047081e+17,99,0.0006238835798813854,6.238835798813854e+26,995.4552323026671,16.073795372091833,88.04465810285045,10.795564271398973,0.0,47.22585042457326,0.006273213878188324,0.00010129471716183332,0.0005548446109761512,6.803207358060578e-05,0.0,0.00029761043056389505,5344,2556,5600,0.18933333333333333,0.4148148148148148,1,0,0
flow,0.3,1.2,0,registered,during_vibration,flow_dump_0.3_1.2.shear.wave,2133,213300,213.3,0.2133,158683.45183699526,1221.4615566826994,0.007697472814855478,7.697472814855478e+17,106,0.0006679965602770389,6.679965602770389e+26,1005.4057917075218,10.607264328358985,109.7904010742528,19.933939964932833,0.0,75.72415960763334,0.006335920854181487,6.684543476691639e-05,0.0006918831157456357,0.00012562078612588803,0.0,0.00047720262403555243,5305,2506,5689,0.18562962962962962,0.4214074074074074,1,0,0
flow,0.3,1.2,0,registered,during_vibration,flow_dump_0.3_1.2.shear.wave,2134,213400,213.4,0.21339999999999998,158683.45183699526,1253.9245895910396,0.007902050119751059,7.902050119751059e+17,99,0.0006238835798813854,6.238835798813854e+26,1022.4904350497701,17.000591487532375,122.21868344995761,8.023786796977067,0.0,84.19109280680216,0.0064435857880133915,0.00010713525128628995,0.000770204341001509,5.056473566770755e-05,0.0,0.0005305600037821584,5301,2450,5749,0.1814814814814815,0.42585185185185187,1,0,0
flow,0.3,1.2,0,registered,during_vibration,flow_dump_0.3_1.2.shear.wave,2135,213500,213.5,0.2135,158683.45183699526,1169.4470834588942,0.007369685180910911,7.369685180910911e+17,99,0.0006238835798813854,6.238835798813854e+26,941.8483731717116,13.644386827747883,106.61827990676294,5.6832467044998,0.0,101.652796848172,0.005935391260200267,8.598493837759363e-05,0.0006718928701921903,3.581499292275173e-05,0.0,0.0006406011192181087,5305,2474,5721,0.18325925925925926,0.42377777777777775,1,0,0
flow,0.3,1.2,0,registered,during_vibration,flow_dump_0.3_1.2.shear.wave,2136,213600,213.6,0.21359999999999998,158683.45183699526,1145.8458679933035,0.007220953758747026,7.220953758747026e+17,94,0.0005923743081702043,5.9237430817020434e+26,979.6251131595445,0.0,100.23729740831301,18.209567187634256,0.0,47.77389023781174,0.00617345477312812,0.0,0.0006316808479266004,0.00011475404005163506,0.0,0.0003010640976406703,5308,2510,5682,0.18592592592592594,0.42088888888888887,1,0,0
flow,0.3,1.2,0,registered,during_vibration,flow_dump_0.3_1.2.shear.wave,2137,213700,213.70000000000002,0.2137,158683.4518369953,1103.0468081743213,0.006951240317783144,6.951240317783144e+17,97,0.0006112798711969128,6.1127987119691286e+26,914.5169606850797,6.946830149946688,111.00477773746078,30.303797900268307,0.0,40.274441701566495,0.005763152679741935,4.3777911745218994e-05,0.0006995359405937831,0.00019097012038405453,0.0,0.00025380366531815613,5299,2434,5767,0.1802962962962963,0.42718518518518517,1,0,0
flow,0.3,1.2,0,registered,during_vibration,flow_dump_0.3_1.2.shear.wave,2138,213800,213.8,0.2138,158683.45183699526,1166.2620527310019,0.007349613581188187,7.349613581188187e+17,95,0.0005986761625124405,5.986761625124405e+26,983.3591892809653,7.254459644120193,109.05287805034402,28.288579972554434,0.0,38.30694578301817,0.006196986376948137,4.5716548008876234e-05,0.000687235353074917,0.00017827051053573862,0.0,0.00024140479262052037,5283,2421,5796,0.17933333333333334,0.42933333333333334,1,0,0
flow,0.3,1.2,0,registered,during_vibration,flow_dump_0.3_1.2.shear.wave,2139,213900,213.9,0.21389999999999998,158683.45183699526,1127.5906246647535,0.007105911874308424,7.105911874308424e+17,99,0.0006238835798813854,6.238835798813854e+26,957.9842723291067,5.085803394010663,89.81134250641614,17.713039833442217,0.0,56.99616660177798,0.006037077346371183,3.204999220230578e-05,0.0005659779987561226,0.0001116249969885809,0.0,0.00035918153999023333,5328,2497,5675,0.18496296296296297,0.4203703703703704,1,0,0
flow,0.3,1.2,0,registered,during_vibration,flow_dump_0.3_1.2.shear.wave,2140,214000,214.0,0.214,158683.45183699526,1145.1683363408283,0.007216684052960873,7.216684052960873e+17,95,0.0005986761625124405,5.986761625124405e+26,974.2520973824342,0.0,108.37756118684159,0.0,0.0,62.538677771552265,0.006139594810322234,0.0,0.0006829796045662689,0.0,0.0,0.0003941096380723682,5335,2551,5614,0.18896296296296297,0.41585185185185186,1,0,0
flow,0.3,1.2,0,registered,during_vibration,flow_dump_0.3_1.2.shear.wave,2141,214100,214.1,0.21409999999999998,158683.4518369953,1270.3246976883306,0.008005401212177113,8.005401212177114e+17,102,0.0006427891429080939,6.427891429080939e+26,1054.5006928069415,14.102275947720454,113.52524284248314,11.142660697766757,0.0,77.05382539341846,0.006645309769856521,8.887048891655547e-05,0.0007154195445603232,7.021942470228625e-05,0.0,0.00048558198414142527,5318,2537,5645,0.1879259259259259,0.41814814814814816,1,0,0
flow,0.3,1.2,0,registered,during_vibration,flow_dump_0.3_1.2.shear.wave,2142,214200,214.20000000000002,0.2142,158683.45183699526,1204.0817390117504,0.007587947735398533,7.587947735398533e+17,98,0.0006175817255391491,6.1758172553914915e+26,963.5772629142778,25.84136007575662,113.70991055778589,21.58051391580625,0.0,79.37269154812333,0.006072323558376429,0.00016284848720269645,0.0007165832936038747,0.0001359972553280127,0.0,0.0005001951408875168,5304,2493,5703,0.18466666666666667,0.42244444444444446,1,0,0
flow,0.3,1.2,0,registered,during_vibration,flow_dump_0.3_1.2.shear.wave,2143,214300,214.3,0.2143,158683.45183699526,1207.9899114267366,0.0076125764687021225,7.612576468702122e+17,99,0.0006238835798813854,6.238835798813854e+26,969.9223673497643,15.623043323553823,115.71576209520023,23.883187846529665,0.0,82.84555081168887,0.0061123094823151425,9.845414340748218e-05,0.0007292238778248105,0.0001505083710370962,0.0,0.0005220805941175925,5316,2452,5732,0.18162962962962964,0.4245925925925926,1,0,0
flow,0.3,1.2,0,registered,during_vibration,flow_dump_0.3_1.2.shear.wave,2144,214400,214.4,0.21439999999999998,158683.45183699526,1254.802677768062,0.007907583703542293,7.907583703542294e+17,102,0.000642789142908094,6.42789142908094e+26,1035.6781585132164,7.175686208219073,126.64188109609569,18.411728790027944,0.0,66.8952231605025,0.006526692900385721,4.522012928978989e-05,0.0007980786882943932,0.00011602803302351314,0.0,0.00042156395254887334,5312,2484,5704,0.184,0.4225185185185185,1,0,0
flow,0.3,1.2,0,registered,during_vibration,flow_dump_0.3_1.2.shear.wave,2145,214500,214.5,0.2145,158683.4518369953,1183.3778677118992,0.0074574749541464645,7.457474954146464e+17,102,0.0006427891429080939,6.427891429080939e+26,960.7951328517546,10.594484802588898,110.83729887666446,34.12741575772859,0.0,67.0235354231626,0.006054790979961251,6.676490005695044e-05,0.0006984805132076411,0.00021506600318214254,0.0,0.00042237255773848,5292,2470,5738,0.18296296296296297,0.42503703703703705,1,0,0
flow,0.3,1.2,0,registered,during_vibration,flow_dump_0.3_1.2.shear.wave,2146,214600,214.6,0.21459999999999999,158683.45183699526,1176.2867528990803,0.007412787781472008,7.412787781472008e+17,101,0.0006364872885658578,6.364872885658577e+26,973.461308187519,7.947260705760874,114.65422013419541,39.010383004258365,0.0,41.213580867346245,0.006134611372000463,5.0082479387482414e-05,0.0007225341950083863,0.00024583775152768345,0.0,0.00025972198354798934,5288,2417,5795,0.17903703703703705,0.4292592592592593,1,0,0
flow,0.3,1.2,0,registered,during_vibration,flow_dump_0.3_1.2.shear.wave,2147,214700,214.70000000000002,0.2147,158683.45183699526,1166.1292523375944,0.0073487766924523416,7.348776692452342e+17,101,0.0006364872885658578,6.364872885658577e+26,959.4550019525814,0.0,112.00108025894238,17.749215806075618,0.0,76.92395431999569,0.006046345670235132,0.0,0.0007058144939649629,0.00011185297269880532,0.0,0.00048476355555344513,5294,2458,5748,0.18207407407407408,0.42577777777777776,1,0,0
flow,0.3,1.2,0,registered,during_vibration,flow_dump_0.3_1.2.shear.wave,2148,214800,214.8,0.2148,158683.45183699526,1141.135604096953,0.007191270361758731,7.191270361758732e+17,89,0.0005608650364590232,5.6086503645902325e+26,980.8183903307771,0.0,90.79197452472434,18.44502488434057,0.0,51.08021435711103,0.006180974632051144,0.0,0.000572157798898834,0.00011623786016003667,0.0,0.0003219000706487169,5318,2540,5642,0.18814814814814815,0.4179259259259259,1,0,0
flow,0.3,1.2,0,registered,during_vibration,flow_dump_0.3_1.2.shear.wave,2149,214900,214.9,0.21489999999999998,158683.4518369953,1232.1004854142564,0.0077645177940791794,7.76451779407918e+17,96,0.0006049780168546767,6.0497801685467664e+26,1024.2303428439345,12.760637990088942,99.22492937445742,6.568476063069248,7.064643801201464,82.25145534150457,0.006454550433501136,8.04156819275464e-05,0.0006253010520365063,4.139357939992758e-05,4.45203562149536e-05,0.0005183366909991086,5314,2536,5650,0.18785185185185185,0.4185185185185185,1,0,0
flow,0.3,1.2,0,registered,during_vibration,flow_dump_0.3_1.2.shear.wave,2150,215000,215.0,0.215,158683.45183699526,1144.6424892984883,0.00721337024149375,7.21337024149375e+17,98,0.0006175817255391491,6.1758172553914915e+26,926.4337829356951,5.239470714830852,108.51782955330259,16.28872067432179,0.0,88.16268542033805,0.005838250757787634,3.30183812752763e-05,0.0006838635553805295,0.0001026491451109476,0.0,0.0005555884019393628,5293,2481,5726,0.1837777777777778,0.42414814814814816,1,0,0
flow,0.3,1.2,0,registered,during_vibration,flow_dump_0.3_1.2.shear.wave,2151,215100,215.1,0.21509999999999999,158683.45183699526,1261.5433179461309,0.007950062236117907,7.950062236117907e+17,95,0.0005986761625124405,5.986761625124405e+26,1019.024222741648,17.317740557880043,106.64771868321567,15.171451532609314,0.0,103.38218443077712,0.006421742222928339,0.00010913387853239658,0.0006720783890734091,9.56082777188003e-05,0.0,0.0006514994678649581,5295,2428,5777,0.17985185185185185,0.42792592592592593,1,0,0
flow,0.3,1.2,0,registered,during_vibration,flow_dump_0.3_1.2.shear.wave,2152,215200,215.20000000000002,0.2152,158683.45183699526,1221.9345169149947,0.007700453341349072,7.700453341349071e+17,106,0.0006679965602770389,6.679965602770389e+26,1016.0540460304583,20.88446133214955,108.10577214205667,0.0,0.0,76.89023741033017,0.006403024601923719,0.00013161083333127098,0.0006812668295942188,0.0,0.0,0.0004845510764998627,5320,2468,5712,0.18281481481481482,0.4231111111111111,1,0,0
flow,0.3,1.2,0,registered,during_vibration,flow_dump_0.3_1.2.shear.wave,2153,215300,215.3,0.2153,158683.45183699526,1140.2007922305768,0.0071853793135394336,7.185379313539433e+17,101,0.0006364872885658578,6.364872885658577e+26,958.1651001861428,6.561500507152435,106.83530912410149,17.445642254842674,0.0,51.19324015833696,0.006038216897187243,4.134962046258371e-05,0.0006732605567078674,0.00010993989639677992,0.0,0.0003226123427849572,5298,2520,5682,0.18666666666666668,0.42088888888888887,1,0,0
flow,0.3,1.2,0,registered,during_vibration,flow_dump_0.3_1.2.shear.wave,2154,215400,215.4,0.21539999999999998,158683.45183699526,1119.3425815146782,0.00705393390776817,7.05393390776817e+17,101,0.0006364872885658578,6.364872885658577e+26,944.3585622813952,0.0,97.08864144070307,29.128115507046715,0.0,48.767262285533306,0.0059512101063409605,0.0,0.0006118384766449097,0.0001835611411892404,0.0,0.0003073241835930605,5280,2418,5802,0.1791111111111111,0.42977777777777776,1,0,0
flow,0.3,1.2,0,registered,during_vibration,flow_dump_0.3_1.2.shear.wave,2155,215500,215.5,0.2155,158683.45183699526,1118.0700461030908,0.007045914574959009,7.045914574959009e+17,96,0.0006049780168546768,6.049780168546768e+26,974.6941444967981,0.0,91.08007909556517,23.17284697936358,0.0,29.12297553136401,0.006142380526849361,0.0,0.0005739733919396053,0.00014603190635887776,0.0,0.00018352874981116535,5279,2437,5784,0.18051851851851852,0.42844444444444446,1,0,0
flow,0.3,1.2,0,registered,during_vibration,flow_dump_0.3_1.2.shear.wave,2156,215600,215.6,0.21559999999999999,158683.45183699526,1210.7643790974796,0.007630060759840388,7.630060759840388e+17,102,0.000642789142908094,6.42789142908094e+26,988.866982597547,0.0,105.32964872332025,27.728833110012335,0.0,88.83891466659954,0.006231695688176376,0.0,0.000663772104173271,0.0001747430673394746,0.0,0.000559849900151263,5323,2507,5670,0.1857037037037037,0.42,1,0,0
flow,0.3,1.2,0,registered,during_vibration,flow_dump_0.3_1.2.shear.wave,2157,215700,215.70000000000002,0.2157,158683.45183699526,1195.4353648120248,0.007533459544603393,7.533459544603393e+17,97,0.000611279871196913,6.112798711969129e+26,994.6049131606426,10.987958316924022,88.14912273836299,16.803591449072528,0.0,84.88977914702217,0.00626785529081087,6.924451283181819e-05,0.000555502931893066,0.00010589378573850106,0.0,0.000534963023329135,5332,2542,5626,0.1882962962962963,0.41674074074074074,1,0,0
flow,0.3,1.2,0,registered,during_vibration,flow_dump_0.3_1.2.shear.wave,2158,215800,215.8,0.2158,158683.45183699526,1287.0220590699762,0.008110625551503926,8.110625551503926e+17,110,0.0006932039776459838,6.932039776459838e+26,1082.062749121421,15.899844291345751,106.00544251816359,14.168377945093003,0.0,68.88564519395244,0.0068190018341228835,0.00010019850278829694,0.0006680308582337608,8.928705407572818e-05,0.0,0.0004341073022832525,5293,2502,5705,0.18533333333333332,0.4225925925925926,1,0,0
flow,0.3,1.2,0,registered,during_vibration,flow_dump_0.3_1.2.shear.wave,2159,215900,215.9,0.21589999999999998,158683.45183699526,1151.976236045387,0.007259586445275554,7.259586445275553e+17,95,0.0005986761625124405,5.986761625124405e+26,948.2945789723567,16.547223654821572,105.5026286858151,9.710564403695095,0.0,71.9212403286987,0.00597601431021601,0.00010427819324109115,0.000664862198701039,6.119456245299036e-05,0.0,0.00045323718066442434,5288,2432,5780,0.18014814814814814,0.42814814814814817,1,0,0
flow,0.3,1.2,0,registered,during_vibration,flow_dump_0.3_1.2.shear.wave,2160,216000,216.0,0.216,158683.4518369953,1224.3807686011926,0.007715869263159939,7.71586926315994e+17,97,0.0006112798711969128,6.1127987119691286e+26,1013.4645288077514,13.81654714224538,102.17526745795055,6.042744648741235,0.0,88.88168054450398,0.006386705841569508,8.706986760307042e-05,0.0006438936528990323,3.80804966036946e-05,0.0,0.0005601194044846345,5334,2457,5709,0.182,0.42288888888888887,1,0,0
flow,0.3,1.2,0,registered,during_vibration,flow_dump_0.3_1.2.shear.wave,2161,216100,216.1,0.2161,158683.45183699526,1146.509479905303,0.007225135744356219,7.225135744356219e+17,102,0.000642789142908094,6.42789142908094e+26,973.6609865197178,8.444019990441284,95.88148576747656,20.214029425015955,0.0,48.30895820265129,0.006135869715765281,5.321298404269181e-05,0.0006042311574238321,0.00012738586910612744,0.0,0.0003044360180182859,5315,2490,5695,0.18444444444444444,0.42185185185185187,1,0,0
flow,0.3,1.2,0,registered,during_vibration,flow_dump_0.3_1.2.shear.wave,2162,216200,216.20000000000002,0.2162,158683.45183699526,1111.1915885231658,0.0070025675371910715,7.002567537191072e+17,96,0.0006049780168546768,6.049780168546768e+26,893.0383678760969,8.58984769659128,104.39003515737768,34.08185098098822,0.0,71.09148681211164,0.005627797716383525,5.4131969005911515e-05,0.0006578507963427118,0.00021477886059598827,0.0,0.00044800819486293445,5278,2426,5796,0.1797037037037037,0.42933333333333334,1,0,0
flow,0.3,1.2,0,registered,during_vibration,flow_dump_0.3_1.2.shear.wave,2163,216300,216.3,0.2163,158683.45183699526,1123.7676524746785,0.007081820060412152,7.081820060412152e+17,95,0.0005986761625124405,5.986761625124405e+26,951.6888893859818,0.0,102.30875238859143,40.64824343283859,0.0,29.121767267266115,0.005997404760035011,0.0,0.0006447348554888148,0.00025615930938150864,0.0,0.00018352113550681347,5272,2430,5798,0.18,0.42948148148148146,1,0,0
flow,0.3,1.2,0,registered,during_vibration,flow_dump_0.3_1.2.shear.wave,2164,216400,216.4,0.21639999999999998,158683.4518369953,1171.3392762211581,0.00738160950408613,7.38160950408613e+17,101,0.0006364872885658577,6.364872885658577e+26,998.9401066135285,0.0,96.99132047942271,17.60613719851535,0.0,57.801711929691535,0.006295175048496372,0.0,0.0006112251741224743,0.0001109513121544705,0.0,0.00036425796931281344,5308,2488,5704,0.1842962962962963,0.4225185185185185,1,0,0
flow,0.3,1.2,0,registered,during_vibration,flow_dump_0.3_1.2.shear.wave,2165,216500,216.5,0.2165,158683.45183699526,1134.696991633521,0.007150695163848076,7.150695163848076e+17,91,0.0005734687451434957,5.734687451434957e+26,976.1993286772046,0.0,90.43218441187132,6.4658984949275,0.0,61.599580049517044,0.006151865978312521,0.0,0.0005698904540138575,4.074715050671748e-05,0.0,0.0003881915810149764,5320,2532,5648,0.18755555555555556,0.4183703703703704,1,0,0
flow,0.3,1.2,0,registered,during_vibration,flow_dump_0.3_1.2.shear.wave,2166,216600,216.6,0.2166,158683.45183699526,1206.179407340712,0.007601166935665971,7.601166935665971e+17,103,0.0006490909972503302,6.490909972503302e+26,1004.975282790259,10.842791117678694,100.2841171332975,12.767428123809536,0.0,77.30978817566793,0.006333207849691863,6.832969028690374e-05,0.0006319758990137961,8.045847236121791e-05,0.0,0.00048719502431219505,5300,2502,5698,0.18533333333333332,0.4220740740740741,1,0,0
flow,0.3,1.2,0,registered,during_vibration,flow_dump_0.3_1.2.shear.wave,2167,216700,216.70000000000002,0.2167,158683.45183699526,1154.5169147827892,0.00727559743260908,7.275597432609079e+17,98,0.0006175817255391491,6.1758172553914915e+26,916.1267477280028,11.678664037588547,107.89418230121522,15.066022571166906,0.0,103.75129814481545,0.005773297323208457,7.359723967679532e-05,0.0006799334212369391,9.494387976033701e-05,0.0,0.0006538255687265495,5283,2471,5746,0.18303703703703703,0.42562962962962964,1,0,0
flow,0.3,1.2,0,registered,during_vibration,flow_dump_0.3_1.2.shear.wave,2168,216800,216.8,0.2168,158683.4518369953,1176.3910417632346,0.007413444994703425,7.413444994703424e+17,104,0.0006553928515925663,6.553928515925663e+26,961.9127069763836,13.297233134814466,108.82286566074737,17.592959985756693,0.0,74.76527600553283,0.006061833769311314,8.379722637035781e-05,0.000685785848498769,0.00011086827127902879,0.0,0.00047115987924395615,5315,2439,5746,0.18066666666666667,0.42562962962962964,1,0,0
flow,0.3,1.2,0,registered,during_vibration,flow_dump_0.3_1.2.shear.wave,2169,216900,216.9,0.21689999999999998,158683.45183699526,1168.9987342058132,0.007366859749223544,7.366859749223544e+17,96,0.0006049780168546768,6.049780168546768e+26,975.6189342712919,4.058499920039863,111.70113918395379,24.55171542745473,0.0,53.068445403072566,0.00614820841730541,2.5576075344068546e-05,0.0007039243089991311,0.00015472133447585348,0.0,0.0003344296130990784,5306,2466,5728,0.18266666666666667,0.4242962962962963,1,0,0
flow,0.3,1.2,0,registered,during_vibration,flow_dump_0.3_1.2.shear.wave,2170,217000,217.0,0.217,158683.45183699526,1130.4507918607317,0.007123936231371921,7.123936231371921e+17,95,0.0005986761625124405,5.986761625124405e+26,951.6539604887136,6.516559194628568,99.78338275535489,27.24879170607781,0.0,45.24809771595649,0.005997184643212092,4.106640685710938e-05,0.0006288203438998516,0.00017171791633363662,0.0,0.00028514692106922904,5282,2454,5764,0.1817777777777778,0.426962962962963,1,0,0
flow,0.3,1.2,0,registered,during_vibration,flow_dump_0.3_1.2.shear.wave,2171,217100,217.1,0.2171,158683.45183699526,1204.005314157852,0.007587466117101138,7.587466117101138e+17,98,0.0006175817255391491,6.1758172553914915e+26,1017.7528720672328,0.0,114.11015586810544,37.358321684994884,0.0,34.78396453751878,0.006413730356160271,0.0,0.0007191055812506717,0.0002354267017292424,0.0,0.00021920347796095327,5258,2407,5835,0.17829629629629629,0.43222222222222223,1,0,0
flow,0.3,1.2,0,registered,during_vibration,flow_dump_0.3_1.2.shear.wave,2172,217200,217.20000000000002,0.21719999999999998,158683.45183699526,1203.7789484486823,0.0075860395933738745,7.586039593373874e+17,98,0.0006175817255391491,6.1758172553914915e+26,1013.6246907862809,0.0,103.58916663404847,18.794387891541056,0.0,67.77070313681202,0.006387715159029366,0.0,0.0006528038395614093,0.00011843949494397977,0.0,0.00042708109983912037,5301,2467,5732,0.18274074074074073,0.4245925925925926,1,0,0
flow,0.3,1.2,0,registered,during_vibration,flow_dump_0.3_1.2.shear.wave,2173,217300,217.3,0.2173,158683.45183699526,1131.5647077367894,0.007130955966972341,7.130955966972342e+17,92,0.0005797705994857318,5.7977059948573184e+26,996.9980877162681,0.0,85.37003170017513,14.334282817276069,0.0,34.862305503070026,0.0062829367282759676,0.0,0.0005379895049665921,9.033256241489317e-05,0.0,0.00021969717131488736,5333,2517,5650,0.18644444444444444,0.4185185185185185,1,0,0
flow,0.3,1.2,0,registered,during_vibration,flow_dump_0.3_1.2.shear.wave,2174,217400,217.4,0.21739999999999998,158683.45183699526,1172.8598712498758,0.007391192072470639,7.391192072470639e+17,93,0.0005860724538279681,5.860724538279681e+26,991.6043868428956,0.0,89.35359320188562,17.246084015038022,0.0,74.6558071900569,0.006248946411006382,0.0,0.0005630933293137113,0.00010868230943673795,0.0,0.0004704700227138098,5322,2511,5667,0.186,0.4197777777777778,1,0,0
flow,0.3,1.2,0,registered,during_vibration,flow_dump_0.3_1.2.shear.wave,2175,217500,217.5,0.2175,158683.45183699526,1197.4879016643006,0.007546394332878507,7.546394332878508e+17,103,0.0006490909972503302,6.490909972503302e+26,977.1119118334213,17.30960260503946,104.29441401485944,11.584330149268805,0.0,87.18764306171134,0.006157616944438177,0.00010908259433895123,0.0006572482058305237,7.300276125306753e-05,0.0,0.0005494438270177869,5293,2483,5724,0.18392592592592594,0.424,1,0,0
flow,0.3,1.2,0,registered,during_vibration,flow_dump_0.3_1.2.shear.wave,2176,217600,217.6,0.2176,158683.45183699526,1258.973930019993,0.007933870327658687,7.933870327658688e+17,104,0.0006553928515925665,6.553928515925665e+26,1023.0329924682164,15.581582609795806,109.74719880369794,17.049313568549085,0.0,93.56284256973407,0.00644700490583674,9.8192864028454e-05,0.0006916108613293451,0.00010744229074410789,0.0,0.0005896194057200422,5302,2426,5772,0.1797037037037037,0.4275555555555556,1,0,0
flow,0.3,1.2,0,registered,during_vibration,flow_dump_0.3_1.2.shear.wave,2177,217700,217.70000000000002,0.21769999999999998,158683.45183699526,1170.8378104218348,0.007378449339661183,7.378449339661183e+17,93,0.0005860724538279681,5.860724538279681e+26,999.0818830845814,18.333346890851143,94.61451152283807,0.0,0.0,58.808068923564015,0.006296068503166104,0.00011553408171183311,0.0005962468702787556,0.0,0.0,0.0003705998845044886,5313,2464,5723,0.18251851851851852,0.42392592592592593,1,0,0
flow,0.3,1.2,0,registered,during_vibration,flow_dump_0.3_1.2.shear.wave,2178,217800,217.8,0.2178,158683.45183699526,1149.2507918128988,0.007242411092704526,7.242411092704526e+17,106,0.0006679965602770389,6.679965602770389e+26,971.6802553797221,11.919810977929806,100.91517455811542,19.762020110167605,0.0,44.97353078696331,0.006123387436629897,7.511691256990186e-05,0.0006359527309865853,0.00012453737224261914,0.0,0.0002834166402755189,5301,2495,5704,0.18481481481481482,0.4225185185185185,1,0,0
flow,0.3,1.2,0,registered,during_vibration,flow_dump_0.3_1.2.shear.wave,2179,217900,217.9,0.21789999999999998,158683.4518369953,1186.6304926958373,0.007477972523025162,7.477972523025162e+17,100,0.0006301854342236215,6.301854342236214e+26,961.6172300849771,11.224707975369006,120.98274455522328,39.2015290027842,0.0,53.60428107748352,0.006059971716980174,7.073647469491265e-05,0.0007624156341109886,0.00024704232576849453,0.0,0.0003378063714705901,5279,2434,5787,0.1802962962962963,0.42866666666666664,1,0,0
flow,0.3,1.2,0,registered,during_vibration,flow_dump_0.3_1.2.shear.wave,2180,218000,218.0,0.218,158683.45183699526,1169.9690824222373,0.007372974742344697,7.372974742344698e+17,97,0.000611279871196913,6.112798711969129e+26,1006.2684081108091,0.0,100.52975942582064,21.385963411355153,0.0,41.784951474252885,0.006341356937108227,0.0,0.00063352390096157,0.0001347712263867533,0.0,0.0002633226778881501,5282,2445,5773,0.1811111111111111,0.42762962962962964,1,0,0
flow,0.3,1.2,0,registered,during_vibration,flow_dump_0.3_1.2.shear.wave,2181,218100,218.1,0.2181,158683.45183699526,1197.8295146821229,0.007548547128358236,7.548547128358236e+17,98,0.0006175817255391491,6.1758172553914915e+26,1026.011523199594,0.0,83.74848341160492,27.08500103617467,0.0,60.98450703474912,0.006465775172659755,0.0,0.0005277707438431202,0.00017068573138928975,0.0,0.0003843154804660688,5316,2520,5664,0.18666666666666668,0.41955555555555557,1,0,0
flow,0.3,1.2,0,registered,during_vibration,flow_dump_0.3_1.2.shear.wave,2182,218200,218.20000000000002,0.21819999999999998,158683.45183699526,1057.3809040647177,0.006663460441677897,6.663460441677897e+17,90,0.0005671668908012594,5.671668908012594e+26,896.014055378329,7.998823923591829,88.90752738964106,5.988792040222636,0.0,58.471705332932785,0.0056465500655906034,5.040742327567009e-05,0.0005602822875378948,3.774049512342671e-05,0.0,0.000368480170150299,5326,2545,5629,0.18851851851851853,0.416962962962963,1,0,0
flow,0.3,1.2,0,registered,during_vibration,flow_dump_0.3_1.2.shear.wave,2183,218300,218.3,0.2183,158683.4518369953,1193.0234676893003,0.0075182601202475234,7.518260120247524e+17,99,0.0006238835798813853,6.238835798813853e+26,980.7474153538366,14.942445608935152,106.97670639144637,19.094510984749466,0.0,71.2623893503325,0.006180527358084519,9.416511574429645e-05,0.000674151621691065,0.00012033082696212052,0.0,0.00044908519776552065,5303,2494,5703,0.18474074074074073,0.42244444444444446,1,0,0
flow,0.3,1.2,0,registered,during_vibration,flow_dump_0.3_1.2.shear.wave,2184,218400,218.4,0.21839999999999998,158683.45183699526,1244.5701821944992,0.007843100006880124,7.843100006880124e+17,95,0.0005986761625124405,5.986761625124405e+26,1023.343456102173,24.001702958713977,122.36554598249498,7.860712321939052,0.0,66.99876482917804,0.006448961402436496,0.0001512552360114355,0.0007711298472898913,4.953706407908134e-05,0.0,0.0004222164570632187,5298,2435,5767,0.18037037037037038,0.42718518518518517,1,0,0
flow,0.3,1.2,0,registered,during_vibration,flow_dump_0.3_1.2.shear.wave,2185,218500,218.5,0.2185,158683.45183699526,1169.5347952609375,0.007370237927911483,7.370237927911483e+17,100,0.0006301854342236216,6.301854342236216e+26,971.3771276218167,11.948509410026404,96.10779580721636,0.0,0.0,90.10136242187733,0.006121477169652488,7.529776590882518e-05,0.000605657330330458,0.0,0.0,0.0005678056620197066,5328,2457,5715,0.182,0.42333333333333334,1,0,0
flow,0.3,1.2,0,registered,during_vibration,flow_dump_0.3_1.2.shear.wave,2186,218600,218.6,0.2186,158683.45183699526,1280.8677692628553,0.00807184211355954,8.071842113559539e+17,103,0.0006490909972503302,6.490909972503302e+26,1051.8424689534277,14.396543533287984,141.33065160063134,27.646653839458978,0.0,45.651451336048794,0.00662855803032262,9.072492037844359e-05,0.0008906451804805124,0.0001742251855464961,0.0,0.0002876887968314644,5309,2491,5700,0.18451851851851853,0.4222222222222222,1,0,0
flow,0.3,1.2,0,registered,during_vibration,flow_dump_0.3_1.2.shear.wave,2187,218700,218.70000000000002,0.21869999999999998,158683.4518369953,1101.8319336085078,0.0069435843552253,6.943584355225299e+17,99,0.0006238835798813853,6.238835798813853e+26,867.3893343338261,8.374879050479068,108.96599197209339,31.946828920426018,0.0,85.15489933168351,0.005466161242981002,5.2777267909964626e-05,0.0006866878096654132,0.0002013242625528642,0.0,0.0005366337721160575,5268,2451,5781,0.18155555555555555,0.4282222222222222,1,0,0
flow,0.3,1.2,0,registered,during_vibration,flow_dump_0.3_1.2.shear.wave,2188,218800,218.8,0.2188,158683.45183699526,1119.1922265304838,0.007052986392558148,7.052986392558148e+17,99,0.0006238835798813854,6.238835798813854e+26,952.724858097974,6.618933541369746,100.66176266104931,25.60411635212096,0.0,33.58255587796975,0.0060039332839611,4.1711555078653866e-05,0.000634355766122685,0.00016135341181273478,0.0,0.00021163237558297405,5277,2431,5792,0.18007407407407408,0.42903703703703705,1,0,0
flow,0.3,1.2,0,registered,during_vibration,flow_dump_0.3_1.2.shear.wave,2189,218900,218.9,0.21889999999999998,158683.45183699526,1188.1051901917804,0.007487265851843456,7.487265851843456e+17,100,0.0006301854342236216,6.301854342236216e+26,1012.9730053075552,0.0,93.9189797952831,34.80119792598388,0.0,46.41200716295823,0.006383608332065486,0.0,0.0005918637306413002,0.0002193120802648835,0.0,0.0002924817088717867,5312,2503,5685,0.1854074074074074,0.4211111111111111,1,0,0
flow,0.3,1.2,0,registered,during_vibration,flow_dump_0.3_1.2.shear.wave,2190,219000,219.0,0.219,158683.45183699526,1146.2494256335965,0.007223496920214849,7.223496920214849e+17,94,0.0005923743081702043,5.9237430817020434e+26,973.1180909015042,0.0,92.97665665986327,14.815046516997803,0.0,65.33963155523111,0.006132448466656261,0.0,0.0005859253474985651,9.336226522357413e-05,0.0,0.0004117608408364476,5332,2550,5618,0.18888888888888888,0.41614814814814816,1,0,0
flow,0.3,1.2,0,registered,during_vibration,flow_dump_0.3_1.2.shear.wave,2191,219100,219.1,0.2191,158683.4518369953,1286.6667062921015,0.008108386170057649,8.108386170057649e+17,101,0.0006364872885658577,6.364872885658577e+26,1057.269923563302,24.417111707853376,106.22236460424142,15.177979728183711,0.0,83.57932668852087,0.006662761058723146,0.00015387308144100252,0.0006693978696238372,9.564941745642776e-05,0.0,0.0005267047428132343,5319,2516,5665,0.18637037037037038,0.41962962962962963,1,0,0
flow,0.3,1.2,0,registered,during_vibration,flow_dump_0.3_1.2.shear.wave,2192,219200,219.20000000000002,0.21919999999999998,158683.45183699526,1137.1476130985914,0.007166138623368907,7.166138623368906e+17,95,0.0005986761625124405,5.986761625124405e+26,923.0804374458445,20.147608521990776,112.80813175411993,10.151226371248145,0.0,70.96020900538774,0.005817118462951401,0.00012696729424998296,0.0007109004149342558,6.39715499866729e-05,0.0,0.00044718090124659215,5294,2465,5741,0.18259259259259258,0.4252592592592593,1,0,0
flow,0.3,1.2,0,registered,during_vibration,flow_dump_0.3_1.2.shear.wave,2193,219300,219.3,0.2193,158683.45183699526,1132.652322164389,0.007137809954675589,7.137809954675589e+17,98,0.0006175817255391491,6.1758172553914915e+26,933.4719369546725,6.951420786660377,113.82437271203233,8.310570040417375,0.0,70.0940216706061,0.005882604179253455,4.380684126912679e-05,0.0007173046174276344,5.237200189566244e-05,0.0,0.00044172231482970844,5326,2433,5741,0.18022222222222223,0.4252592592592593,1,0,0
flow,0.3,1.2,0,registered,during_vibration,flow_dump_0.3_1.2.shear.wave,2194,219400,219.4,0.21939999999999998,158683.45183699526,1128.1901888602124,0.007109690240537026,7.109690240537027e+17,97,0.000611279871196913,6.112798711969129e+26,930.4352449617859,0.0,100.6505669668931,20.20494197314541,0.0,76.8994349583876,0.005863467388632047,0.0,0.0006342852124888523,0.00012732860130809718,0.0,0.0004846090381080264,5319,2468,5713,0.18281481481481482,0.42318518518518516,1,0,0
flow,0.3,1.2,0,registered,during_vibration,flow_dump_0.3_1.2.shear.wave,2195,219500,219.5,0.2195,158683.45183699526,1114.4996248518387,0.0070234143002931935,7.023414300293193e+17,92,0.0005797705994857318,5.7977059948573184e+26,939.2958924071282,7.579478403039881,103.02994947244032,30.25756206686651,0.0,34.33674250236366,0.005919305898210502,4.7764768886082494e-05,0.000649279734463276,0.00019067874889656453,0.0,0.00021638514983676727,5306,2469,5725,0.18288888888888888,0.42407407407407405,1,0,0
flow,0.3,1.2,0,registered,during_vibration,flow_dump_0.3_1.2.shear.wave,2196,219600,219.6,0.2196,158683.45183699526,1208.0027279962505,0.007612657236856366,7.612657236856366e+17,104,0.0006553928515925665,6.553928515925665e+26,1009.3600484976764,6.841878413803841,111.8672311397268,38.75935871525395,0.0,41.174211229790075,0.00636084000450484,4.311652119108197e-05,0.0007049709963118298,0.00024425583302201424,0.0,0.00025947388182660374,5277,2428,5795,0.17985185185185185,0.4292592592592593,1,0,0
flow,0.3,1.2,0,registered,during_vibration,flow_dump_0.3_1.2.shear.wave,2197,219700,219.70000000000002,0.21969999999999998,158683.45183699526,1119.4996971093985,0.007054924027360992,7.054924027360992e+17,101,0.0006364872885658578,6.364872885658577e+26,937.5589467457536,5.59085057890146,97.63976027190785,14.892368007128542,3.572259239501127,60.245512266205814,0.00590835991965214,3.5232725997444024e-05,0.0006153115472444257,9.384953399190271e-05,2.2511857400043618e-05,0.00037965844307503435,5287,2437,5776,0.18051851851851852,0.42785185185185187,1,0,0
flow,0.3,1.2,0,registered,during_vibration,flow_dump_0.3_1.2.shear.wave,2198,219800,219.8,0.2198,158683.4518369953,1055.6207911882186,0.006652368466704304,6.652368466704305e+17,89,0.0005608650364590231,5.608650364590231e+26,890.7513178047271,0.0,79.85859144405666,16.06382424182882,0.0,68.94705769760574,0.00561338505996035,0.0,0.0005032572112565963,0.00010123188055128832,0.0,0.00043449431493606757,5322,2532,5646,0.18755555555555556,0.4182222222222222,1,0,0
flow,0.3,1.2,0,registered,during_vibration,flow_dump_0.3_1.2.shear.wave,2199,219900,219.9,0.21989999999999998,158683.45183699526,1256.732357591154,0.00791974426471457,7.91974426471457e+17,97,0.000611279871196913,6.112798711969129e+26,1012.3848843891344,15.782734765456956,129.61106042150453,10.137280419559561,0.0,88.81639759549884,0.006379902079701977,9.94604956140574e-05,0.0008167900239190989,6.388366463046759e-05,0.0,0.0005597080008489726,5324,2531,5645,0.18748148148148147,0.41814814814814816,1,0,0
flow,0.3,1.2,0,registered,during_vibration,flow_dump_0.3_1.2.shear.wave,2200,220000,220.0,0.22,158683.45183699526,1140.2283049299128,0.007185552694563211,7.185552694563212e+17,104,0.0006553928515925665,6.553928515925665e+26,932.059483711816,5.0327056961861665,101.83669952348572,18.066044767293434,0.0,83.23337123113087,0.0058737031046517535,3.1715378244707735e-05,0.0006417600470910833,0.000113849582663802,0.0,0.000524524581911861,5295,2487,5718,0.18422222222222223,0.4235555555555556,1,0,0
flow,0.3,1.2,0,registered,after_removal,flow_dump_0.3_1.2.shear.wave,2240,224000,224.0,0.22399999999999998,158683.4518369953,1525.1961070068185,0.009611563709702689,9.611563709702689e+17,133,0.0008381466275174166,8.381466275174166e+26,1196.704574842944,16.92573515969738,75.89173424035043,40.5966922603514,0.0,195.0773705034745,0.007541457921347951,0.0001066635176116791,0.0004782586549623892,0.0002558344414013228,0.0,0.0012293491743793437,5424,2624,5452,0.19437037037037036,0.40385185185185185,0,0,0
flow,0.3,1.2,0,registered,after_removal,flow_dump_0.3_1.2.shear.wave,2245,224500,224.5,0.22449999999999998,158683.45183699526,1478.5491885087408,0.009317601623813641,9.317601623813641e+17,127,0.0008003355014639994,8.003355014639994e+26,1231.6281051254496,12.559352226916491,72.15393917342864,32.60500182565587,0.0,129.6027901572901,0.007761540922304977,7.914720836686778e-05,0.00045470361488951906,0.00020547197233362918,0.0,0.0008167379059186476,5358,2600,5542,0.1925925925925926,0.4105185185185185,0,0,0
flow,0.3,1.2,0,registered,after_removal,flow_dump_0.3_1.2.shear.wave,2250,225000,225.0,0.22499999999999998,158683.45183699526,1433.3799513825077,0.009032951670694192,9.032951670694193e+17,127,0.0008003355014639994,8.003355014639994e+26,1211.9724626823706,6.446565750486525,70.26818836155147,31.998676082192432,5.793583018440765,106.90047548746608,0.007637673926625618,4.062531836721478e-05,0.00044281988794731545,0.00020165099581437453,3.651031630186694e-05,0.0006736712256378043,5350,2572,5578,0.19051851851851853,0.4131851851851852,0,0,0
flow,0.3,1.2,0,registered,after_removal,flow_dump_0.3_1.2.shear.wave,2255,225500,225.5,0.22549999999999998,158683.4518369953,1416.3540900852336,0.008925657172747651,8.925657172747652e+17,121,0.000762524375410582,7.62524375410582e+26,1112.6047133198379,3.307893178599662,58.70540862130929,18.950326447589013,0.0,222.7857485178983,0.007011472843827099,2.0845860991211836e-05,0.00036995293423294925,0.00011942219701053261,0.0,0.0014039633366858628,5337,2577,5586,0.19088888888888889,0.4137777777777778,0,0,0
flow,0.3,1.2,0,registered,after_removal,flow_dump_0.3_1.2.shear.wave,2260,226000,226.0,0.22599999999999998,158683.45183699526,1560.9098659838203,0.009836626616789489,9.836626616789489e+17,134,0.0008444484818596529,8.444484818596529e+26,1306.9370560971308,9.378337019109395,74.37541146616621,34.970700244257614,5.744080177021026,129.50428098013506,0.00823612696199512,5.910091386682919e-05,0.0004687030097036648,0.00022038025918531595,3.6198356605712924e-05,0.0008161171154328432,5350,2605,5545,0.19296296296296298,0.41074074074074074,0,0,0
flow,0.3,1.2,0,registered,after_removal,flow_dump_0.3_1.2.shear.wave,2265,226500,226.5,0.22649999999999998,158683.45183699526,1452.539889555039,0.009153694810263737,9.153694810263736e+17,128,0.0008066373558062356,8.066373558062357e+26,1213.1809095977426,3.818563673528794,68.69607234076952,28.636523864814457,0.0,138.20782007818303,0.007645289383066616,2.4064032067132904e-05,0.0004329126417752516,0.000180463202264032,0.0,0.0008709655510906995,5363,2627,5510,0.1945925925925926,0.40814814814814815,0,0,0
flow,0.3,1.2,0,registered,after_removal,flow_dump_0.3_1.2.shear.wave,2270,227000,227.0,0.22699999999999998,158683.45183699526,1541.671071372239,0.009715386535427105,9.715386535427105e+17,129,0.0008129392101484719,8.129392101484719e+26,1238.8717607162885,0.0,94.07670284548419,27.463884189437863,0.0,181.25872362102893,0.007807189384743769,0.0,0.0005928576783300807,0.00017307339783388155,0.0,0.0011422660745193753,5449,2655,5396,0.19666666666666666,0.3997037037037037,0,0,0
flow,0.3,1.2,0,registered,after_removal,flow_dump_0.3_1.2.shear.wave,2275,227500,227.5,0.22749999999999998,158683.45183699526,1519.6237988268588,0.009576447835202534,9.576447835202534e+17,137,0.0008633540448863615,8.633540448863616e+26,1214.8861012051634,0.0,87.82880844071185,35.589421564655055,0.0,181.3194676163288,0.007656035252202186,0.0,0.0005534843578455329,0.0002242793508248967,0.0,0.0011426488743299205,5420,2697,5383,0.19977777777777778,0.39874074074074073,0,0,0
flow,0.3,1.2,0,registered,after_removal,flow_dump_0.3_1.2.shear.wave,2280,228000,228.0,0.22799999999999998,158683.45183699526,1550.5870730225422,0.009771573879142452,9.771573879142452e+17,121,0.0007625243754105822,7.625243754105822e+26,1265.6213577264316,14.62114657798799,80.31999069100002,39.10272078601662,0.0,150.9218572411051,0.007975761448815209,9.21403360509658e-05,0.0005061648821044509,0.00024641965077860917,0.0,0.0009510875613932125,5470,2723,5307,0.2017037037037037,0.39311111111111113,0,0,0
flow,0.3,1.2,0,registered,after_removal,flow_dump_0.3_1.2.shear.wave,2285,228500,228.5,0.22849999999999998,158683.45183699526,1513.4393150924968,0.009537474119526657,9.537474119526656e+17,134,0.0008444484818596529,8.444484818596529e+26,1205.3706321634372,3.607329268254873,91.88854592478245,36.76891792979478,0.0,175.80388980622777,0.007596070152303169,2.2732863613027762e-05,0.0005790682321378622,0.0002317123651152043,0.0,0.0011078905063573938,5437,2743,5320,0.2031851851851852,0.3940740740740741,0,0,0
flow,0.3,1.2,0,registered,after_removal,flow_dump_0.3_1.2.shear.wave,2290,229000,229.0,0.22899999999999998,158683.45183699526,1603.237375067825,0.010103368413706565,1.0103368413706565e+18,131,0.0008255429188329443,8.255429188329443e+26,1271.4830323115953,5.947578666515445,98.41925467632666,47.334599202627956,0.0,180.0529102107605,0.008012700868252497,3.748077444537184e-05,0.0006202238074416612,0.00029829574952309194,0.0,0.0011346672140439486,5459,2747,5294,0.20348148148148149,0.39214814814814813,0,0,0
flow,0.3,1.2,0,registered,after_removal,flow_dump_0.3_1.2.shear.wave,2295,229500,229.5,0.22949999999999998,158683.45183699526,1481.0177706069267,0.009333158268628261,9.333158268628261e+17,124,0.0007814299384372908,7.814299384372908e+26,1163.292724910691,21.84450774928488,95.15748607074276,47.926299829762705,0.0,152.79675204644582,0.007330901309770238,0.0001376609060138436,0.0005996686167911925,0.00030202456068950494,0.0,0.000962902875363485,5515,2725,5260,0.20185185185185187,0.3896296296296296,0,0,0
flow,0.3,1.2,0,registered,after_removal,flow_dump_0.3_1.2.shear.wave,2300,230000,230.0,0.22999999999999998,158683.45183699526,1477.9052222179246,0.009313543442047607,9.313543442047607e+17,130,0.0008192410644907081,8.192410644907081e+26,1129.7826633039615,18.524781447986012,75.12318482687013,32.93355939695402,0.0,221.54103324215308,0.007119725782525266,0.00011674047440696755,0.00047341536850382536,0.000207542494290989,0.0,0.0013961193223205601,5466,2731,5303,0.2022962962962963,0.39281481481481484,0,0,0
