region,amplitude_A,frequency_THz,is_baseline,coordinate_treatment,analysis_stage,filename,frame,timestep,time_ps,strain_xy,cell_volume_A3,total_line_length_A,dislocation_density_A-2,dislocation_density_m-2,segment_count,segment_number_density_A-3,segment_number_density_m-3,shockley_length_A,perfect_length_A,stair_rod_length_A,hirth_length_A,frank_length_A,other_length_A,shockley_density_A-2,perfect_density_A-2,stair_rod_density_A-2,hirth_density_A-2,frank_density_A-2,other_density_A-2,fcc_count,hcp_count,other_atom_count,hcp_fraction,other_atom_fraction,coherent_correction_applied,has_PE,has_KE
flow,0.4,1.5,0,registered,before,flow_dump_0.4_1.5.shear.wave,1850,185000,185.0,0.185,158683.45183699526,1441.826292300768,0.00908617928088594,9.086179280885939e+17,126,0.0007940336471217632,7.940336471217631e+26,1167.4654380944578,4.603785611908546,121.82863208346481,44.556678307427724,0.0,103.37175820350976,0.007357197140466265,2.9012386349130486e-05,0.0007677462941038811,0.00028078969666728564,0.0,0.0006514337632993802,5939,3062,4499,0.2268148148148148,0.33325925925925926,0,0,0
flow,0.4,1.5,0,registered,before,flow_dump_0.4_1.5.shear.wave,1855,185500,185.5,0.1855,158683.45183699526,1437.2295380341995,0.009057211205050972,9.057211205050972e+17,125,0.000787731792779527,7.87731792779527e+26,1161.7754451855296,6.342864394528773,133.7958539195755,24.720090279973533,0.0,110.59528425459212,0.0073213396339458425,3.997180752687663e-05,0.0008431619829962794,0.0001557824082713225,0.0,0.0006969553723106499,5928,3069,4503,0.22733333333333333,0.33355555555555555,0,0,0
flow,0.4,1.5,0,registered,before,flow_dump_0.4_1.5.shear.wave,1860,186000,186.0,0.186,158683.45183699526,4975.515810919432,0.03135497591790757,3.135497591790757e+18,135,0.0008507503362018892,8.507503362018892e+26,3685.6746195561204,0.0,448.83295727585386,257.259246710078,0.0,583.7489873773791,0.02322658460531955,0.0,0.0028284799207475616,0.001621210300960323,0.0,0.00367870109088013,5915,3025,4560,0.22407407407407406,0.3377777777777778,0,0,0
flow,0.4,1.5,0,registered,before,flow_dump_0.4_1.5.shear.wave,1865,186500,186.5,0.1865,158683.45183699526,1704.3169668455046,0.0107403572780622,1.07403572780622e+18,122,0.0007688262297528183,7.688262297528184e+26,1352.8907364199413,0.0,161.42633713868145,67.77793029904024,0.0,122.22196298784144,0.008525720361879159,0.0,0.001017285263648687,0.0004271266443627903,0.0,0.0007702250081715626,5911,3021,4568,0.22377777777777777,0.3383703703703704,0,0,0
flow,0.4,1.5,0,registered,before,flow_dump_0.4_1.5.shear.wave,1870,187000,187.0,0.187,158683.45183699526,1550.0191724865495,0.009767995052683748,9.767995052683748e+17,129,0.0008129392101484719,8.129392101484719e+26,1208.4069916005535,6.442923376896207,156.38005819092385,52.4617493373733,0.0,126.32744998080318,0.007615204847206551,4.0602364659388584e-05,0.0009854843487496255,0.00033060630286303386,0.0,0.0007960971892051529,5916,3027,4557,0.2242222222222222,0.33755555555555555,0,0,0
flow,0.4,1.5,0,registered,before,flow_dump_0.4_1.5.shear.wave,1875,187500,187.5,0.1875,158683.45183699526,1536.1960074072153,0.009680883479805098,9.680883479805098e+17,131,0.0008255429188329443,8.255429188329443e+26,1202.2306791004264,7.870538299511893,144.28804290422232,62.24720794551858,0.0,119.55953915753562,0.007576282625458617,4.959898595851547e-05,0.0009092822297087389,0.000392272837683547,0.0,0.0007534468009956768,5888,3011,4601,0.22303703703703703,0.3408148148148148,0,0,0
flow,0.4,1.5,0,registered,before,flow_dump_0.4_1.5.shear.wave,1880,188000,188.0,0.188,158683.45183699526,1497.927042607647,0.009439718037810053,9.439718037810053e+17,126,0.0007940336471217632,7.940336471217631e+26,1221.3909315814399,5.9249625163137605,139.40151732368602,37.20419762059687,0.0,94.00543356561074,0.007697027745754433,3.733825076101869e-05,0.0008784880572605878,0.00023445543432477268,0.0,0.0005924085497092422,5867,2993,4640,0.2217037037037037,0.3437037037037037,0,0,0
flow,0.4,1.5,0,registered,before,flow_dump_0.4_1.5.shear.wave,1885,188500,188.5,0.1885,158683.45183699526,1533.7373097756965,0.009665389125459665,9.665389125459665e+17,128,0.0008066373558062356,8.066373558062357e+26,1190.2230546991996,5.014848463179432,151.90362676925645,28.928189075994343,0.0,157.66759076806719,0.007500612325485804,3.160284456334392e-05,0.0009572745299572682,0.0001823012339415852,0.0,0.0009935981915116668,5835,3005,4660,0.2225925925925926,0.3451851851851852,0,0,0
flow,0.4,1.5,0,registered,before,flow_dump_0.4_1.5.shear.wave,1890,189000,189.0,0.189,158683.4518369953,1488.4590490642256,0.009380052121586177,9.380052121586177e+17,121,0.000762524375410582,7.62524375410582e+26,1203.1402573759274,0.0,167.0499310768173,9.040746322285841,0.0,109.22811428919475,0.007582014655263685,0.0,0.0010527243335267016,5.697346646815312e-05,0.0,0.0006883396663276355,5870,3010,4620,0.22296296296296297,0.3422222222222222,0,0,0
flow,0.4,1.5,0,registered,before,flow_dump_0.4_1.5.shear.wave,1895,189500,189.5,0.1895,158683.45183699526,1497.1161961776575,0.009434608201714337,9.434608201714337e+17,129,0.0008129392101484719,8.129392101484719e+26,1212.6033220505008,10.534191187355,132.72377370722762,30.244553758185795,0.0,111.0103554743877,0.007641649510474009,6.638493847597959e-05,0.0008364058896548693,0.0001905967724300198,0.0,0.000699571090679456,5912,3016,4572,0.22340740740740742,0.33866666666666667,0,0,0
flow,0.4,1.5,0,registered,before,flow_dump_0.4_1.5.shear.wave,1900,190000,190.0,0.19,158683.45183699526,1501.7487813824728,0.009463802078903082,9.463802078903082e+17,126,0.0007940336471217632,7.940336471217631e+26,1205.5387239756446,11.467998671675558,139.27213712580374,44.83362218934846,0.0,100.63629942000073,0.007597129442419823,7.226965722585777e-05,0.0008776727220987639,0.00028253495667212355,0.0,0.0006341953004865156,5911,3054,4535,0.2262222222222222,0.3359259259259259,0,0,0
flow,0.4,1.5,0,registered,during_vibration,flow_dump_0.4_1.5.shear.wave,1910,191000,191.0,0.191,158683.45183699526,994.6787430970144,0.006268320556315982,6.268320556315982e+17,84,0.0005293557647478421,5.293557647478421e+26,849.7338709178987,0.0,81.73203166366513,39.5412736218313,0.0,23.671566893619175,0.0053548990841891485,0.0,0.000515063358639456,0.0002491833468712879,0.0,0.00014917476661608904,5222,2116,6162,0.15674074074074074,0.45644444444444443,1,0,0
flow,0.4,1.5,0,registered,during_vibration,flow_dump_0.4_1.5.shear.wave,1911,191100,191.1,0.1911,158683.45183699526,952.9421643522038,0.006005302716322913,6.005302716322913e+17,78,0.0004915446386944248,4.9154463869442485e+26,756.5397277440206,9.728659733574101,96.46814428534358,29.575997940464294,0.0,60.629634648800845,0.004767603168357861,6.130859658616258e-05,0.0006079281939520623,0.0001863836310470843,0.0,0.00038207912637974094,5176,2146,6178,0.15896296296296297,0.4576296296296296,1,0,0
flow,0.4,1.5,0,registered,during_vibration,flow_dump_0.4_1.5.shear.wave,1912,191200,191.20000000000002,0.19119999999999998,158683.45183699526,1110.385282253081,0.006997486312521764,6.997486312521764e+17,87,0.0005482613277745507,5.4826132777455075e+26,938.4114566404779,15.298399011929313,99.92102305608125,0.0,0.0,56.754403544592066,0.005913732312834008,9.640828224258898e-05,0.0006296877330266507,0.0,0.0,0.000357657984418514,5245,2271,5984,0.16822222222222222,0.44325925925925924,1,0,0
flow,0.4,1.5,0,registered,during_vibration,flow_dump_0.4_1.5.shear.wave,1913,191300,191.3,0.1913,158683.45183699526,1128.8836618248379,0.007114060406150375,7.114060406150374e+17,95,0.0005986761625124405,5.986761625124405e+26,952.6450832359783,12.038713411771022,98.90299044531851,13.094363717246784,0.0,52.202511014523466,0.006003430554400631,7.586621838890659e-05,0.0006232722397979774,8.2518772850352e-05,0.0,0.0003289726207125086,5203,2172,6125,0.1608888888888889,0.4537037037037037,1,0,0
flow,0.4,1.5,0,registered,during_vibration,flow_dump_0.4_1.5.shear.wave,1914,191400,191.4,0.1914,158683.45183699526,1030.250894333431,0.006492491072047877,6.492491072047877e+17,90,0.0005671668908012594,5.671668908012594e+26,832.9414147774082,5.833259186707377,101.49081342389341,4.885155267014676,0.0,85.1002516784074,0.005249075471543387,3.676034973514118e-05,0.0006395803232724484,3.078553693193456e-05,0.0,0.0005362893905649666,5130,2077,6293,0.15385185185185185,0.46614814814814814,1,0,0
flow,0.4,1.5,0,registered,during_vibration,flow_dump_0.4_1.5.shear.wave,1915,191500,191.5,0.1915,158683.45183699526,1179.614376810181,0.007433757982665507,7.433757982665507e+17,96,0.0006049780168546768,6.049780168546768e+26,971.721745753968,0.0,110.3394980076949,24.123479968522858,0.0,73.42965307999455,0.006123648902924999,0.0,0.0006953434446399564,0.00015202265698948414,0.0,0.0004627429781110626,5222,2215,6063,0.16407407407407407,0.4491111111111111,1,0,0
flow,0.4,1.5,0,registered,during_vibration,flow_dump_0.4_1.5.shear.wave,1916,191600,191.6,0.1916,158683.4518369953,1109.5323841616243,0.006992111472980633,6.992111472980632e+17,93,0.000586072453827968,5.8607245382796806e+26,912.4753041986469,0.0,104.77818434056562,35.265728959945896,0.0,57.01316666246609,0.005750286457947554,0.0,0.00066029685595822,0.00022223948717836048,0.0,0.0003592886718964989,5210,2202,6088,0.16311111111111112,0.45096296296296295,1,0,0
flow,0.4,1.5,0,registered,during_vibration,flow_dump_0.4_1.5.shear.wave,1917,191700,191.70000000000002,0.19169999999999998,158683.45183699526,1014.7894630815833,0.006395055384376234,6.395055384376234e+17,84,0.0005293557647478421,5.293557647478421e+26,831.2396089435058,24.70096849121678,96.63943099231821,24.676448613471038,0.0,37.5330060410714,0.005238350939059366,0.0001556619055438144,0.0006090076178301777,0.0001555073848457713,0.0,0.00023652753709710395,5165,2092,6243,0.15496296296296297,0.46244444444444444,1,0,0
flow,0.4,1.5,0,registered,during_vibration,flow_dump_0.4_1.5.shear.wave,1918,191800,191.8,0.1918,158683.45183699526,1111.8827939697856,0.007006923413236229,7.006923413236229e+17,95,0.0005986761625124405,5.986761625124405e+26,936.3387661971223,13.085965945815417,80.80484818886238,29.09268241102638,0.0,52.56053122695933,0.005900670519563436,8.246585131799214e-05,0.0005092203834327206,0.0001833378469792258,0.0,0.00033122881194285587,5200,2198,6102,0.1628148148148148,0.452,1,0,0
flow,0.4,1.5,0,registered,during_vibration,flow_dump_0.4_1.5.shear.wave,1919,191900,191.9,0.1919,158683.45183699526,1186.1204826334476,0.007474758513898908,7.474758513898908e+17,95,0.0005986761625124405,5.986761625124405e+26,1010.1324376226911,13.431978464161748,100.07305273454612,3.1432637959558183,0.0,59.33975001609276,0.0063657074882662095,8.464637180920105e-05,0.0006306458019160334,1.9808390601338065e-05,0.0,0.0003739504613061257,5260,2245,5995,0.1662962962962963,0.44407407407407407,1,0,0
flow,0.4,1.5,0,registered,during_vibration,flow_dump_0.4_1.5.shear.wave,1920,192000,192.0,0.192,158683.4518369953,1151.3766014341038,0.007255807635296683,7.255807635296682e+17,101,0.0006364872885658577,6.364872885658577e+26,938.4370779720922,37.80896263903159,111.31229358989032,20.569229393081066,0.0,43.249037840008675,0.005913893774733894,0.00023826657538222805,0.0007014738607037227,0.0001296242875672407,0.0,0.000272549136909597,5150,2143,6207,0.15874074074074074,0.4597777777777778,1,0,0
flow,0.4,1.5,0,registered,during_vibration,flow_dump_0.4_1.5.shear.wave,1921,192100,192.1,0.1921,158683.45183699526,1054.800673972945,0.006647200207470091,6.647200207470092e+17,91,0.0005734687451434957,5.734687451434957e+26,886.5778579739823,6.607608429447557,100.81500537095106,2.296666747672333,0.0,58.503535450891256,0.005587084524003824,4.164018587291071e-05,0.0006353214793594953,1.447325931648842e-05,0.0,0.00036868075891736946,5143,2082,6275,0.15422222222222223,0.4648148148148148,1,0,0
flow,0.4,1.5,0,registered,during_vibration,flow_dump_0.4_1.5.shear.wave,1922,192200,192.20000000000002,0.19219999999999998,158683.45183699526,1087.910127889494,0.006855851163403166,6.855851163403165e+17,95,0.0005986761625124405,5.986761625124405e+26,870.0434902084595,26.636641181126663,111.56397501141895,0.0,0.0,79.66602148848848,0.005482887346704533,0.00016786023288987108,0.0007030599203628431,0.0,0.0,0.0005020436634459148,5240,2225,6035,0.1648148148148148,0.447037037037037,1,0,0
flow,0.4,1.5,0,registered,during_vibration,flow_dump_0.4_1.5.shear.wave,1923,192300,192.3,0.1923,158683.45183699526,1090.863022235677,0.006874459873460822,6.874459873460822e+17,94,0.0005923743081702043,5.9237430817020434e+26,898.6470334442675,11.272171082935728,97.45287799530348,34.07499597282395,0.0,49.415943740345924,0.005663142709848451,7.103558028542803e-05,0.0006141338423581195,0.00021473566133302217,0.0,0.00031141207963579953,5167,2151,6182,0.15933333333333333,0.4579259259259259,1,0,0
flow,0.4,1.5,0,registered,during_vibration,flow_dump_0.4_1.5.shear.wave,1924,192400,192.4,0.1924,158683.4518369953,992.9750157536657,0.006257583914759312,6.257583914759313e+17,86,0.0005419594734323145,5.4195947343231446e+26,815.6921089231054,16.687149031610133,86.23703522860632,31.461513291249695,6.7225335171971246,36.174675761897184,0.005140372858544887,0.00010515998258439517,0.0005434532349169702,0.00019826587414778428,4.2364427036177195e-05,0.00022796753752909893,5172,2111,6217,0.15637037037037038,0.4605185185185185,1,0,0
flow,0.4,1.5,0,registered,during_vibration,flow_dump_0.4_1.5.shear.wave,1925,192500,192.5,0.1925,158683.45183699526,1062.571913675339,0.0066961734281331805,6.69617342813318e+17,93,0.0005860724538279681,5.860724538279681e+26,909.8678160316036,0.0,89.44333314526159,0.0,0.0,63.2607644984739,0.005733854447319744,0.0,0.0005636588573655472,0.0,0.0,0.0003986601234478904,5191,2227,6082,0.16496296296296295,0.45051851851851854,1,0,0
flow,0.4,1.5,0,registered,during_vibration,flow_dump_0.4_1.5.shear.wave,1926,192600,192.6,0.1926,158683.45183699526,1089.022057799133,0.006862858383732486,6.862858383732486e+17,92,0.0005797705994857318,5.7977059948573184e+26,882.2319449407034,24.250602950849967,97.18179564351469,17.86199190833834,0.0,67.49572235572641,0.005559697213084074,0.00015282376750766025,0.0006124255208623956,0.00011256367126855012,0.0,0.00042534821100980455,5228,2241,6031,0.166,0.4467407407407407,1,0,0
flow,0.4,1.5,0,registered,during_vibration,flow_dump_0.4_1.5.shear.wave,1927,192700,192.70000000000002,0.19269999999999998,158683.45183699526,1009.3333314764778,0.006360671637728788,6.360671637728788e+17,89,0.0005608650364590232,5.6086503645902325e+26,836.7249940726759,14.65738108938162,102.71020761895983,4.378248661907334,0.0,50.86250003355339,0.005272919037154465,9.236868066393055e-05,0.0006472647678755253,2.759108534143064e-05,0.0,0.0003205280666934381,5115,2087,6298,0.1545925925925926,0.4665185185185185,1,0,0
flow,0.4,1.5,0,registered,during_vibration,flow_dump_0.4_1.5.shear.wave,1928,192800,192.8,0.1928,158683.45183699526,1047.756163772763,0.006602806730276147,6.602806730276147e+17,84,0.0005293557647478421,5.293557647478421e+26,800.0740759953463,0.0,97.42301996733978,0.0,0.0,150.2590678100769,0.0050419502899219015,0.0,0.0006139456814149458,0.0,0.0,0.0009469107589392992,5187,2171,6142,0.16081481481481483,0.45496296296296296,1,0,0
flow,0.4,1.5,0,registered,during_vibration,flow_dump_0.4_1.5.shear.wave,1929,192900,192.9,0.1929,158683.45183699526,1181.7082282807407,0.007446953129647251,7.446953129647251e+17,99,0.0006238835798813854,6.238835798813854e+26,966.4432217542163,16.441991829000237,121.90676000493083,6.904658584169791,12.447534543163457,57.56406156526048,0.006090384413536566,0.00010361503760259753,0.0007682386448850217,4.351215268030896e-05,7.844254961096993e-05,0.00036276033133178964,5246,2196,6058,0.16266666666666665,0.4487407407407407,1,0,0
flow,0.4,1.5,0,registered,during_vibration,flow_dump_0.4_1.5.shear.wave,1930,193000,193.0,0.193,158683.45183699526,960.435500140177,0.006052524626996187,6.052524626996187e+17,79,0.000497846493036661,4.97846493036661e+26,782.5130124752973,16.545637378117885,81.4544452813057,33.14773412929962,0.0,46.7746708761568,0.004931283025523795,0.00010426819675635803,0.0005133140496904386,0.00020889219225801844,0.0,0.0002947671627675786,5139,2130,6231,0.15777777777777777,0.46155555555555555,1,0,0
flow,0.4,1.5,0,registered,during_vibration,flow_dump_0.4_1.5.shear.wave,1931,193100,193.1,0.1931,158683.45183699526,1072.7481901745928,0.0067603028403778,6.7603028403778e+17,87,0.0005482613277745507,5.4826132777455075e+26,901.3124264339368,8.359797364198881,83.46544688362714,29.82003071148973,0.0,49.790488781339995,0.0056799396282341645,5.2682225319791594e-05,0.0005259870888702719,0.00018792149002481886,0.0,0.00031377240792875103,5155,2127,6218,0.15755555555555556,0.4605925925925926,1,0,0
flow,0.4,1.5,0,registered,during_vibration,flow_dump_0.4_1.5.shear.wave,1932,193200,193.20000000000002,0.19319999999999998,158683.45183699526,1120.9636981021488,0.007064149948374193,7.064149948374193e+17,95,0.0005986761625124405,5.986761625124405e+26,962.7763495582088,7.382208296662451,85.56910926174112,0.0,0.0,65.23603098553633,0.006067276319065731,4.652160140961449e-05,0.0005392440627623885,0.0,0.0,0.00041110796513645846,5234,2248,6018,0.1665185185185185,0.4457777777777778,1,0,0
flow,0.4,1.5,0,registered,during_vibration,flow_dump_0.4_1.5.shear.wave,1933,193300,193.3,0.1933,158683.45183699526,1038.114937982511,0.006542049129665367,6.542049129665367e+17,91,0.0005734687451434957,5.734687451434957e+26,840.3482331529182,13.884050755709227,111.84314853169046,12.41542932001008,0.0,59.62407622218283,0.00529575216208525,8.749526554269421e-05,0.0007048192312238035,7.824022717103235e-05,0.0,0.00037574224364258596,5202,2194,6104,0.1625185185185185,0.45214814814814813,1,0,0
flow,0.4,1.5,0,registered,during_vibration,flow_dump_0.4_1.5.shear.wave,1934,193400,193.4,0.1934,158683.45183699526,1041.450620450132,0.006563070114708265,6.563070114708265e+17,87,0.0005482613277745507,5.4826132777455075e+26,833.515937631775,10.496822894964593,120.82589161504558,4.688242926766451,0.0,71.92372538158008,0.005252696030887892,6.614944894031715e-05,0.0007614271697288374,2.9544624045501384e-05,0.0,0.0004532528411057156,5131,2073,6296,0.15355555555555556,0.4663703703703704,1,0,0
flow,0.4,1.5,0,registered,during_vibration,flow_dump_0.4_1.5.shear.wave,1935,193500,193.5,0.19349999999999998,158683.4518369953,990.4471891970662,0.006241653919997186,6.241653919997185e+17,88,0.0005545631821167869,5.5456318211678696e+26,810.2455812066017,0.0,98.61606343992159,0.0,0.0,81.585544550543,0.005106049634204529,0.0,0.0006214640676031119,0.0,0.0,0.0005141402181895456,5212,2198,6090,0.1628148148148148,0.45111111111111113,1,0,0
flow,0.4,1.5,0,registered,during_vibration,flow_dump_0.4_1.5.shear.wave,1936,193600,193.6,0.1936,158683.45183699526,1071.9205632451747,0.006755087256018894,6.755087256018894e+17,94,0.0005923743081702043,5.9237430817020434e+26,883.7392519990699,7.13465189462367,99.11516074207198,16.484743091233675,0.0,65.44675551817531,0.005569196042614924,4.496153702247802e-05,0.0006246093061038668,0.00010388444983013939,0.0,0.0004124359204474851,5200,2186,6114,0.16192592592592592,0.4528888888888889,1,0,0
flow,0.4,1.5,0,registered,during_vibration,flow_dump_0.4_1.5.shear.wave,1937,193700,193.70000000000002,0.19369999999999998,158683.45183699526,950.3075902487176,0.005988700014068916,5.988700014068915e+17,81,0.0005104502017211335,5.104502017211335e+26,800.6782389462592,10.228278628509205,94.92029378315816,26.575074307728638,0.0,17.90570458306218,0.005045757636837529,6.445712208867262e-05,0.0005981738655437325,0.00016747224742140983,0.0,0.00011283914217756933,5155,2072,6273,0.15348148148148147,0.4646666666666667,1,0,0
flow,0.4,1.5,0,registered,during_vibration,flow_dump_0.4_1.5.shear.wave,1938,193800,193.8,0.1938,158683.45183699526,990.932541779001,0.006244712541273168,6.244712541273169e+17,89,0.0005608650364590232,5.6086503645902325e+26,828.5541199941671,9.500669182751825,55.58597789142347,19.021696792280075,0.0,78.27007791837875,0.005221427378862949,5.987183334347439e-05,0.0003502947361425133,0.00011987196252713089,0.0,0.0004932466303971021,5169,2207,6124,0.16348148148148148,0.4536296296296296,1,0,0
flow,0.4,1.5,0,registered,during_vibration,flow_dump_0.4_1.5.shear.wave,1939,193900,193.9,0.1939,158683.4518369953,1135.19691356663,0.007153845599053016,7.153845599053016e+17,93,0.000586072453827968,5.8607245382796806e+26,981.8136038612787,14.295511344466838,93.85644727301981,0.0,0.0,45.23135108786487,0.006187246322759786,9.008823024061541e-05,0.0005914696597943442,0.0,0.0,0.000285041386258272,5239,2245,6016,0.1662962962962963,0.44562962962962965,1,0,0
flow,0.4,1.5,0,registered,during_vibration,flow_dump_0.4_1.5.shear.wave,1940,194000,194.0,0.19399999999999998,158683.45183699526,1024.3212746236738,0.0064551234723321345,6.455123472332134e+17,81,0.0005104502017211335,5.104502017211335e+26,824.9626732069238,34.768975898013686,111.9459585032771,30.433846887011605,0.0,22.209820128447994,0.005198794604331849,0.00021910902173800389,0.000705467124689672,0.00019178967015586623,0.0,0.0001399630514167453,5148,2122,6230,0.15718518518518518,0.4614814814814815,1,0,0
flow,0.4,1.5,0,registered,during_vibration,flow_dump_0.4_1.5.shear.wave,1941,194100,194.1,0.1941,158683.45183699526,1005.1848022771242,0.006334528210979947,6.334528210979948e+17,85,0.0005356576190900784,5.356576190900784e+26,835.978332893151,9.33136244299795,108.72256469612451,3.903227487166438,0.0,47.24931475768428,0.005268213687158097,5.880488693038657e-05,0.0006851537664293301,2.4597571088735572e-05,0.0,0.00029775829937339843,5163,2106,6231,0.156,0.46155555555555555,1,0,0
flow,0.4,1.5,0,registered,during_vibration,flow_dump_0.4_1.5.shear.wave,1942,194200,194.20000000000002,0.19419999999999998,158683.45183699526,1102.1469253540708,0.006945569387324846,6.945569387324846e+17,98,0.0006175817255391491,6.1758172553914915e+26,892.416474039566,25.7325692281376,103.65296355375112,0.0,0.0,80.34491853261632,0.0056238786320093725,0.00016216290312723298,0.0006532058784568587,0.0,0.0,0.0005063219737313832,5253,2229,6018,0.1651111111111111,0.4457777777777778,1,0,0
flow,0.4,1.5,0,registered,during_vibration,flow_dump_0.4_1.5.shear.wave,1943,194300,194.3,0.1943,158683.4518369953,1067.4251431300936,0.006726757773246494,6.726757773246493e+17,93,0.000586072453827968,5.8607245382796806e+26,869.9742112094345,45.63622454901896,111.44544397962902,13.746442256805064,0.0,26.62282113520587,0.005482450760543701,0.0002875928398375021,0.000702312955065468,8.662807682634639e-05,0.0,0.00016777314097347518,5194,2116,6190,0.15674074074074074,0.4585185185185185,1,0,0
flow,0.4,1.5,0,registered,during_vibration,flow_dump_0.4_1.5.shear.wave,1944,194400,194.4,0.1944,158683.45183699526,1040.3452551976195,0.006556104263891963,6.556104263891963e+17,89,0.0005608650364590232,5.6086503645902325e+26,865.7161044060194,20.18806379365948,82.16072279411833,40.420560784639875,0.0,31.859803419182423,0.005455616791694895,0.00012722223747941474,0.0005177649077013806,0.0002547244864963057,0.0,0.00020077584051996698,5158,2074,6268,0.15362962962962962,0.4642962962962963,1,0,0
flow,0.4,1.5,0,registered,during_vibration,flow_dump_0.4_1.5.shear.wave,1945,194500,194.5,0.19449999999999998,158683.45183699526,1062.899707732689,0.006698239138536851,6.698239138536851e+17,91,0.0005734687451434957,5.734687451434957e+26,924.0825643430379,25.805374391058155,65.08660116004583,0.0,0.0,47.92516783854718,0.005823433720689951,0.00016262171065932108,0.00041016628014183156,0.0,0.0,0.000302017427045748,5212,2217,6071,0.16422222222222221,0.4497037037037037,1,0,0
flow,0.4,1.5,0,registered,during_vibration,flow_dump_0.4_1.5.shear.wave,1946,194600,194.6,0.1946,158683.45183699526,1100.0378407830615,0.006932278243562887,6.932278243562886e+17,94,0.0005923743081702043,5.9237430817020434e+26,923.4419300709128,25.312218883412754,88.18984592785732,9.456858711369566,0.0,53.636987189509206,0.005819396536820374,0.0001595139164820682,0.0005557595635016106,5.959574613415869e-05,0.0,0.0003380124806246769,5202,2232,6066,0.16533333333333333,0.4493333333333333,1,0,0
flow,0.4,1.5,0,registered,during_vibration,flow_dump_0.4_1.5.shear.wave,1947,194700,194.70000000000002,0.19469999999999998,158683.4518369953,988.8857081204002,0.006231813693693878,6.231813693693878e+17,90,0.0005671668908012594,5.671668908012594e+26,804.0345983898793,25.662162225915836,103.14747259295275,11.68936879737984,0.0,44.35210611427255,0.005066908925171412,0.00016171920845455787,0.0006500203480505903,7.366469951376866e-05,0.0,0.00027950051250354987,5139,2083,6278,0.1542962962962963,0.465037037037037,1,0,0
flow,0.4,1.5,0,registered,during_vibration,flow_dump_0.4_1.5.shear.wave,1948,194800,194.8,0.1948,158683.45183699526,985.54849401547,0.0062107830564957535,6.210783056495753e+17,79,0.000497846493036661,4.97846493036661e+26,785.5390045026603,4.928025368997776,103.17279907800385,0.0,0.0,91.90866506580797,0.004950352386521004,3.105569807026887e-05,0.0006501799518703832,0.0,0.0,0.0005791950200340959,5219,2170,6111,0.16074074074074074,0.45266666666666666,1,0,0
flow,0.4,1.5,0,registered,during_vibration,flow_dump_0.4_1.5.shear.wave,1949,194900,194.9,0.1949,158683.45183699526,1025.4686865784895,0.006462354295341923,6.462354295341923e+17,86,0.0005419594734323146,5.419594734323146e+26,845.6432273094472,11.415687524489433,120.78560888249648,6.689869631344058,0.0,40.93429323071231,0.005329120444002687,7.193999999581554e-05,0.0007611733138158057,4.215858398527974e-05,0.0,0.00025796195354233495,5265,2193,6042,0.16244444444444445,0.44755555555555554,1,0,0
flow,0.4,1.5,0,registered,during_vibration,flow_dump_0.4_1.5.shear.wave,1950,195000,195.0,0.19499999999999998,158683.45183699526,1015.6508844960191,0.006400483936657291,6.400483936657292e+17,91,0.0005734687451434957,5.734687451434957e+26,799.5370901729392,45.15060951461695,99.06183908836259,48.06035147359988,0.0,23.84099424650028,0.005038566283485246,0.00028453256462430065,0.0006242732808089031,0.0003028693346233041,0.0,0.00015024247311553644,5176,2107,6217,0.1560740740740741,0.4605185185185185,1,0,0
flow,0.4,1.5,0,registered,during_vibration,flow_dump_0.4_1.5.shear.wave,1951,195100,195.1,0.1951,158683.45183699526,1075.0883847439673,0.00677505040568649,6.77505040568649e+17,91,0.0005734687451434957,5.734687451434957e+26,898.5598871523648,26.91539909686952,84.87615206717199,11.313408895828811,0.0,53.42353753173144,0.005662593526610415,0.0001696169246716279,0.0005348771474568091,7.129545497567263e-05,0.0,0.00033666735197196125,5179,2146,6175,0.15896296296296297,0.45740740740740743,1,0,0
flow,0.4,1.5,0,registered,during_vibration,flow_dump_0.4_1.5.shear.wave,1952,195200,195.20000000000002,0.19519999999999998,158683.45183699526,1056.3853549882451,0.006657186636407419,6.657186636407419e+17,96,0.0006049780168546768,6.049780168546768e+26,896.4445900489659,37.24238684463954,83.43414476526874,0.0,0.0,39.264233329370626,0.00564926323237424,0.00023469609725213262,0.0005257898274797739,0.0,0.0,0.00024743747930127026,5260,2246,5994,0.16637037037037036,0.444,1,0,0
flow,0.4,1.5,0,registered,during_vibration,flow_dump_0.4_1.5.shear.wave,1953,195300,195.3,0.1953,158683.45183699526,1108.8168661857517,0.006987602382917432,6.987602382917432e+17,99,0.0006238835798813854,6.238835798813854e+26,897.5225652730757,56.37541277399032,97.36410631840418,14.069683777134124,0.0,43.485098043147715,0.005656056475221119,0.00035526963978512995,0.000613574416180584,8.866509780482312e-05,0.0,0.000274036753925778,5216,2191,6093,0.1622962962962963,0.4513333333333333,1,0,0
flow,0.4,1.5,0,registered,during_vibration,flow_dump_0.4_1.5.shear.wave,1954,195400,195.4,0.1954,158683.4518369953,970.2648323088981,0.0061144676466049225,6.114467646604923e+17,78,0.0004915446386944247,4.915446386944247e+26,794.7928756477115,23.526550794037238,98.25879446063331,0.0,0.0,53.686611406515915,0.0050086689345789385,0.00014826089627924445,0.0006192126105346378,0.0,0.0,0.0003383252052121006,5160,2101,6239,0.15562962962962962,0.46214814814814814,1,0,0
flow,0.4,1.5,0,registered,during_vibration,flow_dump_0.4_1.5.shear.wave,1955,195500,195.5,0.19549999999999998,158683.45183699526,1161.662105446423,0.007320625383418806,7.320625383418806e+17,93,0.0005860724538279681,5.860724538279681e+26,874.4927567123793,35.82014879897754,117.96094572176207,8.151572890289634,4.189086196797508,121.04759512621747,0.0055109259761420264,0.000225733360248384,0.0007433726980109769,5.137002501472675e-05,2.6399011039290168e-05,0.000762824312963405,5252,2231,6017,0.16525925925925927,0.4457037037037037,1,0,0
flow,0.4,1.5,0,registered,during_vibration,flow_dump_0.4_1.5.shear.wave,1956,195600,195.6,0.1956,158683.45183699526,1116.3306959419979,0.007034953443593657,7.034953443593656e+17,91,0.0005734687451434957,5.734687451434957e+26,909.5023824993879,27.68671909298635,115.3292573161334,18.727194366739806,0.0,45.085142666750706,0.005731551538427951,0.00017447767093841038,0.0007267881810045531,0.00011801605113794085,0.0,0.00028412000208480223,5246,2175,6079,0.16111111111111112,0.4502962962962963,1,0,0
flow,0.4,1.5,0,registered,during_vibration,flow_dump_0.4_1.5.shear.wave,1957,195700,195.70000000000002,0.19569999999999999,158683.45183699526,1132.3162816307988,0.007135692276179816,7.135692276179816e+17,95,0.0005986761625124405,5.986761625124405e+26,955.6098483135592,22.045812824132316,105.63693501748489,27.86357235141121,0.0,21.160113124211392,0.0060221140720784945,0.0001389295012738851,0.0006657085776404621,0.00017559217441295372,0.0,0.00013334795077402111,5153,2067,6280,0.15311111111111111,0.4651851851851852,1,0,0
flow,0.4,1.5,0,registered,during_vibration,flow_dump_0.4_1.5.shear.wave,1958,195800,195.8,0.1958,158683.4518369953,1073.3465007300695,0.006764073306349835,6.764073306349836e+17,98,0.000617581725539149,6.17581725539149e+26,925.5713647997377,9.556798715417967,71.7399055313133,24.147650248646343,0.0,42.330781434953956,0.005832815924312727,6.0225553482634196e-05,0.00045209443518412257,0.00015217497457423336,0.0,0.00026676241879611674,5187,2209,6104,0.16362962962962962,0.45214814814814813,1,0,0
flow,0.4,1.5,0,registered,during_vibration,flow_dump_0.4_1.5.shear.wave,1959,195900,195.9,0.1959,158683.45183699526,1182.5343344894764,0.00745215913064592,7.45215913064592e+17,100,0.0006301854342236216,6.301854342236216e+26,987.0401845788565,43.376171740689315,92.24193533680014,2.860910152878926,0.0,57.01513268025112,0.006220183473149903,0.0002733503162336468,0.0005812952407384862,1.8029039069667738e-05,0.0,0.0003593010614542145,5253,2257,5990,0.1671851851851852,0.4437037037037037,1,0,0
flow,0.4,1.5,0,registered,during_vibration,flow_dump_0.4_1.5.shear.wave,1960,196000,196.0,0.19599999999999998,158683.45183699526,1090.9273948243501,0.0068748655401382735,6.874865540138273e+17,91,0.0005734687451434957,5.734687451434957e+26,887.542126834328,46.47304199674479,113.07503296538452,12.848321004043711,0.0,30.988872023849215,0.005593161205908476,0.0002928663415041122,0.0007125823874914117,8.096824750977764e-05,0.0,0.00019528735772449658,5179,2144,6177,0.15881481481481483,0.45755555555555555,1,0,0
flow,0.4,1.5,0,registered,during_vibration,flow_dump_0.4_1.5.shear.wave,1961,196100,196.1,0.1961,158683.45183699526,960.8922411734081,0.0060554029424597314,6.055402942459731e+17,86,0.0005419594734323146,5.419594734323146e+26,768.5246692683842,27.880039637303142,93.18509535130762,6.827758592868131,0.0,64.47467832354482,0.0048431305241446185,0.00017569594885005662,0.0005872388977713337,4.302754013620667e-05,0.0,0.00040631003155751415,5169,2146,6185,0.15896296296296297,0.45814814814814814,1,0,0
flow,0.4,1.5,0,registered,during_vibration,flow_dump_0.4_1.5.shear.wave,1962,196200,196.20000000000002,0.19619999999999999,158683.4518369953,1155.6435102201958,0.007282697072958242,7.282697072958243e+17,95,0.0005986761625124404,5.986761625124404e+26,887.7754232638364,53.205150404889224,121.97986469627122,0.0,0.0,92.68307185519875,0.005594631406025801,0.00033529110810838204,0.0007686993400015827,0.0,0.0,0.0005840752188224753,5266,2237,5997,0.16570370370370371,0.44422222222222224,1,0,0
flow,0.4,1.5,0,registered,during_vibration,flow_dump_0.4_1.5.shear.wave,1963,196300,196.3,0.1963,158683.45183699526,1065.2214478221126,0.0067128704064009295,6.712870406400929e+17,83,0.0005230539104056059,5.2305391040560594e+26,845.3770927464661,52.337467362372905,128.1006847862678,16.231802082012376,0.0,23.17440084499346,0.005327443302751346,0.0003298230959592159,0.0008072718566637746,0.00010229045243284854,0.0,0.00014604169859374467,5181,2109,6210,0.15622222222222223,0.46,1,0,0
flow,0.4,1.5,0,registered,during_vibration,flow_dump_0.4_1.5.shear.wave,1964,196400,196.4,0.1964,158683.45183699526,1058.7291748750797,0.006671957047938687,6.671957047938687e+17,91,0.0005734687451434957,5.734687451434957e+26,886.5789956210393,23.29249346579099,86.72130780442276,22.374182593040054,0.0,39.762195390786516,0.00558709169328987,0.00014678590108890363,0.000546505050151705,0.00014099883972793541,0.0,0.0002505755636802729,5142,2074,6284,0.15362962962962962,0.4654814814814815,1,0,0
flow,0.4,1.5,0,registered,during_vibration,flow_dump_0.4_1.5.shear.wave,1965,196500,196.5,0.19649999999999998,158683.45183699526,999.0463950519263,0.00629584486275342,6.29584486275342e+17,90,0.0005671668908012594,5.671668908012594e+26,841.7567576398037,40.08102000146669,75.77848725549146,5.858122105069617,0.0,35.57200805009458,0.005304628478239075,0.0002525847499374995,0.00047754498895911056,3.691703222518293e-05,0.0,0.00022416961339255016,5209,2230,6061,0.16518518518518518,0.44896296296296295,1,0,0
flow,0.4,1.5,0,registered,during_vibration,flow_dump_0.4_1.5.shear.wave,1966,196600,196.6,0.1966,158683.4518369953,1103.77208028062,0.006955810876955525,6.955810876955525e+17,99,0.0006238835798813853,6.238835798813853e+26,883.8832069670406,42.719956565407614,90.40087965546962,13.720774804037843,0.0,73.0472622886645,0.005570103225854915,0.0002692149437818565,0.0005696931759987948,8.646632427767113e-05,0.0,0.0004603332070422881,5227,2267,6006,0.16792592592592592,0.4448888888888889,1,0,0
flow,0.4,1.5,0,registered,during_vibration,flow_dump_0.4_1.5.shear.wave,1967,196700,196.70000000000002,0.19669999999999999,158683.45183699526,949.9073177935385,0.005986177555359168,5.986177555359168e+17,82,0.0005167520560633698,5.167520560633698e+26,779.009802643525,47.733650275520745,90.08735740214092,7.299102553491098,0.0,25.77740491886066,0.004909206307433675,0.00030081051125957535,0.0005677174044252677,4.5997881121145326e-05,0.0,0.00016244545111950324,5153,2102,6245,0.1557037037037037,0.4625925925925926,1,0,0
flow,0.4,1.5,0,registered,during_vibration,flow_dump_0.4_1.5.shear.wave,1968,196800,196.8,0.1968,158683.45183699526,1014.7878451971983,0.006395045188704497,6.395045188704497e+17,84,0.0005293557647478421,5.293557647478421e+26,780.1409792837426,21.89210213065784,107.16293035905676,6.672495707332976,0.0,98.91933771640811,0.004916334817855667,0.00013796083887276483,0.0006753251780099791,4.204909604680882e-05,0.0,0.0006233752579192771,5223,2194,6083,0.1625185185185185,0.4505925925925926,1,0,0
flow,0.4,1.5,0,registered,during_vibration,flow_dump_0.4_1.5.shear.wave,1969,196900,196.9,0.1969,158683.45183699526,1047.6118708720576,0.006601897417433282,6.601897417433283e+17,92,0.0005797705994857318,5.7977059948573184e+26,784.5993594173675,44.12221651213565,140.88577231895087,0.0,3.1683090373271128,74.83621358627619,0.004944430880060091,0.00027805178171608853,0.0008878416160474834,0.0,1.996622206442611e-05,0.0004716069175451915,5250,2211,6039,0.16377777777777777,0.44733333333333336,1,0,0
flow,0.4,1.5,0,registered,during_vibration,flow_dump_0.4_1.5.shear.wave,1970,197000,197.0,0.19699999999999998,158683.45183699526,1035.536491196184,0.006525800133588727,6.525800133588727e+17,90,0.0005671668908012594,5.671668908012594e+26,829.3957376841615,55.533823910997576,107.95878080515516,17.803597244815897,0.0,24.84455155105362,0.005226731130957143,0.0003499660693545015,0.0006803405115994948,0.00011219567660466779,0.0,0.00015656674507291877,5127,2101,6272,0.15562962962962962,0.4645925925925926,1,0,0
flow,0.4,1.5,0,registered,during_vibration,flow_dump_0.4_1.5.shear.wave,1971,197100,197.1,0.1971,158683.45183699526,1066.9290323374503,0.006723631355293645,6.723631355293645e+17,97,0.000611279871196913,6.112798711969129e+26,890.5589680817245,40.5823443189153,75.5351269218366,9.868330854107686,0.0,50.38426216086567,0.0056121729000232195,0.0002557440227642816,0.00047601136758373974,6.218878364358215e-05,0.0,0.00031751428127881916,5141,2149,6210,0.15918518518518518,0.46,1,0,0
flow,0.4,1.5,0,registered,during_vibration,flow_dump_0.4_1.5.shear.wave,1972,197200,197.20000000000002,0.1972,158683.45183699526,1058.905803463666,0.006673070135576632,6.673070135576632e+17,95,0.0005986761625124405,5.986761625124405e+26,882.0123321823734,18.409472924816853,94.61923360817863,0.0,0.0,63.86476474829734,0.005558313245469381,0.00011601381688953714,0.0005962766281727634,0.0,0.0,0.000402466445044952,5222,2268,6010,0.168,0.4451851851851852,1,0,0
flow,0.4,1.5,0,registered,during_vibration,flow_dump_0.4_1.5.shear.wave,1973,197300,197.3,0.1973,158683.45183699526,1128.3458007447362,0.007110670883967216,7.110670883967215e+17,96,0.0006049780168546768,6.049780168546768e+26,914.146789340785,69.57113835193724,96.36275533493104,19.689286665448705,0.0,28.57583105163411,0.005760819913848521,0.0004384271803174722,0.0006072640481372812,0.00012407901666819154,0.0,0.00018008072499574892,5178,2202,6120,0.16311111111111112,0.4533333333333333,1,0,0
flow,0.4,1.5,0,registered,during_vibration,flow_dump_0.4_1.5.shear.wave,1974,197400,197.4,0.1974,158683.45183699526,1177.7537805851712,0.00742203277626578,7.42203277626578e+17,91,0.0005734687451434957,5.734687451434957e+26,915.6211736883891,59.294849313044885,116.5186835016144,0.0,0.0,86.31907408212292,0.0057701112692515955,0.000373667503615654,0.0007342837715762961,0.0,0.0,0.000543970231822236,5134,2105,6261,0.1559259259259259,0.4637777777777778,1,0,0
flow,0.4,1.5,0,registered,during_vibration,flow_dump_0.4_1.5.shear.wave,1975,197500,197.5,0.19749999999999998,158683.45183699526,1059.8328879977344,0.006678912487273272,6.678912487273271e+17,91,0.0005734687451434957,5.734687451434957e+26,828.1323803452119,45.55811558603682,95.14517685970476,0.0,0.0,90.99721520678078,0.0052187696370248875,0.00028710060852996555,0.0005995910459361632,0.0,0.0,0.0005734511957822549,5203,2219,6078,0.16437037037037036,0.45022222222222225,1,0,0
flow,0.4,1.5,0,registered,during_vibration,flow_dump_0.4_1.5.shear.wave,1976,197600,197.6,0.1976,158683.45183699526,1045.8542748954235,0.006590821303596034,6.590821303596033e+17,96,0.0006049780168546768,6.049780168546768e+26,833.6535587642824,48.04751059481393,121.64518587022944,7.20482931511796,0.0,35.30319035097951,0.005253563299219367,0.00030278841327556873,0.000766590242788437,4.54037849045469e-05,0.0,0.0002224755634081119,5220,2174,6106,0.16103703703703703,0.4522962962962963,1,0,0
flow,0.4,1.5,0,registered,during_vibration,flow_dump_0.4_1.5.shear.wave,1977,197700,197.70000000000002,0.1977,158683.4518369953,1076.4045928987107,0.006783344957761745,6.783344957761745e+17,85,0.0005356576190900783,5.356576190900783e+26,884.9870712403057,45.41241686025734,106.04917392946794,21.826979443897294,0.0,18.128951424781896,0.005577059617718631,0.0002861824363822538,0.0006683064472179811,0.00013755044518642476,0.0,0.0001142460112564512,5116,2066,6318,0.15303703703703703,0.468,1,0,0
flow,0.4,1.5,0,registered,during_vibration,flow_dump_0.4_1.5.shear.wave,1978,197800,197.8,0.1978,158683.45183699526,1046.1807946013914,0.006592878983222914,6.592878983222913e+17,94,0.0005923743081702043,5.9237430817020434e+26,866.0232799712244,57.26219192770416,63.42982393685841,6.70639832731375,0.0,52.75910043829124,0.005457552567364311,0.00036085799284556603,0.00039972551140376984,4.2262745419747856e-05,0.0,0.0003324801661895223,5149,2206,6145,0.16340740740740742,0.4551851851851852,1,0,0
flow,0.4,1.5,0,registered,during_vibration,flow_dump_0.4_1.5.shear.wave,1979,197900,197.9,0.1979,158683.45183699526,1001.5905608173102,0.006311877824829374,6.311877824829373e+17,82,0.0005167520560633698,5.167520560633698e+26,842.8244533108207,13.844958310627622,95.18986495539933,0.0,0.0,49.73128424046278,0.00531135694083966,8.724891064790806e-05,0.0005998726638060623,0.0,0.0,0.00031339930953574384,5219,2261,6020,0.16748148148148148,0.44592592592592595,1,0,0
flow,0.4,1.5,0,registered,during_vibration,flow_dump_0.4_1.5.shear.wave,1980,198000,198.0,0.19799999999999998,158683.45183699526,1069.091902503132,0.006737261448038939,6.737261448038939e+17,92,0.0005797705994857318,5.7977059948573184e+26,827.8321036434978,58.46059536879789,91.26211777023374,26.437906899124698,7.935224298047421,57.16395452343029,0.005216877336988318,0.0003684101567745734,0.0005751205731520205,0.0001666078383918858,5.0006627699268474e-05,0.00036023891503287274,5151,2144,6205,0.15881481481481483,0.4596296296296296,1,0,0
flow,0.4,1.5,0,registered,during_vibration,flow_dump_0.4_1.5.shear.wave,1981,198100,198.1,0.1981,158683.4518369953,982.1731019476832,0.00618951182733662,6.189511827336621e+17,84,0.000529355764747842,5.29355764747842e+26,779.197235066086,28.71715630755501,91.18040856986752,6.452527234982662,0.0,76.62577476919206,0.004910387479259667,0.00018097133617344164,0.0005746056536728918,4.066288677417292e-05,0.0,0.00048288447145644717,5133,2137,6230,0.1582962962962963,0.4614814814814815,1,0,0
flow,0.4,1.5,0,registered,during_vibration,flow_dump_0.4_1.5.shear.wave,1982,198200,198.20000000000002,0.1982,158683.45183699526,1022.6267792718652,0.00644444500944144,6.44444500944144e+17,95,0.0005986761625124405,5.986761625124405e+26,810.1113576578822,26.62986843982791,122.13606826687392,0.0,3.195574164395278,60.55391074288627,0.005105203776951201,0.00016781755206070868,0.0007696837121512583,0.0,2.013804292383225e-05,0.00038160192535444213,5216,2229,6055,0.1651111111111111,0.44851851851851854,1,0,0
flow,0.4,1.5,0,registered,during_vibration,flow_dump_0.4_1.5.shear.wave,1983,198300,198.3,0.1983,158683.45183699526,1002.7477072129221,0.006319169992867163,6.319169992867163e+17,80,0.0005041483473788973,5.041483473788973e+26,808.8622229286673,39.295380921495024,122.78873229389777,6.953958381077342,0.0,24.847412687784974,0.00509733191183386,0.0002476337668899496,0.00077379670578398,4.3822832819522175e-05,0.0,0.000156584775539853,5144,2110,6246,0.1562962962962963,0.46266666666666667,1,0,0
flow,0.4,1.5,0,registered,during_vibration,flow_dump_0.4_1.5.shear.wave,1984,198400,198.4,0.1984,158683.45183699526,978.6587594237906,0.0061673649526423225,6.167364952642322e+17,87,0.0005482613277745507,5.4826132777455075e+26,798.880234205104,39.47391623840115,83.9937017091901,23.591564099660324,0.0,32.71934317143471,0.005034426872852119,0.00024875887045203697,0.0005293160738365531,0.00014867060066158845,0.0,0.0002061925348400227,5099,2084,6317,0.15437037037037038,0.4679259259259259,1,0,0
flow,0.4,1.5,0,registered,during_vibration,flow_dump_0.4_1.5.shear.wave,1985,198500,198.5,0.19849999999999998,158683.4518369953,991.6656149528231,0.0062493322616367945,6.249332261636795e+17,85,0.0005356576190900783,5.356576190900783e+26,827.735963609964,40.86801290051038,81.75718009706965,5.110473983216228,0.0,36.193984362063034,0.005216271476500529,0.000257544264555647,0.0005152218404037066,3.220546266201639e-05,0.0,0.0002280892175148966,5151,2225,6124,0.1648148148148148,0.4536296296296296,1,0,0
flow,0.4,1.5,0,registered,during_vibration,flow_dump_0.4_1.5.shear.wave,1986,198600,198.6,0.1986,158683.45183699526,977.3650367640658,0.006159212100881487,6.159212100881487e+17,81,0.0005104502017211335,5.104502017211335e+26,819.3094790110492,16.336232624086747,68.1417758938303,8.16098831102662,0.0,65.41656092407298,0.005163168997941073,0.000102948558497882,0.0004294195463042216,5.14293596247821e-05,0.0,0.0004122456385135293,5176,2264,6060,0.16770370370370372,0.4488888888888889,1,0,0
flow,0.4,1.5,0,registered,during_vibration,flow_dump_0.4_1.5.shear.wave,1987,198700,198.70000000000002,0.1987,158683.45183699526,1043.7717914983966,0.006577697796557845,6.577697796557846e+17,88,0.000554563182116787,5.54563182116787e+26,841.026542387769,49.59343568750899,88.14530984175687,12.798270631964824,0.0,52.20823294939668,0.005300026768082273,0.0003125306080337411,0.0005554789035740322,8.065283735516177e-05,0.0,0.00032900867951263533,5123,2100,6277,0.15555555555555556,0.46496296296296297,1,0,0
flow,0.4,1.5,0,registered,during_vibration,flow_dump_0.4_1.5.shear.wave,1988,198800,198.8,0.1988,158683.45183699526,1001.7133653519838,0.006312651721119452,6.312651721119452e+17,86,0.0005419594734323146,5.419594734323146e+26,803.6106735124646,7.17815969675848,92.82436978546524,0.0,0.0,98.10016235729543,0.005064237412341895,4.5235716854282426e-05,0.0005849656577978743,0.0,0.0,0.0006182129341254,5164,2192,6144,0.16237037037037036,0.45511111111111113,1,0,0
flow,0.4,1.5,0,registered,during_vibration,flow_dump_0.4_1.5.shear.wave,1989,198900,198.9,0.1989,158683.4518369953,1104.1927338270912,0.006958461774333931,6.958461774333932e+17,91,0.0005734687451434956,5.7346874514349555e+26,841.1340588489854,38.01766911134274,136.67371196260726,5.899096698781348,4.1081941258702805,78.36000307950398,0.005300704321160251,0.00023958181317101487,0.0008612978252010982,3.7175248146486556e-05,2.5889240990864938e-05,0.0004938133256642154,5199,2217,6084,0.16422222222222221,0.45066666666666666,1,0,0
flow,0.4,1.5,0,registered,during_vibration,flow_dump_0.4_1.5.shear.wave,1990,199000,199.0,0.19899999999999998,158683.45183699526,985.3857219192539,0.006209757290454419,6.209757290454419e+17,88,0.000554563182116787,5.54563182116787e+26,774.9712647979574,44.30155764170474,109.66861224097471,28.635589567966274,0.0,27.808697670650332,0.0048837560301753,0.000279181963392205,0.0006911156202578063,0.00018045731446138236,0.0,0.00017524636216772194,5100,2099,6301,0.15548148148148147,0.46674074074074073,1,0,0
flow,0.4,1.5,0,registered,during_vibration,flow_dump_0.4_1.5.shear.wave,1991,199100,199.1,0.1991,158683.45183699526,1074.1752891988833,0.006769296210560826,6.769296210560826e+17,95,0.0005986761625124405,5.986761625124405e+26,907.00433126656,43.16998832007342,72.8442958879971,12.28726606512106,0.0,38.869407659131895,0.0057158091834192265,0.0002720509783491414,0.0004590541423489143,7.743256100669485e-05,0.0,0.00024494934543684997,5105,2146,6249,0.15896296296296297,0.4628888888888889,1,0,0
flow,0.4,1.5,0,registered,during_vibration,flow_dump_0.4_1.5.shear.wave,1992,199200,199.20000000000002,0.1992,158683.45183699526,996.7528009645936,0.006281390966894835,6.281390966894835e+17,85,0.0005356576190900784,5.356576190900784e+26,853.2476228217338,15.884264804080605,73.32319529284706,0.0,0.0,54.297718045931745,0.005377042236881872,0.00010010032312882526,0.00046207209664286234,0.0,0.0,0.0003421763102412727,5187,2246,6067,0.16637037037037036,0.4494074074074074,1,0,0
flow,0.4,1.5,0,registered,during_vibration,flow_dump_0.4_1.5.shear.wave,1993,199300,199.3,0.19929999999999998,158683.45183699526,1025.0754019750011,0.006459875873055695,6.459875873055695e+17,93,0.0005860724538279681,5.860724538279681e+26,833.2600393265013,35.35292141244402,96.71657605719106,21.531505676614206,0.0,38.21435950225056,0.005251083397041632,0.00022278896131374605,0.0006094937747922288,0.00013568841254305497,0.0,0.0002408213273650335,5152,2217,6131,0.16422222222222221,0.45414814814814813,1,0,0
flow,0.4,1.5,0,registered,during_vibration,flow_dump_0.4_1.5.shear.wave,1994,199400,199.4,0.1994,158683.45183699526,1023.2082111802158,0.006448109108637794,6.448109108637793e+17,87,0.0005482613277745507,5.4826132777455075e+26,825.1450344334079,29.10973729650794,78.22848429262974,10.943266596822422,0.0,79.78168856084784,0.005199943818218824,0.0001834453243833541,0.0004929845134260663,6.896287212143392e-05,0.0,0.0005027725804881164,5109,2105,6286,0.1559259259259259,0.4656296296296296,1,0,0
flow,0.4,1.5,0,registered,during_vibration,flow_dump_0.4_1.5.shear.wave,1995,199500,199.5,0.19949999999999998,158683.45183699526,971.5485393727711,0.006122557381539551,6.122557381539551e+17,85,0.0005356576190900784,5.356576190900784e+26,825.1745760108253,3.4579149060362013,67.89430063009355,0.0,0.0,75.02174782581595,0.005200129984936748,2.179127606568757e-05,0.0004278599932388461,0.0,0.0,0.00047277612729826866,5175,2215,6110,0.16407407407407407,0.4525925925925926,1,0,0
flow,0.4,1.5,0,registered,during_vibration,flow_dump_0.4_1.5.shear.wave,1996,199600,199.6,0.1996,158683.4518369953,1050.2929979307326,0.006618793489630079,6.618793489630079e+17,94,0.0005923743081702042,5.923743081702042e+26,831.1001019001163,31.672709537592574,135.29513030451068,5.7370840064031245,0.0,46.48797218210985,0.0052374717859922084,0.00019959680212986415,0.0008526102043928951,3.615426775752547e-05,0.0,0.00029296042935758533,5214,2195,6091,0.1625925925925926,0.4511851851851852,1,0,0
flow,0.4,1.5,0,registered,during_vibration,flow_dump_0.4_1.5.shear.wave,1997,199700,199.70000000000002,0.1997,158683.45183699526,1060.1376383770046,0.0066808329797741735,6.680832979774173e+17,91,0.0005734687451434957,5.734687451434957e+26,872.4344837248502,38.94326116221254,99.20438261522577,21.17042660274528,0.0,28.385084271971095,0.005497955039578058,0.0002454147594559281,0.0006251715693526235,0.00013341294481350344,0.0,0.00017887866657406197,5096,2065,6339,0.15296296296296297,0.46955555555555556,1,0,0
flow,0.4,1.5,0,registered,during_vibration,flow_dump_0.4_1.5.shear.wave,1998,199800,199.8,0.19979999999999998,158683.45183699526,1002.2008863806652,0.00631572400763098,6.31572400763098e+17,90,0.0005671668908012594,5.671668908012594e+26,842.5249767815718,40.80412989965119,64.24500432481366,0.0,0.0,54.62677537462866,0.005309469683373415,0.00025714168318928743,0.00040486265947131146,0.0,0.0,0.000344249981596966,5109,2213,6178,0.16392592592592592,0.4576296296296296,1,0,0
flow,0.4,1.5,0,registered,during_vibration,flow_dump_0.4_1.5.shear.wave,1999,199900,199.9,0.1999,158683.45183699526,1016.9451646426473,0.006408640301619391,6.408640301619391e+17,90,0.0005671668908012594,5.671668908012594e+26,848.8462421941655,14.689481627605463,97.52067368848004,0.0,0.0,55.888767132396566,0.005349305377262197,9.25709735801246e-05,0.000614561080941549,0.0,0.0,0.000352202869835522,5175,2260,6065,0.1674074074074074,0.44925925925925925,1,0,0
flow,0.4,1.5,0,registered,during_vibration,flow_dump_0.4_1.5.shear.wave,2000,200000,200.0,0.19999999999999998,158683.4518369953,1129.6205287392609,0.00711870403411468,7.11870403411468e+17,91,0.0005734687451434956,5.7346874514349555e+26,908.0485249869462,54.13191514255646,96.9207816390202,18.353030641137416,0.0,52.16627632960042,0.005722389540150177,0.00034113144449468173,0.0006107806486247875,0.00011565812583904613,0.0,0.0003287442750059867,5137,2169,6194,0.16066666666666668,0.45881481481481484,1,0,0
flow,0.4,1.5,0,registered,during_vibration,flow_dump_0.4_1.5.shear.wave,2001,200100,200.1,0.2001,158683.45183699526,960.5833194964222,0.0060534561630482065,6.053456163048206e+17,83,0.0005230539104056059,5.2305391040560594e+26,766.6739008791453,27.814135429459867,93.27613822702494,8.11641252444813,0.0,64.70273243634404,0.00483146725133442,0.00017528063013168784,0.0005878126367130027,5.1148449510573856e-05,0.0,0.00040774719535852273,5126,2148,6226,0.15911111111111112,0.4611851851851852,1,0,0
flow,0.4,1.5,0,registered,during_vibration,flow_dump_0.4_1.5.shear.wave,2002,200200,200.20000000000002,0.2002,158683.45183699526,979.3456263155133,0.006171693487746464,6.171693487746464e+17,89,0.0005608650364590232,5.6086503645902325e+26,752.0106278449643,49.14958706422894,113.58911689153852,0.0,0.0,64.59629451478165,0.004739061440492571,0.0003097335386598281,0.0007158220695137192,0.0,0.0,0.00040707643908034617,5211,2223,6066,0.16466666666666666,0.4493333333333333,1,0,0
flow,0.4,1.5,0,registered,during_vibration,flow_dump_0.4_1.5.shear.wave,2003,200300,200.3,0.20029999999999998,158683.45183699526,981.4195603447112,0.006184763117913876,6.184763117913876e+17,82,0.0005167520560633698,5.167520560633698e+26,778.6777622232469,48.68793384806037,112.86931234309483,15.8707973421796,0.0,25.31375458812938,0.004907113837069348,0.00030682426733490885,0.0007112859660945479,0.0001000154531455655,0.0,0.00015952359426950506,5127,2109,6264,0.15622222222222223,0.464,1,0,0
flow,0.4,1.5,0,registered,during_vibration,flow_dump_0.4_1.5.shear.wave,2004,200400,200.4,0.2004,158683.4518369953,1018.2782154245111,0.0064170409934775,6.4170409934775e+17,87,0.0005482613277745506,5.482613277745507e+26,849.5564914736759,31.6002434258887,94.39866640516449,17.07773235561156,0.0,25.645081764170417,0.005353781264768348,0.0001991401312491581,0.0005948866457866937,0.0001076213818007586,0.0,0.00016161156987254012,5089,2091,6320,0.15488888888888888,0.46814814814814815,1,0,0
flow,0.4,1.5,0,registered,during_vibration,flow_dump_0.4_1.5.shear.wave,2005,200500,200.5,0.20049999999999998,158683.45183699526,1025.5740383388084,0.006463018206790151,6.46301820679015e+17,87,0.0005482613277745507,5.4826132777455075e+26,862.6033823735833,34.80252950537242,75.29747816772736,6.928627491404811,0.0,45.94202080072075,0.005436000870838613,0.00021932047168423522,0.00047451373975072934,4.366320124244663e-05,0.0,0.0002895199232741286,5131,2227,6142,0.16496296296296295,0.45496296296296296,1,0,0
flow,0.4,1.5,0,registered,during_vibration,flow_dump_0.4_1.5.shear.wave,2006,200600,200.6,0.2006,158683.45183699526,1066.3985705055063,0.006720288462094618,6.720288462094619e+17,89,0.0005608650364590232,5.6086503645902325e+26,885.9650016727111,13.324168696135278,95.62132505877153,12.403382840377212,0.0,59.08469223751135,0.00558322239286049,8.396697035442796e-05,0.000602591662532,7.81643120110493e-05,0.0,0.00037234312433665135,5167,2278,6055,0.16874074074074075,0.44851851851851854,1,0,0
flow,0.4,1.5,0,registered,during_vibration,flow_dump_0.4_1.5.shear.wave,2007,200700,200.70000000000002,0.2007,158683.45183699526,1061.8344915657278,0.006691526301409667,6.691526301409667e+17,87,0.0005482613277745507,5.4826132777455075e+26,851.8049154465175,31.728698280836454,100.18452710410736,14.294617882831247,0.0,63.82173285143548,0.0053679505051447895,0.00019994963503459196,0.0006313482971559008,9.008259977552755e-05,0.0,0.0004021952642988584,5125,2102,6273,0.1557037037037037,0.4646666666666667,1,0,0
flow,0.4,1.5,0,registered,during_vibration,flow_dump_0.4_1.5.shear.wave,2008,200800,200.8,0.20079999999999998,158683.4518369953,949.7175576178105,0.005984981714371771,5.984981714371771e+17,80,0.0005041483473788972,5.041483473788972e+26,744.6386363411241,9.899417807828662,111.78730375786786,0.0,0.0,83.39219971098989,0.004692604223823166,6.238468909787557e-05,0.0007044673055933983,0.0,0.0,0.0005255254958573312,5161,2180,6159,0.16148148148148148,0.4562222222222222,1,0,0
flow,0.4,1.5,0,registered,during_vibration,flow_dump_0.4_1.5.shear.wave,2009,200900,200.9,0.2009,158683.45183699526,1003.0238895377782,0.0063209104536503065,6.320910453650307e+17,92,0.0005797705994857318,5.7977059948573184e+26,776.8471824897541,34.628970084195856,128.377600676971,7.8049507211435625,4.2564686777009975,51.108716888012836,0.004895577790227027,0.00021822672549225768,0.0008090169402720367,4.9185662592978244e-05,2.6823645619162475e-05,0.0003220796894468451,5197,2217,6086,0.16422222222222221,0.45081481481481483,1,0,0
flow,0.4,1.5,0,registered,during_vibration,flow_dump_0.4_1.5.shear.wave,2010,201000,201.0,0.20099999999999998,158683.45183699526,972.5281206180648,0.006128730559863778,6.128730559863779e+17,80,0.0005041483473788973,5.041483473788973e+26,796.08579796443,30.16128390252613,109.78320463451755,22.888108632048844,0.0,13.609725484542393,0.0050168167426947255,0.00019007201792855356,0.0006918377648306415,0.00014423752676845123,0.0,8.576650764140637e-05,5109,2117,6274,0.15681481481481482,0.46474074074074073,1,0,0
flow,0.4,1.5,0,registered,during_vibration,flow_dump_0.4_1.5.shear.wave,2011,201100,201.1,0.2011,158683.45183699526,994.9144737924873,0.006269806096822846,6.269806096822845e+17,83,0.0005230539104056059,5.2305391040560594e+26,836.4422214473924,21.308455977985822,79.24029944799639,12.269068532084477,0.0,45.654428387028126,0.005271137045257957,0.00013428278583121921,0.0004993608251564541,7.731788280411028e-05,0.0,0.00028770755777310554,5113,2142,6245,0.15866666666666668,0.4625925925925926,1,0,0
flow,0.4,1.5,0,registered,during_vibration,flow_dump_0.4_1.5.shear.wave,2012,201200,201.20000000000002,0.2012,158683.45183699526,1087.521223745223,0.0068534003461328775,6.853400346132878e+17,85,0.0005356576190900784,5.356576190900784e+26,910.6707997095743,21.89890389167192,90.8154483298534,0.0,0.0,64.13607181412364,0.005738914733497509,0.00013800370257994627,0.0005723057273996153,0.0,0.0,0.00040417618265580884,5179,2280,6041,0.1688888888888889,0.4474814814814815,1,0,0
flow,0.4,1.5,0,registered,during_vibration,flow_dump_0.4_1.5.shear.wave,2013,201300,201.3,0.20129999999999998,158683.45183699526,1090.7978964175975,0.006874049460041367,6.874049460041367e+17,88,0.000554563182116787,5.54563182116787e+26,892.9242656358058,47.393448467572924,95.36472686981082,14.638207560457605,0.0,40.47724788395,0.005627078660685087,0.00029866660901892275,0.0006009746181206881,9.224785187742476e-05,0.0,0.00025508172033924197,5166,2216,6118,0.16414814814814815,0.4531851851851852,1,0,0
flow,0.4,1.5,0,registered,during_vibration,flow_dump_0.4_1.5.shear.wave,2014,201400,201.4,0.2014,158683.45183699526,1016.5517716340139,0.006406161196179728,6.406161196179729e+17,89,0.0005608650364590232,5.6086503645902325e+26,822.4066453103417,21.49690779141939,98.54394260868372,7.253965065364127,0.0,66.85031085820486,0.005182686888832896,0.00013547038171000782,0.00062100957262961,4.571343124559474e-05,0.0,0.0004212809217616192,5100,2119,6281,0.15696296296296297,0.46525925925925926,1,0,0
flow,0.4,1.5,0,registered,during_vibration,flow_dump_0.4_1.5.shear.wave,2015,201500,201.5,0.20149999999999998,158683.4518369953,998.3213610924804,0.006291275804347816,6.291275804347816e+17,84,0.000529355764747842,5.29355764747842e+26,810.1161438847181,35.51210829303918,105.14359205782222,0.0,0.0,47.549516856900716,0.005105233939055569,0.00022379213384845164,0.0006625996021679001,0.0,0.0,0.00029965012927589386,5180,2214,6106,0.164,0.4522962962962963,1,0,0
flow,0.4,1.5,0,registered,during_vibration,flow_dump_0.4_1.5.shear.wave,2016,201600,201.6,0.2016,158683.45183699526,1175.924522055426,0.0074105050554570335,7.410505055457033e+17,94,0.0005923743081702043,5.9237430817020434e+26,936.3670981591815,40.25033462265322,141.65691480487624,14.967478144315159,0.0,42.68269632439993,0.005900849063461563,0.0002536517460182279,0.0008927012436708951,9.432286713607815e-05,0.0,0.00026898013517026944,5223,2197,6080,0.16274074074074074,0.45037037037037037,1,0,0
flow,0.4,1.5,0,registered,during_vibration,flow_dump_0.4_1.5.shear.wave,2017,201700,201.70000000000002,0.2017,158683.45183699526,947.3714904331844,0.005970197140697159,5.970197140697158e+17,81,0.0005104502017211335,5.104502017211335e+26,762.4574078407447,36.994010467333474,111.2445714433169,5.428249496741903,0.0,31.247251185047254,0.004804895526371367,0.00023313086550029747,0.0007010470856002736,3.4208037661784514e-05,0.0,0.00019691562556343578,5104,2085,6311,0.15444444444444444,0.4674814814814815,1,0,0
flow,0.4,1.5,0,registered,during_vibration,flow_dump_0.4_1.5.shear.wave,2018,201800,201.8,0.20179999999999998,158683.45183699526,991.7290590032579,0.006249732076801517,6.249732076801517e+17,85,0.0005356576190900784,5.356576190900784e+26,825.8541878003782,20.716196484668934,73.61826240308942,17.339384436866673,0.0,54.201027878254806,0.005204412799443777,0.00013055045277152955,0.0004639315665927942,0.00010927027510517131,0.0,0.00034156698288824623,5131,2221,6148,0.1645185185185185,0.4554074074074074,1,0,0
flow,0.4,1.5,0,registered,during_vibration,flow_dump_0.4_1.5.shear.wave,2019,201900,201.9,0.2019,158683.4518369953,1036.5060265621898,0.006531910004244941,6.531910004244941e+17,87,0.0005482613277745506,5.482613277745507e+26,849.2273225907776,31.832607649933014,91.37379923937719,0.0,0.0,64.07229708210232,0.005351706890414327,0.00020060445674343212,0.0005758243735032893,0.0,0.0,0.00040377428358389527,5182,2267,6051,0.16792592592592592,0.44822222222222224,1,0,0
flow,0.4,1.5,0,registered,during_vibration,flow_dump_0.4_1.5.shear.wave,2020,202000,202.0,0.20199999999999999,158683.45183699526,1130.5991962095989,0.007124871453962236,7.124871453962236e+17,92,0.0005797705994857318,5.7977059948573184e+26,941.834994541865,34.55172447770676,105.85640445825166,14.426685912355072,0.0,33.929386819420664,0.005935306950023675,0.0002177399349315857,0.0006670916420887464,9.091487326085286e-05,0.0,0.00021381805365737835,5126,2172,6202,0.1608888888888889,0.45940740740740743,1,0,0
flow,0.4,1.5,0,registered,during_vibration,flow_dump_0.4_1.5.shear.wave,2021,202100,202.1,0.2021,158683.45183699526,923.0643887310944,0.005817017326288665,5.817017326288666e+17,82,0.0005167520560633698,5.167520560633698e+26,736.6740160937201,14.896612996013133,98.18515602244584,13.97275652378139,0.0,59.33584709513387,0.004642412347132802,9.387628529353781e-05,0.0006187485518231907,8.805427637240117e-05,0.0,0.00037392586566673355,5106,2141,6253,0.1585925925925926,0.4631851851851852,1,0,0
flow,0.4,1.5,0,registered,during_vibration,flow_dump_0.4_1.5.shear.wave,2022,202200,202.20000000000002,0.2022,158683.45183699526,1025.2621971915785,0.0064610530293023926,6.461053029302392e+17,91,0.0005734687451434957,5.734687451434957e+26,823.5364713794072,24.925559424503938,104.10678109615777,0.0,5.8052067905659115,66.88817850094404,0.005189806888152209,0.00015707724489197696,0.0006560657705070571,0.0,3.658356762070696e-05,0.00042151955813044526,5202,2251,6047,0.16674074074074074,0.44792592592592595,1,0,0
flow,0.4,1.5,0,registered,during_vibration,flow_dump_0.4_1.5.shear.wave,2023,202300,202.3,0.20229999999999998,158683.4518369953,1026.9171094004755,0.006471482044992049,6.471482044992049e+17,86,0.0005419594734323145,5.4195947343231446e+26,809.7469230936612,49.500369781349704,116.80650469483945,17.404627010108108,0.0,33.45868482051726,0.005102907163410203,0.0003119441202488969,0.0007360975788126087,0.0001096814242986515,0.0,0.00021085175822168963,5148,2097,6255,0.15533333333333332,0.4633333333333333,1,0,0
flow,0.4,1.5,0,registered,during_vibration,flow_dump_0.4_1.5.shear.wave,2024,202400,202.4,0.2024,158683.45183699526,968.0651639740593,0.00610060565715754,6.10060565715754e+17,87,0.0005482613277745507,5.4826132777455075e+26,838.3647837630627,12.20634107836956,83.47315873272956,8.728486792550417,0.0,25.292393607346764,0.005283252752935183,7.69225835275395e-05,0.0005260356878200247,5.50056523947853e-05,0.0,0.00015938898048000572,5083,2104,6313,0.15585185185185185,0.4676296296296296,1,0,0
flow,0.4,1.5,0,registered,during_vibration,flow_dump_0.4_1.5.shear.wave,2025,202500,202.5,0.20249999999999999,158683.45183699526,1016.6188844045557,0.006406584131084187,6.406584131084187e+17,83,0.0005230539104056059,5.2305391040560594e+26,851.2262583904882,20.67818744710232,81.4533210053198,5.749163610619659,0.0,57.511953951025674,0.005364303892663585,0.00013031092535309617,0.0005133069646669349,3.623039166380994e-05,0.0,0.0003624319567367604,5145,2254,6101,0.16696296296296295,0.45192592592592595,1,0,0
flow,0.4,1.5,0,registered,during_vibration,flow_dump_0.4_1.5.shear.wave,2026,202600,202.6,0.2026,158683.45183699526,1045.4176872682308,0.006588069991961843,6.588069991961843e+17,89,0.0005608650364590232,5.6086503645902325e+26,860.118545595225,15.168920586917594,87.1139112863149,16.546271068827778,0.0,66.47003873094519,0.005420341791397167,9.559232806770297e-05,0.0005489791801088441,0.0001042721901829098,0.0,0.0004188845022052164,5166,2284,6050,0.1691851851851852,0.44814814814814813,1,0,0
flow,0.4,1.5,0,registered,during_vibration,flow_dump_0.4_1.5.shear.wave,2027,202700,202.70000000000002,0.2027,158683.4518369953,1080.8018315914835,0.006811055715511645,6.811055715511644e+17,84,0.000529355764747842,5.29355764747842e+26,892.2886204531002,10.096670643003733,88.83925411096114,8.221587599761135,0.0,81.35569878465715,0.005623072917330331,6.3627747733742e-05,0.000559852039280187,5.1811247515630126e-05,0.0,0.0005126917636517532,5115,2103,6282,0.15577777777777777,0.4653333333333333,1,0,0
flow,0.4,1.5,0,registered,during_vibration,flow_dump_0.4_1.5.shear.wave,2028,202800,202.8,0.20279999999999998,158683.45183699526,934.4994604957787,0.005889079482942724,5.889079482942724e+17,78,0.0004915446386944248,4.9154463869442485e+26,773.1294745360799,5.507324963247939,90.04666275781499,0.0,5.914332328911149,59.90166590972464,0.004872149336215999,3.470635973374993e-05,0.0005674609527042165,0.0,3.7271260868376755e-05,0.00037749157342038136,5159,2197,6144,0.16274074074074074,0.45511111111111113,1,0,0
flow,0.4,1.5,0,registered,during_vibration,flow_dump_0.4_1.5.shear.wave,2029,202900,202.9,0.2029,158683.45183699526,1080.2375601178435,0.006807499758875287,6.807499758875287e+17,93,0.0005860724538279681,5.860724538279681e+26,832.2568534485212,16.989610194106362,140.87979121810767,13.0047108002048,15.770494395464773,61.33610006143884,0.0052447614657604134,0.00010706604877462985,0.0008878039240211633,8.195379322579683e-05,9.938335858527159e-05,0.0003865311685080134,5200,2235,6065,0.16555555555555557,0.44925925925925925,1,0,0
flow,0.4,1.5,0,registered,during_vibration,flow_dump_0.4_1.5.shear.wave,2030,203000,203.0,0.20299999999999999,158683.45183699526,1014.9224568751065,0.006395893491891439,6.395893491891439e+17,76,0.0004789409300099524,4.789409300099524e+26,840.8760778773986,41.02001173004051,104.96281283663416,13.582937092629614,0.0,14.480617338403654,0.005299078562654243,0.0002585021390395363,0.0006614603578478702,8.55976910975093e-05,0.0,9.12547412522801e-05,5106,2111,6283,0.15637037037037038,0.4654074074074074,1,0,0
flow,0.4,1.5,0,registered,during_vibration,flow_dump_0.4_1.5.shear.wave,2031,203100,203.1,0.2031,158683.45183699526,990.6896489625016,0.006243181866122813,6.243181866122812e+17,87,0.0005482613277745507,5.4826132777455075e+26,864.6391131805966,14.630153480791023,72.13710676001361,0.0,0.0,39.2832755411003,0.005448829749864414,9.21970962405052e-05,0.00045459753947194926,0.0,0.0,0.0002475574805459447,5095,2131,6274,0.15785185185185185,0.46474074074074073,1,0,0
flow,0.4,1.5,0,registered,during_vibration,flow_dump_0.4_1.5.shear.wave,2032,203200,203.20000000000002,0.2032,158683.45183699526,1031.8805363924823,0.006502760838934,6.502760838934e+17,84,0.0005293557647478421,5.293557647478421e+26,856.1534513190827,22.603625305435763,80.30101146130076,0.0,0.0,72.8224483066631,0.0053953543448156845,0.00014244475428134076,0.0005060452777633583,0.0,0.0,0.00045891646207361724,5184,2281,6035,0.16896296296296295,0.447037037037037,1,0,0
flow,0.4,1.5,0,registered,during_vibration,flow_dump_0.4_1.5.shear.wave,2033,203300,203.3,0.20329999999999998,158683.45183699526,1071.4815146256321,0.0067523204355693775,6.752320435569377e+17,91,0.0005734687451434957,5.734687451434957e+26,899.5413548395477,23.076722850274475,96.50539903125184,20.994940793799103,0.0,31.363097110758844,0.0056687785930166525,0.0001454261460985839,0.0006081629679343331,0.00013230705880639513,0.0,0.00019764566971341174,5159,2235,6106,0.16555555555555557,0.4522962962962963,1,0,0
flow,0.4,1.5,0,registered,during_vibration,flow_dump_0.4_1.5.shear.wave,2034,203400,203.4,0.2034,158683.45183699526,957.9778194672782,0.006037036681375849,6.037036681375849e+17,82,0.0005167520560633698,5.167520560633698e+26,773.4072530498291,3.371758875253583,98.98125523894916,20.006897999930416,0.0,62.21065430331608,0.00487389985594905,2.1248333308990292e-05,0.000623765453127563,0.00012608055703553856,0.0,0.0003920424819547086,5102,2105,6293,0.1559259259259259,0.46614814814814814,1,0,0
flow,0.4,1.5,0,registered,during_vibration,flow_dump_0.4_1.5.shear.wave,2035,203500,203.5,0.2035,158683.45183699526,1178.2191463903416,0.007424965443785822,7.424965443785821e+17,88,0.000554563182116787,5.54563182116787e+26,961.340386936032,51.75430704899435,114.68729820615214,0.0,3.9556072114396055,46.481546987723995,0.006058227091779877,0.00032614810460613144,0.0007227426481997796,0.0,2.492766048159157e-05,0.00029291993871844514,5174,2226,6100,0.1648888888888889,0.45185185185185184,1,0,0
flow,0.4,1.5,0,registered,during_vibration,flow_dump_0.4_1.5.shear.wave,2036,203600,203.6,0.2036,158683.45183699526,1048.7141236718767,0.006608843654026064,6.608843654026063e+17,89,0.0005608650364590232,5.6086503645902325e+26,830.0013806348259,35.86800513761639,124.95956119827133,28.074799706305043,0.0,29.810376994857936,0.005230547804615631,0.00022603494392383876,0.0007874769533412583,0.0001769232984365905,0.0,0.00018786065370874407,5172,2197,6131,0.16274074074074074,0.45414814814814813,1,0,0
flow,0.4,1.5,0,registered,during_vibration,flow_dump_0.4_1.5.shear.wave,2037,203700,203.70000000000002,0.2037,158683.45183699526,977.3457903951056,0.0061590908130676825,6.159090813067683e+17,82,0.0005167520560633698,5.167520560633698e+26,805.8979225190382,18.183094497076166,107.19594137822139,17.197836646660825,3.1387813964399895,25.73221395766901,0.005078651322425746,0.00011458721301169088,0.0006755332086444434,0.00010837826154882864,1.9780143172485603e-05,0.00016216066426448782,5061,2079,6360,0.154,0.4711111111111111,1,0,0
flow,0.4,1.5,0,registered,during_vibration,flow_dump_0.4_1.5.shear.wave,2038,203800,203.8,0.20379999999999998,158683.4518369953,1025.9477138651873,0.0064653730555286485,6.465373055528649e+17,87,0.0005482613277745506,5.482613277745507e+26,842.8245941172664,46.68838275283516,82.13053320032208,0.0,0.0,54.30420379476381,0.005311357828181371,0.00029422338758294065,0.0005175746572786253,0.0,0.0,0.00034221718248571265,5119,2224,6157,0.16474074074074074,0.4560740740740741,1,0,0
flow,0.4,1.5,0,registered,during_vibration,flow_dump_0.4_1.5.shear.wave,2039,203900,203.9,0.2039,158683.45183699526,1072.5113114646313,0.006758810065250845,6.758810065250845e+17,94,0.0005923743081702043,5.9237430817020434e+26,910.9737511207768,15.948463463125375,80.90542437281152,0.0,0.0,64.68367250791735,0.005740823889163681,0.00010050489372709228,0.0005098541998942661,0.0,0.0,0.0004076270824658043,5188,2291,6021,0.1697037037037037,0.446,1,0,0
flow,0.4,1.5,0,registered,during_vibration,flow_dump_0.4_1.5.shear.wave,2040,204000,204.0,0.204,158683.45183699526,1111.2230285887376,0.007002765667904815,7.002765667904815e+17,87,0.0005482613277745507,5.4826132777455075e+26,936.4828056158982,33.452204752352586,93.49289703842855,25.05605453384152,0.0,22.739066648216674,0.005901578235000102,0.0002108109217759881,0.0005891786191698645,0.00015789960606339663,0.0,0.00014329828589546297,5128,2181,6191,0.16155555555555556,0.4585925925925926,1,0,0
flow,0.4,1.5,0,registered,during_vibration,flow_dump_0.4_1.5.shear.wave,2041,204100,204.1,0.2041,158683.45183699526,930.7795039787816,0.005865636858813156,5.865636858813156e+17,78,0.0004915446386944248,4.9154463869442485e+26,758.2730962112397,12.120045756977493,92.05648196446009,13.009174277677094,0.0,55.32070576842738,0.004778526603959701,7.637876298171025e-05,0.0005801265405987227,8.198192141068707e-05,0.0,0.0003486230298623362,5125,2146,6229,0.15896296296296297,0.46140740740740743,1,0,0
flow,0.4,1.5,0,registered,during_vibration,flow_dump_0.4_1.5.shear.wave,2042,204200,204.20000000000002,0.2042,158683.4518369953,982.0523407183862,0.006188750807659401,6.188750807659401e+17,90,0.0005671668908012594,5.671668908012594e+26,799.8610940683917,22.119761819303204,88.13199689094948,0.0,0.0,71.93948793974158,0.005040608108840704,0.00013939551707020672,0.0005553950072971786,0.0,0.0,0.0004533521744513103,5196,2249,6055,0.1665925925925926,0.44851851851851854,1,0,0
flow,0.4,1.5,0,registered,during_vibration,flow_dump_0.4_1.5.shear.wave,2043,204300,204.3,0.20429999999999998,158683.45183699526,945.3762610517408,0.0059576234957559515,5.957623495755951e+17,80,0.0005041483473788973,5.041483473788973e+26,743.3816187000026,46.547988469869125,110.00555387621824,12.758673729228757,0.0,32.68242627642211,0.004684682681743198,0.00029333864326120605,0.0006932389773649459,8.040330344171538e-05,0.0,0.00020595988994488569,5107,2135,6258,0.15814814814814815,0.46355555555555555,1,0,0
flow,0.4,1.5,0,registered,during_vibration,flow_dump_0.4_1.5.shear.wave,2044,204400,204.4,0.2044,158683.45183699526,1017.4144357395816,0.0064115975797192915,6.411597579719291e+17,86,0.0005419594734323146,5.419594734323146e+26,845.4938309116084,24.488043908375964,92.69256429051107,15.189522264122406,0.0,39.55047436496355,0.005328178969664252,0.0001543200858368702,0.0005841350387671668,9.572215683665346e-05,0.0,0.0002492413286143477,5073,2084,6343,0.15437037037037038,0.46985185185185185,1,0,0
flow,0.4,1.5,0,registered,during_vibration,flow_dump_0.4_1.5.shear.wave,2045,204500,204.5,0.2045,158683.45183699526,1070.628156574145,0.0067469426974271305,6.746942697427131e+17,92,0.0005797705994857318,5.7977059948573184e+26,924.4016458188086,18.321889474380843,77.33652738170012,5.348434921375298,0.0,45.2196589778801,0.005825444525673564,0.00011546187874209893,0.0004873635308938369,3.370505783343673e-05,0.0,0.0002849677042841946,5141,2265,6094,0.16777777777777778,0.4514074074074074,1,0,0
flow,0.4,1.5,0,registered,during_vibration,flow_dump_0.4_1.5.shear.wave,2046,204600,204.6,0.2046,158683.4518369953,1050.837190202218,0.00662222291005915,6.62222291005915e+17,90,0.0005671668908012594,5.671668908012594e+26,871.4303112607512,13.041487458020061,77.77584298980365,7.911750913493595,0.0,80.67779758014966,0.005491626890974821,8.218555436654285e-05,0.0004901320338663762,4.985870184889095e-05,0.0,0.0005084197290025205,5157,2291,6052,0.1697037037037037,0.4482962962962963,1,0,0
flow,0.4,1.5,0,registered,during_vibration,flow_dump_0.4_1.5.shear.wave,2047,204700,204.70000000000002,0.2047,158683.45183699526,1069.257462202959,0.006738304781152194,6.738304781152193e+17,83,0.0005230539104056059,5.2305391040560594e+26,887.827615463679,7.302188970250967,90.39686668354376,20.642433619549273,0.0,63.08835746593636,0.00559496031366701,4.6017331270005456e-05,0.0005696678868342386,0.00013008560993967944,0.0,0.0003975736394412617,5095,2109,6296,0.15622222222222223,0.4663703703703704,1,0,0
flow,0.4,1.5,0,registered,during_vibration,flow_dump_0.4_1.5.shear.wave,2048,204800,204.8,0.20479999999999998,158683.45183699526,933.4124411750845,0.005882229245516513,5.882229245516512e+17,76,0.0004789409300099524,4.789409300099524e+26,779.8446058566453,9.91580493821901,91.60075176253044,0.0,0.0,52.05127861768953,0.00491446711568719,6.248795840668278e-05,0.0005772545952468041,0.0,0.0,0.0003280195761758339,5157,2179,6164,0.16140740740740742,0.4565925925925926,1,0,0
flow,0.4,1.5,0,registered,during_vibration,flow_dump_0.4_1.5.shear.wave,2049,204900,204.9,0.2049,158683.45183699526,1014.6364643557247,0.006394091208691325,6.394091208691325e+17,90,0.0005671668908012594,5.671668908012594e+26,792.4590739070367,17.600975728956005,126.86078493894746,6.761929194143205,0.0,70.9537005866412,0.0049939616559455495,0.00011091878532511564,0.0007994581884270009,4.261269285400519e-05,0.0,0.00044713988613965324,5209,2268,6023,0.168,0.4461481481481481,1,0,0
flow,0.4,1.5,0,registered,during_vibration,flow_dump_0.4_1.5.shear.wave,2050,205000,205.0,0.205,158683.45183699526,967.3305831378514,0.006095976435725159,6.09597643572516e+17,83,0.0005230539104056059,5.2305391040560594e+26,782.8820072944288,37.192698866326126,105.05254148681139,14.719573598252992,0.0,27.483761892032028,0.004933608377127001,0.00023438297085024128,0.0006620258147316126,9.276060879601619e-05,0.0,0.00017319866422028829,5091,2120,6289,0.15703703703703703,0.46585185185185185,1,0,0
flow,0.4,1.5,0,registered,during_vibration,flow_dump_0.4_1.5.shear.wave,2051,205100,205.1,0.2051,158683.45183699526,1002.8749400700787,0.00631997179580051,6.319971795800511e+17,90,0.0005671668908012594,5.671668908012594e+26,847.0890624093795,21.664438945791005,80.60493435230116,0.0,0.0,53.51650436260681,0.005338231886205353,0.00013652613864264444,0.0005079605555537142,0.0,0.0,0.00033725321539879714,5113,2147,6240,0.15903703703703703,0.4622222222222222,1,0,0
flow,0.4,1.5,0,registered,during_vibration,flow_dump_0.4_1.5.shear.wave,2052,205200,205.20000000000002,0.2052,158683.45183699526,1062.7725212017085,0.006697437627544317,6.697437627544317e+17,89,0.0005608650364590232,5.6086503645902325e+26,915.3941144144449,19.78462991573802,73.26795472127314,0.0,0.0,54.325822150252755,0.005768680374780144,0.0001246798559440302,0.00046172397860702163,0.0,0.0,0.0003423534182131227,5194,2297,6009,0.17014814814814816,0.4451111111111111,1,0,0
flow,0.4,1.5,0,registered,during_vibration,flow_dump_0.4_1.5.shear.wave,2053,205300,205.3,0.20529999999999998,158683.45183699526,1142.264643212219,0.007198385401809824,7.198385401809824e+17,93,0.0005860724538279681,5.860724538279681e+26,945.7633060118014,32.2637118343639,92.27030434111896,21.08858020139002,0.0,50.87874082354542,0.00596006259671815,0.00020332121252004414,0.0005814740180715377,0.00013289716071372638,0.0,0.00032063041378637075,5156,2243,6101,0.16614814814814816,0.45192592592592595,1,0,0
flow,0.4,1.5,0,registered,during_vibration,flow_dump_0.4_1.5.shear.wave,2054,205400,205.4,0.2054,158683.45183699526,950.8693900264678,0.005992240394437799,5.992240394437798e+17,85,0.0005356576190900784,5.356576190900784e+26,779.9274571725061,17.661308557422835,85.25955738395047,0.0,0.0,68.02106691258857,0.004914989232611808,0.00011129899402216873,0.0005372933119171861,0.0,0.0,0.00042865885588663647,5099,2120,6281,0.15703703703703703,0.46525925925925926,1,0,0
flow,0.4,1.5,0,registered,during_vibration,flow_dump_0.4_1.5.shear.wave,2055,205500,205.5,0.2055,158683.45183699526,961.5196398276795,0.006059356717393464,6.059356717393464e+17,86,0.0005419594734323146,5.419594734323146e+26,807.4122679255456,11.477205300579886,85.92161188330114,0.0,5.111624099132448,51.59693061912044,0.005088194506601391,7.232767606019586e-05,0.0005414654829387161,0.0,3.2212710524997104e-05,0.00032515634126816493,5184,2216,6100,0.16414814814814815,0.45185185185185184,1,0,0
flow,0.4,1.5,0,registered,during_vibration,flow_dump_0.4_1.5.shear.wave,2056,205600,205.6,0.20559999999999998,158683.45183699526,1011.794518735717,0.006376181681345481,6.376181681345481e+17,88,0.000554563182116787,5.54563182116787e+26,803.8604567213341,33.59862309309706,125.46780930885049,6.16096255049614,0.0,42.70666706193902,0.005065811509741327,0.0002117336288323917,0.0007906798589038449,3.882548860119881e-05,0.0,0.0002691311952667168,5173,2209,6118,0.16362962962962962,0.4531851851851852,1,0,0
flow,0.4,1.5,0,registered,during_vibration,flow_dump_0.4_1.5.shear.wave,2057,205700,205.70000000000002,0.2057,158683.4518369953,1091.3345907774237,0.006877431629723291,6.877431629723291e+17,87,0.0005482613277745506,5.482613277745507e+26,920.8333434232006,12.47315929101977,107.2845049191524,5.672032415326644,0.0,45.07155072872417,0.0058029576037273885,7.860403303951693e-05,0.0006760913231794231,3.574432210583078e-05,0.0,0.00028403434767113023,5078,2087,6335,0.1545925925925926,0.46925925925925926,1,0,0
flow,0.4,1.5,0,registered,during_vibration,flow_dump_0.4_1.5.shear.wave,2058,205800,205.8,0.20579999999999998,158683.45183699526,1043.4461380130826,0.006575645575727354,6.575645575727355e+17,84,0.0005293557647478421,5.293557647478421e+26,899.9790190878938,23.572212079855984,50.306188840216045,0.0,0.0,69.58871800511699,0.0056715366893605335,0.00014854864705155342,0.00031702227458407057,0.0,0.0,0.00043853796473119805,5129,2242,6129,0.16607407407407407,0.454,1,0,0
flow,0.4,1.5,0,registered,during_vibration,flow_dump_0.4_1.5.shear.wave,2059,205900,205.9,0.2059,158683.45183699526,1050.6376929975847,0.00662096570773387,6.62096570773387e+17,89,0.0005608650364590232,5.6086503645902325e+26,886.140273114737,13.815920091662548,87.6867937268539,0.0,0.0,62.99470606433159,0.005584326927958492,8.706591602163221e-05,0.0005525894018043457,0.0,0.0,0.00039698346194940213,5187,2290,6023,0.16962962962962963,0.4461481481481481,1,0,0
flow,0.4,1.5,0,registered,during_vibration,flow_dump_0.4_1.5.shear.wave,2060,206000,206.0,0.206,158683.45183699526,1095.5589628066386,0.0069040530069388205,6.90405300693882e+17,90,0.0005671668908012594,5.671668908012594e+26,892.9769281669722,34.30033158267352,101.60972707817264,19.7880747211917,0.0,46.88390125762869,0.005627410532285791,0.00021615569352441316,0.000640329699801019,0.0001247015646062366,0.0,0.00029545551672136136,5111,2174,6215,0.16103703703703703,0.4603703703703704,1,0,0
flow,0.4,1.5,0,registered,during_vibration,flow_dump_0.4_1.5.shear.wave,2061,206100,206.1,0.20609999999999998,158683.4518369953,944.3421686744382,0.0059511067962177725,5.951106796217773e+17,82,0.0005167520560633696,5.1675205606336965e+26,748.077547136029,12.26347507068423,90.47718554147936,7.822727073541479,0.0,85.70123385270425,0.004714275738748601,7.728263362509698e-05,0.0005701740445778834,4.929768657652617e-05,0.0,0.0005400766926896655,5105,2147,6248,0.15903703703703703,0.4628148148148148,1,0,0
flow,0.4,1.5,0,registered,during_vibration,flow_dump_0.4_1.5.shear.wave,2062,206200,206.20000000000002,0.2062,158683.45183699526,1171.2287746770733,0.007380913139450717,7.380913139450717e+17,88,0.000554563182116787,5.54563182116787e+26,923.5543769458727,46.1239413881296,119.58461226897518,0.0,0.0,81.96584407409536,0.0058201051606476106,0.00029066636031783327,0.0007536048080918755,0.0,0.0,0.0005165368103933945,5190,2273,6037,0.16837037037037036,0.4471851851851852,1,0,0
flow,0.4,1.5,0,registered,during_vibration,flow_dump_0.4_1.5.shear.wave,2063,206300,206.3,0.20629999999999998,158683.45183699526,987.4341167838841,0.006222665976526703,6.222665976526703e+17,84,0.0005293557647478421,5.293557647478421e+26,776.2243165772704,55.0741463459693,117.02529540009536,16.755282583208405,0.0,22.355075877340614,0.004891652579971811,0.00034706924829529945,0.0007374763659685668,0.00010558935030238673,0.0,0.00014087843198863902,5125,2156,6219,0.1597037037037037,0.46066666666666667,1,0,0
flow,0.4,1.5,0,registered,during_vibration,flow_dump_0.4_1.5.shear.wave,2064,206400,206.4,0.2064,158683.45183699526,1014.9510487279521,0.006396073673583446,6.396073673583446e+17,80,0.0005041483473788973,5.041483473788973e+26,875.6575226676367,26.81278893588466,85.36011748149568,4.69121157950513,0.0,22.429408063429786,0.005518266161534854,0.00016897029038306794,0.000537927027004557,2.956333206265322e-05,0.0,0.000141346862598313,5070,2088,6342,0.15466666666666667,0.4697777777777778,1,0,0
flow,0.4,1.5,0,registered,during_vibration,flow_dump_0.4_1.5.shear.wave,2065,206500,206.5,0.2065,158683.4518369953,1083.905262749173,0.006830613086628561,6.830613086628561e+17,90,0.0005671668908012594,5.671668908012594e+26,906.6466508319086,16.194771764839466,75.78413966717788,12.114639493255385,0.0,73.16506099199188,0.0057135551334189846,0.00010205709276777804,0.00047758060963424073,7.634469349519779e-05,0.0,0.00046107555731236154,5142,2266,6092,0.16785185185185186,0.45125925925925925,1,0,0
flow,0.4,1.5,0,registered,during_vibration,flow_dump_0.4_1.5.shear.wave,2066,206600,206.6,0.20659999999999998,158683.45183699526,1081.7460658912564,0.006817006142533758,6.817006142533757e+17,90,0.0005671668908012594,5.671668908012594e+26,906.5426778540234,11.686970296275392,84.86780545177548,7.1347980310153964,0.0,71.51381425816683,0.0057128999108568244,7.364958450916875e-05,0.0005348245483023297,4.496245795273278e-05,0.0,0.00045066964091270285,5145,2291,6064,0.1697037037037037,0.4491851851851852,1,0,0
flow,0.4,1.5,0,registered,during_vibration,flow_dump_0.4_1.5.shear.wave,2067,206700,206.70000000000002,0.2067,158683.45183699526,1025.0344921953877,0.006459618065583398,6.459618065583398e+17,80,0.0005041483473788973,5.041483473788973e+26,855.5485352883521,29.812679750172073,86.11478987953878,9.93424561989836,0.0,43.624241657426396,0.005391542252100736,0.00018787516533731957,0.0005426828625331308,6.26041688965976e-05,0.0,0.00027491361671561456,5092,2112,6296,0.15644444444444444,0.4663703703703704,1,0,0
flow,0.4,1.5,0,registered,during_vibration,flow_dump_0.4_1.5.shear.wave,2068,206800,206.8,0.20679999999999998,158683.45183699526,959.442407676862,0.006046266302944002,6.046266302944003e+17,83,0.0005230539104056059,5.2305391040560594e+26,822.4442834986804,4.679333457260451,66.3237863150391,0.0,0.0,65.99500440588184,0.005182924079213513,2.9488477866407977e-05,0.0004179628407829761,0.0,0.0,0.0004158909050811047,5156,2182,6162,0.16162962962962962,0.45644444444444443,1,0,0
flow,0.4,1.5,0,registered,during_vibration,flow_dump_0.4_1.5.shear.wave,2069,206900,206.9,0.2069,158683.4518369953,1009.867123752179,0.006364035518899266,6.364035518899267e+17,93,0.000586072453827968,5.8607245382796806e+26,784.8690098649449,39.999356445801354,121.91945403510775,6.884798211511738,0.0,56.19450519481353,0.004946130177904041,0.0002520701181046274,0.0007683186408142124,4.338699550463537e-05,0.0,0.0003541295865717512,5189,2261,6050,0.16748148148148148,0.44814814814814813,1,0,0
flow,0.4,1.5,0,registered,during_vibration,flow_dump_0.4_1.5.shear.wave,2070,207000,207.0,0.207,158683.45183699526,959.8485919864019,0.006048826017298825,6.048826017298825e+17,82,0.0005167520560633698,5.167520560633698e+26,778.1739151187845,26.335753286336352,97.25593445262457,15.672465981720922,0.0,42.41052314693524,0.004903938666006268,0.00016596408120356045,0.0006128927328385129,9.876559780045738e-05,0.0,0.0002672649394500234,5088,2119,6293,0.15696296296296297,0.46614814814814814,1,0,0
flow,0.4,1.5,0,registered,during_vibration,flow_dump_0.4_1.5.shear.wave,2071,207100,207.1,0.20709999999999998,158683.45183699526,1003.9353612936765,0.00632665441589304,6.326654415893039e+17,89,0.0005608650364590232,5.6086503645902325e+26,822.2642836568426,13.9907406021199,92.74738782033754,6.330537358438691,0.0,68.60241185593767,0.0051817897464286255,8.816760941456982e-05,0.0005844805286666604,3.989412434096545e-05,0.0,0.0004323224070422181,5108,2136,6256,0.1582222222222222,0.46340740740740743,1,0,0
flow,0.4,1.5,0,registered,during_vibration,flow_dump_0.4_1.5.shear.wave,2072,207200,207.20000000000002,0.2072,158683.45183699526,1050.3552234382257,0.006619185625714673,6.619185625714674e+17,83,0.0005230539104056059,5.2305391040560594e+26,881.1482910390635,25.785017374352762,84.6149425702141,0.0,0.0,58.80697245459526,0.005552868184038543,0.00016249342370520123,0.0005332310432541717,0.0,0.0,0.0003705929747167567,5182,2273,6045,0.16837037037037036,0.4477777777777778,1,0,0
flow,0.4,1.5,0,registered,during_vibration,flow_dump_0.4_1.5.shear.wave,2073,207300,207.3,0.20729999999999998,158683.45183699526,1037.7444858577146,0.006539714594334128,6.539714594334129e+17,87,0.0005482613277745507,5.4826132777455075e+26,841.4678324938967,25.145278480542686,99.8948300911524,14.3999995755708,0.0,56.83654521655201,0.00530280771405376,0.0001584618823793468,0.0006295226687768777,9.074669985351051e-05,0.0,0.00035817562927063334,5154,2209,6137,0.16362962962962962,0.4545925925925926,1,0,0
flow,0.4,1.5,0,registered,during_vibration,flow_dump_0.4_1.5.shear.wave,2074,207400,207.4,0.2074,158683.45183699526,1027.0049270796521,0.0064720354592148945,6.472035459214894e+17,88,0.000554563182116787,5.54563182116787e+26,828.5736623781462,29.696580381450644,94.91398083515409,8.476720759040473,0.0,65.34398272586058,0.005221550532120285,0.00018714352402641156,0.0005981340822649408,5.341905952328308e-05,0.0,0.0004117882612799728,5100,2107,6293,0.1560740740740741,0.46614814814814814,1,0,0
flow,0.4,1.5,0,registered,during_vibration,flow_dump_0.4_1.5.shear.wave,2075,207500,207.5,0.2075,158683.45183699526,975.4266058581479,0.006146996391659903,6.146996391659903e+17,88,0.000554563182116787,5.54563182116787e+26,791.4434155694713,18.404347581500282,85.39359556692295,0.0,0.0,80.1852471402534,0.0049875611250407344,0.00011598151772250216,0.0005381380010225767,0.0,0.0,0.00050531574787409,5175,2238,6087,0.16577777777777777,0.4508888888888889,1,0,0
flow,0.4,1.5,0,registered,during_vibration,flow_dump_0.4_1.5.shear.wave,2076,207600,207.6,0.20759999999999998,158683.4518369953,1088.5421575814664,0.006859834122461942,6.859834122461942e+17,88,0.0005545631821167869,5.5456318211678696e+26,855.0142989106464,58.769213683498364,130.4554649276504,7.017417212668331,0.0,37.28576284700281,0.00538817557226411,0.00037035502444116215,0.0008221113381227579,4.4222741132937076e-05,0.0,0.00023496944650097437,5197,2231,6072,0.16525925925925927,0.4497777777777778,1,0,0
flow,0.4,1.5,0,registered,during_vibration,flow_dump_0.4_1.5.shear.wave,2077,207700,207.70000000000002,0.2077,158683.45183699526,1089.0972691900986,0.006863332354963228,6.863332354963228e+17,81,0.0005104502017211335,5.104502017211335e+26,906.4618833599652,31.93126722190273,114.745686373361,5.5686216354988805,0.0,30.389810599371025,0.005712390755723615,0.00020122619499545266,0.00072311060192484,3.509264243393916e-05,0.0,0.00019151215988538246,5090,2102,6308,0.1557037037037037,0.46725925925925926,1,0,0
flow,0.4,1.5,0,registered,during_vibration,flow_dump_0.4_1.5.shear.wave,2078,207800,207.8,0.20779999999999998,158683.45183699526,1070.0594771002902,0.006743358962215479,6.743358962215479e+17,94,0.0005923743081702043,5.9237430817020434e+26,889.9532898477515,32.37852926512062,74.61930246505294,15.714817514783796,0.0,57.39353800758191,0.005608356004014459,0.00020404477524462277,0.00047023997525403146,9.903249099299001e-05,0.0,0.00036168571670937934,5145,2208,6147,0.16355555555555557,0.4553333333333333,1,0,0
flow,0.4,1.5,0,registered,during_vibration,flow_dump_0.4_1.5.shear.wave,2079,207900,207.9,0.2079,158683.45183699526,1076.3227180498943,0.006782828994390213,6.782828994390213e+17,90,0.0005671668908012594,5.671668908012594e+26,914.771577617089,5.919850145812729,91.7680903402612,5.089713004333436,0.0,58.77348694239818,0.005764757238560526,3.730603334677764e-05,0.0005783091385895004,3.20746299970948e-05,0.0,0.0003703819538963155,5190,2281,6029,0.16896296296296295,0.4465925925925926,1,0,0
flow,0.4,1.5,0,registered,during_vibration,flow_dump_0.4_1.5.shear.wave,2080,208000,208.0,0.208,158683.4518369953,1060.616818136606,0.006683852700822929,6.683852700822929e+17,86,0.0005419594734323145,5.4195947343231446e+26,891.4659882743164,28.561307622490418,98.62005104979455,11.504036300335247,0.0,30.46543488966918,0.005617888809162399,0.00017998920046073555,0.000621489196939705,7.249676111251072e-05,0.0,0.0001919887331475764,5135,2171,6194,0.16081481481481483,0.45881481481481484,1,0,0
flow,0.4,1.5,0,registered,during_vibration,flow_dump_0.4_1.5.shear.wave,2081,208100,208.1,0.20809999999999998,158683.45183699526,905.8341918004642,0.005708435134943788,5.708435134943788e+17,77,0.00048524278435218865,4.852427843521887e+26,746.7305331260073,6.98676328549579,90.26248160091274,12.447780469301923,0.0,49.40663331874605,0.0047057870526604935,4.4029564548878215e-05,0.0005688210116177284,7.84440994016735e-05,0.0,0.0003113534067150123,5126,2145,6229,0.15888888888888889,0.46140740740740743,1,0,0
flow,0.4,1.5,0,registered,during_vibration,flow_dump_0.4_1.5.shear.wave,2082,208200,208.20000000000002,0.2082,158683.45183699526,1216.4290841814466,0.0076657589061712725,7.665758906171273e+17,91,0.0005734687451434957,5.734687451434957e+26,949.284750512746,44.79460918319117,128.67365832351845,0.0,0.0,93.6760661619905,0.005982254227037371,0.00028228910238986755,0.000810882652437484,0.0,0.0,0.0005903329243065469,5202,2269,6029,0.16807407407407407,0.4465925925925926,1,0,0
flow,0.4,1.5,0,registered,during_vibration,flow_dump_0.4_1.5.shear.wave,2083,208300,208.3,0.20829999999999999,158683.45183699526,1040.96915091501,0.006560035963827702,6.560035963827702e+17,87,0.0005482613277745507,5.4826132777455075e+26,833.5338800671356,67.94157205537186,108.18451934484581,18.13677431398864,0.0,13.172405133668356,0.005252809101502079,0.0004281578908754999,0.0006817630829960545,0.00011429530996476757,0.0,8.301057848930256e-05,5151,2146,6203,0.15896296296296297,0.4594814814814815,1,0,0
flow,0.4,1.5,0,registered,during_vibration,flow_dump_0.4_1.5.shear.wave,2084,208400,208.4,0.2084,158683.4518369953,916.7809992406493,0.0057774203209443415,5.777420320944342e+17,77,0.00048524278435218855,4.8524278435218856e+26,776.294635734858,20.888446230812395,83.15860769990509,12.569821344533059,0.0,23.86948823054071,0.004892095721060396,0.00013163594558221277,0.0005240534330279648,7.921318322117912e-05,0.0,0.0001504220380525892,5102,2104,6294,0.15585185185185185,0.4662222222222222,1,0,0
flow,0.4,1.5,0,registered,during_vibration,flow_dump_0.4_1.5.shear.wave,2085,208500,208.5,0.2085,158683.45183699526,1020.199520993696,0.00642914878132143,6.42914878132143e+17,86,0.0005419594734323146,5.419594734323146e+26,882.0948443757126,15.424473724274765,70.15871179438786,6.6088078654337465,0.0,45.91268323388711,0.005558833225293263,9.720278671602935e-05,0.0004421299825671623,4.1647744543788516e-05,0.0,0.00028933504220118736,5155,2247,6098,0.16644444444444445,0.4517037037037037,1,0,0
flow,0.4,1.5,0,registered,during_vibration,flow_dump_0.4_1.5.shear.wave,2086,208600,208.6,0.20859999999999998,158683.45183699526,1053.4638102559195,0.006638775487049975,6.638775487049975e+17,85,0.0005356576190900784,5.356576190900784e+26,883.7030715689295,10.550553001732297,82.77309813551918,5.9961704382431105,0.0,70.44091711149538,0.00556896803881414,6.648804824696002e-05,0.000521624007905666,3.778699271303078e-05,0.0,0.00044390839937017855,5186,2285,6029,0.16925925925925925,0.4465925925925926,1,0,0
flow,0.4,1.5,0,registered,during_vibration,flow_dump_0.4_1.5.shear.wave,2087,208700,208.70000000000002,0.2087,158683.45183699526,997.3731288718421,0.006285300183010739,6.285300183010739e+17,81,0.0005104502017211335,5.104502017211335e+26,798.7838275058868,25.584487558905245,92.23135694748736,28.273439896716944,0.0,52.50001696284536,0.005033819331876037,0.00016122971401697547,0.0005812285772698616,0.00017817509998308033,0.0,0.000330847459864782,5114,2126,6260,0.15748148148148147,0.46370370370370373,1,0,0
flow,0.4,1.5,0,registered,during_vibration,flow_dump_0.4_1.5.shear.wave,2088,208800,208.8,0.20879999999999999,158683.4518369953,950.3271515697372,0.005988823286664722,5.988823286664722e+17,76,0.0004789409300099523,4.7894093000995234e+26,791.1623405987543,8.813095845966627,89.30757460077994,0.0,0.0,61.044140524236475,0.004985789831516027,5.553884632544874e-05,0.0005628033267925098,0.0,0.0,0.0003846912820307373,5156,2191,6153,0.1622962962962963,0.4557777777777778,1,0,0
flow,0.4,1.5,0,registered,during_vibration,flow_dump_0.4_1.5.shear.wave,2089,208900,208.9,0.2089,158683.45183699526,1026.4291806894769,0.006468407189325941,6.46840718932594e+17,92,0.0005797705994857318,5.7977059948573184e+26,777.3247079104095,25.399059938411867,142.85695919339327,6.235539593450543,0.0,74.6129140538122,0.004898587085872713,0.00016006117616159873,0.0009002637486115473,3.9295462263172154e-05,0.0,0.00047019971641691405,5194,2276,6030,0.1685925925925926,0.44666666666666666,1,0,0
flow,0.4,1.5,0,registered,during_vibration,flow_dump_0.4_1.5.shear.wave,2090,209000,209.0,0.209,158683.45183699526,974.8301707484518,0.006143237744474003,6.143237744474003e+17,78,0.0004915446386944248,4.9154463869442485e+26,822.5419889091459,30.16153691469843,98.63241899365018,14.589967546970021,0.0,8.904258383987617,0.005183539804478715,0.00019007361237441024,0.0006215671379203962,9.19438503389585e-05,0.0,5.61133393615256e-05,5116,2132,6252,0.15792592592592591,0.4631111111111111,1,0,0
flow,0.4,1.5,0,registered,during_vibration,flow_dump_0.4_1.5.shear.wave,2091,209100,209.1,0.20909999999999998,158683.45183699526,987.8946031857464,0.0062255678947578195,6.225567894757819e+17,85,0.0005356576190900784,5.356576190900784e+26,859.5300096822601,14.855486601515516,68.82311763034679,7.447749079518544,0.0,37.23824019210523,0.005416632923798488,9.361711274579247e-05,0.00043371326268503476,4.6934629876649714e-05,0.0,0.00023466996565185352,5130,2145,6225,0.15888888888888889,0.46111111111111114,1,0,0
flow,0.4,1.5,0,registered,during_vibration,flow_dump_0.4_1.5.shear.wave,2092,209200,209.20000000000002,0.2092,158683.45183699526,1046.983797250892,0.006597939388956495,6.597939388956495e+17,83,0.0005230539104056059,5.2305391040560594e+26,901.693318103234,24.149187947131573,75.27793955048566,8.964934945261373,0.0,36.89841670477896,0.005682339952054247,0.0001521846649261096,0.0004743906102308234,5.649571421266058e-05,0.0,0.0002325284475326526,5200,2300,6000,0.17037037037037037,0.4444444444444444,1,0,0
flow,0.4,1.5,0,registered,during_vibration,flow_dump_0.4_1.5.shear.wave,2093,209300,209.3,0.20929999999999999,158683.45183699526,1154.6992949617224,0.007276746765931628,7.276746765931628e+17,92,0.0005797705994857318,5.7977059948573184e+26,937.6055652725087,51.098437572887036,98.03133006373282,15.369739454426089,0.0,52.5942225981676,0.0059086537028174005,0.0003220149107001844,0.0006177791630373264,9.685785931991434e-05,0.0,0.0003314411300568006,5165,2238,6097,0.16577777777777777,0.4516296296296296,1,0,0
flow,0.4,1.5,0,registered,during_vibration,flow_dump_0.4_1.5.shear.wave,2094,209400,209.4,0.2094,158683.45183699526,961.9698639971119,0.006062193964530582,6.062193964530582e+17,82,0.0005167520560633698,5.167520560633698e+26,766.3528347868372,17.323098896557003,92.31277050924557,7.859434845277999,0.0,78.12172495919447,0.004829443939586463,0.00010916764600225515,0.0005817416336775445,4.952901360723778e-05,0.0,0.0004923117316570831,5116,2132,6252,0.15792592592592591,0.4631111111111111,1,0,0
flow,0.4,1.5,0,registered,during_vibration,flow_dump_0.4_1.5.shear.wave,2095,209500,209.5,0.2095,158683.45183699526,894.2084164354728,0.0056351711919780546,5.6351711919780544e+17,79,0.000497846493036661,4.97846493036661e+26,756.3332953018984,12.719418995210248,79.59393914185218,0.0,0.0,45.56176299651191,0.004766302261176095,8.015592582568751e-05,0.0005015894109967662,0.0,0.0,0.0002871235939795059,5183,2222,6095,0.1645925925925926,0.4514814814814815,1,0,0
flow,0.4,1.5,0,registered,during_vibration,flow_dump_0.4_1.5.shear.wave,2096,209600,209.6,0.20959999999999998,158683.45183699526,1112.1664744293444,0.007008711126172107,7.008711126172108e+17,89,0.0005608650364590232,5.6086503645902325e+26,909.9589711230337,31.83617939535577,123.58660823268006,12.049443939326116,0.0,34.73527173894919,0.00573442889342849,0.00020062696536283391,0.0007788248037333609,7.593384061057414e-05,0.0,0.00021889662303685185,5186,2223,6091,0.16466666666666666,0.4511851851851852,1,0,0
flow,0.4,1.5,0,registered,during_vibration,flow_dump_0.4_1.5.shear.wave,2097,209700,209.70000000000002,0.2097,158683.45183699526,963.7425685787615,0.0060733652905959525,6.073365290595953e+17,79,0.000497846493036661,4.97846493036661e+26,814.2443991443253,18.91588313523564,100.56358226472868,9.11164512339471,0.0,20.907058911077378,0.005131249602389185,0.00011920514027301752,0.0006337370475658094,5.74202603857804e-05,0.0,0.00013175323998216134,5093,2090,6317,0.15481481481481482,0.4679259259259259,1,0,0
flow,0.4,1.5,0,registered,during_vibration,flow_dump_0.4_1.5.shear.wave,2098,209800,209.8,0.2098,158683.45183699526,1080.092452645733,0.006806585312722076,6.806585312722076e+17,94,0.0005923743081702043,5.9237430817020434e+26,899.7245039475865,24.282186248608312,71.4566244109797,5.30106288652016,0.0,79.32807515203775,0.005669932772018424,0.00015302280084978083,0.0004503092388258748,3.340652616988432e-05,0.0,0.00049991397485811,5162,2217,6121,0.16422222222222221,0.4534074074074074,1,0,0
flow,0.4,1.5,0,registered,during_vibration,flow_dump_0.4_1.5.shear.wave,2099,209900,209.9,0.2099,158683.4518369953,1100.228371921743,0.0069334789430465175,6.933478943046518e+17,91,0.0005734687451434956,5.7346874514349555e+26,895.5812285311607,23.391987772342933,90.24265102368196,5.791498568985763,0.0,85.2210060255714,0.0056438224538443394,0.00014741289971667576,0.0005686960422084976,3.6497180405017754e-05,0.0,0.0005370503668719858,5221,2285,5994,0.16925925925925925,0.444,1,0,0
flow,0.4,1.5,0,registered,during_vibration,flow_dump_0.4_1.5.shear.wave,2100,210000,210.0,0.21,158683.45183699526,1014.8322957072435,0.00639532530934424,6.395325309344239e+17,85,0.0005356576190900784,5.356576190900784e+26,836.7487144218409,20.76148138012047,94.47277911094305,14.277185541445576,0.0,48.57213525289354,0.0052730685193398494,0.00013083583158656853,0.0005953536932634194,8.997274369927092e-05,0.0,0.0003060945214551319,5132,2164,6204,0.1602962962962963,0.45955555555555555,1,0,0
flow,0.4,1.5,0,registered,during_vibration,flow_dump_0.4_1.5.shear.wave,2101,210100,210.1,0.21009999999999998,158683.45183699526,919.5076236452255,0.005794603110787969,5.794603110787969e+17,75,0.0004726390756677162,4.726390756677162e+26,727.922236942044,17.974059986092065,82.96766186113727,14.475375792937005,0.0,76.16828906301525,0.00458725990968352,0.0001132699079709685,0.000522850120164794,9.122170979622107e-05,0.0,0.00048000146317246596,5113,2144,6243,0.15881481481481483,0.46244444444444444,1,0,0
flow,0.4,1.5,0,registered,during_vibration,flow_dump_0.4_1.5.shear.wave,2102,210200,210.20000000000002,0.2102,158683.45183699526,1004.2491760721285,0.006328632030917285,6.328632030917285e+17,93,0.0005860724538279681,5.860724538279681e+26,828.9855815886575,11.98929123947882,97.38964508376888,0.0,0.0,65.88465816022345,0.005224146386985696,7.555476705784423e-05,0.0006137353577599929,0.0,0.0,0.0004151955191137529,5209,2264,6027,0.16770370370370372,0.4464444444444444,1,0,0
flow,0.4,1.5,0,registered,during_vibration,flow_dump_0.4_1.5.shear.wave,2103,210300,210.3,0.2103,158683.4518369953,1084.2431803307175,0.006832742594007135,6.832742594007135e+17,83,0.0005230539104056058,5.230539104056058e+26,867.3231283111526,50.24393919636033,112.81080045198391,18.4468522703372,0.0,35.41846010088321,0.005465744022269534,0.0003166299863956357,0.0007109172326794779,0.00011624937608041445,0.0,0.00022320197658207098,5156,2158,6186,0.15985185185185186,0.4582222222222222,1,0,0
flow,0.4,1.5,0,registered,during_vibration,flow_dump_0.4_1.5.shear.wave,2104,210400,210.4,0.2104,158683.45183699526,1063.917684999672,0.006704654282997086,6.704654282997085e+17,83,0.0005230539104056059,5.2305391040560594e+26,880.0167214297012,35.830833790723915,104.92380820462247,4.38955492957934,0.0,38.756766645045346,0.005545737197182241,0.00022580069551001765,0.00066121455633826,2.7662335793453953e-05,0.0,0.00024423949817311473,5096,2097,6307,0.15533333333333332,0.4671851851851852,1,0,0
flow,0.4,1.5,0,registered,during_vibration,flow_dump_0.4_1.5.shear.wave,2105,210500,210.5,0.2105,158683.45183699526,1026.6611869705837,0.00646986925911596,6.46986925911596e+17,85,0.0005356576190900784,5.356576190900784e+26,879.9030159068193,29.248922698646922,63.80208945106925,0.0,0.0,53.707158914048165,0.005545020641539131,0.00018432245051419952,0.00040207147445096424,0.0,0.0,0.00033845469261166493,5178,2247,6075,0.16644444444444445,0.45,1,0,0
flow,0.4,1.5,0,registered,during_vibration,flow_dump_0.4_1.5.shear.wave,2106,210600,210.6,0.21059999999999998,158683.45183699526,1038.7991707989768,0.006546361065210913,6.546361065210913e+17,82,0.0005167520560633698,5.167520560633698e+26,856.1799490939253,24.9949363367909,85.14738892992831,8.985341071017185,0.0,63.491555367314696,0.005395521329933136,0.00015751444808792352,0.0005365864426581447,5.662431064486306e-05,0.0,0.00040011453388684323,5187,2276,6037,0.1685925925925926,0.4471851851851852,1,0,0
flow,0.4,1.5,0,registered,during_vibration,flow_dump_0.4_1.5.shear.wave,2107,210700,210.70000000000002,0.2107,158683.4518369953,1010.611127256514,0.006368724120613699,6.368724120613699e+17,85,0.0005356576190900783,5.356576190900783e+26,814.2350609653428,19.726932618145042,80.16292374667822,19.41422980370514,0.0,77.0719801226427,0.005131190754545415,0.00012431625597865857,0.0005051750690993547,0.00012234564838965097,0.0,0.00048569639260061915,5105,2106,6289,0.156,0.46585185185185185,1,0,0
flow,0.4,1.5,0,registered,during_vibration,flow_dump_0.4_1.5.shear.wave,2108,210800,210.8,0.2108,158683.45183699526,942.6074861962379,0.005940175079910126,5.940175079910126e+17,81,0.0005104502017211335,5.104502017211335e+26,769.0041047236859,16.59184161244128,83.63144483937313,0.0,0.0,73.38009502073757,0.004846151856550434,0.00010455936911105861,0.0005270331838084922,0.0,0.0,0.0004624306704401412,5161,2175,6164,0.16111111111111112,0.4565925925925926,1,0,0
flow,0.4,1.5,0,registered,during_vibration,flow_dump_0.4_1.5.shear.wave,2109,210900,210.9,0.2109,158683.45183699526,1048.101664542256,0.0066049840258006216,6.604984025800622e+17,85,0.0005356576190900784,5.356576190900784e+26,814.0317285120422,39.794544675157354,140.67118422180482,13.38006551545649,0.0,40.22414161779538,0.005129909383041665,0.00025077942415845344,0.0008864893131156914,8.431922396798453e-05,0.0,0.0002534866815168283,5215,2255,6030,0.16703703703703704,0.44666666666666666,1,0,0
flow,0.4,1.5,0,registered,during_vibration,flow_dump_0.4_1.5.shear.wave,2110,211000,211.0,0.211,158683.45183699526,1039.1564459346696,0.006548612561076151,6.548612561076151e+17,79,0.000497846493036661,4.97846493036661e+26,859.16500903783,40.47155150706313,110.81794931987164,13.224540741614051,0.0,15.477395328290388,0.005414332742902467,0.00025504582260182246,0.000698358575119146,8.333912949662025e-05,0.0,9.753629095609331e-05,5122,2120,6258,0.15703703703703703,0.46355555555555555,1,0,0
flow,0.4,1.5,0,registered,during_vibration,flow_dump_0.4_1.5.shear.wave,2111,211100,211.1,0.21109999999999998,158683.45183699526,1093.3018987734029,0.006889829318160269,6.889829318160269e+17,89,0.0005608650364590232,5.6086503645902325e+26,921.7617086438189,29.144465044157712,88.59781243964457,7.280247391171962,0.0,46.51766525460915,0.005808808026124124,0.0001836641735906769,0.000558330509035404,4.587905863461091e-05,0.0,0.0002931475507754494,5149,2138,6213,0.15837037037037038,0.4602222222222222,1,0,0
flow,0.4,1.5,0,registered,during_vibration,flow_dump_0.4_1.5.shear.wave,2112,211200,211.20000000000002,0.2112,158683.45183699526,1014.3420053020233,0.0063922355706251465,6.392235570625147e+17,81,0.0005104502017211335,5.104502017211335e+26,854.4301056557739,19.110980550972677,85.59482858789795,0.0,0.0,55.206090507378875,0.005384494071464188,0.00012043461576953903,0.0005394061422096093,0.0,0.0,0.00034790074118181113,5212,2276,6012,0.1685925925925926,0.44533333333333336,1,0,0
flow,0.4,1.5,0,registered,during_vibration,flow_dump_0.4_1.5.shear.wave,2113,211300,211.3,0.2113,158683.45183699526,1110.05465671243,0.006995402758522759,6.995402758522758e+17,89,0.0005608650364590232,5.6086503645902325e+26,885.3171653993928,47.948533846447255,94.61215803881453,12.287534243466872,0.0,69.88926518430857,0.005579139823028422,0.0003021646762240938,0.0005962320389652424,7.74342510275679e-05,0.0,0.00044043196927743335,5153,2236,6111,0.16562962962962963,0.45266666666666666,1,0,0
flow,0.4,1.5,0,registered,during_vibration,flow_dump_0.4_1.5.shear.wave,2114,211400,211.4,0.21139999999999998,158683.45183699526,954.9977380998831,0.006018256642670513,6.018256642670513e+17,83,0.0005230539104056059,5.2305391040560594e+26,810.9904364343597,8.07416750337705,88.38936042123555,9.848589906012803,0.0,37.69518383489793,0.005110743603355914,5.088222754109921e-05,0.0005570168747780452,6.206437906411055e-05,0.0,0.00023754955793134396,5101,2123,6276,0.15725925925925927,0.4648888888888889,1,0,0
flow,0.4,1.5,0,registered,during_vibration,flow_dump_0.4_1.5.shear.wave,2115,211500,211.5,0.2115,158683.45183699526,954.0343911156396,0.006012185770294777,6.012185770294778e+17,81,0.0005104502017211335,5.104502017211335e+26,785.2694898829785,14.831733160926515,89.83064312521181,0.0,0.0,64.10252494652259,0.004948653944644666,9.346742202307364e-05,0.0005660996284444879,0.0,0.0,0.0004039647751825488,5194,2214,6092,0.164,0.45125925925925925,1,0,0
flow,0.4,1.5,0,registered,during_vibration,flow_dump_0.4_1.5.shear.wave,2116,211600,211.6,0.21159999999999998,158683.45183699526,1022.4414872031704,0.0064432773258137534,6.443277325813754e+17,94,0.0005923743081702043,5.9237430817020434e+26,836.2307221940382,24.745921184850822,109.62003495960947,3.518701430231375,0.0,48.326107434440054,0.005269804207769827,0.00015594519087138732,0.0006908094933063008,2.2174343887136376e-05,0.0,0.0003045440899790999,5204,2228,6068,0.16503703703703704,0.4494814814814815,1,0,0
flow,0.4,1.5,0,registered,during_vibration,flow_dump_0.4_1.5.shear.wave,2117,211700,211.70000000000002,0.2117,158683.45183699526,1063.7586014906822,0.0067036517618951795,6.70365176189518e+17,82,0.0005167520560633698,5.167520560633698e+26,896.0554321268033,33.289016016658124,104.55393589068457,6.441055853097823,0.0,23.419161603438585,0.005646810815832645,0.00020978253013334794,0.0006588836748905975,4.059059579643051e-05,0.0,0.0001475841452421611,5102,2091,6307,0.15488888888888888,0.4671851851851852,1,0,0
flow,0.4,1.5,0,registered,during_vibration,flow_dump_0.4_1.5.shear.wave,2118,211800,211.8,0.2118,158683.4518369953,1108.6750790755596,0.0069867088612013935,6.986708861201394e+17,102,0.0006427891429080939,6.427891429080939e+26,941.8733631352497,27.994963892699438,76.48554356151546,0.0,0.0,62.32120848609497,0.0059355487433105005,0.000176420184767954,0.00048200075481143336,0.0,0.0,0.000392739178311506,5163,2216,6121,0.16414814814814815,0.4534074074074074,1,0,0
flow,0.4,1.5,0,registered,during_vibration,flow_dump_0.4_1.5.shear.wave,2119,211900,211.9,0.21189999999999998,158683.45183699526,1080.9041039263634,0.006811700220869299,6.811700220869299e+17,93,0.0005860724538279681,5.860724538279681e+26,890.7912658375492,25.536408367771923,96.96191646186932,4.799642631625732,0.0,62.81487062754707,0.005613636806644454,0.00016092672595756073,0.0006110398742867764,3.0246648759292678e-05,0.0,0.00039585016522121366,5206,2272,6022,0.1682962962962963,0.44607407407407407,1,0,0
flow,0.4,1.5,0,registered,during_vibration,flow_dump_0.4_1.5.shear.wave,2120,212000,212.0,0.212,158683.45183699526,1044.3767500438128,0.006581510157194149,6.581510157194149e+17,87,0.0005482613277745507,5.4826132777455075e+26,867.616934504945,22.503305877254714,89.09156106356512,19.349125316449516,0.0,45.81582328159812,0.005467595546107662,0.0001418125558572474,0.0005614420409450309,0.00012193536939394008,0.0,0.0002887246448902662,5123,2163,6214,0.1602222222222222,0.4602962962962963,1,0,0
flow,0.4,1.5,0,registered,during_vibration,flow_dump_0.4_1.5.shear.wave,2121,212100,212.1,0.21209999999999998,158683.45183699526,947.223945857512,0.005969267336272285,5.969267336272284e+17,82,0.0005167520560633698,5.167520560633698e+26,772.3104282021196,9.551888892030648,101.3345263707279,12.589366607144388,7.552942446739028,43.88479333875028,0.004866987825519839,6.019461249080122e-05,0.0006385954250278219,7.933635461923648e-05,4.759754315464257e-05,0.0002765555754599424,5119,2157,6224,0.15977777777777777,0.461037037037037,1,0,0
flow,0.4,1.5,0,registered,during_vibration,flow_dump_0.4_1.5.shear.wave,2122,212200,212.20000000000002,0.2122,158683.4518369953,1076.9823174351443,0.0067869856936402856,6.786985693640285e+17,93,0.000586072453827968,5.8607245382796806e+26,875.5275723755193,7.891845549663113,103.37879433044183,0.0,7.829044031074568,82.35506114844561,0.005517447233722198,4.9733261145402035e-05,0.0006514781039464395,0.0,4.933749512278579e-05,0.000518989599703461,5200,2269,6031,0.16807407407407407,0.4467407407407407,1,0,0
flow,0.4,1.5,0,registered,during_vibration,flow_dump_0.4_1.5.shear.wave,2123,212300,212.3,0.2123,158683.45183699526,1025.7292585017992,0.006463996381648298,6.463996381648298e+17,90,0.0005671668908012594,5.671668908012594e+26,814.7701902106645,50.12270554978531,108.45726413251427,16.354425075199856,0.0,36.024673533635166,0.005134563061103704,0.00031586598961354186,0.0006834818809205453,0.00010306320467492507,0.0,0.00022702224533558085,5157,2170,6173,0.16074074074074074,0.45725925925925925,1,0,0
flow,0.4,1.5,0,registered,during_vibration,flow_dump_0.4_1.5.shear.wave,2124,212400,212.4,0.21239999999999998,158683.45183699526,1044.4656685934515,0.006582070508942294,6.582070508942294e+17,81,0.0005104502017211335,5.104502017211335e+26,891.9307535755418,32.02642221863333,83.69752127492389,8.533012436385208,0.0,28.27795908796721,0.0056208176923940485,0.00020182584792478487,0.0005274495878807872,5.3773801474589754e-05,0.0,0.00017820357926808423,5093,2104,6303,0.15585185185185185,0.4668888888888889,1,0,0
flow,0.4,1.5,0,registered,during_vibration,flow_dump_0.4_1.5.shear.wave,2125,212500,212.5,0.2125,158683.45183699526,1139.054609704905,0.007178156238213034,7.178156238213034e+17,101,0.0006364872885658578,6.364872885658577e+26,954.5465934354211,26.55763578605278,91.40552516945804,0.0,0.0,66.54485531397341,0.006015413594707796,0.00016736235239786463,0.0005760243056935309,0.0,0.0,0.0004193559854138441,5171,2269,6060,0.16807407407407407,0.4488888888888889,1,0,0
flow,0.4,1.5,0,registered,during_vibration,flow_dump_0.4_1.5.shear.wave,2126,212600,212.6,0.21259999999999998,158683.4518369953,1030.0813461085195,0.006491422603830499,6.491422603830499e+17,89,0.0005608650364590231,5.608650364590231e+26,851.5547111822652,11.119440588773458,89.82989352419283,7.88808299873225,0.0,69.68921781455568,0.0053663737543156636,7.007309495759962e-05,0.0005660949045680514,4.970955009748049e-05,0.0,0.0004391712998917031,5156,2284,6060,0.1691851851851852,0.4488888888888889,1,0,0
flow,0.4,1.5,0,registered,during_vibration,flow_dump_0.4_1.5.shear.wave,2127,212700,212.70000000000002,0.2127,158683.45183699526,999.7286475633448,0.006300144318705004,6.300144318705004e+17,85,0.0005356576190900784,5.356576190900784e+26,821.3472030481232,9.340327280282935,99.72860297289617,12.083206922779613,0.0,57.22930733926275,0.005176010438012386,5.88613820291584e-05,0.0006284751296898974,7.614661001445742e-05,0.0,0.0003606507589591039,5080,2104,6316,0.15585185185185185,0.46785185185185185,1,0,0
flow,0.4,1.5,0,registered,during_vibration,flow_dump_0.4_1.5.shear.wave,2128,212800,212.8,0.2128,158683.45183699526,987.4437004756664,0.006222726371556376,6.222726371556376e+17,82,0.0005167520560633698,5.167520560633698e+26,819.7733524144844,4.321665504562834,83.05224449234152,0.0,0.0,80.29643806427755,0.005166092260562759,2.723450652562176e-05,0.0005233831475865262,0.0,0.0,0.0005060164568814688,5125,2177,6198,0.16125925925925927,0.45911111111111114,1,0,0
flow,0.4,1.5,0,registered,during_vibration,flow_dump_0.4_1.5.shear.wave,2129,212900,212.9,0.21289999999999998,158683.45183699526,999.8071438116948,0.0063006389906285175,6.300638990628517e+17,85,0.0005356576190900784,5.356576190900784e+26,804.2960861938006,33.20992681413002,117.12615559048747,0.0,0.0,45.17497521327649,0.005068556783223996,0.00020928412149897222,0.0007381119721973481,0.0,0.0,0.0002846861137081999,5176,2260,6064,0.1674074074074074,0.4491851851851852,1,0,0
flow,0.4,1.5,0,registered,during_vibration,flow_dump_0.4_1.5.shear.wave,2130,213000,213.0,0.213,158683.4518369953,1000.9286709408468,0.006307706691237299,6.307706691237299e+17,86,0.0005419594734323145,5.4195947343231446e+26,801.0654183122448,44.76590706667379,102.91500172341219,13.19107164295918,0.0,38.99127219555666,0.005048197584806289,0.0002821082258322611,0.0006485553504919327,8.312821211193131e-05,0.0,0.00024571731799488293,5099,2129,6272,0.1577037037037037,0.4645925925925926,1,0,0
flow,0.4,1.5,0,registered,during_vibration,flow_dump_0.4_1.5.shear.wave,2131,213100,213.1,0.21309999999999998,158683.45183699526,1012.4826970195766,0.006380518480651853,6.380518480651853e+17,90,0.0005671668908012594,5.671668908012594e+26,859.8573910405178,22.12994178266852,64.13814731680499,5.295415390060234,0.0,61.06180148952513,0.005418696033432591,0.00013945966971654427,0.00040418926217139365,3.337093646979557e-05,0.0,0.0003848025788615298,5103,2132,6265,0.15792592592592591,0.4640740740740741,1,0,0
flow,0.4,1.5,0,registered,during_vibration,flow_dump_0.4_1.5.shear.wave,2132,213200,213.20000000000002,0.2132,158683.45183699526,1053.884584495719,0.0066414271450201574,6.641427145020157e+17,86,0.0005419594734323146,5.419594734323146e+26,880.423827599156,24.678763762405545,87.25090533508038,5.435169305523957,0.0,56.09591849355336,0.0055483027209639706,0.00015552197457713716,0.0005498424966499173,3.425164528880515e-05,0.0,0.0003535083075403281,5178,2272,6050,0.1682962962962963,0.44814814814814813,1,0,0
flow,0.4,1.5,0,registered,during_vibration,flow_dump_0.4_1.5.shear.wave,2133,213300,213.3,0.2133,158683.45183699526,1014.5159046922654,0.006393331459252655,6.393331459252655e+17,84,0.0005293557647478421,5.293557647478421e+26,849.0843643089889,24.39800399661636,76.62264972672008,22.117456451292867,0.0,42.293430208647266,0.005350805988145479,0.00015375266742797335,0.0004828647778939756,0.00013938098897680037,0.0,0.0002665270368084281,5105,2229,6166,0.1651111111111111,0.4567407407407407,1,0,0
flow,0.4,1.5,0,registered,during_vibration,flow_dump_0.4_1.5.shear.wave,2134,213400,213.4,0.21339999999999998,158683.45183699526,973.4177470416837,0.006134336856004429,6.134336856004429e+17,85,0.0005356576190900784,5.356576190900784e+26,804.3329525477171,13.838091528271324,73.85268128572388,13.130682351420276,0.0,68.26333932855114,0.0050687891096165075,8.720563718569883e-05,0.00046540884024622633,8.274764759282232e-05,0.0,0.00043018562136317427,5068,2108,6324,0.15614814814814815,0.46844444444444444,1,0,0
flow,0.4,1.5,0,registered,during_vibration,flow_dump_0.4_1.5.shear.wave,2135,213500,213.5,0.2135,158683.45183699526,967.2945926019777,0.006095749628610384,6.095749628610385e+17,78,0.0004915446386944248,4.9154463869442485e+26,797.0888272616733,6.63746170410984,89.15524432986997,0.0,0.0,74.4130593063247,0.0050231376872269485,4.182831686147119e-05,0.0005618433636133219,0.0,0.0,0.00046894026090864337,5136,2193,6171,0.16244444444444445,0.45711111111111113,1,0,0
flow,0.4,1.5,0,registered,during_vibration,flow_dump_0.4_1.5.shear.wave,2136,213600,213.6,0.21359999999999998,158683.45183699526,1175.9208352550224,0.007410481821777901,7.410481821777901e+17,88,0.000554563182116787,5.54563182116787e+26,959.8096534755672,43.971567605532826,124.89727316601966,12.31475325872,0.0,34.92758774918306,0.006048580632475241,0.00027710241424986037,0.0007870844232347438,7.760578129703222e-05,0.0,0.00022010857052102574,5148,2220,6132,0.16444444444444445,0.45422222222222225,1,0,0
flow,0.4,1.5,0,registered,during_vibration,flow_dump_0.4_1.5.shear.wave,2137,213700,213.70000000000002,0.2137,158683.4518369953,1080.133897315367,0.006806846490993371,6.806846490993371e+17,81,0.0005104502017211334,5.1045020172113336e+26,886.3184305581482,36.55792139156011,94.01860240312264,5.437121460344416,0.0,57.8018215021917,0.005585449650216853,0.00023038269566453328,0.0005924915378050986,3.426394748413717e-05,0.0,0.0003642586598227494,5067,2095,6338,0.15518518518518518,0.4694814814814815,1,0,0
flow,0.4,1.5,0,registered,during_vibration,flow_dump_0.4_1.5.shear.wave,2138,213800,213.8,0.2138,158683.45183699526,1094.6197233731177,0.006898134056836288,6.898134056836288e+17,93,0.0005860724538279681,5.860724538279681e+26,910.9959767925716,16.86566280702987,67.32246034134693,16.71880899770011,0.0,82.71681443446904,0.005740963952109991,0.00010628495039517304,0.00042425633903214255,0.00010535949907917434,0.0,0.0005212693162198061,5137,2205,6158,0.16333333333333333,0.45614814814814814,1,0,0
flow,0.4,1.5,0,registered,during_vibration,flow_dump_0.4_1.5.shear.wave,2139,213900,213.9,0.21389999999999998,158683.45183699526,1109.426639230535,0.0069914450838274795,6.991445083827479e+17,99,0.0006238835798813854,6.238835798813854e+26,921.2488131595653,26.548729126729565,85.93149997530757,0.0,0.0,75.69759696893314,0.005805575833489567,0.0001673062239281338,0.0005415277962542634,0.0,0.0,0.00047703523015551834,5178,2283,6039,0.1691111111111111,0.44733333333333336,1,0,0
flow,0.4,1.5,0,registered,during_vibration,flow_dump_0.4_1.5.shear.wave,2140,214000,214.0,0.214,158683.45183699526,1019.7698921873681,0.006426441323162724,6.426441323162724e+17,86,0.0005419594734323146,5.419594734323146e+26,854.0297045660337,17.02796164844694,91.79308277938154,14.216169955403785,0.0,42.702973238102224,0.005381970802118172,0.00010730773405369711,0.000578466637300494,8.958823236342937e-05,0.0,0.0002691079173269314,5087,2160,6253,0.16,0.4631851851851852,1,0,0
flow,0.4,1.5,0,registered,during_vibration,flow_dump_0.4_1.5.shear.wave,2141,214100,214.1,0.21409999999999998,158683.4518369953,996.75403107177,0.006281398718851085,6.281398718851085e+17,86,0.0005419594734323145,5.4195947343231446e+26,819.6844795359901,8.21324741320704,93.43609467346758,14.094017100988182,0.0,61.326192348116905,0.005165532196627512,5.175868887477914e-05,0.0005888206589395857,8.881844286741385e-05,0.0,0.00038646873154179383,5072,2144,6284,0.15881481481481483,0.4654814814814815,1,0,0
flow,0.4,1.5,0,registered,during_vibration,flow_dump_0.4_1.5.shear.wave,2142,214200,214.20000000000002,0.2142,158683.45183699526,949.8246869884313,0.0059856568280612,5.985656828061201e+17,86,0.0005419594734323146,5.419594734323146e+26,781.2441716854709,18.295613002008967,92.44119664550924,0.0,0.0,57.8437056554423,0.00492328697568282,0.00011529628824058357,0.0005825509564820143,0.0,0.0,0.0003645226076557826,5149,2246,6105,0.16637037037037036,0.45222222222222225,1,0,0
flow,0.4,1.5,0,registered,during_vibration,flow_dump_0.4_1.5.shear.wave,2143,214300,214.3,0.2143,158683.45183699526,1051.182324131379,0.006624397893809288,6.624397893809288e+17,90,0.0005671668908012594,5.671668908012594e+26,841.9311284560138,45.55667598153322,111.06253069344102,19.841231595262016,0.0,32.79075740512879,0.005305727337724368,0.00028709153635207344,0.0006998998913102043,0.00012503655148391634,0.0,0.0002066425769387252,5121,2178,6201,0.16133333333333333,0.4593333333333333,1,0,0
flow,0.4,1.5,0,registered,during_vibration,flow_dump_0.4_1.5.shear.wave,2144,214400,214.4,0.21439999999999998,158683.45183699526,950.2537949594284,0.0059883610039915165,5.988361003991516e+17,80,0.0005041483473788973,5.041483473788973e+26,801.0489270987696,27.18609164563005,71.79666207959681,15.227975055010823,0.0,34.99413908042106,0.0050480936595810435,0.00017132278968544544,0.00045245210668437346,9.596448072388474e-05,0.0,0.0002205279673167695,5065,2097,6338,0.15533333333333332,0.4694814814814815,1,0,0
flow,0.4,1.5,0,registered,during_vibration,flow_dump_0.4_1.5.shear.wave,2145,214500,214.5,0.2145,158683.4518369953,1116.6994202672852,0.007037277090584055,7.037277090584055e+17,99,0.0006238835798813853,6.238835798813853e+26,937.5980408717825,18.170802991781994,76.44104375430841,15.480826006237784,0.0,69.00870664317489,0.00590860628514001,0.00011450975373568016,0.00048172032350815694,9.75579105888129e-05,0.0,0.0004348828176113968,5140,2264,6096,0.16770370370370372,0.45155555555555554,1,0,0
flow,0.4,1.5,0,registered,during_vibration,flow_dump_0.4_1.5.shear.wave,2146,214600,214.6,0.21459999999999999,158683.45183699526,978.920941764821,0.0061690171875666035,6.169017187566604e+17,85,0.0005356576190900784,5.356576190900784e+26,827.9913784111012,10.389697244726324,79.48313696852301,6.357472819885642,0.0,54.699256320584865,0.005217881063374148,6.547435869619824e-05,0.0005008911518396427,4.006386769564505e-05,0.0,0.0003447067459609695,5134,2290,6076,0.16962962962962963,0.45007407407407407,1,0,0
flow,0.4,1.5,0,registered,during_vibration,flow_dump_0.4_1.5.shear.wave,2147,214700,214.70000000000002,0.2147,158683.45183699526,990.5914832716038,0.00624256324023737,6.242563240237371e+17,81,0.0005104502017211335,5.104502017211335e+26,827.0113960521686,18.911705959982662,85.11718444689883,13.35182341760679,0.0,46.19937339494695,0.005211705357290194,0.00011917881632301127,0.0005363960984056103,8.414124638101653e-05,0.0,0.00029114172183753877,5063,2132,6305,0.15792592592592591,0.46703703703703703,1,0,0
flow,0.4,1.5,0,registered,during_vibration,flow_dump_0.4_1.5.shear.wave,2148,214800,214.8,0.2148,158683.45183699526,946.2306546256167,0.00596300775960946,5.963007759609459e+17,80,0.0005041483473788973,5.041483473788973e+26,793.9297452944206,5.180261921143849,81.89368691524982,0.0,0.0,65.22696049480237,0.005003229612814138,3.264525608168129e-05,0.0005160820864886002,0.0,0.0,0.00041105080422504045,5091,2167,6242,0.1605185185185185,0.4623703703703704,1,0,0
flow,0.4,1.5,0,registered,during_vibration,flow_dump_0.4_1.5.shear.wave,2149,214900,214.9,0.21489999999999998,158683.4518369953,962.9436080765507,0.006068330357885819,6.068330357885819e+17,87,0.0005482613277745506,5.482613277745507e+26,784.955739360898,32.32844601691672,109.87009834812578,7.205744729900758,0.0,28.583579620709198,0.004946676734554714,0.0002037291579094557,0.0006923853563570564,4.540955371517081e-05,0.0,0.00018012955534942084,5152,2244,6104,0.16622222222222222,0.45214814814814813,1,0,0
flow,0.4,1.5,0,registered,during_vibration,flow_dump_0.4_1.5.shear.wave,2150,215000,215.0,0.215,158683.45183699526,1029.1644604547444,0.006485644523991923,6.485644523991923e+17,79,0.000497846493036661,4.97846493036661e+26,860.8619078223509,40.49712930426802,91.72720960787936,12.871605652414676,0.0,23.206608067831333,0.005425026351876035,0.0002552070101542029,0.0005780515141686261,8.111498397222165e-05,0.0,0.00014624466382083689,5088,2118,6294,0.15688888888888888,0.4662222222222222,1,0,0
flow,0.4,1.5,0,registered,during_vibration,flow_dump_0.4_1.5.shear.wave,2151,215100,215.1,0.21509999999999999,158683.45183699526,962.5288671059099,0.006065716720699083,6.065716720699084e+17,82,0.0005167520560633698,5.167520560633698e+26,842.1521219778446,16.239510028057843,58.343397295347074,6.943708912690666,0.0,38.8501288919697,0.005307120006709523,0.0001023390267861049,0.00036767159158649564,4.375824216266399e-05,0.0,0.00024482785345429593,5097,2125,6278,0.1574074074074074,0.465037037037037,1,0,0
flow,0.4,1.5,0,registered,during_vibration,flow_dump_0.4_1.5.shear.wave,2152,215200,215.20000000000002,0.2152,158683.45183699526,1102.6025179741537,0.006948440465656005,6.948440465656005e+17,96,0.0006049780168546768,6.049780168546768e+26,909.1133539886467,28.06310635711551,80.70734877608335,0.0,0.0,84.71870885230811,0.005729099937418283,0.00017684960865322515,0.0005086059563349336,0.0,0.0,0.0005338849632495636,5169,2277,6054,0.16866666666666666,0.4484444444444444,1,0,0
flow,0.4,1.5,0,registered,during_vibration,flow_dump_0.4_1.5.shear.wave,2153,215300,215.3,0.2153,158683.45183699526,1060.5568397629465,0.006683474725848443,6.683474725848443e+17,85,0.0005356576190900784,5.356576190900784e+26,896.8495633699204,26.174120492712387,90.1133230389913,13.33492178847259,0.0,34.084911072850076,0.005651815315255387,0.00016494549488121348,0.0005678810360866021,8.403473477606631e-05,0.0,0.00021479814484917553,5118,2217,6165,0.16422222222222221,0.45666666666666667,1,0,0
flow,0.4,1.5,0,registered,during_vibration,flow_dump_0.4_1.5.shear.wave,2154,215400,215.4,0.21539999999999998,158683.45183699526,981.5795283845916,0.006185771213200616,6.185771213200616e+17,78,0.0004915446386944248,4.9154463869442485e+26,846.9280886099552,8.06251807963146,82.63190304355437,13.018012927195127,0.0,30.93900572425531,0.005337217452768465,5.080881456948351e-05,0.0005207342170022651,8.20376212925318e-05,0.0,0.00019497310756786947,5064,2132,6304,0.15792592592592591,0.46696296296296297,1,0,0
flow,0.4,1.5,0,registered,during_vibration,flow_dump_0.4_1.5.shear.wave,2155,215500,215.5,0.2155,158683.45183699526,888.0026843579371,0.005596063572338482,5.5960635723384826e+17,78,0.0004915446386944248,4.9154463869442485e+26,732.8514090847096,16.824746764312987,83.19672596345103,0.0,0.0,55.1298025454633,0.004618322834554407,0.00010602710345371053,0.0005242936487726104,0.0,0.0,0.0003474199855577531,5125,2204,6171,0.16325925925925927,0.45711111111111113,1,0,0
flow,0.4,1.5,0,registered,during_vibration,flow_dump_0.4_1.5.shear.wave,2156,215600,215.6,0.21559999999999999,158683.45183699526,1153.3305338011417,0.007268121032468338,7.268121032468338e+17,84,0.0005293557647478421,5.293557647478421e+26,883.5025480847194,74.8440553416927,131.45336088550715,9.425308739339856,0.0,54.10526074988265,0.00556770436902445,0.0004716563351456138,0.0008283999330978776,5.939692280592583e-05,0.0,0.0003409634723944707,5135,2223,6142,0.16466666666666666,0.45496296296296296,1,0,0
flow,0.4,1.5,0,registered,during_vibration,flow_dump_0.4_1.5.shear.wave,2157,215700,215.70000000000002,0.2157,158683.45183699526,919.5751244269139,0.005795028490882156,5.795028490882156e+17,76,0.0004789409300099524,4.789409300099524e+26,766.4224747034707,19.624058196146823,102.51090353990983,5.457646752536024,0.0,25.560041234850456,0.004829882800197493,0.00012366795635568406,0.0006460087825995387,3.439329488586053e-05,0.0,0.00016107565684357907,5071,2090,6339,0.15481481481481482,0.46955555555555556,1,0,0
flow,0.4,1.5,0,registered,during_vibration,flow_dump_0.4_1.5.shear.wave,2158,215800,215.8,0.2158,158683.45183699526,996.7791087266147,0.006281556754579162,6.281556754579162e+17,85,0.0005356576190900784,5.356576190900784e+26,834.3486966252794,19.227405639830113,84.4261383820859,0.0,0.0,58.7768680794194,0.005257943956767145,0.0001211683097213005,0.0005320412267613837,0.0,0.0,0.00037040326132933436,5118,2208,6174,0.16355555555555557,0.4573333333333333,1,0,0
flow,0.4,1.5,0,registered,during_vibration,flow_dump_0.4_1.5.shear.wave,2159,215900,215.9,0.21589999999999998,158683.45183699526,1063.0301651539373,0.006699061262203421,6.699061262203421e+17,98,0.0006175817255391491,6.1758172553914915e+26,871.4540558105894,15.66399516385263,88.21580530521223,4.587841985171416,0.0,83.1084668891119,0.005491776525669324,9.871221594009178e-05,0.0005559231557165163,2.8911911935746106e-05,0.0,0.0005237374529417446,5162,2289,6049,0.16955555555555554,0.44807407407407407,1,0,0
flow,0.4,1.5,0,registered,during_vibration,flow_dump_0.4_1.5.shear.wave,2160,216000,216.0,0.216,158683.4518369953,988.0865965134678,0.0062267778087438,6.2267778087438e+17,77,0.00048524278435218855,4.8524278435218856e+26,820.4360444120384,14.780433239628834,93.31127332633888,15.927967009255813,0.0,43.630878526205834,0.005170268449005109,9.314413739128745e-05,0.0005880340529911789,0.00010037572806027392,0.0,0.0002749554412959511,5095,2167,6238,0.1605185185185185,0.4620740740740741,1,0,0
flow,0.4,1.5,0,registered,during_vibration,flow_dump_0.4_1.5.shear.wave,2161,216100,216.1,0.2161,158683.45183699526,939.3161315694952,0.005919433442463748,5.919433442463748e+17,77,0.00048524278435218865,4.852427843521887e+26,767.8171505740928,8.650238501785951,98.0539502897925,11.404625086229899,0.0,53.390167117593904,0.004838671844388786,5.4512543063858696e-05,0.0006179217124071429,7.187028612123397e-05,0.0,0.0003364570564827264,5057,2143,6300,0.15874074074074074,0.4666666666666667,1,0,0
flow,0.4,1.5,0,registered,during_vibration,flow_dump_0.4_1.5.shear.wave,2162,216200,216.20000000000002,0.2162,158683.45183699526,1056.8283202413566,0.006659978138911199,6.659978138911199e+17,89,0.0005608650364590232,5.6086503645902325e+26,879.1729377374307,10.789980224807106,108.22261497481556,0.0,0.0,58.64278730430287,0.005540419795257198,6.799688373234356e-05,0.0006820031561071996,0.0,0.0,0.0003695583038144559,5149,2247,6104,0.16644444444444445,0.45214814814814813,1,0,0
flow,0.4,1.5,0,registered,during_vibration,flow_dump_0.4_1.5.shear.wave,2163,216300,216.3,0.2163,158683.45183699526,1199.1968028121364,0.007557163578997449,7.557163578997449e+17,90,0.0005671668908012594,5.671668908012594e+26,937.2236778724481,66.11027220720547,114.13986188455767,26.89503782451491,0.0,54.82795302340998,0.005906247104047083,0.000416617305975396,0.0007192927842394418,0.00016948861089902657,0.0,0.0003455177738364995,5115,2161,6224,0.16007407407407406,0.461037037037037,1,0,0
flow,0.4,1.5,0,registered,during_vibration,flow_dump_0.4_1.5.shear.wave,2164,216400,216.4,0.21639999999999998,158683.4518369953,957.8569219604149,0.006036274802897256,6.036274802897256e+17,82,0.0005167520560633696,5.1675205606336965e+26,817.124274970874,20.780549137946927,82.19963297252755,4.660100557720526,0.0,33.09236432134615,0.005149398160371821,0.00013095599381902388,0.0005180101139781459,2.93672749349285e-05,0.0,0.00020854325979333805,5066,2096,6338,0.15525925925925926,0.4694814814814815,1,0,0
flow,0.4,1.5,0,registered,during_vibration,flow_dump_0.4_1.5.shear.wave,2165,216500,216.5,0.2165,158683.45183699526,1056.1504510245893,0.006655706305844046,6.655706305844046e+17,95,0.0005986761625124405,5.986761625124405e+26,884.9017622733874,19.464085874347706,77.83427039346854,0.0,0.0,73.95033248338599,0.005576522013035026,0.00012265983408491667,0.0004905002348538675,0.0,0.0,0.0004660242238702379,5137,2259,6104,0.16733333333333333,0.45214814814814813,1,0,0
flow,0.4,1.5,0,registered,during_vibration,flow_dump_0.4_1.5.shear.wave,2166,216600,216.6,0.2166,158683.45183699526,1056.2801357234239,0.0066565235599265185,6.656523559926519e+17,84,0.0005293557647478421,5.293557647478421e+26,879.2190803848345,19.699577659709718,76.77941427071808,8.01211000434212,0.0,72.5699534038193,0.0055407105795001015,0.00012414386901506123,0.00048385268521627803,5.0491150221337616e-05,0.0,0.0004573252759737385,5145,2284,6071,0.1691851851851852,0.4497037037037037,1,0,0
flow,0.4,1.5,0,registered,during_vibration,flow_dump_0.4_1.5.shear.wave,2167,216700,216.70000000000002,0.2167,158683.45183699526,1021.1621663990159,0.0064352152324489795,6.435215232448979e+17,87,0.0005482613277745507,5.4826132777455075e+26,836.0398137254901,22.782343879131957,93.57510675603035,25.745225049083835,0.0,43.01967698927947,0.005268601130408337,0.0001435710127010264,0.0005896966928357073,0.00016224265826741757,0.0,0.00027110373823649025,5078,2121,6301,0.15711111111111112,0.46674074074074073,1,0,0
flow,0.4,1.5,0,registered,during_vibration,flow_dump_0.4_1.5.shear.wave,2168,216800,216.8,0.2168,158683.4518369953,936.8268645521356,0.005903746444301414,5.903746444301414e+17,81,0.0005104502017211334,5.1045020172113336e+26,782.1385886717109,0.0,88.82649211827766,0.0,0.0,65.86178376214706,0.004928923461251326,0.0,0.000559771615061179,0.0,0.0,0.00041505136798890903,5105,2172,6223,0.1608888888888889,0.46096296296296296,1,0,0
flow,0.4,1.5,0,registered,during_vibration,flow_dump_0.4_1.5.shear.wave,2169,216900,216.9,0.21689999999999998,158683.45183699526,909.5473299905906,0.00573183479097056,5.73183479097056e+17,81,0.0005104502017211335,5.104502017211335e+26,757.8814107483119,21.183051243047252,94.99195938989908,0.0,0.0,35.49090860933247,0.004776058259224358,0.0001334925034578096,0.0005986254917587618,0.0,0.0,0.00022365853652963054,5156,2223,6121,0.16466666666666666,0.4534074074074074,1,0,0
flow,0.4,1.5,0,registered,during_vibration,flow_dump_0.4_1.5.shear.wave,2170,217000,217.0,0.217,158683.45183699526,944.2595642833874,0.005950586235377342,5.950586235377341e+17,78,0.0004915446386944248,4.9154463869442485e+26,778.0020106728768,39.61311126921066,74.61248197679356,18.650111329901517,0.0,33.38184903460467,0.0049028553492273756,0.0002496360572613616,0.0004701969935304779,0.00011753028506752873,0.0,0.00021036755029059728,5087,2117,6296,0.15681481481481482,0.4663703703703704,1,0,0
flow,0.4,1.5,0,registered,during_vibration,flow_dump_0.4_1.5.shear.wave,2171,217100,217.1,0.2171,158683.45183699526,997.5654698479698,0.006286512287826339,6.28651228782634e+17,78,0.0004915446386944248,4.9154463869442485e+26,880.611305273482,17.528077312805394,70.97639187729463,0.0,0.0,28.44969538438778,0.005549484177959994,0.00011045939012475477,0.00044728288334818845,0.0,0.0,0.00017928583639340178,5110,2123,6267,0.15725925925925927,0.4642222222222222,1,0,0
flow,0.4,1.5,0,registered,during_vibration,flow_dump_0.4_1.5.shear.wave,2172,217200,217.20000000000002,0.21719999999999998,158683.45183699526,1068.401929533828,0.006732913338886305,6.732913338886305e+17,90,0.0005671668908012594,5.671668908012594e+26,912.4624307851717,19.210865511161828,80.64840489872833,0.0,0.0,56.080228338766155,0.005750205331570947,0.00012106407623963112,0.0005082345006054757,0.0,0.0,0.000353409430470252,5165,2263,6072,0.16762962962962963,0.4497777777777778,1,0,0
flow,0.4,1.5,0,registered,during_vibration,flow_dump_0.4_1.5.shear.wave,2173,217300,217.3,0.2173,158683.45183699526,1071.7345738130134,0.006753915177708219,6.753915177708219e+17,89,0.0005608650364590232,5.6086503645902325e+26,876.2208057940702,19.48559260550776,96.8907304035781,28.488564526358235,0.0,50.648880483498736,0.005521815889751078,0.000122795366372065,0.0006105912701162272,0.0001795307840645073,0.0,0.00031918186740433963,5127,2219,6154,0.16437037037037036,0.45585185185185184,1,0,0
flow,0.4,1.5,0,registered,during_vibration,flow_dump_0.4_1.5.shear.wave,2174,217400,217.4,0.21739999999999998,158683.45183699526,953.6683677470745,0.006009879144340226,6.009879144340225e+17,75,0.0004726390756677162,4.726390756677162e+26,809.2267533917969,0.0,77.44203671022477,7.648949716473118,0.0,59.350627928579726,0.005099629129715811,0.0,0.0004880284353139464,4.820256698430259e-05,0.0,0.0003740190123261662,5066,2112,6322,0.15644444444444444,0.4682962962962963,1,0,0
flow,0.4,1.5,0,registered,during_vibration,flow_dump_0.4_1.5.shear.wave,2175,217500,217.5,0.2175,158683.45183699526,938.3963357300446,0.005913637023058935,5.913637023058935e+17,82,0.0005167520560633698,5.167520560633698e+26,753.4070032123813,16.197449281040612,77.32927178903216,0.0,0.0,91.46261144759072,0.00474786119466512,0.00010207396608487666,0.00048731780720567684,0.0,0.0,0.0005763840551032634,5111,2225,6164,0.1648148148148148,0.4565925925925926,1,0,0
flow,0.4,1.5,0,registered,during_vibration,flow_dump_0.4_1.5.shear.wave,2176,217600,217.6,0.2176,158683.45183699526,1207.8041316010226,0.0076114057113007465,7.611405711300746e+17,84,0.0005293557647478421,5.293557647478421e+26,963.5409480910192,47.32367687455066,118.94652600104234,11.48884615266271,0.0,66.50413448174768,0.0060720947076497896,0.00029822691860247063,0.0007495836813735816,7.240103501444134e-05,0.0,0.0004190993686604629,5142,2222,6136,0.1645925925925926,0.45451851851851854,1,0,0
flow,0.4,1.5,0,registered,during_vibration,flow_dump_0.4_1.5.shear.wave,2177,217700,217.70000000000002,0.21769999999999998,158683.45183699526,870.2788232767514,0.00548437038142282,5.48437038142282e+17,72,0.00045373351264100755,4.5373351264100753e+26,737.2987303120177,17.56793173306731,78.25299616102282,12.491935644933317,0.0,24.667229425709994,0.004646349205142037,0.00011071054687613964,0.0004931389836503356,7.87223588869584e-05,0.0,0.0001554492868673475,5067,2091,6342,0.15488888888888888,0.4697777777777778,1,0,0
flow,0.4,1.5,0,registered,during_vibration,flow_dump_0.4_1.5.shear.wave,2178,217800,217.8,0.2178,158683.45183699526,1078.8532786182705,0.0067987762184963255,6.798776218496325e+17,88,0.000554563182116787,5.54563182116787e+26,914.8664951612637,20.361440888119816,88.35193307819497,7.246113999639808,0.0,48.027295491052456,0.005765355395098438,0.0001283148346749839,0.0005567810131137865,4.566395497296876e-05,0.0,0.00030266102063615074,5109,2221,6170,0.1645185185185185,0.457037037037037,1,0,0
flow,0.4,1.5,0,registered,during_vibration,flow_dump_0.4_1.5.shear.wave,2179,217900,217.9,0.21789999999999998,158683.4518369953,1093.857808364252,0.0068933325794292505,6.89333257942925e+17,96,0.0006049780168546767,6.0497801685467664e+26,907.1735938067281,34.52378085415629,84.40207527197862,0.0,0.0,67.75835843138871,0.005716875851292962,0.00021756383828617633,0.0005318895845464663,0.0,0.0,0.0004270033053036448,5146,2282,6072,0.16903703703703704,0.4497777777777778,1,0,0
flow,0.4,1.5,0,registered,during_vibration,flow_dump_0.4_1.5.shear.wave,2180,218000,218.0,0.218,158683.45183699526,1026.9764504580744,0.006471856003693552,6.471856003693553e+17,80,0.0005041483473788973,5.041483473788973e+26,854.6116384204321,17.209017043641573,93.2476578591953,20.487148117910113,0.0,41.420989016895334,0.005385638064505407,0.00010844871878208969,0.0005876331575833269,0.00012910702332688838,0.0,0.0002610290394958405,5089,2180,6231,0.16148148148148148,0.46155555555555555,1,0,0
flow,0.4,1.5,0,registered,during_vibration,flow_dump_0.4_1.5.shear.wave,2181,218100,218.1,0.2181,158683.45183699526,987.5915702150143,0.006223658225115371,6.22365822511537e+17,87,0.0005482613277745507,5.4826132777455075e+26,791.8581202866532,14.137088858187923,96.92514862862598,12.243566622352995,0.0,72.4276458191944,0.004990174533763453,8.90898748075508e-05,0.0006108081687571972,7.715717348353363e-05,0.0,0.00045642847430363694,5072,2161,6267,0.16007407407407406,0.4642222222222222,1,0,0
flow,0.4,1.5,0,registered,during_vibration,flow_dump_0.4_1.5.shear.wave,2182,218200,218.20000000000002,0.21819999999999998,158683.45183699526,1073.1653493052397,0.006762931716456671,6.762931716456671e+17,89,0.0005608650364590232,5.6086503645902325e+26,881.8629518012353,3.025070225390192,99.01400226618375,0.0,0.0,89.26332501243056,0.0055573718720658615,1.906355193544467e-05,0.0006239718201233366,0.0,0.0,0.0005625244723320281,5134,2263,6103,0.16762962962962963,0.4520740740740741,1,0,0
flow,0.4,1.5,0,registered,during_vibration,flow_dump_0.4_1.5.shear.wave,2183,218300,218.3,0.2183,158683.4518369953,1118.6495595982678,0.007049566584594973,7.049566584594973e+17,86,0.0005419594734323145,5.4195947343231446e+26,914.7858659290969,13.535895970349017,100.86272832993089,21.498303720496445,0.0,67.96676564839478,0.005764847281421595,8.530124479680163e-05,0.0006356222224957667,0.0001354791786517235,0.0,0.00042831665722908787,5118,2166,6216,0.16044444444444445,0.46044444444444443,1,0,0
flow,0.4,1.5,0,registered,during_vibration,flow_dump_0.4_1.5.shear.wave,2184,218400,218.4,0.21839999999999998,158683.45183699526,981.8792198404814,0.006187659825103246,6.187659825103246e+17,79,0.000497846493036661,4.97846493036661e+26,822.1280116358541,30.61248484191762,81.83395958774256,4.0943288523266474,0.0,43.210434922640346,0.0051809309800014336,0.0001929154205276789,0.0005157056935703985,2.5801864056577707e-05,0.0,0.0002723058669471565,5049,2094,6357,0.15511111111111112,0.4708888888888889,1,0,0
flow,0.4,1.5,0,registered,during_vibration,flow_dump_0.4_1.5.shear.wave,2185,218500,218.5,0.2185,158683.45183699526,1085.103666012672,0.006838165249438394,6.838165249438394e+17,95,0.0005986761625124405,5.986761625124405e+26,912.6845875610142,19.909729305495762,77.9237917956957,6.138367125778693,0.0,68.44719022468804,0.005751605331213447,0.0001254682140765861,0.0004910643856912158,3.8683095525828494e-05,0.0,0.0004313442229313186,5116,2256,6128,0.1671111111111111,0.4539259259259259,1,0,0
flow,0.4,1.5,0,registered,during_vibration,flow_dump_0.4_1.5.shear.wave,2186,218600,218.6,0.2186,158683.45183699526,1077.9951965303649,0.0067933687101646625,6.793368710164663e+17,91,0.0005734687451434957,5.734687451434957e+26,898.0525480513612,18.985994311954258,84.66813493197328,7.815970779592761,0.0,68.47254845548302,0.005659396349493769,0.00011964697069646104,0.0005335662537700977,4.925510939616802e-05,0.0,0.00043150402680816537,5129,2291,6080,0.1697037037037037,0.45037037037037037,1,0,0
flow,0.4,1.5,0,registered,during_vibration,flow_dump_0.4_1.5.shear.wave,2187,218700,218.70000000000002,0.21869999999999998,158683.4518369953,1116.2323399272857,0.007034333618315256,7.034333618315256e+17,86,0.0005419594734323145,5.4195947343231446e+26,916.4046969966091,19.48472190158199,98.24809372500486,20.405967848316866,0.0,61.688859455772935,0.005775048919013744,0.00012278987932274956,0.0006191451760573525,0.00012859543709244824,0.0,0.00038875420682896227,5070,2117,6313,0.15681481481481482,0.4676296296296296,1,0,0
flow,0.4,1.5,0,registered,during_vibration,flow_dump_0.4_1.5.shear.wave,2188,218800,218.8,0.2188,158683.45183699526,959.0532381278978,0.006043813813131996,6.043813813131996e+17,84,0.0005293557647478421,5.293557647478421e+26,771.3062038173373,11.169696205573025,78.19706586288633,0.0,0.0,98.3802722421012,0.004860659349720019,7.038979853454976e-05,0.0004927865190581616,0.0,0.0,0.0006199781458192665,5087,2172,6241,0.1608888888888889,0.4622962962962963,1,0,0
flow,0.4,1.5,0,registered,during_vibration,flow_dump_0.4_1.5.shear.wave,2189,218900,218.9,0.21889999999999998,158683.45183699526,968.6165454792098,0.006104080383090001,6.104080383090001e+17,87,0.0005482613277745507,5.4826132777455075e+26,797.0541398879286,23.303028963784634,101.52841333004328,7.392208659080844,0.0,39.338754638372265,0.005022919092450095,0.0001468522942626825,0.0006398172724042865,4.6584622236944776e-05,0.0,0.00024790710173599133,5151,2239,6110,0.16585185185185186,0.4525925925925926,1,0,0
flow,0.4,1.5,0,registered,during_vibration,flow_dump_0.4_1.5.shear.wave,2190,219000,219.0,0.219,158683.45183699526,1005.2662246742794,0.0063350413230670154,6.335041323067016e+17,83,0.0005230539104056059,5.2305391040560594e+26,836.5735991090519,52.38004197714273,75.50568933764359,13.276276095400306,0.0,27.530618155041083,0.005271964968145558,0.0003300913949801722,0.000475825856215968,8.366515816052529e-05,0.0,0.00017349394556479285,5067,2113,6320,0.15651851851851853,0.46814814814814815,1,0,0
flow,0.4,1.5,0,registered,during_vibration,flow_dump_0.4_1.5.shear.wave,2191,219100,219.1,0.2191,158683.4518369953,1044.7383527734444,0.006583788924926041,6.583788924926042e+17,83,0.0005230539104056058,5.230539104056058e+26,885.8299969718269,34.359233466375855,88.09511946779813,0.0,0.0,36.454002867443734,0.0055823716129,0.00021652688461598854,0.0005551626111479618,0.0,0.0,0.0002297278162620917,5073,2116,6311,0.15674074074074074,0.4674814814814815,1,0,0
flow,0.4,1.5,0,registered,during_vibration,flow_dump_0.4_1.5.shear.wave,2192,219200,219.20000000000002,0.21919999999999998,158683.45183699526,1046.9620258502491,0.006597802188760818,6.597802188760818e+17,85,0.0005356576190900784,5.356576190900784e+26,930.7987287247956,11.105521501753064,70.1963576987037,0.0,0.0,34.86141792499685,0.0058657580103623035,6.99853788986202e-05,0.0004423672215727425,0.0,0.0,0.00021969157792715285,5148,2261,6091,0.16748148148148148,0.4511851851851852,1,0,0
flow,0.4,1.5,0,registered,during_vibration,flow_dump_0.4_1.5.shear.wave,2193,219300,219.3,0.2193,158683.45183699526,1074.7823156992383,0.0067731216031479404,6.77312160314794e+17,88,0.000554563182116787,5.54563182116787e+26,884.5846813796575,17.833475435402942,82.54397119494952,21.570988490479404,0.0,68.2491991987494,0.005574523815428034,0.00011238396460975692,0.0005201800833003138,0.00013593722748505508,0.0,0.00043009651232478333,5115,2226,6159,0.1648888888888889,0.4562222222222222,1,0,0
flow,0.4,1.5,0,registered,during_vibration,flow_dump_0.4_1.5.shear.wave,2194,219400,219.4,0.21939999999999998,158683.45183699526,959.1275719399131,0.00604428225398802,6.044282253988019e+17,81,0.0005104502017211335,5.104502017211335e+26,785.7821331985355,12.531995660719684,92.96511360792181,7.199577023256584,0.0,60.64875244947945,0.004951884548148828,7.897481127139176e-05,0.0005858526048665651,4.5370685726273596e-05,0.0,0.0003821996039749614,5057,2107,6336,0.1560740740740741,0.4693333333333333,1,0,0
flow,0.4,1.5,0,registered,during_vibration,flow_dump_0.4_1.5.shear.wave,2195,219500,219.5,0.2195,158683.45183699526,1005.2435294932551,0.006334898301341929,6.334898301341929e+17,83,0.0005230539104056059,5.2305391040560594e+26,811.932987125809,16.763464124351387,99.66634107326972,0.0,0.0,76.88073716982487,0.005116683420523601,0.00010564090918296481,0.0006280827642673805,0.0,0.0,0.0004844912073679821,5116,2222,6162,0.1645925925925926,0.45644444444444443,1,0,0
flow,0.4,1.5,0,registered,during_vibration,flow_dump_0.4_1.5.shear.wave,2196,219600,219.6,0.2196,158683.45183699526,1039.2558920879906,0.006549239256249275,6.549239256249275e+17,84,0.0005293557647478421,5.293557647478421e+26,853.4367876252567,47.337991543565785,103.52954511856076,7.433032153278148,0.0,27.518535647329134,0.0053782343259203514,0.00029831712756156134,0.0006524281134551423,4.6841885951117306e-05,0.0,0.0001734178033611032,5128,2220,6152,0.16444444444444445,0.4557037037037037,1,0,0
flow,0.4,1.5,0,registered,during_vibration,flow_dump_0.4_1.5.shear.wave,2197,219700,219.70000000000002,0.21969999999999998,158683.45183699526,952.7670632843727,0.006004199254898272,6.004199254898272e+17,73,0.0004600353669832438,4.600353669832438e+26,801.6694556040982,30.921991169544814,85.78954437651683,10.377034813398382,0.0,24.009037320814613,0.005052004139836829,0.00019486588432238592,0.0005406332127476191,6.539456189835097e-05,0.0,0.00015130145609308694,5041,2082,6377,0.15422222222222223,0.4723703703703704,1,0,0
flow,0.4,1.5,0,registered,during_vibration,flow_dump_0.4_1.5.shear.wave,2198,219800,219.8,0.2198,158683.4518369953,1066.8593150086388,0.006723192006842344,6.723192006842344e+17,90,0.0005671668908012594,5.671668908012594e+26,900.4250850630661,19.27609787304173,78.0027376461719,15.053157246699598,0.0,54.10223717965925,0.005674347732163096,0.0001214751610825983,0.0004915618909418407,9.486280435947841e-05,0.0,0.00034094441829532924,5090,2195,6215,0.1625925925925926,0.4603703703703704,1,0,0
flow,0.4,1.5,0,registered,during_vibration,flow_dump_0.4_1.5.shear.wave,2199,219900,219.9,0.21989999999999998,158683.45183699526,1094.133110211669,0.006895067491571823,6.895067491571822e+17,96,0.0006049780168546768,6.049780168546768e+26,913.6735685060928,24.063275605000943,83.22548394064718,0.0,0.0,73.17078215992757,0.0057578377450765795,0.000151643257859802,0.0005244748773560779,0.0,0.0,0.0004611116112793598,5145,2271,6084,0.16822222222222222,0.45066666666666666,1,0,0
flow,0.4,1.5,0,registered,during_vibration,flow_dump_0.4_1.5.shear.wave,2200,220000,220.0,0.22,158683.45183699526,1072.8612139491188,0.006761015099742072,6.761015099742072e+17,96,0.0006049780168546768,6.049780168546768e+26,901.4632877308034,13.580909059686363,98.16709035635245,23.660358466980938,0.0,35.98956833529575,0.005680890334152898,8.558491072929967e-05,0.0006186347046268746,0.00014910413274400925,0.0,0.00022680101748899056,5083,2181,6236,0.16155555555555556,0.4619259259259259,1,0,0
flow,0.4,1.5,0,registered,after_removal,flow_dump_0.4_1.5.shear.wave,2240,224000,224.0,0.22399999999999998,158683.4518369953,1428.941882543432,0.009004983607309518,9.004983607309518e+17,123,0.0007751280840950544,7.751280840950544e+26,1130.3899350903857,9.640612684193606,106.40560914073747,47.59521196347263,0.0,134.9105136646424,0.0071235527208694605,6.0753736905703e-05,0.0006705526500018459,0.00029993809318166304,0.0,0.0008501864063508449,5270,2707,5523,0.2005185185185185,0.4091111111111111,0,0,0
flow,0.4,1.5,0,registered,after_removal,flow_dump_0.4_1.5.shear.wave,2245,224500,224.5,0.22449999999999998,158683.45183699526,1323.31995647421,0.00833936961387484,8.33936961387484e+17,114,0.0007184113950149286,7.184113950149286e+26,1152.3557734527276,6.766352369594195,75.22724014182413,40.14833030479781,0.0,48.822260205266424,0.007261978234734044,4.264056706142748e-05,0.0004740711099422009,0.00025300892966482395,0.0,0.0003076707724723446,5233,2686,5581,0.19896296296296295,0.4134074074074074,0,0,0
flow,0.4,1.5,0,registered,after_removal,flow_dump_0.4_1.5.shear.wave,2250,225000,225.0,0.22499999999999998,158683.45183699526,1340.5577096874058,0.008447999423811815,8.447999423811814e+17,116,0.0007310151036994011,7.310151036994011e+26,1136.5945457039359,17.548391769041167,86.50988037701735,40.2916868052758,0.0,59.6132050321357,0.007162653273206347,0.00011058740886899436,0.0005451726653002424,0.00025391234144984894,0.0,0.00037567373498638223,5157,2643,5700,0.19577777777777777,0.4222222222222222,0,0,0
flow,0.4,1.5,0,registered,after_removal,flow_dump_0.4_1.5.shear.wave,2255,225500,225.5,0.22549999999999998,158683.4518369953,1326.2680672884867,0.008357948178811182,8.357948178811182e+17,120,0.0007562225210683458,7.562225210683458e+26,1133.965414664906,18.080646788531112,66.4341593791327,39.29389007793157,0.0,68.49395637798573,0.007146084872351727,0.00011394160247474406,0.00041865839575620014,0.0002476243718109656,0.0,0.0004316389364175472,5112,2634,5754,0.19511111111111112,0.4262222222222222,0,0,0
flow,0.4,1.5,0,registered,after_removal,flow_dump_0.4_1.5.shear.wave,2260,226000,226.0,0.22599999999999998,158683.45183699526,1394.5049654505372,0.008787967171794432,8.787967171794432e+17,122,0.0007688262297528183,7.688262297528184e+26,1209.6933337765336,17.729556957437765,65.25067165546803,34.063257887380274,4.079891837102889,63.68825333661432,0.007623311188233852,0.00011172908549815349,0.00041120022850584073,0.00021466168962829942,2.5710884089500934e-05,0.0004013540958387831,5117,2594,5789,0.19214814814814815,0.4288148148148148,0,0,0
flow,0.4,1.5,0,registered,after_removal,flow_dump_0.4_1.5.shear.wave,2265,226500,226.5,0.22649999999999998,158683.45183699526,1402.6464333365318,0.008839273516543964,8.839273516543964e+17,120,0.0007562225210683459,7.56222521068346e+26,1195.5953887681792,23.413663790862355,84.63720060735234,33.216101926372446,0.0,65.78407824376562,0.007534467992266347,0.0001475494988281048,0.0005333713101621611,0.00020932303615687093,0.0,0.0004145616791304814,5148,2622,5730,0.1942222222222222,0.42444444444444446,0,0,0
flow,0.4,1.5,0,registered,after_removal,flow_dump_0.4_1.5.shear.wave,2270,227000,227.0,0.22699999999999998,158683.45183699526,1424.3463591813486,0.008976023288455327,8.976023288455327e+17,122,0.0007688262297528183,7.688262297528184e+26,1189.546921920854,18.69554108663465,69.33877522101992,40.327023668133506,0.0,106.43809728470612,0.0074963514352006586,0.00011781657677726414,0.0004369628617119253,0.0002541350292124898,0.0,0.000670757385552986,5123,2637,5740,0.19533333333333333,0.42518518518518517,0,0,0
flow,0.4,1.5,0,registered,after_removal,flow_dump_0.4_1.5.shear.wave,2275,227500,227.5,0.22749999999999998,158683.45183699526,1529.9991288074134,0.009641831653492626,9.641831653492626e+17,119,0.0007499206667261097,7.499206667261097e+26,1191.968149825013,24.487051209464653,82.24070151888466,28.65332325250592,0.0,202.64990300154585,0.007511609660782026,0.0001543138299929254,0.0005182689219753359,0.00018056906955830237,0.0,0.0012770701711840398,5121,2658,5721,0.1968888888888889,0.42377777777777775,0,0,0
flow,0.4,1.5,0,registered,after_removal,flow_dump_0.4_1.5.shear.wave,2280,228000,228.0,0.22799999999999998,158683.45183699526,1415.4559225038922,0.008919997051475122,8.919997051475122e+17,131,0.0008255429188329443,8.255429188329443e+26,1136.9815495018556,14.638409346359508,65.3314863593989,30.215282800128353,0.0,168.2891944961498,0.00716509211477073,9.224912350278687e-05,0.00041170951099872403,0.0001904123111158841,0.0,0.0010605339910869968,5099,2678,5723,0.19837037037037036,0.42392592592592593,0,0,0
flow,0.4,1.5,0,registered,after_removal,flow_dump_0.4_1.5.shear.wave,2285,228500,228.5,0.22849999999999998,158683.45183699526,1388.0351015183342,0.008747195031679601,8.7471950316796e+17,127,0.0008003355014639994,8.003355014639994e+26,1120.7504327421743,5.073729889382124,50.37966977856419,46.891801135657545,0.0,164.9394679725558,0.0070628059811393895,3.1973906734736415e-05,0.0003174853407544714,0.00029550530060202065,0.0,0.001039424502448982,5083,2629,5788,0.19474074074074074,0.42874074074074076,0,0,0
flow,0.4,1.5,0,registered,after_removal,flow_dump_0.4_1.5.shear.wave,2290,229000,229.0,0.22899999999999998,158683.45183699526,1414.2686573867734,0.008912515079641421,8.912515079641421e+17,128,0.0008066373558062356,8.066373558062357e+26,1224.792319198545,7.2867647785524365,70.11229178131177,34.60428729521453,0.0,77.47299433314922,0.0077184627950789165,4.592013026057459e-05,0.0004418374504061921,0.00021807117815133724,0.0,0.00048822352574439813,5059,2625,5816,0.19444444444444445,0.4308148148148148,0,0,0
flow,0.4,1.5,0,registered,after_removal,flow_dump_0.4_1.5.shear.wave,2295,229500,229.5,0.22949999999999998,158683.45183699526,1467.0362326648205,0.009245048653036658,9.245048653036658e+17,129,0.0008129392101484719,8.129392101484719e+26,1251.047739673598,4.517660989943842,78.7933819567427,27.16499520901479,0.0,105.51245483552204,0.007883920630606866,2.846964152622876e-05,0.0004965444162235757,0.00017118984301475585,0.0,0.0006649241216652371,4998,2605,5897,0.19296296296296298,0.4368148148148148,0,0,0
flow,0.4,1.5,0,registered,after_removal,flow_dump_0.4_1.5.shear.wave,2300,230000,230.0,0.22999999999999998,158683.45183699526,1463.7207535383445,0.009224154986506883,9.224154986506883e+17,120,0.0007562225210683459,7.56222521068346e+26,1258.0460019461334,6.438820707748764,80.07506803176983,47.420250596906996,3.547379669399625,68.19323258638606,0.007928022660097152,4.0576510236007016e-05,0.0005046214151808691,0.00029883551213404785,2.2355069973166498e-05,0.0004297438188856412,4985,2585,5930,0.19148148148148147,0.43925925925925924,0,0,0
