region,amplitude_A,frequency_THz,is_baseline,coordinate_treatment,analysis_stage,filename,frame,timestep,time_ps,strain_xy,cell_volume_A3,total_line_length_A,dislocation_density_A-2,dislocation_density_m-2,segment_count,segment_number_density_A-3,segment_number_density_m-3,shockley_length_A,perfect_length_A,stair_rod_length_A,hirth_length_A,frank_length_A,other_length_A,shockley_density_A-2,perfect_density_A-2,stair_rod_density_A-2,hirth_density_A-2,frank_density_A-2,other_density_A-2,fcc_count,hcp_count,other_atom_count,hcp_fraction,other_atom_fraction,coherent_correction_applied,has_PE,has_KE
flow,0.5,1.2,0,registered,before,flow_dump_0.5_1.2.shear.wave,1850,185000,185.0,0.185,158683.45183699526,1441.826292300768,0.00908617928088594,9.086179280885939e+17,126,0.0007940336471217632,7.940336471217631e+26,1167.4654380944578,4.603785611908546,121.82863208346481,44.556678307427724,0.0,103.37175820350976,0.007357197140466265,2.9012386349130486e-05,0.0007677462941038811,0.00028078969666728564,0.0,0.0006514337632993802,5939,3062,4499,0.2268148148148148,0.33325925925925926,0,0,0
flow,0.5,1.2,0,registered,before,flow_dump_0.5_1.2.shear.wave,1855,185500,185.5,0.1855,158683.45183699526,1437.2295380341995,0.009057211205050972,9.057211205050972e+17,125,0.000787731792779527,7.87731792779527e+26,1161.7754451855296,6.342864394528773,133.7958539195755,24.720090279973533,0.0,110.59528425459212,0.0073213396339458425,3.997180752687663e-05,0.0008431619829962794,0.0001557824082713225,0.0,0.0006969553723106499,5928,3069,4503,0.22733333333333333,0.33355555555555555,0,0,0
flow,0.5,1.2,0,registered,before,flow_dump_0.5_1.2.shear.wave,1860,186000,186.0,0.186,158683.45183699526,4975.515810919432,0.03135497591790757,3.135497591790757e+18,135,0.0008507503362018892,8.507503362018892e+26,3685.6746195561204,0.0,448.83295727585386,257.259246710078,0.0,583.7489873773791,0.02322658460531955,0.0,0.0028284799207475616,0.001621210300960323,0.0,0.00367870109088013,5915,3025,4560,0.22407407407407406,0.3377777777777778,0,0,0
flow,0.5,1.2,0,registered,before,flow_dump_0.5_1.2.shear.wave,1865,186500,186.5,0.1865,158683.45183699526,1704.3169668455046,0.0107403572780622,1.07403572780622e+18,122,0.0007688262297528183,7.688262297528184e+26,1352.8907364199413,0.0,161.42633713868145,67.77793029904024,0.0,122.22196298784144,0.008525720361879159,0.0,0.001017285263648687,0.0004271266443627903,0.0,0.0007702250081715626,5911,3021,4568,0.22377777777777777,0.3383703703703704,0,0,0
flow,0.5,1.2,0,registered,before,flow_dump_0.5_1.2.shear.wave,1870,187000,187.0,0.187,158683.45183699526,1550.0191724865495,0.009767995052683748,9.767995052683748e+17,129,0.0008129392101484719,8.129392101484719e+26,1208.4069916005535,6.442923376896207,156.38005819092385,52.4617493373733,0.0,126.32744998080318,0.007615204847206551,4.0602364659388584e-05,0.0009854843487496255,0.00033060630286303386,0.0,0.0007960971892051529,5916,3027,4557,0.2242222222222222,0.33755555555555555,0,0,0
flow,0.5,1.2,0,registered,before,flow_dump_0.5_1.2.shear.wave,1875,187500,187.5,0.1875,158683.45183699526,1536.1960074072153,0.009680883479805098,9.680883479805098e+17,131,0.0008255429188329443,8.255429188329443e+26,1202.2306791004264,7.870538299511893,144.28804290422232,62.24720794551858,0.0,119.55953915753562,0.007576282625458617,4.959898595851547e-05,0.0009092822297087389,0.000392272837683547,0.0,0.0007534468009956768,5888,3011,4601,0.22303703703703703,0.3408148148148148,0,0,0
flow,0.5,1.2,0,registered,before,flow_dump_0.5_1.2.shear.wave,1880,188000,188.0,0.188,158683.45183699526,1497.927042607647,0.009439718037810053,9.439718037810053e+17,126,0.0007940336471217632,7.940336471217631e+26,1221.3909315814399,5.9249625163137605,139.40151732368602,37.20419762059687,0.0,94.00543356561074,0.007697027745754433,3.733825076101869e-05,0.0008784880572605878,0.00023445543432477268,0.0,0.0005924085497092422,5867,2993,4640,0.2217037037037037,0.3437037037037037,0,0,0
flow,0.5,1.2,0,registered,before,flow_dump_0.5_1.2.shear.wave,1885,188500,188.5,0.1885,158683.45183699526,1533.7373097756965,0.009665389125459665,9.665389125459665e+17,128,0.0008066373558062356,8.066373558062357e+26,1190.2230546991996,5.014848463179432,151.90362676925645,28.928189075994343,0.0,157.66759076806719,0.007500612325485804,3.160284456334392e-05,0.0009572745299572682,0.0001823012339415852,0.0,0.0009935981915116668,5835,3005,4660,0.2225925925925926,0.3451851851851852,0,0,0
flow,0.5,1.2,0,registered,before,flow_dump_0.5_1.2.shear.wave,1890,189000,189.0,0.189,158683.4518369953,1488.4590490642256,0.009380052121586177,9.380052121586177e+17,121,0.000762524375410582,7.62524375410582e+26,1203.1402573759274,0.0,167.0499310768173,9.040746322285841,0.0,109.22811428919475,0.007582014655263685,0.0,0.0010527243335267016,5.697346646815312e-05,0.0,0.0006883396663276355,5870,3010,4620,0.22296296296296297,0.3422222222222222,0,0,0
flow,0.5,1.2,0,registered,before,flow_dump_0.5_1.2.shear.wave,1895,189500,189.5,0.1895,158683.45183699526,1497.1161961776575,0.009434608201714337,9.434608201714337e+17,129,0.0008129392101484719,8.129392101484719e+26,1212.6033220505008,10.534191187355,132.72377370722762,30.244553758185795,0.0,111.0103554743877,0.007641649510474009,6.638493847597959e-05,0.0008364058896548693,0.0001905967724300198,0.0,0.000699571090679456,5912,3016,4572,0.22340740740740742,0.33866666666666667,0,0,0
flow,0.5,1.2,0,registered,before,flow_dump_0.5_1.2.shear.wave,1900,190000,190.0,0.19,158683.45183699526,1501.7487813824728,0.009463802078903082,9.463802078903082e+17,126,0.0007940336471217632,7.940336471217631e+26,1205.5387239756446,11.467998671675558,139.27213712580374,44.83362218934846,0.0,100.63629942000073,0.007597129442419823,7.226965722585777e-05,0.0008776727220987639,0.00028253495667212355,0.0,0.0006341953004865156,5911,3054,4535,0.2262222222222222,0.3359259259259259,0,0,0
flow,0.5,1.2,0,registered,during_vibration,flow_dump_0.5_1.2.shear.wave,1910,191000,191.0,0.191,158683.45183699526,633.9860961310037,0.003995288032820552,3.9952880328205523e+17,57,0.0003592056975074643,3.592056975074643e+26,570.0043762181805,0.0,18.30728227027084,0.0,0.0,45.674437642552405,0.0035920845533641862,0.0,0.00011536982626945037,0.0,0.0,0.00028783365318691616,4439,1542,7519,0.11422222222222222,0.556962962962963,1,0,0
flow,0.5,1.2,0,registered,during_vibration,flow_dump_0.5_1.2.shear.wave,1911,191100,191.1,0.1911,158683.45183699526,808.6423728830016,0.005095946448868941,5.095946448868941e+17,69,0.0004348279496142989,4.3482794961429895e+26,659.3762408701897,19.989123677219197,73.30804628267538,0.0,0.0,55.96896205291724,0.004155293026695198,0.00012596854584278055,0.00046197662978733134,0.0,0.0,0.00035270824654363053,4593,1577,7330,0.11681481481481482,0.542962962962963,1,0,0
flow,0.5,1.2,0,registered,during_vibration,flow_dump_0.5_1.2.shear.wave,1912,191200,191.20000000000002,0.19119999999999998,158683.45183699526,836.5340512807107,0.0052717157434918,5.2717157434917997e+17,73,0.0004600353669832438,4.600353669832438e+26,699.269896017646,0.0,88.72561943646024,8.941980737072873,2.6870869052390183,36.909468184292535,0.00440669703061387,0.0,0.000559135930113255,5.635106013611528e-05,1.6933630281746582e-05,0.00023259809234681337,4430,1575,7495,0.11666666666666667,0.5551851851851852,1,0,0
flow,0.5,1.2,0,registered,during_vibration,flow_dump_0.5_1.2.shear.wave,1913,191300,191.3,0.1913,158683.45183699526,644.9945293850872,0.004064661575724016,4.064661575724016e+17,57,0.0003592056975074643,3.592056975074643e+26,526.1451117342831,0.0,77.29848863301123,4.725475277628255,3.7982274565790117,33.027226283585755,0.0033156898570290507,0.0,0.0004871238162402386,2.9779256897451507e-05,2.3935876190043263e-05,0.00020813276936723296,4190,1449,7861,0.10733333333333334,0.5822962962962963,1,0,0
flow,0.5,1.2,0,registered,during_vibration,flow_dump_0.5_1.2.shear.wave,1914,191400,191.4,0.1914,158683.45183699526,774.1674540075786,0.004878690531655615,4.8786905316556154e+17,68,0.0004285260952720627,4.2852609527206266e+26,694.142734420527,0.0,34.80042276574446,17.96493676273856,0.0,27.2593600585687,0.004374386405039718,0.0,0.00021930719531796278,0.00011321241474626302,0.0,0.00017178451655167163,4502,1525,7473,0.11296296296296296,0.5535555555555556,1,0,0
flow,0.5,1.2,0,registered,during_vibration,flow_dump_0.5_1.2.shear.wave,1915,191500,191.5,0.1915,158683.45183699526,879.9446189866467,0.005545282818088392,5.545282818088392e+17,78,0.0004915446386944248,4.9154463869442485e+26,769.5333028851911,0.0,55.746016472681276,0.0,0.0,54.66529962877439,0.004849486786282419,0.0,0.00035130327597073814,0.0,0.0,0.0003444927558352357,4656,1658,7186,0.12281481481481482,0.5322962962962963,1,0,0
flow,0.5,1.2,0,registered,during_vibration,flow_dump_0.5_1.2.shear.wave,1916,191600,191.6,0.1916,158683.4518369953,864.9366867974314,0.005450705015453798,5.4507050154537984e+17,77,0.00048524278435218855,4.8524278435218856e+26,742.7358240027067,0.0,75.63631990282667,6.151436567000399,0.0,40.41310632489772,0.004680612977625851,0.0,0.0004766490710103957,3.87654572407421e-05,0.0,0.0002546775095768105,4512,1615,7373,0.11962962962962963,0.5461481481481482,1,0,0
flow,0.5,1.2,0,registered,during_vibration,flow_dump_0.5_1.2.shear.wave,1917,191700,191.70000000000002,0.19169999999999998,158683.45183699526,648.8167084679925,0.004088748391574428,4.088748391574428e+17,60,0.00037811126053417294,3.78111260534173e+26,522.3816901194622,0.0,59.52067330244832,7.15851114626377,0.0,59.75583389981821,0.003291973322184026,0.0,0.00037509061350385716,4.511189455102869e-05,0.0,0.00037657256133551544,4244,1394,7862,0.10325925925925926,0.5823703703703703,1,0,0
flow,0.5,1.2,0,registered,during_vibration,flow_dump_0.5_1.2.shear.wave,1918,191800,191.8,0.1918,158683.45183699526,655.0512649564525,0.004128037658453146,4.128037658453146e+17,54,0.00034030013448075566,3.403001344807557e+26,586.105952039229,0.0,22.129495888335455,0.0,0.0,46.815817028887906,0.003693554338868907,0.0,0.00013945685975540528,0.0,0.0,0.0002950264598288334,4396,1466,7638,0.10859259259259259,0.5657777777777778,1,0,0
flow,0.5,1.2,0,registered,during_vibration,flow_dump_0.5_1.2.shear.wave,1919,191900,191.9,0.1919,158683.45183699526,858.2868404061045,0.005408798652097412,5.408798652097412e+17,68,0.0004285260952720627,4.2852609527206266e+26,695.0603459101665,21.360460901172278,81.40478599098742,0.0,0.0,60.46124760377828,0.004380169058990189,0.00013461051328221942,0.000513001104076114,0.0,0.0,0.00038101797574888917,4673,1595,7232,0.11814814814814815,0.5357037037037037,1,0,0
flow,0.5,1.2,0,registered,during_vibration,flow_dump_0.5_1.2.shear.wave,1920,192000,192.0,0.192,158683.4518369953,818.0548006937737,0.005155262197939239,5.1552621979392384e+17,78,0.0004915446386944247,4.915446386944247e+26,674.9024987308375,23.64993213337023,77.46724950569832,0.0,0.0,42.035120323867595,0.004253137242212999,0.00014903842750827096,0.00048818732267858124,0.0,0.0,0.00026489920553938675,4585,1613,7302,0.11948148148148148,0.5408888888888889,1,0,0
flow,0.5,1.2,0,registered,during_vibration,flow_dump_0.5_1.2.shear.wave,1921,192100,192.1,0.1921,158683.45183699526,795.509422131167,0.005013184506147118,5.0131845061471174e+17,72,0.00045373351264100755,4.5373351264100753e+26,650.7163315112889,13.093380962694358,92.96313770218653,12.440920072424266,0.0,26.29565188257289,0.004100719539298437,8.251257967430844e-05,0.0005858401529964275,7.840086617982056e-05,0.0,0.0001657113679981239,4308,1494,7698,0.11066666666666666,0.5702222222222222,1,0,0
flow,0.5,1.2,0,registered,during_vibration,flow_dump_0.5_1.2.shear.wave,1922,192200,192.20000000000002,0.19219999999999998,158683.45183699526,681.3811265895504,0.0042939646113161626,4.2939646113161626e+17,63,0.0003970168235608816,3.970168235608816e+26,603.9669041260204,0.0,29.88845432165229,20.743234224163558,0.0,26.782533917714268,0.0038061114573335257,0.0,0.0001883526856496333,0.000130720840667568,0.0,0.0001687796276654364,4389,1435,7676,0.10629629629629629,0.5685925925925925,1,0,0
flow,0.5,1.2,0,registered,during_vibration,flow_dump_0.5_1.2.shear.wave,1923,192300,192.3,0.1923,158683.45183699526,824.267644317072,0.005194414633504357,5.194414633504357e+17,71,0.0004474316582987713,4.474316582987713e+26,746.8907231213715,0.0,61.15973116822155,0.0,0.0,16.217190027478978,0.004706796546678362,0.0,0.0003854197174324566,0.0,0.0,0.00010219836939353826,4666,1630,7204,0.12074074074074075,0.5336296296296297,1,0,0
flow,0.5,1.2,0,registered,during_vibration,flow_dump_0.5_1.2.shear.wave,1924,192400,192.4,0.1924,158683.4518369953,870.470285146378,0.005485576946237298,5.4855769462372986e+17,81,0.0005104502017211334,5.1045020172113336e+26,749.5953407081813,0.0,66.47946208777039,0.0,0.0,54.39548235042623,0.004723840652761887,0.0,0.0004189438868273436,0.0,0.0,0.0003427924066480669,4617,1647,7236,0.122,0.536,1,0,0
flow,0.5,1.2,0,registered,during_vibration,flow_dump_0.5_1.2.shear.wave,1925,192500,192.5,0.1925,158683.45183699526,796.6224556906575,0.005020198681517048,5.0201986815170477e+17,81,0.0005104502017211335,5.104502017211335e+26,660.0718448300197,6.34021286452788,74.29186685659815,10.738774763122262,0.0,45.179756376389705,0.004159676621529929,3.9955097971026934e-05,0.00046817652374308785,6.767419437127872e-05,0.0,0.0002847162439017258,4368,1481,7651,0.1097037037037037,0.5667407407407408,1,0,0
flow,0.5,1.2,0,registered,during_vibration,flow_dump_0.5_1.2.shear.wave,1926,192600,192.6,0.1926,158683.45183699526,613.4066760308898,0.0038655995249019465,3.865599524901946e+17,54,0.00034030013448075566,3.403001344807557e+26,556.9732625372053,0.0,21.000607249203405,6.399314181472849,0.0,29.03349206300818,0.003509964373029559,0.0,0.00013234276798298984,4.032754586184847e-05,0.0,0.0001829648380275488,4333,1399,7768,0.10362962962962963,0.5754074074074074,1,0,0
flow,0.5,1.2,0,registered,during_vibration,flow_dump_0.5_1.2.shear.wave,1927,192700,192.70000000000002,0.19269999999999998,158683.45183699526,683.9272126903629,0.0043100096750662755,4.310009675066275e+17,64,0.0004033186779031178,4.0331867790311785e+26,587.7749263541133,0.0,37.38090614742986,0.0,0.0,58.77138018881985,0.0037040719719022407,0.0,0.00023556902572190533,0.0,0.0,0.0003703686774421299,4616,1631,7253,0.12081481481481482,0.5372592592592592,1,0,0
flow,0.5,1.2,0,registered,during_vibration,flow_dump_0.5_1.2.shear.wave,1928,192800,192.8,0.1928,158683.45183699526,876.7936646089074,0.0055254259625608475,5.5254259625608474e+17,79,0.000497846493036661,4.97846493036661e+26,698.2287778764435,41.97363316950895,107.07666634598844,0.0,0.0,29.51458721696638,0.004400136055734952,0.00026451172244870003,0.0006747815547646457,0.0,0.0,0.0001859966296125491,4651,1622,7227,0.12014814814814814,0.5353333333333333,1,0,0
flow,0.5,1.2,0,registered,during_vibration,flow_dump_0.5_1.2.shear.wave,1929,192900,192.9,0.1929,158683.45183699526,799.0614357655173,0.005035568778692431,5.035568778692431e+17,79,0.000497846493036661,4.97846493036661e+26,632.8491194776848,12.473699466228645,98.43345224297323,12.956296876965954,0.0,42.34886770166465,0.003988122971560814,7.860743714500256e-05,0.0006203132784386821,8.164869573340942e-05,0.0,0.0002668763958145224,4437,1520,7543,0.11259259259259259,0.5587407407407408,1,0,0
flow,0.5,1.2,0,registered,during_vibration,flow_dump_0.5_1.2.shear.wave,1930,193000,193.0,0.193,158683.45183699526,647.8453289461224,0.0040826268993165715,4.0826268993165715e+17,56,0.00035290384316522807,3.529038431652281e+26,556.9509665767841,9.83297508258552,45.989543607865635,16.281360368214358,0.0,18.790483310672712,0.0035098238671345647,6.196597672129207e-05,0.00028981940508268986,0.0001026027615339443,0.0,0.00011841488884407998,4305,1428,7767,0.10577777777777778,0.5753333333333334,1,0,0
flow,0.5,1.2,0,registered,during_vibration,flow_dump_0.5_1.2.shear.wave,1931,193100,193.1,0.1931,158683.45183699526,836.8452511820718,0.005273676879941496,5.273676879941496e+17,75,0.0004726390756677162,4.726390756677162e+26,723.601999273709,0.0,65.76942627889049,5.293961578238829,0.0,42.17986405123345,0.00456003440117383,0.0,0.00041446934458201076,3.3361774759456054e-05,0.0,0.0002658113594261988,4612,1587,7301,0.11755555555555555,0.5408148148148149,1,0,0
flow,0.5,1.2,0,registered,during_vibration,flow_dump_0.5_1.2.shear.wave,1932,193200,193.20000000000002,0.19319999999999998,158683.45183699526,873.8420960492914,0.005506825607417024,5.506825607417024e+17,82,0.0005167520560633698,5.167520560633698e+26,736.1633392418,15.136270418511122,64.1518655171764,0.0,0.0,58.39062087180391,0.00463919413599605,9.53865714621559e-05,0.0004042757122719719,0.0,0.0,0.0003679691876868461,4686,1682,7132,0.12459259259259259,0.5282962962962963,1,0,0
flow,0.5,1.2,0,registered,during_vibration,flow_dump_0.5_1.2.shear.wave,1933,193300,193.3,0.1933,158683.45183699526,842.3987467641442,0.005308674200189969,5.308674200189969e+17,76,0.0004789409300099524,4.789409300099524e+26,701.1818885814737,9.718102943838003,63.06449116423484,10.294471122572869,0.0,58.13979295202513,0.004418746129254551,6.124206923492408e-05,0.0003974232374842508,6.487425754481116e-05,0.0,0.00036638850667143413,4505,1612,7383,0.1194074074074074,0.5468888888888889,1,0,0
flow,0.5,1.2,0,registered,during_vibration,flow_dump_0.5_1.2.shear.wave,1934,193400,193.4,0.1934,158683.45183699526,626.9581990403605,0.003950999249023093,3.950999249023093e+17,56,0.00035290384316522807,3.529038431652281e+26,489.92281426028586,20.326667663917323,58.37605925920658,6.531288123283364,0.0,51.80136973366752,0.0030874222144067695,0.00012809569888104987,0.0003678774225252696,4.115922642010909e-05,0.0,0.00032644468678989634,4313,1377,7810,0.102,0.5785185185185185,1,0,0
flow,0.5,1.2,0,registered,during_vibration,flow_dump_0.5_1.2.shear.wave,1935,193500,193.5,0.19349999999999998,158683.4518369953,587.2708263557063,0.0037008952071383577,3.700895207138358e+17,53,0.0003339982801385194,3.339982801385194e+26,518.9014792101889,2.5606146701148016,33.07623226423017,0.0,0.0,32.732500211172464,0.0032700415399535237,1.6136620677656714e-05,0.0002084415979191525,0.0,0.0,0.000206275448588025,4576,1573,7351,0.11651851851851852,0.5445185185185185,1,0,0
flow,0.5,1.2,0,registered,during_vibration,flow_dump_0.5_1.2.shear.wave,1936,193600,193.6,0.1936,158683.45183699526,751.9642473510206,0.004738769157375417,4.738769157375417e+17,62,0.0003907149692186454,3.907149692186454e+26,616.3392427807413,26.406492206513068,61.6635719552961,0.0,0.0,47.5549404084701,0.0038840801334083957,0.00016640986757484116,0.0003885948486842781,0.0,0.0,0.0002996843077079018,4695,1644,7161,0.12177777777777778,0.5304444444444445,1,0,0
flow,0.5,1.2,0,registered,during_vibration,flow_dump_0.5_1.2.shear.wave,1937,193700,193.70000000000002,0.19369999999999998,158683.45183699526,785.8895187336344,0.004952561276149484,4.9525612761494835e+17,76,0.0004789409300099524,4.789409300099524e+26,647.7361439457258,20.8253543746556,88.88241399113487,0.0,0.0,28.445606422118466,0.004081938831347715,0.00013123834989453136,0.0005601240265584702,0.0,0.0,0.00017926006834876964,4551,1589,7360,0.1177037037037037,0.5451851851851852,1,0,0
flow,0.5,1.2,0,registered,during_vibration,flow_dump_0.5_1.2.shear.wave,1938,193800,193.8,0.1938,158683.45183699526,635.9336662878849,0.004007561336270504,4.0075613362705043e+17,60,0.00037811126053417294,3.78111260534173e+26,536.3379472973021,12.948161466054657,51.262352863012254,2.985026678855919,2.8593382282777666,29.540839754382052,0.003379923622081562,8.159742755883218e-05,0.0003230478809830189,1.8811203337839123e-05,1.8019133029794254e-05,0.00018616206927945676,4274,1449,7777,0.10733333333333334,0.5760740740740741,1,0,0
flow,0.5,1.2,0,registered,during_vibration,flow_dump_0.5_1.2.shear.wave,1939,193900,193.9,0.1939,158683.4518369953,758.9698528884719,0.004782917463051598,4.782917463051598e+17,67,0.0004222242409298264,4.222242409298264e+26,695.2338774682543,14.48263376219263,34.21545058204326,0.0,0.0,15.037891075981753,0.004381262629593039,9.126744846129043e-05,0.00021562078582201794,0.0,0.0,9.476659917525083e-05,4506,1497,7497,0.11088888888888888,0.5553333333333333,1,0,0
flow,0.5,1.2,0,registered,during_vibration,flow_dump_0.5_1.2.shear.wave,1940,194000,194.0,0.19399999999999998,158683.45183699526,801.3810195463669,0.0050501864578139585,5.0501864578139584e+17,77,0.00048524278435218865,4.852427843521887e+26,668.1903113062928,17.737564379144413,76.1421923645093,0.0,0.0,39.31095149642056,0.0042108380147457295,0.00011177954710340564,0.0004798370055796682,0.0,0.0,0.00024773189038515515,4715,1714,7071,0.12696296296296297,0.5237777777777778,1,0,0
flow,0.5,1.2,0,registered,during_vibration,flow_dump_0.5_1.2.shear.wave,1941,194100,194.1,0.1941,158683.45183699526,797.6190768367659,0.005026479242814215,5.026479242814215e+17,73,0.0004600353669832438,4.600353669832438e+26,679.3830856979566,13.27091195095528,79.67490246183104,5.126248950155793,0.0,20.1639277758671,0.004281373248647507,8.363135410356202e-05,0.0005020996300463369,3.230487420592313e-05,0.0,0.00012707013581088553,4641,1666,7193,0.12340740740740741,0.5328148148148149,1,0,0
flow,0.5,1.2,0,registered,during_vibration,flow_dump_0.5_1.2.shear.wave,1942,194200,194.20000000000002,0.19419999999999998,158683.45183699526,684.0074934115532,0.004310515592477707,4.310515592477707e+17,61,0.0003844131148764092,3.844131148764092e+26,560.4352507171467,0.0,71.71424876745104,11.939272980653424,0.0,39.91872094630205,0.003531781318274093,0.0,0.0004519327499953695,7.523955927627432e-05,0.0,0.00025156196493196937,4374,1430,7696,0.10592592592592592,0.5700740740740741,1,0,0
flow,0.5,1.2,0,registered,during_vibration,flow_dump_0.5_1.2.shear.wave,1943,194300,194.3,0.1943,158683.4518369953,591.6583023132162,0.0037285444415526485,3.7285444415526483e+17,52,0.00032769642579628315,3.2769642579628316e+26,517.1683834372636,15.449057055968371,19.335206779095728,0.0,0.0,39.70565504088835,0.0032591198228314037,9.735770729160931e-05,0.00012184765679887951,0.0,0.0,0.00025021925463075554,4483,1479,7538,0.10955555555555556,0.5583703703703704,1,0,0
flow,0.5,1.2,0,registered,during_vibration,flow_dump_0.5_1.2.shear.wave,1944,194400,194.4,0.1944,158683.45183699526,728.7389342407607,0.00459240661710173,4.59240661710173e+17,66,0.0004159223865875903,4.159223865875903e+26,611.2141505273652,7.779287243064957,51.72661651097053,0.0,0.0,58.01887995935995,0.003851782548537096,4.90239350922117e-05,0.0003259736028688472,0.0,0.0,0.0003656265306035743,4755,1686,7059,0.12488888888888888,0.5228888888888888,1,0,0
flow,0.5,1.2,0,registered,during_vibration,flow_dump_0.5_1.2.shear.wave,1945,194500,194.5,0.19449999999999998,158683.45183699526,869.0238682507819,0.0054764618376431035,5.4764618376431034e+17,79,0.000497846493036661,4.97846493036661e+26,707.0199339599693,40.60239768843735,95.19099514871874,0.0,0.0,26.21054145365648,0.004455536640873195,0.00025587039617808063,0.0005998797861197397,0.0,0.0,0.00016517501447208742,4688,1661,7151,0.12303703703703704,0.5297037037037037,1,0,0
flow,0.5,1.2,0,registered,during_vibration,flow_dump_0.5_1.2.shear.wave,1946,194600,194.6,0.1946,158683.45183699526,700.0155073830438,0.004411395764834522,4.411395764834522e+17,70,0.00044112980395653514,4.411298039565352e+26,581.1018348302699,10.045346223420134,71.84337895343697,10.065735101768507,1.5176810334750066,25.44153124067315,0.003662019121106569,6.330430871732635e-05,0.0004527465096186387,6.343279645887936e-05,9.564204810934017e-06,0.00016032882412217445,4394,1490,7616,0.11037037037037037,0.5641481481481482,1,0,0
flow,0.5,1.2,0,registered,during_vibration,flow_dump_0.5_1.2.shear.wave,1947,194700,194.70000000000002,0.19469999999999998,158683.4518369953,717.0809728136624,0.004518939842260747,4.518939842260747e+17,58,0.0003655075518497005,3.655075518497005e+26,600.1105913339346,13.181457655921648,53.15427588566867,0.0,0.0,50.634647938137256,0.0037818095358196986,8.306762616597264e-05,0.00033497050429852284,0.0,0.0,0.0003190921759765523,4427,1438,7635,0.10651851851851851,0.5655555555555556,1,0,0
flow,0.5,1.2,0,registered,during_vibration,flow_dump_0.5_1.2.shear.wave,1948,194800,194.8,0.1948,158683.45183699526,768.9575264748061,0.004845858327210476,4.845858327210476e+17,70,0.00044112980395653514,4.411298039565352e+26,651.1180161034239,4.2941760136167195,82.84885436694134,0.0,0.0,30.696479990824113,0.004103250897089592,2.7061271757737127e-05,0.0005221014126416052,0.0,0.0,0.00019344474572154205,4697,1662,7141,0.12311111111111112,0.528962962962963,1,0,0
flow,0.5,1.2,0,registered,during_vibration,flow_dump_0.5_1.2.shear.wave,1949,194900,194.9,0.1949,158683.45183699526,768.9931134472955,0.004846082591127586,4.846082591127586e+17,70,0.00044112980395653514,4.411298039565352e+26,649.6784538102651,11.507640735998981,76.05729399706209,0.0,0.0,31.749724903969412,0.00409417898520153,7.251947574104954e-05,0.0004793019884341222,0.0,0.0,0.00020008214175088496,4698,1715,7087,0.12703703703703703,0.524962962962963,1,0,0
flow,0.5,1.2,0,registered,during_vibration,flow_dump_0.5_1.2.shear.wave,1950,195000,195.0,0.19499999999999998,158683.45183699526,775.4539644800495,0.004886797933262889,4.886797933262889e+17,73,0.0004600353669832438,4.600353669832438e+26,637.9453553483028,9.84087774681987,76.51679779400584,8.747729945804677,0.0,42.403203645116406,0.004020238707711127,6.201577816021254e-05,0.0004821977144321662,5.512691994367898e-05,0.0,0.0002672188130157034,4464,1550,7486,0.11481481481481481,0.5545185185185185,1,0,0
flow,0.5,1.2,0,registered,during_vibration,flow_dump_0.5_1.2.shear.wave,1951,195100,195.1,0.1951,158683.45183699526,593.8453136294545,0.0037423266683124052,3.742326668312405e+17,51,0.000321394571454047,3.21394571454047e+26,541.4231483501642,12.289680729348749,24.46937839365849,0.0,0.0,15.66310615628317,0.003411969818417685,7.744777786894316e-05,0.0001542024584818978,0.0,0.0,9.87066135438799e-05,4413,1441,7646,0.10674074074074075,0.5663703703703704,1,0,0
flow,0.5,1.2,0,registered,during_vibration,flow_dump_0.5_1.2.shear.wave,1952,195200,195.20000000000002,0.19519999999999998,158683.45183699526,657.4919609859071,0.004143418569324444,4.1434185693244435e+17,58,0.00036550755184970053,3.6550755184970054e+26,557.3407447969656,12.932732725435015,56.731295374959444,0.0,0.0,30.487188088546933,0.0035122801927039244,8.150019788276306e-05,0.00035751236009937354,0.0,0.0,0.00019212581863838174,4684,1643,7173,0.1217037037037037,0.5313333333333333,1,0,0
flow,0.5,1.2,0,registered,during_vibration,flow_dump_0.5_1.2.shear.wave,1953,195300,195.3,0.1953,158683.45183699526,927.6795108936208,0.005846101153928533,5.846101153928534e+17,81,0.0005104502017211335,5.104502017211335e+26,743.5840034722185,52.42815136036558,100.71137959226502,0.0,0.0,30.955976468771386,0.00468595808109879,0.00033039457330573743,0.0006346684447961151,0.0,0.0,0.00019508005472788909,4678,1656,7166,0.12266666666666666,0.5308148148148149,1,0,0
flow,0.5,1.2,0,registered,during_vibration,flow_dump_0.5_1.2.shear.wave,1954,195400,195.4,0.1954,158683.4518369953,671.6612206708487,0.0042327111799962645,4.2327111799962643e+17,62,0.0003907149692186453,3.907149692186453e+26,549.1957610027348,0.0,87.80701388571393,5.4551595194314295,0.0,29.20328626296889,0.003460951691212807,0.0,0.0005533470117344819,3.4377620705120176e-05,0.0,0.00018403485634385772,4452,1564,7484,0.11585185185185186,0.5543703703703704,1,0,0
flow,0.5,1.2,0,registered,during_vibration,flow_dump_0.5_1.2.shear.wave,1955,195500,195.5,0.19549999999999998,158683.45183699526,565.3311583634576,0.003562634615134185,3.562634615134185e+17,49,0.00030879086276957456,3.0879086276957458e+26,466.84283819233417,18.45818620637213,55.376813241381896,4.773735441504574,0.0,19.87958528186469,0.0029419755670042403,0.00011632080089443084,0.0003489766109844065,3.0083385420732517e-05,0.0,0.00012527825083037415,4347,1445,7708,0.10703703703703704,0.570962962962963,1,0,0
flow,0.5,1.2,0,registered,during_vibration,flow_dump_0.5_1.2.shear.wave,1956,195600,195.6,0.1956,158683.45183699526,747.2633419498587,0.004709144736260664,4.7091447362606637e+17,72,0.00045373351264100755,4.5373351264100753e+26,644.9005027028893,8.346208032508734,62.48774796628933,0.0,0.0,31.52888324817131,0.004064069033268522,5.259658733087195e-05,0.00039378868585792265,0.0,0.0,0.00019869042980334706,4619,1610,7271,0.11925925925925926,0.5385925925925926,1,0,0
flow,0.5,1.2,0,registered,during_vibration,flow_dump_0.5_1.2.shear.wave,1957,195700,195.70000000000002,0.19569999999999999,158683.45183699526,818.2308558088076,0.005156371671630389,5.156371671630389e+17,74,0.00046633722132547996,4.6633722132548e+26,669.6451721262155,7.403496924797521,74.56917615964912,0.0,0.0,66.61301059814528,0.004220006335721109,4.665575924326773e-05,0.0004699240865786621,0.0,0.0,0.0004197854900873489,4714,1729,7057,0.12807407407407406,0.5227407407407407,1,0,0
flow,0.5,1.2,0,registered,during_vibration,flow_dump_0.5_1.2.shear.wave,1958,195800,195.8,0.1958,158683.4518369953,827.416525994961,0.0052142584271793494,5.21425842717935e+17,78,0.0004915446386944247,4.915446386944247e+26,697.9669122273182,11.82261227539276,74.92700385360932,14.589919239805125,0.0,28.110078398835526,0.004398485816556928,7.450438050425905e-05,0.0004721790645856175,9.194354591424162e-05,0.0,0.0001771456196183021,4563,1654,7283,0.12251851851851851,0.5394814814814815,1,0,0
flow,0.5,1.2,0,registered,during_vibration,flow_dump_0.5_1.2.shear.wave,1959,195900,195.9,0.1959,158683.45183699526,641.815344740323,0.004044626817165638,4.044626817165638e+17,58,0.00036550755184970053,3.6550755184970054e+26,538.0466068583877,18.291247823759612,51.842115479292445,7.070599382494933,0.0,26.5647751963882,0.0033906913457559928,0.00011526877952307824,0.00032670146054389045,4.4557887420788404e-05,0.0,0.0001674073439218879,4376,1458,7666,0.108,0.5678518518518518,1,0,0
flow,0.5,1.2,0,registered,during_vibration,flow_dump_0.5_1.2.shear.wave,1960,196000,196.0,0.19599999999999998,158683.45183699526,598.4986598145186,0.0037716513781746804,3.77165137817468e+17,54,0.00034030013448075566,3.403001344807557e+26,516.4878380188273,11.19995364182774,32.194306956558876,0.0,4.670998817748585,33.94556237955633,0.0032548311247311426,7.058047649059647e-05,0.00020288383308947618,0.0,2.9435954182209152e-05,0.00021391998968125738,4611,1572,7317,0.11644444444444445,0.542,1,0,0
flow,0.5,1.2,0,registered,during_vibration,flow_dump_0.5_1.2.shear.wave,1961,196100,196.1,0.1961,158683.45183699526,741.5671520052082,0.004673248176923765,4.673248176923765e+17,65,0.00040962053224535404,4.096205322453541e+26,621.9289250609347,20.371226379227483,52.873600173667505,0.0,0.0,46.39340039137858,0.003919305496957554,0.00012837650141461166,0.0003332017268440881,0.0,0.0,0.00029236445170751247,4733,1679,7088,0.12437037037037037,0.5250370370370371,1,0,0
flow,0.5,1.2,0,registered,during_vibration,flow_dump_0.5_1.2.shear.wave,1962,196200,196.20000000000002,0.19619999999999999,158683.4518369953,851.2952777127136,0.005364738842379048,5.3647388423790483e+17,79,0.000497846493036661,4.97846493036661e+26,669.0196821445546,47.45257520226444,98.53312043665453,0.0,0.0,36.28989992924014,0.004216064588964154,0.0002990392170886807,0.0006209413728778153,0.0,0.0,0.0002286936634483997,4578,1630,7292,0.12074074074074075,0.5401481481481482,1,0,0
flow,0.5,1.2,0,registered,during_vibration,flow_dump_0.5_1.2.shear.wave,1963,196300,196.3,0.1963,158683.45183699526,680.3529022356031,0.0042874848912064474,4.2874848912064474e+17,60,0.00037811126053417294,3.78111260534173e+26,580.4831143223647,21.57813316364063,57.055823365011406,6.5264382062875885,0.0,14.709393178298836,0.003658120034587196,0.00013598225217464,0.00035955748822265966,4.112866294962978e-05,0.0,9.269645327232229e-05,4313,1490,7697,0.11037037037037037,0.5701481481481482,1,0,0
flow,0.5,1.2,0,registered,during_vibration,flow_dump_0.5_1.2.shear.wave,1964,196400,196.4,0.1964,158683.45183699526,686.5361467638113,0.004326450797585644,4.326450797585644e+17,60,0.00037811126053417294,3.78111260534173e+26,598.6550251316833,17.596750835799845,44.03494260994867,0.0,0.0,26.249428186379454,0.003772636769627629,0.00011089216066383402,0.0002775017942966276,0.0,0.0,0.00016542007299755307,4541,1527,7432,0.1131111111111111,0.5505185185185185,1,0,0
flow,0.5,1.2,0,registered,during_vibration,flow_dump_0.5_1.2.shear.wave,1965,196500,196.5,0.19649999999999998,158683.45183699526,804.3542657832628,0.005068923422522478,5.068923422522478e+17,75,0.0004726390756677162,4.726390756677162e+26,672.4972189250944,11.665932313144044,81.350875235015,0.0,0.0,38.84023931000952,0.0042379795192248855,7.351700620382057e-05,0.000512661366344496,0.0,0.0,0.0002447655307492773,4727,1739,7034,0.12881481481481483,0.5210370370370371,1,0,0
flow,0.5,1.2,0,registered,during_vibration,flow_dump_0.5_1.2.shear.wave,1966,196600,196.6,0.1966,158683.4518369953,832.4258273869598,0.005245826314908086,5.245826314908086e+17,74,0.0004663372213254799,4.663372213254799e+26,714.3725997784809,10.6202907986852,63.74774904972225,11.91488207496382,0.0,31.770305685107786,0.004501872069888594,6.692752568550564e-05,0.0004017290291567767,7.50858513413432e-05,0.0,0.0002002118388358684,4636,1702,7162,0.12607407407407406,0.5305185185185185,1,0,0
flow,0.5,1.2,0,registered,during_vibration,flow_dump_0.5_1.2.shear.wave,1967,196700,196.70000000000002,0.19669999999999999,158683.45183699526,773.1904515983708,0.004872533604780774,4.8725336047807744e+17,67,0.00042222424092982645,4.2222424092982644e+26,592.6316797200545,20.561576047976143,82.88851663754157,19.035300179398206,0.0,58.073379013400356,0.003734678524190568,0.00012957605730115862,0.0005223513584938102,0.00011995768909131041,0.0,0.00036596997570392657,4404,1468,7628,0.10874074074074074,0.565037037037037,1,0,0
flow,0.5,1.2,0,registered,during_vibration,flow_dump_0.5_1.2.shear.wave,1968,196800,196.8,0.1968,158683.45183699526,629.6172705218303,0.00396775633018491,3.96775633018491e+17,54,0.00034030013448075566,3.403001344807557e+26,545.763068070722,22.193175833767,29.09396957403044,0.0,0.0,32.56705704331096,0.0034393193603536394,0.00013985816149603643,0.00018334595849299208,0.0,0.0,0.0002052328498422437,4514,1513,7473,0.11207407407407408,0.5535555555555556,1,0,0
flow,0.5,1.2,0,registered,during_vibration,flow_dump_0.5_1.2.shear.wave,1969,196900,196.9,0.1969,158683.45183699526,730.873167995272,0.004605856247354944,4.605856247354944e+17,64,0.0004033186779031178,4.0331867790311785e+26,603.2053361296977,18.01624356277469,60.13423757712073,0.0,0.0,49.51735072567872,0.0038013121667489916,0.00011353574272685695,0.0003789572061924425,0.0,0.0,0.00031205113168665207,4722,1681,7097,0.12451851851851851,0.5257037037037037,1,0,0
flow,0.5,1.2,0,registered,during_vibration,flow_dump_0.5_1.2.shear.wave,1970,197000,197.0,0.19699999999999998,158683.45183699526,826.1014383716097,0.005205970936529712,5.205970936529712e+17,74,0.00046633722132547996,4.6633722132548e+26,669.5053049608257,19.152565398031456,102.06332719005084,0.0,0.0,35.3802408227018,0.004219124913217562,0.00012069667741854763,0.0006431882216356976,0.0,0.0,0.00022296112425790638,4638,1665,7197,0.12333333333333334,0.5331111111111111,1,0,0
flow,0.5,1.2,0,registered,during_vibration,flow_dump_0.5_1.2.shear.wave,1971,197100,197.1,0.1971,158683.45183699526,673.6203360574306,0.004245057239802138,4.245057239802138e+17,61,0.0003844131148764092,3.844131148764092e+26,531.7295226139601,11.31179358011529,85.64261732070055,11.874843250118472,0.0,33.06155929253595,0.0033508820009799743,7.12852754913293e-05,0.0005397072998429314,7.483353249913351e-05,0.0,0.00020834913098876777,4370,1525,7605,0.11296296296296296,0.5633333333333334,1,0,0
flow,0.5,1.2,0,registered,during_vibration,flow_dump_0.5_1.2.shear.wave,1972,197200,197.20000000000002,0.1972,158683.45183699526,647.3989744862902,0.004079814038525701,4.079814038525701e+17,55,0.0003466019888229919,3.466019888229919e+26,543.5606005269093,22.060924228434047,54.606832233474215,0.0,0.0,27.170617497472772,0.0034254397306990284,0.00013902473114270125,0.00034412430282628403,0.0,0.0,0.0001712252738576881,4448,1467,7585,0.10866666666666666,0.5618518518518518,1,0,0
flow,0.5,1.2,0,registered,during_vibration,flow_dump_0.5_1.2.shear.wave,1973,197300,197.3,0.1973,158683.45183699526,787.4253934945955,0.004962240135180977,4.962240135180977e+17,71,0.0004474316582987713,4.474316582987713e+26,676.1783087410253,11.09219614949618,64.94935418392369,0.0,0.0,35.20553442015074,0.004261177211065571,6.990140446963834e-05,0.0004093013696893974,0.0,0.0,0.0002218601499563735,4716,1683,7101,0.12466666666666666,0.526,1,0,0
flow,0.5,1.2,0,registered,during_vibration,flow_dump_0.5_1.2.shear.wave,1974,197400,197.4,0.1974,158683.45183699526,845.4252532358504,0.005327746803140496,5.3277468031404966e+17,77,0.00048524278435218865,4.852427843521887e+26,739.2518803974577,8.2705384020686,75.10881689018858,0.0,0.0,22.794017546135613,0.004658657672489007,5.211972834170739e-05,0.0004733248238596597,0.0,0.0,0.0001436445784501232,4679,1743,7078,0.12911111111111112,0.5242962962962963,1,0,0
flow,0.5,1.2,0,registered,during_vibration,flow_dump_0.5_1.2.shear.wave,1975,197500,197.5,0.19749999999999998,158683.45183699526,838.1309358484534,0.00528177907743908,5.28177907743908e+17,77,0.00048524278435218865,4.852427843521887e+26,690.4618457994015,7.361388433562389,64.3297591980479,14.365688866943092,0.0,61.61225355049836,0.004351189981099391,4.63903976649326e-05,0.0004053967723372283,9.053047876535978e-05,0.0,0.0003882714475721668,4480,1574,7446,0.1165925925925926,0.5515555555555556,1,0,0
flow,0.5,1.2,0,registered,during_vibration,flow_dump_0.5_1.2.shear.wave,1976,197600,197.6,0.1976,158683.45183699526,561.7935328773028,0.003540341014603055,3.5403410146030554e+17,45,0.0002835834454006297,2.835834454006297e+26,497.83616769965636,18.007711150999423,24.762771609544714,0.0,0.0,21.186882417102165,0.0031372910151403165,0.00011348197271066124,0.00015605137979341304,0.0,0.0,0.00013351664695866343,4410,1466,7624,0.10859259259259259,0.5647407407407408,1,0,0
flow,0.5,1.2,0,registered,during_vibration,flow_dump_0.5_1.2.shear.wave,1977,197700,197.70000000000002,0.1977,158683.4518369953,687.4484659509576,0.004332200100216667,4.332200100216667e+17,56,0.000352903843165228,3.5290384316522804e+26,573.1781840694923,24.8354687767321,56.04056065943203,0.0,0.0,33.39425244530095,0.0036120854281533987,0.00015650950675212113,0.00035315945053299375,0.0,0.0,0.00021044571477815213,4687,1667,7146,0.12348148148148148,0.5293333333333333,1,0,0
flow,0.5,1.2,0,registered,during_vibration,flow_dump_0.5_1.2.shear.wave,1978,197800,197.8,0.1978,158683.45183699526,828.576270183356,0.00522156696612887,5.22156696612887e+17,76,0.0004789409300099524,4.789409300099524e+26,644.5444891299805,28.971243790550485,98.68576449403596,0.0,0.0,56.37477276878884,0.004061825487588191,0.0001825725584814646,0.0006219033134936411,0.0,0.0,0.0003552656065655719,4692,1712,7096,0.12681481481481482,0.5256296296296297,1,0,0
flow,0.5,1.2,0,registered,during_vibration,flow_dump_0.5_1.2.shear.wave,1979,197900,197.9,0.1979,158683.45183699526,753.1151046478735,0.004746021692428884,4.746021692428884e+17,69,0.0004348279496142989,4.3482794961429895e+26,620.9895646222617,8.817927268584553,98.69572953883367,5.453750377996861,0.0,19.158132840196878,0.003913385784298177,5.55692932470527e-05,0.0006219661117544702,3.436874050105192e-05,0.0,0.00012073176262813295,4471,1585,7444,0.1174074074074074,0.5514074074074075,1,0,0
flow,0.5,1.2,0,registered,during_vibration,flow_dump_0.5_1.2.shear.wave,1980,198000,198.0,0.19799999999999998,158683.45183699526,555.1227052918412,0.0034983024308173046,3.498302430817304e+17,47,0.00029618715408510216,2.9618715408510217e+26,471.1117709160121,16.839871267947192,43.88598691303555,0.0,0.0,23.28507619484617,0.0029688777592256645,0.0001061224158726119,0.00027656309719123484,0.0,0.0,0.0001467391585277925,4357,1476,7667,0.10933333333333334,0.567925925925926,1,0,0
flow,0.5,1.2,0,registered,during_vibration,flow_dump_0.5_1.2.shear.wave,1981,198100,198.1,0.1981,158683.4518369953,731.9232815267405,0.004612473909873069,4.612473909873069e+17,67,0.0004222242409298264,4.222242409298264e+26,635.293329671369,9.37092583128107,40.412324421981346,0.0,0.0,46.846701602109306,0.00400352602818322,5.9054209640632125e-05,0.0002546725821385218,0.0,0.0,0.00029522108991069675,4634,1625,7241,0.12037037037037036,0.5363703703703704,1,0,0
flow,0.5,1.2,0,registered,during_vibration,flow_dump_0.5_1.2.shear.wave,1982,198200,198.20000000000002,0.1982,158683.45183699526,795.535836861917,0.0050133509679327936,5.0133509679327936e+17,74,0.00046633722132547996,4.6633722132548e+26,667.8416624200615,11.462557155916478,73.09373112356688,0.0,0.0,43.137886162372055,0.004208640880248118,7.223536558614307e-05,0.0004606260468712964,0.0,0.0,0.00027184867522723593,4689,1753,7058,0.12985185185185186,0.5228148148148148,1,0,0
flow,0.5,1.2,0,registered,during_vibration,flow_dump_0.5_1.2.shear.wave,1983,198300,198.3,0.1983,158683.45183699526,827.3956115631072,0.0052141266274761565,5.214126627476156e+17,76,0.0004789409300099524,4.789409300099524e+26,681.9243343555083,23.573396151071357,57.582753631265064,14.798877732484069,3.7270280319506623,45.78922166082775,0.004297387827534802,0.00014855610889588354,0.000362878126009106,9.326037189867758e-05,2.348718778678438e-05,0.00028855700535090396,4545,1680,7275,0.12444444444444444,0.5388888888888889,1,0,0
flow,0.5,1.2,0,registered,during_vibration,flow_dump_0.5_1.2.shear.wave,1984,198400,198.4,0.1984,158683.45183699526,610.674342987375,0.003848380760047237,3.848380760047237e+17,54,0.00034030013448075566,3.403001344807557e+26,504.7190251331325,8.054448542455093,54.956525020340884,12.015239943710714,0.0,30.929104347735727,0.003180665780144461,5.075796152158879e-05,0.00034632801583364843,7.57182920122834e-05,0.0,0.0001949107105352554,4384,1493,7623,0.11059259259259259,0.5646666666666667,1,0,0
flow,0.5,1.2,0,registered,during_vibration,flow_dump_0.5_1.2.shear.wave,1985,198500,198.5,0.19849999999999998,158683.4518369953,598.7294314817578,0.003773105667607936,3.773105667607936e+17,49,0.0003087908627695745,3.087908627695745e+26,512.7406019582788,16.70234351906655,29.003885487110505,0.0,0.0,40.282600517302214,0.00323121658889159,0.00010525573603115044,0.00018277826169866928,0.0,0.0,0.00025385508098652775,4581,1602,7317,0.11866666666666667,0.542,1,0,0
flow,0.5,1.2,0,registered,during_vibration,flow_dump_0.5_1.2.shear.wave,1986,198600,198.6,0.1986,158683.45183699526,692.2826528127146,0.004362664441682612,4.362664441682612e+17,60,0.00037811126053417294,3.78111260534173e+26,605.6049397980111,10.697642383946985,57.656569971629565,0.0,0.0,18.32350065912685,0.0038164341195457982,6.741498410896649e-05,0.00036334330583416,0.0,0.0,0.0001154720321936867,4722,1683,7095,0.12466666666666666,0.5255555555555556,1,0,0
flow,0.5,1.2,0,registered,during_vibration,flow_dump_0.5_1.2.shear.wave,1987,198700,198.70000000000002,0.1987,158683.45183699526,870.4774991722377,0.0054856224079774885,5.4856224079774886e+17,78,0.0004915446386944248,4.9154463869442485e+26,679.758593048177,18.18312521440895,112.35994883946321,11.585385083741635,0.0,48.590446986446466,0.004283739641273035,0.00011458740658784787,0.0007080760314874103,7.30094092964559e-05,0.0,0.0003062099193327363,4595,1652,7253,0.12237037037037037,0.5372592592592592,1,0,0
flow,0.5,1.2,0,registered,during_vibration,flow_dump_0.5_1.2.shear.wave,1988,198800,198.8,0.1988,158683.45183699526,639.7776340125153,0.004031785460967382,4.031785460967382e+17,58,0.00036550755184970053,3.6550755184970054e+26,554.4418006848317,17.498030950712952,45.15869025659926,0.0,3.2282465049438107,19.450865615427503,0.0034940114691629732,0.00011027004232733412,0.00028458348828325035,0.0,2.034393925498904e-05,0.00012257652193883493,4349,1528,7623,0.11318518518518518,0.5646666666666667,1,0,0
flow,0.5,1.2,0,registered,during_vibration,flow_dump_0.5_1.2.shear.wave,1989,198900,198.9,0.1989,158683.4518369953,709.4698892815408,0.004470975902454724,4.470975902454724e+17,61,0.0003844131148764091,3.844131148764091e+26,603.972510995506,11.741313211945211,41.27484705389013,12.858907735740368,0.0,39.622310284458834,0.0038061467910083394,7.399204564825237e-05,0.00026010807413169313,8.103496355089029e-05,0.0,0.00024969402811554755,4534,1541,7425,0.11414814814814815,0.55,1,0,0
flow,0.5,1.2,0,registered,during_vibration,flow_dump_0.5_1.2.shear.wave,1990,199000,199.0,0.19899999999999998,158683.45183699526,748.9469617057451,0.004719754662729971,4.719754662729971e+17,69,0.0004348279496142989,4.3482794961429895e+26,634.6051432365527,4.484664128419597,74.70980657236996,0.0,0.0,35.14734776840289,0.003999189177510706,2.8261700111152035e-05,0.0004708103189557174,0.0,0.0,0.0002214934661523961,4702,1759,7039,0.1302962962962963,0.5214074074074074,1,0,0
flow,0.5,1.2,0,registered,during_vibration,flow_dump_0.5_1.2.shear.wave,1991,199100,199.1,0.1991,158683.45183699526,789.9298155259535,0.0049780226380340825,4.9780226380340826e+17,74,0.00046633722132547996,4.6633722132548e+26,655.2657652449369,7.221990574974271,65.57768986166377,6.6205393203763165,0.0,55.243830524002334,0.004129389408027543,4.551193266449063e-05,0.00041326104960854573,4.1721674464059095e-05,0.0,0.0003481385732694457,4622,1696,7182,0.12562962962962962,0.532,1,0,0
flow,0.5,1.2,0,registered,during_vibration,flow_dump_0.5_1.2.shear.wave,1992,199200,199.20000000000002,0.1992,158683.45183699526,655.2180225620754,0.004129088540594242,4.129088540594242e+17,57,0.0003592056975074643,3.592056975074643e+26,520.5147212941454,11.20497248019741,66.43001494878406,10.497396802750716,7.023624869628165,39.547292166569676,0.0032802079565853836,7.061210447896935e-05,0.0004186322781598116,6.615306562359117e-05,4.426186088290453e-05,0.0002492212748635814,4408,1481,7611,0.1097037037037037,0.5637777777777778,1,0,0
flow,0.5,1.2,0,registered,during_vibration,flow_dump_0.5_1.2.shear.wave,1993,199300,199.3,0.19929999999999998,158683.45183699526,596.9898030642657,0.0037621427827112864,3.7621427827112864e+17,51,0.000321394571454047,3.21394571454047e+26,525.2446433342208,17.67931086521693,24.056710580435215,0.0,0.0,30.009138284392954,0.003310015236332072,0.00011141244194371122,0.0001516018860312356,0.0,0.0,0.0001891132184042688,4492,1572,7436,0.11644444444444445,0.5508148148148149,1,0,0
flow,0.5,1.2,0,registered,during_vibration,flow_dump_0.5_1.2.shear.wave,1994,199400,199.4,0.1994,158683.45183699526,669.8612374330705,0.00422136794781332,4.2213679478133203e+17,59,0.00037180940619193677,3.7180940619193676e+26,547.2153198028187,12.75790562871516,35.930680704524434,6.052316350901378,0.0,67.9050149461109,0.0034484712392375727,8.03984629841585e-05,0.00022642991621731032,3.81408160765151e-05,0.0,0.0004279275132977641,4689,1712,7099,0.12681481481481482,0.5258518518518519,1,0,0
flow,0.5,1.2,0,registered,during_vibration,flow_dump_0.5_1.2.shear.wave,1995,199500,199.5,0.19949999999999998,158683.45183699526,846.2266858177404,0.0053327973145366895,5.332797314536689e+17,77,0.00048524278435218865,4.852427843521887e+26,666.8181708381289,21.558162478138307,101.62624928252487,0.0,0.0,56.22410321894821,0.0042021909853782735,0.00013585639982348975,0.0006404338203262594,0.0,0.0,0.000354316109008666,4612,1719,7169,0.12733333333333333,0.5310370370370371,1,0,0
flow,0.5,1.2,0,registered,during_vibration,flow_dump_0.5_1.2.shear.wave,1996,199600,199.6,0.1996,158683.4518369953,660.5864936543628,0.004162919863458342,4.1629198634583424e+17,60,0.0003781112605341729,3.781112605341729e+26,558.885089075239,10.086808263339343,69.56426062451388,0.0,0.0,22.05033569127052,0.0035220124253998683,6.356559645362917e-05,0.00043838383788104453,0.0,0.0,0.0001389580037237993,4370,1544,7586,0.11437037037037037,0.5619259259259259,1,0,0
flow,0.5,1.2,0,registered,during_vibration,flow_dump_0.5_1.2.shear.wave,1997,199700,199.70000000000002,0.1997,158683.45183699526,600.0486487435136,0.003781419182637285,3.781419182637285e+17,46,0.0002898852997428659,2.8988529974286592e+26,536.3011489444813,11.540096909289446,32.483722268269844,0.0,0.0,19.72368062147298,0.003379691724222051,7.272400981763243e-05,0.00020470768622829157,0.0,0.0,0.00012429576236930981,4444,1489,7567,0.1102962962962963,0.5605185185185185,1,0,0
flow,0.5,1.2,0,registered,during_vibration,flow_dump_0.5_1.2.shear.wave,1998,199800,199.8,0.19979999999999998,158683.45183699526,772.0198318843271,0.0048651565298527205,4.8651565298527206e+17,71,0.0004474316582987713,4.474316582987713e+26,649.6690550117256,0.0,60.971006544238655,0.0,0.0,61.37977032836292,0.004094119755342142,0.0,0.0003842304023413231,0.0,0.0,0.00038680637216925555,4684,1692,7124,0.12533333333333332,0.5277037037037037,1,0,0
flow,0.5,1.2,0,registered,during_vibration,flow_dump_0.5_1.2.shear.wave,1999,199900,199.9,0.1999,158683.45183699526,751.8583337526657,0.0047381017053057225,4.738101705305722e+17,69,0.0004348279496142989,4.3482794961429895e+26,644.982943198014,7.2030825287922955,74.14456047756407,0.0,0.0,25.527747548295515,0.004064588561260699,4.539277691155555e-05,0.00046724822039873287,0.0,0.0,0.00016087214673473602,4675,1724,7101,0.1277037037037037,0.526,1,0,0
flow,0.5,1.2,0,registered,during_vibration,flow_dump_0.5_1.2.shear.wave,2000,200000,200.0,0.19999999999999998,158683.4518369953,769.5839253375899,0.004849805801603882,4.8498058016038816e+17,68,0.00042852609527206263,4.2852609527206266e+26,651.5266566249638,10.049760661167664,67.62663669496419,6.192784840830136,2.8938583964916047,31.29422811917255,0.004105826090134671,6.333212786101413e-05,0.00042617321410699105,3.9026028039719996e-05,1.823667410174735e-05,0.0001972116673597382,4478,1557,7465,0.11533333333333333,0.552962962962963,1,0,0
flow,0.5,1.2,0,registered,during_vibration,flow_dump_0.5_1.2.shear.wave,2001,200100,200.1,0.2001,158683.45183699526,605.8602253916634,0.0038180428921726667,3.818042892172667e+17,52,0.00032769642579628326,3.276964257962832e+26,547.0430566925756,8.781721288530752,25.55708243245683,0.0,0.0,24.478364978100046,0.0034473856622082803,5.534112843443574e-05,0.000161057010901867,0.0,0.0,0.0001542590906280827,4446,1545,7509,0.11444444444444445,0.5562222222222222,1,0,0
flow,0.5,1.2,0,registered,during_vibration,flow_dump_0.5_1.2.shear.wave,2002,200200,200.20000000000002,0.2002,158683.45183699526,652.2929993009284,0.004110655470054841,4.110655470054841e+17,56,0.00035290384316522807,3.529038431652281e+26,545.9688365683093,13.030312236363473,45.62800868316961,0.0,0.0,47.66584181308604,0.0034406160834536547,8.211512974742085e-05,0.00028754106464762416,0.0,0.0,0.00030038319220614086,4673,1700,7127,0.1259259259259259,0.5279259259259259,1,0,0
flow,0.5,1.2,0,registered,during_vibration,flow_dump_0.5_1.2.shear.wave,2003,200300,200.3,0.20029999999999998,158683.45183699526,822.2346311007398,0.00518160288033919,5.18160288033919e+17,73,0.0004600353669832438,4.600353669832438e+26,666.1797028517826,13.927667738233836,97.09685647585638,0.0,4.973714679059427,40.05668935580747,0.004198167453126138,8.777013341341216e-05,0.0006118902465998622,0.0,3.1343625447274654e-05,0.0002524314217525025,4651,1698,7151,0.12577777777777777,0.5297037037037037,1,0,0
flow,0.5,1.2,0,registered,during_vibration,flow_dump_0.5_1.2.shear.wave,2004,200400,200.4,0.2004,158683.4518369953,734.8599577027713,0.004630980415384731,4.630980415384731e+17,66,0.00041592238658759017,4.1592238658759015e+26,600.8815313955863,14.13376892458465,77.19479956098303,0.0,0.0,42.6498578216174,0.003786667887794822,8.906895306955705e-05,0.00048647038281143514,0.0,0.0,0.0002687731917089168,4436,1589,7475,0.1177037037037037,0.5537037037037037,1,0,0
flow,0.5,1.2,0,registered,during_vibration,flow_dump_0.5_1.2.shear.wave,2005,200500,200.5,0.20049999999999998,158683.45183699526,569.4949473883366,0.0035888742070807745,3.5888742070807744e+17,48,0.0003024890084273384,3.024890084273384e+26,478.75138176254796,15.309234743588615,49.42005072930614,0.0,0.0,26.014280152893903,0.0030170214740119013,9.647656744519745e-05,0.00031143796128201196,0.0,0.0,0.00016393820434166384,4378,1488,7634,0.11022222222222222,0.5654814814814815,1,0,0
flow,0.5,1.2,0,registered,during_vibration,flow_dump_0.5_1.2.shear.wave,2006,200600,200.6,0.2006,158683.45183699526,737.1652503202422,0.004645508033676265,4.6455080336762656e+17,67,0.00042222424092982645,4.2222424092982644e+26,633.2030195783636,6.991834288774404,54.374598650231334,0.0,0.0,42.595797802872895,0.003990353198446994,4.4061521272909044e-05,0.00034266080061131184,0.0,0.0,0.0002684325133450504,4604,1638,7258,0.12133333333333333,0.5376296296296297,1,0,0
flow,0.5,1.2,0,registered,during_vibration,flow_dump_0.5_1.2.shear.wave,2007,200700,200.70000000000002,0.2007,158683.45183699526,756.8187971924804,0.004769361823373422,4.769361823373422e+17,69,0.0004348279496142989,4.3482794961429895e+26,633.5338263604392,11.398070446283187,64.0676248447151,0.0,0.0,47.8192755410429,0.003992437894603059,7.182897973502399e-05,0.00040374483982442874,0.0,0.0,0.0003013501092109113,4688,1730,7082,0.12814814814814815,0.5245925925925926,1,0,0
flow,0.5,1.2,0,registered,during_vibration,flow_dump_0.5_1.2.shear.wave,2008,200800,200.8,0.20079999999999998,158683.4518369953,735.5503114762794,0.004635330924309991,4.635330924309992e+17,63,0.00039701682356088153,3.970168235608816e+26,587.1390078807472,6.8186069241131175,71.53733759578614,7.730784086660023,0.0,62.324574988972635,0.0037000645063095497,4.296986765272417e-05,0.0004508178815600229,4.8718275265409096e-05,0.0,0.0003927603935222838,4571,1652,7277,0.12237037037037037,0.5390370370370371,1,0,0
flow,0.5,1.2,0,registered,during_vibration,flow_dump_0.5_1.2.shear.wave,2009,200900,200.9,0.2009,158683.45183699526,623.8140944125964,0.0039311855596221735,3.9311855596221734e+17,53,0.00033399828013851943,3.3399828013851945e+26,504.42773014496925,9.71583617557943,45.71450032531611,12.865092246586865,0.0,51.09093552014487,0.0031788300815584324,6.122778439153094e-05,0.00028808612237825223,8.107393743742291e-05,0.0,0.00032196763385653544,4394,1497,7609,0.11088888888888888,0.5636296296296296,1,0,0
flow,0.5,1.2,0,registered,during_vibration,flow_dump_0.5_1.2.shear.wave,2010,201000,201.0,0.20099999999999998,158683.45183699526,592.8077207850561,0.0037357879093404597,3.7357879093404595e+17,48,0.0003024890084273384,3.024890084273384e+26,487.541697971706,9.57850705398365,37.95306943958491,0.0,0.0,57.73444631978149,0.003072416766384213,6.0362356270287085e-05,0.0002391747154490408,0.0,0.0,0.0003638340712369187,4565,1628,7307,0.1205925925925926,0.5412592592592592,1,0,0
flow,0.5,1.2,0,registered,during_vibration,flow_dump_0.5_1.2.shear.wave,2011,201100,201.1,0.2011,158683.45183699526,761.7930525801207,0.004800708856287416,4.8007088562874157e+17,63,0.0003970168235608816,3.970168235608816e+26,616.7150321251207,16.637425655553074,55.15808866125922,0.0,3.880595498617894,69.40191063956962,0.0038864483031200393,0.00010484663311107936,0.0003475982405394066,0.0,2.445494759342749e-05,0.00043736073192346164,4690,1677,7133,0.12422222222222222,0.5283703703703704,1,0,0
flow,0.5,1.2,0,registered,during_vibration,flow_dump_0.5_1.2.shear.wave,2012,201200,201.20000000000002,0.2012,158683.45183699526,803.1820408949835,0.0050615362320201975,5.061536232020198e+17,72,0.00045373351264100755,4.5373351264100753e+26,686.157210684478,15.990785883640836,86.32861725076818,0.0,0.0,14.705427076096719,0.0043240627976086675,0.00010077160345659158,0.0005440303714810017,0.0,0.0,9.267145947393813e-05,4545,1667,7288,0.12348148148148148,0.5398518518518518,1,0,0
flow,0.5,1.2,0,registered,during_vibration,flow_dump_0.5_1.2.shear.wave,2013,201300,201.3,0.20129999999999998,158683.45183699526,634.4539345048647,0.003998236282108334,3.9982362821083334e+17,55,0.0003466019888229919,3.466019888229919e+26,554.6019030913611,14.501763127068465,50.33445553382353,9.991121274706572,0.0,5.0246914779049945,0.003495020411208763,9.138799893239745e-05,0.00031720040716992154,6.296259098881825e-05,0.0,3.16648738084329e-05,4330,1528,7642,0.11318518518518518,0.5660740740740741,1,0,0
flow,0.5,1.2,0,registered,during_vibration,flow_dump_0.5_1.2.shear.wave,2014,201400,201.4,0.2014,158683.45183699526,623.7951651182466,0.0039310662699663795,3.9310662699663795e+17,51,0.000321394571454047,3.21394571454047e+26,550.34042722759,0.0,46.17138742140606,6.979136292547329,0.0,20.304214176703304,0.0034681652110323223,0.0,0.00029096535830865837,4.398150035024775e-05,0.0,0.00012795420027515185,4529,1558,7413,0.1154074074074074,0.5491111111111111,1,0,0
flow,0.5,1.2,0,registered,during_vibration,flow_dump_0.5_1.2.shear.wave,2015,201500,201.5,0.20149999999999998,158683.4518369953,801.3667467139423,0.005050096512502967,5.050096512502967e+17,74,0.0004663372213254799,4.663372213254799e+26,664.5157721686961,3.1369642692529363,70.36136257990654,0.0,0.0,63.35264769608671,0.004187681604325749,1.976869190163147e-05,0.00044340705829984075,0.0,0.0,0.0003992391579757452,4711,1770,7019,0.13111111111111112,0.5199259259259259,1,0,0
flow,0.5,1.2,0,registered,during_vibration,flow_dump_0.5_1.2.shear.wave,2016,201600,201.6,0.2016,158683.45183699526,759.1418100752704,0.004784001112195904,4.784001112195904e+17,69,0.0004348279496142989,4.3482794961429895e+26,644.9445128332881,0.0,64.48543568645206,6.208006165791374,0.0,43.50385538973885,0.004064346378699877,0.0,0.0004063778228916622,3.912195061252157e-05,0.0,0.0002741549599918422,4644,1690,7166,0.12518518518518518,0.5308148148148149,1,0,0
flow,0.5,1.2,0,registered,during_vibration,flow_dump_0.5_1.2.shear.wave,2017,201700,201.70000000000002,0.2017,158683.45183699526,671.3943680197067,0.004231029513457929,4.231029513457929e+17,61,0.0003844131148764092,3.844131148764092e+26,567.0926721925821,0.0,62.327807336855486,5.304083397189914,0.0,36.669805093079226,0.0035737354187071625,0.0,0.000392780763307825,3.342556098816428e-05,0.0,0.00023108777045477704,4443,1490,7567,0.11037037037037037,0.5605185185185185,1,0,0
flow,0.5,1.2,0,registered,during_vibration,flow_dump_0.5_1.2.shear.wave,2018,201800,201.8,0.20179999999999998,158683.45183699526,606.1466565769623,0.0038198479397814943,3.8198479397814944e+17,52,0.00032769642579628326,3.276964257962832e+26,522.1613413151774,14.546292453148606,25.61734106726875,0.0,0.0,43.82168174136744,0.003290584716114938,9.166861625931244e-05,0.0001614367520413137,0.0,0.0,0.0002761578553659299,4512,1604,7384,0.11881481481481482,0.546962962962963,1,0,0
flow,0.5,1.2,0,registered,during_vibration,flow_dump_0.5_1.2.shear.wave,2019,201900,201.9,0.2019,158683.4518369953,726.5713205147292,0.0045787466311300465,4.578746631130047e+17,62,0.0003907149692186453,3.907149692186453e+26,636.3456538503743,0.0,51.045100663983106,0.0,6.930861409332721,32.249704591039226,0.004010157621880125,0.0,0.0003216787892692066,0.0,4.367727906784082e-05,0.00020323294091287574,4717,1715,7068,0.12703703703703703,0.5235555555555556,1,0,0
flow,0.5,1.2,0,registered,during_vibration,flow_dump_0.5_1.2.shear.wave,2020,202000,202.0,0.20199999999999999,158683.45183699526,824.1580529233963,0.0051937240045042505,5.19372400450425e+17,77,0.00048524278435218865,4.852427843521887e+26,657.1520693289727,7.291650432871838,94.06392141593012,3.4435255979777457,0.0,62.20688614764405,0.004141276621610302,4.595091894246197e-05,0.0005927771316227454,2.170059674221762e-05,0.0,0.0003920187355865246,4616,1717,7167,0.12718518518518518,0.5308888888888889,1,0,0
flow,0.5,1.2,0,registered,during_vibration,flow_dump_0.5_1.2.shear.wave,2021,202100,202.1,0.2021,158683.45183699526,682.2537154713712,0.004299463539350052,4.2994635393500525e+17,57,0.0003592056975074643,3.592056975074643e+26,593.9747382905501,17.2802832961735,61.89817888388683,0.0,0.0,9.100515000760852,0.0037431422836749235,0.00010889782832506293,0.0003900733073759363,0.0,0.0,5.73501199741306e-05,4369,1566,7565,0.116,0.5603703703703704,1,0,0
flow,0.5,1.2,0,registered,during_vibration,flow_dump_0.5_1.2.shear.wave,2022,202200,202.20000000000002,0.2022,158683.45183699526,550.996096774357,0.003472297145012688,3.472297145012688e+17,44,0.0002772815910583935,2.772815910583935e+26,489.42362037408355,0.0,42.417388124463635,0.0,0.0,19.155088275809675,0.003084276367247388,0.0,0.00026730820153847006,0.0,0.0,0.00012071257622682922,4435,1511,7554,0.11192592592592593,0.5595555555555556,1,0,0
flow,0.5,1.2,0,registered,during_vibration,flow_dump_0.5_1.2.shear.wave,2023,202300,202.3,0.20229999999999998,158683.4518369953,837.8603401969415,0.005280073823057608,5.280073823057608e+17,76,0.0004789409300099523,4.7894093000995234e+26,715.8288659735954,2.5529852679525393,64.79300541989552,13.000786175327072,0.0,41.68469736017097,0.004511049247333728,1.6088541296511797e-05,0.0004083160825519032,8.192906081146946e-05,0.0,0.0002626908910639959,4701,1724,7075,0.1277037037037037,0.524074074074074,1,0,0
flow,0.5,1.2,0,registered,during_vibration,flow_dump_0.5_1.2.shear.wave,2024,202400,202.4,0.2024,158683.45183699526,771.8587885667912,0.004864141658322819,4.8641416583228186e+17,71,0.0004474316582987713,4.474316582987713e+26,669.2716598666583,13.763078861918991,65.049580350642,0.0,0.0,23.774469487572063,0.004217652515866341,8.673291828852367e-05,0.00040993298039333694,0.0,0.0,0.00014982324377461843,4690,1730,7080,0.12814814814814815,0.5244444444444445,1,0,0
flow,0.5,1.2,0,registered,during_vibration,flow_dump_0.5_1.2.shear.wave,2025,202500,202.5,0.20249999999999999,158683.45183699526,748.5411637821817,0.004717197383323292,4.7171973833232915e+17,65,0.00040962053224535404,4.096205322453541e+26,628.5053243346948,0.0,56.00478036550928,4.038606922968067,0.0,59.99245215900936,0.0039607490072771775,0.0,0.0003529339683323702,2.5450712574091555e-05,0.0,0.0003780636951396516,4494,1572,7434,0.11644444444444445,0.5506666666666666,1,0,0
flow,0.5,1.2,0,registered,during_vibration,flow_dump_0.5_1.2.shear.wave,2026,202600,202.6,0.2026,158683.45183699526,604.8715981840384,0.0038118127075114417,3.811812707511442e+17,50,0.0003150927171118108,3.150927171118108e+26,536.8067341594603,0.0,23.680429913446204,0.0,0.0,44.384434111131874,0.0033828778486044374,0.0,0.00014923062007607133,0.0,0.0,0.00027970423883093363,4463,1563,7474,0.11577777777777777,0.5536296296296296,1,0,0
flow,0.5,1.2,0,registered,during_vibration,flow_dump_0.5_1.2.shear.wave,2027,202700,202.70000000000002,0.2027,158683.4518369953,628.3690029101983,0.003959889929516274,3.959889929516274e+17,48,0.00030248900842733833,3.0248900842733832e+26,515.195847361654,0.0,55.83566522013264,0.0,0.0,57.337490328411896,0.0032466891877981057,0.0,0.00035186822931914047,0.0,0.0,0.00036133251239902947,4660,1702,7138,0.12607407407407406,0.5287407407407407,1,0,0
flow,0.5,1.2,0,registered,during_vibration,flow_dump_0.5_1.2.shear.wave,2028,202800,202.8,0.20279999999999998,158683.45183699526,828.8375111010564,0.0052232132683404505,5.2232132683404506e+17,72,0.00045373351264100755,4.5373351264100753e+26,696.2996358905137,15.65474177672106,91.79904425515659,0.0,2.545710701174247,22.53837847749098,0.00438797888393413,9.865390244221631e-05,0.0005785042056524931,0.0,1.604269803627213e-05,0.00014203357827533982,4660,1690,7150,0.12518518518518518,0.5296296296296297,1,0,0
flow,0.5,1.2,0,registered,during_vibration,flow_dump_0.5_1.2.shear.wave,2029,202900,202.9,0.2029,158683.45183699526,736.4781611304508,0.004641178097682074,4.641178097682074e+17,66,0.0004159223865875903,4.159223865875903e+26,642.7732071027182,8.078098268542416,70.26594694518612,0.0,0.0,15.360908814004095,0.004050663126253363,5.090699865062488e-05,0.0004428057628678607,0.0,0.0,9.680220991022627e-05,4451,1607,7442,0.11903703703703704,0.5512592592592592,1,0,0
flow,0.5,1.2,0,registered,during_vibration,flow_dump_0.5_1.2.shear.wave,2030,203000,203.0,0.20299999999999999,158683.45183699526,521.1713794033509,0.0032843461203422453,3.284346120342245e+17,43,0.0002709797367161573,2.709797367161573e+26,470.53216445974067,7.41574316298764,37.754562916382824,5.468908864239593,0.0,0.0,0.002965225163762422,4.6732933252582194e-05,0.0002379237562538375,3.446426707340241e-05,0.0,0.0,4364,1509,7627,0.11177777777777778,0.564962962962963,1,0,0
flow,0.5,1.2,0,registered,during_vibration,flow_dump_0.5_1.2.shear.wave,2031,203100,203.1,0.2031,158683.45183699526,734.558182066724,0.004629078669282326,4.629078669282326e+17,66,0.0004159223865875903,4.159223865875903e+26,645.7910574065405,0.0,54.798833117041475,5.041522929701344,0.0,28.926768613440544,0.004069681179294724,0.0,0.0003453342644281056,3.177094316602186e-05,0.0,0.0001822922823934726,4611,1651,7238,0.12229629629629629,0.5361481481481482,1,0,0
flow,0.5,1.2,0,registered,during_vibration,flow_dump_0.5_1.2.shear.wave,2032,203200,203.20000000000002,0.2032,158683.45183699526,768.1607778968162,0.004840837333724601,4.840837333724601e+17,68,0.0004285260952720627,4.2852609527206266e+26,656.8662767192208,9.373278217758767,64.55036969155202,0.0,0.0,37.370853268284634,0.004139475598211557,5.906903403757122e-05,0.0004067870275336601,0.0,0.0,0.000235505673941812,4688,1746,7066,0.12933333333333333,0.5234074074074074,1,0,0
flow,0.5,1.2,0,registered,during_vibration,flow_dump_0.5_1.2.shear.wave,2033,203300,203.3,0.20329999999999998,158683.45183699526,754.3370054301063,0.00475372193317918,4.7537219331791795e+17,62,0.0003907149692186454,3.907149692186454e+26,651.262251267731,0.0,65.16000421958208,0.0,0.0,37.91474994279326,0.0041041598460860845,0.0,0.0004106288555313035,0.0,0.0,0.000238933231561792,4568,1663,7269,0.12318518518518519,0.5384444444444444,1,0,0
flow,0.5,1.2,0,registered,during_vibration,flow_dump_0.5_1.2.shear.wave,2034,203400,203.4,0.2034,158683.45183699526,602.9628890948331,0.003799784300849568,3.799784300849568e+17,51,0.000321394571454047,3.21394571454047e+26,518.2638252733899,4.787897450384051,36.00088245914472,7.468314125074636,0.0,36.44196978683989,0.0032660231377230637,3.017263233788444e-05,0.00022687231744949676,4.706422779828566e-05,0.0,0.00022965198554083797,4419,1492,7589,0.11051851851851852,0.5621481481481482,1,0,0
flow,0.5,1.2,0,registered,during_vibration,flow_dump_0.5_1.2.shear.wave,2035,203500,203.5,0.2035,158683.45183699526,606.8342254403356,0.0038241808986087295,3.8241808986087296e+17,54,0.00034030013448075566,3.403001344807557e+26,517.7617518182965,0.0,37.038238281150086,0.0,0.0,52.03423534088915,0.003262859143939962,0.0,0.0002334095827408453,0.0,0.0,0.0003279121719279234,4574,1646,7280,0.12192592592592592,0.5392592592592592,1,0,0
flow,0.5,1.2,0,registered,during_vibration,flow_dump_0.5_1.2.shear.wave,2036,203600,203.6,0.2036,158683.45183699526,726.0453416730699,0.004575431989082813,4.575431989082813e+17,63,0.0003970168235608816,3.970168235608816e+26,621.8836979743088,4.376898216797866,58.990535105385575,7.634291179770708,4.791295979328815,28.368623217478053,0.003919020482445313,2.758257503305358e-05,0.00037174975980471203,4.8110191021133676e-05,3.0194049372272217e-05,0.0001787749314063272,4712,1689,7099,0.12511111111111112,0.5258518518518519,1,0,0
flow,0.5,1.2,0,registered,during_vibration,flow_dump_0.5_1.2.shear.wave,2037,203700,203.70000000000002,0.2037,158683.45183699526,794.8854879395248,0.005009252563752248,5.0092525637522477e+17,67,0.00042222424092982645,4.2222424092982644e+26,694.5972368316669,0.0,67.9800799511775,0.0,0.0,32.30817115668061,0.004377250613032917,0.0,0.00042840056202589306,0.0,0.0,0.00020360138869343855,4538,1671,7291,0.12377777777777778,0.540074074074074,1,0,0
flow,0.5,1.2,0,registered,during_vibration,flow_dump_0.5_1.2.shear.wave,2038,203800,203.8,0.20379999999999998,158683.4518369953,616.6049310605938,0.0038857544622484647,3.8857544622484646e+17,58,0.0003655075518497005,3.655075518497005e+26,562.0268301747914,0.0,41.62849536772014,5.01358042808309,0.0,7.936025089999244,0.0035418112201902646,0.0,0.0002623367142938273,3.159485359086592e-05,0.0,5.001167417350728e-05,4335,1538,7627,0.11392592592592593,0.564962962962963,1,0,0
flow,0.5,1.2,0,registered,during_vibration,flow_dump_0.5_1.2.shear.wave,2039,203900,203.9,0.2039,158683.45183699526,667.8839360812365,0.004208907282703355,4.208907282703355e+17,54,0.00034030013448075566,3.403001344807557e+26,598.6707951985439,0.0,40.32508203340763,7.906615638401497,0.0,20.981443210883178,0.0037727361502919526,0.0,0.0002541227933132615,4.982634009325325e-05,0.0,0.00013222199900488673,4528,1560,7412,0.11555555555555555,0.549037037037037,1,0,0
flow,0.5,1.2,0,registered,during_vibration,flow_dump_0.5_1.2.shear.wave,2040,204000,204.0,0.204,158683.45183699526,789.6180022869968,0.004976057636420197,4.976057636420197e+17,71,0.0004474316582987713,4.474316582987713e+26,642.3320210336373,0.0,77.9692405500996,3.8116250948491213,0.0,65.50511560841065,0.004047882835908192,0.0,0.0004913507971215052,2.4020306154951465e-05,0.0,0.000412803697235548,4684,1745,7071,0.12925925925925927,0.5237777777777778,1,0,0
flow,0.5,1.2,0,registered,during_vibration,flow_dump_0.5_1.2.shear.wave,2041,204100,204.1,0.2041,158683.45183699526,775.161721170054,0.004884956258490804,4.884956258490804e+17,64,0.0004033186779031178,4.0331867790311785e+26,670.7328505614346,6.586146419006646,60.76832499545617,0.0,0.0,37.07439919415657,0.004226860726791052,4.1504935409220535e-05,0.00038295313274303705,0.0,0.0,0.00023363746354749444,4629,1711,7160,0.12674074074074074,0.5303703703703704,1,0,0
flow,0.5,1.2,0,registered,during_vibration,flow_dump_0.5_1.2.shear.wave,2042,204200,204.20000000000002,0.2042,158683.4518369953,703.3078108797888,0.004432143381921444,4.432143381921444e+17,64,0.00040331867790311776,4.033186779031178e+26,565.492678364538,9.346134843947432,71.39860884648556,11.61481028479159,0.0,45.45557854002638,0.0035636524906543514,5.8897980449455316e-05,0.00044994363318885005,7.319484262746373e-05,0.0,0.00028645443500132457,4436,1516,7548,0.1122962962962963,0.5591111111111111,1,0,0
flow,0.5,1.2,0,registered,during_vibration,flow_dump_0.5_1.2.shear.wave,2043,204300,204.3,0.20429999999999998,158683.45183699526,590.8015865487955,0.0037231455435925726,3.723145543592573e+17,51,0.000321394571454047,3.21394571454047e+26,525.5770397143069,0.0,23.72008257466645,0.0,0.0,41.50446425982188,0.0033121099499032612,0.0,0.00014948050537136337,0.0,0.0,0.00026155508831794634,4513,1618,7369,0.11985185185185185,0.5458518518518518,1,0,0
flow,0.5,1.2,0,registered,during_vibration,flow_dump_0.5_1.2.shear.wave,2044,204400,204.4,0.2044,158683.45183699526,695.3119956989735,0.004381754919304506,4.3817549193045056e+17,56,0.00035290384316522807,3.529038431652281e+26,602.0645436425294,5.4139956002424245,41.523096919004566,0.0,6.410386169314117,39.89997336788309,0.00379412305866014,3.411821168223549e-05,0.00026167250862212414,0.0,4.039731991650315e-05,0.00025144382042350345,4695,1714,7091,0.12696296296296297,0.5252592592592593,1,0,0
flow,0.5,1.2,0,registered,during_vibration,flow_dump_0.5_1.2.shear.wave,2045,204500,204.5,0.2045,158683.45183699526,818.5107385918573,0.005158135452162068,5.158135452162068e+17,72,0.00045373351264100755,4.5373351264100753e+26,699.9633782353803,5.7786941625725365,80.13992435461707,0.0,0.0,32.62874183928751,0.004411067254538962,3.641648890086281e-05,0.0005050301302806254,0.0,0.0,0.00020562157844161846,4567,1708,7225,0.12651851851851853,0.5351851851851852,1,0,0
flow,0.5,1.2,0,registered,during_vibration,flow_dump_0.5_1.2.shear.wave,2046,204600,204.6,0.2046,158683.4518369953,649.1051425469938,0.00409056606112763,4.09056606112763e+17,60,0.0003781112605341729,3.781112605341729e+26,567.2295605575068,0.0,57.44347972259903,0.0,0.0,24.432102266887807,0.0035745980692440645,0.0,0.00036200044212301866,0.0,0.0,0.0001539675497605462,4339,1551,7610,0.11488888888888889,0.5637037037037037,1,0,0
flow,0.5,1.2,0,registered,during_vibration,flow_dump_0.5_1.2.shear.wave,2047,204700,204.70000000000002,0.2047,158683.45183699526,555.6614262587821,0.003501697371882075,3.501697371882075e+17,46,0.0002898852997428659,2.8988529974286592e+26,505.0467722953101,0.0,40.06465745882194,0.0,0.0,10.549996504650043,0.0031827311950215855,0.0,0.0002524816355770836,0.0,0.0,6.648454128340577e-05,4455,1506,7539,0.11155555555555556,0.5584444444444444,1,0,0
flow,0.5,1.2,0,registered,during_vibration,flow_dump_0.5_1.2.shear.wave,2048,204800,204.8,0.20479999999999998,158683.45183699526,737.2276487360438,0.0046459012594038335,4.6459012594038336e+17,69,0.0004348279496142989,4.3482794961429895e+26,626.6323649303843,6.3005678775382785,63.64103607713877,0.0,0.0,40.65367985098262,0.003948945889922291,3.970526103761862e-05,0.00040105653954712866,0.0,0.0,0.00025619356889679577,4672,1715,7113,0.12703703703703703,0.5268888888888889,1,0,0
flow,0.5,1.2,0,registered,during_vibration,flow_dump_0.5_1.2.shear.wave,2049,204900,204.9,0.2049,158683.45183699526,767.1962324526147,0.004834758908828775,4.834758908828775e+17,73,0.0004600353669832438,4.600353669832438e+26,654.8936431876871,7.871463193506223,68.54951983484185,0.0,0.0,35.8816062365797,0.004127044349025221,4.960481450574974e-05,0.0004319890892294057,0.0,0.0,0.00022612065606839987,4655,1731,7114,0.1282222222222222,0.526962962962963,1,0,0
flow,0.5,1.2,0,registered,during_vibration,flow_dump_0.5_1.2.shear.wave,2050,205000,205.0,0.205,158683.45183699526,727.7727903804904,0.004586318119220661,4.586318119220661e+17,64,0.0004033186779031178,4.0331867790311785e+26,614.881338816101,0.0,69.85966442642882,0.0,0.0,43.03178713796055,0.003874892634978264,0.0,0.00044024542961285535,0.0,0.0,0.0002711800546295412,4463,1579,7458,0.11696296296296296,0.5524444444444444,1,0,0
flow,0.5,1.2,0,registered,during_vibration,flow_dump_0.5_1.2.shear.wave,2051,205100,205.1,0.2051,158683.45183699526,588.8456711823976,0.003710819649847791,3.7108196498477914e+17,49,0.00030879086276957456,3.0879086276957458e+26,524.0345457154348,6.207431999661029,24.969980732526935,0.0,0.0,33.63371273477502,0.0033023893773985956,3.91183323011999e-05,0.0001573571815048295,0.0,0.0,0.00021195475864316745,4463,1552,7485,0.11496296296296296,0.5544444444444444,1,0,0
flow,0.5,1.2,0,registered,during_vibration,flow_dump_0.5_1.2.shear.wave,2052,205200,205.20000000000002,0.2052,158683.45183699526,633.4863222079719,0.003992138530353558,3.992138530353558e+17,54,0.00034030013448075566,3.403001344807557e+26,531.5738463244916,6.8674570711270935,46.592572417026346,0.0,0.0,48.45244639532686,0.003349900951679204,4.327771416380308e-05,0.0002936196048021928,0.0,0.0,0.00030534025970835804,4622,1721,7157,0.12748148148148147,0.5301481481481481,1,0,0
flow,0.5,1.2,0,registered,during_vibration,flow_dump_0.5_1.2.shear.wave,2053,205300,205.3,0.20529999999999998,158683.45183699526,883.8181783563609,0.005569693425022336,5.5696934250223354e+17,75,0.0004726390756677162,4.726390756677162e+26,719.0010142594164,10.601606011982524,94.74853354191154,0.0,3.8632745724072453,55.60374997064308,0.004531039663782947,6.680977688128964e-05,0.000597091457521609,0.0,2.434579363937536e-05,0.00035040673319711396,4599,1696,7205,0.12562962962962962,0.5337037037037037,1,0,0
flow,0.5,1.2,0,registered,during_vibration,flow_dump_0.5_1.2.shear.wave,2054,205400,205.4,0.2054,158683.45183699526,721.7404223760025,0.004548303014717612,4.5483030147176115e+17,61,0.0003844131148764092,3.844131148764092e+26,645.7138996272458,0.0,55.45397554044909,0.0,0.0,20.572547208307537,0.004069194942208239,0.0,0.00034946287655384,0.0,0.0,0.00012964519595553238,4395,1588,7517,0.11762962962962963,0.5568148148148148,1,0,0
flow,0.5,1.2,0,registered,during_vibration,flow_dump_0.5_1.2.shear.wave,2055,205500,205.5,0.2055,158683.45183699526,560.6856662565806,0.0035333594005286383,3.533359400528638e+17,50,0.0003150927171118108,3.150927171118108e+26,493.53522723218066,7.199840020730102,37.28778761835315,4.041915857442904,0.0,18.620895527873795,0.0031101871147796553,4.537234309804408e-05,0.00023498220631510062,2.547156499717998e-05,0.0,0.00011734617133865841,4328,1499,7673,0.11103703703703703,0.5683703703703704,1,0,0
flow,0.5,1.2,0,registered,during_vibration,flow_dump_0.5_1.2.shear.wave,2056,205600,205.6,0.20559999999999998,158683.45183699526,724.8882917792262,0.004568140429185109,4.568140429185109e+17,65,0.00040962053224535404,4.096205322453541e+26,630.9006575986778,0.0,52.67831810704505,3.7322922526520736,0.0,37.57702382085152,0.003975844048607911,0.0,0.00033197108770458255,2.3520362138870058e-05,0.0,0.0002368049307337469,4600,1635,7265,0.12111111111111111,0.5381481481481482,1,0,0
flow,0.5,1.2,0,registered,during_vibration,flow_dump_0.5_1.2.shear.wave,2057,205700,205.70000000000002,0.2057,158683.4518369953,759.0241763676167,0.004783259801704532,4.7832598017045325e+17,68,0.00042852609527206263,4.2852609527206266e+26,620.5686952272847,7.622052426880755,76.23850109896254,0.0,0.0,54.59492761448881,0.003910733526673926,4.803306418309056e-05,0.00048044392919607755,0.0,0.0,0.00034404928165143815,4658,1738,7104,0.12874074074074074,0.5262222222222223,1,0,0
flow,0.5,1.2,0,registered,during_vibration,flow_dump_0.5_1.2.shear.wave,2058,205800,205.8,0.20579999999999998,158683.45183699526,685.1534990128573,0.0043177375528525115,4.3177375528525114e+17,60,0.00037811126053417294,3.78111260534173e+26,588.8320631441683,0.0,55.65191223030664,0.0,0.0,40.66952363838254,0.0037107338939729867,0.0,0.00035071024474230667,0.0,0.0,0.00025629341413721947,4524,1663,7313,0.12318518518518519,0.5417037037037037,1,0,0
flow,0.5,1.2,0,registered,during_vibration,flow_dump_0.5_1.2.shear.wave,2059,205900,205.9,0.2059,158683.45183699526,595.1490795341958,0.003750542811140459,3.750542811140459e+17,49,0.00030879086276957456,3.0879086276957458e+26,511.92403761964647,5.523657641778935,38.484733220665916,0.0,7.549839616085073,31.666811436019618,0.003226070719368465,3.480928589487084e-05,0.00024252518315645585,0.0,4.7577989567812725e-05,0.0001995596331528557,4389,1495,7616,0.11074074074074074,0.5641481481481482,1,0,0
flow,0.5,1.2,0,registered,during_vibration,flow_dump_0.5_1.2.shear.wave,2060,206000,206.0,0.206,158683.45183699526,584.6339516846463,0.003684278007042606,3.684278007042606e+17,49,0.00030879086276957456,3.0879086276957458e+26,509.69015855423845,0.0,31.444542905352698,0.0,0.0,43.499250225055235,0.003211993138880093,0.0,0.0001981589292477299,0.0,0.0,0.00027412593891478404,4575,1639,7286,0.12140740740740741,0.5397037037037037,1,0,0
flow,0.5,1.2,0,registered,during_vibration,flow_dump_0.5_1.2.shear.wave,2061,206100,206.1,0.20609999999999998,158683.4518369953,716.1381157322004,0.004512998094267828,4.512998094267828e+17,59,0.00037180940619193666,3.718094061919367e+26,609.1855929863382,4.143802959204722,72.20885368653184,0.0,0.0,30.599866100125805,0.0038389988743886987,2.6113642671835554e-05,0.00045504967815237016,0.0,0.0,0.00019283589905492456,4659,1696,7145,0.12562962962962962,0.5292592592592592,1,0,0
flow,0.5,1.2,0,registered,during_vibration,flow_dump_0.5_1.2.shear.wave,2062,206200,206.20000000000002,0.2062,158683.45183699526,806.4100365166161,0.0050818785902451025,5.081878590245103e+17,69,0.0004348279496142989,4.3482794961429895e+26,708.2893420113204,5.054335588437467,66.21512594725155,0.0,0.0,26.851232969606567,0.0044635362655136715,3.185168667511369e-05,0.0004172780789724051,0.0,0.0,0.0001692125590839114,4465,1678,7357,0.1242962962962963,0.544962962962963,1,0,0
flow,0.5,1.2,0,registered,during_vibration,flow_dump_0.5_1.2.shear.wave,2063,206300,206.3,0.20629999999999998,158683.45183699526,642.8741466155886,0.004051299232360849,4.0512992323608486e+17,58,0.00036550755184970053,3.6550755184970054e+26,582.1519517603112,0.0,38.671452886611974,12.158754888367676,0.0,9.891987080297795,0.0036686368050420056,0.0,0.0002437018632940789,7.662270228944566e-05,0.0,6.23378617353192e-05,4324,1548,7628,0.11466666666666667,0.565037037037037,1,0,0
flow,0.5,1.2,0,registered,during_vibration,flow_dump_0.5_1.2.shear.wave,2064,206400,206.4,0.2064,158683.45183699526,712.0150910597688,0.004487015393332718,4.487015393332719e+17,59,0.00037180940619193677,3.7180940619193676e+26,645.655452177994,0.0,41.12193119454973,5.043614092310216,0.0,20.194093594914815,0.004068826614896379,0.0,0.0002591444206595121,3.178412136818891e-05,0.0,0.00012726023640863849,4507,1543,7450,0.1142962962962963,0.5518518518518518,1,0,0
flow,0.5,1.2,0,registered,during_vibration,flow_dump_0.5_1.2.shear.wave,2065,206500,206.5,0.2065,158683.4518369953,813.0808512591663,0.005123917093096695,5.123917093096695e+17,75,0.00047263907566771614,4.726390756677161e+26,682.6616109646367,6.111207445047914,72.91923063240623,0.0,0.0,51.388802217075195,0.004302034037335465,3.8511939173881485e-05,0.00045952637019335316,0.0,0.0,0.0003238447463939933,4663,1722,7115,0.12755555555555556,0.5270370370370371,1,0,0
flow,0.5,1.2,0,registered,during_vibration,flow_dump_0.5_1.2.shear.wave,2066,206600,206.6,0.20659999999999998,158683.45183699526,745.5471438446066,0.004698329505778942,4.698329505778942e+17,68,0.0004285260952720627,4.2852609527206266e+26,627.5729467697101,0.0,59.7599429943708,0.0,0.0,58.21425408052591,0.003954873299670676,0.0,0.00037659845625086436,0.0,0.0,0.0003668577498574046,4596,1694,7210,0.12548148148148147,0.534074074074074,1,0,0
flow,0.5,1.2,0,registered,during_vibration,flow_dump_0.5_1.2.shear.wave,2067,206700,206.70000000000002,0.2067,158683.45183699526,708.5512942085372,0.004465187050105161,4.465187050105161e+17,65,0.00040962053224535404,4.096205322453541e+26,591.907596544695,7.968278315256162,68.4096844773566,0.0,0.0,40.265734871229476,0.0037301154574877885,5.0214929301143725e-05,0.0004311078671746392,0.0,0.0,0.0002537487961415897,4399,1490,7611,0.11037037037037037,0.5637777777777778,1,0,0
flow,0.5,1.2,0,registered,during_vibration,flow_dump_0.5_1.2.shear.wave,2068,206800,206.8,0.20679999999999998,158683.45183699526,598.8321338635648,0.0037737528830586843,3.773752883058684e+17,53,0.00033399828013851943,3.3399828013851945e+26,524.484003745331,6.087209591023708,25.251051558400345,0.0,0.0,43.00986896880978,0.0033052217964359503,3.8360708193294696e-05,0.00015912844890933578,0.0,0.0,0.0002710419295201046,4492,1577,7431,0.11681481481481482,0.5504444444444444,1,0,0
flow,0.5,1.2,0,registered,during_vibration,flow_dump_0.5_1.2.shear.wave,2069,206900,206.9,0.2069,158683.4518369953,645.8942467646939,0.004070331463599476,4.070331463599476e+17,54,0.0003403001344807556,3.403001344807556e+26,557.0720624462018,0.0,51.15870512880227,0.0,0.0,37.66347918968984,0.0035105869956650808,0.0,0.00032239470805912467,0.0,0.0,0.00023734975987527022,4677,1684,7139,0.12474074074074074,0.5288148148148148,1,0,0
flow,0.5,1.2,0,registered,during_vibration,flow_dump_0.5_1.2.shear.wave,2070,207000,207.0,0.207,158683.45183699526,823.205327133888,0.005187720065350677,5.187720065350677e+17,72,0.00045373351264100755,4.5373351264100753e+26,682.7621113781123,7.585889010647223,70.20259653390228,0.0,0.0,62.65473021122627,0.004302667376302524,4.7805167601469196e-05,0.00044240653780342924,0.0,0.0,0.00039484098364325494,4525,1686,7289,0.12488888888888888,0.5399259259259259,1,0,0
flow,0.5,1.2,0,registered,during_vibration,flow_dump_0.5_1.2.shear.wave,2071,207100,207.1,0.20709999999999998,158683.45183699526,700.9105360030785,0.004417036104830114,4.4170361048301146e+17,66,0.0004159223865875903,4.159223865875903e+26,625.0031457017084,0.0,49.70287219385418,5.672117569503506,0.0,20.532400538012496,0.0039386787876516055,0.0,0.00031322026095645166,3.574485873505e-05,0.0,0.00012939219748700725,4305,1555,7640,0.11518518518518518,0.5659259259259259,1,0,0
flow,0.5,1.2,0,registered,during_vibration,flow_dump_0.5_1.2.shear.wave,2072,207200,207.20000000000002,0.2072,158683.45183699526,606.6112154309585,0.0038227755220127746,3.8227755220127744e+17,49,0.00030879086276957456,3.0879086276957458e+26,547.5254299900417,0.0,46.275338003998954,6.3324892563213835,0.0,6.477958180596293,0.003450425508467496,0.0,0.0002916204397389494,3.99064249171131e-05,0.0,4.082314888921537e-05,4408,1514,7578,0.11214814814814815,0.5613333333333334,1,0,0
flow,0.5,1.2,0,registered,during_vibration,flow_dump_0.5_1.2.shear.wave,2073,207300,207.3,0.20729999999999998,158683.45183699526,806.6002971235772,0.005083077584877237,5.083077584877237e+17,74,0.00046633722132547996,4.6633722132548e+26,679.7837813273843,26.012490235364474,64.8430800574867,0.0,0.0,35.96094550334195,0.004283898374139731,0.00016392692454210878,0.00040863164562424315,0.0,0.0,0.00022662064057115536,4643,1703,7154,0.12614814814814815,0.5299259259259259,1,0,0
flow,0.5,1.2,0,registered,during_vibration,flow_dump_0.5_1.2.shear.wave,2074,207400,207.4,0.2074,158683.45183699526,792.6966129707346,0.004995458592525565,4.995458592525565e+17,71,0.0004474316582987713,4.474316582987713e+26,678.6658300489067,6.911836352140342,54.81911516228207,0.0,0.0,52.29983140740564,0.004276853208021049,4.355738592856174e-05,0.00034546207892297443,0.0,0.0,0.0003295859196529813,4628,1726,7146,0.12785185185185186,0.5293333333333333,1,0,0
flow,0.5,1.2,0,registered,during_vibration,flow_dump_0.5_1.2.shear.wave,2075,207500,207.5,0.2075,158683.45183699526,709.3486710344811,0.004470212002718133,4.470212002718133e+17,64,0.0004033186779031178,4.0331867790311785e+26,602.333907218432,0.0,63.32409129696032,3.642392936212775,0.0,40.04827958287598,0.003795820548680582,0.0,0.00039905919970791194,2.2953829741202997e-05,0.0,0.000252378424588437,4428,1549,7523,0.11474074074074074,0.5572592592592592,1,0,0
flow,0.5,1.2,0,registered,during_vibration,flow_dump_0.5_1.2.shear.wave,2076,207600,207.6,0.20759999999999998,158683.4518369953,574.8788336990814,0.003622802674406247,3.622802674406247e+17,46,0.00028988529974286587,2.898852997428659e+26,515.740047075053,12.236588627787082,23.23914558627446,0.0,0.0,23.663052409966987,0.0032501186551250325,7.711319917817831e-05,0.00014644971052272328,0.0,0.0,0.0001491211095803136,4437,1534,7529,0.11362962962962964,0.5577037037037037,1,0,0
flow,0.5,1.2,0,registered,during_vibration,flow_dump_0.5_1.2.shear.wave,2077,207700,207.70000000000002,0.2077,158683.45183699526,650.3234337307492,0.004098243554714088,4.098243554714088e+17,55,0.0003466019888229919,3.466019888229919e+26,574.9883120008077,0.0,49.030814133902474,0.0,0.0,26.304307596038978,0.003623492590717362,0.0,0.00030898504895311013,0.0,0.0,0.00016576591504361532,4633,1692,7175,0.12533333333333332,0.5314814814814814,1,0,0
flow,0.5,1.2,0,registered,during_vibration,flow_dump_0.5_1.2.shear.wave,2078,207800,207.8,0.20779999999999998,158683.45183699526,703.4854736335594,0.004433262986717748,4.433262986717748e+17,60,0.00037811126053417294,3.78111260534173e+26,614.1463804821194,0.0,75.10552648096309,0.0,0.0,14.233566670477039,0.0038702610346098994,0.0,0.00047330408817999436,0.0,0.0,8.96978639278544e-05,4592,1659,7249,0.1228888888888889,0.536962962962963,1,0,0
flow,0.5,1.2,0,registered,during_vibration,flow_dump_0.5_1.2.shear.wave,2079,207900,207.9,0.2079,158683.45183699526,749.708426989035,0.0047245533060319336,4.7245533060319334e+17,65,0.00040962053224535404,4.096205322453541e+26,666.9847818045238,0.0,58.5023002521791,6.7400274632000725,0.0,17.48131746913225,0.004203240943420313,0.0,0.0003686729748750017,4.2474671335758726e-05,0.0,0.00011016471640086089,4376,1578,7546,0.11688888888888889,0.558962962962963,1,0,0
flow,0.5,1.2,0,registered,during_vibration,flow_dump_0.5_1.2.shear.wave,2080,208000,208.0,0.208,158683.4518369953,527.5871649190794,0.0033247774661533946,3.3247774661533946e+17,44,0.00027728159105839346,2.7728159105839348e+26,474.9727606766249,3.4221571696638673,40.7987129100633,0.0,0.0,8.393534162727391,0.002993209154313911,2.1565936019461037e-05,0.0002571075461099311,0.0,0.0,5.2894829710091626e-05,4336,1517,7647,0.11237037037037037,0.5664444444444444,1,0,0
flow,0.5,1.2,0,registered,during_vibration,flow_dump_0.5_1.2.shear.wave,2081,208100,208.1,0.20809999999999998,158683.45183699526,787.3317660258194,0.0049616501085103185,4.961650108510319e+17,67,0.00042222424092982645,4.2222424092982644e+26,689.49642607383,0.0,52.077597976754014,7.455266818896741,0.0,38.30247515633897,0.0043451060466097174,0.0,0.00032818543694303925,4.6982005575194005e-05,0.0,0.00024137661938236955,4572,1627,7301,0.12051851851851852,0.5408148148148149,1,0,0
flow,0.5,1.2,0,registered,during_vibration,flow_dump_0.5_1.2.shear.wave,2082,208200,208.20000000000002,0.2082,158683.45183699526,801.3321693385045,0.005049878610919422,5.0498786109194214e+17,74,0.00046633722132547996,4.6633722132548e+26,651.1131600481262,5.3230446874513815,77.04630259289414,0.0,0.0,67.84966201003273,0.004103220294936429,3.354505227753291e-05,0.00048553457654827535,0.0,0.0,0.00042757868715718436,4641,1728,7131,0.128,0.5282222222222223,1,0,0
flow,0.5,1.2,0,registered,during_vibration,flow_dump_0.5_1.2.shear.wave,2083,208300,208.3,0.20829999999999999,158683.45183699526,734.4546943177762,0.004628426504562251,4.628426504562251e+17,64,0.0004033186779031178,4.0331867790311785e+26,634.0657719232735,0.0,64.16884637027874,4.171278888266553,0.0,32.04879713595721,0.003995790138058039,0.0,0.00040438272313482975,2.6286791974700832e-05,0.0,0.00020196685139467954,4515,1642,7343,0.12162962962962963,0.5439259259259259,1,0,0
flow,0.5,1.2,0,registered,during_vibration,flow_dump_0.5_1.2.shear.wave,2084,208400,208.4,0.2084,158683.4518369953,595.4307913619889,0.0037523181180456953,3.7523181180456954e+17,49,0.0003087908627695745,3.087908627695745e+26,490.61144242008345,9.591921300196425,49.329486534012524,0.0,8.004322855249324,37.89361825244702,0.0030917618487657757,6.044689089603088e-05,0.0003108672389146497,0.0,5.044207674201353e-05,0.00023880006272722473,4387,1489,7624,0.1102962962962963,0.5647407407407408,1,0,0
flow,0.5,1.2,0,registered,during_vibration,flow_dump_0.5_1.2.shear.wave,2085,208500,208.5,0.2085,158683.45183699526,621.1613018486262,0.003914468047283866,3.914468047283866e+17,50,0.0003150927171118108,3.150927171118108e+26,544.9979149847946,0.0,34.765502978707985,0.0,0.0,41.39788388512376,0.0034344974770566124,0.0,0.00021908713590639703,0.0,0.0,0.0002608834343208578,4545,1612,7343,0.1194074074074074,0.5439259259259259,1,0,0
flow,0.5,1.2,0,registered,during_vibration,flow_dump_0.5_1.2.shear.wave,2086,208600,208.6,0.20859999999999998,158683.45183699526,735.6701191265201,0.004636085934670895,4.6360859346708954e+17,65,0.00040962053224535404,4.096205322453541e+26,644.6200358139639,0.0,46.467530372712254,0.0,2.0946620277356693,42.487890912108554,0.0040623015717866934,0.0,0.00029283160805226995,0.0,1.3200254995003344e-05,0.00026775249983692994,4636,1651,7213,0.12229629629629629,0.5342962962962963,1,0,0
flow,0.5,1.2,0,registered,during_vibration,flow_dump_0.5_1.2.shear.wave,2087,208700,208.70000000000002,0.2087,158683.45183699526,792.8744428475851,0.004996579250507175,4.996579250507175e+17,67,0.00042222424092982645,4.2222424092982644e+26,707.8106001739519,0.0,65.90143960468289,0.0,0.0,19.162403068950056,0.004460519304187041,0.0,0.0004153012733323886,0.0,0.0,0.0001207586729877435,4463,1655,7382,0.12259259259259259,0.5468148148148149,1,0,0
flow,0.5,1.2,0,registered,during_vibration,flow_dump_0.5_1.2.shear.wave,2088,208800,208.8,0.20879999999999999,158683.4518369953,646.3020600326201,0.004072901443412778,4.072901443412778e+17,57,0.00035920569750746425,3.5920569750746426e+26,588.5408704983176,0.0,39.689340203420215,6.142923228992977,0.0,11.928926101889283,0.0037088988403333046,0.0,0.00025011644090141405,3.87118074246531e-05,0.0,7.51743547534059e-05,4298,1551,7651,0.11488888888888889,0.5667407407407408,1,0,0
flow,0.5,1.2,0,registered,during_vibration,flow_dump_0.5_1.2.shear.wave,2089,208900,208.9,0.2089,158683.45183699526,689.6541355629696,0.004346099908838664,4.3460999088386643e+17,61,0.0003844131148764092,3.844131148764092e+26,611.9971102277323,0.0,41.21145322045596,4.534999161712145,0.0,31.91057295306913,0.0038567166465246507,0.0,0.0002597085754271951,2.857890415927328e-05,0.0,0.00020109578272754425,4532,1551,7417,0.11488888888888889,0.5494074074074075,1,0,0
flow,0.5,1.2,0,registered,during_vibration,flow_dump_0.5_1.2.shear.wave,2090,209000,209.0,0.209,158683.45183699526,798.3105265611058,0.005030836658261984,5.030836658261984e+17,74,0.00046633722132547996,4.6633722132548e+26,638.3565649809356,26.885736737074566,87.44488348095197,0.0,0.0,45.62334136214356,0.004022830090920104,0.0001694299968007531,0.0005510649186707771,0.0,0.0,0.0002875116518703496,4639,1681,7180,0.12451851851851851,0.5318518518518518,1,0,0
flow,0.5,1.2,0,registered,during_vibration,flow_dump_0.5_1.2.shear.wave,2091,209100,209.1,0.20909999999999998,158683.45183699526,725.2838789137799,0.004570633361686729,4.5706333616867296e+17,62,0.0003907149692186454,3.907149692186454e+26,614.0081287609315,0.0,60.20528291889341,0.0,0.0,51.070467233954865,0.00386938979240041,0.0,0.00037940492358798833,0.0,0.0,0.00032183864569833087,4576,1667,7257,0.12348148148148148,0.5375555555555556,1,0,0
flow,0.5,1.2,0,registered,during_vibration,flow_dump_0.5_1.2.shear.wave,2092,209200,209.20000000000002,0.2092,158683.45183699526,709.8896001340014,0.004473620859112788,4.473620859112788e+17,60,0.00037811126053417294,3.78111260534173e+26,585.2299343698072,7.077019366677863,67.23613621662439,0.0,0.0,50.346510180892025,0.0036880338031149854,4.459834522598869e-05,0.0004237123369719201,0.0,0.0,0.00031727637379989427,4363,1493,7644,0.11059259259259259,0.5662222222222222,1,0,0
flow,0.5,1.2,0,registered,during_vibration,flow_dump_0.5_1.2.shear.wave,2093,209300,209.3,0.20929999999999999,158683.45183699526,636.988635961194,0.004014209601487175,4.0142096014871744e+17,53,0.00033399828013851943,3.3399828013851945e+26,590.7850578824151,5.001099402280273,22.254826858106156,0.0,0.0,18.94765181839248,0.003723041382344572,3.1516199984214885e-05,0.00014024667727147145,0.0,0.0,0.00011940534188691658,4459,1550,7491,0.11481481481481481,0.5548888888888889,1,0,0
flow,0.5,1.2,0,registered,during_vibration,flow_dump_0.5_1.2.shear.wave,2094,209400,209.4,0.2094,158683.45183699526,633.0883544776157,0.003989630595683943,3.989630595683943e+17,54,0.00034030013448075566,3.403001344807557e+26,549.2691827360076,0.0,49.83013579344359,0.0,0.0,33.989035948164485,0.003461414384281447,0.0,0.00031402225762413276,0.0,0.0,0.0002141939537783632,4626,1663,7211,0.12318518518518519,0.5341481481481481,1,0,0
flow,0.5,1.2,0,registered,during_vibration,flow_dump_0.5_1.2.shear.wave,2095,209500,209.5,0.2095,158683.45183699526,738.8245741511676,0.004655964850765359,4.655964850765359e+17,64,0.0004033186779031178,4.0331867790311785e+26,641.8686141020914,0.0,69.96159455957175,0.0,0.0,26.994365489504517,0.004044962512924407,0.0,0.00044088777846500686,0.0,0.0,0.00017011455937594548,4510,1666,7324,0.12340740740740741,0.5425185185185185,1,0,0
flow,0.5,1.2,0,registered,during_vibration,flow_dump_0.5_1.2.shear.wave,2096,209600,209.6,0.20959999999999998,158683.45183699526,657.8137494194198,0.004145446433161457,4.1454464331614566e+17,58,0.00036550755184970053,3.6550755184970054e+26,587.0919013104373,0.0,62.105388448182424,4.53235701361014,0.0,4.084102647189958,0.003699767647564895,0.0,0.00039137911186844536,2.8562253726783828e-05,0.0,2.573742000133246e-05,4285,1537,7678,0.11385185185185186,0.5687407407407408,1,0,0
flow,0.5,1.2,0,registered,during_vibration,flow_dump_0.5_1.2.shear.wave,2097,209700,209.70000000000002,0.2097,158683.45183699526,653.8656002541424,0.004120565772200457,4.120565772200457e+17,50,0.0003150927171118108,3.150927171118108e+26,581.9863717082225,18.626603659656926,43.10032705367853,0.0,0.0,10.152297832584503,0.0036675933436717623,0.00011738214315372199,0.00027161198319502507,0.0,0.0,6.397830217994798e-05,4389,1497,7614,0.11088888888888888,0.564,1,0,0
flow,0.5,1.2,0,registered,during_vibration,flow_dump_0.5_1.2.shear.wave,2098,209800,209.8,0.2098,158683.45183699526,790.9841115781151,0.0049846666581884,4.9846666581884e+17,74,0.00046633722132547996,4.6633722132548e+26,684.3790036114398,8.928563344508152,61.69375913897616,0.0,0.0,35.98278548319087,0.004312856795644047,5.626650568251981e-05,0.00038878508391883217,0.0,0.0,0.00022675827294300064,4626,1669,7205,0.12362962962962963,0.5337037037037037,1,0,0
flow,0.5,1.2,0,registered,during_vibration,flow_dump_0.5_1.2.shear.wave,2099,209900,209.9,0.2099,158683.4518369953,722.1393039946629,0.004550816708578204,4.550816708578204e+17,65,0.000409620532245354,4.09620532245354e+26,626.4827713985421,5.725011761788,35.66373769721854,0.0,0.0,54.2677831371144,0.00394800317327408,3.607819023037711e-05,0.00022474768026759003,0.0,0.0,0.00034198766480615764,4606,1694,7200,0.12548148148148147,0.5333333333333333,1,0,0
flow,0.5,1.2,0,registered,during_vibration,flow_dump_0.5_1.2.shear.wave,2100,210000,210.0,0.21,158683.45183699526,717.9613743373449,0.004524488004425678,4.524488004425678e+17,66,0.0004159223865875903,4.159223865875903e+26,578.4590498500119,0.0,68.11901445515609,8.291243593574471,0.0,63.09206643860263,0.003645364675103133,0.0,0.000429276107033077,5.2250209442705485e-05,0.0,0.0003975970128467638,4398,1534,7568,0.11362962962962964,0.5605925925925926,1,0,0
flow,0.5,1.2,0,registered,during_vibration,flow_dump_0.5_1.2.shear.wave,2101,210100,210.1,0.21009999999999998,158683.45183699526,578.0574757196977,0.003642834013426283,3.642834013426283e+17,44,0.0002772815910583935,2.772815910583935e+26,522.3960105669964,0.0,23.132237653431076,0.0,0.0,32.529227499270256,0.003292063567558503,0.0,0.00014577599230191472,0.0,0.0,0.000204994453565866,4366,1501,7633,0.11118518518518518,0.5654074074074074,1,0,0
flow,0.5,1.2,0,registered,during_vibration,flow_dump_0.5_1.2.shear.wave,2102,210200,210.20000000000002,0.2102,158683.45183699526,643.3925609997938,0.00405456620429903,4.05456620429903e+17,53,0.00033399828013851943,3.3399828013851945e+26,543.7458895566814,22.78042545551569,51.63546445050831,0.0,0.0,25.23078153708838,0.0034266073951758663,0.00014355892307483,0.00032539917586081954,0.0,0.0,0.00015900071018751374,4556,1638,7306,0.12133333333333333,0.5411851851851852,1,0,0
flow,0.5,1.2,0,registered,during_vibration,flow_dump_0.5_1.2.shear.wave,2103,210300,210.3,0.2103,158683.4518369953,744.7063017698226,0.00469303064149883,4.6930306414988294e+17,68,0.00042852609527206263,4.2852609527206266e+26,648.0403625323963,2.210366759712651,71.18252662201681,0.0,0.0,23.273045855696875,0.004083855972569113,1.3929409362629762e-05,0.0004485819144843016,0.0,0.0,0.0001466633450827859,4544,1642,7314,0.12162962962962963,0.5417777777777778,1,0,0
flow,0.5,1.2,0,registered,during_vibration,flow_dump_0.5_1.2.shear.wave,2104,210400,210.4,0.2104,158683.45183699526,690.1460978032197,0.0043492001832186,4.3492001832186003e+17,59,0.00037180940619193677,3.7180940619193676e+26,637.3330751999538,0.0,35.840955417179565,6.171408090174143,0.0,10.800659095912152,0.00401638020739959,0.0,0.00022586448052564767,3.8891314870775636e-05,0.0,6.806418042258709e-05,4343,1581,7576,0.11711111111111111,0.5611851851851852,1,0,0
flow,0.5,1.2,0,registered,during_vibration,flow_dump_0.5_1.2.shear.wave,2105,210500,210.5,0.2105,158683.45183699526,571.9683813543305,0.0036044614276596076,3.6044614276596077e+17,46,0.0002898852997428659,2.8988529974286592e+26,517.1127671414908,5.791087754322717,38.62353099127,0.0,3.323197261548408,7.117798205698761,0.003258769337036389,3.649459151084959e-05,0.0002433998664898299,0.0,2.0942305092796337e-05,4.485532752974388e-05,4290,1498,7712,0.11096296296296296,0.5712592592592592,1,0,0
flow,0.5,1.2,0,registered,during_vibration,flow_dump_0.5_1.2.shear.wave,2106,210600,210.6,0.21059999999999998,158683.45183699526,799.0097098374832,0.005035242809428243,5.0352428094282426e+17,72,0.00045373351264100755,4.5373351264100753e+26,665.6648106473207,19.66449007619049,52.21300109513417,0.0,0.0,61.46740801883796,0.004194922677451666,0.00012392275217450202,0.00032903872767255554,0.0,0.0,0.0003873586521295192,4538,1598,7364,0.11837037037037038,0.5454814814814815,1,0,0
flow,0.5,1.2,0,registered,during_vibration,flow_dump_0.5_1.2.shear.wave,2107,210700,210.70000000000002,0.2107,158683.4518369953,765.7790678403114,0.004825828143863067,4.825828143863067e+17,67,0.0004222242409298264,4.222242409298264e+26,596.0062031493073,28.979065171268054,80.12726954306808,0.0,0.0,60.66652997666789,0.003755944279316182,0.00018262184768350184,0.0005049503815015152,0.0,0.0,0.000382311635361868,4579,1713,7208,0.12688888888888888,0.5339259259259259,1,0,0
flow,0.5,1.2,0,registered,during_vibration,flow_dump_0.5_1.2.shear.wave,2108,210800,210.8,0.2108,158683.45183699526,735.3278313309708,0.004633928886840218,4.633928886840218e+17,67,0.00042222424092982645,4.2222424092982644e+26,610.6232557254681,0.0,65.78619232784442,10.830506160939155,0.0,48.08787711671894,0.0038480588155639563,0.0,0.0004145750017804132,6.82522722789305e-05,0.0,0.00030304279721691683,4461,1609,7430,0.11918518518518519,0.5503703703703704,1,0,0
flow,0.5,1.2,0,registered,during_vibration,flow_dump_0.5_1.2.shear.wave,2109,210900,210.9,0.2109,158683.45183699526,608.943742967984,0.003837474770800364,3.837474770800364e+17,52,0.00032769642579628326,3.276964257962832e+26,504.7581493360065,5.6971449727831605,60.076495823876556,6.504952093324251,7.534286780529902,24.37271396146377,0.003180912335172229,3.590257778508279e-05,0.00037859332607403234,4.099326059535399e-05,4.747997786353528e-05,0.0001535932933101317,4321,1472,7707,0.10903703703703704,0.5708888888888889,1,0,0
flow,0.5,1.2,0,registered,during_vibration,flow_dump_0.5_1.2.shear.wave,2110,211000,211.0,0.211,158683.45183699526,608.3281463686541,0.003833595370697811,3.833595370697811e+17,50,0.0003150927171118108,3.150927171118108e+26,565.6719424379888,0.0,29.534900905167063,0.0,0.0,13.121303025498126,0.0035647821867340348,0.0,0.00018612464351674341,0.0,0.0,8.268854044703256e-05,4495,1566,7439,0.116,0.551037037037037,1,0,0
flow,0.5,1.2,0,registered,during_vibration,flow_dump_0.5_1.2.shear.wave,2111,211100,211.1,0.21109999999999998,158683.45183699526,692.1914561827367,0.0043620897338039885,4.3620897338039885e+17,61,0.0003844131148764092,3.844131148764092e+26,575.3990195530428,17.107337189043548,61.36337904174481,0.0,1.6067170416446568,36.715003357260905,0.003626080809888804,0.00010780794714887319,0.0003867030766685063,0.0,1.0125296765633308e-05,0.00023137260333217188,4573,1636,7291,0.12118518518518519,0.540074074074074,1,0,0
flow,0.5,1.2,0,registered,during_vibration,flow_dump_0.5_1.2.shear.wave,2112,211200,211.20000000000002,0.2112,158683.45183699526,719.5778946290883,0.004534675079845514,4.534675079845514e+17,60,0.00037811126053417294,3.78111260534173e+26,645.4427169088549,0.0,59.45481942283617,0.0,0.0,14.680358297397309,0.004067485988216808,0.0,0.0003746756119466702,0.0,0.0,9.251347968203669e-05,4413,1626,7461,0.12044444444444445,0.5526666666666666,1,0,0
flow,0.5,1.2,0,registered,during_vibration,flow_dump_0.5_1.2.shear.wave,2113,211300,211.3,0.2113,158683.45183699526,683.2351359591214,0.0043056483083123405,4.3056483083123405e+17,61,0.0003844131148764092,3.844131148764092e+26,622.2784523991216,4.644368435681372,43.104429950923915,5.556638614920889,0.0,7.651246558473681,0.0039215081673314375,2.9268133393343475e-05,0.0002716378390558467,3.5017127183676636e-05,0.0,4.821704134803727e-05,4222,1519,7759,0.11251851851851852,0.5747407407407408,1,0,0
flow,0.5,1.2,0,registered,during_vibration,flow_dump_0.5_1.2.shear.wave,2114,211400,211.4,0.21139999999999998,158683.45183699526,661.7548650921859,0.004170282770077133,4.170282770077133e+17,51,0.000321394571454047,3.21394571454047e+26,562.1287861802173,24.18335788742779,40.97600794537531,7.954917115956432,0.0,26.511795963209025,0.0035424537320857758,0.00015239999891273926,0.0002582248335980691,5.013072896931924e-05,0.0,0.00016707347651122938,4444,1518,7538,0.11244444444444444,0.5583703703703704,1,0,0
flow,0.5,1.2,0,registered,during_vibration,flow_dump_0.5_1.2.shear.wave,2115,211500,211.5,0.2115,158683.45183699526,867.5482717620534,0.0054671628435032215,5.467162843503222e+17,78,0.0004915446386944248,4.9154463869442485e+26,685.75861911907,37.67640082649214,75.85401251902151,0.0,0.0,68.25923929746997,0.004321550931621423,0.00023743119014826166,0.000478020938169036,0.0,0.0,0.00043015978356450213,4583,1672,7245,0.12385185185185185,0.5366666666666666,1,0,0
flow,0.5,1.2,0,registered,during_vibration,flow_dump_0.5_1.2.shear.wave,2116,211600,211.6,0.21159999999999998,158683.45183699526,723.3027854644168,0.004558148799330485,4.558148799330485e+17,61,0.0003844131148764092,3.844131148764092e+26,614.7889082203467,5.810331931680926,61.375769610435654,0.0,0.0,41.32777570195328,0.003874310150827054,3.6615865513497184e-05,0.0003867811602276135,0.0,0.0,0.00026044162276231864,4534,1644,7322,0.12177777777777778,0.5423703703703704,1,0,0
flow,0.5,1.2,0,registered,during_vibration,flow_dump_0.5_1.2.shear.wave,2117,211700,211.70000000000002,0.2117,158683.45183699526,652.7553770820389,0.004113569307482485,4.113569307482485e+17,58,0.00036550755184970053,3.6550755184970054e+26,521.8331515214167,7.430771754501636,70.03154235966225,0.0,0.0,53.459911446458314,0.003288516511838049,4.682764124727236e-05,0.00044132857931273705,0.0,0.0,0.0003368965750844269,4332,1478,7690,0.10948148148148149,0.5696296296296296,1,0,0
flow,0.5,1.2,0,registered,during_vibration,flow_dump_0.5_1.2.shear.wave,2118,211800,211.8,0.2118,158683.4518369953,586.0297078157072,0.0036930738588778346,3.693073858877835e+17,46,0.00028988529974286587,2.898852997428659e+26,537.2914976447126,12.065997616642566,24.273802949570136,0.0,0.0,12.398409604782,0.0033859327574789315,7.603815947385077e-05,0.0001529699705203348,0.0,0.0,7.813297140471863e-05,4425,1531,7544,0.1134074074074074,0.5588148148148148,1,0,0
flow,0.5,1.2,0,registered,during_vibration,flow_dump_0.5_1.2.shear.wave,2119,211900,211.9,0.21189999999999998,158683.45183699526,700.6129456338016,0.0044151607336692785,4.415160733669279e+17,60,0.00037811126053417294,3.78111260534173e+26,573.8818333821378,32.44454066158252,53.70786107874651,0.0,0.0,40.5787105113348,0.0036165197236297055,0.0002044607694500533,0.0003384591175513182,0.0,0.0,0.0002557211230382016,4584,1644,7272,0.12177777777777778,0.5386666666666666,1,0,0
flow,0.5,1.2,0,registered,during_vibration,flow_dump_0.5_1.2.shear.wave,2120,212000,212.0,0.212,158683.45183699526,795.7743151853581,0.0050148538235909,5.0148538235909e+17,69,0.0004348279496142989,4.3482794961429895e+26,659.9301178840267,19.648831812094357,73.37427420032,4.272112618627458,0.0,38.5489786702894,0.004158783478959912,0.00012382407607491592,0.00046239398847771734,2.6922231456219575e-05,0.0,0.00024293004862213454,4494,1634,7372,0.12103703703703704,0.546074074074074,1,0,0
flow,0.5,1.2,0,registered,during_vibration,flow_dump_0.5_1.2.shear.wave,2121,212100,212.1,0.21209999999999998,158683.45183699526,656.7841952917971,0.004138958333011731,4.138958333011731e+17,57,0.0003592056975074643,3.592056975074643e+26,587.2286674273598,0.0,62.03811023510976,0.0,0.0,7.517417629327431,0.0037006295277126943,0.0,0.0003909551343692555,0.0,0.0,4.737367092978015e-05,4245,1518,7737,0.11244444444444444,0.5731111111111111,1,0,0
flow,0.5,1.2,0,registered,during_vibration,flow_dump_0.5_1.2.shear.wave,2122,212200,212.20000000000002,0.2122,158683.4518369953,631.3913654493895,0.003978936418007688,3.9789364180076883e+17,53,0.0003339982801385194,3.339982801385194e+26,557.2970739065256,18.17191045260333,37.76062145772312,11.178913658861983,0.0,6.98284597367541,0.003512004985113375,0.00011451673279246596,0.0002379619362988904,7.044788558258312e-05,0.0,4.400487822037305e-05,4348,1473,7679,0.10911111111111112,0.5688148148148148,1,0,0
flow,0.5,1.2,0,registered,during_vibration,flow_dump_0.5_1.2.shear.wave,2123,212300,212.3,0.2123,158683.45183699526,782.8407307579434,0.004933348258406319,4.933348258406319e+17,74,0.00046633722132547996,4.6633722132548e+26,649.216992962427,28.548726547682158,64.49535246734881,0.0,0.0,40.579658780485744,0.004091270926153809,0.00017990991635982514,0.00040644031700041734,0.0,0.0,0.0002557270988922681,4591,1639,7270,0.12140740740740741,0.5385185185185185,1,0,0
flow,0.5,1.2,0,registered,during_vibration,flow_dump_0.5_1.2.shear.wave,2124,212400,212.4,0.21239999999999998,158683.45183699526,777.1154775615639,0.004897268546690313,4.8972685466903123e+17,66,0.0004159223865875903,4.159223865875903e+26,657.3402510357447,28.729289572957885,55.90512750002894,0.0,0.0,35.14080945283251,0.004142462515316252,0.0001810477982447063,0.0003523059704893267,0.0,0.0,0.000221452262640028,4576,1669,7255,0.12362962962962963,0.5374074074074074,1,0,0
flow,0.5,1.2,0,registered,during_vibration,flow_dump_0.5_1.2.shear.wave,2125,212500,212.5,0.2125,158683.45183699526,738.2181072100226,0.004652142984438882,4.652142984438882e+17,64,0.0004033186779031178,4.0331867790311785e+26,617.981913724062,0.0,69.39989869875939,0.0,0.0,50.83629478720124,0.003894432006425427,0.0,0.00043734805296553035,0.0,0.0,0.00032036292504792447,4370,1552,7578,0.11496296296296296,0.5613333333333334,1,0,0
flow,0.5,1.2,0,registered,during_vibration,flow_dump_0.5_1.2.shear.wave,2126,212600,212.6,0.21259999999999998,158683.4518369953,616.0591376898979,0.003882314951925381,3.882314951925381e+17,50,0.00031509271711181074,3.150927171118107e+26,539.6917928263553,9.615332945057206,22.905518298901942,6.496497986988693,0.0,37.349995632594634,0.0034010590680920143,6.059442767185569e-05,0.00014434723995310629,4.093998404863352e-05,0.0,0.00023537423215977017,4321,1513,7666,0.11207407407407408,0.5678518518518518,1,0,0
flow,0.5,1.2,0,registered,during_vibration,flow_dump_0.5_1.2.shear.wave,2127,212700,212.70000000000002,0.2127,158683.45183699526,636.2055847417992,0.004009274926760038,4.009274926760038e+17,51,0.000321394571454047,3.21394571454047e+26,523.7023861816637,26.793469335964197,53.04076710968585,0.0,0.0,32.66896211448538,0.0033002961563983846,0.00016884854107841887,0.00033425518852571364,0.0,0.0,0.00020587504075752014,4520,1624,7356,0.12029629629629629,0.5448888888888889,1,0,0
flow,0.5,1.2,0,registered,during_vibration,flow_dump_0.5_1.2.shear.wave,2128,212800,212.8,0.2128,158683.45183699526,764.6916342590303,0.004818975295826978,4.818975295826978e+17,65,0.00040962053224535404,4.096205322453541e+26,636.1644430551868,12.075408618698052,74.76253343635821,0.0,0.0,41.689249148787155,0.004009015657843612,7.609746623801895e-05,0.00047114259597249425,0.0,0.0,0.00026271957577285183,4498,1613,7389,0.11948148148148148,0.5473333333333333,1,0,0
flow,0.5,1.2,0,registered,during_vibration,flow_dump_0.5_1.2.shear.wave,2129,212900,212.9,0.21289999999999998,158683.45183699526,683.0592392958134,0.004304539833160888,4.3045398331608877e+17,57,0.0003592056975074643,3.592056975074643e+26,638.4070669464771,0.0,44.65217234933611,0.0,0.0,0.0,0.0040231483469509435,0.0,0.0002813914862099437,0.0,0.0,0.0,4291,1563,7646,0.11577777777777777,0.5663703703703704,1,0,0
flow,0.5,1.2,0,registered,during_vibration,flow_dump_0.5_1.2.shear.wave,2130,213000,213.0,0.213,158683.4518369953,590.5279374058543,0.0037214210465528787,3.721421046552879e+17,53,0.0003339982801385194,3.339982801385194e+26,523.016140125285,15.767010859275246,40.71674598503848,0.0,2.9324310294574087,8.095609406798328,0.003295971533708152,9.936140584760926e-05,0.0002565910024875437,0.0,1.8479753216294387e-05,5.101735129328039e-05,4216,1477,7807,0.10940740740740741,0.5782962962962963,1,0,0
flow,0.5,1.2,0,registered,during_vibration,flow_dump_0.5_1.2.shear.wave,2131,213100,213.1,0.21309999999999998,158683.45183699526,791.665393537713,0.00498895999786378,4.98895999786378e+17,69,0.0004348279496142989,4.3482794961429895e+26,664.394701158865,26.02328972587353,56.21713786198929,3.682194337294012,0.0,41.348070453691406,0.004186918632456726,0.0001639949813582672,0.0003542722143436692,2.3204652373433876e-05,0.0,0.00026056951733168416,4495,1582,7423,0.11718518518518518,0.5498518518518518,1,0,0
flow,0.5,1.2,0,registered,during_vibration,flow_dump_0.5_1.2.shear.wave,2132,213200,213.20000000000002,0.2132,158683.45183699526,807.7311562063777,0.00509020409409864,5.0902040940986406e+17,76,0.0004789409300099524,4.789409300099524e+26,637.3379530848983,25.292056685258203,80.2916869959044,0.0,0.0,64.80945944031664,0.004016410947120008,0.0001593868572460789,0.0005059865163406113,0.0,0.0,0.00040841977339194134,4561,1698,7241,0.12577777777777777,0.5363703703703704,1,0,0
flow,0.5,1.2,0,registered,during_vibration,flow_dump_0.5_1.2.shear.wave,2133,213300,213.3,0.2133,158683.45183699526,690.874654228798,0.0043537914396926955,4.3537914396926957e+17,61,0.0003844131148764092,3.844131148764092e+26,579.9813852574007,0.0,62.33199934008027,5.541585140145202,0.0,43.01968449117179,0.003654958211100526,0.0,0.0003928071807015498,3.492226237829573e-05,0.0,0.0002711037855123229,4420,1618,7462,0.11985185185185185,0.5527407407407408,1,0,0
flow,0.5,1.2,0,registered,during_vibration,flow_dump_0.5_1.2.shear.wave,2134,213400,213.4,0.21339999999999998,158683.45183699526,600.6025499866464,0.0037849097875914915,3.784909787591492e+17,50,0.0003150927171118108,3.150927171118108e+26,493.33447020329135,15.180471539864332,43.8159377913274,5.518007370040862,0.0,42.75366308212257,0.0031089219732254145,9.566512049068733e-05,0.0002761216578294285,3.4773678705383447e-05,0.0,0.00026942735734057833,4251,1464,7785,0.10844444444444444,0.5766666666666667,1,0,0
flow,0.5,1.2,0,registered,during_vibration,flow_dump_0.5_1.2.shear.wave,2135,213500,213.5,0.2135,158683.45183699526,575.0254539324317,0.003623726653760446,3.623726653760446e+17,45,0.0002835834454006297,2.835834454006297e+26,511.3636929130734,15.701466148029024,25.850001700212722,0.0,0.0,22.110293171116616,0.0032225395086461985,9.894835262443165e-05,0.0001629029454612991,0.0,0.0,0.000139335847028517,4453,1543,7504,0.1142962962962963,0.5558518518518518,1,0,0
flow,0.5,1.2,0,registered,during_vibration,flow_dump_0.5_1.2.shear.wave,2136,213600,213.6,0.21359999999999998,158683.45183699526,730.029866523686,0.004600541884314416,4.6005418843144154e+17,61,0.0003844131148764092,3.844131148764092e+26,579.4577085279558,42.26115634687478,58.87212416030233,0.0,0.0,49.438877488553324,0.0036516580766291456,0.00026632365163247644,0.00037100355127627085,0.0,0.0,0.00031155660477652405,4537,1618,7345,0.11985185185185185,0.544074074074074,1,0,0
flow,0.5,1.2,0,registered,during_vibration,flow_dump_0.5_1.2.shear.wave,2137,213700,213.70000000000002,0.2137,158683.4518369953,820.8126803815549,0.005172641954025048,5.1726419540250477e+17,70,0.00044112980395653504,4.41129803956535e+26,704.281011045276,27.54372008197297,56.936241596211644,0.0,0.0,32.051707658094166,0.004438276347610184,0.0001735765119999202,0.0003588039013336965,0.0,0.0,0.00020198519308124645,4378,1624,7498,0.12029629629629629,0.5554074074074075,1,0,0
flow,0.5,1.2,0,registered,during_vibration,flow_dump_0.5_1.2.shear.wave,2138,213800,213.8,0.2138,158683.45183699526,654.3583314386397,0.0041236708923550365,4.123670892355037e+17,58,0.00036550755184970053,3.6550755184970054e+26,582.9844952228152,16.481312762962602,44.01707695234629,5.055863288357973,0.0,5.819583212157829,0.0036738833726762867,0.00010386283240102905,0.0002773892075246891,3.1861314017491364e-05,0.0,3.66741657355418e-05,4174,1495,7831,0.11074074074074074,0.5800740740740741,1,0,0
flow,0.5,1.2,0,registered,during_vibration,flow_dump_0.5_1.2.shear.wave,2139,213900,213.9,0.21389999999999998,158683.45183699526,690.1953687970753,0.004349510681845175,4.349510681845175e+17,54,0.00034030013448075566,3.403001344807557e+26,582.4798041774718,29.988898797305644,52.5052540930656,6.330541256472722,0.0,18.89087047275953,0.0036707028832207015,0.00018898567210468302,0.0003308804634966013,3.9894148905808136e-05,0.0,0.00011904751411738156,4379,1504,7617,0.11140740740740741,0.5642222222222222,1,0,0
flow,0.5,1.2,0,registered,during_vibration,flow_dump_0.5_1.2.shear.wave,2140,214000,214.0,0.214,158683.45183699526,842.1627621863327,0.005307187059753586,5.3071870597535866e+17,78,0.0004915446386944248,4.9154463869442485e+26,662.8114709801974,49.7069259624751,78.8672671067175,0.0,0.0,50.77709813694234,0.004176941346480531,0.00031324580721583777,0.0004970100296767712,0.0,0.0,0.0003199898763804446,4566,1677,7257,0.12422222222222222,0.5375555555555556,1,0,0
flow,0.5,1.2,0,registered,during_vibration,flow_dump_0.5_1.2.shear.wave,2141,214100,214.1,0.21409999999999998,158683.4518369953,773.0166090122775,0.0048714380741247355,4.8714380741247354e+17,67,0.0004222242409298264,4.222242409298264e+26,623.9568657170363,24.89251395911805,60.40363157055475,0.0,0.0,63.76359776556832,0.003932085283587004,0.0001568689971824437,0.000380654887899737,0.0,0.0,0.0004018289054555501,4482,1655,7363,0.12259259259259259,0.5454074074074075,1,0,0
flow,0.5,1.2,0,registered,during_vibration,flow_dump_0.5_1.2.shear.wave,2142,214200,214.20000000000002,0.2142,158683.45183699526,698.3684155377425,0.004401016031937149,4.401016031937149e+17,65,0.00040962053224535404,4.096205322453541e+26,574.1185948511155,22.76416360354797,55.89317887118355,0.0,0.0,45.59247821189567,0.003618011759921057,0.0001434564432523944,0.0003522306719707536,0.0,0.0,0.00028731715679294477,4279,1500,7721,0.1111111111111111,0.571925925925926,1,0,0
flow,0.5,1.2,0,registered,during_vibration,flow_dump_0.5_1.2.shear.wave,2143,214300,214.3,0.2143,158683.45183699526,603.2700171304847,0.003801719776994661,3.801719776994661e+17,51,0.000321394571454047,3.21394571454047e+26,534.3495532282413,8.75718304345316,23.288765422561024,0.0,4.610606621287898,32.26390881494115,0.003367393052283375,5.518649198814266e-05,0.00014676240750348683,0.0,2.905537135670619e-05,0.00020332245386295024,4368,1519,7613,0.11251851851851852,0.5639259259259259,1,0,0
flow,0.5,1.2,0,registered,during_vibration,flow_dump_0.5_1.2.shear.wave,2144,214400,214.4,0.21439999999999998,158683.45183699526,664.1795872455085,0.004185563015907765,4.185563015907765e+17,56,0.00035290384316522807,3.529038431652281e+26,524.4956400510896,47.33586036270657,62.34654922405719,0.0,0.0,30.001537607655035,0.003305295126739922,0.00029830369717020956,0.0003928988719510688,0.0,0.0,0.00018906532004656402,4549,1642,7309,0.12162962962962963,0.5414074074074074,1,0,0
flow,0.5,1.2,0,registered,during_vibration,flow_dump_0.5_1.2.shear.wave,2145,214500,214.5,0.2145,158683.4518369953,819.3294279856267,0.005163294713473135,5.1632947134731354e+17,71,0.00044743165829877127,4.4743165829877125e+26,649.2829867354255,53.85978905274595,80.74754268457929,0.0,0.0,35.439109512876,0.00409168680929874,0.0003394165455139736,0.0005088592524917201,0.0,0.0,0.00022333210616870238,4449,1621,7430,0.12007407407407407,0.5503703703703704,1,0,0
flow,0.5,1.2,0,registered,during_vibration,flow_dump_0.5_1.2.shear.wave,2146,214600,214.6,0.21459999999999999,158683.45183699526,672.2523699852235,0.0042364365168699675,4.2364365168699674e+17,60,0.00037811126053417294,3.78111260534173e+26,598.7050055561394,0.0,55.68260370670104,0.0,0.0,17.864760722382826,0.003772951738982515,0.0,0.00035090365795609234,0.0,0.0,0.00011258111993135921,4208,1520,7772,0.11259259259259259,0.5757037037037037,1,0,0
flow,0.5,1.2,0,registered,during_vibration,flow_dump_0.5_1.2.shear.wave,2147,214700,214.70000000000002,0.2147,158683.45183699526,646.6764484233001,0.004075260784518269,4.075260784518269e+17,50,0.0003150927171118108,3.150927171118108e+26,575.9845141342722,19.640681542458918,34.54530830365659,6.832838543122069,0.0,9.67310589979043,0.0036297705114578804,0.00012377271426282344,0.0002176995011372871,4.305955324277279e-05,0.0,6.095850441750508e-05,4309,1494,7697,0.11066666666666666,0.5701481481481482,1,0,0
flow,0.5,1.2,0,registered,during_vibration,flow_dump_0.5_1.2.shear.wave,2148,214800,214.8,0.2148,158683.45183699526,785.6375111885716,0.004950973161307354,4.9509731613073536e+17,66,0.0004159223865875903,4.159223865875903e+26,637.7314703654108,55.80962314041136,50.1711272579413,0.0,0.0,41.92529042480821,0.004018890835702951,0.00035170411592596814,0.0003161711361653432,0.0,0.0,0.00026420707351309207,4561,1650,7289,0.12222222222222222,0.5399259259259259,1,0,0
flow,0.5,1.2,0,registered,during_vibration,flow_dump_0.5_1.2.shear.wave,2149,214900,214.9,0.21489999999999998,158683.4518369953,802.0153316333199,0.005054183800193454,5.054183800193454e+17,75,0.00047263907566771614,4.726390756677161e+26,634.0926278274895,30.114381826161864,57.86647864697301,0.0,0.0,79.94184333269558,0.003995959380054637,0.0001897764478749575,0.0003646661197313461,0.0,0.0,0.0005037818525325149,4554,1668,7278,0.12355555555555556,0.5391111111111111,1,0,0
flow,0.5,1.2,0,registered,during_vibration,flow_dump_0.5_1.2.shear.wave,2150,215000,215.0,0.215,158683.45183699526,769.5781367723303,0.004849769322908766,4.849769322908766e+17,73,0.0004600353669832438,4.600353669832438e+26,631.2764239629754,28.839471777459785,63.5995317251717,5.345922819824413,0.0,40.51678648689892,0.003978212073502427,0.00018174215044858375,0.00040079498516646327,3.368922693537015e-05,0.0,0.0002553308868559216,4332,1563,7605,0.11577777777777777,0.5633333333333334,1,0,0
flow,0.5,1.2,0,registered,during_vibration,flow_dump_0.5_1.2.shear.wave,2151,215100,215.1,0.21509999999999999,158683.45183699526,551.1409211126589,0.0034732098068978776,3.473209806897878e+17,44,0.0002772815910583935,2.772815910583935e+26,480.87268476210096,10.644267091304044,24.19422161580983,5.546806870926181,0.0,29.882940772518047,0.003030389616530833,6.707862078925645e-05,0.0001524684605466165,3.495516896509183e-05,0.0,0.00018831794006608053,4313,1505,7682,0.11148148148148149,0.569037037037037,1,0,0
flow,0.5,1.2,0,registered,during_vibration,flow_dump_0.5_1.2.shear.wave,2152,215200,215.20000000000002,0.2152,158683.45183699526,628.9140008605447,0.003963324427216175,3.963324427216175e+17,49,0.00030879086276957456,3.0879086276957458e+26,513.6955288271408,45.953144541927244,46.576801074676666,0.0,0.0,22.688526416799927,0.0032372343989266468,0.00028959002347095266,0.0002935202160999236,0.0,0.0,0.00014297978871865172,4496,1632,7372,0.12088888888888889,0.546074074074074,1,0,0
flow,0.5,1.2,0,registered,during_vibration,flow_dump_0.5_1.2.shear.wave,2153,215300,215.3,0.2153,158683.45183699526,774.2192574248952,0.004879016989245974,4.8790169892459744e+17,70,0.00044112980395653514,4.411298039565352e+26,594.2074521883484,44.87040828877099,76.06430753921296,0.0,0.0,59.077089408563054,0.003744608812762262,0.00028276677731250337,0.00047934618675518013,0.0,0.0,0.00037229521241603027,4489,1624,7387,0.12029629629629629,0.5471851851851852,1,0,0
flow,0.5,1.2,0,registered,during_vibration,flow_dump_0.5_1.2.shear.wave,2154,215400,215.4,0.21539999999999998,158683.45183699526,682.4251517841477,0.00430054390602214,4.3005439060221395e+17,61,0.0003844131148764092,3.844131148764092e+26,616.589800529753,16.118974696650803,38.80535182244698,0.0,0.0,10.911024735296968,0.003885659111846986,0.00010157943068448455,0.00024454567488429156,0.0,0.0,6.875968860637796e-05,4299,1564,7637,0.11585185185185186,0.5657037037037037,1,0,0
flow,0.5,1.2,0,registered,during_vibration,flow_dump_0.5_1.2.shear.wave,2155,215500,215.5,0.2155,158683.45183699526,642.5700469700915,0.004049382840689401,4.049382840689401e+17,54,0.00034030013448075566,3.403001344807557e+26,563.0398548187502,19.702990098462607,42.83966144147888,4.323570086148292,0.0,12.663970525251411,0.0035481951539415896,0.00012416537370703374,0.0002699693064749131,2.7246508921356225e-05,0.0,7.980649764450705e-05,4194,1480,7826,0.10962962962962963,0.5797037037037037,1,0,0
flow,0.5,1.2,0,registered,during_vibration,flow_dump_0.5_1.2.shear.wave,2156,215600,215.6,0.21559999999999999,158683.45183699526,753.7371219748624,0.004749941555021914,4.749941555021914e+17,65,0.00040962053224535404,4.096205322453541e+26,623.0212547809306,29.66981420789114,62.8979436695799,0.0,0.0,38.148109316460804,0.003926189199746663,0.00018697484749934055,0.000396373679431871,0.0,0.0,0.00024040382834404037,4471,1603,7426,0.11874074074074074,0.550074074074074,1,0,0
flow,0.5,1.2,0,registered,during_vibration,flow_dump_0.5_1.2.shear.wave,2157,215700,215.70000000000002,0.2157,158683.45183699526,792.4541506238979,0.004993930630132324,4.993930630132324e+17,71,0.0004474316582987713,4.474316582987713e+26,642.3132238428834,31.870326894342302,66.24848504900469,0.0,0.0,52.02211483766746,0.004047764378750017,0.0002008421579275987,0.0004174883031726412,0.0,0.0,0.00032783579028206576,4586,1691,7223,0.12525925925925926,0.5350370370370371,1,0,0
flow,0.5,1.2,0,registered,during_vibration,flow_dump_0.5_1.2.shear.wave,2158,215800,215.8,0.2158,158683.45183699526,759.5925888331386,0.004786841854268563,4.786841854268563e+17,69,0.0004348279496142989,4.3482794961429895e+26,632.6115040269319,23.542315894547052,62.08501404766676,11.510340395809862,0.0,29.84341446818317,0.003986625553600704,0.000148360245646348,0.00039125071536408524,7.253648860395131e-05,0.0,0.00018806885105347523,4394,1615,7491,0.11962962962962963,0.5548888888888889,1,0,0
flow,0.5,1.2,0,registered,during_vibration,flow_dump_0.5_1.2.shear.wave,2159,215900,215.9,0.21589999999999998,158683.45183699526,596.3082829056891,0.0037578479419406387,3.757847941940639e+17,49,0.00030879086276957456,3.0879086276957458e+26,505.0790677699065,14.751202948916813,43.27334999803675,7.979738710068981,3.8031653819001603,21.421758096859996,0.003182934716398405,9.295993235683909e-05,0.0002727023485882354,5.0287151039958625e-05,2.3966994276169983e-05,0.00013499679928103098,4257,1459,7784,0.10807407407407407,0.5765925925925925,1,0,0
flow,0.5,1.2,0,registered,during_vibration,flow_dump_0.5_1.2.shear.wave,2160,216000,216.0,0.216,158683.4518369953,597.3054439011219,0.0037641319052896145,3.764131905289615e+17,47,0.0002961871540851021,2.961871540851021e+26,515.8521505644734,38.14510729377358,33.05708134337263,0.0,0.0,10.251104699502362,0.0032508251149866163,0.00024038491003433333,0.00020832091160538857,0.0,0.0,6.460096866327703e-05,4434,1561,7505,0.11562962962962962,0.5559259259259259,1,0,0
flow,0.5,1.2,0,registered,during_vibration,flow_dump_0.5_1.2.shear.wave,2161,216100,216.1,0.2161,158683.45183699526,744.756027613542,0.004693344006522994,4.6933440065229946e+17,65,0.00040962053224535404,4.096205322453541e+26,574.0496392680049,52.58967078848167,65.45417223063413,0.0,0.0,52.66254532642152,0.00361757721188021,0.0003314124452151663,0.00041248265948909884,0.0,0.0,0.000331871689938521,4506,1631,7363,0.12081481481481482,0.5454074074074075,1,0,0
flow,0.5,1.2,0,registered,during_vibration,flow_dump_0.5_1.2.shear.wave,2162,216200,216.20000000000002,0.2162,158683.45183699526,806.9932283947886,0.005085553780514921,5.0855537805149216e+17,71,0.0004474316582987713,4.474316582987713e+26,678.0800209879085,24.657320910548304,58.80143964247634,0.0,0.0,45.45444685385521,0.004273161524646275,0.00015538684484805068,0.0003705581077406803,0.0,0.0,0.00028644730327991274,4365,1619,7516,0.11992592592592592,0.5567407407407408,1,0,0
flow,0.5,1.2,0,registered,during_vibration,flow_dump_0.5_1.2.shear.wave,2163,216300,216.3,0.2163,158683.45183699526,662.1138630322836,0.004172545122804791,4.172545122804791e+17,60,0.00037811126053417294,3.78111260534173e+26,600.5190420608208,0.0,42.42024457352089,5.429882300566575,0.0,13.74469409737549,0.003784383532806516,0.0,0.0002673262024643649,3.421832735365705e-05,0.0,8.661706018025421e-05,4176,1517,7807,0.11237037037037037,0.5782962962962963,1,0,0
flow,0.5,1.2,0,registered,during_vibration,flow_dump_0.5_1.2.shear.wave,2164,216400,216.4,0.21639999999999998,158683.4518369953,676.6228678319073,0.004263978757702826,4.2639787577028256e+17,53,0.0003339982801385194,3.339982801385194e+26,549.0446636027715,32.02015989492425,57.4979397353527,6.145387307076071,0.0,31.914717291783063,0.0034599994974067474,0.00020178638367292627,0.0003623436411908686,3.8727335685820656e-05,0.0,0.0002011218997464643,4360,1539,7601,0.114,0.563037037037037,1,0,0
flow,0.5,1.2,0,registered,during_vibration,flow_dump_0.5_1.2.shear.wave,2165,216500,216.5,0.2165,158683.45183699526,828.9039132446259,0.005223631724977237,5.223631724977237e+17,76,0.0004789409300099524,4.789409300099524e+26,606.6830120273644,65.33138512801057,75.51154156151584,0.0,0.0,81.37797452773506,0.0038232279737055925,0.00041170887305325995,0.00047586273607838907,0.0,0.0,0.0005128321421399954,4580,1706,7214,0.12637037037037038,0.5343703703703704,1,0,0
flow,0.5,1.2,0,registered,during_vibration,flow_dump_0.5_1.2.shear.wave,2166,216600,216.6,0.2166,158683.45183699526,742.434714444444,0.004678715429048625,4.6787154290486246e+17,66,0.0004159223865875903,4.159223865875903e+26,600.6168835533783,19.498517448758996,61.64314305394616,0.0,0.0,60.676170388360546,0.003785000115641241,0.0001228768168516305,0.0003884661087235989,0.0,0.0,0.00038237238783215443,4491,1670,7339,0.1237037037037037,0.5436296296296297,1,0,0
flow,0.5,1.2,0,registered,during_vibration,flow_dump_0.5_1.2.shear.wave,2167,216700,216.70000000000002,0.2167,158683.45183699526,780.1764646814523,0.00491655844166331,4.91655844166331e+17,64,0.0004033186779031178,4.0331867790311785e+26,644.7026678075746,12.734394579367855,76.20406963413586,4.000291041717688,0.0,42.535041618656074,0.004062822306574437,8.025029977573864e-05,0.00048022694711995006,2.5209251471457246e-05,0.0,0.00026804963672172593,4275,1488,7737,0.11022222222222222,0.5731111111111111,1,0,0
flow,0.5,1.2,0,registered,during_vibration,flow_dump_0.5_1.2.shear.wave,2168,216800,216.8,0.2168,158683.4518369953,615.8719461667284,0.003881135298212266,3.881135298212266e+17,48,0.00030248900842733833,3.0248900842733832e+26,560.4862267549541,27.356798333489287,12.867649644698153,0.0,0.0,15.161271433587054,0.0035321025618392995,0.0001723985583675799,8.109005378781535e-05,0.0,0.0,9.554412421757246e-05,4381,1534,7585,0.11362962962962964,0.5618518518518518,1,0,0
flow,0.5,1.2,0,registered,during_vibration,flow_dump_0.5_1.2.shear.wave,2169,216900,216.9,0.21689999999999998,158683.45183699526,752.6529887488224,0.0047431095053438324,4.743109505343832e+17,64,0.0004033186779031178,4.0331867790311785e+26,606.5210997659474,49.181886626446044,49.76621420983106,0.0,0.0,47.183788146597884,0.0038222076262179206,0.00030993708579623826,0.00031361943311488153,0.0,0.0,0.00029734536021479155,4516,1674,7310,0.124,0.5414814814814815,1,0,0
flow,0.5,1.2,0,registered,during_vibration,flow_dump_0.5_1.2.shear.wave,2170,217000,217.0,0.217,158683.45183699526,804.5720524767622,0.005070295882542588,5.070295882542588e+17,70,0.00044112980395653514,4.411298039565352e+26,650.5817396284526,48.92253775540356,70.5458079904366,0.0,0.0,34.52196710246927,0.0040998713608571555,0.00030830270698710513,0.0004445694064110952,0.0,0.0,0.00021755240828723175,4433,1625,7442,0.12037037037037036,0.5512592592592592,1,0,0
flow,0.5,1.2,0,registered,during_vibration,flow_dump_0.5_1.2.shear.wave,2171,217100,217.1,0.2171,158683.45183699526,690.7500726767717,0.004353006344898095,4.353006344898095e+17,61,0.0003844131148764092,3.844131148764092e+26,599.3520627662593,16.48981279636019,53.3928695068238,0.0,0.0,21.515327607328064,0.0037770293992717844,0.00010391639837340479,0.0003364740865460292,0.0,0.0,0.0001355864607068751,4197,1517,7786,0.11237037037037037,0.5767407407407408,1,0,0
flow,0.5,1.2,0,registered,during_vibration,flow_dump_0.5_1.2.shear.wave,2172,217200,217.20000000000002,0.21719999999999998,158683.45183699526,630.0797792471808,0.003970670992804083,3.9706709928040826e+17,49,0.00030879086276957456,3.0879086276957458e+26,547.9334148102859,16.5281941962255,36.82915070389291,5.7689314517125885,0.0,23.02008808506386,0.0034529965693785177,0.00010415827236480709,0.0002320919432841995,3.6354965719038054e-05,0.0,0.00014506924205751986,4269,1498,7733,0.11096296296296296,0.5728148148148148,1,0,0
flow,0.5,1.2,0,registered,during_vibration,flow_dump_0.5_1.2.shear.wave,2173,217300,217.3,0.2173,158683.45183699526,774.7098332419156,0.00488210852658866,4.8821085265886605e+17,69,0.0004348279496142989,4.3482794961429895e+26,612.0160987307061,46.996798579454605,50.195813201084185,0.0,0.0,65.50112273067029,0.0038568363093045687,0.0002961669791991368,0.00031632670338333033,0.0,0.0,0.0004127785347016219,4543,1671,7286,0.12377777777777778,0.5397037037037037,1,0,0
flow,0.5,1.2,0,registered,during_vibration,flow_dump_0.5_1.2.shear.wave,2174,217400,217.4,0.21739999999999998,158683.45183699526,777.3430273344434,0.004898702532214608,4.898702532214608e+17,72,0.00045373351264100755,4.5373351264100753e+26,630.4176637227446,36.055399914106985,57.56447480916812,0.0,0.0,53.305488888423895,0.003972800291553589,0.0002272158785097784,0.0003627629355347034,0.0,0.0,0.0003359234266165385,4539,1653,7308,0.12244444444444444,0.5413333333333333,1,0,0
flow,0.5,1.2,0,registered,during_vibration,flow_dump_0.5_1.2.shear.wave,2175,217500,217.5,0.2175,158683.45183699526,708.1001915533764,0.004462344266878941,4.462344266878941e+17,60,0.00037811126053417294,3.78111260534173e+26,590.7402602668268,27.901874204005487,69.05110160161941,0.0,0.0,20.406955480924715,0.003722759074296255,0.00017583354710904063,0.0004351499844643594,0.0,0.0,0.00012860166100928656,4306,1574,7620,0.1165925925925926,0.5644444444444444,1,0,0
flow,0.5,1.2,0,registered,during_vibration,flow_dump_0.5_1.2.shear.wave,2176,217600,217.6,0.2176,158683.45183699526,543.9223316412549,0.0034277193074926894,3.427719307492689e+17,43,0.0002709797367161573,2.709797367161573e+26,488.8928242964571,6.251574064610022,17.25780976299621,0.0,0.0,31.520123517191415,0.0030809313676807555,3.939650916487398e-05,0.00010875620339242423,0.0,0.0,0.00019863522725463458,4292,1526,7682,0.11303703703703703,0.569037037037037,1,0,0
flow,0.5,1.2,0,registered,during_vibration,flow_dump_0.5_1.2.shear.wave,2177,217700,217.70000000000002,0.21769999999999998,158683.45183699526,634.669055465171,0.003999591943066146,3.9995919430661466e+17,50,0.0003150927171118108,3.150927171118108e+26,515.4053413890051,38.9138495393356,49.34531364490351,0.0,0.0,31.00455089192674,0.003248009388644041,0.00024522941169258884,0.0003109669790621432,0.0,0.0,0.00019538616366737227,4488,1638,7374,0.12133333333333333,0.5462222222222223,1,0,0
flow,0.5,1.2,0,registered,during_vibration,flow_dump_0.5_1.2.shear.wave,2178,217800,217.8,0.2178,158683.45183699526,792.7155125972196,0.004995577695218796,4.995577695218796e+17,73,0.0004600353669832438,4.600353669832438e+26,619.7660781294279,42.81843166203234,77.93380893381314,5.312766682726209,0.0,46.88442718921989,0.003905675550630645,0.00026983551949712317,0.0004911275122365579,3.3480281788826056e-05,0.0,0.0002954588310656431,4476,1625,7399,0.12037037037037036,0.548074074074074,1,0,0
flow,0.5,1.2,0,registered,during_vibration,flow_dump_0.5_1.2.shear.wave,2179,217900,217.9,0.21789999999999998,158683.4518369953,692.4477885329021,0.004363705102937933,4.3637051029379334e+17,60,0.0003781112605341729,3.781112605341729e+26,595.8234278403669,15.502968447351817,63.84231034472726,0.0,0.0,17.279081900456134,0.003754792455941882,9.769744902749507e-05,0.0004023249406643115,0.0,0.0,0.00010889025730424468,4284,1585,7631,0.1174074074074074,0.5652592592592592,1,0,0
flow,0.5,1.2,0,registered,during_vibration,flow_dump_0.5_1.2.shear.wave,2180,218000,218.0,0.218,158683.45183699526,600.2079857587208,0.0037824233012984476,3.7824233012984474e+17,51,0.000321394571454047,3.21394571454047e+26,524.5518436170727,25.496779206797765,41.06872648033999,0.0,0.0,9.090636454510065,0.003305649313426262,0.00016067698875739655,0.00025880913230024203,0.0,0.0,5.728786681454509e-05,4187,1515,7798,0.11222222222222222,0.5776296296296296,1,0,0
flow,0.5,1.2,0,registered,during_vibration,flow_dump_0.5_1.2.shear.wave,2181,218100,218.1,0.2181,158683.45183699526,776.2549183976072,0.004891845428186181,4.8918454281861805e+17,66,0.0004159223865875903,4.159223865875903e+26,630.2471296569875,49.46893307657179,60.28262934408025,0.0,0.0,36.25622631996743,0.003971725610710798,0.0003117460107143867,0.00037989234949340844,0.0,0.0,0.00022848145726758574,4441,1628,7431,0.1205925925925926,0.5504444444444444,1,0,0
flow,0.5,1.2,0,registered,during_vibration,flow_dump_0.5_1.2.shear.wave,2182,218200,218.20000000000002,0.21819999999999998,158683.45183699526,906.2563635699607,0.00571109559994256,5.71109559994256e+17,87,0.0005482613277745507,5.4826132777455075e+26,729.4402851520479,34.40052196491066,44.86150268136722,0.0,0.0,97.55405377163501,0.004596826428387457,0.00021678707871976456,0.00028271065547181564,0.0,0.0,0.0006147714373635234,4567,1704,7229,0.12622222222222224,0.5354814814814814,1,0,0
flow,0.5,1.2,0,registered,during_vibration,flow_dump_0.5_1.2.shear.wave,2183,218300,218.3,0.2183,158683.4518369953,736.95953231538,0.004644211628774047,4.6442116287740474e+17,67,0.0004222242409298264,4.222242409298264e+26,609.6651716458722,24.137635395788042,63.78685632435439,4.752169793691561,0.0,34.61769915567382,0.003842021109246727,0.00015211186243026142,0.0004019754775052303,2.994748184941894e-05,0.0,0.00021815569774241,4377,1625,7498,0.12037037037037036,0.5554074074074075,1,0,0
flow,0.5,1.2,0,registered,during_vibration,flow_dump_0.5_1.2.shear.wave,2184,218400,218.4,0.21839999999999998,158683.45183699526,587.9390758528912,0.00370510641813389,3.70510641813389e+17,49,0.00030879086276957456,3.0879086276957458e+26,501.8424830183696,7.852137921078416,38.83913929246523,5.059927467792296,0.0,34.34538815318573,0.0031625382307279167,4.948302945378567e-05,0.0002447585985989392,3.188692588430718e-05,0.0,0.0002164396334689418,4233,1468,7799,0.10874074074074074,0.5777037037037037,1,0,0
flow,0.5,1.2,0,registered,during_vibration,flow_dump_0.5_1.2.shear.wave,2185,218500,218.5,0.2185,158683.45183699526,634.5532630746142,0.003998862236286917,3.998862236286917e+17,51,0.000321394571454047,3.21394571454047e+26,538.5484061416241,33.76109954055852,26.667080889595766,0.0,0.0,35.576676502835795,0.0033938536117479874,0.00021275753173833782,0.0001680520594988635,0.0,0.0,0.0002241990333017289,4442,1563,7495,0.11577777777777777,0.5551851851851852,1,0,0
flow,0.5,1.2,0,registered,during_vibration,flow_dump_0.5_1.2.shear.wave,2186,218600,218.6,0.2186,158683.45183699526,765.380461741642,0.004823316186289326,4.823316186289326e+17,67,0.00042222424092982645,4.2222424092982644e+26,608.5609791761115,48.661596863422936,59.1255516226,0.0,0.0,49.03233407950756,0.0038350626491365013,0.00030665829549391007,0.00037260061422999337,0.0,0.0,0.00030899462742892147,4496,1624,7380,0.12029629629629629,0.5466666666666666,1,0,0
flow,0.5,1.2,0,registered,during_vibration,flow_dump_0.5_1.2.shear.wave,2187,218700,218.70000000000002,0.21869999999999998,158683.4518369953,782.8974729897109,0.004933705839685969,4.933705839685969e+17,67,0.0004222242409298264,4.222242409298264e+26,674.6047317247492,21.63980254856153,61.07343895691706,0.0,0.0,25.579499759483006,0.004251260757912707,0.00013637088365578678,0.0003848759164859462,0.0,0.0,0.0001611982816315282,4351,1620,7529,0.12,0.5577037037037037,1,0,0
flow,0.5,1.2,0,registered,during_vibration,flow_dump_0.5_1.2.shear.wave,2188,218800,218.8,0.2188,158683.45183699526,672.9330114861335,0.004240725820467984,4.240725820467984e+17,58,0.00036550755184970053,3.6550755184970054e+26,594.1143756965295,11.402488618780083,48.08957255801626,4.904694514041306,0.0,14.421880098766266,0.0037440222582681326,7.18568224145583e-05,0.0003030534816410183,3.090867042065335e-05,0.0,9.088458772362027e-05,4135,1508,7857,0.11170370370370371,0.582,1,0,0
flow,0.5,1.2,0,registered,during_vibration,flow_dump_0.5_1.2.shear.wave,2189,218900,218.9,0.21889999999999998,158683.45183699526,682.6955601769884,0.00430224798032674,4.3022479803267405e+17,52,0.00032769642579628326,3.276964257962832e+26,573.4987052329076,30.47568809392391,57.832097324324764,0.0,0.0,20.889069525832152,0.0036141053058388463,0.00019205334734733094,0.00036444945364392346,0.0,0.0,0.00013163987349663957,4329,1537,7634,0.11385185185185186,0.5654814814814815,1,0,0
flow,0.5,1.2,0,registered,during_vibration,flow_dump_0.5_1.2.shear.wave,2190,219000,219.0,0.219,158683.45183699526,880.9197541687862,0.005551427977970225,5.551427977970225e+17,81,0.0005104502017211335,5.104502017211335e+26,658.5081668101049,69.19924577438962,71.53328906617077,0.0,0.0,81.6790525181212,0.0041498225504102695,0.0004360835674628084,0.00045079236831608666,0.0,0.0,0.000514729491781062,4571,1686,7243,0.12488888888888888,0.5365185185185185,1,0,0
flow,0.5,1.2,0,registered,during_vibration,flow_dump_0.5_1.2.shear.wave,2191,219100,219.1,0.2191,158683.4518369953,744.5012928925673,0.004691738705415501,4.6917387054155014e+17,64,0.00040331867790311776,4.033186779031178e+26,614.3221638227994,21.037521569648835,58.77947826855606,0.0,0.0,50.36212923156303,0.003871368795618656,0.00013257539665357954,0.00037041971036107924,0.0,0.0,0.0003173748027821869,4476,1664,7360,0.12325925925925926,0.5451851851851852,1,0,0
flow,0.5,1.2,0,registered,during_vibration,flow_dump_0.5_1.2.shear.wave,2192,219200,219.20000000000002,0.21919999999999998,158683.45183699526,780.497579322903,0.0049185820593608915,4.9185820593608915e+17,69,0.0004348279496142989,4.3482794961429895e+26,630.797482548498,12.181509497632165,78.69042685018887,4.185007489922217,0.0,54.643152936661515,0.0039751938544699255,7.676609852264496e-05,0.0004958956081382841,2.6373307622657412e-05,0.0,0.000344353190607378,4234,1470,7796,0.10888888888888888,0.5774814814814815,1,0,0
flow,0.5,1.2,0,registered,during_vibration,flow_dump_0.5_1.2.shear.wave,2193,219300,219.3,0.2193,158683.45183699526,599.029219413978,0.0037749948874903484,3.774994887490348e+17,50,0.0003150927171118108,3.150927171118108e+26,560.0505617646281,5.476618492781254,13.449606420631127,0.0,0.0,20.05243273593775,0.0035293570645282537,3.451285202950471e-05,8.475746062322236e-05,0.0,0.0,0.00012636751030936896,4382,1507,7611,0.11162962962962963,0.5637777777777778,1,0,0
flow,0.5,1.2,0,registered,during_vibration,flow_dump_0.5_1.2.shear.wave,2194,219400,219.4,0.21939999999999998,158683.45183699526,675.418167521899,0.0042563869118231075,4.256386911823107e+17,54,0.00034030013448075566,3.403001344807557e+26,557.1536400080032,47.670538325348595,44.96485649457832,0.0,0.0,25.62913269396878,0.0035111010855771486,0.000300412788942336,0.0002833619761483867,0.0,0.0,0.00016151106115523534,4514,1645,7341,0.12185185185185185,0.5437777777777778,1,0,0
flow,0.5,1.2,0,registered,during_vibration,flow_dump_0.5_1.2.shear.wave,2195,219500,219.5,0.2195,158683.45183699526,821.3341080632789,0.005175927915325284,5.175927915325284e+17,71,0.0004474316582987713,4.474316582987713e+26,675.5151517224676,41.16473698025439,68.54670329254134,0.0,0.0,36.10751606801555,0.004256998092128589,0.00025941417648602785,0.00043197133979007917,0.0,0.0,0.00022754430692058773,4426,1627,7447,0.12051851851851852,0.5516296296296296,1,0,0
flow,0.5,1.2,0,registered,during_vibration,flow_dump_0.5_1.2.shear.wave,2196,219600,219.6,0.2196,158683.45183699526,708.011655848049,0.0044617863277598814,4.4617863277598816e+17,62,0.0003907149692186454,3.907149692186454e+26,610.9781678936498,15.38553405884047,53.828107092958746,5.884490895312007,0.0,21.93535590728807,0.0038502954203521247,9.695739461632702e-05,0.00033921689041811813,3.708320450047145e-05,0.0,0.00013823341787284015,4196,1533,7771,0.11355555555555556,0.5756296296296296,1,0,0
flow,0.5,1.2,0,registered,during_vibration,flow_dump_0.5_1.2.shear.wave,2197,219700,219.70000000000002,0.21969999999999998,158683.45183699526,638.7059718825193,0.004025032002320057,4.025032002320057e+17,49,0.00030879086276957456,3.0879086276957458e+26,565.0655486212253,25.844410416878844,43.440492878418006,0.0,0.0,4.35551996599696,0.003560960781226758,0.00016286771000814283,0.00027375565867473995,0.0,0.0,2.7447852410414477e-05,4252,1519,7729,0.11251851851851852,0.5725185185185185,1,0,0
flow,0.5,1.2,0,registered,during_vibration,flow_dump_0.5_1.2.shear.wave,2198,219800,219.8,0.2198,158683.4518369953,756.6114331147645,0.004768055045159844,4.768055045159844e+17,65,0.000409620532245354,4.09620532245354e+26,626.6574255695517,54.71300330422985,40.19376486328245,0.0,0.0,35.04723937770046,0.003949103818420047,0.00034479337744954523,0.0002532952516344979,0.0,0.0,0.0002208625976557537,4537,1652,7311,0.12237037037037037,0.5415555555555556,1,0,0
flow,0.5,1.2,0,registered,during_vibration,flow_dump_0.5_1.2.shear.wave,2199,219900,219.9,0.21989999999999998,158683.45183699526,817.186541980921,0.005149790557999465,5.149790557999465e+17,76,0.0004789409300099524,4.789409300099524e+26,663.6010320665793,24.14248940372596,63.90122009870609,0.0,0.0,65.54180041190943,0.004181917045441207,0.00015214245168126227,0.00040269618135322315,0.0,0.0,0.0004130348795237709,4528,1656,7316,0.12266666666666666,0.5419259259259259,1,0,0
flow,0.5,1.2,0,registered,during_vibration,flow_dump_0.5_1.2.shear.wave,2200,220000,220.0,0.22,158683.45183699526,701.8350660689182,0.004422862358640054,4.422862358640054e+17,66,0.0004159223865875903,4.159223865875903e+26,576.7887561017313,15.631148220259929,72.42069975351231,3.23390318818455,0.0,33.76055880522994,0.0036348387271927214,9.850521928598293e-05,0.0004563847012094568,2.037958684883235e-05,0.0,0.00021275412410305943,4302,1548,7650,0.11466666666666667,0.5666666666666667,1,0,0
flow,0.5,1.2,0,registered,after_removal,flow_dump_0.5_1.2.shear.wave,2240,224000,224.0,0.22399999999999998,158683.4518369953,1186.729408936048,0.00747859587876305,7.47859587876305e+17,98,0.000617581725539149,6.17581725539149e+26,1078.0137107872263,14.528274299466142,43.494614295071024,18.224375995337297,0.0,32.46843355894771,0.006793485384314657,9.155506847928951e-05,0.0002740967239592827,0.00011484736300076178,0.0,0.00020461133900906265,4971,2428,6101,0.17985185185185185,0.45192592592592595,0,0,0
flow,0.5,1.2,0,registered,after_removal,flow_dump_0.5_1.2.shear.wave,2245,224500,224.5,0.22449999999999998,158683.45183699526,1206.6945582003098,0.007604413341347435,7.604413341347434e+17,108,0.0006806002689615113,6.806002689615113e+26,1061.3746116634563,7.677037192802977,59.182729024105896,44.227571953248145,0.0,34.23260836669665,0.00668862820525063,4.837957016897437e-05,0.00037296093788595107,0.0002787157163601415,0.0,0.00021572891168173913,4977,2441,6082,0.18081481481481482,0.45051851851851854,0,0,0
flow,0.5,1.2,0,registered,after_removal,flow_dump_0.5_1.2.shear.wave,2250,225000,225.0,0.22499999999999998,158683.45183699526,1210.110832239153,0.0076259422027333875,7.625942202733388e+17,113,0.0007121095406726924,7.121095406726925e+26,1044.7784651365791,1.7251389528349632,75.29016293405877,37.49508727152898,0.0,50.821977944151435,0.006584041707195841,1.0871574400883851e-05,0.00047446764021367044,0.0002362885785346108,0.0,0.0003202727023883839,4986,2454,6060,0.1817777777777778,0.4488888888888889,0,0,0
flow,0.5,1.2,0,registered,after_removal,flow_dump_0.5_1.2.shear.wave,2255,225500,225.5,0.22549999999999998,158683.4518369953,1372.1984347545404,0.008647394664467638,8.647394664467638e+17,114,0.0007184113950149285,7.184113950149285e+26,1078.461440640009,18.206765329330906,57.402844643489765,72.27398494490305,3.0137033393370345,142.83969585747056,0.006796306912631564,0.00011473638314871974,0.0003617443657732868,0.00045546012585575207,1.8991919475212872e-05,0.0009001549575831012,5029,2481,5990,0.1837777777777778,0.4437037037037037,0,0,0
flow,0.5,1.2,0,registered,after_removal,flow_dump_0.5_1.2.shear.wave,2260,226000,226.0,0.22599999999999998,158683.45183699526,1408.4112890819151,0.008875602797755374,8.875602797755374e+17,94,0.0005923743081702043,5.9237430817020434e+26,1096.5827062741987,31.714869509131407,72.83441069283113,30.550374435563867,0.0,176.72892817019013,0.0069105044891552,0.00019986248812957472,0.0004589918472888337,0.00019252400979370045,0.0,0.001113719963388065,5008,2427,6065,0.1797777777777778,0.44925925925925925,0,0,0
flow,0.5,1.2,0,registered,after_removal,flow_dump_0.5_1.2.shear.wave,2265,226500,226.5,0.22649999999999998,158683.45183699526,1155.402349496721,0.007281177313205837,7.281177313205837e+17,91,0.0005734687451434957,5.734687451434957e+26,943.6498166020399,18.329180688896642,54.64815789185023,60.2469082204549,0.0,78.52828609347864,0.005946743694303974,0.0001155078269139555,0.0003443847311059667,0.0003796672401753805,0.0,0.0004948738207065563,5041,2396,6063,0.1774814814814815,0.4491111111111111,0,0,0
flow,0.5,1.2,0,registered,after_removal,flow_dump_0.5_1.2.shear.wave,2270,227000,227.0,0.22699999999999998,158683.45183699526,1196.5810055318366,0.0075406792055481816,7.540679205548182e+17,90,0.0005671668908012594,5.671668908012594e+26,959.9418146374185,0.0,57.633164827421645,54.33692994356121,0.0,124.6690961234354,0.006049413492866929,0.0,0.00036319581002450263,0.00034242341790861625,0.0,0.0007856464847481355,5012,2405,6083,0.17814814814814814,0.4505925925925926,0,0,0
flow,0.5,1.2,0,registered,after_removal,flow_dump_0.5_1.2.shear.wave,2275,227500,227.5,0.22749999999999998,158683.45183699526,1287.4222693449078,0.00811314761836281,8.11314761836281e+17,96,0.0006049780168546768,6.049780168546768e+26,899.100820772823,13.817375270425172,33.23264384074368,96.03188517850596,3.441981120133426,241.79756316227642,0.00566600241149536,8.707508634623618e-05,0.00020942728089178017,0.0006051789526052975,2.1690863667807906e-05,0.0015237730233563273,4985,2424,6091,0.17955555555555555,0.4511851851851852,0,0,0
flow,0.5,1.2,0,registered,after_removal,flow_dump_0.5_1.2.shear.wave,2280,228000,228.0,0.22799999999999998,158683.45183699526,1266.5731060931093,0.007981759228392473,7.981759228392474e+17,91,0.0005734687451434957,5.734687451434957e+26,833.2043744510025,18.044631981848546,50.816125695633815,88.6881772008626,0.0,275.81979676376227,0.00525073260510426,0.00011371464240886676,0.0003202358223706513,0.000558899974598271,0.0,0.0017381761839104259,4910,2433,6157,0.18022222222222223,0.4560740740740741,0,0,0
flow,0.5,1.2,0,registered,after_removal,flow_dump_0.5_1.2.shear.wave,2285,228500,228.5,0.22849999999999998,158683.45183699526,1200.2525966726903,0.007563817038122087,7.563817038122086e+17,91,0.0005734687451434957,5.734687451434957e+26,878.4758821473446,32.040146679983735,82.39581141227131,39.44890926796432,0.0,167.89184716512645,0.0055360270524600335,0.00020191233748114077,0.0005192464019304983,0.0002486012801668034,0.0,0.0010580299660836112,4864,2430,6206,0.18,0.4597037037037037,0,0,0
flow,0.5,1.2,0,registered,after_removal,flow_dump_0.5_1.2.shear.wave,2290,229000,229.0,0.22899999999999998,158683.45183699526,1194.2778921551915,0.0075261653205149085,7.526165320514908e+17,91,0.0005734687451434957,5.734687451434957e+26,850.5191087678943,16.460569727254445,31.31633716962691,43.49969219261406,0.0,252.48218429780175,0.005359847538743831,0.00010373211281138042,0.00019735099537534673,0.00027412872412996373,0.0,0.0015911059494543864,4861,2428,6211,0.17985185185185185,0.4600740740740741,0,0,0
flow,0.5,1.2,0,registered,after_removal,flow_dump_0.5_1.2.shear.wave,2295,229500,229.5,0.22949999999999998,158683.45183699526,1306.3402821127693,0.008232366179270438,8.232366179270438e+17,90,0.0005671668908012594,5.671668908012594e+26,997.4764054918217,0.0,33.64797408490351,50.34662058232984,0.0,224.86928195371482,0.006285951017226809,0.0,0.00021204463159440085,0.00031727706953367453,0.0,0.0014170934609155576,4851,2432,6217,0.18014814814814814,0.4605185185185185,0,0,0
flow,0.5,1.2,0,registered,after_removal,flow_dump_0.5_1.2.shear.wave,2300,230000,230.0,0.22999999999999998,158683.45183699526,1136.7285506950846,0.007163497753141699,7.163497753141699e+17,95,0.0005986761625124405,5.986761625124405e+26,878.5208463977334,0.0,31.170276143765733,39.422710859083594,0.0,187.61471729450187,0.005536310410616592,0.0,0.000196430540065292,0.0002484361816100388,0.0,0.0011823206208497767,4781,2433,6286,0.18022222222222223,0.4656296296296296,0,0,0
