region,amplitude_A,frequency_THz,is_baseline,coordinate_treatment,analysis_stage,filename,frame,timestep,time_ps,strain_xy,cell_volume_A3,total_line_length_A,dislocation_density_A-2,dislocation_density_m-2,segment_count,segment_number_density_A-3,segment_number_density_m-3,shockley_length_A,perfect_length_A,stair_rod_length_A,hirth_length_A,frank_length_A,other_length_A,shockley_density_A-2,perfect_density_A-2,stair_rod_density_A-2,hirth_density_A-2,frank_density_A-2,other_density_A-2,fcc_count,hcp_count,other_atom_count,hcp_fraction,other_atom_fraction,coherent_correction_applied,has_PE,has_KE
flow,0.4,0.5,0,registered,before,flow_dump_0.4_0.5.shear.wave,1850,185000,185.0,0.185,158683.45183699526,1441.826292300768,0.00908617928088594,9.086179280885939e+17,126,0.0007940336471217632,7.940336471217631e+26,1167.4654380944578,4.603785611908546,121.82863208346481,44.556678307427724,0.0,103.37175820350976,0.007357197140466265,2.9012386349130486e-05,0.0007677462941038811,0.00028078969666728564,0.0,0.0006514337632993802,5939,3062,4499,0.2268148148148148,0.33325925925925926,0,0,0
flow,0.4,0.5,0,registered,before,flow_dump_0.4_0.5.shear.wave,1855,185500,185.5,0.1855,158683.45183699526,1437.2295380341995,0.009057211205050972,9.057211205050972e+17,125,0.000787731792779527,7.87731792779527e+26,1161.7754451855296,6.342864394528773,133.7958539195755,24.720090279973533,0.0,110.59528425459212,0.0073213396339458425,3.997180752687663e-05,0.0008431619829962794,0.0001557824082713225,0.0,0.0006969553723106499,5928,3069,4503,0.22733333333333333,0.33355555555555555,0,0,0
flow,0.4,0.5,0,registered,before,flow_dump_0.4_0.5.shear.wave,1860,186000,186.0,0.186,158683.45183699526,4975.515810919432,0.03135497591790757,3.135497591790757e+18,135,0.0008507503362018892,8.507503362018892e+26,3685.6746195561204,0.0,448.83295727585386,257.259246710078,0.0,583.7489873773791,0.02322658460531955,0.0,0.0028284799207475616,0.001621210300960323,0.0,0.00367870109088013,5915,3025,4560,0.22407407407407406,0.3377777777777778,0,0,0
flow,0.4,0.5,0,registered,before,flow_dump_0.4_0.5.shear.wave,1865,186500,186.5,0.1865,158683.45183699526,1704.3169668455046,0.0107403572780622,1.07403572780622e+18,122,0.0007688262297528183,7.688262297528184e+26,1352.8907364199413,0.0,161.42633713868145,67.77793029904024,0.0,122.22196298784144,0.008525720361879159,0.0,0.001017285263648687,0.0004271266443627903,0.0,0.0007702250081715626,5911,3021,4568,0.22377777777777777,0.3383703703703704,0,0,0
flow,0.4,0.5,0,registered,before,flow_dump_0.4_0.5.shear.wave,1870,187000,187.0,0.187,158683.45183699526,1550.0191724865495,0.009767995052683748,9.767995052683748e+17,129,0.0008129392101484719,8.129392101484719e+26,1208.4069916005535,6.442923376896207,156.38005819092385,52.4617493373733,0.0,126.32744998080318,0.007615204847206551,4.0602364659388584e-05,0.0009854843487496255,0.00033060630286303386,0.0,0.0007960971892051529,5916,3027,4557,0.2242222222222222,0.33755555555555555,0,0,0
flow,0.4,0.5,0,registered,before,flow_dump_0.4_0.5.shear.wave,1875,187500,187.5,0.1875,158683.45183699526,1536.1960074072153,0.009680883479805098,9.680883479805098e+17,131,0.0008255429188329443,8.255429188329443e+26,1202.2306791004264,7.870538299511893,144.28804290422232,62.24720794551858,0.0,119.55953915753562,0.007576282625458617,4.959898595851547e-05,0.0009092822297087389,0.000392272837683547,0.0,0.0007534468009956768,5888,3011,4601,0.22303703703703703,0.3408148148148148,0,0,0
flow,0.4,0.5,0,registered,before,flow_dump_0.4_0.5.shear.wave,1880,188000,188.0,0.188,158683.45183699526,1497.927042607647,0.009439718037810053,9.439718037810053e+17,126,0.0007940336471217632,7.940336471217631e+26,1221.3909315814399,5.9249625163137605,139.40151732368602,37.20419762059687,0.0,94.00543356561074,0.007697027745754433,3.733825076101869e-05,0.0008784880572605878,0.00023445543432477268,0.0,0.0005924085497092422,5867,2993,4640,0.2217037037037037,0.3437037037037037,0,0,0
flow,0.4,0.5,0,registered,before,flow_dump_0.4_0.5.shear.wave,1885,188500,188.5,0.1885,158683.45183699526,1533.7373097756965,0.009665389125459665,9.665389125459665e+17,128,0.0008066373558062356,8.066373558062357e+26,1190.2230546991996,5.014848463179432,151.90362676925645,28.928189075994343,0.0,157.66759076806719,0.007500612325485804,3.160284456334392e-05,0.0009572745299572682,0.0001823012339415852,0.0,0.0009935981915116668,5835,3005,4660,0.2225925925925926,0.3451851851851852,0,0,0
flow,0.4,0.5,0,registered,before,flow_dump_0.4_0.5.shear.wave,1890,189000,189.0,0.189,158683.4518369953,1488.4590490642256,0.009380052121586177,9.380052121586177e+17,121,0.000762524375410582,7.62524375410582e+26,1203.1402573759274,0.0,167.0499310768173,9.040746322285841,0.0,109.22811428919475,0.007582014655263685,0.0,0.0010527243335267016,5.697346646815312e-05,0.0,0.0006883396663276355,5870,3010,4620,0.22296296296296297,0.3422222222222222,0,0,0
flow,0.4,0.5,0,registered,before,flow_dump_0.4_0.5.shear.wave,1895,189500,189.5,0.1895,158683.45183699526,1497.1161961776575,0.009434608201714337,9.434608201714337e+17,129,0.0008129392101484719,8.129392101484719e+26,1212.6033220505008,10.534191187355,132.72377370722762,30.244553758185795,0.0,111.0103554743877,0.007641649510474009,6.638493847597959e-05,0.0008364058896548693,0.0001905967724300198,0.0,0.000699571090679456,5912,3016,4572,0.22340740740740742,0.33866666666666667,0,0,0
flow,0.4,0.5,0,registered,before,flow_dump_0.4_0.5.shear.wave,1900,190000,190.0,0.19,158683.45183699526,1501.7487813824728,0.009463802078903082,9.463802078903082e+17,126,0.0007940336471217632,7.940336471217631e+26,1205.5387239756446,11.467998671675558,139.27213712580374,44.83362218934846,0.0,100.63629942000073,0.007597129442419823,7.226965722585777e-05,0.0008776727220987639,0.00028253495667212355,0.0,0.0006341953004865156,5911,3054,4535,0.2262222222222222,0.3359259259259259,0,0,0
flow,0.4,0.5,0,registered,during_vibration,flow_dump_0.4_0.5.shear.wave,1910,191000,191.0,0.191,158683.45183699526,929.2256392594057,0.005855844629684109,5.855844629684109e+17,81,0.0005104502017211335,5.104502017211335e+26,752.9389235340261,0.0,91.78811762798087,28.21001551659927,0.0,56.28858258079944,0.004744911424711565,0.0,0.0005784353476395797,0.00017777540877783214,0.0,0.0003547224485551328,4815,1839,6846,0.13622222222222222,0.5071111111111111,1,0,0
flow,0.4,0.5,0,registered,during_vibration,flow_dump_0.4_0.5.shear.wave,1911,191100,191.1,0.1911,158683.45183699526,810.7611872939128,0.0051092989086647346,5.109298908664735e+17,65,0.00040962053224535404,4.096205322453541e+26,693.7573710799498,0.0,71.33223926234632,16.405186041267733,0.0,29.26639091034881,0.0043719579013985635,0.0,0.00044952538173684986,0.00010338309288935602,0.0,0.00018443253263996417,4804,1766,6930,0.13081481481481483,0.5133333333333333,1,0,0
flow,0.4,0.5,0,registered,during_vibration,flow_dump_0.4_0.5.shear.wave,1912,191200,191.20000000000002,0.19119999999999998,158683.45183699526,836.2228675828604,0.005269754709154269,5.269754709154269e+17,70,0.00044112980395653514,4.411298039565352e+26,703.4994870121094,6.019113492829411,66.19053228504985,25.42833777563675,0.0,35.085397017235024,0.004433351296988212,3.793157650119962e-05,0.00041712309329546785,0.00016024568082724565,0.0,0.00022110306154214413,4816,1847,6837,0.1368148148148148,0.5064444444444445,1,0,0
flow,0.4,0.5,0,registered,during_vibration,flow_dump_0.4_0.5.shear.wave,1913,191300,191.3,0.1913,158683.45183699526,916.6090562244455,0.0057763367611010615,5.776336761101061e+17,82,0.0005167520560633698,5.167520560633698e+26,811.0807629270503,0.0,68.21306778846872,8.06017087162162,0.0,29.255054637304692,0.005111312827756094,0.0,0.00042986881744001495,5.0794022806494576e-05,0.0,0.00018436109309845632,4859,1906,6735,0.1411851851851852,0.4988888888888889,1,0,0
flow,0.4,0.5,0,registered,during_vibration,flow_dump_0.4_0.5.shear.wave,1914,191400,191.4,0.1914,158683.45183699526,1034.4391370799767,0.006518884767786536,6.518884767786536e+17,86,0.0005419594734323146,5.419594734323146e+26,856.9174318742736,7.915650030815275,97.25283570880114,7.4301307112361075,0.0,64.92308875485062,0.005400168838994798,4.9883273518315476e-05,0.0006128732050062938,4.6823601485985925e-05,0.0,0.0004091358487811427,4933,2015,6552,0.14925925925925926,0.48533333333333334,1,0,0
flow,0.4,0.5,0,registered,during_vibration,flow_dump_0.4_0.5.shear.wave,1915,191500,191.5,0.1915,158683.45183699526,967.6667795971836,0.0060980950968422465,6.098095096842246e+17,78,0.0004915446386944248,4.9154463869442485e+26,804.0290171204065,0.0,91.08027533870282,0.0,0.0,72.55748713807418,0.005066873752824151,0.0,0.0005739746286352745,0.0,0.0,0.00045724671538282114,4992,2106,6402,0.156,0.4742222222222222,1,0,0
flow,0.4,0.5,0,registered,during_vibration,flow_dump_0.4_0.5.shear.wave,1916,191600,191.6,0.1916,158683.4518369953,997.1098848235629,0.006283641257362022,6.283641257362022e+17,83,0.0005230539104056058,5.230539104056058e+26,845.4496469000271,6.031010353488137,82.81113634577905,0.0,0.0,62.81809122426904,0.00532790052845901,3.800654878420078e-05,0.0005218637191661629,0.0,0.0,0.0003958704609526505,5029,2117,6354,0.15681481481481482,0.4706666666666667,1,0,0
flow,0.4,0.5,0,registered,during_vibration,flow_dump_0.4_0.5.shear.wave,1917,191700,191.70000000000002,0.19169999999999998,158683.45183699526,1117.2205479704403,0.007040561161463044,7.040561161463044e+17,89,0.0005608650364590232,5.6086503645902325e+26,968.8075634119737,8.19176710858358,82.0952115616536,14.567390940388666,0.0,43.558614947840965,0.006105284150279035,5.1623323123815245e-05,0.0005173520654566076,9.180157585274083e-05,0.0,0.0002745000467508469,5004,2058,6438,0.15244444444444444,0.47688888888888886,1,0,0
flow,0.4,0.5,0,registered,during_vibration,flow_dump_0.4_0.5.shear.wave,1918,191800,191.8,0.1918,158683.45183699526,979.1594735281833,0.006170520379995309,6.170520379995309e+17,89,0.0005608650364590232,5.6086503645902325e+26,831.8615227709693,8.299265291082532,90.29318318167351,13.212584210346385,0.0,35.49291807411164,0.005242270149413464,5.230076101197877e-05,0.0005690144885077593,8.326378117813304e-05,0.0,0.00022367119988397474,4925,2018,6557,0.1494814814814815,0.4857037037037037,1,0,0
flow,0.4,0.5,0,registered,during_vibration,flow_dump_0.4_0.5.shear.wave,1919,191900,191.9,0.1919,158683.45183699526,1041.099778717533,0.006560859161212248,6.560859161212248e+17,99,0.0006238835798813854,6.238835798813854e+26,870.7704849895134,10.735454867130446,82.90306117447251,17.23131396044233,0.0,59.45946372597381,0.005487468761922301,6.765327287030693e-05,0.0005224430160470242,0.00010858923070404902,0.0,0.00037470487966856483,4894,1938,6668,0.14355555555555555,0.49392592592592593,1,0,0
flow,0.4,0.5,0,registered,during_vibration,flow_dump_0.4_0.5.shear.wave,1920,192000,192.0,0.192,158683.4518369953,904.4273443794314,0.005699569387414688,5.699569387414688e+17,79,0.000497846493036661,4.97846493036661e+26,771.9252094185186,0.0,88.42778457089732,21.65060986291452,0.0,22.42374052710082,0.004864560232855691,0.0,0.0005572590181724378,0.00013643898977667009,0.0,0.00014131114660988848,4776,1848,6876,0.1368888888888889,0.5093333333333333,1,0,0
flow,0.4,0.5,0,registered,during_vibration,flow_dump_0.4_0.5.shear.wave,1921,192100,192.1,0.1921,158683.45183699526,802.0287031784467,0.005054268065723175,5.054268065723175e+17,67,0.00042222424092982645,4.2222424092982644e+26,681.3102019135588,0.0,75.96578471103247,4.175734962621208,0.0,40.576981591233974,0.004293517654338793,0.0,0.0004787253102426015,2.6314873506222042e-05,0.0,0.0002557102276355568,4748,1816,6936,0.1345185185185185,0.5137777777777778,1,0,0
flow,0.4,0.5,0,registered,during_vibration,flow_dump_0.4_0.5.shear.wave,1922,192200,192.20000000000002,0.19219999999999998,158683.45183699526,825.9598349421667,0.005205078572343001,5.205078572343001e+17,68,0.0004285260952720627,4.2852609527206266e+26,700.5672091917022,0.0,58.2484597801648,14.896813894152604,8.541778910969597,43.705573165177675,0.004414872509273036,0.0,0.0003670733091942031,9.387755132435039e-05,5.38290465205155e-05,0.00027542615603089757,4811,1822,6867,0.13496296296296295,0.5086666666666667,1,0,0
flow,0.4,0.5,0,registered,during_vibration,flow_dump_0.4_0.5.shear.wave,1923,192300,192.3,0.1923,158683.45183699526,887.3555307193573,0.005591985304371104,5.5919853043711034e+17,74,0.00046633722132547996,4.6633722132548e+26,739.8478320682188,6.0282012737844735,61.45063968156705,14.197056001571829,4.441596685212174,61.390205009002884,0.004662413273113156,3.7988846373072575e-05,0.0003872529805104764,8.946777901047616e-05,2.799029535716632e-05,0.0003868721300067563,4894,1929,6677,0.1428888888888889,0.4945925925925926,1,0,0
flow,0.4,0.5,0,registered,during_vibration,flow_dump_0.4_0.5.shear.wave,1924,192400,192.4,0.1924,158683.4518369953,1007.6010836741909,0.0063497552643941154,6.349755264394116e+17,82,0.0005167520560633696,5.1675205606336965e+26,827.1332472756945,7.555506790606302,98.46891510492378,11.622383465496402,0.0,62.82103103747007,0.005212473245952276,4.761370327617753e-05,0.0006205367602292531,7.324256770917289e-05,0.0,0.0003958889872272368,4969,2032,6499,0.15051851851851852,0.4814074074074074,1,0,0
flow,0.4,0.5,0,registered,during_vibration,flow_dump_0.4_0.5.shear.wave,1925,192500,192.5,0.1925,158683.45183699526,1142.1708432176563,0.007197794287906787,7.197794287906788e+17,94,0.0005923743081702043,5.9237430817020434e+26,906.0661149515093,9.321057221687969,112.84782233692157,10.594155440140959,0.0,103.34169326739631,0.005709896680860267,5.873994492672657e-05,0.0007111505392058302,6.676282446277773e-05,0.0,0.0006512442984511846,5001,2060,6439,0.15259259259259259,0.476962962962963,1,0,0
flow,0.4,0.5,0,registered,during_vibration,flow_dump_0.4_0.5.shear.wave,1926,192600,192.6,0.1926,158683.45183699526,1136.0493116252699,0.007159217287460171,7.159217287460172e+17,95,0.0005986761625124405,5.986761625124405e+26,876.0892392464252,33.87488994096401,113.61510428091358,19.800372780905818,5.105934015850397,87.56377136021018,0.005520986776531508,0.00021347462226723796,0.0007159858382562958,0.0001247790651872471,3.2176852448958425e-05,0.0005518141327689197,5030,2017,6453,0.1494074074074074,0.478,1,0,0
flow,0.4,0.5,0,registered,during_vibration,flow_dump_0.4_0.5.shear.wave,1927,192700,192.70000000000002,0.19269999999999998,158683.45183699526,1131.1628258231046,0.00712842336568952,7.12842336568952e+17,93,0.0005860724538279681,5.860724538279681e+26,939.5666989672095,18.843283005849138,89.10977757376159,24.27843444376813,0.0,59.36463183251623,0.005921012481707057,0.00011874762483239628,0.0005615568387389129,0.0001529991575221575,0.0,0.0003741072628889967,5016,2015,6469,0.14925925925925926,0.47918518518518516,1,0,0
flow,0.4,0.5,0,registered,during_vibration,flow_dump_0.4_0.5.shear.wave,1928,192800,192.8,0.1928,158683.45183699526,1015.2797571409651,0.006398145146123322,6.398145146123322e+17,94,0.0005923743081702043,5.9237430817020434e+26,845.6477580475424,28.78789655541876,77.99510138556899,28.763631784494635,0.0,34.08536936794049,0.005329148996054226,0.00018141713091161273,0.0004915137683398018,0.00018126421785960115,0.0,0.00021480103295808107,4963,1991,6546,0.1474814814814815,0.48488888888888887,1,0,0
flow,0.4,0.5,0,registered,during_vibration,flow_dump_0.4_0.5.shear.wave,1929,192900,192.9,0.1929,158683.45183699526,967.863139920661,0.006099332530999395,6.099332530999396e+17,92,0.0005797705994857318,5.7977059948573184e+26,750.8828169753019,20.99094937888752,111.07606385659632,31.06126091874832,0.0,53.852048791126926,0.004731954140666368,0.00013228190549100291,0.0006999851753331988,0.0001957435419961462,0.0,0.0003393677675126798,4885,1894,6721,0.1402962962962963,0.4978518518518519,1,0,0
flow,0.4,0.5,0,registered,during_vibration,flow_dump_0.4_0.5.shear.wave,1930,193000,193.0,0.193,158683.45183699526,916.67520985306,0.005776753651632801,5.7767536516328e+17,82,0.0005167520560633698,5.167520560633698e+26,736.8306239571936,15.003122254704019,106.45847810064262,24.641181134730566,0.0,33.74180440578911,0.004643399267077261,9.454749112790733e-05,0.0006708858224863939,0.00015528513433173095,0.0,0.00021263593660950718,4797,1840,6863,0.1362962962962963,0.5083703703703704,1,0,0
flow,0.4,0.5,0,registered,during_vibration,flow_dump_0.4_0.5.shear.wave,1931,193100,193.1,0.1931,158683.45183699526,866.7624292192846,0.00546221057826276,5.4622105782627603e+17,74,0.00046633722132547996,4.6633722132548e+26,711.3903195289713,0.0,93.07375503545126,26.769526907649926,3.875005803427275,31.65382194378501,0.004483078174148457,0.0,0.0005865372473183884,0.00016869765938258292,2.4419722148518712e-05,0.0001994777752648136,4781,1787,6932,0.13237037037037036,0.5134814814814814,1,0,0
flow,0.4,0.5,0,registered,during_vibration,flow_dump_0.4_0.5.shear.wave,1932,193200,193.20000000000002,0.19319999999999998,158683.45183699526,852.0363519592859,0.00536940898433773,5.3694089843377306e+17,72,0.00045373351264100755,4.5373351264100753e+26,729.3767377652977,0.0,64.84015165418508,21.400824843925186,0.0,36.41863769587793,0.004596425962012327,0.0,0.000408613191253181,0.00013486488097012663,0.0,0.0002295049501020959,4835,1822,6843,0.13496296296296295,0.5068888888888889,1,0,0
flow,0.4,0.5,0,registered,during_vibration,flow_dump_0.4_0.5.shear.wave,1933,193300,193.3,0.1933,158683.45183699526,1015.9442696843329,0.006402332807380214,6.402332807380214e+17,89,0.0005608650364590232,5.6086503645902325e+26,834.2896781820897,6.787401701363204,54.135454972241085,19.144292409066,0.0,101.5874424195728,0.005257572031134657,4.2773216884237185e-05,0.00034115375198575065,0.00012064454224711241,0.0,0.0006401892651284564,4869,1910,6721,0.14148148148148149,0.4978518518518519,1,0,0
flow,0.4,0.5,0,registered,during_vibration,flow_dump_0.4_0.5.shear.wave,1934,193400,193.4,0.1934,158683.45183699526,1089.724188797519,0.006867283111013483,6.867283111013484e+17,92,0.0005797705994857318,5.7977059948573184e+26,905.5626087194745,0.0,75.83623231925455,8.9616920479415,0.0,99.3636557108486,0.0057067236579255755,0.0,0.00047790888993992875,5.6475277946103915e-05,0.0,0.0006261752852018757,4900,1989,6611,0.14733333333333334,0.4897037037037037,1,0,0
flow,0.4,0.5,0,registered,during_vibration,flow_dump_0.4_0.5.shear.wave,1935,193500,193.5,0.19349999999999998,158683.4518369953,1079.4747995991324,0.006802692953188361,6.802692953188361e+17,90,0.0005671668908012594,5.671668908012594e+26,892.4042552990685,0.0,79.84093033922963,0.0,0.0,107.2296139608341,0.00562380163128651,0.0,0.0005031459135464534,0.0,0.0,0.0006757454083553955,4977,2061,6462,0.15266666666666667,0.4786666666666667,1,0,0
flow,0.4,0.5,0,registered,during_vibration,flow_dump_0.4_0.5.shear.wave,1936,193600,193.6,0.1936,158683.45183699526,1132.6689029482884,0.0071379144443606025,7.137914444360603e+17,90,0.0005671668908012594,5.671668908012594e+26,957.8730792776863,10.100101885686822,75.56548182318699,0.0,0.0,89.13023996172838,0.006036376623957263,6.364937092534369e-05,0.00047620265975062274,0.0,0.0,0.0005616857897273739,5046,2083,6371,0.1542962962962963,0.4719259259259259,1,0,0
flow,0.4,0.5,0,registered,during_vibration,flow_dump_0.4_0.5.shear.wave,1937,193700,193.70000000000002,0.19369999999999998,158683.45183699526,1094.2451286400717,0.006895773415391262,6.895773415391263e+17,87,0.0005482613277745507,5.4826132777455075e+26,959.0854916398071,10.917520442436981,68.74253855537961,12.01502528416436,0.0,43.4845527182837,0.006044017070066074,6.880062360662414e-05,0.0004332054650915595,7.571693925908909e-05,0.0,0.00027403331736791577,5000,2045,6455,0.1514814814814815,0.47814814814814816,1,0,0
flow,0.4,0.5,0,registered,during_vibration,flow_dump_0.4_0.5.shear.wave,1938,193800,193.8,0.1938,158683.45183699526,1054.0785552788518,0.00664264952064211,6.64264952064211e+17,98,0.0006175817255391491,6.1758172553914915e+26,886.3449891168074,23.044184740642926,91.24110426065475,13.825360172506487,0.0,39.622916988240206,0.0055856170183850645,0.00014522109567111416,0.0005749881490754344,8.712540603608964e-05,0.0,0.00024969785147440667,4934,2014,6552,0.1491851851851852,0.48533333333333334,1,0,0
flow,0.4,0.5,0,registered,during_vibration,flow_dump_0.4_0.5.shear.wave,1939,193900,193.9,0.1939,158683.4518369953,1012.6615846464553,0.0063816458044200705,6.38164580442007e+17,87,0.0005482613277745506,5.482613277745507e+26,880.096977509387,6.549629385255313,84.99193997253695,24.79942078695278,0.0,16.223616992323134,0.005546242959306499,4.127481038150911e-05,0.0005356068259710117,0.00015628233757120143,0.0,0.00010223887118984878,4854,1921,6725,0.1422962962962963,0.4981481481481482,1,0,0
flow,0.4,0.5,0,registered,during_vibration,flow_dump_0.4_0.5.shear.wave,1940,194000,194.0,0.19399999999999998,158683.45183699526,920.655514816025,0.005801836953747086,5.801836953747086e+17,80,0.0005041483473788973,5.041483473788973e+26,780.3942945394458,19.280420909555453,78.66497919943356,21.47800815747867,0.0,20.83781201011145,0.0049179311736997754,0.00012150240422902397,0.0004957352407498719,0.00013535127896979182,0.0,0.00013131685609862282,4769,1832,6899,0.13570370370370372,0.5110370370370371,1,0,0
flow,0.4,0.5,0,registered,during_vibration,flow_dump_0.4_0.5.shear.wave,1941,194100,194.1,0.1941,158683.45183699526,839.764675935182,0.005292074669498716,5.292074669498716e+17,70,0.00044112980395653514,4.411298039565352e+26,681.3802541242429,10.65466033232779,93.20797250696002,11.654779742209207,0.0,42.86700922944216,0.004293959113166877,6.714411748033185e-05,0.0005873830662740198,7.344672432624779e-05,0.0,0.00027014164825124,4713,1798,6989,0.13318518518518518,0.5177037037037037,1,0,0
flow,0.4,0.5,0,registered,during_vibration,flow_dump_0.4_0.5.shear.wave,1942,194200,194.20000000000002,0.19419999999999998,158683.45183699526,902.6263169614982,0.005688219574960501,5.6882195749605005e+17,76,0.0004789409300099524,4.789409300099524e+26,727.5462542298546,24.88352550245091,68.42048782612216,25.239947556931106,0.0,56.53610184613918,0.004584890521396104,0.0001568123532377659,0.00043117594830496803,0.00015905847310946066,0.0,0.00035628227891220114,4772,1800,6928,0.13333333333333333,0.5131851851851852,1,0,0
flow,0.4,0.5,0,registered,during_vibration,flow_dump_0.4_0.5.shear.wave,1943,194300,194.3,0.1943,158683.4518369953,915.9944234780274,0.005772463435059165,5.772463435059165e+17,78,0.0004915446386944247,4.915446386944247e+26,795.0447336982465,5.147145156207438,68.16446835303222,4.12858679078285,4.337447019654668,39.172042460103754,0.00501025610732833,3.2436559052765946e-05,0.0004295625508767791,2.6017752594793985e-05,2.73339593350303e-05,0.00024685650587146624,4880,1900,6720,0.14074074074074075,0.49777777777777776,1,0,0
flow,0.4,0.5,0,registered,during_vibration,flow_dump_0.4_0.5.shear.wave,1944,194400,194.4,0.1944,158683.45183699526,1096.832222388828,0.006912076903365635,6.912076903365636e+17,83,0.0005230539104056059,5.2305391040560594e+26,936.7492054568169,9.822537478701292,97.6724626887189,13.754640444754905,0.0,38.833376319836816,0.005903257047994367,6.190020046193171e-05,0.000615517633111808,8.667974061267658e-05,0.0,0.0002447222811848567,4981,1991,6528,0.1474814814814815,0.48355555555555557,1,0,0
flow,0.4,0.5,0,registered,during_vibration,flow_dump_0.4_0.5.shear.wave,1945,194500,194.5,0.19449999999999998,158683.45183699526,1112.6088912381479,0.0070114991724597436,7.011499172459744e+17,93,0.0005860724538279681,5.860724538279681e+26,922.0161828032941,21.23096897393337,103.36967817607216,0.0,0.0,65.9920612848482,0.005810411685211,0.00013379447401826438,0.0006514206552694405,0.0,0.0,0.00041587235796103914,5002,2009,6489,0.14881481481481482,0.4806666666666667,1,0,0
flow,0.4,0.5,0,registered,during_vibration,flow_dump_0.4_0.5.shear.wave,1946,194600,194.6,0.1946,158683.45183699526,1068.3676181923036,0.006732697113809732,6.732697113809732e+17,86,0.0005419594734323146,5.419594734323146e+26,835.308267986849,37.01546063687876,122.51298599321828,0.0,0.0,73.53090357535731,0.005263991035718738,0.00023326604134438813,0.0007720589927616874,0.0,0.0,0.000463381043984918,5037,2010,6453,0.14888888888888888,0.478,1,0,0
flow,0.4,0.5,0,registered,during_vibration,flow_dump_0.4_0.5.shear.wave,1947,194700,194.70000000000002,0.19469999999999998,158683.4518369953,1029.0254420561173,0.006484768450292883,6.484768450292883e+17,94,0.0005923743081702042,5.923743081702042e+26,807.5055582832236,50.69747090881603,112.82317161764486,0.0,0.0,57.99924124643269,0.005088782408847012,0.0003194880771871165,0.000710995193963517,0.0,0.0,0.0003655027702952376,5021,2015,6464,0.14925925925925926,0.4788148148148148,1,0,0
flow,0.4,0.5,0,registered,during_vibration,flow_dump_0.4_0.5.shear.wave,1948,194800,194.8,0.1948,158683.45183699526,1113.05322147938,0.007014299276919839,7.01429927691984e+17,96,0.0006049780168546768,6.049780168546768e+26,930.914445583937,36.12555775164625,96.65510939694985,6.512804657046732,0.0,42.84530408980043,0.005866487241153553,0.0002276580029829171,0.0006091064208524849,4.1042746308146194e-05,0.0,0.00027000486562273995,4966,2005,6529,0.14851851851851852,0.48362962962962963,1,0,0
flow,0.4,0.5,0,registered,during_vibration,flow_dump_0.4_0.5.shear.wave,1949,194900,194.9,0.1949,158683.45183699526,1030.4525346862406,0.0064937617801808,6.4937617801808e+17,93,0.0005860724538279681,5.860724538279681e+26,822.1057378506865,27.68342282933344,101.48234183793504,36.94658222379163,0.0,42.23444994449379,0.005180790613851657,0.00017445689836499613,0.0006395269365716909,0.00023283197961778868,0.0,0.0002661553517746663,4901,1885,6714,0.13962962962962963,0.49733333333333335,1,0,0
flow,0.4,0.5,0,registered,during_vibration,flow_dump_0.4_0.5.shear.wave,1950,195000,195.0,0.19499999999999998,158683.45183699526,956.4132012233293,0.006027176685101278,6.027176685101279e+17,81,0.0005104502017211335,5.104502017211335e+26,812.5459729684387,19.447201070906164,64.56538973963696,27.315886266539785,3.3563802489612584,29.182370928846353,0.005120546368017707,0.0001225534285130308,0.00040688168168890476,0.00017214073648082437,2.115141944611238e-05,0.0001839030509546983,4827,1790,6883,0.1325925925925926,0.5098518518518519,1,0,0
flow,0.4,0.5,0,registered,during_vibration,flow_dump_0.4_0.5.shear.wave,1951,195100,195.1,0.1951,158683.45183699526,860.2236938170571,0.005421004420175499,5.421004420175499e+17,75,0.0004726390756677162,4.726390756677162e+26,710.5438129335857,23.758634815961976,60.43598097903227,24.396743210435126,0.0,41.08852187804198,0.004477743612884595,0.00014972345598057452,0.00038085874916001986,0.0001537447221371025,0.0,0.0002589338800132066,4822,1745,6933,0.12925925925925927,0.5135555555555555,1,0,0
flow,0.4,0.5,0,registered,during_vibration,flow_dump_0.4_0.5.shear.wave,1952,195200,195.20000000000002,0.19519999999999998,158683.45183699526,828.136483315839,0.00521879549334815,5.21879549334815e+17,72,0.00045373351264100755,4.5373351264100753e+26,693.1711372241961,0.0,64.48331081413183,23.66207963653692,0.0,46.819955640974044,0.0043682635410291154,0.0,0.0004063644322558042,0.00014911497930384933,0.0,0.0002950525407593793,4830,1776,6894,0.13155555555555556,0.5106666666666667,1,0,0
flow,0.4,0.5,0,registered,during_vibration,flow_dump_0.4_0.5.shear.wave,1953,195300,195.3,0.1953,158683.45183699526,929.4150399833,0.005857038205458405,5.857038205458405e+17,78,0.0004915446386944248,4.9154463869442485e+26,829.6287357983138,8.402899246085669,51.36874115710648,8.782101959874831,0.0,31.23256182191944,0.005228199451134546,5.29538471013184e-05,0.00032371832451611967,5.5343527369798386e-05,0.0,0.00019682305533662409,4862,1848,6790,0.1368888888888889,0.502962962962963,1,0,0
flow,0.4,0.5,0,registered,during_vibration,flow_dump_0.4_0.5.shear.wave,1954,195400,195.4,0.1954,158683.4518369953,1004.3162748712487,0.006329054877775878,6.329054877775878e+17,83,0.0005230539104056058,5.230539104056058e+26,833.7496492994735,8.053649897839438,77.20054333021145,0.0,0.0,85.3124323437243,0.005254168847775809,5.075292857954971e-05,0.000486506579208488,0.0,0.0,0.0005376265222120322,4909,1930,6661,0.14296296296296296,0.4934074074074074,1,0,0
flow,0.4,0.5,0,registered,during_vibration,flow_dump_0.4_0.5.shear.wave,1955,195500,195.5,0.19549999999999998,158683.45183699526,966.3472630578516,0.0060897796958092046,6.089779695809204e+17,82,0.0005167520560633698,5.167520560633698e+26,824.5862676833056,0.0,76.75957942444269,0.0,0.0,65.00141595010363,0.005196422551548394,0.0,0.00048372768890414986,0.0,0.0,0.000409629455356663,4957,2041,6502,0.15118518518518517,0.48162962962962963,1,0,0
flow,0.4,0.5,0,registered,during_vibration,flow_dump_0.4_0.5.shear.wave,1956,195600,195.6,0.1956,158683.45183699526,1128.983790296374,0.007114691401193507,7.114691401193507e+17,93,0.0005860724538279681,5.860724538279681e+26,942.8382310658136,15.504781285068258,81.77219187083381,0.0,0.0,88.86858607465813,0.0059416292004684105,9.770887326673022e-05,0.000515316442415387,0.0,0.0,0.0005600368850429772,5020,2085,6395,0.15444444444444444,0.4737037037037037,1,0,0
flow,0.4,0.5,0,registered,during_vibration,flow_dump_0.4_0.5.shear.wave,1957,195700,195.70000000000002,0.19569999999999999,158683.45183699526,999.9617290725895,0.006301613164426133,6.301613164426132e+17,84,0.0005293557647478421,5.293557647478421e+26,857.7320525612744,15.385778333755365,80.72186645537182,6.540030667505075,0.0,39.5820010546829,0.005405302459908449,9.695893400126014e-05,0.0005086974446351968,4.1214320660374876e-05,0.0,0.0002494400052208519,4993,2024,6483,0.14992592592592593,0.4802222222222222,1,0,0
flow,0.4,0.5,0,registered,during_vibration,flow_dump_0.4_0.5.shear.wave,1958,195800,195.8,0.1958,158683.4518369953,1022.7672317125397,0.006445330120264581,6.445330120264581e+17,95,0.0005986761625124404,5.986761625124404e+26,859.42280503774,14.817494861383782,91.08388076414612,21.678681501470198,0.0,35.764369547799404,0.005415957335743909,9.337769433327418e-05,0.0005739973495012599,0.00013661589315399586,0.0,0.00022538184753214034,4923,1993,6584,0.14762962962962964,0.4877037037037037,1,0,0
flow,0.4,0.5,0,registered,during_vibration,flow_dump_0.4_0.5.shear.wave,1959,195900,195.9,0.1959,158683.45183699526,954.6676234995093,0.006016176308542712,6.016176308542712e+17,81,0.0005104502017211335,5.104502017211335e+26,789.8633152060211,18.75667799346818,92.34874585451016,29.092543257884163,0.0,24.60634118762558,0.004977603562704156,0.00011820185265906392,0.0005819683450633136,0.00018333697005639226,0.0,0.00015506557805978412,4877,1906,6717,0.1411851851851852,0.49755555555555553,1,0,0
flow,0.4,0.5,0,registered,during_vibration,flow_dump_0.4_0.5.shear.wave,1960,196000,196.0,0.19599999999999998,158683.45183699526,890.1834785435022,0.005609806619646309,5.609806619646309e+17,78,0.0004915446386944248,4.9154463869442485e+26,766.9325848534337,8.285241723198716,72.16620119143263,18.891760260126986,0.0,23.90769051531046,0.004833097440061056,5.2212386529816496e-05,0.00045478088834092215,0.00011905312142776684,0.0,0.0001506627832867488,4788,1830,6882,0.13555555555555557,0.5097777777777778,1,0,0
flow,0.4,0.5,0,registered,during_vibration,flow_dump_0.4_0.5.shear.wave,1961,196100,196.1,0.1961,158683.45183699526,830.6777901296691,0.005234810438727839,5.2348104387278394e+17,72,0.00045373351264100755,4.5373351264100753e+26,684.5189560443397,13.798110863562972,74.87163022438023,5.436738248232398,0.0,52.05235474915372,0.004313738755491023,8.695368486020101e-05,0.00047183010803981485,3.4261532537225054e-05,0.0,0.0003280263577995743,4755,1786,6959,0.1322962962962963,0.5154814814814814,1,0,0
flow,0.4,0.5,0,registered,during_vibration,flow_dump_0.4_0.5.shear.wave,1962,196200,196.20000000000002,0.19619999999999999,158683.4518369953,850.7834703057374,0.005361513506649007,5.361513506649007e+17,75,0.00047263907566771614,4.726390756677161e+26,727.5160501337135,11.749968455784229,54.3215072652849,5.708743087777638,0.0,51.48720136317728,0.004584700179581683,7.40465897342224e-05,0.00034232622643655175,3.597566741642248e-05,0.0,0.00032446484348012906,4770,1763,6967,0.1305925925925926,0.5160740740740741,1,0,0
flow,0.4,0.5,0,registered,during_vibration,flow_dump_0.4_0.5.shear.wave,1963,196300,196.3,0.1963,158683.45183699526,918.7854309690812,0.005790051957735878,5.790051957735877e+17,76,0.0004789409300099524,4.789409300099524e+26,760.8701691456685,20.54215134631692,50.27148176117752,3.2722117179321044,7.8097305872339575,76.01968641075217,0.004794892979308635,0.0001294536456606608,0.0003168035556273253,2.062100162336666e-05,4.921578461285531e-05,0.000479064990903034,4891,1859,6750,0.13770370370370372,0.5,1,0,0
flow,0.4,0.5,0,registered,during_vibration,flow_dump_0.4_0.5.shear.wave,1964,196400,196.4,0.1964,158683.45183699526,987.8272198663678,0.006225143254894,6.225143254893999e+17,84,0.0005293557647478421,5.293557647478421e+26,816.9492118812962,24.98912321569381,66.81668688345835,0.0,0.0,79.07219788591927,0.0051482949382806,0.00015747781464549586,0.0004210690283703596,0.0,0.0,0.0004983014735975416,4966,1963,6571,0.1454074074074074,0.48674074074074075,1,0,0
flow,0.4,0.5,0,registered,during_vibration,flow_dump_0.4_0.5.shear.wave,1965,196500,196.5,0.19649999999999998,158683.45183699526,1056.7091433659932,0.006659227103601696,6.659227103601696e+17,92,0.0005797705994857318,5.7977059948573184e+26,866.647814482484,30.792451444378898,106.6392412121149,0.0,0.0,52.62963622701584,0.0054614882928859685,0.000194049543842857,0.0006720249652853415,0.0,0.0,0.0003316643015875322,4979,2007,6514,0.14866666666666667,0.4825185185185185,1,0,0
flow,0.4,0.5,0,registered,during_vibration,flow_dump_0.4_0.5.shear.wave,1966,196600,196.6,0.1966,158683.4518369953,1112.8257169649683,0.0070128655766078145,7.012865576607814e+17,90,0.0005671668908012594,5.671668908012594e+26,896.6228790665454,40.90782868822446,121.13336713097222,5.869725294399176,4.86289399049766,43.42902279432919,0.005650386783793845,0.00025779517785034253,0.0007633648356440109,3.699015383424319e-05,3.064524960985207e-05,0.00027368337587551896,5035,1991,6474,0.1474814814814815,0.47955555555555557,1,0,0
flow,0.4,0.5,0,registered,during_vibration,flow_dump_0.4_0.5.shear.wave,1967,196700,196.70000000000002,0.19669999999999999,158683.45183699526,1103.5581209639713,0.006954462536506842,6.954462536506842e+17,95,0.0005986761625124405,5.986761625124405e+26,895.6694119276253,47.80006212166384,100.93191385469223,0.0,0.0,59.15673305998962,0.005644378172764264,0.00030122902904056815,0.0006360582195954039,0.0,0.0,0.0003727971151066043,5036,2006,6458,0.14859259259259258,0.4783703703703704,1,0,0
flow,0.4,0.5,0,registered,during_vibration,flow_dump_0.4_0.5.shear.wave,1968,196800,196.8,0.1968,158683.45183699526,1097.029165839258,0.006913318012303902,6.913318012303901e+17,95,0.0005986761625124405,5.986761625124405e+26,900.2622101863146,30.079244532785268,109.10416118526129,5.862537205483304,0.0,51.72101272941377,0.0056733213184138,0.00018955501777011779,0.0006875585319213789,3.694485554489633e-05,0.0,0.0003259382886537108,4993,1973,6534,0.14614814814814814,0.484,1,0,0
flow,0.4,0.5,0,registered,during_vibration,flow_dump_0.4_0.5.shear.wave,1969,196900,196.9,0.1969,158683.45183699526,978.5421745593305,0.006166630251807986,6.166630251807986e+17,91,0.0005734687451434957,5.734687451434957e+26,761.4092652942207,37.26235238341186,106.95253736782989,36.78102661493362,0.0,36.13699289893433,0.004798290284713272,0.00023482191716934004,0.00067399931202464,0.0002317886722852253,0.0,0.00022773006561550862,4909,1842,6749,0.13644444444444445,0.49992592592592594,1,0,0
flow,0.4,0.5,0,registered,during_vibration,flow_dump_0.4_0.5.shear.wave,1970,197000,197.0,0.19699999999999998,158683.45183699526,888.672864306176,0.0056002869487553715,5.6002869487553715e+17,80,0.0005041483473788973,5.041483473788973e+26,709.7045031084342,36.22383824156583,99.8835208050678,25.667030373400298,0.0,17.19397177770821,0.004472454404618482,0.0002282773523150739,0.0006294513993032579,0.0001617498868109215,0.0,0.00010835390570763744,4841,1801,6858,0.13340740740740742,0.508,1,0,0
flow,0.4,0.5,0,registered,during_vibration,flow_dump_0.4_0.5.shear.wave,1971,197100,197.1,0.1971,158683.45183699526,881.7795824550523,0.005556846490589609,5.556846490589609e+17,79,0.000497846493036661,4.97846493036661e+26,741.3691736037491,13.917464541265257,67.13827656235121,24.350135790426414,0.0,35.004531957260255,0.004672000545874862,8.770583435229102e-05,0.0004230956396847089,0.00015345100896494018,0.0,0.00022059346171280692,4827,1762,6911,0.1305185185185185,0.5119259259259259,1,0,0
flow,0.4,0.5,0,registered,during_vibration,flow_dump_0.4_0.5.shear.wave,1972,197200,197.20000000000002,0.1972,158683.45183699526,862.080731287139,0.00543270719982003,5.4327071998200294e+17,70,0.00044112980395653514,4.411298039565352e+26,748.2705423972302,0.0,56.57024317336024,26.186915520879822,4.91711063796976,26.13591955769876,0.0047154919667734335,0.0,0.0003564974325833989,0.00016502612728502947,3.0986915025145624e-05,0.00016470475815302037,4828,1782,6890,0.132,0.5103703703703704,1,0,0
flow,0.4,0.5,0,registered,during_vibration,flow_dump_0.4_0.5.shear.wave,1973,197300,197.3,0.1973,158683.45183699526,954.7805166372437,0.006016887744652952,6.016887744652952e+17,83,0.0005230539104056059,5.2305391040560594e+26,818.9155313813988,18.01865561759656,51.924384804706484,23.38329215066411,0.0,42.53865268287779,0.005160686397360546,0.00011355094314500988,0.00032721990984948374,0.00014735810117544066,0.0,0.00026807239312247165,4884,1866,6750,0.13822222222222222,0.5,1,0,0
flow,0.4,0.5,0,registered,during_vibration,flow_dump_0.4_0.5.shear.wave,1974,197400,197.4,0.1974,158683.45183699526,1012.8160049470981,0.0063826189386622075,6.382618938662208e+17,82,0.0005167520560633698,5.167520560633698e+26,863.7445602930916,20.69943878614704,61.12975531290859,0.0,0.0,67.24225055495057,0.005443192407865931,0.00013044484819633347,0.0003852308139584904,0.0,0.0,0.0004237508686414509,4923,1928,6649,0.1428148148148148,0.4925185185185185,1,0,0
flow,0.4,0.5,0,registered,during_vibration,flow_dump_0.4_0.5.shear.wave,1975,197500,197.5,0.19749999999999998,158683.45183699526,1084.247344991084,0.006832768839090151,6.83276883909015e+17,97,0.000611279871196913,6.112798711969129e+26,889.299736158288,14.044601456121411,93.01990313150998,0.0,0.0,87.88310424516425,0.005604237403858629,8.850703267123579e-05,0.0005861978804636984,0.0,0.0,0.0005538265220965863,4987,2037,6476,0.15088888888888888,0.4797037037037037,1,0,0
flow,0.4,0.5,0,registered,during_vibration,flow_dump_0.4_0.5.shear.wave,1976,197600,197.6,0.1976,158683.45183699526,1106.5176149023887,0.006973112836233479,6.97311283623348e+17,91,0.0005734687451434957,5.734687451434957e+26,944.6263372204904,10.529280429219474,82.44448280934276,0.0,0.0,68.91751444333592,0.00595289758500364,6.635399159349955e-05,0.0005195531219854757,0.0,0.0,0.0004343081376508636,5020,2091,6389,0.15488888888888888,0.47325925925925927,1,0,0
flow,0.4,0.5,0,registered,during_vibration,flow_dump_0.4_0.5.shear.wave,1977,197700,197.70000000000002,0.1977,158683.4518369953,1046.5631530176138,0.0065952885502684735,6.595288550268474e+17,97,0.0006112798711969128,6.1127987119691286e+26,880.914583225138,9.390124826866211,81.61903585849669,13.168210941692136,0.0,61.471198165420624,0.005551395391436542,5.917519891432692e-05,0.0005143512755340007,8.298414730238503e-05,0.0,0.0003873825370812188,4996,2016,6488,0.14933333333333335,0.48059259259259257,1,0,0
flow,0.4,0.5,0,registered,during_vibration,flow_dump_0.4_0.5.shear.wave,1978,197800,197.8,0.1978,158683.45183699526,984.7711730894115,0.00620588449324256,6.20588449324256e+17,96,0.0006049780168546768,6.049780168546768e+26,812.2852369534701,21.870398326435733,91.68833392216118,19.605686573969255,0.0,39.32151731337528,0.005118903247629599,0.0001378240646598847,0.0005778065252597756,0.00012355218106869042,0.0,0.0002477984746246106,4909,1970,6621,0.14592592592592593,0.49044444444444446,1,0,0
flow,0.4,0.5,0,registered,during_vibration,flow_dump_0.4_0.5.shear.wave,1979,197900,197.9,0.1979,158683.45183699526,937.3973993039001,0.005907341871204219,5.907341871204219e+17,86,0.0005419594734323146,5.419594734323146e+26,773.1335089861689,23.870753864267876,97.47040098250784,16.428088336933925,0.0,26.49464713402147,0.004872174760732811,0.00015043001389198845,0.0006142442696711221,0.00010352741982074719,0.0,0.00016696540708754953,4872,1896,6732,0.14044444444444446,0.49866666666666665,1,0,0
flow,0.4,0.5,0,registered,during_vibration,flow_dump_0.4_0.5.shear.wave,1980,198000,198.0,0.19799999999999998,158683.45183699526,906.3500299629537,0.005711685871907964,5.711685871907964e+17,82,0.0005167520560633698,5.167520560633698e+26,755.2574689212659,33.39309128166068,69.10362987957157,0.0,0.0,48.59583988045535,0.004759522560027813,0.00021043839729402368,0.00043548101002086244,0.0,0.0,0.00030624390456526345,4803,1818,6879,0.13466666666666666,0.5095555555555555,1,0,0
flow,0.4,0.5,0,registered,during_vibration,flow_dump_0.4_0.5.shear.wave,1981,198100,198.1,0.1981,158683.4518369953,838.0400297548207,0.005281206200478184,5.281206200478184e+17,75,0.00047263907566771614,4.726390756677161e+26,683.4672640645404,18.893373602131845,86.39241607504488,5.466444298359447,0.0,43.82053171474444,0.004307111145821429,0.00011906328847408564,0.0005444324223787993,3.4448735738208875e-05,0.0,0.000276150608065662,4771,1788,6941,0.13244444444444445,0.5141481481481481,1,0,0
flow,0.4,0.5,0,registered,during_vibration,flow_dump_0.4_0.5.shear.wave,1982,198200,198.20000000000002,0.1982,158683.45183699526,913.3950152405765,0.005756082342970742,5.7560823429707424e+17,79,0.000497846493036661,4.97846493036661e+26,755.203912132914,22.056594763823036,49.311265730849286,0.0,0.0,86.82324261299046,0.004759185052948581,0.00013899744748734278,0.0003107524140671165,0.0,0.0,0.0005471474284677024,4805,1806,6889,0.13377777777777777,0.5102962962962962,1,0,0
flow,0.4,0.5,0,registered,during_vibration,flow_dump_0.4_0.5.shear.wave,1983,198300,198.3,0.1983,158683.45183699526,848.3663543892064,0.005346281194214729,5.346281194214729e+17,70,0.00044112980395653514,4.411298039565352e+26,695.827139088689,17.521880372890216,47.86916545429678,0.0,7.854903913943324,79.29326555938738,0.004385001277911858,0.00011042033791204174,0.000301664508177384,0.0,4.950046033793198e-05,0.0004996946098755147,4926,1871,6703,0.1385925925925926,0.4965185185185185,1,0,0
flow,0.4,0.5,0,registered,during_vibration,flow_dump_0.4_0.5.shear.wave,1984,198400,198.4,0.1984,158683.45183699526,975.2230770242924,0.0061457137825945,6.1457137825945e+17,88,0.000554563182116787,5.54563182116787e+26,820.0329410410571,13.05402153558368,81.64356655083282,0.0,0.0,60.492547896818685,0.005167728150276321,8.226454229766308e-05,0.0005145058643840172,0.0,0.0,0.0003812152256364991,4985,1981,6534,0.14674074074074073,0.484,1,0,0
flow,0.4,0.5,0,registered,during_vibration,flow_dump_0.4_0.5.shear.wave,1985,198500,198.5,0.19849999999999998,158683.4518369953,1079.4913140427793,0.006802797024806766,6.802797024806766e+17,94,0.0005923743081702042,5.923743081702042e+26,840.161055324129,44.18859822646837,103.3216705081913,0.0,0.0,91.81998998399064,0.005294572594672123,0.0002784701096108012,0.0006511181179391448,0.0,0.0,0.0005786362025846972,4975,2015,6510,0.14925925925925926,0.4822222222222222,1,0,0
flow,0.4,0.5,0,registered,during_vibration,flow_dump_0.4_0.5.shear.wave,1986,198600,198.6,0.1986,158683.45183699526,1097.2882780178586,0.0069149508995117424,6.914950899511743e+17,93,0.0005860724538279681,5.860724538279681e+26,847.8488251793285,23.856874219908107,116.42697146052176,16.30674185670466,0.0,92.84886530139556,0.005343019800516225,0.00015034254639491115,0.000733705815651901,0.00010276271197739932,0.0,0.0005851200249713051,5035,2023,6442,0.14985185185185185,0.4771851851851852,1,0,0
flow,0.4,0.5,0,registered,during_vibration,flow_dump_0.4_0.5.shear.wave,1987,198700,198.70000000000002,0.1987,158683.45183699526,1072.647142084753,0.006759666050034069,6.759666050034068e+17,92,0.0005797705994857318,5.7977059948573184e+26,873.8184297085141,27.107950263508435,103.29034788681253,0.0,0.0,68.4304142259181,0.005506676465584632,0.00017083035407721402,0.0006509207273415989,0.0,0.0,0.0004312385030306249,5013,2005,6482,0.14851851851851852,0.48014814814814816,1,0,0
flow,0.4,0.5,0,registered,during_vibration,flow_dump_0.4_0.5.shear.wave,1988,198800,198.8,0.1988,158683.45183699526,1044.705316929045,0.0065835807378465646,6.583580737846565e+17,89,0.0005608650364590232,5.6086503645902325e+26,865.521128011389,31.600674282941203,90.84533038277714,0.0,0.0,56.738184251937675,0.00545438807885576,0.00019914284644754533,0.0005724940397445877,0.0,0.0,0.0003575557727986719,4956,1992,6552,0.14755555555555555,0.48533333333333334,1,0,0
flow,0.4,0.5,0,registered,during_vibration,flow_dump_0.4_0.5.shear.wave,1989,198900,198.9,0.1989,158683.4518369953,996.1778309425024,0.006277767589564462,6.277767589564462e+17,94,0.0005923743081702042,5.923743081702042e+26,758.3924774735875,50.271346966702865,93.11056769171753,42.560864443923016,0.0,51.842574366571625,0.004779278927286208,0.0003168027061721798,0.0005867692353161291,0.0002682123684052632,0.0,0.00032670435238468326,4864,1859,6777,0.13770370370370372,0.502,1,0,0
flow,0.4,0.5,0,registered,during_vibration,flow_dump_0.4_0.5.shear.wave,1990,199000,199.0,0.19899999999999998,158683.45183699526,931.7281029760579,0.005871614791523183,5.871614791523183e+17,82,0.0005167520560633698,5.167520560633698e+26,752.6605879904764,33.697099225263734,89.14665122192028,25.459828737086426,0.0,30.76393580131125,0.004743157394657848,0.0002123542110734929,0.0005617892110986758,0.0001604441322793985,0.0,0.00019386984241376946,4805,1782,6913,0.132,0.5120740740740741,1,0,0
flow,0.4,0.5,0,registered,during_vibration,flow_dump_0.4_0.5.shear.wave,1991,199100,199.1,0.1991,158683.45183699526,875.0605767330183,0.005514504295204698,5.514504295204698e+17,77,0.00048524278435218865,4.852427843521887e+26,734.7700860480169,34.18064547217422,57.77342578308635,27.763173351327644,0.0,20.573246078413135,0.004630414057306974,0.00021540144908925777,0.0003640797141370045,0.0001749594745383209,0.0,0.000129649600133142,4810,1737,6953,0.12866666666666668,0.5150370370370371,1,0,0
flow,0.4,0.5,0,registered,during_vibration,flow_dump_0.4_0.5.shear.wave,1992,199200,199.20000000000002,0.1992,158683.45183699526,945.2415115479412,0.0059567743240103175,5.956774324010318e+17,79,0.000497846493036661,4.97846493036661e+26,827.5818523608326,5.166100204066872,60.64345408271312,17.958370069432384,0.0,33.891734830896254,0.005215300289856004,3.2556011003426216e-05,0.00038216621443934825,0.00011317103240153736,0.0,0.00021358077631000196,4839,1776,6885,0.13155555555555556,0.51,1,0,0
flow,0.4,0.5,0,registered,during_vibration,flow_dump_0.4_0.5.shear.wave,1993,199300,199.3,0.19929999999999998,158683.45183699526,1032.8396890117856,0.006508805279032824,6.508805279032824e+17,88,0.000554563182116787,5.54563182116787e+26,884.6394881232198,30.671800753098232,51.75741971707597,18.159895047949917,0.0,47.61108537044119,0.0055748691995429365,0.00019328922076011613,0.00032616772018699753,0.00011444101346247714,0.0,0.00030003812508029397,4871,1832,6797,0.13570370370370372,0.5034814814814815,1,0,0
flow,0.4,0.5,0,registered,during_vibration,flow_dump_0.4_0.5.shear.wave,1994,199400,199.4,0.1994,158683.45183699526,991.4856141238236,0.006248197922630959,6.248197922630959e+17,85,0.0005356576190900784,5.356576190900784e+26,865.6691651376974,17.607243219450847,51.2891168554086,0.0,0.0,56.92008891126689,0.005455320987262998,0.00011095828213730549,0.00032321654376471737,0.0,0.0,0.0003587021094659387,4945,1918,6637,0.14207407407407407,0.49162962962962964,1,0,0
flow,0.4,0.5,0,registered,during_vibration,flow_dump_0.4_0.5.shear.wave,1995,199500,199.5,0.19949999999999998,158683.45183699526,1063.8010496982881,0.006703919264316602,6.703919264316602e+17,86,0.0005419594734323146,5.419594734323146e+26,892.6657842385913,0.0,75.7320508256531,7.998028191071981,0.0,87.4051864429717,0.005625449748569664,0.0,0.0004772523533420958,5.040240868523463e-05,0.0,0.0005508147537196072,4986,2002,6512,0.1482962962962963,0.4823703703703704,1,0,0
flow,0.4,0.5,0,registered,during_vibration,flow_dump_0.4_0.5.shear.wave,1996,199600,199.6,0.1996,158683.4518369953,1016.600380683887,0.006406467523331742,6.406467523331743e+17,85,0.0005356576190900783,5.356576190900783e+26,827.5448531168064,19.122950006954063,87.74221875119284,0.0,0.0,82.19035880893382,0.005215067126009377,0.00012051004553768951,0.0005529386822346444,0.0,0.0,0.0005179516695500322,5016,2061,6423,0.15266666666666667,0.4757777777777778,1,0,0
flow,0.4,0.5,0,registered,during_vibration,flow_dump_0.4_0.5.shear.wave,1997,199700,199.70000000000002,0.1997,158683.45183699526,1082.0926776054403,0.006819190439069857,6.819190439069857e+17,86,0.0005419594734323146,5.419594734323146e+26,899.3837651217032,29.632204912876418,81.69426700117315,6.949394497073293,0.0,64.43304607261419,0.0056677854855689625,0.00018673783920024358,0.0005148253712371478,4.3794071887293794e-05,0.0,0.0004060476711762099,4992,2017,6491,0.1494074074074074,0.4808148148148148,1,0,0
flow,0.4,0.5,0,registered,during_vibration,flow_dump_0.4_0.5.shear.wave,1998,199800,199.8,0.19979999999999998,158683.45183699526,1019.9140821819542,0.006427349987506213,6.427349987506213e+17,92,0.0005797705994857318,5.7977059948573184e+26,869.1363103214547,21.190843218929402,81.57083915688172,17.612654245975392,0.0,30.40343523871286,0.005477170431194423,0.00013354160735485712,0.000514047546940647,0.00011099238163830516,0.0,0.00019159802037798022,4891,1980,6629,0.14666666666666667,0.49103703703703705,1,0,0
flow,0.4,0.5,0,registered,during_vibration,flow_dump_0.4_0.5.shear.wave,1999,199900,199.9,0.1999,158683.45183699526,962.063438231371,0.006062783655725069,6.062783655725069e+17,85,0.0005356576190900784,5.356576190900784e+26,799.0307051942783,28.944604863245818,92.64052793016951,12.245831257828357,0.0,29.201768985848975,0.005035375119108628,0.00018240468384175714,0.0005838071132037942,7.717144488643761e-05,0.0,0.00018402529468445123,4843,1898,6759,0.1405925925925926,0.5006666666666667,1,0,0
flow,0.4,0.5,0,registered,during_vibration,flow_dump_0.4_0.5.shear.wave,2000,200000,200.0,0.19999999999999998,158683.4518369953,888.1316077890331,0.005596876029022549,5.596876029022549e+17,78,0.0004915446386944247,4.915446386944247e+26,734.7180243838327,25.166052649148526,55.17169455489234,12.62903012583515,0.0,60.44680607532429,0.004630085972282469,0.00015859279816398184,0.0003476839828992784,7.958630833672621e-05,0.0,0.00038092696734009276,4772,1825,6903,0.13518518518518519,0.5113333333333333,1,0,0
flow,0.4,0.5,0,registered,during_vibration,flow_dump_0.4_0.5.shear.wave,2001,200100,200.1,0.2001,158683.45183699526,865.58254625324,0.005454775127669861,5.454775127669861e+17,73,0.0004600353669832438,4.600353669832438e+26,705.9895159639991,35.266753416903256,85.9731746889331,7.877547448071,0.0,30.475554735333287,0.004449043096750972,0.0002222459431568857,0.0005417904242292858,4.964315659179805e-05,0.0,0.00019205250694091756,4760,1786,6954,0.1322962962962963,0.5151111111111111,1,0,0
flow,0.4,0.5,0,registered,during_vibration,flow_dump_0.4_0.5.shear.wave,2002,200200,200.20000000000002,0.2002,158683.45183699526,839.5086797343976,0.0052904614187292065,5.2904614187292064e+17,72,0.00045373351264100755,4.5373351264100753e+26,713.9164931706232,21.30436908640781,43.90781548391352,10.904153438817458,0.0,49.475848554635654,0.004498997752481344,0.00013425703083578207,0.00027670065766540695,6.871638669682176e-05,0.0,0.0003117895910498521,4806,1777,6917,0.13162962962962962,0.5123703703703704,1,0,0
flow,0.4,0.5,0,registered,during_vibration,flow_dump_0.4_0.5.shear.wave,2003,200300,200.3,0.20029999999999998,158683.45183699526,855.6309251176326,0.005392061460804144,5.392061460804144e+17,71,0.0004474316582987713,4.474316582987713e+26,699.5564067135127,36.89690755566552,33.20030514728675,0.0,7.282952987656536,78.69435271351122,0.004408502579286715,0.00023251893709475902,0.0002092234871559964,0.0,4.5896108909565566e-05,0.0004959203483571091,4914,1866,6720,0.13822222222222222,0.49777777777777776,1,0,0
flow,0.4,0.5,0,registered,during_vibration,flow_dump_0.4_0.5.shear.wave,2004,200400,200.4,0.2004,158683.4518369953,930.2567216630472,0.0058623423608067,5.8623423608067e+17,80,0.0005041483473788972,5.041483473788972e+26,772.8610982415031,22.623268093317478,64.11808661652748,0.0,0.0,70.65426871169926,0.004870458067898666,0.00014256854026944676,0.0004040628425602414,0.0,0.0,0.00044525291007834633,5002,1970,6528,0.14592592592592593,0.48355555555555557,1,0,0
flow,0.4,0.5,0,registered,during_vibration,flow_dump_0.4_0.5.shear.wave,2005,200500,200.5,0.20049999999999998,158683.45183699526,1076.6442263513338,0.006784855092875705,6.784855092875704e+17,90,0.0005671668908012594,5.671668908012594e+26,877.3361590918238,42.83815955053059,91.84732323799406,0.0,0.0,64.6225844709848,0.005528844683773653,0.000269959841776919,0.0005788084527701262,0.0,0.0,0.00040724211455500225,4994,2016,6490,0.14933333333333335,0.48074074074074075,1,0,0
flow,0.4,0.5,0,registered,during_vibration,flow_dump_0.4_0.5.shear.wave,2006,200600,200.6,0.2006,158683.45183699526,1122.9174365770286,0.007076462123665708,7.076462123665709e+17,89,0.0005608650364590232,5.6086503645902325e+26,850.2414880745511,51.37784240764009,136.3145985924085,0.0,14.509154006555974,70.47435349587369,0.005358098013571991,0.0003237756792713147,0.0008590347450497562,0.0,9.143457517838876e-05,0.00044411911059426165,5044,2024,6432,0.14992592592592593,0.47644444444444445,1,0,0
flow,0.4,0.5,0,registered,during_vibration,flow_dump_0.4_0.5.shear.wave,2007,200700,200.70000000000002,0.2007,158683.45183699526,1127.5052278830158,0.007105373716228617,7.105373716228617e+17,98,0.0006175817255391491,6.1758172553914915e+26,920.0767793839215,38.976392664732046,109.75781051775856,11.262106116647734,0.0,47.43213919995567,0.005798189847351278,0.0002456235493589454,0.0006916777348056766,7.097215233392157e-05,0.0,0.0002989104323787933,5028,1999,6473,0.14807407407407408,0.4794814814814815,1,0,0
flow,0.4,0.5,0,registered,during_vibration,flow_dump_0.4_0.5.shear.wave,2008,200800,200.8,0.20079999999999998,158683.4518369953,979.9481688660667,0.00617549062313505,6.17549062313505e+17,84,0.000529355764747842,5.29355764747842e+26,811.2742414925161,35.18232727419336,90.00650780303113,0.0,0.0,43.485092296325945,0.0051125321014940045,0.00022171390190285105,0.0005672079020280495,0.0,0.0,0.0002740367177101442,4960,1963,6577,0.1454074074074074,0.48718518518518517,1,0,0
flow,0.4,0.5,0,registered,during_vibration,flow_dump_0.4_0.5.shear.wave,2009,200900,200.9,0.2009,158683.45183699526,973.3900419894272,0.006134162262800565,6.134162262800564e+17,94,0.0005923743081702043,5.9237430817020434e+26,777.8803622034947,35.061121892746456,102.41032459227281,10.943151211007141,0.0,47.09508208990623,0.004902088738292373,0.00022095008324347752,0.0006453749487216348,6.896214497683286e-05,0.0,0.0002967863475662466,4887,1832,6781,0.13570370370370372,0.5022962962962964,1,0,0
flow,0.4,0.5,0,registered,during_vibration,flow_dump_0.4_0.5.shear.wave,2010,201000,201.0,0.20099999999999998,158683.45183699526,916.1398298753743,0.005773379764995676,5.773379764995676e+17,80,0.0005041483473788973,5.041483473788973e+26,729.6511010946529,37.90129106039411,92.92904611046947,26.85715841120859,0.0,28.801233198649136,0.004598154959750775,0.00023884841564530328,0.0005856253127511316,0.00016924990035380077,0.0,0.00018150117649466492,4818,1785,6897,0.1322222222222222,0.5108888888888888,1,0,0
flow,0.4,0.5,0,registered,during_vibration,flow_dump_0.4_0.5.shear.wave,2011,201100,201.1,0.2011,158683.45183699526,863.1473033476026,0.00543942858159057,5.4394285815905696e+17,76,0.0004789409300099524,4.789409300099524e+26,712.049824891258,29.154745019202537,57.84693698294184,30.286108312067874,0.0,33.80968814213238,0.004487234280879512,0.0001837289564960512,0.0003645429710110168,0.00019085864317584128,0.0,0.00021306373002814925,4785,1748,6967,0.12948148148148148,0.5160740740740741,1,0,0
flow,0.4,0.5,0,registered,during_vibration,flow_dump_0.4_0.5.shear.wave,2012,201200,201.20000000000002,0.2012,158683.45183699526,812.0501076926608,0.005117421497276381,5.1174214972763814e+17,71,0.0004474316582987713,4.474316582987713e+26,685.3903663776532,18.66399192551318,55.294322352822356,25.130637340821288,0.0,27.57078969585064,0.004319230256483885,0.00011761775855925691,0.0003484567654201426,0.0001583696160494182,0.0,0.00017374710076367787,4813,1815,6872,0.13444444444444445,0.5090370370370371,1,0,0
flow,0.4,0.5,0,registered,during_vibration,flow_dump_0.4_0.5.shear.wave,2013,201300,201.3,0.20129999999999998,158683.45183699526,989.5033255556962,0.00623570582881034,6.23570582881034e+17,83,0.0005230539104056059,5.2305391040560594e+26,851.8430228083513,19.216276370909902,54.40661524514957,17.421608093027345,0.0,46.615803038258036,0.005368190652188433,0.00012109817468962976,0.0003428625645290209,0.00010978843660978198,0.0,0.0002937660007934746,4875,1878,6747,0.1391111111111111,0.49977777777777777,1,0,0
flow,0.4,0.5,0,registered,during_vibration,flow_dump_0.4_0.5.shear.wave,2014,201400,201.4,0.2014,158683.45183699526,1051.3240727993114,0.006625291173267804,6.625291173267804e+17,84,0.0005293557647478421,5.293557647478421e+26,891.1804826558913,27.80188357037764,76.23288186535086,0.0,0.0,56.108824707691404,0.0056160895943411955,0.00017520342070033004,0.0004804085176043418,0.0,0.0,0.0003535896406219358,4938,1939,6623,0.14362962962962963,0.4905925925925926,1,0,0
flow,0.4,0.5,0,registered,during_vibration,flow_dump_0.4_0.5.shear.wave,2015,201500,201.5,0.20149999999999998,158683.4518369953,974.1615880847429,0.006139024433911564,6.139024433911564e+17,77,0.00048524278435218855,4.8524278435218856e+26,840.7904217973593,9.220563507115353,79.06889507943305,0.0,0.0,45.08170770083506,0.005298538770514307,5.810664817517967e-05,0.0004982806597921448,0.0,0.0,0.00028409835542993124,4981,2005,6514,0.14851851851851852,0.4825185185185185,1,0,0
flow,0.4,0.5,0,registered,during_vibration,flow_dump_0.4_0.5.shear.wave,2016,201600,201.6,0.2016,158683.45183699526,1095.6133736005686,0.0069043958958368125,6.904395895836813e+17,91,0.0005734687451434957,5.734687451434957e+26,899.3558532558449,17.85509158731905,90.63388515360504,0.0,0.0,87.76854360379981,0.005667609589055903,0.00011252018645057187,0.0005711615427089843,0.0,0.0,0.0005531045776213545,5017,2053,6430,0.15207407407407408,0.4762962962962963,1,0,0
flow,0.4,0.5,0,registered,during_vibration,flow_dump_0.4_0.5.shear.wave,2017,201700,201.70000000000002,0.2017,158683.45183699526,1214.8599039650037,0.007655870161010531,7.65587016101053e+17,90,0.0005671668908012594,5.671668908012594e+26,1015.3713057538693,42.57932399141322,85.3572732989036,5.998205671153119,0.0,65.5537952496642,0.006398722072147077,0.0002683286977847701,0.0005379091033801391,3.7799818454382184e-05,0.0,0.0004131104692441602,5000,2007,6493,0.14866666666666667,0.480962962962963,1,0,0
flow,0.4,0.5,0,registered,during_vibration,flow_dump_0.4_0.5.shear.wave,2018,201800,201.8,0.20179999999999998,158683.45183699526,989.9827894052094,0.00623872734015234,6.238727340152339e+17,90,0.0005671668908012594,5.671668908012594e+26,835.043656507341,16.937218066038245,74.65204638223939,21.57992662228872,0.0,41.76994182730175,0.005262323492717594,0.00010673588121486479,0.0004704463226507347,0.0001359935542898091,0.0,0.00026322808927933567,4890,1974,6636,0.14622222222222223,0.4915555555555556,1,0,0
flow,0.4,0.5,0,registered,during_vibration,flow_dump_0.4_0.5.shear.wave,2019,201900,201.9,0.2019,158683.4518369953,976.7377121320021,0.006155258792424924,6.155258792424924e+17,89,0.0005608650364590231,5.608650364590231e+26,834.7118308937452,9.695392032428275,79.72817157897907,18.491563687274514,0.0,34.11075393957484,0.005260232376033689,6.109894837924053e-05,0.0005024353242635433,0.00011653114091738841,0.0,0.00021496100283106078,4821,1882,6797,0.1394074074074074,0.5034814814814815,1,0,0
flow,0.4,0.5,0,registered,during_vibration,flow_dump_0.4_0.5.shear.wave,2020,202000,202.0,0.20199999999999999,158683.45183699526,894.9452227830574,0.005639814438258968,5.639814438258968e+17,83,0.0005230539104056059,5.2305391040560594e+26,741.9664353193104,24.378282072143936,63.90304374695403,11.161783804002656,0.0,53.535677840646514,0.004675764402210523,0.00015362838273259955,0.00040270767371885314,7.033993573235601e-05,0.0,0.0003373740438646374,4749,1820,6931,0.1348148148148148,0.5134074074074074,1,0,0
flow,0.4,0.5,0,registered,during_vibration,flow_dump_0.4_0.5.shear.wave,2021,202100,202.1,0.2021,158683.45183699526,825.2910895247223,0.0052008642361302294,5.200864236130229e+17,71,0.0004474316582987713,4.474316582987713e+26,683.242232199997,32.59743715731783,54.01234074257832,6.190527346256842,0.0,49.24855207857201,0.004305693027788716,0.00020542430089561553,0.00034037790404295925,3.901180163774072e-05,0.0,0.00031035720176519546,4732,1775,6993,0.13148148148148148,0.518,1,0,0
flow,0.4,0.5,0,registered,during_vibration,flow_dump_0.4_0.5.shear.wave,2022,202200,202.20000000000002,0.2022,158683.45183699526,835.6574524349292,0.005266191545249112,5.266191545249112e+17,72,0.00045373351264100755,4.5373351264100753e+26,722.5595375214319,19.348316483754378,48.666223513797505,6.3587176211723975,0.0,38.724657294772896,0.0045534649590536274,0.00012193027224810808,0.00030668745197066303,4.007171225203922e-05,0.0,0.00024403714972467394,4794,1802,6904,0.13348148148148148,0.5114074074074074,1,0,0
flow,0.4,0.5,0,registered,during_vibration,flow_dump_0.4_0.5.shear.wave,2023,202300,202.3,0.20229999999999998,158683.4518369953,802.3505446933362,0.0050562962640712935,5.0562962640712934e+17,67,0.0004222242409298264,4.222242409298264e+26,670.9675521785604,31.84894681729398,38.26389876245321,0.0,7.721269827800246,53.54887710722871,0.004228339782196065,0.00020070742379621435,0.00024113351656705268,0.0,4.865831779190045e-05,0.0003374572237200627,4907,1873,6720,0.13874074074074075,0.49777777777777776,1,0,0
flow,0.4,0.5,0,registered,during_vibration,flow_dump_0.4_0.5.shear.wave,2024,202400,202.4,0.2024,158683.45183699526,900.872730250301,0.005677168726930054,5.6771687269300544e+17,78,0.0004915446386944248,4.9154463869442485e+26,737.8353148801395,28.736477991705343,59.66678647304381,0.0,0.0,74.63415090541251,0.0046497306829326335,0.00018109309861260377,0.00037601139742243225,0.0,0.0,0.00047033354796238686,4994,1981,6525,0.14674074074074073,0.48333333333333334,1,0,0
flow,0.4,0.5,0,registered,during_vibration,flow_dump_0.4_0.5.shear.wave,2025,202500,202.5,0.20249999999999999,158683.45183699526,1017.5056287248079,0.006412172264629222,6.412172264629222e+17,87,0.0005482613277745507,5.4826132777455075e+26,777.5949010936641,50.51498645817669,89.41113400059935,0.0,0.0,99.98460717236786,0.004900289803957849,0.00031833808675946445,0.0005634559430459412,0.0,0.0,0.0006300884308659687,5005,2032,6463,0.15051851851851852,0.47874074074074074,1,0,0
flow,0.4,0.5,0,registered,during_vibration,flow_dump_0.4_0.5.shear.wave,2026,202600,202.6,0.2026,158683.45183699526,1146.4937647797467,0.0072250367099239935,7.225036709923994e+17,102,0.000642789142908094,6.42789142908094e+26,853.363478192782,68.18262652557613,112.61510084924967,10.679802736755363,0.0,101.6527564753838,0.005377772340554984,0.0004296769810352721,0.0007096839622882134,6.7302561250848e-05,0.0,0.000640600864794678,5056,2036,6408,0.15081481481481482,0.4746666666666667,1,0,0
flow,0.4,0.5,0,registered,during_vibration,flow_dump_0.4_0.5.shear.wave,2027,202700,202.70000000000002,0.2027,158683.4518369953,1016.1176924294421,0.006403425692259522,6.403425692259523e+17,87,0.0005482613277745506,5.482613277745507e+26,815.1848530710175,42.192326658840464,108.05846280728551,2.533364526803287,0.0,48.14868536549504,0.005137176206050783,0.0002658898969640626,0.0006809686930574627,1.596489424370249e-05,0.0,0.0003034260019435102,5027,2003,6470,0.14837037037037037,0.4792592592592593,1,0,0
flow,0.4,0.5,0,registered,during_vibration,flow_dump_0.4_0.5.shear.wave,2028,202800,202.8,0.20279999999999998,158683.45183699526,1002.1621694534344,0.006315480019194992,6.315480019194993e+17,86,0.0005419594734323146,5.419594734323146e+26,804.7199780558137,46.89090708555702,106.17697246715873,0.0,0.0,44.374311844905016,0.005071228087995262,0.00029549966642851243,0.0006691118149876594,0.0,0.0,0.00027964044978355865,4981,1980,6539,0.14666666666666667,0.4843703703703704,1,0,0
flow,0.4,0.5,0,registered,during_vibration,flow_dump_0.4_0.5.shear.wave,2029,202900,202.9,0.2029,158683.45183699526,914.7683730527154,0.005764737043862614,5.764737043862614e+17,89,0.0005608650364590232,5.6086503645902325e+26,733.9255801587527,29.589671769165083,104.8043469327411,13.039832302271043,0.0,33.408941889785424,0.00462509210420167,0.00018646980152385736,0.0006604617288033253,8.217512381609884e-05,0.0,0.0002105382855176617,4902,1845,6753,0.13666666666666666,0.5002222222222222,1,0,0
flow,0.4,0.5,0,registered,during_vibration,flow_dump_0.4_0.5.shear.wave,2030,203000,203.0,0.20299999999999999,158683.45183699526,905.815179525638,0.0057083153223571196,5.7083153223571194e+17,78,0.0004915446386944248,4.9154463869442485e+26,741.4920272166055,22.202314593657867,101.10226260376079,16.721851132979538,0.0,24.296723978634002,0.0046727747514485,0.00013991575262973735,0.0006371317325994161,0.00010537867017259469,0.0,0.00015311441550686948,4814,1802,6884,0.13348148148148148,0.5099259259259259,1,0,0
flow,0.4,0.5,0,registered,during_vibration,flow_dump_0.4_0.5.shear.wave,2031,203100,203.1,0.2031,158683.45183699526,806.1943701547531,0.005080519492246122,5.0805194922461216e+17,67,0.00042222424092982645,4.2222424092982644e+26,670.0329385810373,29.81203368176296,56.91762879955425,24.606782257592812,0.0,24.824986834805774,0.004222449983438202,0.00018787109390831024,0.00035868660620026006,0.00015506835761847234,0.0,0.00015644345108087765,4800,1771,6929,0.13118518518518518,0.5132592592592593,1,0,0
flow,0.4,0.5,0,registered,during_vibration,flow_dump_0.4_0.5.shear.wave,2032,203200,203.20000000000002,0.2032,158683.45183699526,823.468393456184,0.005189377870996134,5.189377870996134e+17,73,0.0004600353669832438,4.600353669832438e+26,691.3853466119664,14.068537066083502,58.39574171813035,19.49959774670125,0.0,40.11917031330252,0.004357009748705112,8.865787139880948e-05,0.0003680014585145043,0.00012288362473190882,0.0,0.0002528251676457998,4812,1816,6872,0.1345185185185185,0.5090370370370371,1,0,0
flow,0.4,0.5,0,registered,during_vibration,flow_dump_0.4_0.5.shear.wave,2033,203300,203.3,0.20329999999999998,158683.45183699526,909.9527291189803,0.0057343895572281416,5.7343895572281414e+17,72,0.00045373351264100755,4.5373351264100753e+26,799.7161457220033,22.597997926330738,48.53813171146173,18.032823010978156,0.0,21.067630748206334,0.005039694665474616,0.00014240929135789237,0.0003058802360899085,0.00011364022399450985,0.0,0.0001327651403112133,4870,1892,6738,0.14014814814814816,0.4991111111111111,1,0,0
flow,0.4,0.5,0,registered,during_vibration,flow_dump_0.4_0.5.shear.wave,2034,203400,203.4,0.2034,158683.45183699526,1061.0034570860187,0.006686289243165163,6.686289243165164e+17,82,0.0005167520560633698,5.167520560633698e+26,907.3304462680068,31.558541181312126,60.792483778665,0.0,0.0,61.321985858034274,0.005717864312657162,0.00019887732977809226,0.0003831053778759048,0.0,0.0,0.0003864422228540011,4902,1945,6653,0.14407407407407408,0.4928148148148148,1,0,0
flow,0.4,0.5,0,registered,during_vibration,flow_dump_0.4_0.5.shear.wave,2035,203500,203.5,0.2035,158683.45183699526,1054.0931007329518,0.00664274118397519,6.64274118397519e+17,85,0.0005356576190900784,5.356576190900784e+26,885.0131042724792,9.202890982973821,80.9278778607528,0.0,0.0,78.94922761674603,0.005577223674095476,5.7995278502180095e-05,0.0005099956985047472,0.0,0.0,0.0004975265328727863,4964,2030,6506,0.15037037037037038,0.4819259259259259,1,0,0
flow,0.4,0.5,0,registered,during_vibration,flow_dump_0.4_0.5.shear.wave,2036,203600,203.6,0.2036,158683.45183699526,1026.8130704122777,0.006470826406442514,6.470826406442514e+17,82,0.0005167520560633698,5.167520560633698e+26,866.1737636363433,21.031679444227493,83.3002537261834,0.0,0.0,56.307373605523296,0.005458500893502776,0.00013253858043012518,0.0005249460656537273,0.0,0.0,0.0003548408668558839,4998,2081,6421,0.15414814814814815,0.4756296296296296,1,0,0
flow,0.4,0.5,0,registered,during_vibration,flow_dump_0.4_0.5.shear.wave,2037,203700,203.70000000000002,0.2037,158683.45183699526,963.8077602664054,0.006073776119115809,6.073776119115809e+17,83,0.0005230539104056059,5.2305391040560594e+26,790.5823521979422,18.594986701816808,82.2544844230336,14.223275585710706,0.0,58.152661357902346,0.004982134829093924,0.00011718289769066894,0.0005183557798296955,8.963301101063336e-05,0.0,0.0003664696014908891,4971,2041,6488,0.15118518518518517,0.48059259259259257,1,0,0
flow,0.4,0.5,0,registered,during_vibration,flow_dump_0.4_0.5.shear.wave,2038,203800,203.8,0.20379999999999998,158683.4518369953,953.694443780363,0.006010043471703833,6.010043471703832e+17,89,0.0005608650364590231,5.608650364590231e+26,796.0968334556746,10.766248277711018,84.90851950373275,13.560007613409704,0.0,48.36283492983517,0.005016886286753144,6.784732845848635e-05,0.0005350811223274465,8.545319285932207e-05,0.0,0.000304775541305435,4886,2009,6605,0.14881481481481482,0.4892592592592593,1,0,0
flow,0.4,0.5,0,registered,during_vibration,flow_dump_0.4_0.5.shear.wave,2039,203900,203.9,0.2039,158683.45183699526,953.9743214596037,0.006011807220072052,6.011807220072051e+17,86,0.0005419594734323146,5.419594734323146e+26,796.0105585813528,21.85744270526669,88.92284058630501,21.671051804689114,0.0,25.512427781989917,0.005016342595061774,0.00013774242022236417,0.000560378789072785,0.00013656781191620607,0.0,0.00016077560379892104,4833,1919,6748,0.14214814814814813,0.4998518518518518,1,0,0
flow,0.4,0.5,0,registered,during_vibration,flow_dump_0.4_0.5.shear.wave,2040,204000,204.0,0.204,158683.45183699526,897.7238813141528,0.005657325139588743,5.657325139588743e+17,76,0.0004789409300099524,4.789409300099524e+26,782.4736006172163,11.496525935237255,78.2592806259769,9.248886905728366,0.0,16.24558722999402,0.004931034657734811,7.244943188560617e-05,0.000493178587433095,5.828513810771598e-05,0.0,0.00010237732442751503,4744,1855,6901,0.1374074074074074,0.5111851851851852,1,0,0
flow,0.4,0.5,0,registered,during_vibration,flow_dump_0.4_0.5.shear.wave,2041,204100,204.1,0.2041,158683.45183699526,843.1854909500198,0.005313632147453958,5.3136321474539584e+17,74,0.00046633722132547996,4.6633722132548e+26,700.538564247187,37.89706605211893,56.35915276098722,7.397781027052337,0.0,40.992926862674416,0.004414691993005059,0.00023882179025855836,0.0003551671715515815,4.661973848824246e-05,0.0,0.0002583314541505164,4722,1805,6973,0.1337037037037037,0.5165185185185185,1,0,0
flow,0.4,0.5,0,registered,during_vibration,flow_dump_0.4_0.5.shear.wave,2042,204200,204.20000000000002,0.2042,158683.4518369953,762.9217570641333,0.004807821787541091,4.8078217875410906e+17,68,0.00042852609527206263,4.2852609527206266e+26,656.2548513645398,31.17149170247935,22.38657096425398,8.3540547464779,0.0,44.754788286381824,0.004135622484685207,0.00019643820033924964,0.0001410769094388631,5.264603617937081e-05,0.0,0.0002820381568983978,4772,1777,6951,0.13162962962962962,0.5148888888888888,1,0,0
flow,0.4,0.5,0,registered,during_vibration,flow_dump_0.4_0.5.shear.wave,2043,204300,204.3,0.20429999999999998,158683.45183699526,699.0296804419588,0.004405183227045153,4.4051832270451526e+17,56,0.00035290384316522807,3.529038431652281e+26,582.8909850902971,36.37056706243637,19.525788015734342,0.0,5.847850861127128,54.39448941236396,0.0036732940854416344,0.00022920201597200813,0.00012304867199253934,0.0,3.685230434194379e-05,0.0003427861492970277,4889,1866,6745,0.13822222222222222,0.49962962962962965,1,0,0
flow,0.4,0.5,0,registered,during_vibration,flow_dump_0.4_0.5.shear.wave,2044,204400,204.4,0.2044,158683.45183699526,897.9218328194245,0.0056585726011417915,5.6585726011417914e+17,78,0.0004915446386944248,4.9154463869442485e+26,732.4464720264582,30.57987201509484,55.6056005737485,0.0,0.0,79.28988820412307,0.004615770980195532,0.00019270989924335315,0.0003504183954283296,0.0,0.0,0.0004996733262745771,4947,2009,6544,0.14881481481481482,0.48474074074074075,1,0,0
flow,0.4,0.5,0,registered,during_vibration,flow_dump_0.4_0.5.shear.wave,2045,204500,204.5,0.2045,158683.45183699526,1056.4844929396477,0.006657811389336946,6.657811389336946e+17,90,0.0005671668908012594,5.671668908012594e+26,836.5543609590235,61.30702326645276,82.12091964587039,0.0,0.0,76.50218906830119,0.005271843732126265,0.00038634793078127204,0.0005175140740587597,0.0,0.0,0.00048210565237064983,4986,2066,6448,0.15303703703703703,0.4776296296296296,1,0,0
flow,0.4,0.5,0,registered,during_vibration,flow_dump_0.4_0.5.shear.wave,2046,204600,204.6,0.2046,158683.4518369953,1066.8041004623515,0.006722844052814069,6.722844052814068e+17,85,0.0005356576190900783,5.356576190900783e+26,817.9454471626645,58.510320764112365,114.17125797605453,0.0,0.0,76.17707455951987,0.00515457306791438,0.00036872351897295527,0.0007194906378349703,0.0,0.0,0.0004800568280917622,4999,2045,6456,0.1514814814814815,0.4782222222222222,1,0,0
flow,0.4,0.5,0,registered,during_vibration,flow_dump_0.4_0.5.shear.wave,2047,204700,204.70000000000002,0.2047,158683.45183699526,995.8802906380963,0.006275892533905152,6.275892533905152e+17,83,0.0005230539104056059,5.2305391040560594e+26,811.2101323560862,33.22644975100743,106.2787464962225,7.552559429075816,0.0,37.61240260570421,0.005112128095054218,0.0002093882466404796,0.0006697531800946417,4.759512943311851e-05,0.0,0.00023702788268269384,4992,1996,6512,0.14785185185185185,0.4823703703703704,1,0,0
flow,0.4,0.5,0,registered,during_vibration,flow_dump_0.4_0.5.shear.wave,2048,204800,204.8,0.20479999999999998,158683.45183699526,1001.4370930369594,0.006310910693231375,6.310910693231375e+17,91,0.0005734687451434957,5.734687451434957e+26,791.6823961506332,47.4565537118784,105.63154863165937,3.474003228068251,0.0,53.192591314719955,0.00498906714585384,0.0002990642890767671,0.0006656746334215586,2.189266232774454e-05,0.0,0.0003352119625514644,4920,1970,6610,0.14592592592592593,0.48962962962962964,1,0,0
flow,0.4,0.5,0,registered,during_vibration,flow_dump_0.4_0.5.shear.wave,2049,204900,204.9,0.2049,158683.45183699526,981.5949792107222,0.006185868582056358,6.185868582056357e+17,94,0.0005923743081702043,5.9237430817020434e+26,780.1569008876678,45.737483414709885,100.80234295273482,19.557140456117235,0.0,35.34111149949285,0.004916435153484499,0.0002882309584599464,0.0006352416826442761,0.00012324625050510598,0.0,0.00022271453696253327,4828,1859,6813,0.13770370370370372,0.5046666666666667,1,0,0
flow,0.4,0.5,0,registered,during_vibration,flow_dump_0.4_0.5.shear.wave,2050,205000,205.0,0.205,158683.45183699526,866.0739738617402,0.005457872032878383,5.4578720328783834e+17,74,0.00046633722132547996,4.6633722132548e+26,706.8789301262814,29.13826249946559,95.46180644696624,15.507574879574662,0.0,19.087399909452515,0.004454648055251597,0.00018362508605747593,0.0006015863994755274,9.772647809240085e-05,0.0,0.00012028601400138248,4763,1812,6925,0.13422222222222221,0.512962962962963,1,0,0
flow,0.4,0.5,0,registered,during_vibration,flow_dump_0.4_0.5.shear.wave,2051,205100,205.1,0.2051,158683.45183699526,824.9825780273096,0.005198920041610629,5.198920041610629e+17,69,0.0004348279496142989,4.3482794961429895e+26,686.0504130887626,25.542096066378072,65.15831722097843,24.44474123899903,0.0,23.78701041219152,0.004323389774716369,0.00016096256900571923,0.00041061822431182776,0.00015404719872182674,0.0,0.0001499022748548872,4736,1767,6997,0.1308888888888889,0.5182962962962963,1,0,0
flow,0.4,0.5,0,registered,during_vibration,flow_dump_0.4_0.5.shear.wave,2052,205200,205.20000000000002,0.2052,158683.45183699526,877.8788258823379,0.0055322644908438415,5.532264490843841e+17,73,0.0004600353669832438,4.600353669832438e+26,739.0362876889761,16.18670814424155,66.26040469131544,28.891099887215365,0.0,27.504325470589258,0.004657299038642908,0.00010200627700529893,0.0004175634190222952,0.0001820675032762284,0.0,0.00017332825289711107,4765,1828,6907,0.13540740740740742,0.5116296296296297,1,0,0
flow,0.4,0.5,0,registered,during_vibration,flow_dump_0.4_0.5.shear.wave,2053,205300,205.3,0.20529999999999998,158683.45183699526,957.6383194499849,0.00603489720171768,6.034897201717679e+17,77,0.00048524278435218865,4.852427843521887e+26,839.4711724114063,17.30265931825778,58.36030905215509,21.262525624227223,0.0,21.241653043938605,0.005290225053042948,0.00010903883875699673,0.0003677781670145711,0.00013399333943194515,0.0,0.00013386180347121964,4832,1899,6769,0.14066666666666666,0.5014074074074074,1,0,0
flow,0.4,0.5,0,registered,during_vibration,flow_dump_0.4_0.5.shear.wave,2054,205400,205.4,0.2054,158683.45183699526,1045.4193359358603,0.006588080381625103,6.588080381625102e+17,81,0.0005104502017211335,5.104502017211335e+26,894.2327346161495,18.92157006685378,64.1779654881643,0.0,0.0,68.08706576469262,0.005635324441610547,0.0001192409784877293,0.0004044401904874742,0.0,0.0,0.000429074771039351,4892,1932,6676,0.1431111111111111,0.4945185185185185,1,0,0
flow,0.4,0.5,0,registered,during_vibration,flow_dump_0.4_0.5.shear.wave,2055,205500,205.5,0.2055,158683.45183699526,1028.770225324473,0.00648316011162436,6.48316011162436e+17,80,0.0005041483473788973,5.041483473788973e+26,862.8146606914539,24.25833654356431,74.0538553294965,0.0,0.0,67.64337275995834,0.005437332316023506,0.00015287250348248823,0.0004666766097675201,0.0,0.0,0.00042627868235084644,4957,2038,6505,0.15096296296296297,0.48185185185185186,1,0,0
flow,0.4,0.5,0,registered,during_vibration,flow_dump_0.4_0.5.shear.wave,2056,205600,205.6,0.20559999999999998,158683.45183699526,1116.3675535633568,0.007035185714954861,7.035185714954861e+17,96,0.0006049780168546768,6.049780168546768e+26,944.0776007307247,19.2575550808988,84.46154705430311,4.696942086812985,0.0,63.87390861061714,0.005949439527572866,0.00012135830710741521,0.0005322643670561486,2.9599444885014444e-05,0.0,0.00040252406833341686,5000,2107,6393,0.1560740740740741,0.47355555555555556,1,0,0
flow,0.4,0.5,0,registered,during_vibration,flow_dump_0.4_0.5.shear.wave,2057,205700,205.70000000000002,0.2057,158683.4518369953,1153.0512912916804,0.007266361286847551,7.266361286847551e+17,90,0.0005671668908012594,5.671668908012594e+26,958.1998023996348,27.918429293286373,73.96163994989587,10.998806965889095,0.0,81.97261268297379,0.006038435585482021,0.00017593787487031146,0.00046609548187716277,6.931287943740612e-05,0.0,0.0005165794651806458,4980,2064,6456,0.15288888888888888,0.4782222222222222,1,0,0
flow,0.4,0.5,0,registered,during_vibration,flow_dump_0.4_0.5.shear.wave,2058,205800,205.8,0.20579999999999998,158683.45183699526,958.8942021873911,0.006042811591799742,6.042811591799743e+17,82,0.0005167520560633698,5.167520560633698e+26,811.2246372920457,4.827028993796868,86.94160054332873,19.757175278301823,0.0,36.14376007991756,0.005112219503047878,3.0419233624658906e-05,0.0005478933029049427,0.00012450684081788835,0.0,0.0002277727114043725,4890,2007,6603,0.14866666666666667,0.4891111111111111,1,0,0
flow,0.4,0.5,0,registered,during_vibration,flow_dump_0.4_0.5.shear.wave,2059,205900,205.9,0.2059,158683.45183699526,999.0047067546672,0.006295582149176317,6.295582149176317e+17,84,0.0005293557647478421,5.293557647478421e+26,854.132033546556,7.640300101886535,90.59142341618863,17.75189074050514,0.0,28.889058949530913,0.005382615664448413,4.8148058373061464e-05,0.0005708939550246679,0.0001118698297459552,0.0,0.0001820546415842194,4842,1921,6737,0.1422962962962963,0.49903703703703706,1,0,0
flow,0.4,0.5,0,registered,during_vibration,flow_dump_0.4_0.5.shear.wave,2060,206000,206.0,0.206,158683.45183699526,904.3819573894336,0.00569928336521469,5.6992833652146906e+17,77,0.00048524278435218865,4.852427843521887e+26,753.6009142984366,11.454205226806826,56.08817267717115,12.558723904205692,0.0,70.67994128281337,0.004749083194084785,7.218273294541735e-05,0.0003534594945337257,7.91432487686644e-05,0.0,0.00044541469488209825,4766,1860,6874,0.13777777777777778,0.5091851851851852,1,0,0
flow,0.4,0.5,0,registered,during_vibration,flow_dump_0.4_0.5.shear.wave,2061,206100,206.1,0.20609999999999998,158683.4518369953,865.6663824835488,0.0054553034513818675,5.4553034513818675e+17,66,0.00041592238658759017,4.1592238658759015e+26,733.6179552769005,26.36682732369098,71.81263119813252,8.10774275734245,0.0,25.76122592748225,0.004623153497004188,0.00016615990526079447,0.0004525527417433593,5.109381390109274e-05,0.0,0.00016234349347243217,4740,1806,6954,0.13377777777777777,0.5151111111111111,1,0,0
flow,0.4,0.5,0,registered,during_vibration,flow_dump_0.4_0.5.shear.wave,2062,206200,206.20000000000002,0.2062,158683.45183699526,742.5072519693078,0.004679172549964663,4.679172549964663e+17,64,0.0004033186779031178,4.0331867790311785e+26,618.1560279732811,22.542721141425275,50.86306880826282,13.067371332026974,0.0,37.87806271431152,0.003895529249062913,0.000142060945110911,0.0003205316510288105,8.234867077034723e-05,0.0,0.00023870203399167976,4768,1803,6929,0.13355555555555557,0.5132592592592593,1,0,0
flow,0.4,0.5,0,registered,during_vibration,flow_dump_0.4_0.5.shear.wave,2063,206300,206.3,0.20629999999999998,158683.45183699526,824.951813378154,0.005198726167272761,5.19872616727276e+17,69,0.0004348279496142989,4.3482794961429895e+26,682.9218431267971,39.15909224868565,49.829396325256106,0.0,3.908816180439059,49.13266549697604,0.0043036739825165655,0.00024677489552540823,0.00031401759760332456,0.0,2.4632790219703065e-05,0.00030962690140775797,4905,1904,6691,0.14103703703703704,0.49562962962962964,1,0,0
flow,0.4,0.5,0,registered,during_vibration,flow_dump_0.4_0.5.shear.wave,2064,206400,206.4,0.2064,158683.45183699526,894.032306599798,0.005634061373445396,5.6340613734453965e+17,83,0.0005230539104056059,5.2305391040560594e+26,717.4602852264002,35.46037349183135,60.07078499911028,0.0,0.0,81.04086288245645,0.004521330213836024,0.0002234661086668154,0.0003785573372881813,0.0,0.0,0.000510707713654378,4984,2034,6482,0.15066666666666667,0.48014814814814816,1,0,0
flow,0.4,0.5,0,registered,during_vibration,flow_dump_0.4_0.5.shear.wave,2065,206500,206.5,0.2065,158683.4518369953,1021.2958230465948,0.0064360575171738925,6.436057517173893e+17,85,0.0005356576190900783,5.356576190900783e+26,792.262042573816,43.120821103684456,84.35023588737613,0.0,0.0,101.56272348171797,0.004992719993182735,0.0002717411337130449,0.0005315629002955103,0.0,0.0,0.0006400334899826003,5010,2075,6415,0.1537037037037037,0.4751851851851852,1,0,0
flow,0.4,0.5,0,registered,during_vibration,flow_dump_0.4_0.5.shear.wave,2066,206600,206.6,0.20659999999999998,158683.45183699526,1093.8115589198135,0.006893041122166991,6.893041122166991e+17,98,0.0006175817255391491,6.1758172553914915e+26,846.6171502886864,42.82883034362072,110.57577088625149,4.306911310797074,0.0,89.48289609045791,0.005335257964758409,0.00026990105047384447,0.0006968324019056409,2.714152774557281e-05,0.0,0.0005639081772835243,5032,2032,6436,0.15051851851851852,0.47674074074074074,1,0,0
flow,0.4,0.5,0,registered,during_vibration,flow_dump_0.4_0.5.shear.wave,2067,206700,206.70000000000002,0.2067,158683.45183699526,970.9000631278382,0.006118470778699583,6.118470778699583e+17,84,0.0005293557647478421,5.293557647478421e+26,783.135681911169,28.5739335250866,115.51948980722639,0.0,0.0,43.67095788435605,0.00493520699761202,0.00018006876705983598,0.0007279869984545819,0.0,0.0,0.0002752080155731441,5008,2008,6484,0.14874074074074073,0.4802962962962963,1,0,0
flow,0.4,0.5,0,registered,during_vibration,flow_dump_0.4_0.5.shear.wave,2068,206800,206.8,0.20679999999999998,158683.45183699526,986.2182479310052,0.006215003748116598,6.215003748116598e+17,89,0.0005608650364590232,5.6086503645902325e+26,780.4169370904045,35.996278427904194,117.54974836847535,8.552193183476732,0.0,43.70309086074441,0.004918073863757854,0.00022684330351523186,0.0007407813921846509,5.389467574893581e-05,0.0,0.00027541051290992603,4932,1989,6579,0.14733333333333334,0.48733333333333334,1,0,0
flow,0.4,0.5,0,registered,during_vibration,flow_dump_0.4_0.5.shear.wave,2069,206900,206.9,0.2069,158683.4518369953,1007.0273959589072,0.006346139967974467,6.346139967974467e+17,97,0.0006112798711969128,6.1127987119691286e+26,807.705654166474,41.519626064470295,105.88659792407557,13.763828047095965,0.0,38.15168975679133,0.005090043383957737,0.00026165063580240605,0.0006672819169124558,8.673763954438431e-05,0.0,0.00024042639175748435,4857,1889,6754,0.13992592592592593,0.5002962962962964,1,0,0
flow,0.4,0.5,0,registered,during_vibration,flow_dump_0.4_0.5.shear.wave,2070,207000,207.0,0.207,158683.45183699526,884.9116992949516,0.005576584634697519,5.5765846346975194e+17,72,0.00045373351264100755,4.5373351264100753e+26,759.2547854167476,35.58718027459933,67.93143769175688,6.721967727989636,0.0,15.416328183858067,0.004784713066342157,0.00022426522654142683,0.00042809402559214707,4.23608615150032e-05,0.0,9.715145470678452e-05,4786,1816,6898,0.1345185185185185,0.510962962962963,1,0,0
flow,0.4,0.5,0,registered,during_vibration,flow_dump_0.4_0.5.shear.wave,2071,207100,207.1,0.20709999999999998,158683.45183699526,807.2950886782545,0.005087456060053029,5.087456060053029e+17,65,0.00040962053224535404,4.096205322453541e+26,677.9788644113245,19.155420767609982,64.90593584826443,15.135833738021393,0.0,30.11903391303404,0.004272524050634884,0.00012071467154172476,0.0004090277536622905,9.538381956531553e-05,0.0,0.00018980576464881343,4752,1778,6970,0.1317037037037037,0.5162962962962963,1,0,0
flow,0.4,0.5,0,registered,during_vibration,flow_dump_0.4_0.5.shear.wave,2072,207200,207.20000000000002,0.2072,158683.45183699526,838.3303465157231,0.005283035734418501,5.283035734418501e+17,69,0.0004348279496142989,4.3482794961429895e+26,714.0537179045323,16.502706555044153,53.031498239575875,30.46237170614144,0.0,24.280052110429086,0.004499862522766591,0.00010399765296255505,0.0003341967774563635,0.00019196942941116107,0.0,0.00015300935182182914,4777,1827,6896,0.13533333333333333,0.5108148148148148,1,0,0
flow,0.4,0.5,0,registered,during_vibration,flow_dump_0.4_0.5.shear.wave,2073,207300,207.3,0.20729999999999998,158683.45183699526,861.720095192246,0.005430434523679461,5.430434523679461e+17,72,0.00045373351264100755,4.5373351264100753e+26,765.0326924325492,13.653239824179016,44.46227139631334,5.7828847650219135,0.0,32.7890067741825,0.004821124594758724,8.604072867159496e-05,0.00028019475806454234,3.644289746710501e-05,0.0,0.00020663154471749472,4834,1901,6765,0.1408148148148148,0.5011111111111111,1,0,0
flow,0.4,0.5,0,registered,during_vibration,flow_dump_0.4_0.5.shear.wave,2074,207400,207.4,0.2074,158683.45183699526,871.2978163976146,0.005490791927646241,5.490791927646241e+17,75,0.0004726390756677162,4.726390756677162e+26,748.3585553388825,10.798824550902172,52.68561981339503,0.0,0.0,59.45481669443494,0.004716046611511958,6.80526193871499e-05,0.0003320171019944499,0.0,0.0,0.00037467559475268307,4900,1983,6617,0.1468888888888889,0.49014814814814817,1,0,0
flow,0.4,0.5,0,registered,during_vibration,flow_dump_0.4_0.5.shear.wave,2075,207500,207.5,0.2075,158683.45183699526,999.1194541614154,0.006296305270619793,6.296305270619794e+17,80,0.0005041483473788973,5.041483473788973e+26,861.0891177484825,0.0,72.08270816837751,0.0,0.0,65.94762824455522,0.005426458195735627,0.0,0.00045425472747103574,0.0,0.0,0.00041559234741313,4974,2049,6477,0.1517777777777778,0.4797777777777778,1,0,0
flow,0.4,0.5,0,registered,during_vibration,flow_dump_0.4_0.5.shear.wave,2076,207600,207.6,0.20759999999999998,158683.4518369953,1135.0232863355632,0.007152751425532987,7.152751425532987e+17,90,0.0005671668908012594,5.671668908012594e+26,960.8696900614632,10.570723322056697,87.74391382476831,3.9890476227648515,0.0,71.84991150451012,0.006055260828636997,6.661515866768062e-05,0.0005529493643414165,2.513839708290773e-05,0.0,0.00045278767680398483,4988,2103,6409,0.15577777777777777,0.47474074074074074,1,0,0
flow,0.4,0.5,0,registered,during_vibration,flow_dump_0.4_0.5.shear.wave,2077,207700,207.70000000000002,0.2077,158683.45183699526,987.7870134768061,0.006224889880083354,6.224889880083354e+17,84,0.0005293557647478421,5.293557647478421e+26,820.505102286069,16.07605341091103,68.36842236391489,6.808035077983118,0.0,76.02940033792804,0.005170703641668435,0.000101308946993571,0.00043084783934587665,4.290324541828439e-05,0.0,0.0004791262066571874,4967,2043,6490,0.15133333333333332,0.48074074074074075,1,0,0
flow,0.4,0.5,0,registered,during_vibration,flow_dump_0.4_0.5.shear.wave,2078,207800,207.8,0.20779999999999998,158683.45183699526,954.2875536694023,0.006013781163833499,6.013781163833499e+17,83,0.0005230539104056059,5.2305391040560594e+26,781.9024736855591,17.918124959060933,88.37004271555814,18.888754099599147,0.0,47.208158209624976,0.0049274354990005795,0.00011291741357798926,0.00055689513741064,0.00011903417704199101,0.0,0.0002974989368022994,4894,1996,6610,0.14785185185185185,0.48962962962962964,1,0,0
flow,0.4,0.5,0,registered,during_vibration,flow_dump_0.4_0.5.shear.wave,2079,207900,207.9,0.2079,158683.45183699526,1251.44768383266,0.007886441020442303,7.886441020442303e+17,88,0.000554563182116787,5.54563182116787e+26,1058.7599352108139,26.19555056009087,101.86844987439845,46.55268209143429,0.0,18.07106609592251,0.006672150895094002,0.00016508054404437697,0.0006419601331778502,0.0002933682217806473,0.0,0.00011388122634542694,4852,1932,6716,0.1431111111111111,0.49748148148148147,1,0,0
flow,0.4,0.5,0,registered,during_vibration,flow_dump_0.4_0.5.shear.wave,2080,208000,208.0,0.208,158683.4518369953,967.5676950837168,0.006097470680670807,6.097470680670807e+17,77,0.00048524278435218855,4.8524278435218856e+26,800.96529872306,12.661574415520334,90.89802284388439,29.712849591865773,0.0,33.329949509386324,0.005047566645738443,7.979139770999379e-05,0.0005728260999594195,0.00018724605022071085,0.0,0.00021004048704224,4793,1871,6836,0.1385925925925926,0.5063703703703704,1,0,0
flow,0.4,0.5,0,registered,during_vibration,flow_dump_0.4_0.5.shear.wave,2081,208100,208.1,0.20809999999999998,158683.45183699526,860.3517686886051,0.005421811529360895,5.421811529360895e+17,70,0.00044112980395653514,4.411298039565352e+26,724.561298896379,15.666020395148097,77.55128151360087,0.0,0.0,42.57316788347735,0.004566079767666459,9.872497865272516e-05,0.0004887168801524689,0.0,0.0,0.0002682899028892432,4746,1827,6927,0.13533333333333333,0.5131111111111111,1,0,0
flow,0.4,0.5,0,registered,during_vibration,flow_dump_0.4_0.5.shear.wave,2082,208200,208.20000000000002,0.2082,158683.45183699526,824.472268163691,0.005195704143180698,5.195704143180698e+17,67,0.00042222424092982645,4.2222424092982644e+26,693.7500409094514,17.28837825883651,54.4361777181618,3.903081932359089,0.0,55.094589344882294,0.004371911707731779,0.00010894884160067104,0.0003430488629279403,2.4596653823540843e-05,0.0,0.00034719807709676767,4794,1804,6902,0.13362962962962963,0.5112592592592593,1,0,0
flow,0.4,0.5,0,registered,during_vibration,flow_dump_0.4_0.5.shear.wave,2083,208300,208.3,0.20829999999999999,158683.45183699526,822.7713773945907,0.005184985377301774,5.1849853773017734e+17,68,0.0004285260952720627,4.2852609527206266e+26,681.3049767749154,32.04982574251689,45.03497802707981,0.0,6.671732341814085,57.7098645082644,0.004293484726276145,0.0002019733335233941,0.0002838038718324655,0.0,4.204428542849889e-05,0.0003636791602412697,4912,1900,6688,0.14074074074074075,0.4954074074074074,1,0,0
flow,0.4,0.5,0,registered,during_vibration,flow_dump_0.4_0.5.shear.wave,2084,208400,208.4,0.2084,158683.4518369953,890.1700338363408,0.005609721893060103,5.609721893060103e+17,75,0.00047263907566771614,4.726390756677161e+26,738.6245319857753,36.228193195889375,43.9116240958253,0.0,0.0,71.40568455885075,0.00465470421417675,0.00022830479660288796,0.0002767246589829211,0.0,0.0,0.00044998822329754307,4984,2040,6476,0.1511111111111111,0.4797037037037037,1,0,0
flow,0.4,0.5,0,registered,during_vibration,flow_dump_0.4_0.5.shear.wave,2085,208500,208.5,0.2085,158683.45183699526,1011.0970620068862,0.006371786410630376,6.371786410630376e+17,85,0.0005356576190900784,5.356576190900784e+26,784.527358819441,30.894150908969085,94.15555566298423,6.145499198943039,0.0,95.37449741654885,0.004943977142779404,0.00019469043905538777,0.0005933545973004409,3.872804081206838e-05,0.0,0.0006010361906830751,5002,2090,6408,0.15481481481481482,0.4746666666666667,1,0,0
flow,0.4,0.5,0,registered,during_vibration,flow_dump_0.4_0.5.shear.wave,2086,208600,208.6,0.20859999999999998,158683.45183699526,1023.5701279853251,0.006450389855627601,6.450389855627601e+17,89,0.0005608650364590232,5.6086503645902325e+26,817.234452899317,30.193807619340035,110.42289219298875,0.0,0.0,65.71897527367906,0.005150092485628599,0.00019027697765458293,0.0006958689826486677,0.0,0.0,0.0004141514096957489,5027,2046,6427,0.15155555555555555,0.4760740740740741,1,0,0
flow,0.4,0.5,0,registered,during_vibration,flow_dump_0.4_0.5.shear.wave,2087,208700,208.70000000000002,0.2087,158683.45183699526,966.5183523673649,0.006090857875717271,6.090857875717271e+17,86,0.0005419594734323146,5.419594734323146e+26,771.8209376914529,21.681637985672342,106.6843265090783,4.277307508063661,0.0,62.05414267309763,0.00486390312761971,0.00013663452448680293,0.0006723090862597814,2.695496889277055e-05,0.0,0.00039105616845820597,5003,2027,6470,0.15014814814814814,0.4792592592592593,1,0,0
flow,0.4,0.5,0,registered,during_vibration,flow_dump_0.4_0.5.shear.wave,2088,208800,208.8,0.20879999999999999,158683.4518369953,936.9495686054277,0.005904519707372462,5.904519707372462e+17,80,0.0005041483473788972,5.041483473788972e+26,735.9768855399406,27.528596632980914,120.91867437139426,12.656914731324935,0.0,39.868497329787004,0.00463801913192536,0.00017348120622722002,0.0007620118731448178,7.976203305891356e-05,0.0,0.0002512454630161512,4918,2004,6578,0.14844444444444443,0.4872592592592593,1,0,0
flow,0.4,0.5,0,registered,during_vibration,flow_dump_0.4_0.5.shear.wave,2089,208900,208.9,0.2089,158683.45183699526,950.1275990157974,0.005987565735536173,5.987565735536173e+17,89,0.0005608650364590232,5.6086503645902325e+26,746.5021870940859,33.31245902888695,107.69178797335346,13.34198420013545,0.0,49.27918071933545,0.004704348049227697,0.00020993026458175726,0.0006786579616630593,8.407924106567056e-05,0.0,0.0003105502189979873,4862,1905,6733,0.1411111111111111,0.49874074074074076,1,0,0
flow,0.4,0.5,0,registered,during_vibration,flow_dump_0.4_0.5.shear.wave,2090,209000,209.0,0.209,158683.45183699526,878.0447024627035,0.005533309820892095,5.533309820892095e+17,83,0.0005230539104056059,5.2305391040560594e+26,722.6751817977525,26.40787242070161,93.28917426995471,10.203135703258827,2.9409326588276383,22.528405612207912,0.004554193732438513,0.00016641856548361847,0.0005878947879567451,6.4298675036007e-05,1.8533329246257252e-05,0.00014197073073095117,4789,1829,6882,0.13548148148148148,0.5097777777777778,1,0,0
flow,0.4,0.5,0,registered,during_vibration,flow_dump_0.4_0.5.shear.wave,2091,209100,209.1,0.20909999999999998,158683.45183699526,813.0984633764011,0.005124028082094168,5.124028082094168e+17,66,0.0004159223865875903,4.159223865875903e+26,690.7420215663402,26.914766438953663,60.36239808915945,13.860557088031602,0.0,21.218720193916212,0.004352955607972863,0.00016961293775359372,0.0003803950405059605,8.73472118710249e-05,0.0,0.00013371728399072617,4762,1785,6953,0.1322222222222222,0.5150370370370371,1,0,0
flow,0.4,0.5,0,registered,during_vibration,flow_dump_0.4_0.5.shear.wave,2092,209200,209.20000000000002,0.2092,158683.45183699526,862.8471368528028,0.005437536976061922,5.437536976061922e+17,74,0.00046633722132547996,4.6633722132548e+26,745.7834134738597,14.219860099106146,53.77818711727602,20.01997215828412,0.0,29.045704004276875,0.00469981844256799,8.961148711154357e-05,0.0003389023020025976,0.00012616294847713093,0.0,0.00018304179590266007,4781,1838,6881,0.13614814814814816,0.5097037037037037,1,0,0
flow,0.4,0.5,0,registered,during_vibration,flow_dump_0.4_0.5.shear.wave,2093,209300,209.3,0.20929999999999999,158683.45183699526,879.261252948056,0.005540976344850763,5.540976344850763e+17,69,0.0004348279496142989,4.3482794961429895e+26,801.9909085756004,14.01375860147295,39.1061890720252,8.094378681237764,0.0,16.056018017719587,0.005054029889641116,8.831266549374243e-05,0.00024644150741185247,5.1009595440062456e-05,0.0,0.0001011826868639891,4851,1908,6741,0.14133333333333334,0.49933333333333335,1,0,0
flow,0.4,0.5,0,registered,during_vibration,flow_dump_0.4_0.5.shear.wave,2094,209400,209.4,0.2094,158683.45183699526,984.7150195128127,0.006205530621582038,6.205530621582038e+17,71,0.0004474316582987713,4.474316582987713e+26,854.5501340034161,9.40730455161496,51.09315851164796,0.0,0.0,69.66442244613381,0.005385250472627968,5.9283463037333256e-05,0.00032198164282519194,0.0,0.0,0.00043901504309154646,4904,1977,6619,0.14644444444444443,0.4902962962962963,1,0,0
flow,0.4,0.5,0,registered,during_vibration,flow_dump_0.4_0.5.shear.wave,2095,209500,209.5,0.2095,158683.45183699526,1010.601754885425,0.006368665057296255,6.368665057296255e+17,77,0.00048524278435218865,4.852427843521887e+26,860.5639723298967,16.617733108176516,78.89849804273787,0.0,0.0,54.521551404613774,0.005423148805799207,0.00010472253354588471,0.0004972068424865432,0.0,0.0,0.0003435868754646204,4962,2050,6488,0.15185185185185185,0.48059259259259257,1,0,0
flow,0.4,0.5,0,registered,during_vibration,flow_dump_0.4_0.5.shear.wave,2096,209600,209.6,0.20959999999999998,158683.45183699526,986.7150033282593,0.006218134228273813,6.218134228273814e+17,78,0.0004915446386944248,4.9154463869442485e+26,841.7035620018476,9.981190321631885,77.76363012345193,0.0,0.0,57.26662088132777,0.005304293247077033,6.290000756906199e-05,0.0004900550701615265,0.0,0.0,0.00036088590346619056,5017,2113,6370,0.15651851851851853,0.47185185185185186,1,0,0
flow,0.4,0.5,0,registered,during_vibration,flow_dump_0.4_0.5.shear.wave,2097,209700,209.70000000000002,0.2097,158683.45183699526,1030.553232133213,0.006494396360824255,6.494396360824256e+17,86,0.0005419594734323146,5.419594734323146e+26,851.5010746020732,14.244820684358226,78.1616097166559,18.125681846648774,0.0,68.52004528347715,0.005366035744399879,8.976878508409916e-05,0.0004925630795890805,0.00011422540685129573,0.0,0.0004318033448999026,4990,2063,6447,0.15281481481481482,0.47755555555555557,1,0,0
flow,0.4,0.5,0,registered,during_vibration,flow_dump_0.4_0.5.shear.wave,2098,209800,209.8,0.2098,158683.45183699526,1172.8948454381532,0.007391412474710901,7.3914124747109e+17,87,0.0005482613277745507,5.4826132777455075e+26,928.8621420001251,14.13950303341528,112.55695369099672,28.894245808058145,0.0,88.4420009055584,0.0058535539229023215,8.910508858819023e-05,0.0007093175273664884,0.0001820873284111518,0.0,0.0005573486074427526,4915,2031,6554,0.15044444444444444,0.48548148148148146,1,0,0
flow,0.4,0.5,0,registered,during_vibration,flow_dump_0.4_0.5.shear.wave,2099,209900,209.9,0.2099,158683.4518369953,952.1151623560816,0.006000091070202611,6.000091070202611e+17,83,0.0005230539104056058,5.230539104056058e+26,823.6023441904737,0.0,87.24776069986898,8.258519821074568,0.0,33.00653764466411,0.005190222009012662,0.0,0.0005498226796168555,5.2043988994882615e-05,0.0,0.0002080023925782096,4875,1950,6675,0.14444444444444443,0.49444444444444446,1,0,0
flow,0.4,0.5,0,registered,during_vibration,flow_dump_0.4_0.5.shear.wave,2100,210000,210.0,0.21,158683.45183699526,983.743298475625,0.006199406977144395,6.199406977144396e+17,84,0.0005293557647478421,5.293557647478421e+26,863.5994653980928,5.463595482161752,49.25639320323917,18.159908795571987,0.0,47.263935596559236,0.005442278040971846,3.443078291348321e-05,0.0003104066153907272,0.00011444110009798898,0.0,0.00029785043777034965,4780,1863,6857,0.138,0.5079259259259259,1,0,0
flow,0.4,0.5,0,registered,during_vibration,flow_dump_0.4_0.5.shear.wave,2101,210100,210.1,0.21009999999999998,158683.45183699526,876.1154034697009,0.005521151659655569,5.521151659655569e+17,71,0.0004474316582987713,4.474316582987713e+26,720.0828297781497,14.869986704825877,69.73732593795614,13.760830345310143,0.0,57.66443070345912,0.004537857107607175,9.370849028480175e-05,0.00043947447027805123,8.671874846436861e-05,0.0,0.0003633928430211732,4741,1815,6944,0.13444444444444445,0.5143703703703704,1,0,0
flow,0.4,0.5,0,registered,during_vibration,flow_dump_0.4_0.5.shear.wave,2102,210200,210.20000000000002,0.2102,158683.45183699526,762.1074605225592,0.004802690209344706,4.802690209344706e+17,60,0.00037811126053417294,3.78111260534173e+26,675.8808595774758,16.988760707113215,53.128631365305694,5.105081631382001,0.0,11.004127241282504,0.004259302729762662,0.00010706069543133342,0.0003348088962665189,3.217148084619501e-05,0.0,6.934640703799598e-05,4759,1804,6937,0.13362962962962963,0.5138518518518519,1,0,0
flow,0.4,0.5,0,registered,during_vibration,flow_dump_0.4_0.5.shear.wave,2103,210300,210.3,0.2103,158683.4518369953,770.3849648282337,0.004854853835796299,4.854853835796299e+17,64,0.00040331867790311776,4.033186779031178e+26,649.5307160166053,24.606647499935576,50.69525062471473,0.0,6.6385619285560065,38.91378875842223,0.0040932479631450415,0.00015506750839534492,0.00031947408528011173,0.0,4.183525031567469e-05,0.00024522902866012594,4872,1890,6738,0.14,0.4991111111111111,1,0,0
flow,0.4,0.5,0,registered,during_vibration,flow_dump_0.4_0.5.shear.wave,2104,210400,210.4,0.2104,158683.45183699526,886.8170077611325,0.005588591611128421,5.588591611128421e+17,74,0.00046633722132547996,4.6633722132548e+26,718.1281245492788,23.62711006728749,55.26633133179282,0.0,0.0,89.79544181277335,0.004525538839972823,0.00014889460617202867,0.00034828037008272403,0.0,0.0,0.0005658777949008452,4940,2048,6512,0.1517037037037037,0.4823703703703704,1,0,0
flow,0.4,0.5,0,registered,during_vibration,flow_dump_0.4_0.5.shear.wave,2105,210500,210.5,0.2105,158683.45183699526,927.029039571242,0.005842001978401101,5.842001978401101e+17,79,0.000497846493036661,4.97846493036661e+26,724.8166153614101,38.81956139784799,101.93159641619219,0.0,0.0,61.461266395791874,0.004567688734840259,0.00024463522155873375,0.0006423580734864503,0.0,0.0,0.00038731994851565785,4978,2106,6416,0.156,0.47525925925925927,1,0,0
flow,0.4,0.5,0,registered,during_vibration,flow_dump_0.4_0.5.shear.wave,2106,210600,210.6,0.21059999999999998,158683.45183699526,982.5432511554873,0.006191844453729096,6.191844453729096e+17,89,0.0005608650364590232,5.6086503645902325e+26,751.4171351549198,30.156454434583942,113.70917917221786,10.13406993587914,0.0,77.12641245788647,0.004735321336006729,0.0001900415833250314,0.000716578684518557,6.386343262994545e-05,0.0,0.00048603941724883326,5004,2060,6436,0.15259259259259259,0.47674074074074074,1,0,0
flow,0.4,0.5,0,registered,during_vibration,flow_dump_0.4_0.5.shear.wave,2107,210700,210.70000000000002,0.2107,158683.4518369953,952.5623307026759,0.006002909059989308,6.002909059989308e+17,82,0.0005167520560633696,5.1675205606336965e+26,756.7218867721446,25.488584007667683,105.99769416987179,0.0,0.0,64.35416575299196,0.00476875110802022,0.00016062534380617313,0.0006679820292714328,0.0,0.0,0.0004055505788914815,4985,2048,6467,0.1517037037037037,0.47903703703703704,1,0,0
flow,0.4,0.5,0,registered,during_vibration,flow_dump_0.4_0.5.shear.wave,2108,210800,210.8,0.2108,158683.45183699526,938.6138760350187,0.005915007930374448,5.915007930374449e+17,83,0.0005230539104056059,5.2305391040560594e+26,775.4573557117026,22.896912437518772,93.53374262135083,0.0,0.0,46.72586526444668,0.004886819304310807,0.0001442930070681801,0.0005894360220839644,0.0,0.0,0.0002944595969114977,4929,2024,6547,0.14992592592592593,0.484962962962963,1,0,0
flow,0.4,0.5,0,registered,during_vibration,flow_dump_0.4_0.5.shear.wave,2109,210900,210.9,0.2109,158683.45183699526,941.2912352313753,0.005931880258051733,5.931880258051734e+17,87,0.0005482613277745507,5.4826132777455075e+26,749.6994761721473,29.376214254769195,106.3481943589248,10.411669819341,0.0,45.455680626192866,0.004724496899287663,0.0001851246233598787,0.0006701908304097713,6.561282666094383e-05,0.0,0.0002864550783334761,4860,1914,6726,0.14177777777777778,0.49822222222222223,1,0,0
flow,0.4,0.5,0,registered,during_vibration,flow_dump_0.4_0.5.shear.wave,2110,211000,211.0,0.211,158683.45183699526,908.1624308506144,0.005723107358311742,5.723107358311742e+17,77,0.00048524278435218865,4.852427843521887e+26,792.737401268133,26.324352798150468,63.61846511552346,6.637482866510544,0.0,18.84472880229682,0.004995715634434637,0.0001658922369875826,0.0004009143006346648,4.1828450223837954e-05,0.0,0.0001187567360310181,4804,1846,6850,0.13674074074074075,0.5074074074074074,1,0,0
flow,0.4,0.5,0,registered,during_vibration,flow_dump_0.4_0.5.shear.wave,2111,211100,211.1,0.21109999999999998,158683.45183699526,860.9155429169812,0.005425364352430027,5.4253643524300275e+17,72,0.00045373351264100755,4.5373351264100753e+26,730.0538153053196,19.625777727272425,58.176048950340885,26.105846145529846,0.0,26.954054788518484,0.0046006928060479445,0.00012367879259037455,0.00036661698669185236,0.00016451523988995784,0.0,0.00016986052720989808,4787,1816,6897,0.1345185185185185,0.5108888888888888,1,0,0
flow,0.4,0.5,0,registered,during_vibration,flow_dump_0.4_0.5.shear.wave,2112,211200,211.20000000000002,0.2112,158683.45183699526,874.0771120510531,0.005508306644028221,5.508306644028221e+17,76,0.0004789409300099524,4.789409300099524e+26,762.6347938296688,15.276126957920297,43.61788190430956,14.898103317378368,0.0,37.65020604177594,0.004806013387035919,9.626792700232174e-05,0.0002748735384778197,9.388567708170464e-05,0.0,0.0002372661144304539,4827,1864,6809,0.13807407407407407,0.5043703703703704,1,0,0
flow,0.4,0.5,0,registered,during_vibration,flow_dump_0.4_0.5.shear.wave,2113,211300,211.3,0.2113,158683.45183699526,888.0660554463919,0.005596462927707433,5.5964629277074336e+17,74,0.00046633722132547996,4.6633722132548e+26,780.2543078819026,11.785742097768797,52.057538052662046,9.348010307289428,0.0,34.62045710676902,0.004917048998174081,7.427203001530046e-05,0.00032805902222329537,5.890979934626079e-05,0.0,0.000218173077948495,4863,1924,6713,0.14251851851851852,0.49725925925925923,1,0,0
flow,0.4,0.5,0,registered,during_vibration,flow_dump_0.4_0.5.shear.wave,2114,211400,211.4,0.21139999999999998,158683.45183699526,866.8362198212606,0.005462675595888238,5.462675595888238e+17,76,0.0004789409300099524,4.789409300099524e+26,744.5574548052052,10.284115691061839,52.49053275460166,0.0,0.0,59.50411657039191,0.004692092629608528,6.480899912377766e-05,0.00033078769176587877,0.0,0.0,0.0003749862753900542,4926,1999,6575,0.14807407407407408,0.48703703703703705,1,0,0
flow,0.4,0.5,0,registered,during_vibration,flow_dump_0.4_0.5.shear.wave,2115,211500,211.5,0.2115,158683.45183699526,962.2216196807419,0.006063780492178648,6.063780492178648e+17,81,0.0005104502017211335,5.104502017211335e+26,806.9563274105736,8.531262189355328,78.32552794504814,3.95476697964191,0.0,64.45373515612286,0.0050853212358873134,5.376277167274452e-05,0.0004935960683884456,2.4922365463188774e-05,0.0,0.0004061780507669559,4980,2049,6471,0.1517777777777778,0.47933333333333333,1,0,0
flow,0.4,0.5,0,registered,during_vibration,flow_dump_0.4_0.5.shear.wave,2116,211600,211.6,0.21159999999999998,158683.45183699526,1037.999983181096,0.006541324701250909,6.54132470125091e+17,84,0.0005293557647478421,5.293557647478421e+26,853.5057688026794,18.94773744304455,78.63058248905273,6.788317075086081,0.0,80.12757737123353,0.005378669035252825,0.00011940588148100203,0.0004955184776911999,4.2778985436107466e-05,0.0,0.0005049523213897764,5003,2104,6393,0.15585185185185185,0.47355555555555556,1,0,0
flow,0.4,0.5,0,registered,during_vibration,flow_dump_0.4_0.5.shear.wave,2117,211700,211.70000000000002,0.2117,158683.45183699526,1161.5984284803094,0.007320224100453403,7.320224100453403e+17,83,0.0005230539104056059,5.2305391040560594e+26,991.5893812533525,22.306686034112868,85.50313228764662,6.690489567486244,0.0,55.50873933771159,0.006248851847966762,0.00014057348624497415,0.0005388282854817035,4.216249073254929e-05,0.0,0.00034980799002741605,4985,2081,6434,0.15414814814814815,0.47659259259259257,1,0,0
flow,0.4,0.5,0,registered,during_vibration,flow_dump_0.4_0.5.shear.wave,2118,211800,211.8,0.2118,158683.4518369953,1029.7263862447498,0.006489185698471682,6.489185698471683e+17,88,0.0005545631821167869,5.5456318211678696e+26,812.71303820832,28.015051353494876,99.43715641344126,25.828817624008927,0.0,63.73232264548487,0.005121599188825088,0.00017654677301999223,0.0006266384759236665,0.00016276944649868793,0.0,0.0004016318142042483,4913,2044,6543,0.1514074074074074,0.4846666666666667,1,0,0
flow,0.4,0.5,0,registered,during_vibration,flow_dump_0.4_0.5.shear.wave,2119,211900,211.9,0.21189999999999998,158683.45183699526,1000.5010996957528,0.006305012199529789,6.30501219952979e+17,89,0.0005608650364590232,5.6086503645902325e+26,797.3229960471697,31.359882300947564,84.61189402394396,19.033753906519134,0.0,68.17257341717263,0.0050246133848046454,0.00019762541045024307,0.0005332118317596218,0.00011994794470485315,0.0,0.00042961362781042655,4857,1942,6701,0.14385185185185184,0.49637037037037035,1,0,0
flow,0.4,0.5,0,registered,during_vibration,flow_dump_0.4_0.5.shear.wave,2120,212000,212.0,0.212,158683.45183699526,983.945472266483,0.0062006810469262,6.2006810469262e+17,83,0.0005230539104056059,5.2305391040560594e+26,825.0728202803464,4.753787355868312,75.16895749850016,19.220060073851677,0.0,59.72984705791635,0.005199488735144782,2.995767549064634e-05,0.0004737038212132928,0.00012112201903444311,0.0,0.00037640879604303526,4795,1888,6817,0.13985185185185184,0.504962962962963,1,0,0
flow,0.4,0.5,0,registered,during_vibration,flow_dump_0.4_0.5.shear.wave,2121,212100,212.1,0.21209999999999998,158683.45183699526,868.0459509902834,0.005470299145508683,5.470299145508683e+17,71,0.0004474316582987713,4.474316582987713e+26,706.6267543071783,15.274589281470329,71.36110475601276,13.673146341312508,0.0,61.110356304309306,0.004453058879970976,9.625823678930855e-05,0.00044970728787345254,8.616617664303146e-05,0.0,0.0003851085642319139,4735,1824,6941,0.1351111111111111,0.5141481481481481,1,0,0
flow,0.4,0.5,0,registered,during_vibration,flow_dump_0.4_0.5.shear.wave,2122,212200,212.20000000000002,0.2122,158683.4518369953,836.8015347378301,0.005273401385277524,5.273401385277524e+17,65,0.000409620532245354,4.09620532245354e+26,723.5789104206107,15.872930232316282,46.401036983756434,6.548295345219935,0.0,44.400361755926674,0.004559888898584674,0.00010002889430853485,0.0002924125764003487,4.126640345551944e-05,0.0,0.00027980461252844526,4739,1807,6954,0.13385185185185186,0.5151111111111111,1,0,0
flow,0.4,0.5,0,registered,during_vibration,flow_dump_0.4_0.5.shear.wave,2123,212300,212.3,0.2123,158683.45183699526,880.4162796346196,0.005548255154790883,5.5482551547908826e+17,69,0.0004348279496142989,4.3482794961429895e+26,737.614492230774,25.928961370110812,71.11649152582906,0.0,2.618385954152088,43.13794855375349,0.0046483390907608646,0.00016340053779990792,0.00044816577092665096,0.0,1.6500686894823652e-05,0.0002718490684086339,4857,1886,6757,0.1397037037037037,0.5005185185185185,1,0,0
flow,0.4,0.5,0,registered,during_vibration,flow_dump_0.4_0.5.shear.wave,2124,212400,212.4,0.21239999999999998,158683.45183699526,834.0670331516192,0.0052561689545826094,5.256168954582609e+17,71,0.0004474316582987713,4.474316582987713e+26,699.9604166709503,18.740861836234814,68.05338620230488,0.0,1.3544927531155586,45.95787568901366,0.004411048591191299,0.00011810218153992535,0.00042886252734287316,0.0,8.53581603774877e-06,0.00028961983847076295,4938,2000,6562,0.14814814814814814,0.48607407407407405,1,0,0
flow,0.4,0.5,0,registered,during_vibration,flow_dump_0.4_0.5.shear.wave,2125,212500,212.5,0.2125,158683.45183699526,984.2153982720293,0.0062023820812963345,6.202382081296334e+17,85,0.0005356576190900784,5.356576190900784e+26,758.7379449989199,23.929536024578326,95.85533852581291,5.54798032859048,0.0,100.14459839412754,0.004781456013310827,0.00015080045050418689,0.0006040663813154165,3.496256392436902e-05,0.0,0.0006310966722415346,4962,2073,6465,0.15355555555555556,0.47888888888888886,1,0,0
flow,0.4,0.5,0,registered,during_vibration,flow_dump_0.4_0.5.shear.wave,2126,212600,212.6,0.21259999999999998,158683.4518369953,986.4175148341429,0.006216259499115399,6.2162594991154e+17,86,0.0005419594734323145,5.4195947343231446e+26,782.4726264450561,25.61006037123699,106.11821039349708,4.656053704940804,0.0,67.56056391941188,0.004931028518643753,0.00016139087015541143,0.0006687415049585958,2.9341772258166224e-05,0.0,0.0004257568330994731,5001,2033,6466,0.15059259259259258,0.478962962962963,1,0,0
flow,0.4,0.5,0,registered,during_vibration,flow_dump_0.4_0.5.shear.wave,2127,212700,212.70000000000002,0.2127,158683.45183699526,984.3726836500966,0.0062033732708390785,6.203373270839078e+17,85,0.0005356576190900784,5.356576190900784e+26,804.1032464251566,19.8476258302659,101.28727765499617,0.0,0.0,59.13453373967762,0.005067341535090611,0.00012507684702154086,0.0006382976705034229,0.0,0.0,0.0003726572182235014,4992,2036,6472,0.15081481481481482,0.4794074074074074,1,0,0
flow,0.4,0.5,0,registered,during_vibration,flow_dump_0.4_0.5.shear.wave,2128,212800,212.8,0.2128,158683.45183699526,992.1617510282412,0.006252458838918009,6.252458838918008e+17,85,0.0005356576190900784,5.356576190900784e+26,789.0667488033811,30.709821399019674,106.64624542415679,0.0,0.0,65.7389354016837,0.0049725837172608,0.0001935288213327108,0.0006720691048094117,0.0,0.0,0.00041427719551508655,4924,2010,6566,0.14888888888888888,0.4863703703703704,1,0,0
flow,0.4,0.5,0,registered,during_vibration,flow_dump_0.4_0.5.shear.wave,2129,212900,212.9,0.21289999999999998,158683.45183699526,888.7049438202858,0.00560048910918066,5.6004891091806605e+17,79,0.000497846493036661,4.97846493036661e+26,743.2471599566364,26.71928658186036,79.6657111752274,12.062692192575117,0.0,27.010093913986772,0.004683835342327465,0.00016838105216735057,0.000502041707896943,7.60173291728384e-05,0.0,0.00017021367761606553,4863,1902,6735,0.1408888888888889,0.4988888888888889,1,0,0
flow,0.4,0.5,0,registered,during_vibration,flow_dump_0.4_0.5.shear.wave,2130,213000,213.0,0.213,158683.4518369953,849.0984094837236,0.005350894498790867,5.350894498790867e+17,73,0.0004600353669832437,4.600353669832437e+26,683.28344837212,25.133036098608972,97.30430354890919,6.39200834742157,3.438076383678248,33.54753673298576,0.004305952766101979,0.0001583847326715985,0.0006131975478379641,4.0281505559808755e-05,2.166625658742255e-05,0.00021141169003209524,4806,1835,6859,0.13592592592592592,0.5080740740740741,1,0,0
flow,0.4,0.5,0,registered,during_vibration,flow_dump_0.4_0.5.shear.wave,2131,213100,213.1,0.21309999999999998,158683.45183699526,869.0725484001765,0.005476768612853946,5.476768612853946e+17,73,0.0004600353669832438,4.600353669832438e+26,739.3482002393199,18.72338059257168,64.57488936937733,22.15948084451123,0.0,24.266597354396524,0.004659264666102689,0.00011799201728863913,0.0004069415469718338,0.00013964582058168334,0.0,0.0001529245619091016,4785,1798,6917,0.13318518518518518,0.5123703703703704,1,0,0
flow,0.4,0.5,0,registered,during_vibration,flow_dump_0.4_0.5.shear.wave,2132,213200,213.20000000000002,0.2132,158683.45183699526,848.318978545051,0.005345982638545521,5.345982638545521e+17,77,0.00048524278435218865,4.852427843521887e+26,728.3728130260076,16.813679351077845,41.344643738478894,14.680345051722224,0.0,47.10749737776433,0.004590099374534753,0.00010595735822755732,0.0002605479226715426,9.251339620972165e-05,0.0,0.0002968645869019453,4816,1856,6828,0.13748148148148148,0.5057777777777778,1,0,0
flow,0.4,0.5,0,registered,during_vibration,flow_dump_0.4_0.5.shear.wave,2133,213300,213.3,0.2133,158683.45183699526,933.4406998183953,0.0058824073273705665,5.882407327370566e+17,72,0.00045373351264100755,4.5373351264100753e+26,829.2101753060804,11.592266890292278,45.38219184127511,13.450658581573865,0.0,33.805407199173835,0.0052255617438790765,7.305277743894951e-05,0.00028599196271513654,8.476409118822809e-05,0.0,0.00021303675214917706,4873,1928,6699,0.1428148148148148,0.49622222222222223,1,0,0
flow,0.4,0.5,0,registered,during_vibration,flow_dump_0.4_0.5.shear.wave,2134,213400,213.4,0.21339999999999998,158683.45183699526,1014.5852002025258,0.006393768149464888,6.393768149464888e+17,74,0.00046633722132547996,4.6633722132548e+26,867.9407175900809,12.811324718199955,70.28085834160156,0.0,0.0,63.55229955264312,0.005469635979948669,8.073510230518656e-05,0.00044289973231611017,0.0,0.0,0.00040049733489492075,4950,1995,6555,0.14777777777777779,0.4855555555555556,1,0,0
flow,0.4,0.5,0,registered,during_vibration,flow_dump_0.4_0.5.shear.wave,2135,213500,213.5,0.2135,158683.45183699526,1026.8775424530338,0.006471232699852505,6.471232699852506e+17,74,0.00046633722132547996,4.6633722132548e+26,845.9956087341615,14.322176410129835,84.76055225477016,0.0,0.0,81.79920505397187,0.0053313411004141465,9.02562696004498e-05,0.000534148654277063,0.0,0.0,0.0005154866755608433,5005,2052,6443,0.152,0.47725925925925927,1,0,0
flow,0.4,0.5,0,registered,during_vibration,flow_dump_0.4_0.5.shear.wave,2136,213600,213.6,0.21359999999999998,158683.45183699526,1059.9277762661216,0.0066795104593194345,6.679510459319434e+17,81,0.0005104502017211335,5.104502017211335e+26,885.8240577447935,13.761511948628986,79.53656933003377,0.0,0.0,80.80563724266538,0.005582334184756331,8.672304382920314e-05,0.0005012278747990452,0.0,0.0,0.0005092253559348554,5034,2141,6325,0.1585925925925926,0.4685185185185185,1,0,0
flow,0.4,0.5,0,registered,during_vibration,flow_dump_0.4_0.5.shear.wave,2137,213700,213.70000000000002,0.2137,158683.4518369953,913.2730378091627,0.005755313658964931,5.755313658964931e+17,84,0.000529355764747842,5.29355764747842e+26,754.4980216304141,7.35140240270067,71.86943165664255,0.0,0.0,79.55418211940588,0.004754736633820258,4.632746715298496e-05,0.0004529106899594617,0.0,0.0,0.0005013388680322286,5013,2086,6401,0.15451851851851853,0.47414814814814815,1,0,0
flow,0.4,0.5,0,registered,during_vibration,flow_dump_0.4_0.5.shear.wave,2138,213800,213.8,0.2138,158683.45183699526,1005.9007281494204,0.006339039871546996,6.339039871546996e+17,92,0.0005797705994857318,5.7977059948573184e+26,814.9367369596729,16.32542895606173,101.69021160051754,12.259902659568601,0.0,60.68844797359987,0.005135612614457128,0.00010288047535562647,0.0006408369015376411,7.726012081059571e-05,0.0,0.000382449759386007,4925,2038,6537,0.15096296296296297,0.4842222222222222,1,0,0
flow,0.4,0.5,0,registered,during_vibration,flow_dump_0.4_0.5.shear.wave,2139,213900,213.9,0.21389999999999998,158683.45183699526,972.3070550523541,0.006127337436868586,6.127337436868586e+17,84,0.0005293557647478421,5.293557647478421e+26,790.399506852602,22.345074346839098,91.81547706578019,20.956987537277445,0.0,46.79000924985519,0.0049809825643604335,0.00014081540380021904,0.0005786077628314766,0.00013206788291198214,0.0,0.00029486382296447264,4861,1951,6688,0.14451851851851852,0.4954074074074074,1,0,0
flow,0.4,0.5,0,registered,during_vibration,flow_dump_0.4_0.5.shear.wave,2140,214000,214.0,0.214,158683.45183699526,946.4871730220519,0.005964624301179899,5.964624301179899e+17,79,0.000497846493036661,4.97846493036661e+26,816.7776826236226,0.0,67.93954746447785,0.0,0.0,61.769942933951626,0.00514721398588331,0.0,0.00042814513219858324,0.0,0.0,0.00038926518309800634,4789,1880,6831,0.13925925925925925,0.506,1,0,0
flow,0.4,0.5,0,registered,during_vibration,flow_dump_0.4_0.5.shear.wave,2141,214100,214.1,0.21409999999999998,158683.4518369953,857.0315716656,0.005400888131334389,5.400888131334389e+17,70,0.00044112980395653504,4.41129803956535e+26,710.0583333123549,15.529330897328226,64.79600524872055,0.0,0.0,66.64790220719628,0.004474684191025473,9.78635813473509e-05,0.00040833498703621014,0.0,0.0,0.0004200053719253545,4730,1817,6953,0.1345925925925926,0.5150370370370371,1,0,0
flow,0.4,0.5,0,registered,during_vibration,flow_dump_0.4_0.5.shear.wave,2142,214200,214.20000000000002,0.2142,158683.45183699526,749.4458249121928,0.004722898425993705,4.722898425993705e+17,62,0.0003907149692186454,3.907149692186454e+26,643.1961243795625,15.252289169449718,35.5360869851566,5.5465319387846534,0.0,49.914792439239264,0.004053328289330851,9.61177047315391e-05,0.00022394324407349302,3.495343638278193e-05,0.0,0.0003145557514750394,4757,1824,6919,0.1351111111111111,0.5125185185185185,1,0,0
flow,0.4,0.5,0,registered,during_vibration,flow_dump_0.4_0.5.shear.wave,2143,214300,214.3,0.2143,158683.45183699526,770.9510005607839,0.004858420910535332,4.858420910535332e+17,68,0.0004285260952720627,4.2852609527206266e+26,641.0264139105585,18.04067394745716,45.70660164424616,4.848729108178187,5.38284096932793,55.94574098101585,0.004039655089990363,0.0001136896994526507,0.00028803634604065363,3.055598458469984e-05,3.3921879736126214e-05,0.00035256191073083736,4872,1876,6752,0.13896296296296295,0.5001481481481481,1,0,0
flow,0.4,0.5,0,registered,during_vibration,flow_dump_0.4_0.5.shear.wave,2144,214400,214.4,0.21439999999999998,158683.45183699526,933.1116148065977,0.005880333481560005,5.880333481560005e+17,69,0.0004348279496142989,4.3482794961429895e+26,778.9628209771074,21.671466083731595,75.11860276588507,0.0,0.0,57.35872497987357,0.004908910235815156,0.00013657042264238883,0.00047338649302291027,0.0,0.0,0.00036146633007954915,4935,2000,6565,0.14814814814814814,0.4862962962962963,1,0,0
flow,0.4,0.5,0,registered,during_vibration,flow_dump_0.4_0.5.shear.wave,2145,214500,214.5,0.2145,158683.4518369953,923.5002547125065,0.00581976409021626,5.81976409021626e+17,76,0.0004789409300099523,4.7894093000995234e+26,734.6910105259242,19.746263828914344,95.44474791916656,0.0,0.0,73.61823243850128,0.004629915734884708,0.00012443807845318578,0.0006014788991180407,0.0,0.0,0.00046393137776032427,4927,2071,6502,0.1534074074074074,0.48162962962962963,1,0,0
flow,0.4,0.5,0,registered,during_vibration,flow_dump_0.4_0.5.shear.wave,2146,214600,214.6,0.21459999999999999,158683.45183699526,1000.2604713580413,0.006303495794794917,6.303495794794917e+17,89,0.0005608650364590232,5.6086503645902325e+26,765.411081538395,24.677344755868354,112.00223885790741,4.620931904547992,0.0,93.54887430132246,0.004823509147788453,0.0001555130322046291,0.0007058217952868816,2.9120439787853628e-05,0.0,0.0005895313797270988,4968,2034,6498,0.15066666666666667,0.48133333333333334,1,0,0
flow,0.4,0.5,0,registered,during_vibration,flow_dump_0.4_0.5.shear.wave,2147,214700,214.70000000000002,0.2147,158683.45183699526,926.2114822167836,0.005836849851036879,5.83684985103688e+17,80,0.0005041483473788973,5.041483473788973e+26,749.7725429694649,19.92003507320513,109.90183696259638,6.31232385991198,0.0,40.3047433516052,0.0047249573556016125,0.00012553315952357547,0.0006925853684824747,3.9779345526187584e-05,0.0,0.00025399462190302946,4964,1998,6538,0.148,0.4842962962962963,1,0,0
flow,0.4,0.5,0,registered,during_vibration,flow_dump_0.4_0.5.shear.wave,2148,214800,214.8,0.2148,158683.45183699526,997.0949879584557,0.0062835473794879615,6.283547379487962e+17,84,0.0005293557647478421,5.293557647478421e+26,781.6203004473444,26.95662333860199,126.84068095009454,11.171424717357924,0.0,50.50595850505665,0.004925657284354073,0.00016987671383839506,0.0007993314960175517,7.040069136404703e-05,0.0,0.00031828119391389336,4896,1999,6605,0.14807407407407408,0.4892592592592593,1,0,0
flow,0.4,0.5,0,registered,during_vibration,flow_dump_0.4_0.5.shear.wave,2149,214900,214.9,0.21489999999999998,158683.4518369953,888.6570711938389,0.00560018742286181,5.60018742286181e+17,82,0.0005167520560633696,5.1675205606336965e+26,698.9730009702085,26.53551741390796,100.42027824625742,14.628414614689309,0.0,48.0998599487757,0.004404826041269987,0.00016722296563832057,0.0006328339665147462,9.218613815961152e-05,0.0,0.00030311831127914597,4819,1915,6766,0.14185185185185184,0.5011851851851852,1,0,0
flow,0.4,0.5,0,registered,during_vibration,flow_dump_0.4_0.5.shear.wave,2150,215000,215.0,0.215,158683.45183699526,893.0029541213215,0.0056275745440592185,5.6275745440592186e+17,73,0.0004600353669832438,4.600353669832438e+26,731.4782116904178,21.689280145743176,95.91466706432408,6.854489091460267,3.5600233493157862,33.50628278006046,0.004609669144592442,0.00013668268426642938,0.0006044402611234517,4.319599184482966e-05,2.2434748602348004e-05,0.00021115171362971855,4782,1827,6891,0.13533333333333333,0.5104444444444445,1,0,0
flow,0.4,0.5,0,registered,during_vibration,flow_dump_0.4_0.5.shear.wave,2151,215100,215.1,0.21509999999999999,158683.45183699526,789.4985981146422,0.004975305168718163,4.975305168718163e+17,69,0.0004348279496142989,4.3482794961429895e+26,657.0041666237339,18.530588370134446,54.22266205791083,9.200603674790912,0.0,50.54057738807221,0.004140344560305064,0.00011677706878452367,0.0003417033183372523,5.7980864219175597e-05,0.0,0.00031849935707214835,4735,1777,6988,0.13162962962962962,0.5176296296296297,1,0,0
flow,0.4,0.5,0,registered,during_vibration,flow_dump_0.4_0.5.shear.wave,2152,215200,215.20000000000002,0.2152,158683.45183699526,765.1732268216409,0.004822010222008855,4.8220102220088544e+17,66,0.0004159223865875903,4.159223865875903e+26,656.340418697403,16.991014009546085,52.36646322638415,6.963280820247933,0.0,32.512050068059594,0.004136161717553365,0.00010707489541505437,0.0003300058236707421,4.38815814732896e-05,0.0,0.0002048862038964026,4757,1821,6922,0.1348888888888889,0.5127407407407407,1,0,0
flow,0.4,0.5,0,registered,during_vibration,flow_dump_0.4_0.5.shear.wave,2153,215300,215.3,0.2153,158683.45183699526,893.2555963890147,0.005629166658830913,5.629166658830913e+17,73,0.0004600353669832438,4.600353669832438e+26,770.971356467793,23.966196759007452,54.34148590053339,7.146748577672582,0.0,36.82980868400819,0.004858549190496307,0.00015103148111263864,0.00034245212888584447,4.503776855707646e-05,0.0,0.00023209608977904612,4832,1895,6773,0.14037037037037037,0.5017037037037037,1,0,0
flow,0.4,0.5,0,registered,during_vibration,flow_dump_0.4_0.5.shear.wave,2154,215400,215.4,0.21539999999999998,158683.45183699526,899.7308125480041,0.0056699725278993585,5.669972527899359e+17,73,0.0004600353669832438,4.600353669832438e+26,759.2169789564946,11.329732537964308,59.557148119199994,0.0,0.0,69.62695293434551,0.004784474815536447,7.139832419074532e-05,0.000375320472486186,0.0,0.0,0.0004387789156859819,4904,1982,6614,0.14681481481481481,0.48992592592592593,1,0,0
flow,0.4,0.5,0,registered,during_vibration,flow_dump_0.4_0.5.shear.wave,2155,215500,215.5,0.2155,158683.45183699526,1051.9267117216336,0.006629088915977241,6.629088915977242e+17,81,0.0005104502017211335,5.104502017211335e+26,853.5119544068376,33.83596490774277,86.9676122257676,0.0,0.0,77.61118018128533,0.0053787080160292485,0.000213229322377611,0.0005480572247388689,0.0,0.0,0.0004890943528315103,4983,2047,6470,0.15162962962962964,0.4792592592592593,1,0,0
flow,0.4,0.5,0,registered,during_vibration,flow_dump_0.4_0.5.shear.wave,2156,215600,215.6,0.21559999999999999,158683.45183699526,946.4632996197574,0.005964473854475985,5.964473854475985e+17,83,0.0005230539104056059,5.2305391040560594e+26,783.6855657474497,0.0,82.06185385839981,0.0,0.0,80.71588001390803,0.004938672285453412,0.0,0.0005171418500695106,0.0,0.0,0.0005086597189530637,4977,2113,6410,0.15651851851851853,0.4748148148148148,1,0,0
flow,0.4,0.5,0,registered,during_vibration,flow_dump_0.4_0.5.shear.wave,2157,215700,215.70000000000002,0.2157,158683.45183699526,1175.1682908026826,0.0074057393962531975,7.405739396253198e+17,91,0.0005734687451434957,5.734687451434957e+26,980.3690184853416,23.628547957354158,81.89697508323206,0.0,0.0,89.27374927675464,0.006178142756135707,0.00014890366754578897,0.0005161028080442772,0.0,0.0,0.0005625901645274234,4954,2089,6457,0.15474074074074073,0.4782962962962963,1,0,0
flow,0.4,0.5,0,registered,during_vibration,flow_dump_0.4_0.5.shear.wave,2158,215800,215.8,0.2158,158683.45183699526,1009.5683441405787,0.006362152653306532,6.362152653306532e+17,86,0.0005419594734323146,5.419594734323146e+26,805.1577653201044,29.345411234347182,98.01608127468886,7.875136620539799,0.0,69.17394969089847,0.005073986959567708,0.00018493050721187822,0.0006176830673898759,4.962796390785217e-05,0.0,0.00043592415522921807,4878,2018,6604,0.1494814814814815,0.48918518518518517,1,0,0
flow,0.4,0.5,0,registered,during_vibration,flow_dump_0.4_0.5.shear.wave,2159,215900,215.9,0.21589999999999998,158683.45183699526,957.8836608954438,0.006036443307771075,6.036443307771075e+17,81,0.0005104502017211335,5.104502017211335e+26,769.1159673544836,38.644784798540385,96.38006002872116,27.399230419716105,0.0,26.343618293982573,0.00484685679855606,0.00024353380488746583,0.0006073730997969836,0.00017266595919441854,0.0,0.0001660136453361475,4807,1925,6768,0.1425925925925926,0.5013333333333333,1,0,0
flow,0.4,0.5,0,registered,during_vibration,flow_dump_0.4_0.5.shear.wave,2160,216000,216.0,0.216,158683.4518369953,938.2023193210731,0.005912414359909592,5.912414359909592e+17,84,0.000529355764747842,5.29355764747842e+26,802.4695200705999,16.830091508245708,78.51827573744194,9.42342796064465,0.0,30.961004044140676,0.005057046029569121,0.00010606078525147106,0.000494810736900899,5.938507041253865e-05,0.0,0.00019511173777556092,4752,1861,6887,0.13785185185185186,0.5101481481481481,1,0,0
flow,0.4,0.5,0,registered,during_vibration,flow_dump_0.4_0.5.shear.wave,2161,216100,216.1,0.2161,158683.45183699526,860.9262958679349,0.005425432115960686,5.425432115960686e+17,70,0.00044112980395653514,4.411298039565352e+26,716.2923268248534,20.938285703585652,64.44390814670811,13.46746477942581,0.0,45.78431041336181,0.004513969910111685,0.00013195002668012372,0.00040611612238500435,8.487000139913785e-05,0.0,0.00028852605538473493,4705,1795,7000,0.13296296296296295,0.5185185185185185,1,0,0
flow,0.4,0.5,0,registered,during_vibration,flow_dump_0.4_0.5.shear.wave,2162,216200,216.20000000000002,0.2162,158683.45183699526,854.4790440027442,0.005384802473798544,5.384802473798544e+17,69,0.0004348279496142989,4.3482794961429895e+26,733.7669284983305,18.85300775414261,61.76933058324439,6.637151932729498,0.0,33.45262523429721,0.0046240923045465345,0.00011880890877965665,0.00038926132415304296,4.182636472735288e-05,0.0,0.00021081357159195667,4737,1802,6961,0.13348148148148148,0.5156296296296297,1,0,0
flow,0.4,0.5,0,registered,during_vibration,flow_dump_0.4_0.5.shear.wave,2163,216300,216.3,0.2163,158683.45183699526,805.0670118526765,0.005073415044434925,5.073415044434925e+17,64,0.0004033186779031178,4.0331867790311785e+26,684.8097261545122,17.584757517568246,48.102201525478705,3.133438400395153,2.419590558578907,49.017297696143515,0.004315571146372406,0.00011081658051925839,0.0003031330675544595,1.9746472389659897e-05,1.5247907268014236e-05,0.0003088998703311273,4839,1857,6804,0.13755555555555554,0.504,1,0,0
flow,0.4,0.5,0,registered,during_vibration,flow_dump_0.4_0.5.shear.wave,2164,216400,216.4,0.21639999999999998,158683.4518369953,825.9860292129297,0.00520524364482195,5.20524364482195e+17,70,0.00044112980395653504,4.41129803956535e+26,695.322874992692,21.753720048173612,52.88745234170438,0.0,0.0,56.02198183035974,0.004381823479028865,0.00013708877514537389,0.0003332890211893806,0.0,0.0,0.00035304236945833087,4918,1962,6620,0.14533333333333334,0.49037037037037035,1,0,0
flow,0.4,0.5,0,registered,during_vibration,flow_dump_0.4_0.5.shear.wave,2165,216500,216.5,0.2165,158683.45183699526,958.0122633688734,0.00603725374182668,6.03725374182668e+17,77,0.00048524278435218865,4.852427843521887e+26,762.0622177557144,17.105980696189526,92.0298754719025,0.0,0.0,86.81418944506694,0.0048024050960180096,0.00010779939872849086,0.000579958870358067,0.0,0.0,0.0005470903767221126,4936,2060,6504,0.15259259259259259,0.4817777777777778,1,0,0
flow,0.4,0.5,0,registered,during_vibration,flow_dump_0.4_0.5.shear.wave,2166,216600,216.6,0.2166,158683.45183699526,1029.2654487956088,0.006486280937806315,6.486280937806316e+17,87,0.0005482613277745507,5.4826132777455075e+26,766.9725423604675,27.11447417867987,122.39564691008553,0.0,5.0734025218513334,107.70938282452445,0.004833349246450262,0.0001708714668403655,0.0007713195389511332,0.0,3.197184371224099e-05,0.0006787688418523123,4946,2012,6542,0.14903703703703702,0.4845925925925926,1,0,0
flow,0.4,0.5,0,registered,during_vibration,flow_dump_0.4_0.5.shear.wave,2167,216700,216.70000000000002,0.2167,158683.45183699526,1000.6309328680463,0.006305830389270373,6.305830389270373e+17,88,0.000554563182116787,5.54563182116787e+26,801.6042749541151,23.17361163509714,109.81032594002636,0.0,0.0,66.04272033880744,0.005051593380874704,0.0001460367251079326,0.0006920086793475293,0.0,0.0,0.00041619160394020573,4927,2000,6573,0.14814814814814814,0.48688888888888887,1,0,0
flow,0.4,0.5,0,registered,during_vibration,flow_dump_0.4_0.5.shear.wave,2168,216800,216.8,0.2168,158683.4518369953,981.8731457314798,0.006187621546953057,6.187621546953057e+17,82,0.0005167520560633696,5.1675205606336965e+26,797.9323141773208,26.687314977817717,96.35228004179098,5.73126644152764,0.0,55.16997009302263,0.005028453218908941,0.00016817957177558615,0.0006071980343657202,3.611760631105366e-05,0.0,0.00034767311559175676,4873,1982,6645,0.14681481481481481,0.4922222222222222,1,0,0
flow,0.4,0.5,0,registered,during_vibration,flow_dump_0.4_0.5.shear.wave,2169,216900,216.9,0.21689999999999998,158683.45183699526,939.2433363733618,0.005918974697740901,5.918974697740901e+17,88,0.000554563182116787,5.54563182116787e+26,761.9781427953784,34.784627404435085,81.91675686632851,13.093006892509116,0.0,47.47080241471082,0.004801875267864143,0.0002192076552517081,0.0005162274699599807,8.251022233848728e-05,0.0,0.0002991540823265828,4782,1917,6801,0.142,0.5037777777777778,1,0,0
flow,0.4,0.5,0,registered,during_vibration,flow_dump_0.4_0.5.shear.wave,2170,217000,217.0,0.217,158683.45183699526,826.730488618474,0.0052099351195593994,5.2099351195594e+17,70,0.00044112980395653514,4.411298039565352e+26,692.2286397772141,16.92125663901337,88.90341242418539,6.273761305890938,0.0,22.403418472170426,0.004362324059400306,0.00010663529462665982,0.0005602563556249699,3.953632992768236e-05,0.0,0.00014118307997978226,4755,1830,6915,0.13555555555555557,0.5122222222222222,1,0,0
flow,0.4,0.5,0,registered,during_vibration,flow_dump_0.4_0.5.shear.wave,2171,217100,217.1,0.2171,158683.45183699526,817.7984447772584,0.00515364668029359,5.1536466802935904e+17,69,0.0004348279496142989,4.3482794961429895e+26,685.724350584852,19.04519897181806,64.89142726276988,16.925692293667975,0.0,31.21177566415073,0.004321334976310259,0.00012002006983930436,0.0004089363226697919,0.00010666324747620559,0.0,0.00019669206399803093,4707,1804,6989,0.13362962962962963,0.5177037037037037,1,0,0
flow,0.4,0.5,0,registered,during_vibration,flow_dump_0.4_0.5.shear.wave,2172,217200,217.20000000000002,0.21719999999999998,158683.45183699526,880.0355302775185,0.005545855727801531,5.5458557278015315e+17,79,0.000497846493036661,4.97846493036661e+26,752.759109414545,13.649507393317677,50.95964631022476,13.341635131314831,0.0,49.3256320281165,0.004743778262321917,8.601720743596433e-05,0.0003211402683789117,8.407704128480762e-05,0.0,0.00031084294837993175,4756,1854,6890,0.13733333333333334,0.5103703703703704,1,0,0
flow,0.4,0.5,0,registered,during_vibration,flow_dump_0.4_0.5.shear.wave,2173,217300,217.3,0.2173,158683.45183699526,923.4863300834752,0.005819676339232336,5.819676339232335e+17,75,0.0004726390756677162,4.726390756677162e+26,786.6539125581712,12.726666116510113,65.10239523096136,8.766820682573005,0.0,50.23653549525967,0.00495737837469182,8.020159612851978e-05,0.0004102658120762122,5.524722698607896e-05,0.0,0.000316583329349706,4846,1909,6745,0.1414074074074074,0.49962962962962965,1,0,0
flow,0.4,0.5,0,registered,during_vibration,flow_dump_0.4_0.5.shear.wave,2174,217400,217.4,0.21739999999999998,158683.45183699526,853.2362364753262,0.005376970481785322,5.3769704817853216e+17,74,0.00046633722132547996,4.6633722132548e+26,718.4033490860564,12.48734634514808,53.653172225857205,0.0,0.0,68.69236881826455,0.004527273264915005,7.869343778817897e-05,0.00033811447636626575,0.0,0.0,0.0004328893027158721,4905,1969,6626,0.14585185185185184,0.4908148148148148,1,0,0
flow,0.4,0.5,0,registered,during_vibration,flow_dump_0.4_0.5.shear.wave,2175,217500,217.5,0.2175,158683.45183699526,900.1168913682264,0.005672405540389022,5.672405540389022e+17,73,0.0004600353669832438,4.600353669832438e+26,721.62458444169,33.45902279920735,61.11557357332457,0.0,0.0,83.91771055400447,0.004547573020928269,0.00021085388811416538,0.0003851414427013124,0.0,0.0,0.0005288371886452751,4963,2028,6509,0.15022222222222223,0.48214814814814816,1,0,0
flow,0.4,0.5,0,registered,during_vibration,flow_dump_0.4_0.5.shear.wave,2176,217600,217.6,0.2176,158683.45183699526,862.4016559689584,0.005434729620419684,5.434729620419684e+17,71,0.0004474316582987713,4.474316582987713e+26,733.027104697347,0.0,76.34900813914007,0.0,0.0,53.0255431324716,0.004619430042713818,0.0,0.000481140328467068,0.0,0.0,0.0003341592492387999,4955,2076,6469,0.1537777777777778,0.47918518518518516,1,0,0
flow,0.4,0.5,0,registered,during_vibration,flow_dump_0.4_0.5.shear.wave,2177,217700,217.70000000000002,0.21769999999999998,158683.45183699526,955.5193010186041,0.006021543456214604,6.021543456214604e+17,79,0.000497846493036661,4.97846493036661e+26,830.0161911106427,11.503515112337547,66.71087325047743,0.0,0.0,47.2887215451464,0.0052306411380769685,7.249347666166431e-05,0.00042040220626789106,0.0,0.0,0.00029800663520808017,4938,2047,6515,0.15162962962962964,0.4825925925925926,1,0,0
flow,0.4,0.5,0,registered,during_vibration,flow_dump_0.4_0.5.shear.wave,2178,217800,217.8,0.2178,158683.45183699526,948.9947020165719,0.005980426383662297,5.980426383662296e+17,86,0.0005419594734323146,5.419594734323146e+26,787.384451823072,20.36291159602777,88.87271172087364,20.68989492807276,0.0,31.684731948525563,0.004961982126730509,0.00012832410286199982,0.000560062884264495,0.0001303847041928864,0.0,0.00019967256561240638,4868,2015,6617,0.14925925925925926,0.49014814814814817,1,0,0
flow,0.4,0.5,0,registered,during_vibration,flow_dump_0.4_0.5.shear.wave,2179,217900,217.9,0.21789999999999998,158683.4518369953,873.854450716476,0.0055069034647300666,5.5069034647300666e+17,79,0.000497846493036661,4.97846493036661e+26,710.9249776946201,14.758474044218074,93.759661491733,25.425293046820606,0.0,28.986044439084157,0.004480145657689026,9.300575374033615e-05,0.0005908597298982752,0.0001602264933897347,0.0,0.00018266583001269439,4801,1921,6778,0.1422962962962963,0.5020740740740741,1,0,0
flow,0.4,0.5,0,registered,during_vibration,flow_dump_0.4_0.5.shear.wave,2180,218000,218.0,0.218,158683.45183699526,939.1123292050671,0.005918149109648519,5.918149109648518e+17,80,0.0005041483473788973,5.041483473788973e+26,809.898554818297,13.375294954541971,92.81677076716376,5.254790314374679,0.0,17.766918350689693,0.005103862724452521,8.428916058797047e-05,0.0005849177698913945,3.311492316018288e-05,0.0,0.00011196453155645014,4717,1847,6936,0.1368148148148148,0.5137777777777778,1,0,0
flow,0.4,0.5,0,registered,during_vibration,flow_dump_0.4_0.5.shear.wave,2181,218100,218.1,0.2181,158683.45183699526,864.3098526296596,0.005446754797831765,5.446754797831765e+17,73,0.0004600353669832438,4.600353669832438e+26,718.5957934852892,16.711005260856258,61.06775345104151,12.661419377953866,0.0,55.273881054518895,0.0045284860214879485,0.00010531032106625925,0.0003848400872560566,7.979042068583234e-05,0.0,0.00034832794733566803,4689,1806,7005,0.13377777777777777,0.5188888888888888,1,0,0
flow,0.4,0.5,0,registered,during_vibration,flow_dump_0.4_0.5.shear.wave,2182,218200,218.20000000000002,0.21819999999999998,158683.45183699526,841.3276152800074,0.005301924085595555,5.301924085595555e+17,67,0.00042222424092982645,4.2222424092982644e+26,743.4337006793095,18.66224756923509,35.34155676042761,6.298031976264512,0.0,37.592078294770744,0.004685010894790646,0.00011760676588007142,0.00022271734293208842,3.968928015716505e-05,0.0,0.00023689980183558482,4711,1790,6999,0.1325925925925926,0.5184444444444445,1,0,0
flow,0.4,0.5,0,registered,during_vibration,flow_dump_0.4_0.5.shear.wave,2183,218300,218.3,0.2183,158683.4518369953,771.5127166066424,0.004861960763238028,4.8619607632380275e+17,61,0.0003844131148764091,3.844131148764091e+26,678.0375212418354,16.864956263711353,46.30355267455566,0.0,4.150331036771529,26.156355389768503,0.0042728936974369405,0.00010628049786209323,0.0002917982444831119,0.0,2.6154781665796395e-05,0.00016483354179008626,4820,1845,6835,0.13666666666666666,0.5062962962962962,1,0,0
flow,0.4,0.5,0,registered,during_vibration,flow_dump_0.4_0.5.shear.wave,2184,218400,218.4,0.21839999999999998,158683.45183699526,798.6427553580161,0.00503293031574841,5.0329303157484096e+17,67,0.00042222424092982645,4.2222424092982644e+26,666.9287239209441,16.381127671076314,50.735072509534625,0.0,0.0,64.59783125646103,0.00420288767480326,0.0001032314805446981,0.00031972503699788005,0.0,0.0,0.00040708612340257134,4900,1973,6627,0.14614814814814814,0.4908888888888889,1,0,0
flow,0.4,0.5,0,registered,during_vibration,flow_dump_0.4_0.5.shear.wave,2185,218500,218.5,0.2185,158683.45183699526,966.5510581015266,0.006091063982490114,6.091063982490115e+17,83,0.0005230539104056059,5.2305391040560594e+26,769.7960644095026,32.61796424303843,100.33793045498132,0.0,0.0,63.79909899400425,0.004851142671135374,0.00020555365959989735,0.0006323150227287195,0.0,0.0,0.00040205262902612385,4922,2038,6540,0.15096296296296297,0.48444444444444446,1,0,0
flow,0.4,0.5,0,registered,during_vibration,flow_dump_0.4_0.5.shear.wave,2186,218600,218.6,0.2186,158683.45183699526,1032.397612243138,0.00650601937562872,6.50601937562872e+17,94,0.0005923743081702043,5.9237430817020434e+26,785.9846795903455,37.71958339649954,115.48861219819153,3.055382369643574,2.6033311973536266,87.54602349110405,0.00495316096600756,0.0002377033204145717,0.0007277924122600077,1.9254574653330335e-05,1.640581401032196e-05,0.0005517022882829279,4932,2016,6552,0.14933333333333335,0.48533333333333334,1,0,0
flow,0.4,0.5,0,registered,during_vibration,flow_dump_0.4_0.5.shear.wave,2187,218700,218.70000000000002,0.21869999999999998,158683.4518369953,925.6508368487584,0.005833316745589934,5.833316745589934e+17,78,0.0004915446386944247,4.915446386944247e+26,763.051541771364,27.777904063006165,103.0453736627551,4.86361561461173,0.0,26.912401737021376,0.004808639671861909,0.0001750523053376764,0.0006493769354639864,3.0649797179908786e-05,0.0,0.00016959803574645362,4923,2013,6564,0.1491111111111111,0.4862222222222222,1,0,0
flow,0.4,0.5,0,registered,during_vibration,flow_dump_0.4_0.5.shear.wave,2188,218800,218.8,0.2188,158683.45183699526,930.8830875250686,0.0058662896272341095,5.86628962723411e+17,81,0.0005104502017211335,5.104502017211335e+26,778.2453801562568,26.012561133798783,88.83811815445235,12.402042906971673,0.0,25.384985173589026,0.004904389028262982,0.00016392737133371488,0.0005598448806477295,7.81558679458993e-05,0.0,0.00015997247904378398,4868,1993,6639,0.14762962962962964,0.49177777777777776,1,0,0
flow,0.4,0.5,0,registered,during_vibration,flow_dump_0.4_0.5.shear.wave,2189,218900,218.9,0.21889999999999998,158683.45183699526,871.8627158901363,0.0054943518419661155,5.494351841966115e+17,82,0.0005167520560633698,5.167520560633698e+26,697.1872286376154,27.392929220219283,86.31250068173979,12.960234922720849,0.0,48.00982242784112,0.00439357236414159,0.0001726262499530082,0.0005439288072104883,8.167351272414983e-05,0.0,0.00030255090793688026,4759,1909,6832,0.1414074074074074,0.5060740740740741,1,0,0
flow,0.4,0.5,0,registered,during_vibration,flow_dump_0.4_0.5.shear.wave,2190,219000,219.0,0.219,158683.45183699526,816.9705703938866,0.005148429536515913,5.148429536515913e+17,71,0.0004474316582987713,4.474316582987713e+26,696.3518848564927,17.722532285948454,74.88558633991869,6.172244875321338,0.0,21.83832203620563,0.004388308149307262,0.0001116848170416258,0.00047191805744712165,3.889658816888901e-05,0.0,0.00013762192455101527,4708,1806,6986,0.13377777777777777,0.5174814814814814,1,0,0
flow,0.4,0.5,0,registered,during_vibration,flow_dump_0.4_0.5.shear.wave,2191,219100,219.1,0.2191,158683.4518369953,862.0680142213403,0.0054326270587237045,5.432627058723704e+17,71,0.00044743165829877127,4.4743165829877125e+26,723.746631722945,18.48184014300199,55.415378037955534,18.538749580319546,0.0,45.885414737118154,0.004560945853802076,0.00011646986455769268,0.00034921964071515146,0.00011682849954236654,0.0,0.00028916320010641765,4678,1781,7041,0.13192592592592592,0.5215555555555556,1,0,0
flow,0.4,0.5,0,registered,during_vibration,flow_dump_0.4_0.5.shear.wave,2192,219200,219.20000000000002,0.21919999999999998,158683.45183699526,778.4786082513949,0.004905858797747059,4.905858797747059e+17,68,0.0004285260952720627,4.2852609527206266e+26,687.8859779912732,17.00632679515633,40.71590725909166,7.951970972844115,0.0,24.918425233029737,0.004334957237367711,0.00010717139435954402,0.00025658571695879386,5.011216280455403e-05,0.0,0.00015703228625645694,4729,1817,6954,0.1345925925925926,0.5151111111111111,1,0,0
flow,0.4,0.5,0,registered,during_vibration,flow_dump_0.4_0.5.shear.wave,2193,219300,219.3,0.2193,158683.45183699526,842.8941643845251,0.005311796249872186,5.311796249872186e+17,73,0.0004600353669832438,4.600353669832438e+26,727.6619186727664,12.152276525985688,54.745035477885324,11.503156534687111,0.0,36.83177717320056,0.0045856194218679095,7.658187659333814e-05,0.0003449952395421873,7.249121695754088e-05,0.0,0.00023210849491121067,4825,1903,6772,0.14096296296296296,0.5016296296296296,1,0,0
flow,0.4,0.5,0,registered,during_vibration,flow_dump_0.4_0.5.shear.wave,2194,219400,219.4,0.21939999999999998,158683.45183699526,1063.196563674693,0.006700109881443987,6.700109881443987e+17,78,0.0004915446386944248,4.9154463869442485e+26,923.8282636983035,21.484803657724505,53.08091662725899,0.0,0.0,64.80257969140592,0.005821831155067698,0.0001353941032225237,0.00033450820493737064,0.0,0.0,0.00040837641821639485,4894,1976,6630,0.14637037037037037,0.4911111111111111,1,0,0
flow,0.4,0.5,0,registered,during_vibration,flow_dump_0.4_0.5.shear.wave,2195,219500,219.5,0.2195,158683.45183699526,987.2157494665752,0.006221289857499917,6.221289857499917e+17,77,0.00048524278435218865,4.852427843521887e+26,822.9492689097402,10.608757322454842,63.51140515043541,0.0,0.0,90.14631808394464,0.0051861064237189655,6.68548433982423e-05,0.0004002396243287949,0.0,0.0,0.0005680889660539136,4959,2032,6509,0.15051851851851852,0.48214814814814816,1,0,0
flow,0.4,0.5,0,registered,during_vibration,flow_dump_0.4_0.5.shear.wave,2196,219600,219.6,0.2196,158683.45183699526,916.9446596068915,0.005778451684733998,5.778451684733998e+17,79,0.000497846493036661,4.97846493036661e+26,757.7456998780076,0.0,93.85786895119486,0.0,0.0,65.34109077768893,0.004775203029087043,0.0,0.000591478619003125,0.0,0.0,0.0004117700366438298,4966,2111,6423,0.15637037037037038,0.4757777777777778,1,0,0
flow,0.4,0.5,0,registered,during_vibration,flow_dump_0.4_0.5.shear.wave,2197,219700,219.70000000000002,0.21969999999999998,158683.45183699526,985.6490998337053,0.006211417059708253,6.211417059708253e+17,81,0.0005104502017211335,5.104502017211335e+26,830.4610317898523,16.73497712558659,70.47656974182748,0.0,0.0,67.97652117643912,0.005233444459242849,0.00010546138826610159,0.000444133077053449,0.0,0.0,0.00042837813514585494,4932,2072,6496,0.15348148148148147,0.48118518518518516,1,0,0
flow,0.4,0.5,0,registered,during_vibration,flow_dump_0.4_0.5.shear.wave,2198,219800,219.8,0.2198,158683.4518369953,945.6191172808577,0.00595915394033795,5.95915394033795e+17,86,0.0005419594734323145,5.4195947343231446e+26,788.0487705740611,7.070027696660961,81.0711875384577,18.666376505150183,0.0,50.76275496652776,0.004966168566736057,4.4554284739933184e-05,0.0005108988152194762,0.00011763278583279674,0.0,0.00031989948780968594,4862,2036,6602,0.15081481481481482,0.48903703703703705,1,0,0
flow,0.4,0.5,0,registered,during_vibration,flow_dump_0.4_0.5.shear.wave,2199,219900,219.9,0.21989999999999998,158683.45183699526,1141.9387905156009,0.007196331925578712,7.196331925578712e+17,83,0.0005230539104056059,5.2305391040560594e+26,936.1388570164886,9.34094051044107,100.88437020758343,15.035670712352422,0.0,80.53895206873543,0.005899410721025407,5.886524651629324e-05,0.0006357586064564256,9.475260676707202e-05,0.0,0.0005075447448135149,4794,1923,6783,0.14244444444444446,0.5024444444444445,1,0,0
flow,0.4,0.5,0,registered,during_vibration,flow_dump_0.4_0.5.shear.wave,2200,220000,220.0,0.22,158683.45183699526,929.5331645112216,0.005857782609027613,5.857782609027613e+17,83,0.0005230539104056059,5.2305391040560594e+26,764.1353620465525,31.93035970153285,82.3852582204505,5.549038417493117,0.0,45.53314612519259,0.00481546974936931,0.00020122047593426907,0.0005191798972527978,3.496923184651458e-05,0.0,0.00028694325462472105,4737,1852,6911,0.1371851851851852,0.5119259259259259,1,0,0
flow,0.4,0.5,0,registered,after_removal,flow_dump_0.4_0.5.shear.wave,2240,224000,224.0,0.22399999999999998,158683.4518369953,1230.6717415842463,0.007755514058570088,7.755514058570088e+17,101,0.0006364872885658577,6.364872885658577e+26,1001.5232143225172,23.104422269091927,76.30166619257301,19.724394035711903,11.181039930107694,98.83700483424431,0.0063114534170287265,0.00014560070380133605,0.00048084198641552443,0.00012430025820192914,7.046128503426568e-05,0.0006228564080883042,5246,2549,5705,0.18881481481481482,0.4225925925925926,0,0,0
flow,0.4,0.5,0,registered,after_removal,flow_dump_0.4_0.5.shear.wave,2245,224500,224.5,0.22449999999999998,158683.45183699526,1336.620733593629,0.008423189173919968,8.423189173919968e+17,107,0.0006742984146192752,6.742984146192752e+26,963.0415392440245,32.61846675826379,71.56512867592151,38.275576552561915,10.812263586152769,220.30775877670462,0.006068947505838806,0.00020555682637765234,0.00045099301689904955,0.000241207108299357,6.813731022979934e-05,0.001388347406275305,5205,2520,5775,0.18666666666666668,0.42777777777777776,0,0,0
flow,0.4,0.5,0,registered,after_removal,flow_dump_0.4_0.5.shear.wave,2250,225000,225.0,0.22499999999999998,158683.45183699526,1250.4070852065906,0.007879883319472083,7.879883319472083e+17,99,0.0006238835798813854,6.238835798813854e+26,949.5565030208843,25.778127086100675,41.5303655163733,29.654179465532735,21.29391716444917,182.5939929532509,0.005983966771760796,0.00016245000211226055,0.0002617183142640143,0.0001868763196303195,0.00013419116434600228,0.0011506807473586932,5189,2484,5827,0.184,0.43162962962962964,0,0,0
flow,0.4,0.5,0,registered,after_removal,flow_dump_0.4_0.5.shear.wave,2255,225500,225.5,0.22549999999999998,158683.4518369953,1290.3716949240331,0.008131734468755723,8.131734468755724e+17,104,0.0006553928515925663,6.553928515925663e+26,982.9556534816884,8.758281546132636,61.96671728906773,70.10449554056669,13.844246189764895,152.74230087681366,0.006194443353119214,5.519341459202326e-05,0.00039050522642223543,0.00044178831963259956,8.724442296595708e-05,0.0009625597320236986,5172,2454,5874,0.1817777777777778,0.4351111111111111,0,0,0
flow,0.4,0.5,0,registered,after_removal,flow_dump_0.4_0.5.shear.wave,2260,226000,226.0,0.22599999999999998,158683.45183699526,1380.5016565035764,0.008699720358501353,8.699720358501353e+17,102,0.000642789142908094,6.42789142908094e+26,1018.787044204455,8.771298916392693,79.92327221798897,63.246087426017304,4.102471994430561,205.67148174429278,0.006420247558333845,5.5275448163321106e-05,0.0005036648200726608,0.00039856763067509847,2.5853180952004704e-05,0.001296111720304428,5114,2453,5933,0.1817037037037037,0.4394814814814815,0,0,0
flow,0.4,0.5,0,registered,after_removal,flow_dump_0.4_0.5.shear.wave,2265,226500,226.5,0.22649999999999998,158683.45183699526,1309.850711646513,0.008254488394870776,8.254488394870776e+17,111,0.00069950583198822,6.995058319882199e+26,1007.9668531424428,0.0,69.82361832662171,58.40699387600081,20.440461181145615,153.21278512030278,0.006352060290305877,0.0,0.00044001827234226525,0.0003680723679744398,0.0001288128090517133,0.0009655246551964844,5103,2465,5932,0.18259259259259258,0.4394074074074074,0,0,0
flow,0.4,0.5,0,registered,after_removal,flow_dump_0.4_0.5.shear.wave,2270,227000,227.0,0.22699999999999998,158683.45183699526,1367.5743172705363,0.008618254149622058,8.618254149622058e+17,117,0.0007373169580416372,7.373169580416372e+26,1034.5849988358345,0.0,42.42420691656993,44.794210940736775,9.5009290415796,236.2699715358157,0.0065198039673260546,0.0,0.00026735117257311393,0.00028228659272392704,5.9873470935956567e-05,0.0014889389460630072,5135,2490,5875,0.18444444444444444,0.4351851851851852,0,0,0
flow,0.4,0.5,0,registered,after_removal,flow_dump_0.4_0.5.shear.wave,2275,227500,227.5,0.22749999999999998,158683.45183699526,1534.1352289229585,0.009667896753965698,9.667896753965697e+17,128,0.0008066373558062356,8.066373558062357e+26,1190.0976232876824,3.917555579682351,79.61897956676637,54.7204060788753,13.520930753931443,192.2597336560213,0.007499821875000481,2.468786464077294e-05,0.0005017472121072432,0.00034484002865708935,8.520693618273806e-05,0.0012115928373773763,5114,2525,5861,0.18703703703703703,0.43414814814814817,0,0,0
flow,0.4,0.5,0,registered,after_removal,flow_dump_0.4_0.5.shear.wave,2280,228000,228.0,0.22799999999999998,158683.45183699526,1419.8038672399396,0.008947397165889786,8.947397165889786e+17,115,0.0007247132493571648,7.247132493571648e+26,1122.6941739504316,0.0,62.587356440119045,58.424733427330096,16.44918678119365,159.64841664086478,0.007075055155112829,0.0,0.00039441640395125,0.0003681841600430136,0.00010366037914331976,0.0010060810676393703,5140,2521,5839,0.18674074074074073,0.4325185185185185,0,0,0
flow,0.4,0.5,0,registered,after_removal,flow_dump_0.4_0.5.shear.wave,2285,228500,228.5,0.22849999999999998,158683.45183699526,1278.988599402207,0.008059999858813414,8.059999858813414e+17,113,0.0007121095406726924,7.121095406726925e+26,1086.596113390117,6.071474719353425,66.53577723869071,49.99787186088925,8.82166970812816,60.96569248502941,0.006847570435424504,3.8261549323934795e-05,0.00041929877670570466,0.00031507930588911483,5.559287755594114e-05,0.0003841969139142204,5129,2530,5841,0.1874074074074074,0.43266666666666664,0,0,0
flow,0.4,0.5,0,registered,after_removal,flow_dump_0.4_0.5.shear.wave,2290,229000,229.0,0.22899999999999998,158683.45183699526,1405.5892924282548,0.008857818985889727,8.857818985889728e+17,115,0.0007247132493571648,7.247132493571648e+26,1070.3527660102975,0.0,62.40136965803283,49.337457507564324,21.042904212733816,202.45479503962582,0.0067452072262065375,0.0,0.0003932443423409614,0.000310917470828939,0.00013260931728627736,0.0012758406292270091,5115,2558,5827,0.18948148148148147,0.43162962962962964,0,0,0
flow,0.4,0.5,0,registered,after_removal,flow_dump_0.4_0.5.shear.wave,2295,229500,229.5,0.22949999999999998,158683.45183699526,1450.0981999315165,0.009138307637907348,9.138307637907348e+17,125,0.000787731792779527,7.87731792779527e+26,1244.5772811726595,0.0,34.776061444698,76.26677480918836,18.220083856719317,76.25799864825134,0.007843144743606468,0.0,0.00021915367382114356,0.00048062210599963533,0.0001148203145683746,0.00048056679991172625,5122,2559,5819,0.18955555555555556,0.43103703703703705,0,0,0
flow,0.4,0.5,0,registered,after_removal,flow_dump_0.4_0.5.shear.wave,2300,230000,230.0,0.22999999999999998,158683.45183699526,1424.748900459484,0.008978560044956873,8.978560044956873e+17,122,0.0007688262297528183,7.688262297528184e+26,1213.4241565233626,0.0,52.4856925215248,53.861873186165255,14.294471761430808,90.68270646700087,0.00764682228976107,0.0,0.00033075718932204593,0.0003394296794192119,9.008167893974571e-05,0.0005714692075148016,5114,2541,5845,0.18822222222222224,0.43296296296296294,0,0,0
