region,amplitude_A,frequency_THz,is_baseline,coordinate_treatment,analysis_stage,filename,frame,timestep,time_ps,strain_xy,cell_volume_A3,total_line_length_A,dislocation_density_A-2,dislocation_density_m-2,segment_count,segment_number_density_A-3,segment_number_density_m-3,shockley_length_A,perfect_length_A,stair_rod_length_A,hirth_length_A,frank_length_A,other_length_A,shockley_density_A-2,perfect_density_A-2,stair_rod_density_A-2,hirth_density_A-2,frank_density_A-2,other_density_A-2,fcc_count,hcp_count,other_atom_count,hcp_fraction,other_atom_fraction,coherent_correction_applied,has_PE,has_KE
flow,0.1,1.2,0,registered,before,flow_dump_0.1_1.2.shear.wave,1850,185000,185.0,0.185,158683.45183699526,1441.826292300768,0.00908617928088594,9.086179280885939e+17,126,0.0007940336471217632,7.940336471217631e+26,1167.4654380944578,4.603785611908546,121.82863208346481,44.556678307427724,0.0,103.37175820350976,0.007357197140466265,2.9012386349130486e-05,0.0007677462941038811,0.00028078969666728564,0.0,0.0006514337632993802,5939,3062,4499,0.2268148148148148,0.33325925925925926,0,0,0
flow,0.1,1.2,0,registered,before,flow_dump_0.1_1.2.shear.wave,1855,185500,185.5,0.1855,158683.45183699526,1437.2295380341995,0.009057211205050972,9.057211205050972e+17,125,0.000787731792779527,7.87731792779527e+26,1161.7754451855296,6.342864394528773,133.7958539195755,24.720090279973533,0.0,110.59528425459212,0.0073213396339458425,3.997180752687663e-05,0.0008431619829962794,0.0001557824082713225,0.0,0.0006969553723106499,5928,3069,4503,0.22733333333333333,0.33355555555555555,0,0,0
flow,0.1,1.2,0,registered,before,flow_dump_0.1_1.2.shear.wave,1860,186000,186.0,0.186,158683.45183699526,4975.515810919432,0.03135497591790757,3.135497591790757e+18,135,0.0008507503362018892,8.507503362018892e+26,3685.6746195561204,0.0,448.83295727585386,257.259246710078,0.0,583.7489873773791,0.02322658460531955,0.0,0.0028284799207475616,0.001621210300960323,0.0,0.00367870109088013,5915,3025,4560,0.22407407407407406,0.3377777777777778,0,0,0
flow,0.1,1.2,0,registered,before,flow_dump_0.1_1.2.shear.wave,1865,186500,186.5,0.1865,158683.45183699526,1704.3169668455046,0.0107403572780622,1.07403572780622e+18,122,0.0007688262297528183,7.688262297528184e+26,1352.8907364199413,0.0,161.42633713868145,67.77793029904024,0.0,122.22196298784144,0.008525720361879159,0.0,0.001017285263648687,0.0004271266443627903,0.0,0.0007702250081715626,5911,3021,4568,0.22377777777777777,0.3383703703703704,0,0,0
flow,0.1,1.2,0,registered,before,flow_dump_0.1_1.2.shear.wave,1870,187000,187.0,0.187,158683.45183699526,1550.0191724865495,0.009767995052683748,9.767995052683748e+17,129,0.0008129392101484719,8.129392101484719e+26,1208.4069916005535,6.442923376896207,156.38005819092385,52.4617493373733,0.0,126.32744998080318,0.007615204847206551,4.0602364659388584e-05,0.0009854843487496255,0.00033060630286303386,0.0,0.0007960971892051529,5916,3027,4557,0.2242222222222222,0.33755555555555555,0,0,0
flow,0.1,1.2,0,registered,before,flow_dump_0.1_1.2.shear.wave,1875,187500,187.5,0.1875,158683.45183699526,1536.1960074072153,0.009680883479805098,9.680883479805098e+17,131,0.0008255429188329443,8.255429188329443e+26,1202.2306791004264,7.870538299511893,144.28804290422232,62.24720794551858,0.0,119.55953915753562,0.007576282625458617,4.959898595851547e-05,0.0009092822297087389,0.000392272837683547,0.0,0.0007534468009956768,5888,3011,4601,0.22303703703703703,0.3408148148148148,0,0,0
flow,0.1,1.2,0,registered,before,flow_dump_0.1_1.2.shear.wave,1880,188000,188.0,0.188,158683.45183699526,1497.927042607647,0.009439718037810053,9.439718037810053e+17,126,0.0007940336471217632,7.940336471217631e+26,1221.3909315814399,5.9249625163137605,139.40151732368602,37.20419762059687,0.0,94.00543356561074,0.007697027745754433,3.733825076101869e-05,0.0008784880572605878,0.00023445543432477268,0.0,0.0005924085497092422,5867,2993,4640,0.2217037037037037,0.3437037037037037,0,0,0
flow,0.1,1.2,0,registered,before,flow_dump_0.1_1.2.shear.wave,1885,188500,188.5,0.1885,158683.45183699526,1533.7373097756965,0.009665389125459665,9.665389125459665e+17,128,0.0008066373558062356,8.066373558062357e+26,1190.2230546991996,5.014848463179432,151.90362676925645,28.928189075994343,0.0,157.66759076806719,0.007500612325485804,3.160284456334392e-05,0.0009572745299572682,0.0001823012339415852,0.0,0.0009935981915116668,5835,3005,4660,0.2225925925925926,0.3451851851851852,0,0,0
flow,0.1,1.2,0,registered,before,flow_dump_0.1_1.2.shear.wave,1890,189000,189.0,0.189,158683.4518369953,1488.4590490642256,0.009380052121586177,9.380052121586177e+17,121,0.000762524375410582,7.62524375410582e+26,1203.1402573759274,0.0,167.0499310768173,9.040746322285841,0.0,109.22811428919475,0.007582014655263685,0.0,0.0010527243335267016,5.697346646815312e-05,0.0,0.0006883396663276355,5870,3010,4620,0.22296296296296297,0.3422222222222222,0,0,0
flow,0.1,1.2,0,registered,before,flow_dump_0.1_1.2.shear.wave,1895,189500,189.5,0.1895,158683.45183699526,1497.1161961776575,0.009434608201714337,9.434608201714337e+17,129,0.0008129392101484719,8.129392101484719e+26,1212.6033220505008,10.534191187355,132.72377370722762,30.244553758185795,0.0,111.0103554743877,0.007641649510474009,6.638493847597959e-05,0.0008364058896548693,0.0001905967724300198,0.0,0.000699571090679456,5912,3016,4572,0.22340740740740742,0.33866666666666667,0,0,0
flow,0.1,1.2,0,registered,before,flow_dump_0.1_1.2.shear.wave,1900,190000,190.0,0.19,158683.45183699526,1501.7487813824728,0.009463802078903082,9.463802078903082e+17,126,0.0007940336471217632,7.940336471217631e+26,1205.5387239756446,11.467998671675558,139.27213712580374,44.83362218934846,0.0,100.63629942000073,0.007597129442419823,7.226965722585777e-05,0.0008776727220987639,0.00028253495667212355,0.0,0.0006341953004865156,5911,3054,4535,0.2262222222222222,0.3359259259259259,0,0,0
flow,0.1,1.2,0,registered,during_vibration,flow_dump_0.1_1.2.shear.wave,1910,191000,191.0,0.191,158683.45183699526,1341.7703198781658,0.008455641116607895,8.455641116607895e+17,104,0.0006553928515925665,6.553928515925665e+26,1065.6794100492314,17.2767897585401,149.31956377949405,25.672871926138857,0.0,83.82168436476097,0.006715756417650477,0.00010887581255975812,0.0009409901413846222,0.0001617866994254124,0.0,0.0005282320455876224,5449,2782,5269,0.20607407407407408,0.3902962962962963,1,0,0
flow,0.1,1.2,0,registered,during_vibration,flow_dump_0.1_1.2.shear.wave,1911,191100,191.1,0.1911,158683.45183699526,1326.8435436005154,0.008361574746706997,8.361574746706996e+17,103,0.0006490909972503302,6.490909972503302e+26,1008.2871929420577,16.797250836320416,159.93530134226535,45.94408133388754,0.0,95.87971714598521,0.006354079025063072,0.00010585382812049673,0.0010078889732406126,0.0002895329084540131,0.0,0.0006042200118288071,5440,2800,5260,0.2074074074074074,0.3896296296296296,1,0,0
flow,0.1,1.2,0,registered,during_vibration,flow_dump_0.1_1.2.shear.wave,1912,191200,191.20000000000002,0.19119999999999998,158683.45183699526,1274.5019377759315,0.008031725570761726,8.031725570761725e+17,98,0.0006175817255391491,6.1758172553914915e+26,998.5169796086946,11.654946107906364,140.69656230854466,25.870374010433636,0.0,97.76307574035262,0.0062925085637436425,7.34477727386388e-05,0.0008866492421218104,0.00016303132879292616,0.0,0.0006160886633647092,5454,2796,5250,0.2071111111111111,0.3888888888888889,1,0,0
flow,0.1,1.2,0,registered,during_vibration,flow_dump_0.1_1.2.shear.wave,1913,191300,191.3,0.1913,158683.45183699526,1245.566884943015,0.007849381082423777,7.849381082423777e+17,101,0.0006364872885658578,6.364872885658577e+26,1012.8173423143895,9.80624909249665,126.61382295049184,31.15174695347874,0.0,65.17772363215872,0.00638262736655608,6.179755342459996e-05,0.0007979018699476845,0.0001963137718070238,0.0,0.0004107405206883914,5455,2797,5248,0.2071851851851852,0.3887407407407407,1,0,0
flow,0.1,1.2,0,registered,during_vibration,flow_dump_0.1_1.2.shear.wave,1914,191400,191.4,0.1914,158683.45183699526,1259.0187856161588,0.007934153001092157,7.934153001092157e+17,101,0.0006364872885658578,6.364872885658577e+26,1043.1222126738746,4.864166881154034,121.87125916202632,19.187864881099884,0.0,69.97328201800389,0.006573604245421906,3.065327118136214e-05,0.0007680149237440108,0.0001209191296192011,0.0,0.0004409614311256771,5464,2802,5234,0.20755555555555555,0.3877037037037037,1,0,0
flow,0.1,1.2,0,registered,during_vibration,flow_dump_0.1_1.2.shear.wave,1915,191500,191.5,0.1915,158683.45183699526,1284.1186231775928,0.008092328521418104,8.092328521418104e+17,105,0.0006616947059348027,6.616947059348027e+26,1085.3274634589998,4.145373367047117,105.97154799540722,26.998210395394533,0.0,61.676027960744456,0.006839575588347316,2.6123539153316238e-05,0.0006678172598883506,0.000170138789412824,0.0,0.0003886733446162997,5450,2809,5241,0.20807407407407408,0.38822222222222225,1,0,0
flow,0.1,1.2,0,registered,during_vibration,flow_dump_0.1_1.2.shear.wave,1916,191600,191.6,0.1916,158683.4518369953,1217.1329622587093,0.007670194643288874,7.670194643288874e+17,105,0.0006616947059348026,6.616947059348026e+26,952.1357725605403,14.875250838117855,119.61464031383677,35.34959123812662,0.0,95.15770730808764,0.006000220952709074,9.37416640860459e-05,0.0007537940404567753,0.0002227679750402635,0.0,0.0005996700109967149,5456,2799,5245,0.20733333333333334,0.38851851851851854,1,0,0
flow,0.1,1.2,0,registered,during_vibration,flow_dump_0.1_1.2.shear.wave,1917,191700,191.70000000000002,0.19169999999999998,158683.45183699526,1253.5788781660797,0.007899871496706514,7.899871496706514e+17,103,0.0006490909972503302,6.490909972503302e+26,1009.5402179991748,19.046580605345643,131.71870781797483,18.358439739381982,0.0,74.9149320042016,0.006361975406460196,0.00012002877669254953,0.0008300721108164481,0.00011569221318830624,0.0,0.0004721029895490087,5435,2783,5282,0.20614814814814814,0.39125925925925925,1,0,0
flow,0.1,1.2,0,registered,during_vibration,flow_dump_0.1_1.2.shear.wave,1918,191800,191.8,0.1918,158683.45183699526,1317.3684398081461,0.008301864022729914,8.301864022729915e+17,102,0.000642789142908094,6.42789142908094e+26,1045.1580741424111,11.622265087740962,147.8574003349113,27.02747160323579,0.0,85.70322863984651,0.0065864339478575945,7.324182170980076e-05,0.0009317758003323192,0.00017032318928251748,0.0,0.00054008926354768,5429,2796,5275,0.2071111111111111,0.3907407407407407,1,0,0
flow,0.1,1.2,0,registered,during_vibration,flow_dump_0.1_1.2.shear.wave,1919,191900,191.9,0.1919,158683.45183699526,1307.9662749618094,0.008242612949366608,8.242612949366607e+17,99,0.0006238835798813854,6.238835798813854e+26,988.1550151793836,27.43050281371634,188.88859305301636,23.06543976248515,0.0,80.42672415320709,0.006227208973210692,0.00017286303326634106,0.0011903484003300407,0.0001453550417228049,0.0,0.0005068375008367225,5416,2793,5291,0.2068888888888889,0.3919259259259259,1,0,0
flow,0.1,1.2,0,registered,during_vibration,flow_dump_0.1_1.2.shear.wave,1920,192000,192.0,0.192,158683.4518369953,1317.6813135415355,0.008303835707425244,8.303835707425244e+17,98,0.000617581725539149,6.17581725539149e+26,1021.235035585318,10.756848296145016,165.90073649833727,29.42678999000939,0.0,90.36190317172543,0.006435674443447091,6.77880911438377e-05,0.0010454822766822328,0.00018544334427661384,0.0,0.0005694475518754663,5437,2789,5274,0.2065925925925926,0.39066666666666666,1,0,0
flow,0.1,1.2,0,registered,during_vibration,flow_dump_0.1_1.2.shear.wave,1921,192100,192.1,0.1921,158683.45183699526,1253.453046274192,0.00789907852245223,7.899078522452229e+17,97,0.000611279871196913,6.112798711969129e+26,952.7069945385505,9.059826379459123,153.58037330699463,26.984911328468137,0.0,111.12094072072001,0.006003820710411579,5.709370620930069e-05,0.0009678411424069431,0.00017005498063016618,0.0,0.0007002679827942425,5447,2783,5270,0.20614814814814814,0.39037037037037037,1,0,0
flow,0.1,1.2,0,registered,during_vibration,flow_dump_0.1_1.2.shear.wave,1922,192200,192.20000000000002,0.19219999999999998,158683.45183699526,1278.8805501362501,0.008059318948077569,8.059318948077569e+17,107,0.0006742984146192752,6.742984146192752e+26,1016.7996234151867,4.360107062307982,122.17823948570359,25.24805487924523,0.0,110.29452529380654,0.006407723122003143,2.747675962322035e-05,0.0007699494690297574,0.00015910956427378983,0.0,0.0006950600331476569,5431,2787,5282,0.20644444444444446,0.39125925925925925,1,0,0
flow,0.1,1.2,0,registered,during_vibration,flow_dump_0.1_1.2.shear.wave,1923,192300,192.3,0.1923,158683.45183699526,1237.0869892343603,0.007795942014830481,7.795942014830481e+17,99,0.0006238835798813854,6.238835798813854e+26,992.3752373621517,5.120219246834506,125.10205663017237,23.60155051221718,0.0,90.88792548298466,0.006253804198698371,3.226687589386548e-05,0.0007883749387975328,0.00014873353357892322,0.0,0.0005727624678617885,5443,2781,5276,0.206,0.39081481481481484,1,0,0
flow,0.1,1.2,0,registered,during_vibration,flow_dump_0.1_1.2.shear.wave,1924,192400,192.4,0.1924,158683.4518369953,1201.5963971550566,0.0075722854730269845,7.572285473026985e+17,101,0.0006364872885658577,6.364872885658577e+26,956.6690573055967,15.275351710572302,110.04583891732065,24.372819428519946,0.0,95.23332979304764,0.0060287890528643,9.626304150645545e-05,0.0006934928478261442,0.0001535939579481576,0.0,0.0006001465728819308,5440,2789,5271,0.2065925925925926,0.3904444444444444,1,0,0
flow,0.1,1.2,0,registered,during_vibration,flow_dump_0.1_1.2.shear.wave,1925,192500,192.5,0.1925,158683.45183699526,1208.6638339537537,0.007616823430305336,7.616823430305335e+17,103,0.0006490909972503302,6.490909972503302e+26,985.6438324863562,8.620706158747893,108.12408165373715,28.202336836069755,0.0,78.0728768188427,0.00621138386565249,5.43264345396479e-05,0.0006813822134699066,0.00017772701885159458,0.0,0.0004920038977916971,5436,2773,5291,0.2054074074074074,0.3919259259259259,1,0,0
flow,0.1,1.2,0,registered,during_vibration,flow_dump_0.1_1.2.shear.wave,1926,192600,192.6,0.1926,158683.45183699526,1319.7330860713444,0.008316765679051503,8.316765679051503e+17,107,0.0006742984146192752,6.742984146192752e+26,1028.300090095887,23.65383150236992,134.2167458596422,38.090462424056305,0.0,95.4719561893889,0.006480197387892658,0.00014906300076373367,0.0008458143826964009,0.00024004054602482465,0.0,0.0006016503616738863,5435,2769,5296,0.2051111111111111,0.3922962962962963,1,0,0
flow,0.1,1.2,0,registered,during_vibration,flow_dump_0.1_1.2.shear.wave,1927,192700,192.70000000000002,0.19269999999999998,158683.45183699526,1193.1343921888013,0.007518959150286365,7.518959150286365e+17,98,0.0006175817255391491,6.1758172553914915e+26,944.319145238675,22.018372448036573,128.26654100452922,9.735931056904047,0.0,88.794402440656,0.005950961705879136,0.00013875657602063353,0.0008083170583930121,6.13544194066632e-05,0.0,0.0005595693905869181,5424,2780,5296,0.20592592592592593,0.3922962962962963,1,0,0
flow,0.1,1.2,0,registered,during_vibration,flow_dump_0.1_1.2.shear.wave,1928,192800,192.8,0.1928,158683.45183699526,1335.028055581672,0.008413152349074533,8.413152349074533e+17,99,0.0006238835798813854,6.238835798813854e+26,1065.888360704557,5.728523689818476,164.05391893395324,30.871029985235445,0.0,68.48622226810747,0.0067170731942450546,3.6100321889285595e-05,0.0010338439013948015,0.00019454473436176042,0.0,0.0004315901971836277,5443,2786,5271,0.20637037037037037,0.3904444444444444,1,0,0
flow,0.1,1.2,0,registered,during_vibration,flow_dump_0.1_1.2.shear.wave,1929,192900,192.9,0.1929,158683.45183699526,1215.1543029275983,0.0076577254203913075,7.657725420391308e+17,99,0.0006238835798813854,6.238835798813854e+26,954.9196700759783,10.934372166873937,141.91219363422624,21.04604416657738,0.0,86.34202288394235,0.006017764669355078,6.890682071944134e-05,0.0008943099736701154,0.00013262910481804085,0.0,0.0005441148518286308,5439,2791,5270,0.20674074074074075,0.39037037037037037,1,0,0
flow,0.1,1.2,0,registered,during_vibration,flow_dump_0.1_1.2.shear.wave,1930,193000,193.0,0.193,158683.45183699526,1215.0826354575468,0.007657273782433966,7.657273782433966e+17,101,0.0006364872885658578,6.364872885658577e+26,987.2210592639227,5.343922570233712,115.58546016458044,27.023200818659927,0.0,79.90899264014952,0.006221323319069388,3.3676621653801435e-05,0.0007284027340375324,0.00017029627542019334,0.0,0.0005035748322530481,5435,2785,5280,0.20629629629629628,0.39111111111111113,1,0,0
flow,0.1,1.2,0,registered,during_vibration,flow_dump_0.1_1.2.shear.wave,1931,193100,193.1,0.1931,158683.45183699526,1281.1477027147873,0.008073606213399136,8.073606213399136e+17,103,0.0006490909972503302,6.490909972503302e+26,1055.7965008737647,11.309307695986345,107.94995470889299,19.461781951219653,0.0,86.6301574849241,0.006653475763549137,7.1269609811637e-05,0.0006802848908264401,0.000122645315096948,0.0,0.0005459306341149762,5444,2792,5264,0.2068148148148148,0.38992592592592595,1,0,0
flow,0.1,1.2,0,registered,during_vibration,flow_dump_0.1_1.2.shear.wave,1932,193200,193.20000000000002,0.19319999999999998,158683.45183699526,1224.5263543243254,0.007716786723181434,7.716786723181434e+17,100,0.0006301854342236216,6.301854342236216e+26,989.5960369878813,15.931718426115737,120.9280352764439,22.99845448107182,0.0,75.0721091528128,0.006236290082751831,0.00010039936894290219,0.0007620708642049523,0.00014493291023626441,0.0,0.00047309349704548453,5444,2784,5272,0.20622222222222222,0.39051851851851854,1,0,0
flow,0.1,1.2,0,registered,during_vibration,flow_dump_0.1_1.2.shear.wave,1933,193300,193.3,0.1933,158683.45183699526,1227.5735288873734,0.007735989573433129,7.735989573433129e+17,105,0.0006616947059348027,6.616947059348027e+26,1010.9655047550103,14.714053029200265,107.87088967727612,23.470677918177245,0.0,70.55240350770846,0.00637095735599139,9.272581897395964e-05,0.0006797866345136264,0.00014790879355389293,0.0,0.0004446109704002542,5453,2779,5268,0.20585185185185184,0.39022222222222225,1,0,0
flow,0.1,1.2,0,registered,during_vibration,flow_dump_0.1_1.2.shear.wave,1934,193400,193.4,0.1934,158683.45183699526,1278.6916001495163,0.008058128212783204,8.058128212783204e+17,103,0.0006490909972503302,6.490909972503302e+26,1047.687967477708,21.14235350359928,113.48338433419681,20.849241297334565,0.0,75.52865353667798,0.00660237696715803,0.0001332360322317502,0.0007151557583381196,0.00013138888180193846,0.0,0.00047597057325336886,5446,2776,5278,0.20562962962962963,0.39096296296296296,1,0,0
flow,0.1,1.2,0,registered,during_vibration,flow_dump_0.1_1.2.shear.wave,1935,193500,193.5,0.19349999999999998,158683.4518369953,1209.0006069192407,0.007618945724480236,7.618945724480236e+17,99,0.0006238835798813853,6.238835798813853e+26,980.7422298621018,10.903936457625385,107.04753052079239,15.996274358971228,0.0,94.3106357197497,0.006180494679870914,6.87150193129543e-05,0.0006745979450381192,0.00010080619102868465,0.0,0.0005943318892295625,5426,2778,5296,0.20577777777777778,0.3922962962962963,1,0,0
flow,0.1,1.2,0,registered,during_vibration,flow_dump_0.1_1.2.shear.wave,1936,193600,193.6,0.1936,158683.45183699526,1357.541551508173,0.00855502912113787,8.555029121137869e+17,103,0.0006490909972503302,6.490909972503302e+26,1067.8788707390988,5.470634363575224,174.55672856107378,16.30463472508294,0.0,93.33068311934238,0.006729617098549497,3.447514091888318e-05,0.0011000310778491514,0.00010274943314083932,0.0,0.0005881563706795001,5426,2791,5283,0.20674074074074075,0.3913333333333333,1,0,0
flow,0.1,1.2,0,registered,during_vibration,flow_dump_0.1_1.2.shear.wave,1937,193700,193.70000000000002,0.19369999999999998,158683.45183699526,1222.608995936769,0.007704703809901187,7.704703809901187e+17,99,0.0006238835798813854,6.238835798813854e+26,991.3003963609798,4.711787011344223,103.46586362575326,26.39063462180792,0.0,96.7403143168832,0.006247030707267923,2.969299543713179e-05,0.0006520268019631733,0.00016630993538580964,0.0,0.0006096433698471467,5434,2783,5283,0.20614814814814814,0.3913333333333333,1,0,0
flow,0.1,1.2,0,registered,during_vibration,flow_dump_0.1_1.2.shear.wave,1938,193800,193.8,0.1938,158683.45183699526,1163.970469109711,0.007335172354993758,7.335172354993759e+17,97,0.000611279871196913,6.112798711969129e+26,956.0003327316488,10.508384781022471,93.6091852878719,24.667360799526293,0.0,79.18520550964156,0.006024574848004208,6.622231026217543e-05,0.00058991145077957,0.0001554501147660022,0.0,0.0004990136311818018,5417,2773,5310,0.2054074074074074,0.3933333333333333,1,0,0
flow,0.1,1.2,0,registered,during_vibration,flow_dump_0.1_1.2.shear.wave,1939,193900,193.9,0.1939,158683.4518369953,1245.5417332469572,0.007849222580098758,7.849222580098758e+17,103,0.0006490909972503301,6.490909972503302e+26,1055.586474142315,12.193620553735254,94.8079308318454,19.729283212749262,0.0,63.2244245063124,0.006652152205679563,7.684242063413727e-05,0.0005974657705910956,0.000124331069083472,0.0,0.00039843111411049057,5426,2784,5290,0.20622222222222222,0.39185185185185184,1,0,0
flow,0.1,1.2,0,registered,during_vibration,flow_dump_0.1_1.2.shear.wave,1940,194000,194.0,0.19399999999999998,158683.45183699526,1237.837841937822,0.007800673779200171,7.80067377920017e+17,104,0.0006553928515925665,6.553928515925665e+26,980.0502112223558,22.05608880890054,118.01728966751418,20.845752727629275,0.0,96.86849951142226,0.006176133679201124,0.00013899425903311747,0.0007437277693501735,0.000131366897343793,0.0,0.0006104511742719631,5419,2793,5288,0.2068888888888889,0.3917037037037037,1,0,0
flow,0.1,1.2,0,registered,during_vibration,flow_dump_0.1_1.2.shear.wave,1941,194100,194.1,0.1941,158683.45183699526,1198.0585408569013,0.007549990417952249,7.549990417952248e+17,100,0.0006301854342236216,6.301854342236216e+26,918.8123105177441,24.032559912221487,117.00095088030058,26.285909569097065,0.0,111.92680997753874,0.005790221348736336,0.00015144969203788498,0.0007373229503507884,0.00016564997335764283,0.0,0.0007053464534696003,5427,2798,5275,0.20725925925925925,0.3907407407407407,1,0,0
flow,0.1,1.2,0,registered,during_vibration,flow_dump_0.1_1.2.shear.wave,1942,194200,194.20000000000002,0.19419999999999998,158683.45183699526,1228.5517775080696,0.00774215435375125,7.74215435375125e+17,104,0.0006553928515925665,6.553928515925665e+26,1026.4503996511387,13.689976077319992,104.69131086463538,21.665001357116807,0.0,62.05508955785946,0.006468540908131627,8.627223518796892e-05,0.000659749391966704,0.00013652968287690005,0.0,0.00039106213558805393,5421,2780,5299,0.20592592592592593,0.39251851851851854,1,0,0
flow,0.1,1.2,0,registered,during_vibration,flow_dump_0.1_1.2.shear.wave,1943,194300,194.3,0.1943,158683.4518369953,1214.5074503392239,0.007653649049598472,7.653649049598472e+17,100,0.0006301854342236215,6.301854342236214e+26,986.0472863478915,21.16092090859295,114.13077802173989,22.908666680754827,0.0,70.2597983802451,0.0062139263731216966,0.00013335304131353358,0.000719235539059099,0.0001443670805969569,0.0,0.0004427670155071886,5424,2786,5290,0.20637037037037037,0.39185185185185184,1,0,0
flow,0.1,1.2,0,registered,during_vibration,flow_dump_0.1_1.2.shear.wave,1944,194400,194.4,0.1944,158683.45183699526,1277.1210982490618,0.008048231138562335,8.048231138562335e+17,109,0.0006869021233037475,6.869021233037475e+26,1036.7727099625993,20.48761029931311,118.25648535877762,9.71954304805504,0.0,91.88474958031644,0.006533590604189815,0.00012910993592676976,0.0007452351457558063,6.125114456193748e-05,0.0,0.0005790443081280045,5415,2787,5298,0.20644444444444446,0.39244444444444443,1,0,0
flow,0.1,1.2,0,registered,during_vibration,flow_dump_0.1_1.2.shear.wave,1945,194500,194.5,0.19449999999999998,158683.45183699526,1263.5718985578058,0.007962846055654168,7.962846055654168e+17,100,0.0006301854342236216,6.301854342236216e+26,1050.6532216157732,7.749976876654891,117.37196276647664,17.452662003376467,0.0,70.34407529552492,0.00662106356682383,4.8839225432377895e-05,0.0007396610132167083,0.000109984133829559,0.0,0.000443298116351695,5421,2776,5303,0.20562962962962963,0.39281481481481484,1,0,0
flow,0.1,1.2,0,registered,during_vibration,flow_dump_0.1_1.2.shear.wave,1946,194600,194.6,0.1946,158683.45183699526,1222.0085663754564,0.007700919990263023,7.700919990263023e+17,98,0.0006175817255391491,6.1758172553914915e+26,1001.4462836208704,10.4603060215776,116.41079197744867,32.51919525783792,0.0,61.17198949772172,0.006310968610952503,6.591932492319843e-05,0.0007336038549062417,0.00020493123184163326,0.0,0.0003854969676394458,5411,2777,5312,0.2057037037037037,0.3934814814814815,1,0,0
flow,0.1,1.2,0,registered,during_vibration,flow_dump_0.1_1.2.shear.wave,1947,194700,194.70000000000002,0.19469999999999998,158683.4518369953,1292.1852836938015,0.008143163441019518,8.143163441019517e+17,104,0.0006553928515925663,6.553928515925663e+26,1036.449655121866,13.109030201524089,108.04371623599249,34.635211939829674,0.0,99.94767019458946,0.006531554759638959,8.261119889798027e-05,0.0006808757623131267,0.00021826606075728722,0.0,0.0006298556594121667,5411,2780,5309,0.20592592592592593,0.39325925925925925,1,0,0
flow,0.1,1.2,0,registered,during_vibration,flow_dump_0.1_1.2.shear.wave,1948,194800,194.8,0.1948,158683.45183699526,1221.833452378732,0.00769981644736238,7.69981644736238e+17,104,0.0006553928515925665,6.553928515925665e+26,1023.0759022492582,12.304315615133731,92.44777529738147,20.97904763741227,0.0,73.02641157954598,0.006447275317026722,7.754000478747538e-05,0.0005825924141878814,0.00013220690244980694,0.0,0.0004602018089104909,5420,2790,5290,0.20666666666666667,0.39185185185185184,1,0,0
flow,0.1,1.2,0,registered,during_vibration,flow_dump_0.1_1.2.shear.wave,1949,194900,194.9,0.1949,158683.45183699526,1192.4175019451845,0.0075144414123917225,7.514441412391722e+17,104,0.0006553928515925665,6.553928515925665e+26,946.046991162339,16.326108728248016,124.58002113152253,21.1540737473303,0.0,84.31030717574455,0.0059618503392158935,0.00010288475918093035,0.0007850851471235648,0.0001333098915005986,0.0,0.000531311275370735,5418,2801,5281,0.2074814814814815,0.3911851851851852,1,0,0
flow,0.1,1.2,0,registered,during_vibration,flow_dump_0.1_1.2.shear.wave,1950,195000,195.0,0.19499999999999998,158683.45183699526,1253.752405742118,0.00790096504221507,7.90096504221507e+17,108,0.0006806002689615113,6.806002689615113e+26,1035.429958233586,12.195416519377797,104.55345150506862,26.750478025721208,0.0,74.8231014583645,0.006525128778375787,7.685373854802026e-05,0.0006588806223630004,0.00016857761610328568,0.0,0.0004715242868249753,5433,2786,5281,0.20637037037037037,0.3911851851851852,1,0,0
flow,0.1,1.2,0,registered,during_vibration,flow_dump_0.1_1.2.shear.wave,1951,195100,195.1,0.1951,158683.45183699526,1281.6696858337266,0.008076895674983797,8.076895674983796e+17,108,0.0006806002689615113,6.806002689615113e+26,1064.6701863599276,11.359348487307287,103.814940250244,22.63840205379025,0.0,79.18680868245809,0.006709396436961751,7.158495958971182e-05,0.0006542266320049935,0.00014266391228396738,0.0,0.000499023734143377,5417,2776,5307,0.20562962962962963,0.39311111111111113,1,0,0
flow,0.1,1.2,0,registered,during_vibration,flow_dump_0.1_1.2.shear.wave,1952,195200,195.20000000000002,0.19519999999999998,158683.45183699526,1210.4883864492826,0.007628321494371922,7.628321494371922e+17,103,0.0006490909972503302,6.490909972503302e+26,993.3580920932401,6.164254752027943,113.22237907182452,21.794972570864207,0.0,75.94868796132607,0.006259998006053268,3.8846235575717517e-05,0.0007135109411920922,0.00013734874253461984,0.0,0.00047861756901622615,5392,2778,5330,0.20577777777777778,0.39481481481481484,1,0,0
flow,0.1,1.2,0,registered,during_vibration,flow_dump_0.1_1.2.shear.wave,1953,195300,195.3,0.1953,158683.45183699526,1234.1395359195164,0.007777367593359793,7.777367593359793e+17,103,0.0006490909972503302,6.490909972503302e+26,1044.944604938629,17.26159954350639,104.78686506124085,20.72282456858339,0.0,46.42364180755771,0.006585088696028807,0.00010878008603718841,0.000660351560595501,0.00013059222199092658,0.0,0.00029255502870737627,5403,2782,5315,0.20607407407407408,0.3937037037037037,1,0,0
flow,0.1,1.2,0,registered,during_vibration,flow_dump_0.1_1.2.shear.wave,1954,195400,195.4,0.1954,158683.4518369953,1191.0019752947524,0.007505520969623144,7.505520969623144e+17,93,0.000586072453827968,5.8607245382796806e+26,998.9025444460533,10.114498247670438,101.21413551408922,29.029377975187025,0.0,51.74141911175228,0.0062949383371881645,6.374009470162253e-05,0.0006378367393851479,0.00018293891164534868,0.0,0.00032606688670285997,5411,2776,5313,0.20562962962962963,0.39355555555555555,1,0,0
flow,0.1,1.2,0,registered,during_vibration,flow_dump_0.1_1.2.shear.wave,1955,195500,195.5,0.19549999999999998,158683.45183699526,1236.1043978792666,0.007789749867232739,7.789749867232739e+17,99,0.0006238835798813854,6.238835798813854e+26,992.6584427862541,10.014766593030393,116.68893583246606,25.45033268573805,0.0,91.29191998177792,0.006255588918029996,6.311160034077077e-05,0.0007353566769667494,0.00016038428954697463,0.0,0.0005753083823482484,5401,2777,5322,0.2057037037037037,0.3942222222222222,1,0,0
flow,0.1,1.2,0,registered,during_vibration,flow_dump_0.1_1.2.shear.wave,1956,195600,195.6,0.1956,158683.45183699526,1256.8408545485784,0.007920427996736834,7.920427996736835e+17,100,0.0006301854342236216,6.301854342236216e+26,1060.4500520347256,6.984299504528687,103.7522883204698,20.856983461367314,0.0,64.79723122748658,0.006682801765139657,4.401403816009236e-05,0.0006538318086692965,0.00013143767179196655,0.0,0.00040834271297582043,5420,2782,5298,0.20607407407407408,0.39244444444444443,1,0,0
flow,0.1,1.2,0,registered,during_vibration,flow_dump_0.1_1.2.shear.wave,1957,195700,195.70000000000002,0.19569999999999999,158683.45183699526,1202.8706501887211,0.007580315630040292,7.580315630040292e+17,104,0.0006553928515925665,6.553928515925665e+26,963.2844518229573,22.891114761301147,114.93471982343041,29.783620599065994,0.0,71.9767431819663,0.0060704783055291365,0.00014425647095713318,0.0007243018631929878,0.00018769203879974005,0.0,0.00045358695156129527,5408,2792,5300,0.2068148148148148,0.3925925925925926,1,0,0
flow,0.1,1.2,0,registered,during_vibration,flow_dump_0.1_1.2.shear.wave,1958,195800,195.8,0.1958,158683.4518369953,1234.426373476994,0.007779175201866898,7.779175201866898e+17,109,0.0006869021233037474,6.869021233037473e+26,1006.2701286628487,15.389344504355847,102.63317270897176,41.43195869013817,0.0,68.70176891067956,0.006341367779776568,9.698140748894393e-05,0.0006467793050935131,0.0002610981687787987,0.0,0.00043294854072907496,5427,2787,5286,0.20644444444444446,0.39155555555555555,1,0,0
flow,0.1,1.2,0,registered,during_vibration,flow_dump_0.1_1.2.shear.wave,1959,195900,195.9,0.1959,158683.45183699526,1275.545580321442,0.008038302454068893,8.038302454068892e+17,108,0.0006806002689615113,6.806002689615113e+26,1035.1438120258817,10.960696638144583,109.67948692366363,30.067787672813612,0.0,89.69379706093798,0.006523325526654252,6.907271370302534e-05,0.0006911841509241299,0.00018948281830735703,0.0,0.0005652372444801259,5409,2771,5320,0.20525925925925925,0.3940740740740741,1,0,0
flow,0.1,1.2,0,registered,during_vibration,flow_dump_0.1_1.2.shear.wave,1960,196000,196.0,0.19599999999999998,158683.45183699526,1246.6445440933994,0.007856172333420076,7.856172333420076e+17,100,0.0006301854342236216,6.301854342236216e+26,1008.3679556706832,6.419518179631467,131.80942057757534,20.41276650393315,0.0,79.63488316157665,0.006354587980015151,4.045486851537489e-05,0.0008306437694144328,0.0001286382812298651,0.0,0.0005018474342452556,5412,2769,5319,0.2051111111111111,0.394,1,0,0
flow,0.1,1.2,0,registered,during_vibration,flow_dump_0.1_1.2.shear.wave,1961,196100,196.1,0.1961,158683.45183699526,1214.113105754199,0.007651163947462998,7.651163947462998e+17,104,0.0006553928515925665,6.553928515925665e+26,961.9480683216609,14.675948856720524,125.3943040447297,24.869505856397915,0.0,87.22527867468973,0.006062056611358599,9.248569202916086e-05,0.0007902166394359681,0.0001567240034704102,0.0,0.0005496810011688575,5402,2784,5314,0.20622222222222222,0.3936296296296296,1,0,0
flow,0.1,1.2,0,registered,during_vibration,flow_dump_0.1_1.2.shear.wave,1962,196200,196.20000000000002,0.19619999999999999,158683.4518369953,1241.6272295815065,0.007824553948176938,7.824553948176938e+17,103,0.0006490909972503301,6.490909972503302e+26,1008.3078499710646,10.453977195332211,130.16005469994442,19.359760276139486,0.0,73.34558743902622,0.006354209202651015,6.587944158204266e-05,0.000820249705896548,0.0001220023893608418,0.0,0.0004622132086864933,5404,2782,5314,0.20607407407407408,0.3936296296296296,1,0,0
flow,0.1,1.2,0,registered,during_vibration,flow_dump_0.1_1.2.shear.wave,1963,196300,196.3,0.1963,158683.45183699526,1258.4621689448938,0.007930645283905385,7.930645283905385e+17,101,0.0006364872885658578,6.364872885658577e+26,1000.61012033789,13.681061771660953,128.0559094452025,29.92700918425068,0.0,86.18806820589016,0.006305699231736834,8.621605853214348e-05,0.0008069896889862571,0.00018859565277791325,0.0,0.0005431446518722401,5383,2777,5340,0.2057037037037037,0.39555555555555555,1,0,0
flow,0.1,1.2,0,registered,during_vibration,flow_dump_0.1_1.2.shear.wave,1964,196400,196.4,0.1964,158683.45183699526,1284.5264142397716,0.00809489836129402,8.09489836129402e+17,104,0.0006553928515925665,6.553928515925665e+26,1059.533344954248,9.594193917519265,119.25564501284707,22.438259242106,0.0,73.70497111305028,0.00667702481064399,6.046121259937507e-05,0.000751531704360391,0.0001414026414370876,0.0,0.0004644779922531708,5409,2779,5312,0.20585185185185184,0.3934814814814815,1,0,0
flow,0.1,1.2,0,registered,during_vibration,flow_dump_0.1_1.2.shear.wave,1965,196500,196.5,0.19649999999999998,158683.45183699526,1242.8249686535573,0.007832101925349009,7.832101925349009e+17,104,0.0006553928515925665,6.553928515925665e+26,1018.3502883557543,20.943899239042576,98.66366145245306,23.222227287019585,0.0,81.64489231928766,0.006417495186592213,0.00013198540236291823,0.0006217640233450653,0.0001463430938651007,0.0,0.0005145142191837112,5408,2792,5300,0.2068148148148148,0.3925925925925926,1,0,0
flow,0.1,1.2,0,registered,during_vibration,flow_dump_0.1_1.2.shear.wave,1966,196600,196.6,0.1966,158683.4518369953,1274.4637761583413,0.008031485081806206,8.031485081806205e+17,109,0.0006869021233037474,6.869021233037473e+26,1012.1090362144542,22.414040595811905,115.1244298381186,34.330295366301854,0.0,90.48597414365534,0.0063781637246845685,0.00014125001905577605,0.0007254973880728161,0.00021634452092438115,0.0,0.0005702294290686683,5411,2789,5300,0.2065925925925926,0.3925925925925926,1,0,0
flow,0.1,1.2,0,registered,during_vibration,flow_dump_0.1_1.2.shear.wave,1967,196700,196.70000000000002,0.19669999999999999,158683.45183699526,1285.7887268058698,0.008102853271219946,8.102853271219946e+17,111,0.00069950583198822,6.995058319882199e+26,1050.2239993391702,11.849086013507941,114.41677764576282,32.906670815665656,0.0,76.39219299176412,0.006618358670556234,7.467121414575544e-05,0.0007210378670316261,0.00020737304636824036,0.0,0.0004814124731180957,5418,2765,5317,0.2048148148148148,0.39385185185185184,1,0,0
flow,0.1,1.2,0,registered,during_vibration,flow_dump_0.1_1.2.shear.wave,1968,196800,196.8,0.1968,158683.45183699526,1248.2811030218024,0.007866485689409359,7.86648568940936e+17,104,0.0006553928515925665,6.553928515925665e+26,1018.170853239697,7.815137304568147,106.33132519277572,23.930757455267468,0.0,92.03302982949442,0.006416364412626937,4.9249856957965014e-05,0.0006700845233818248,0.00015080814778247899,0.0,0.0005799787486601546,5406,2766,5328,0.2048888888888889,0.39466666666666667,1,0,0
flow,0.1,1.2,0,registered,during_vibration,flow_dump_0.1_1.2.shear.wave,1969,196900,196.9,0.1969,158683.45183699526,1186.7579833485559,0.007478775950548591,7.478775950548591e+17,98,0.0006175817255391491,6.1758172553914915e+26,966.7179792001708,21.4711070945811,116.48211238799108,21.490843197920853,0.0,60.595941467891514,0.006092115894940416,0.00013530778947660473,0.0007340533057451085,0.00013543216352513516,0.0,0.00038186679686132375,5411,2773,5316,0.2054074074074074,0.3937777777777778,1,0,0
flow,0.1,1.2,0,registered,during_vibration,flow_dump_0.1_1.2.shear.wave,1970,197000,197.0,0.19699999999999998,158683.45183699526,1253.6000019903588,0.007900004615970272,7.900004615970272e+17,106,0.0006679965602770389,6.679965602770389e+26,1016.7799863271005,8.90500808981356,123.22288036567822,22.92715522000327,0.0,81.76497198776259,0.006407599371934318,5.611806389844021e-05,0.000776532643695303,0.00014448359267830134,0.0,0.0005152709437639042,5412,2778,5310,0.20577777777777778,0.3933333333333333,1,0,0
flow,0.1,1.2,0,registered,during_vibration,flow_dump_0.1_1.2.shear.wave,1971,197100,197.1,0.1971,158683.45183699526,1237.9780470811218,0.007801557331591278,7.801557331591278e+17,100,0.0006301854342236216,6.301854342236216e+26,1006.4450183248094,13.224128832542299,109.34605615811604,21.485758574210703,0.0,87.47708519144201,0.0063424699089522085,8.333653370564782e-05,0.0006890829188064287,0.00013540012096712871,0.0,0.0005512678491598563,5402,2778,5320,0.20577777777777778,0.3940740740740741,1,0,0
flow,0.1,1.2,0,registered,during_vibration,flow_dump_0.1_1.2.shear.wave,1972,197200,197.20000000000002,0.1972,158683.45183699526,1252.1992232989417,0.007891177112691253,7.891177112691252e+17,98,0.0006175817255391491,6.1758172553914915e+26,1009.7409466904924,13.914147528527938,122.245906482037,23.05417951977919,0.0,83.24404307810497,0.0063632403694351865,8.768493102116909e-05,0.0007703758965844273,0.00014528408131341374,0.0,0.0005245918343370544,5398,2775,5327,0.20555555555555555,0.3945925925925926,1,0,0
flow,0.1,1.2,0,registered,during_vibration,flow_dump_0.1_1.2.shear.wave,1973,197300,197.3,0.1973,158683.45183699526,1217.9852386889124,0.007675565565211337,7.675565565211337e+17,103,0.0006490909972503302,6.490909972503302e+26,1043.1307593832846,10.420107548398247,88.75511061366704,22.56139617749724,0.0,53.11786496606577,0.006573658105539714,6.566600000044187e-05,0.0005593217792163933,0.00014217863246807254,0.0,0.00033474104798671855,5416,2784,5300,0.20622222222222222,0.3925925925925926,1,0,0
flow,0.1,1.2,0,registered,during_vibration,flow_dump_0.1_1.2.shear.wave,1974,197400,197.4,0.1974,158683.45183699526,1236.8464437115476,0.007794426131983038,7.794426131983039e+17,104,0.0006553928515925665,6.553928515925665e+26,993.1758142518236,19.56762518041638,124.51622624579242,28.547865775484986,0.0,71.03891225803042,0.006258849317646844,0.00012331232371045768,0.0007846831210459141,0.00017990449189881673,0.0,0.0004476768776810066,5420,2796,5284,0.2071111111111111,0.3914074074074074,1,0,0
flow,0.1,1.2,0,registered,during_vibration,flow_dump_0.1_1.2.shear.wave,1975,197500,197.5,0.19749999999999998,158683.45183699526,1260.8624112719572,0.00794577126143661,7.945771261436609e+17,109,0.0006869021233037475,6.869021233037475e+26,1019.0607422443077,19.896380186318368,120.53009142463324,28.426187466755813,0.0,72.9490099499424,0.006421972363514752,0.000125384089871933,0.0007595630800144531,0.00017913769292059582,0.0,0.0004597140351148774,5421,2772,5307,0.20533333333333334,0.39311111111111113,1,0,0
flow,0.1,1.2,0,registered,during_vibration,flow_dump_0.1_1.2.shear.wave,1976,197600,197.6,0.1976,158683.45183699526,1266.4851270396323,0.007981204797212293,7.981204797212293e+17,104,0.0006553928515925665,6.553928515925665e+26,1029.8228096438208,19.561313419621413,103.15001247809303,13.637580263428314,0.0,100.31341123466827,0.006489793344687813,0.00012327254791328477,0.0006500363540367904,8.594204440068064e-05,0.0,0.0006321605061737214,5410,2760,5330,0.20444444444444446,0.39481481481481484,1,0,0
flow,0.1,1.2,0,registered,during_vibration,flow_dump_0.1_1.2.shear.wave,1977,197700,197.70000000000002,0.1977,158683.4518369953,1153.2295089754043,0.00726748438873159,7.267484388731589e+17,99,0.0006238835798813853,6.238835798813853e+26,941.4850278635397,19.939671593875076,100.62380354074641,16.978158840739283,0.0,74.20284713650351,0.005933101510992232,0.00012565690601662574,0.0006341165532755766,0.00010699388401368903,0.0,0.0004676155344334647,5412,2772,5316,0.20533333333333334,0.3937777777777778,1,0,0
flow,0.1,1.2,0,registered,during_vibration,flow_dump_0.1_1.2.shear.wave,1978,197800,197.8,0.1978,158683.45183699526,1256.445338855564,0.007917935514449389,7.917935514449389e+17,103,0.0006490909972503302,6.490909972503302e+26,1053.5396943098024,7.5576507641574056,106.81723723967347,12.693198111242147,0.0,75.83755843068779,0.006639253697304444,4.7627214285210205e-05,0.0006731466703245123,7.999068563419586e-05,0.0,0.0004779172469010226,5409,2781,5310,0.206,0.3933333333333333,1,0,0
flow,0.1,1.2,0,registered,during_vibration,flow_dump_0.1_1.2.shear.wave,1979,197900,197.9,0.1979,158683.45183699526,1239.536435518368,0.0078113780685314296,7.811378068531429e+17,98,0.0006175817255391491,6.1758172553914915e+26,1010.9414112858867,11.108086878495598,115.75259718806166,25.039467433913515,0.0,76.69487273201037,0.006370805522458374,7.000154552918462e-05,0.0007294560072147059,0.0001577950765756902,0.0,0.0004833199167534735,5410,2776,5314,0.20562962962962963,0.3936296296296296,1,0,0
flow,0.1,1.2,0,registered,during_vibration,flow_dump_0.1_1.2.shear.wave,1980,198000,198.0,0.19799999999999998,158683.45183699526,1202.5453722608324,0.007578265775917994,7.578265775917994e+17,95,0.0005986761625124405,5.986761625124405e+26,975.6082249003881,10.7643434868799,112.33558430303839,20.472698555479287,0.0,83.36452101504656,0.0061481409284098775,6.783532474411623e-05,0.0007079224897277449,0.00012901596428914025,0.0,0.0005253510687471134,5401,2777,5322,0.2057037037037037,0.3942222222222222,1,0,0
flow,0.1,1.2,0,registered,during_vibration,flow_dump_0.1_1.2.shear.wave,1981,198100,198.1,0.1981,158683.4518369953,1261.4309674270703,0.007949354219511512,7.949354219511512e+17,104,0.0006553928515925663,6.553928515925663e+26,1037.6503469875179,10.711668274094134,114.67456263565177,23.389845064004867,0.0,75.00454446580098,0.006539121344886205,6.750337322569401e-05,0.0007226623904895209,0.00014739939668083137,0.0,0.00047266771422925714,5412,2777,5311,0.2057037037037037,0.39340740740740743,1,0,0
flow,0.1,1.2,0,registered,during_vibration,flow_dump_0.1_1.2.shear.wave,1982,198200,198.20000000000002,0.1982,158683.45183699526,1267.399949517545,0.007986969875217102,7.986969875217102e+17,106,0.0006679965602770389,6.679965602770389e+26,1031.9362915276986,17.197755755380403,108.63863043814017,28.12871594268987,0.0,81.49855585363574,0.006503112199674965,0.00010837775178376187,0.0006846248249611892,0.00017726307070496924,0.0,0.0005135920280922152,5416,2779,5305,0.20585185185185184,0.39296296296296296,1,0,0
flow,0.1,1.2,0,registered,during_vibration,flow_dump_0.1_1.2.shear.wave,1983,198300,198.3,0.1983,158683.45183699526,1249.9218649821087,0.007876825532293491,7.876825532293491e+17,108,0.0006806002689615113,6.806002689615113e+26,1009.082083769457,17.200424609242134,119.8341196019083,21.451147331221723,0.0,82.3540896702795,0.006359088311275321,0.0001083945705120592,0.0007551771669613398,0.00013518200595520843,0.0,0.0005189834775895616,5425,2771,5304,0.20525925925925925,0.3928888888888889,1,0,0
flow,0.1,1.2,0,registered,during_vibration,flow_dump_0.1_1.2.shear.wave,1984,198400,198.4,0.1984,158683.45183699526,1280.2355320707982,0.008067857846865452,8.067857846865453e+17,110,0.0006932039776459838,6.932039776459838e+26,1038.722913633951,15.256907684385318,112.11242826938481,29.224913147600944,0.0,84.91836933547593,0.0065458805036643685,9.61468099399407e-05,0.000706516192908069,0.0001841711458206853,0.0,0.0005351431945323877,5422,2762,5316,0.2045925925925926,0.3937777777777778,1,0,0
flow,0.1,1.2,0,registered,during_vibration,flow_dump_0.1_1.2.shear.wave,1985,198500,198.5,0.19849999999999998,158683.4518369953,1218.856861863158,0.007681058407496748,7.681058407496749e+17,93,0.000586072453827968,5.8607245382796806e+26,949.7608941115825,27.975559460315566,145.3176656247345,25.01348659969667,0.0,70.789256066829,0.005985254814643226,0.00017629790086147706,0.0009157707621208635,0.00015763134914276584,0.0,0.0004461035807284176,5417,2754,5329,0.204,0.3947407407407407,1,0,0
flow,0.1,1.2,0,registered,during_vibration,flow_dump_0.1_1.2.shear.wave,1986,198600,198.6,0.1986,158683.45183699526,1215.540542234459,0.00766015944424439,7.66015944424439e+17,105,0.0006616947059348027,6.616947059348027e+26,963.4684979530148,21.75199761461299,117.42416614427954,19.564323381098013,0.0,93.33155714145403,0.006071638137433011,0.00013707792061996068,0.0007399899912997949,0.00012329151625208604,0.0,0.0005881618786395396,5402,2769,5329,0.2051111111111111,0.3947407407407407,1,0,0
flow,0.1,1.2,0,registered,during_vibration,flow_dump_0.1_1.2.shear.wave,1987,198700,198.70000000000002,0.1987,158683.45183699526,1219.5638000600288,0.007685513429042393,7.685513429042394e+17,101,0.0006364872885658578,6.364872885658577e+26,995.2884805903279,11.238217959515993,120.57970896908937,20.584241696868993,0.0,71.87315084422693,0.006272163033185844,7.082161264717288e-05,0.0007598757625524351,0.00012971889291905363,0.0,0.00045293412773789003,5408,2762,5330,0.2045925925925926,0.39481481481481484,1,0,0
flow,0.1,1.2,0,registered,during_vibration,flow_dump_0.1_1.2.shear.wave,1988,198800,198.8,0.1988,158683.45183699526,1200.9637820682967,0.0075682988248955245,7.568298824895525e+17,98,0.0006175817255391491,6.1758172553914915e+26,940.8265741012231,12.152449917652675,126.19139210195475,20.617312068322345,0.0,101.17605387914418,0.005928952031291015,7.658296928236766e-05,0.0007952397722705365,0.0001299272975829963,0.0,0.0006375967544686101,5408,2770,5322,0.2051851851851852,0.3942222222222222,1,0,0
flow,0.1,1.2,0,registered,during_vibration,flow_dump_0.1_1.2.shear.wave,1989,198900,198.9,0.1989,158683.4518369953,1230.7308508436479,0.007755886556513113,7.755886556513114e+17,106,0.0006679965602770388,6.679965602770388e+26,1000.5708608625706,26.266727335027795,107.17399008776876,21.319187045278994,0.0,75.400085513002,0.006305451824241818,0.0001655290897125796,0.0006753948748093866,0.00013435041145423747,0.0,0.00047516035629509355,5410,2762,5328,0.2045925925925926,0.39466666666666667,1,0,0
flow,0.1,1.2,0,registered,during_vibration,flow_dump_0.1_1.2.shear.wave,1990,199000,199.0,0.19899999999999998,158683.45183699526,1230.2904825920336,0.007753111419934497,7.753111419934497e+17,107,0.0006742984146192752,6.742984146192752e+26,1000.1025150333984,10.63067996300325,102.05896577363107,26.602160038084964,0.0,90.896161783916,0.006302500377044582,6.699299668577556e-05,0.0006431607366246943,0.00016764293774886848,0.0,0.0005728143718305767,5410,2780,5310,0.20592592592592593,0.3933333333333333,1,0,0
flow,0.1,1.2,0,registered,during_vibration,flow_dump_0.1_1.2.shear.wave,1991,199100,199.1,0.1991,158683.45183699526,1247.7765192122154,0.007863305875737891,7.86330587573789e+17,107,0.0006742984146192752,6.742984146192752e+26,993.93737313541,24.438650141933813,108.4352373496349,29.082963199425663,0.0,91.88229538581044,0.006263648550804242,0.0001540088135153373,0.0006833430713432114,0.00018327659792339668,0.0,0.0005790288421517001,5418,2788,5294,0.20651851851851852,0.39214814814814813,1,0,0
flow,0.1,1.2,0,registered,during_vibration,flow_dump_0.1_1.2.shear.wave,1992,199200,199.20000000000002,0.1992,158683.45183699526,1332.7889559426412,0.008399041869291607,8.399041869291607e+17,114,0.0007184113950149286,7.184113950149286e+26,1056.9061298833606,16.397874237229395,109.7781957301107,27.334179354354966,0.0,122.37257673758552,0.00666046848394153,0.00010333701496532744,0.0006918061994446553,0.00017225601685570536,0.0,0.0007711741540843878,5424,2763,5313,0.20466666666666666,0.39355555555555555,1,0,0
flow,0.1,1.2,0,registered,during_vibration,flow_dump_0.1_1.2.shear.wave,1993,199300,199.3,0.19929999999999998,158683.45183699526,1259.9428277374877,0.007939976179946864,7.939976179946865e+17,108,0.0006806002689615113,6.806002689615113e+26,1008.122757978285,21.376142915052057,108.93380689626864,18.49185458395327,0.0,103.01826536392866,0.0063530427798726054,0.00013470933904948272,0.0006864849840055719,0.00011653297410588659,0.0,0.0006492061029133166,5414,2761,5325,0.20451851851851852,0.39444444444444443,1,0,0
flow,0.1,1.2,0,registered,during_vibration,flow_dump_0.1_1.2.shear.wave,1994,199400,199.4,0.1994,158683.45183699526,1219.0108094157713,0.007682028562549663,7.682028562549663e+17,100,0.0006301854342236216,6.301854342236216e+26,969.6620434306866,20.177793342046204,110.71541294736768,13.374377614321968,0.0,105.08118208134874,0.006110668958895314,0.00012715751458931889,0.0006977124058348448,8.428337964352174e-05,0.0,0.000662206303586662,5412,2769,5319,0.2051111111111111,0.394,1,0,0
flow,0.1,1.2,0,registered,during_vibration,flow_dump_0.1_1.2.shear.wave,1995,199500,199.5,0.19949999999999998,158683.45183699526,1207.035883991614,0.007606564326767482,7.606564326767482e+17,102,0.000642789142908094,6.42789142908094e+26,986.8297013677028,18.600737666114505,108.60569338772942,20.571131252796576,0.0,72.42862031727067,0.006218857038611726,0.00011721913943000043,0.0006844172604670377,0.00012963627281014722,0.0,0.0004564346154485704,5413,2778,5309,0.20577777777777778,0.39325925925925925,1,0,0
flow,0.1,1.2,0,registered,during_vibration,flow_dump_0.1_1.2.shear.wave,1996,199600,199.6,0.1996,158683.4518369953,1250.7770854660541,0.00788221500721381,7.882215007213811e+17,100,0.0006301854342236215,6.301854342236214e+26,1021.5946490733046,11.717495577123692,116.7990807323133,21.784016709907164,0.0,78.8818433734052,0.006437940675267886,7.384195038283058e-05,0.0007360507940821268,0.00013727970029467473,0.0,0.0004971018871862906,5408,2778,5314,0.20577777777777778,0.3936296296296296,1,0,0
flow,0.1,1.2,0,registered,during_vibration,flow_dump_0.1_1.2.shear.wave,1997,199700,199.70000000000002,0.1997,158683.45183699526,1254.0634538927056,0.007902925222353493,7.902925222353494e+17,103,0.0006490909972503302,6.490909972503302e+26,1017.6593773416479,16.06511941752444,108.42734707013612,22.724040375226267,0.0,89.18756968817121,0.006413141166017868,0.00010124004255986973,0.0006832933479510905,0.00014320359251177074,0.0,0.0005620470733128969,5404,2773,5323,0.2054074074074074,0.3942962962962963,1,0,0
flow,0.1,1.2,0,registered,during_vibration,flow_dump_0.1_1.2.shear.wave,1998,199800,199.8,0.19979999999999998,158683.45183699526,1249.6366890315358,0.007875028394991072,7.875028394991072e+17,101,0.0006364872885658578,6.364872885658577e+26,1045.8462570549093,5.328781105017658,103.3567769333093,26.29672476187944,0.0,68.80814917642014,0.006590770776332974,3.358120234548183e-05,0.0006513393535167152,0.00016571812912724056,0.0,0.0004336189336686606,5416,2764,5320,0.20474074074074075,0.3940740740740741,1,0,0
flow,0.1,1.2,0,registered,during_vibration,flow_dump_0.1_1.2.shear.wave,1999,199900,199.9,0.1999,158683.45183699526,1264.5877614040912,0.007969247875343147,7.969247875343148e+17,104,0.0006553928515925665,6.553928515925665e+26,982.1838663010044,14.450938622858464,134.609874169365,45.71160612845591,0.0,87.63147618240811,0.0061895796627233395,9.106771030984965e-05,0.0008482918200420835,0.00028806788357120153,0.0,0.0005522407986966781,5415,2782,5303,0.20607407407407408,0.39281481481481484,1,0,0
flow,0.1,1.2,0,registered,during_vibration,flow_dump_0.1_1.2.shear.wave,2000,200000,200.0,0.19999999999999998,158683.4518369953,1243.1341681995204,0.007834050455850353,7.834050455850353e+17,108,0.0006806002689615112,6.806002689615112e+26,1012.5271990764304,19.16531222153356,118.4263212681579,24.25922327870969,0.0,68.75611235468901,0.006380798926132076,0.00012077700604358408,0.0007463054269188019,0.00015287809155821452,0.0,0.000433291005197678,5435,2769,5296,0.2051111111111111,0.3922962962962963,1,0,0
flow,0.1,1.2,0,registered,during_vibration,flow_dump_0.1_1.2.shear.wave,2001,200100,200.1,0.2001,158683.45183699526,1272.3422821880501,0.0080181157358175,8.0181157358175e+17,108,0.0006806002689615113,6.806002689615113e+26,1000.2423492019695,22.54966671874719,113.61441542132337,27.43989869248176,0.0,108.49595215352863,0.006303381591606985,0.00014210471512751647,0.000715981497163496,0.00017292224472573804,0.0,0.0006837256871937671,5418,2763,5319,0.20466666666666666,0.394,1,0,0
flow,0.1,1.2,0,registered,during_vibration,flow_dump_0.1_1.2.shear.wave,2002,200200,200.20000000000002,0.2002,158683.45183699526,1200.2839873745907,0.007564014857753164,7.564014857753164e+17,102,0.000642789142908094,6.42789142908094e+26,962.058642088828,21.605746501103525,121.99436750049803,18.180923342665828,0.0,76.44430794149514,0.006062753431133359,0.00013615626740523417,0.0007687907345613742,0.00011457353071284242,0.0,0.0004817408939403536,5410,2767,5323,0.20496296296296296,0.3942962962962963,1,0,0
flow,0.1,1.2,0,registered,during_vibration,flow_dump_0.1_1.2.shear.wave,2003,200300,200.3,0.20029999999999998,158683.45183699526,1202.2847796368058,0.007576623559158716,7.576623559158716e+17,103,0.0006490909972503302,6.490909972503302e+26,967.8790999719819,17.091535926039647,118.99052571365672,19.87813674926634,0.0,78.44548127586133,0.006099433108918115,0.00010770836989099924,0.0007498609611535777,0.00012526912238892938,0.0,0.0004943519968070965,5412,2773,5315,0.2054074074074074,0.3937037037037037,1,0,0
flow,0.1,1.2,0,registered,during_vibration,flow_dump_0.1_1.2.shear.wave,2004,200400,200.4,0.2004,158683.4518369953,1299.2966154339192,0.008187978017825061,8.187978017825061e+17,107,0.0006742984146192749,6.742984146192749e+26,1032.250830784012,9.158126438696614,138.72364906555626,29.964898831733176,0.0,89.19911031392091,0.006505094380253165,5.771317886444854e-05,0.0008742162302346285,0.0001888344278174266,0.0,0.0005621198006553897,5412,2783,5305,0.20614814814814814,0.39296296296296296,1,0,0
flow,0.1,1.2,0,registered,during_vibration,flow_dump_0.1_1.2.shear.wave,2005,200500,200.5,0.20049999999999998,158683.45183699526,1254.0233580737786,0.007902672544342883,7.902672544342883e+17,95,0.0005986761625124405,5.986761625124405e+26,1039.6386482077492,3.995206021663627,108.6491681469553,17.464542488837505,0.0,84.27579320857355,0.006551651329564594,2.5177206415749205e-05,0.000684691232067243,0.00011005900291844952,0.0,0.0005310937733768506,5402,2772,5326,0.20533333333333334,0.39451851851851855,1,0,0
flow,0.1,1.2,0,registered,during_vibration,flow_dump_0.1_1.2.shear.wave,2006,200600,200.6,0.2006,158683.45183699526,1291.5786900723938,0.008139340776372479,8.139340776372479e+17,110,0.0006932039776459838,6.932039776459838e+26,1081.5149301610033,3.540819494467847,113.51602172758658,21.473721502729155,0.0,71.53319718660687,0.0068155495588284164,2.2313728706286845e-05,0.0007153614344373721,0.00013532426509594493,0.0,0.000450791789304458,5423,2769,5308,0.2051111111111111,0.3931851851851852,1,0,0
flow,0.1,1.2,0,registered,during_vibration,flow_dump_0.1_1.2.shear.wave,2007,200700,200.70000000000002,0.2007,158683.45183699526,1258.4318100554601,0.007930453966606183,7.930453966606182e+17,103,0.0006490909972503302,6.490909972503302e+26,997.5252176205775,20.341758034784082,129.24233544184102,24.09153847866063,0.0,87.23096047959724,0.006286258624152362,0.0001281907962002225,0.0008144663728049154,0.0001518213663728984,0.0,0.0005497168070757857,5432,2783,5285,0.20614814814814814,0.3914814814814815,1,0,0
flow,0.1,1.2,0,registered,during_vibration,flow_dump_0.1_1.2.shear.wave,2008,200800,200.8,0.20079999999999998,158683.4518369953,1247.7254683663423,0.00786298416074315,7.86298416074315e+17,103,0.0006490909972503301,6.490909972503302e+26,1027.6589175555393,16.44798568353423,116.89609271827638,23.354158300299332,0.0,63.36831410869267,0.0064761568119351435,0.0001036528100008193,0.0007366621494871171,0.0001471745038940133,0.0,0.0003993378854260533,5449,2778,5273,0.20577777777777778,0.3905925925925926,1,0,0
flow,0.1,1.2,0,registered,during_vibration,flow_dump_0.1_1.2.shear.wave,2009,200900,200.9,0.2009,158683.45183699526,1261.834030721942,0.007951894265686498,7.951894265686499e+17,110,0.0006932039776459838,6.932039776459838e+26,1042.9203360121107,18.365102492291538,101.33830751884507,30.811403307030893,0.0,68.39888139166453,0.006572332048104373,0.00011573420088666058,0.0006386192532725028,0.00019416897572080395,0.0,0.000431039787702161,5438,2758,5304,0.2042962962962963,0.3928888888888889,1,0,0
flow,0.1,1.2,0,registered,during_vibration,flow_dump_0.1_1.2.shear.wave,2010,201000,201.0,0.20099999999999998,158683.45183699526,1195.1154542462552,0.007531443514815371,7.531443514815372e+17,101,0.0006364872885658578,6.364872885658577e+26,981.6291646747386,20.62019340646858,118.4942401089931,23.848999012882423,0.0,50.52285704317177,0.006186084013871211,0.0001299454553563046,0.000746733441560839,0.00015029291798732033,0.0,0.0003183876860396916,5431,2744,5325,0.20325925925925925,0.39444444444444443,1,0,0
flow,0.1,1.2,0,registered,during_vibration,flow_dump_0.1_1.2.shear.wave,2011,201100,201.1,0.2011,158683.45183699526,1219.9994136595135,0.007688258602495842,7.688258602495843e+17,100,0.0006301854342236216,6.301854342236216e+26,968.553787105143,22.186086856405552,136.80522533785899,13.46803321598632,0.0,78.98628114411949,0.006103684888957877,0.00013981348779326918,0.0008621266033359906,8.487358360354498e-05,0.0,0.0004977600388051599,5421,2772,5307,0.20533333333333334,0.39311111111111113,1,0,0
flow,0.1,1.2,0,registered,during_vibration,flow_dump_0.1_1.2.shear.wave,2012,201200,201.20000000000002,0.2012,158683.45183699526,1231.7235636797066,0.007762142488209625,7.762142488209626e+17,98,0.0006175817255391491,6.1758172553914915e+26,1010.0413572053147,9.241207883782812,113.62079876608374,32.36196115743993,0.0,66.45823866708547,0.006365133512742474,5.823674602992426e-05,0.0007160217240723921,0.00020394036544329257,0.0,0.00041881013992154336,5427,2753,5320,0.20392592592592593,0.3940740740740741,1,0,0
flow,0.1,1.2,0,registered,during_vibration,flow_dump_0.1_1.2.shear.wave,2013,201300,201.3,0.20129999999999998,158683.45183699526,1233.9930788471086,0.007776444642222088,7.776444642222089e+17,101,0.0006364872885658578,6.364872885658577e+26,1022.4317524085179,3.8013234080243476,119.82960936667529,30.360564411871348,0.0,57.569829252019964,0.006443215978555803,2.3955386425102407e-05,0.0007551487441158521,0.00019132785467169378,0.0,0.00036279667845363954,5414,2762,5324,0.2045925925925926,0.39437037037037037,1,0,0
flow,0.1,1.2,0,registered,during_vibration,flow_dump_0.1_1.2.shear.wave,2014,201400,201.4,0.2014,158683.45183699526,1261.0955113628993,0.007947240224256889,7.947240224256888e+17,105,0.0006616947059348027,6.616947059348027e+26,1057.2386642702447,4.621454881556799,103.99731365229779,22.802362612776673,0.0,72.43571594602358,0.006662564067211459,2.912373551278747e-05,0.0006553759226206345,0.00014369716784457142,0.0,0.0004564793310674378,5409,2763,5328,0.20466666666666666,0.39466666666666667,1,0,0
flow,0.1,1.2,0,registered,during_vibration,flow_dump_0.1_1.2.shear.wave,2015,201500,201.5,0.20149999999999998,158683.4518369953,1251.3223735485062,0.00788565133328398,7.885651333283981e+17,110,0.0006932039776459837,6.932039776459836e+26,1018.7669760475395,14.284072268620447,105.89134761635937,36.60582180544545,0.0,75.77415581054161,0.006420121091732045,9.001614285082167e-05,0.0006673118487813988,0.00023068455709577152,0.0,0.0004775176928239452,5429,2767,5304,0.20496296296296296,0.3928888888888889,1,0,0
flow,0.1,1.2,0,registered,during_vibration,flow_dump_0.1_1.2.shear.wave,2016,201600,201.6,0.2016,158683.45183699526,1240.1197053562232,0.007815053750091812,7.815053750091812e+17,106,0.0006679965602770389,6.679965602770389e+26,1024.6373008734413,15.554055119229982,104.40797664459828,25.036902572241157,0.0,70.48347014671316,0.006457115023726492,9.801938979250091e-05,0.0006579638609818591,0.000157778913191023,0.0,0.00044417656239994103,5448,2770,5282,0.2051851851851852,0.39125925925925925,1,0,0
flow,0.1,1.2,0,registered,during_vibration,flow_dump_0.1_1.2.shear.wave,2017,201700,201.70000000000002,0.2017,158683.45183699526,1203.6304270485753,0.007585103633143695,7.585103633143695e+17,107,0.0006742984146192752,6.742984146192752e+26,977.4553126604646,16.867454688588587,112.55383535169705,30.90075823179475,0.0,65.85306611602957,0.006159781006431208,0.00010629624257175461,0.0007092978760464321,0.00019473207744142725,0.0,0.00041499643065286953,5440,2753,5307,0.20392592592592593,0.39311111111111113,1,0,0
flow,0.1,1.2,0,registered,during_vibration,flow_dump_0.1_1.2.shear.wave,2018,201800,201.8,0.20179999999999998,158683.45183699526,1196.6731779424679,0.007541260062654353,7.541260062654353e+17,98,0.0006175817255391491,6.1758172553914915e+26,973.1468866741121,18.781715361053056,117.94750371925996,14.579339535638203,0.0,72.21773265240452,0.006132629933420908,0.00011835963450269684,0.0007432879884691406,9.187687415959775e-05,0.0,0.0004551056321020096,5427,2742,5331,0.2031111111111111,0.3948888888888889,1,0,0
flow,0.1,1.2,0,registered,during_vibration,flow_dump_0.1_1.2.shear.wave,2019,201900,201.9,0.2019,158683.4518369953,1180.2177639100942,0.0074375604402811425,7.437560440281143e+17,100,0.0006301854342236215,6.301854342236214e+26,927.6394893908189,17.653148572838294,126.62534503388213,20.58284334056196,0.0,87.7169375719935,0.005845848944247317,0.00011124757098788204,0.000797974480438929,0.00012971008068128815,0.0,0.0005527793639257303,5424,2766,5310,0.2048888888888889,0.3933333333333333,1,0,0
flow,0.1,1.2,0,registered,during_vibration,flow_dump_0.1_1.2.shear.wave,2020,202000,202.0,0.20199999999999999,158683.45183699526,1236.7142238550084,0.007793592901705977,7.793592901705976e+17,103,0.0006490909972503302,6.490909972503302e+26,1026.8851381042086,10.230502141202452,112.31434239204894,17.44006095445525,0.0,69.8441802630938,0.006471280566539844,6.447113434179358e-05,0.0007077886262987388,0.00010990472385469812,0.0,0.0004401478506709067,5421,2764,5315,0.20474074074074075,0.3937037037037037,1,0,0
flow,0.1,1.2,0,registered,during_vibration,flow_dump_0.1_1.2.shear.wave,2021,202100,202.1,0.2021,158683.45183699526,1271.7085565871894,0.00801412208938793,8.01412208938793e+17,100,0.0006301854342236216,6.301854342236216e+26,1018.5387772319694,9.897375496077236,128.2357440481569,30.841532878355956,0.0,84.19512693262976,0.006418683016035253,6.237181874669665e-05,0.0008081229804597696,0.0001943588478906885,0.0,0.0005305854262555223,5403,2760,5337,0.20444444444444446,0.3953333333333333,1,0,0
flow,0.1,1.2,0,registered,during_vibration,flow_dump_0.1_1.2.shear.wave,2022,202200,202.20000000000002,0.2022,158683.45183699526,1241.718981347102,0.007825132154439366,7.825132154439366e+17,103,0.0006490909972503302,6.490909972503302e+26,1007.4415921334361,4.430958059060075,122.80135354163909,35.31241503695807,0.0,71.73266257600943,0.006348750171935461,2.7923252284754285e-05,0.000773876243048863,0.00022253369603550166,0.0,0.00045204879113479036,5394,2752,5354,0.20385185185185184,0.3965925925925926,1,0,0
flow,0.1,1.2,0,registered,during_vibration,flow_dump_0.1_1.2.shear.wave,2023,202300,202.3,0.20229999999999998,158683.4518369953,1286.625073865616,0.008108123808570024,8.108123808570024e+17,104,0.0006553928515925663,6.553928515925663e+26,1090.318176353384,4.852030670588775,91.97106394026747,20.712981328059733,0.0,78.77082157331601,0.006871026334071643,3.0576790550113165e-05,0.0005795882486520591,0.00013053019132289086,0.0,0.0004964022439733156,5406,2763,5331,0.20466666666666666,0.3948888888888889,1,0,0
flow,0.1,1.2,0,registered,during_vibration,flow_dump_0.1_1.2.shear.wave,2024,202400,202.4,0.2024,158683.45183699526,1232.5192052013135,0.007767156505187427,7.767156505187428e+17,107,0.0006742984146192752,6.742984146192752e+26,1005.1531244494463,15.143985336658266,109.90305779959151,27.477423240995783,0.0,74.84161437462261,0.006334328581924043,9.543518975258148e-05,0.0006925930620193936,0.0001731587189647316,0.0,0.0004716409525266839,5425,2784,5291,0.20622222222222222,0.3919259259259259,1,0,0
flow,0.1,1.2,0,registered,during_vibration,flow_dump_0.1_1.2.shear.wave,2025,202500,202.5,0.20249999999999999,158683.45183699526,1224.941005691462,0.0077193997956999365,7.719399795699936e+17,102,0.000642789142908094,6.42789142908094e+26,1009.3943062418336,16.71637268014505,103.53248767516506,24.92491266999016,0.0,70.37292642432826,0.006361055891818612,0.00010534414576081093,0.0006524466570182564,0.00015707316913923596,0.0,0.00044347993196302275,5408,2756,5336,0.20414814814814816,0.39525925925925925,1,0,0
flow,0.1,1.2,0,registered,during_vibration,flow_dump_0.1_1.2.shear.wave,2026,202600,202.6,0.2026,158683.45183699526,1242.5600235120883,0.007830432279658787,7.830432279658788e+17,104,0.0006553928515925665,6.553928515925665e+26,1022.1223822196621,17.066938866034405,111.09745368163348,21.503472847483202,0.0,70.76977589727458,0.006441266372687803,0.00010755336280159896,0.0007001199708949889,0.00013551175373707059,0.0,0.00044598081953732376,5409,2743,5348,0.2031851851851852,0.39614814814814814,1,0,0
flow,0.1,1.2,0,registered,during_vibration,flow_dump_0.1_1.2.shear.wave,2027,202700,202.70000000000002,0.2027,158683.4518369953,1208.1734513085776,0.007613733110303474,7.613733110303474e+17,100,0.0006301854342236215,6.301854342236214e+26,968.6660877742678,15.703359652253503,134.07971528894626,25.20425295963862,0.0,64.52003563347083,0.006104392591417236,9.896028521225072e-05,0.0008449508359994414,0.0001588335309565186,0.0,0.0004065958667180234,5400,2767,5333,0.20496296296296296,0.395037037037037,1,0,0
flow,0.1,1.2,0,registered,during_vibration,flow_dump_0.1_1.2.shear.wave,2028,202800,202.8,0.20279999999999998,158683.45183699526,1233.7358884703033,0.0077748238659292365,7.774823865929236e+17,103,0.0006490909972503302,6.490909972503302e+26,966.7488330731537,14.710804287944327,115.22419315931693,24.16065074803931,0.0,112.89140720184939,0.006092310331553849,9.270534587976911e-05,0.0007261260819917059,0.0001522569018277842,0.0,0.0007114252046761314,5404,2767,5329,0.20496296296296296,0.3947407407407407,1,0,0
flow,0.1,1.2,0,registered,during_vibration,flow_dump_0.1_1.2.shear.wave,2029,202900,202.9,0.2029,158683.45183699526,1224.5921022533123,0.007717201057053213,7.717201057053212e+17,100,0.0006301854342236216,6.301854342236216e+26,971.3218103885328,9.962041417118876,124.10704313585896,28.78639004321947,0.0,90.41481726858214,0.006121128568505717,6.277933396200761e-05,0.0007821045086878101,0.00018140763709116798,0.0,0.0005697810088065084,5391,2760,5349,0.20444444444444446,0.3962222222222222,1,0,0
flow,0.1,1.2,0,registered,during_vibration,flow_dump_0.1_1.2.shear.wave,2030,203000,203.0,0.20299999999999999,158683.45183699526,1221.8737174728067,0.007700070192120314,7.700070192120315e+17,98,0.0006175817255391491,6.1758172553914915e+26,1025.1237571657643,4.310732695645056,107.88534717408254,23.97057451970751,0.0,60.58330591760695,0.006460180600424577,2.7165609556270424e-05,0.0006798777435526538,0.00015105906912291558,0.0,0.0003817871694638964,5377,2751,5372,0.20377777777777778,0.3979259259259259,1,0,0
flow,0.1,1.2,0,registered,during_vibration,flow_dump_0.1_1.2.shear.wave,2031,203100,203.1,0.2031,158683.45183699526,1171.4131719797253,0.007382075184393131,7.382075184393132e+17,98,0.0006175817255391491,6.1758172553914915e+26,928.1258057539146,4.998449364057191,116.18724792143304,34.75265182661172,0.0,87.34901711370915,0.005848913639131793,3.149949982933166e-05,0.0007321951128261586,0.00021900614981775642,0.0,0.0005504607827880936,5399,2768,5333,0.20503703703703705,0.395037037037037,1,0,0
flow,0.1,1.2,0,registered,during_vibration,flow_dump_0.1_1.2.shear.wave,2032,203200,203.20000000000002,0.2032,158683.45183699526,1240.344846741253,0.007816472558306678,7.816472558306678e+17,105,0.0006616947059348027,6.616947059348027e+26,979.4711099393647,15.04369588173197,115.54110577640476,30.75861854631992,0.0,99.53031659743161,0.006172484267266312,9.48031802155737e-05,0.0007281232191438103,0.00019383633384731358,0.0,0.0006272255578336697,5416,2775,5309,0.20555555555555555,0.39325925925925925,1,0,0
flow,0.1,1.2,0,registered,during_vibration,flow_dump_0.1_1.2.shear.wave,2033,203300,203.3,0.20329999999999998,158683.45183699526,1283.8699494423943,0.008090761415760143,8.090761415760143e+17,106,0.0006679965602770389,6.679965602770389e+26,1016.7962210029917,21.068131289858876,112.88587320982491,34.03301049317403,0.0,99.08671344654479,0.006407701680497079,0.00013276829465179985,0.000711390330264462,0.00021447107495577947,0.0,0.0006244300353910239,5427,2771,5302,0.20525925925925925,0.3927407407407407,1,0,0
flow,0.1,1.2,0,registered,during_vibration,flow_dump_0.1_1.2.shear.wave,2034,203400,203.4,0.2034,158683.45183699526,1272.7473396500498,0.008020668348943258,8.020668348943258e+17,111,0.00069950583198822,6.995058319882199e+26,1019.4878377196973,16.34992199841664,101.65043115180693,21.88429840901914,0.0,113.37485037110943,0.006424663856990885,0.00010303482694094533,0.000640586210944198,0.00013791166095567038,0.0,0.0007144717931115573,5430,2754,5316,0.204,0.3937777777777778,1,0,0
flow,0.1,1.2,0,registered,during_vibration,flow_dump_0.1_1.2.shear.wave,2035,203500,203.5,0.2035,158683.45183699526,1218.748290360368,0.007680374205700449,7.680374205700449e+17,99,0.0006238835798813854,6.238835798813854e+26,973.0294275283642,18.579497257256968,124.37570199377414,21.4709116488268,0.0,81.2927519321462,0.006131889722993241,0.00011708528546721068,0.0007837975576781432,0.00013530655780592932,0.0,0.0005122950817559271,5419,2750,5331,0.2037037037037037,0.3948888888888889,1,0,0
flow,0.1,1.2,0,registered,during_vibration,flow_dump_0.1_1.2.shear.wave,2036,203600,203.6,0.2036,158683.45183699526,1259.7703979814953,0.007938889552740332,7.938889552740332e+17,105,0.0006616947059348027,6.616947059348027e+26,1019.239271146285,20.703246501878695,119.53731801045069,23.800884763517363,0.0,76.48967755936363,0.006423097426650892,0.000130468843866251,0.0007533067665634301,0.00014998970899603569,0.0,0.0004820268066637237,5418,2766,5316,0.2048888888888889,0.3937777777777778,1,0,0
flow,0.1,1.2,0,registered,during_vibration,flow_dump_0.1_1.2.shear.wave,2037,203700,203.70000000000002,0.2037,158683.45183699526,1212.5152884193283,0.007641094735353141,7.641094735353142e+17,103,0.0006490909972503302,6.490909972503302e+26,978.8129706646349,13.080770119784244,119.96441804507461,20.993385864614073,0.0,79.66374372522056,0.00616833676942006,8.243310797915608e-05,0.000755998288771194,0.00013229725986915858,0.0,0.0005020293093135743,5422,2760,5318,0.20444444444444446,0.3939259259259259,1,0,0
flow,0.1,1.2,0,registered,during_vibration,flow_dump_0.1_1.2.shear.wave,2038,203800,203.8,0.20379999999999998,158683.4518369953,1224.3577326147613,0.00771572409372882,7.71572409372882e+17,97,0.0006112798711969128,6.1127987119691286e+26,988.9668835254198,5.132752140677944,125.37773248000637,25.099316462576233,0.0,79.78104800608082,0.006232325249272484,3.234585636535353e-05,0.0007901122078488587,0.00015817223643684695,0.0,0.0005027685438052763,5395,2762,5343,0.2045925925925926,0.3957777777777778,1,0,0
flow,0.1,1.2,0,registered,during_vibration,flow_dump_0.1_1.2.shear.wave,2039,203900,203.9,0.2039,158683.45183699526,1205.9679614334996,0.007599834434357457,7.599834434357457e+17,98,0.0006175817255391491,6.1758172553914915e+26,974.897101504915,9.263939464352996,99.76895417442378,21.234619327875212,0.0,100.80334696193246,0.006143659532352249,5.837999713964637e-05,0.0006287294170844585,0.0001338174780171035,0.0,0.0006352480097639979,5401,2761,5338,0.20451851851851852,0.39540740740740743,1,0,0
flow,0.1,1.2,0,registered,during_vibration,flow_dump_0.1_1.2.shear.wave,2040,204000,204.0,0.204,158683.45183699526,1218.0438514226532,0.007675934934121971,7.675934934121971e+17,103,0.0006490909972503302,6.490909972503302e+26,987.5851364558223,12.001201431892543,106.40038580624737,29.61678818783807,0.0,82.44033954085293,0.0062236176805020695,7.562982335562351e-05,0.0006705197333087086,0.0001866406852446176,0.0,0.0005195270117109521,5416,2771,5313,0.20525925925925925,0.39355555555555555,1,0,0
flow,0.1,1.2,0,registered,during_vibration,flow_dump_0.1_1.2.shear.wave,2041,204100,204.1,0.2041,158683.45183699526,1252.0613692754062,0.007890308376714441,7.890308376714441e+17,108,0.0006806002689615113,6.806002689615113e+26,1002.3121996498047,16.357008194811115,116.71974807347902,28.8567357694138,0.0,87.81567758789706,0.0063164254876394545,0.0001030794831184638,0.000735550851221571,0.00018185094561124347,0.0,0.0005534016091237046,5417,2773,5310,0.2054074074074074,0.3933333333333333,1,0,0
flow,0.1,1.2,0,registered,during_vibration,flow_dump_0.1_1.2.shear.wave,2042,204200,204.20000000000002,0.2042,158683.4518369953,1309.1773609948477,0.00825024503714273,8.25024503714273e+17,108,0.0006806002689615112,6.806002689615112e+26,1035.0483538980666,24.57511889749874,133.09669804904658,34.24685414146075,0.0,82.21033600877507,0.006522723963436977,0.00015486881973517368,0.0008387560045376865,0.00021581868647929474,0.0,0.0005180775629535974,5401,2755,5344,0.20407407407407407,0.39585185185185184,1,0,0
flow,0.1,1.2,0,registered,during_vibration,flow_dump_0.1_1.2.shear.wave,2043,204300,204.3,0.20429999999999998,158683.45183699526,1228.493902434548,0.007741789633467871,7.741789633467871e+17,103,0.0006490909972503302,6.490909972503302e+26,979.2139058356646,20.2227406897606,112.10520657566593,26.61477151341994,0.0,90.3372778200366,0.006170863404468568,0.00012744076622768483,0.0007064706828461484,0.0001677224134294702,0.0,0.0005692923664959971,5393,2743,5364,0.2031851851851852,0.3973333333333333,1,0,0
flow,0.1,1.2,0,registered,during_vibration,flow_dump_0.1_1.2.shear.wave,2044,204400,204.4,0.2044,158683.45183699526,1224.7979692350473,0.0077184984007859815,7.718498400785981e+17,98,0.0006175817255391491,6.1758172553914915e+26,973.974444218619,14.659799709737872,138.11680168658634,26.90429897098257,0.0,71.1426246491216,0.006137845080526209,9.238392245712482e-05,0.0008703919664443925,0.00016954697329510786,0.0,0.0004483304580631482,5380,2757,5363,0.20422222222222222,0.39725925925925926,1,0,0
flow,0.1,1.2,0,registered,during_vibration,flow_dump_0.1_1.2.shear.wave,2045,204500,204.5,0.2045,158683.45183699526,1259.8738831185428,0.007939541701000592,7.939541701000593e+17,101,0.0006364872885658578,6.364872885658577e+26,1022.0420651177214,0.0,101.44329858673287,14.529102997945063,0.0,121.8594164161436,0.006440760226010182,0.0,0.0006392808916895676,9.156029081639731e-05,0.0,0.0007679402924844458,5406,2759,5335,0.20437037037037037,0.3951851851851852,1,0,0
flow,0.1,1.2,0,registered,during_vibration,flow_dump_0.1_1.2.shear.wave,2046,204600,204.6,0.2046,158683.4518369953,1246.3506447856357,0.007854320222791264,7.854320222791264e+17,104,0.0006553928515925663,6.553928515925663e+26,980.1242157411643,12.807632199514137,120.93904443415256,22.98886630886292,0.0,109.49088610194174,0.006176600044899321,8.071183259027253e-05,0.0007621402423132629,0.00014487248697159563,0.0,0.0006899956160168124,5373,2765,5362,0.2048148148148148,0.3971851851851852,1,0,0
flow,0.1,1.2,0,registered,during_vibration,flow_dump_0.1_1.2.shear.wave,2047,204700,204.70000000000002,0.2047,158683.45183699526,1225.186320065456,0.007720945731152904,7.720945731152904e+17,100,0.0006301854342236216,6.301854342236216e+26,1002.6869716826653,4.245072900457382,118.20135004781793,23.030665869463476,0.0,77.02225956505205,0.006318787246402086,2.6751831090856642e-05,0.0007448876910570244,0.00014513590171406983,0.0,0.0004853830608888682,5377,2760,5363,0.20444444444444446,0.39725925925925926,1,0,0
flow,0.1,1.2,0,registered,during_vibration,flow_dump_0.1_1.2.shear.wave,2048,204800,204.8,0.20479999999999998,158683.45183699526,1294.6951423371595,0.008158980204609565,8.158980204609565e+17,109,0.0006869021233037475,6.869021233037475e+26,1071.1358191294053,7.287069149338642,113.32269496091345,32.87946639753029,0.0,70.07009269997216,0.006750141912905389,4.592204836093529e-05,0.0007141431173133426,0.00020720160808768598,0.0,0.0004415715179422138,5404,2775,5321,0.20555555555555555,0.39414814814814814,1,0,0
flow,0.1,1.2,0,registered,during_vibration,flow_dump_0.1_1.2.shear.wave,2049,204900,204.9,0.2049,158683.45183699526,1279.1568685381656,0.00806106026639852,8.061060266398519e+17,114,0.0007184113950149286,7.184113950149286e+26,1025.2812546467642,15.982182137303036,126.14255581172107,23.963963150604872,0.0,87.78691279177232,0.006461173126609107,0.00010071738390037322,0.0007949320130828686,0.00015101740523782798,0.0,0.0005532203375683424,5417,2778,5305,0.20577777777777778,0.39296296296296296,1,0,0
flow,0.1,1.2,0,registered,during_vibration,flow_dump_0.1_1.2.shear.wave,2050,205000,205.0,0.205,158683.45183699526,1297.927067618149,0.008179347326975351,8.179347326975351e+17,115,0.0007247132493571648,7.247132493571648e+26,1061.902778039457,21.088717859560425,115.19234326420666,21.921908381824036,0.0,77.82132007310075,0.006691956632820652,0.0001328980282154653,0.0007259253685919055,0.0001381486735261023,0.0,0.0004904186238212243,5403,2751,5346,0.20377777777777778,0.396,1,0,0
flow,0.1,1.2,0,registered,during_vibration,flow_dump_0.1_1.2.shear.wave,2051,205100,205.1,0.2051,158683.45183699526,1294.74086693064,0.008159268354337538,8.159268354337537e+17,109,0.0006869021233037475,6.869021233037475e+26,1028.721213099903,19.63135917120778,131.1080623087006,35.67498014578281,0.0,79.60525220504587,0.006482851243724132,0.0001237139660370745,0.0008262239117622612,0.0002248185285408922,0.0,0.0005016607042731774,5397,2747,5356,0.20348148148148149,0.3967407407407407,1,0,0
flow,0.1,1.2,0,registered,during_vibration,flow_dump_0.1_1.2.shear.wave,2052,205200,205.20000000000002,0.2052,158683.45183699526,1262.7971438031448,0.00795796366403934,7.95796366403934e+17,104,0.0006553928515925665,6.553928515925665e+26,1025.1281218232966,21.72009244503181,113.44341357036713,29.02559138134349,0.0,73.47992458310574,0.006460208105860598,0.00013687685888849575,0.000714903868406517,0.00018291504908249354,0.0,0.0004630597818012346,5388,2756,5356,0.20414814814814816,0.3967407407407407,1,0,0
flow,0.1,1.2,0,registered,during_vibration,flow_dump_0.1_1.2.shear.wave,2053,205300,205.3,0.20529999999999998,158683.45183699526,1272.1373264340662,0.00801682413450929,8.01682413450929e+17,107,0.0006742984146192752,6.742984146192752e+26,970.3482425256418,18.203939191204572,130.88302306796527,18.44839668794353,0.0,134.25372496131067,0.0061149932856414966,0.00011471857323789656,0.0008248057472458598,0.00011625910877521315,0.0,0.0008460474196088222,5418,2766,5316,0.2048888888888889,0.3937777777777778,1,0,0
flow,0.1,1.2,0,registered,during_vibration,flow_dump_0.1_1.2.shear.wave,2054,205400,205.4,0.2054,158683.45183699526,1254.4864503913604,0.007905590884675292,7.905590884675292e+17,107,0.0006742984146192752,6.742984146192752e+26,1009.8722847939424,8.420860690352352,102.92569322097451,24.90101314817124,0.0,108.36659853791946,0.006364068043032714,5.306703750686323e-05,0.0006486227267522708,0.00015692255783388405,0.0,0.0006829105195495565,5413,2770,5317,0.2051851851851852,0.39385185185185184,1,0,0
flow,0.1,1.2,0,registered,during_vibration,flow_dump_0.1_1.2.shear.wave,2055,205500,205.5,0.2055,158683.45183699526,1263.608941832904,0.007963079496978196,7.963079496978196e+17,104,0.0006553928515925665,6.553928515925665e+26,1039.504572759704,0.0,99.21914611388637,23.01652093684883,0.0,101.86870202246513,0.006550806405620143,0.0,0.0006252646067707643,0.00014504676240905157,0.0,0.0006419617221782391,5399,2769,5332,0.2051111111111111,0.39496296296296296,1,0,0
flow,0.1,1.2,0,registered,during_vibration,flow_dump_0.1_1.2.shear.wave,2056,205600,205.6,0.20559999999999998,158683.45183699526,1262.5093295968172,0.007956149900833437,7.956149900833436e+17,109,0.0006869021233037475,6.869021233037475e+26,1051.1054890730727,4.390746274789071,98.77537585021349,22.15625270914046,0.0,86.08146568960123,0.0066239136904634646,2.7669843477436993e-05,0.0006224680312076822,0.00013962547734277974,0.0,0.0005424728583420714,5414,2780,5306,0.20592592592592593,0.393037037037037,1,0,0
flow,0.1,1.2,0,registered,during_vibration,flow_dump_0.1_1.2.shear.wave,2057,205700,205.70000000000002,0.2057,158683.4518369953,1242.7448635023181,0.007831597114353836,7.831597114353837e+17,102,0.0006427891429080939,6.427891429080939e+26,999.2717607147503,8.840865142278389,133.61390567465668,14.984658378099022,0.0,86.03367359253394,0.006297265084334276,5.571384438599186e-05,0.0008420153716589752,9.44311344669496e-05,0.0,0.0005421716795076432,5423,2771,5306,0.20525925925925925,0.393037037037037,1,0,0
flow,0.1,1.2,0,registered,during_vibration,flow_dump_0.1_1.2.shear.wave,2058,205800,205.8,0.20579999999999998,158683.45183699526,1243.4592284374696,0.007836098938122362,7.836098938122363e+17,109,0.0006869021233037475,6.869021233037475e+26,1011.1364812234563,16.544095795817057,113.94202343315092,20.964361792570056,0.0,80.87226619247531,0.0063720348247914855,0.00010425848192924165,0.0007180460351353828,0.00013211435439471864,0.0,0.0005096452418715336,5420,2766,5314,0.2048888888888889,0.3936296296296296,1,0,0
flow,0.1,1.2,0,registered,during_vibration,flow_dump_0.1_1.2.shear.wave,2059,205900,205.9,0.2059,158683.45183699526,1233.5193679500308,0.007773459385148374,7.773459385148374e+17,104,0.0006553928515925665,6.553928515925665e+26,1003.7113100209041,21.12818246125336,117.75157164356933,25.3976098348749,0.0,65.53069398942844,0.0063252424774068354,0.00013314672838700853,0.0007420532530671663,0.00016005203782032762,0.0,0.00041296488846703235,5406,2746,5348,0.2034074074074074,0.39614814814814814,1,0,0
flow,0.1,1.2,0,registered,during_vibration,flow_dump_0.1_1.2.shear.wave,2060,206000,206.0,0.206,158683.45183699526,1228.600573587979,0.00774246185953931,7.74246185953931e+17,105,0.0006616947059348027,6.616947059348027e+26,987.0740913560999,19.52754541563344,104.22443627397774,29.247359086635043,0.0,88.52714145563259,0.006220397148721305,0.00012305974687072452,0.0006568072163002885,0.00018431259685905288,0.0,0.000557885150787938,5402,2762,5336,0.2045925925925926,0.39525925925925925,1,0,0
flow,0.1,1.2,0,registered,during_vibration,flow_dump_0.1_1.2.shear.wave,2061,206100,206.1,0.20609999999999998,158683.4518369953,1232.428371663364,0.007766584085461878,7.766584085461878e+17,106,0.0006679965602770388,6.679965602770388e+26,957.076273613722,14.988401684621541,109.72953719611233,23.092719128423305,0.0,127.54144004048356,0.00603135527072389,9.445472423941285e-05,0.0006914995604508907,0.0001455269523134957,0.0,0.0008037475777341812,5423,2774,5303,0.2054814814814815,0.39281481481481484,1,0,0
flow,0.1,1.2,0,registered,during_vibration,flow_dump_0.1_1.2.shear.wave,2062,206200,206.20000000000002,0.2062,158683.45183699526,1327.5456613484823,0.008365999390485782,8.365999390485782e+17,108,0.0006806002689615113,6.806002689615113e+26,1065.9508884327145,0.0,118.55270910430015,26.06211619474338,0.0,116.97994761672359,0.006717467234880254,0.0,0.0007471019046528008,0.00016423966010970837,0.0,0.0007371905908430147,5432,2769,5299,0.2051111111111111,0.39251851851851854,1,0,0
flow,0.1,1.2,0,registered,during_vibration,flow_dump_0.1_1.2.shear.wave,2063,206300,206.3,0.20629999999999998,158683.45183699526,1187.3201362022526,0.0074823185559506605,7.48231855595066e+17,100,0.0006301854342236216,6.301854342236216e+26,975.6900245189873,10.749980679022439,115.11374555755228,20.27053369323766,0.0,65.49585175345351,0.006148656417691541,6.774481242105298e-05,0.0007254300572929357,0.00012774195077417527,0.0,0.0004127453177709605,5396,2764,5340,0.20474074074074075,0.39555555555555555,1,0,0
flow,0.1,1.2,0,registered,during_vibration,flow_dump_0.1_1.2.shear.wave,2064,206400,206.4,0.2064,158683.45183699526,1301.8200629579087,0.008203880416561522,8.203880416561522e+17,103,0.0006490909972503302,6.490909972503302e+26,1066.4522732251232,9.930691909218728,101.99095283687103,20.4392042455017,0.0,103.0069407411935,0.006720626888811426,6.25817739295201e-05,0.0006427321290038448,0.0001288048880263678,0.0,0.0006491347367903589,5408,2770,5322,0.2051851851851852,0.3942222222222222,1,0,0
flow,0.1,1.2,0,registered,during_vibration,flow_dump_0.1_1.2.shear.wave,2065,206500,206.5,0.2065,158683.4518369953,1258.313235897106,0.00792970672953148,7.92970672953148e+17,107,0.0006742984146192749,6.742984146192749e+26,1011.3909264518715,16.764534465001233,115.56591132545786,29.13843893374945,0.0,85.45342472102607,0.006373638301559034,0.0001056476543138367,0.000728279540100822,0.00018362619792063373,0.0,0.0005385150356371536,5413,2791,5296,0.20674074074074075,0.3922962962962963,1,0,0
flow,0.1,1.2,0,registered,during_vibration,flow_dump_0.1_1.2.shear.wave,2066,206600,206.6,0.20659999999999998,158683.45183699526,1297.2610240921344,0.008175150017688818,8.175150017688818e+17,113,0.0007121095406726924,7.121095406726925e+26,1048.1850026994302,13.80350792479597,121.74883396862691,28.822238934143392,0.0,84.70144056513834,0.0066055092107282845,8.69876963539675e-05,0.0007672434180073876,0.00018163355158010126,0.0,0.0005337761410190798,5415,2785,5300,0.20629629629629628,0.3925925925925926,1,0,0
flow,0.1,1.2,0,registered,during_vibration,flow_dump_0.1_1.2.shear.wave,2067,206700,206.70000000000002,0.2067,158683.45183699526,1326.0569295391854,0.00835661761946894,8.35661761946894e+17,109,0.0006869021233037475,6.869021233037475e+26,1034.877796585548,26.2898288543536,119.1638364098309,25.64986799749724,0.0,120.07559969195555,0.006521649136096482,0.0001656746721224552,0.000750953139916819,0.00016164173201781374,0.0,0.0007566989393153677,5406,2763,5331,0.20466666666666666,0.3948888888888889,1,0,0
flow,0.1,1.2,0,registered,during_vibration,flow_dump_0.1_1.2.shear.wave,2068,206800,206.8,0.20679999999999998,158683.45183699526,1282.746153819405,0.008083679419433623,8.083679419433623e+17,103,0.0006490909972503302,6.490909972503302e+26,989.0781764835782,17.421575203813383,124.5513089544381,38.75254957140409,0.0,112.94254360617124,0.006233026601284115,0.00010978822934674616,0.0007849042071657302,0.00024421292278927706,0.0,0.0007117474588477534,5412,2761,5327,0.20451851851851852,0.3945925925925926,1,0,0
flow,0.1,1.2,0,registered,during_vibration,flow_dump_0.1_1.2.shear.wave,2069,206900,206.9,0.2069,158683.4518369953,1229.9663832933893,0.0077510689933620175,7.751068993362017e+17,101,0.0006364872885658577,6.364872885658577e+26,1001.4032524377711,15.137128243729506,122.09212836361577,25.414879253589177,0.0,65.91899499468357,0.006310697434704436,9.539197735173324e-05,0.0007694068092811134,0.00016016086718164004,0.0,0.000415411904843094,5396,2775,5329,0.20555555555555555,0.3947407407407407,1,0,0
flow,0.1,1.2,0,registered,during_vibration,flow_dump_0.1_1.2.shear.wave,2070,207000,207.0,0.207,158683.45183699526,1307.5478983396129,0.008239976400833328,8.239976400833327e+17,109,0.0006869021233037475,6.869021233037475e+26,1081.9292997842147,15.392595769880774,115.3936646508355,25.59593268851536,0.0,69.2364054461668,0.006818160855837742,9.700189649070997e-05,0.0007271940666464175,0.00016130183955670644,0.0,0.00043631774230175346,5424,2783,5293,0.20614814814814814,0.3920740740740741,1,0,0
flow,0.1,1.2,0,registered,during_vibration,flow_dump_0.1_1.2.shear.wave,2071,207100,207.1,0.20709999999999998,158683.45183699526,1323.4347044663787,0.008340092739007552,8.340092739007552e+17,111,0.00069950583198822,6.995058319882199e+26,1094.579189782103,3.810380956126703,111.25876084375714,25.411611740746444,0.0,88.37476114364543,0.006897878620049745,2.4012465773941246e-05,0.0007011365051350516,0.00016014027579164378,0.0,0.0005569248722571703,5408,2781,5311,0.206,0.39340740740740743,1,0,0
flow,0.1,1.2,0,registered,during_vibration,flow_dump_0.1_1.2.shear.wave,2072,207200,207.20000000000002,0.2072,158683.45183699526,1288.8310166917088,0.008122025338947361,8.122025338947361e+17,108,0.0006806002689615113,6.806002689615113e+26,1049.8738485666934,6.386696541116268,113.71879405662459,37.21059327562698,0.0,81.64108425164787,0.006616152071390264,4.0248031330178576e-05,0.0007166392761196056,0.0002344957388111956,0.0,0.0005144902212961198,5408,2783,5309,0.20614814814814814,0.39325925925925925,1,0,0
flow,0.1,1.2,0,registered,during_vibration,flow_dump_0.1_1.2.shear.wave,2073,207300,207.3,0.20729999999999998,158683.45183699526,1331.2169385875877,0.008389135244896592,8.389135244896591e+17,113,0.0007121095406726924,7.121095406726925e+26,1120.2386656035692,12.674062238587009,86.32526073229073,29.1517445962456,0.0,82.8272054168959,0.0070595808991747565,7.987009415201159e-05,0.0005440092191904599,0.00018371004826761147,0.0,0.0005219649841117564,5420,2816,5264,0.20859259259259258,0.38992592592592595,1,0,0
flow,0.1,1.2,0,registered,during_vibration,flow_dump_0.1_1.2.shear.wave,2074,207400,207.4,0.2074,158683.45183699526,1307.5422314491093,0.008239940688914801,8.239940688914802e+17,115,0.0007247132493571648,7.247132493571648e+26,1060.907507594122,15.187366436673942,115.51009785111508,29.11280109173664,0.0,86.82445847546188,0.0066856845834430195,9.570857112608626e-05,0.0007279278117151797,0.0001834646319746198,0.0,0.0005471550906558975,5422,2817,5261,0.20866666666666667,0.3897037037037037,1,0,0
flow,0.1,1.2,0,registered,during_vibration,flow_dump_0.1_1.2.shear.wave,2075,207500,207.5,0.2075,158683.45183699526,1239.8000880195912,0.007813039568191103,7.813039568191103e+17,110,0.0006932039776459838,6.932039776459838e+26,1002.9944684725705,13.905800322285085,110.53392327750535,27.8237695862685,0.0,84.54212636096214,0.006320725046382774,8.763232814326204e-05,0.0006965686843707519,0.0001753413431846061,0.0,0.0005327721661097122,5397,2790,5313,0.20666666666666667,0.39355555555555555,1,0,0
flow,0.1,1.2,0,registered,during_vibration,flow_dump_0.1_1.2.shear.wave,2076,207600,207.6,0.20759999999999998,158683.4518369953,1285.8313373151138,0.00810312179644265,8.10312179644265e+17,111,0.0006995058319882199,6.995058319882199e+26,1034.3039720869467,23.545883427254754,115.59835554125777,35.28504255755847,0.0,77.09808370209609,0.00651803297768829,0.0001483827277178331,0.0007284839988230411,0.0002223611986573395,0.0,0.0004858608935561454,5388,2772,5340,0.20533333333333334,0.39555555555555555,1,0,0
flow,0.1,1.2,0,registered,during_vibration,flow_dump_0.1_1.2.shear.wave,2077,207700,207.70000000000002,0.2077,158683.45183699526,1225.255270775887,0.007721380248486834,7.721380248486834e+17,105,0.0006616947059348027,6.616947059348027e+26,969.3891621070928,16.241601227574865,129.69672623049445,33.66387349159912,0.0,76.26390771912592,0.00610894930054131,0.00010235220522086172,0.0008173298773694632,0.00021214482733952455,0.0,0.00048060403801567577,5393,2786,5321,0.20637037037037037,0.39414814814814814,1,0,0
flow,0.1,1.2,0,registered,during_vibration,flow_dump_0.1_1.2.shear.wave,2078,207800,207.8,0.20779999999999998,158683.45183699526,1266.719402996947,0.007982681170171178,7.982681170171178e+17,107,0.0006742984146192752,6.742984146192752e+26,1017.5743452148574,26.286005843406123,124.87695806937131,34.57625040895783,0.0,63.405843460354156,0.006412605305940423,0.00016565058006431542,0.0007869564004547175,0.00021789449377793764,0.0,0.0003995743899337826,5416,2794,5290,0.20696296296296296,0.39185185185185184,1,0,0
flow,0.1,1.2,0,registered,during_vibration,flow_dump_0.1_1.2.shear.wave,2079,207900,207.9,0.2079,158683.45183699526,1365.2940926553783,0.00860388450622975,8.60388450622975e+17,114,0.0007184113950149286,7.184113950149286e+26,1099.9661196605575,14.346440297539448,127.88492672442743,29.383905842328648,0.0,93.71270013052542,0.006931826267495606,9.04091770846816e-05,0.0008059121807848933,0.00018517309462433892,0.0,0.000590563786240232,5412,2799,5289,0.20733333333333334,0.3917777777777778,1,0,0
flow,0.1,1.2,0,registered,during_vibration,flow_dump_0.1_1.2.shear.wave,2080,208000,208.0,0.208,158683.4518369953,1300.9418804812185,0.008198346238507513,8.198346238507512e+17,110,0.0006932039776459837,6.932039776459836e+26,1056.910307811217,12.09252618285808,119.0319602880828,31.193428188044944,0.0,81.71365801101574,0.0066604948126343325,7.620533863404932e-05,0.0007501220758063433,0.00019657644087606456,0.0,0.0005149475705567246,5405,2785,5310,0.20629629629629628,0.3933333333333333,1,0,0
flow,0.1,1.2,0,registered,during_vibration,flow_dump_0.1_1.2.shear.wave,2081,208100,208.1,0.20809999999999998,158683.45183699526,1284.615576800329,0.008095460250763435,8.095460250763434e+17,102,0.000642789142908094,6.42789142908094e+26,1086.9720940618072,9.114451461059362,97.50707281314907,31.245142981601138,0.0,59.7768154827125,0.006849939810852993,5.743794551697816e-05,0.0006144753702062863,0.00019690233997239455,0.0,0.00037670478421478486,5412,2800,5288,0.2074074074074074,0.3917037037037037,1,0,0
flow,0.1,1.2,0,registered,during_vibration,flow_dump_0.1_1.2.shear.wave,2082,208200,208.20000000000002,0.2082,158683.45183699526,1248.1557596204527,0.007865695793551293,7.865695793551293e+17,110,0.0006932039776459838,6.932039776459838e+26,994.1894501398381,26.334980227639623,116.50367705224913,35.594310167289656,0.0,75.53334203343688,0.006265237103369174,0.00016595920950025566,0.000734189203118202,0.00022431015808663701,0.0,0.0004760001194770275,5411,2822,5267,0.20903703703703705,0.39014814814814813,1,0,0
flow,0.1,1.2,0,registered,during_vibration,flow_dump_0.1_1.2.shear.wave,2083,208300,208.3,0.20829999999999999,158683.45183699526,1253.7354692878494,0.007900858311147193,7.900858311147194e+17,111,0.00069950583198822,6.995058319882199e+26,988.650965882861,14.420034063473292,116.96439376402681,27.394392481534183,0.0,106.30568309595395,0.0062303343823049365,9.08729542780933e-05,0.000737092572728859,0.00017263547121267934,0.0,0.0006699229306226245,5396,2792,5312,0.2068148148148148,0.3934814814814815,1,0,0
flow,0.1,1.2,0,registered,during_vibration,flow_dump_0.1_1.2.shear.wave,2084,208400,208.4,0.2084,158683.4518369953,1268.0048778255598,0.007990782045301705,7.990782045301705e+17,114,0.0007184113950149285,7.184113950149285e+26,984.1532569781806,19.688528105552393,118.41426230109693,31.886423900232693,0.0,113.86240654049669,0.0062019904759138605,0.00012407423633421512,0.0007462294330648658,0.00020094359891406602,0.0,0.0007175443010746942,5379,2774,5347,0.2054814814814815,0.3960740740740741,1,0,0
flow,0.1,1.2,0,registered,during_vibration,flow_dump_0.1_1.2.shear.wave,2085,208500,208.5,0.2085,158683.45183699526,1255.7027044639278,0.007913255540683763,7.913255540683763e+17,106,0.0006679965602770389,6.679965602770389e+26,987.4105128163658,21.684314252801123,126.95213222085623,32.92275416290027,0.0,86.73299101100429,0.0062225172277615036,0.00013665138993242942,0.000800033845692149,0.00020747440127984851,0.0,0.000546578676017832,5368,2754,5378,0.204,0.3983703703703704,1,0,0
flow,0.1,1.2,0,registered,during_vibration,flow_dump_0.1_1.2.shear.wave,2086,208600,208.6,0.20859999999999998,158683.45183699526,1259.6527327586657,0.007938148043644913,7.938148043644913e+17,109,0.0006869021233037475,6.869021233037475e+26,956.1210342158885,14.616193812969714,132.83500658960878,25.244976329613955,0.0,130.83552181058448,0.006025335491176779,9.21091244472293e-05,0.0008371068630777024,0.00015909016370242818,0.0,0.0008245064012407729,5383,2772,5345,0.20533333333333334,0.3959259259259259,1,0,0
flow,0.1,1.2,0,registered,during_vibration,flow_dump_0.1_1.2.shear.wave,2087,208700,208.70000000000002,0.2087,158683.45183699526,1294.8247219276755,0.008159796796314723,8.159796796314723e+17,115,0.0007247132493571648,7.247132493571648e+26,1013.7915032578774,23.252747812763015,117.86651849731355,21.25454077780733,0.0,118.65941158191447,0.006388766386927835,0.00014653542977278427,0.0007427776313965607,0.00013394302009286184,0.0,0.000747774328124682,5394,2790,5316,0.20666666666666667,0.3937777777777778,1,0,0
flow,0.1,1.2,0,registered,during_vibration,flow_dump_0.1_1.2.shear.wave,2088,208800,208.8,0.20879999999999999,158683.4518369953,1307.2982869735417,0.008238403386362178,8.238403386362179e+17,113,0.0007121095406726923,7.121095406726924e+26,1062.588628796167,18.85974446638017,92.78209454597307,34.88711156388174,0.0,98.1807076011399,0.006696278764389951,0.0001188513625589233,0.0005846992453963114,0.0002198534954969274,0.0,0.0006187205185200676,5370,2784,5346,0.20622222222222222,0.396,1,0,0
flow,0.1,1.2,0,registered,during_vibration,flow_dump_0.1_1.2.shear.wave,2089,208900,208.9,0.2089,158683.45183699526,1268.4057650784187,0.007993308378376883,7.993308378376883e+17,104,0.0006553928515925665,6.553928515925665e+26,1051.5279835193446,10.547640368835461,108.74406517378966,30.128941106074112,0.0,67.45713491037523,0.006626576188924274,6.646969325869175e-05,0.0006852892593078645,0.00018986819833629237,0.0,0.0004251050385497624,5383,2786,5331,0.20637037037037037,0.3948888888888889,1,0,0
flow,0.1,1.2,0,registered,during_vibration,flow_dump_0.1_1.2.shear.wave,2090,209000,209.0,0.209,158683.45183699526,1227.7341575289995,0.007737001831735848,7.737001831735848e+17,104,0.0006553928515925665,6.553928515925665e+26,978.088584995838,28.95873865116845,118.74368064707292,31.570182586942572,0.0,70.37297064797713,0.006163771796447698,0.00018249375291454962,0.000748305379498867,0.00019895069222071422,0.0,0.0004434802106540164,5394,2811,5295,0.20822222222222223,0.39222222222222225,1,0,0
flow,0.1,1.2,0,registered,during_vibration,flow_dump_0.1_1.2.shear.wave,2091,209100,209.1,0.20909999999999998,158683.45183699526,1247.6538545229512,0.007862532860733212,7.862532860733212e+17,107,0.0006742984146192752,6.742984146192752e+26,976.9480358130937,23.596722410431823,134.18238399673925,32.88054811591266,0.0,80.04616418677324,0.006156584221627887,0.0001487031075847224,0.0008455978392414586,0.00020720842491937102,0.0,0.00050443926735977,5406,2796,5298,0.2071111111111111,0.39244444444444443,1,0,0
flow,0.1,1.2,0,registered,during_vibration,flow_dump_0.1_1.2.shear.wave,2092,209200,209.20000000000002,0.2092,158683.45183699526,1272.601289386796,0.008019747961457588,8.019747961457587e+17,111,0.00069950583198822,6.995058319882199e+26,962.8267594332439,31.846862645254845,126.2631709491994,39.118041671418595,0.0,112.5464546876792,0.0060675939947556125,0.0002006942896475996,0.000795692112110726,0.0002465162007668065,0.0,0.0007092513641768427,5370,2774,5356,0.2054814814814815,0.3967407407407407,1,0,0
flow,0.1,1.2,0,registered,during_vibration,flow_dump_0.1_1.2.shear.wave,2093,209300,209.3,0.20929999999999999,158683.45183699526,1241.132987292771,0.007821439305263555,7.821439305263556e+17,107,0.0006742984146192752,6.742984146192752e+26,1000.4948248105002,6.630041534283174,118.68448133464032,33.39937394743853,0.0,81.92426566590896,0.006304972656116912,4.1781556032028883e-05,0.0007479323140547562,0.00021047798973863663,0.0,0.0005162747893212217,5370,2764,5366,0.20474074074074075,0.3974814814814815,1,0,0
flow,0.1,1.2,0,registered,during_vibration,flow_dump_0.1_1.2.shear.wave,2094,209400,209.4,0.2094,158683.45183699526,1259.2565949817906,0.007935651641075589,7.935651641075589e+17,101,0.0006364872885658578,6.364872885658577e+26,984.7769875186616,13.176040535674467,123.36272285872465,26.716226327495978,0.0,111.22461774123391,0.006205921134928778,8.303348826322053e-05,0.0007774139107173368,0.00016836176689009603,0.0,0.0007009213402761582,5368,2771,5361,0.20525925925925925,0.39711111111111114,1,0,0
flow,0.1,1.2,0,registered,during_vibration,flow_dump_0.1_1.2.shear.wave,2095,209500,209.5,0.2095,158683.45183699526,1279.734584203559,0.008064700946373057,8.064700946373057e+17,118,0.0007436188123838735,7.436188123838735e+26,1022.6715242528941,8.387349636241332,116.90778181806115,22.50932215893316,0.0,109.25860633743017,0.00644472698579443,5.285585572500078e-05,0.0007367358124913528,0.00014185046958806681,0.0,0.0006885318227742116,5399,2786,5315,0.20637037037037037,0.3937037037037037,1,0,0
flow,0.1,1.2,0,registered,during_vibration,flow_dump_0.1_1.2.shear.wave,2096,209600,209.6,0.20959999999999998,158683.45183699526,1280.1628884843424,0.00806740005756471,8.06740005756471e+17,107,0.0006742984146192752,6.742984146192752e+26,1035.984315060112,24.194933463228114,118.72748870419585,20.108361746605695,0.0,81.14778951020125,0.006528622254350179,0.00015247294650536043,0.0007482033402333379,0.00012671996678810372,0.0,0.0005113815496877322,5388,2795,5317,0.20703703703703705,0.39385185185185184,1,0,0
flow,0.1,1.2,0,registered,during_vibration,flow_dump_0.1_1.2.shear.wave,2097,209700,209.70000000000002,0.2097,158683.45183699526,1201.7309741913944,0.0075731335579077965,7.573133557907796e+17,98,0.0006175817255391491,6.1758172553914915e+26,979.7122428974329,18.19131140661846,98.9118449271576,23.185440641185828,0.0,81.73013431899899,0.00617400385204517,0.00011463899477876976,0.0006233280394528034,0.00014611126978131695,0.0,0.0005150514018497329,5384,2785,5331,0.20629629629629628,0.3948888888888889,1,0,0
flow,0.1,1.2,0,registered,during_vibration,flow_dump_0.1_1.2.shear.wave,2098,209800,209.8,0.2098,158683.45183699526,1178.03544767465,0.007423807801236678,7.423807801236678e+17,97,0.000611279871196913,6.112798711969129e+26,946.1088040781381,4.036048545400494,114.11681516985081,29.89695045306059,0.0,83.87682942820021,0.005962239875207728,2.5434590051308263e-05,0.000719147547200292,0.0001884062270322409,0.0,0.0005285795617451099,5400,2810,5290,0.20814814814814814,0.39185185185185184,1,0,0
flow,0.1,1.2,0,registered,during_vibration,flow_dump_0.1_1.2.shear.wave,2099,209900,209.9,0.2099,158683.4518369953,1247.3076385728814,0.007860351058244912,7.860351058244913e+17,112,0.000705807686330456,7.058076863304561e+26,994.1541213324319,14.631750503715406,118.35511999353284,32.1395621051292,0.0,88.02708463807367,0.006265014466370815,9.220716044635585e-05,0.0007458567268571331,0.00020253883900977896,0.0,0.0005547338655608394,5395,2801,5304,0.2074814814814815,0.3928888888888889,1,0,0
flow,0.1,1.2,0,registered,during_vibration,flow_dump_0.1_1.2.shear.wave,2100,210000,210.0,0.21,158683.45183699526,1316.3211088249932,0.008295263895425974,8.295263895425974e+17,106,0.0006679965602770389,6.679965602770389e+26,1053.3788641857777,26.01721710359743,112.05906987794033,43.36711096410134,0.0,81.49884669357714,0.006638240169288997,0.0001639567125772078,0.0007061799360972499,0.0002732932165393619,0.0,0.0005135938609231627,5370,2779,5351,0.20585185185185184,0.3963703703703704,1,0,0
flow,0.1,1.2,0,registered,during_vibration,flow_dump_0.1_1.2.shear.wave,2101,210100,210.1,0.21009999999999998,158683.45183699526,1237.9133354177234,0.007801149528114297,7.801149528114298e+17,107,0.0006742984146192752,6.742984146192752e+26,982.5388593974402,19.479793728524193,117.11057258845554,27.11942457330965,0.0,91.66468512999343,0.006191816777509578,0.000122758822693966,0.0007380137703883281,0.00017090266350625895,0.0,0.0005776574940161645,5363,2765,5372,0.2048148148148148,0.3979259259259259,1,0,0
flow,0.1,1.2,0,registered,during_vibration,flow_dump_0.1_1.2.shear.wave,2102,210200,210.20000000000002,0.2102,158683.45183699526,1221.706236186671,0.007699014749450037,7.699014749450038e+17,101,0.0006364872885658578,6.364872885658577e+26,985.246765901837,8.862069912730943,120.16767120517359,20.383896086232703,0.0,87.04583308069688,0.0062088816098726796,5.5847473760744416e-05,0.0007572791605807371,0.00012845634406271735,0.0,0.0005485501611731584,5358,2771,5371,0.20525925925925925,0.39785185185185185,1,0,0
flow,0.1,1.2,0,registered,during_vibration,flow_dump_0.1_1.2.shear.wave,2103,210300,210.3,0.2103,158683.4518369953,1202.7457697106079,0.007579528651457033,7.579528651457033e+17,103,0.0006490909972503301,6.490909972503302e+26,909.6787033428716,15.423027493992999,130.23016698670773,17.493321676307694,0.0,129.9205502107273,0.005732662686701085,9.719367278344831e-05,0.0008206915433153314,0.00011024036516597454,0.0,0.00081874038349119,5371,2780,5349,0.20592592592592593,0.3962222222222222,1,0,0
flow,0.1,1.2,0,registered,during_vibration,flow_dump_0.1_1.2.shear.wave,2104,210400,210.4,0.2104,158683.45183699526,1212.3034524806221,0.007639759776122965,7.639759776122964e+17,103,0.0006490909972503302,6.490909972503302e+26,951.8286426421699,15.159267118748877,113.70445284643637,27.4953045949873,0.0,104.11578527827943,0.005998285464699362,9.55314933174063e-05,0.0007165488999019081,0.0001732714046530281,0.0,0.0006561225135512587,5376,2786,5338,0.20637037037037037,0.39540740740740743,1,0,0
flow,0.1,1.2,0,registered,during_vibration,flow_dump_0.1_1.2.shear.wave,2105,210500,210.5,0.2105,158683.45183699526,1236.152184154707,0.007790051009380122,7.790051009380122e+17,100,0.0006301854342236216,6.301854342236216e+26,983.8358938969744,12.061317824863382,113.62470896890322,42.82817793405192,0.0,83.80208552991346,0.006199990500002498,7.600866810770637e-05,0.0007160463656010091,0.0002698969390837704,0.0,0.0005281085365851359,5372,2783,5345,0.20614814814814814,0.3959259259259259,1,0,0
flow,0.1,1.2,0,registered,during_vibration,flow_dump_0.1_1.2.shear.wave,2106,210600,210.6,0.21059999999999998,158683.45183699526,1178.6784195295534,0.007427859716212436,7.427859716212436e+17,96,0.0006049780168546768,6.049780168546768e+26,967.1827405116957,7.132113740065149,105.63157100979295,29.391203094814635,0.0,69.34079117318555,0.006095044753029553,4.4945541942152136e-05,0.0006656747744452968,0.00018521908084660413,0.0,0.00043697556594883406,5401,2789,5310,0.2065925925925926,0.3933333333333333,1,0,0
flow,0.1,1.2,0,registered,during_vibration,flow_dump_0.1_1.2.shear.wave,2107,210700,210.70000000000002,0.2107,158683.4518369953,1254.272730452495,0.00790424405275053,7.904244052750529e+17,107,0.0006742984146192749,6.742984146192749e+26,976.2026273950207,18.95783919414938,119.57967952299434,26.647615241921546,0.0,112.88496909840852,0.006151886766351713,0.00011946954124506617,0.0007535737226451968,0.00016792938982254323,0.0,0.0007113846326860067,5397,2791,5312,0.20674074074074075,0.3934814814814815,1,0,0
flow,0.1,1.2,0,registered,during_vibration,flow_dump_0.1_1.2.shear.wave,2108,210800,210.8,0.2108,158683.45183699526,1312.6604449634142,0.008272194924974415,8.272194924974415e+17,107,0.0006742984146192752,6.742984146192752e+26,1039.439980404733,28.148162716424068,125.57006469854625,30.810856332374556,0.0,88.69138081133622,0.006550399354007494,0.00017738562144046857,0.0007913242574754162,0.0001941655287661908,0.0,0.0005589201632848449,5390,2786,5324,0.20637037037037037,0.39437037037037037,1,0,0
flow,0.1,1.2,0,registered,during_vibration,flow_dump_0.1_1.2.shear.wave,2109,210900,210.9,0.2109,158683.45183699526,1206.4909434989306,0.007603130191157405,7.603130191157404e+17,96,0.0006049780168546768,6.049780168546768e+26,973.8117205724968,14.937604641491998,117.53085543516053,24.90604393798035,0.0,75.30471891180093,0.00613681961981031,9.41346086725942e-05,0.0007406623316708033,0.00015695426113848746,0.0,0.0004745593698652104,5367,2763,5370,0.20466666666666666,0.3977777777777778,1,0,0
flow,0.1,1.2,0,registered,during_vibration,flow_dump_0.1_1.2.shear.wave,2110,211000,211.0,0.211,158683.45183699526,1249.1262020124088,0.007871811380152931,7.87181138015293e+17,106,0.0006679965602770389,6.679965602770389e+26,996.9060957716621,14.632007287085907,118.07194938542784,26.98010907700555,0.0,92.53604049122798,0.006282357008440402,9.220877865775428e-05,0.0007440722269308532,0.00017002471754093418,0.0,0.0005831486485829914,5357,2775,5368,0.20555555555555555,0.3976296296296296,1,0,0
flow,0.1,1.2,0,registered,during_vibration,flow_dump_0.1_1.2.shear.wave,2111,211100,211.1,0.21109999999999998,158683.45183699526,1225.2843352255156,0.007721563408414931,7.721563408414931e+17,102,0.000642789142908094,6.42789142908094e+26,955.6574941174023,22.108733851440054,125.42494364179306,33.54657604650094,0.0,88.546587568379,0.006022414328994333,0.00013932602042304233,0.0007904097257137663,0.00021140563592579936,0.0,0.0005580076973579885,5362,2793,5345,0.2068888888888889,0.3959259259259259,1,0,0
flow,0.1,1.2,0,registered,during_vibration,flow_dump_0.1_1.2.shear.wave,2112,211200,211.20000000000002,0.2112,158683.45183699526,1305.4859198923562,0.008226982113001885,8.226982113001884e+17,109,0.0006869021233037475,6.869021233037475e+26,1046.1668473194873,21.335700593595323,113.6540856060948,28.72648690990863,0.0,95.60279946327046,0.006592791089483884,0.0001344544774304005,0.0007162314928896551,0.00018103013627039953,0.0,0.0006024749169275491,5380,2792,5328,0.2068148148148148,0.39466666666666667,1,0,0
flow,0.1,1.2,0,registered,during_vibration,flow_dump_0.1_1.2.shear.wave,2113,211300,211.3,0.2113,158683.45183699526,1248.9352751167007,0.007870608186666163,7.870608186666163e+17,99,0.0006238835798813854,6.238835798813854e+26,1047.9580038717506,12.86477622634985,92.61749481308499,23.74543023028764,0.0,71.7495699752278,0.006604078697180389,8.107194592392004e-05,0.0005836619618548799,0.00014964024260500527,0.0,0.00045215533910197055,5369,2780,5351,0.20592592592592593,0.3963703703703704,1,0,0
flow,0.1,1.2,0,registered,during_vibration,flow_dump_0.1_1.2.shear.wave,2114,211400,211.4,0.21139999999999998,158683.45183699526,1102.5286218896451,0.006947974783294971,6.947974783294971e+17,92,0.0005797705994857318,5.7977059948573184e+26,884.3573495902278,21.93904771618206,100.59493046309056,22.249357804049783,0.0,73.38793631609539,0.005573091203603688,0.00013825668311474946,0.0006339345993457775,0.00014021221208941837,0.0,0.0004624800851413406,5379,2771,5350,0.20525925925925925,0.3962962962962963,1,0,0
flow,0.1,1.2,0,registered,during_vibration,flow_dump_0.1_1.2.shear.wave,2115,211500,211.5,0.2115,158683.45183699526,1246.131661090503,0.007852940219441214,7.852940219441215e+17,108,0.0006806002689615113,6.806002689615113e+26,991.604996495343,24.040352595791195,107.89945485518425,29.65432353943615,0.0,92.93253360474813,0.006248950252947305,0.00015149880039467642,0.0006799666481040634,0.00018687722756307332,0.0,0.000585647290432095,5401,2772,5327,0.20533333333333334,0.3945925925925926,1,0,0
flow,0.1,1.2,0,registered,during_vibration,flow_dump_0.1_1.2.shear.wave,2116,211600,211.6,0.21159999999999998,158683.45183699526,1238.52393369489,0.007804997429518622,7.804997429518623e+17,108,0.0006806002689615113,6.806002689615113e+26,1008.8443417534646,13.01201586105182,96.95415553049175,38.99375215136824,0.0,80.71966839851254,0.0063575900957195085,8.199982865521592e-05,0.0006109909660276748,0.00024573294631518276,0.0,0.0005086835928010337,5393,2773,5334,0.2054074074074074,0.39511111111111114,1,0,0
flow,0.1,1.2,0,registered,during_vibration,flow_dump_0.1_1.2.shear.wave,2117,211700,211.70000000000002,0.2117,158683.45183699526,1219.9605699654733,0.007688013815193887,7.688013815193887e+17,99,0.0006238835798813854,6.238835798813854e+26,1006.7665091192443,26.60401594025852,96.61062611868064,17.677321900724984,0.0,72.30209688656473,0.006344495897111107,0.00016765463337403968,0.0006088260937121672,0.0001113999077791911,0.0,0.0004556372832173815,5368,2751,5381,0.20377777777777778,0.3985925925925926,1,0,0
flow,0.1,1.2,0,registered,during_vibration,flow_dump_0.1_1.2.shear.wave,2118,211800,211.8,0.2118,158683.4518369953,1231.0913926042338,0.007758158638172619,7.75815863817262e+17,107,0.0006742984146192749,6.742984146192749e+26,976.2249705340246,18.84813963570018,125.69272002686661,28.615002176753606,0.0,81.71056023088866,0.0061520275695592635,0.00011877823060631168,0.0007920972134887902,0.00018032757572067346,0.0,0.0005149280487975795,5365,2764,5371,0.20474074074074075,0.39785185185185185,1,0,0
flow,0.1,1.2,0,registered,during_vibration,flow_dump_0.1_1.2.shear.wave,2119,211900,211.9,0.21189999999999998,158683.45183699526,1242.664777410612,0.007831092423469067,7.831092423469066e+17,104,0.0006553928515925665,6.553928515925665e+26,995.3200963054711,19.171355078065993,125.58398907108752,17.95811164421174,0.0,84.63122531177562,0.006272362270817602,0.0001208150872452625,0.0007914120068429784,0.00011316940384343851,0.0,0.0005333336547197848,5362,2759,5379,0.20437037037037037,0.39844444444444443,1,0,0
flow,0.1,1.2,0,registered,during_vibration,flow_dump_0.1_1.2.shear.wave,2120,212000,212.0,0.212,158683.45183699526,1232.6492146121332,0.007767975805557533,7.767975805557533e+17,103,0.0006490909972503302,6.490909972503302e+26,992.5274214315721,5.698976946845864,96.75156456978779,33.47873874276798,0.0,104.19251292115854,0.006254763240537067,3.59141226187847e-05,0.0006097142673022648,0.00021097813511870424,0.0,0.0006566060399807059,5387,2764,5349,0.20474074074074075,0.3962222222222222,1,0,0
flow,0.1,1.2,0,registered,during_vibration,flow_dump_0.1_1.2.shear.wave,2121,212100,212.1,0.21209999999999998,158683.45183699526,1246.4159974913996,0.007854732066023861,7.854732066023862e+17,102,0.000642789142908094,6.42789142908094e+26,985.7913180166977,16.75507427527607,124.2416166700356,26.3024673262414,0.0,93.32552120314867,0.006212313297982289,0.00010558803757613882,0.0007829525714985112,0.00016575431793140055,0.0,0.0005881238410355205,5376,2774,5350,0.2054814814814815,0.3962962962962963,1,0,0
flow,0.1,1.2,0,registered,during_vibration,flow_dump_0.1_1.2.shear.wave,2122,212200,212.20000000000002,0.2122,158683.4518369953,1214.8398790729843,0.007655743967057804,7.655743967057804e+17,101,0.0006364872885658577,6.364872885658577e+26,949.5612267975138,19.087073247731762,111.61383750809767,30.17701925496471,0.0,104.40072226467574,0.005983996540313059,0.00012028395542679909,0.0007033741465540526,0.00019017117982764523,0.0,0.0006579181449362438,5377,2757,5366,0.20422222222222222,0.3974814814814815,1,0,0
flow,0.1,1.2,0,registered,during_vibration,flow_dump_0.1_1.2.shear.wave,2123,212300,212.3,0.2123,158683.45183699526,1252.2280366743694,0.007891358690386307,7.891358690386307e+17,108,0.0006806002689615113,6.806002689615113e+26,983.0457322409596,15.08959362021299,114.00950034173601,22.754560039161547,0.0,117.32865043229951,0.006195011016339472,9.509242107811913e-05,0.0007184712647847505,0.00014339592298846486,0.0,0.0007393880651955018,5398,2765,5337,0.2048148148148148,0.3953333333333333,1,0,0
flow,0.1,1.2,0,registered,during_vibration,flow_dump_0.1_1.2.shear.wave,2124,212400,212.4,0.21239999999999998,158683.45183699526,1266.9663365203558,0.007984237309267915,7.984237309267916e+17,109,0.0006869021233037475,6.869021233037475e+26,1006.7330554546095,17.405925818527212,121.30839360277969,35.74880533462375,0.0,85.77015630981576,0.006344285076989364,0.00010968960920012718,0.0007644678269753772,0.0002252837641277559,0.0,0.0005405110319752915,5405,2775,5320,0.20555555555555555,0.3940740740740741,1,0,0
flow,0.1,1.2,0,registered,during_vibration,flow_dump_0.1_1.2.shear.wave,2125,212500,212.5,0.2125,158683.45183699526,1226.7988089197984,0.007731107401041449,7.731107401041449e+17,103,0.0006490909972503302,6.490909972503302e+26,986.1433744496877,15.741742776745744,116.37478202653367,18.260248717799886,0.0,90.2786609490309,0.006214531906343239,9.920217007200076e-05,0.0007333769254407043,0.00011507342767258051,0.0,0.0005689229715129215,5388,2747,5365,0.20348148148148149,0.39740740740740743,1,0,0
flow,0.1,1.2,0,registered,during_vibration,flow_dump_0.1_1.2.shear.wave,2126,212600,212.6,0.21259999999999998,158683.4518369953,1209.085804969218,0.007619482630181436,7.619482630181436e+17,97,0.0006112798711969128,6.1127987119691286e+26,963.8941973577129,10.484732041780983,106.56111350088274,28.54491588783239,0.0,99.60084618100966,0.006074320833074994,6.607325414468066e-05,0.000671532615829064,0.00017988590213650405,0.0,0.000627670024996197,5368,2744,5388,0.20325925925925925,0.39911111111111114,1,0,0
flow,0.1,1.2,0,registered,during_vibration,flow_dump_0.1_1.2.shear.wave,2127,212700,212.70000000000002,0.2127,158683.45183699526,1231.2504240641144,0.007759160831268622,7.759160831268622e+17,103,0.0006490909972503302,6.490909972503302e+26,994.9011940630418,19.54014400015426,111.01428374581708,25.44728404681843,0.0,80.34751820828292,0.006269722409902176,0.00012313914131529307,0.0006995958460738207,0.00016036507746856112,0.0,0.0005063383565087711,5367,2767,5366,0.20496296296296296,0.3974814814814815,1,0,0
flow,0.1,1.2,0,registered,during_vibration,flow_dump_0.1_1.2.shear.wave,2128,212800,212.8,0.2128,158683.45183699526,1264.25269075889,0.00796713630894273,7.96713630894273e+17,109,0.0006869021233037475,6.869021233037475e+26,975.1027553653822,14.083247331111226,127.46197104009137,26.583842116780822,0.0,121.02087490552442,0.006144955533025832,8.875057334634988e-05,0.0008032467756689866,0.00016752750087695723,0.0,0.000762655926024605,5375,2761,5364,0.20451851851851852,0.3973333333333333,1,0,0
flow,0.1,1.2,0,registered,during_vibration,flow_dump_0.1_1.2.shear.wave,2129,212900,212.9,0.21289999999999998,158683.45183699526,1234.889526597224,0.007782093925368741,7.782093925368741e+17,104,0.0006553928515925665,6.553928515925665e+26,981.4141334288908,10.14294082758793,116.50177369789097,20.574275234503837,0.0,106.25640340835022,0.0061847289182808485,6.391933569737999e-05,0.0007341772084562752,0.00012965608572492105,0.0,0.0006696123772093149,5374,2775,5351,0.20555555555555555,0.3963703703703704,1,0,0
flow,0.1,1.2,0,registered,during_vibration,flow_dump_0.1_1.2.shear.wave,2130,213000,213.0,0.213,158683.4518369953,1228.2729971841675,0.0077403975207565355,7.740397520756535e+17,96,0.0006049780168546767,6.0497801685467664e+26,998.8955639432097,7.555388259818043,116.70114799209027,22.70651150715006,0.0,82.41438548189916,0.006294894347076009,4.7612956312414854e-05,0.0007354336362179051,0.0001430931281383702,0.0,0.0005193634530118355,5371,2763,5366,0.20466666666666666,0.3974814814814815,1,0,0
flow,0.1,1.2,0,registered,during_vibration,flow_dump_0.1_1.2.shear.wave,2131,213100,213.1,0.21309999999999998,158683.45183699526,1218.613685413522,0.007679525944931682,7.679525944931683e+17,102,0.000642789142908094,6.42789142908094e+26,996.1465886673209,11.411641457386384,97.41891186578619,22.06778145337477,0.0,91.56876196965393,0.00627757070529695,7.19145022702732e-05,0.0006139197927573319,0.00013906794437546963,0.0,0.0005770530002316581,5385,2763,5352,0.20466666666666666,0.39644444444444443,1,0,0
flow,0.1,1.2,0,registered,during_vibration,flow_dump_0.1_1.2.shear.wave,2132,213200,213.20000000000002,0.2132,158683.45183699526,1165.6649235077107,0.007345850559799513,7.345850559799514e+17,103,0.0006490909972503302,6.490909972503302e+26,917.2802525237897,16.479031029896806,112.06720410487301,19.94463182700681,0.0,99.8938040221442,0.005780566542414577,0.00010384845325160053,0.0007062311968105663,0.00012568816468332548,0.0,0.000629516202639443,5390,2776,5334,0.20562962962962963,0.39511111111111114,1,0,0
flow,0.1,1.2,0,registered,during_vibration,flow_dump_0.1_1.2.shear.wave,2133,213300,213.3,0.2133,158683.45183699526,1200.8554733863473,0.007567616279357879,7.567616279357879e+17,101,0.0006364872885658578,6.364872885658577e+26,979.2171700447078,16.228195011434394,107.07225002775456,19.53697703480471,0.0,78.80088126764565,0.006170883975038501,0.00010226772119946393,0.0006747537237704069,0.0001231191835609533,0.0,0.0004965916757885533,5375,2765,5360,0.2048148148148148,0.397037037037037,1,0,0
flow,0.1,1.2,0,registered,during_vibration,flow_dump_0.1_1.2.shear.wave,2134,213400,213.4,0.21339999999999998,158683.45183699526,1214.50880910698,0.007653657612354957,7.653657612354957e+17,100,0.0006301854342236216,6.301854342236216e+26,978.1421831173935,18.086558696823367,104.97848214149711,27.691240547659675,0.0,85.61034460360578,0.006164109564002759,0.00011397885845968653,0.0006615591035247606,0.0001745061644871767,0.0,0.0005395039218805719,5358,2750,5392,0.2037037037037037,0.39940740740740743,1,0,0
flow,0.1,1.2,0,registered,during_vibration,flow_dump_0.1_1.2.shear.wave,2135,213500,213.5,0.2135,158683.45183699526,1204.4127278551387,0.007590033578878472,7.590033578878472e+17,100,0.0006301854342236216,6.301854342236216e+26,956.5228609351057,15.746446913614797,119.62096642095094,16.76570090966184,0.0,95.75675267580492,0.0060278677446321035,9.923181485735547e-05,0.0007538339066623622,0.00010565500507818615,0.0,0.0006034451076484607,5357,2763,5380,0.20466666666666666,0.3985185185185185,1,0,0
flow,0.1,1.2,0,registered,during_vibration,flow_dump_0.1_1.2.shear.wave,2136,213600,213.6,0.21359999999999998,158683.45183699526,1219.8552978120656,0.007687350405416818,7.687350405416818e+17,94,0.0005923743081702043,5.9237430817020434e+26,960.1785013797452,10.15482604495896,126.39812319244861,25.10425378563948,0.0,98.0195934092733,0.0060509050582418095,6.399423460607804e-05,0.0007965425614908404,0.00015820335072763212,0.0,0.0006177052003504573,5364,2765,5371,0.2048148148148148,0.39785185185185185,1,0,0
flow,0.1,1.2,0,registered,during_vibration,flow_dump_0.1_1.2.shear.wave,2137,213700,213.70000000000002,0.2137,158683.4518369953,1232.3354216096716,0.007765998327762405,7.765998327762405e+17,103,0.0006490909972503301,6.490909972503302e+26,997.5009956027085,8.15798858295031,99.4624820281255,15.322887946074085,0.0,111.89106744981338,0.006286105980523876,5.1410455775378875e-05,0.0006267980742585342,9.656260793856593e-05,0.0,0.0007051212092660516,5384,2787,5329,0.20644444444444446,0.3947407407407407,1,0,0
flow,0.1,1.2,0,registered,during_vibration,flow_dump_0.1_1.2.shear.wave,2138,213800,213.8,0.2138,158683.45183699526,1284.5063258235534,0.008094771767021048,8.094771767021048e+17,104,0.0006553928515925665,6.553928515925665e+26,1047.0670069249902,0.0,122.278573389594,20.749458504805194,0.0,94.41128700416446,0.006598463764202527,0.0,0.0007705817586776628,0.0001307600651775568,0.0,0.0005949661789633034,5372,2775,5353,0.20555555555555555,0.3965185185185185,1,0,0
flow,0.1,1.2,0,registered,during_vibration,flow_dump_0.1_1.2.shear.wave,2139,213900,213.9,0.21389999999999998,158683.45183699526,1211.6302308879324,0.007635517231705785,7.635517231705786e+17,100,0.0006301854342236216,6.301854342236216e+26,991.5879195073801,6.02175322376627,92.59173110539835,22.52793597113655,0.0,98.90089108025235,0.006248842636256559,3.79482117010664e-05,0.0005834996027217227,0.0001419677711213263,0.0,0.0006232590099051193,5375,2767,5358,0.20496296296296296,0.3968888888888889,1,0,0
flow,0.1,1.2,0,registered,during_vibration,flow_dump_0.1_1.2.shear.wave,2140,214000,214.0,0.214,158683.45183699526,1235.502195459504,0.007785954875298854,7.785954875298853e+17,109,0.0006869021233037475,6.869021233037475e+26,981.2424059219985,13.822693534042306,118.7814532961887,21.124515173122834,0.0,100.5311275341515,0.006183646716545858,8.710860126890498e-05,0.0007485434172317151,0.00013312361767137896,0.0,0.0006335325225809954,5387,2774,5339,0.2054814814814815,0.3954814814814815,1,0,0
flow,0.1,1.2,0,registered,during_vibration,flow_dump_0.1_1.2.shear.wave,2141,214100,214.1,0.21409999999999998,158683.4518369953,1164.015041131703,0.0073354532413840885,7.335453241384088e+17,99,0.0006238835798813853,6.238835798813853e+26,939.8299393700474,10.314939598186246,103.77412366869895,22.48312676759651,0.0,87.61291172717401,0.005922671384382732,6.500324689673427e-05,0.0006539694118533484,0.00014168539004742533,0.0,0.0005521238082038497,5394,2770,5336,0.2051851851851852,0.39525925925925925,1,0,0
flow,0.1,1.2,0,registered,during_vibration,flow_dump_0.1_1.2.shear.wave,2142,214200,214.20000000000002,0.2142,158683.45183699526,1255.773299119038,0.007913700417917608,7.913700417917608e+17,100,0.0006301854342236216,6.301854342236216e+26,1001.3083204435562,18.63156643708299,123.71518996153793,30.73900872139378,0.0,81.37921355546736,0.006310099187104477,0.00011741341785419399,0.0007796351070596962,0.00019371275558695232,0.0,0.0005128399503122903,5361,2749,5390,0.20362962962962963,0.39925925925925926,1,0,0
flow,0.1,1.2,0,registered,during_vibration,flow_dump_0.1_1.2.shear.wave,2143,214300,214.3,0.2143,158683.45183699526,1237.8823234051179,0.0078009540949279975,7.800954094927997e+17,104,0.0006553928515925665,6.553928515925665e+26,988.6722650864247,17.186580608849354,122.78337723281695,37.68479290713279,0.0,71.55530756989397,0.006230468606783401,0.00010830732763807005,0.0007737629589690548,0.00023748407581808731,0.0,0.0004509311257193843,5355,2758,5387,0.2042962962962963,0.399037037037037,1,0,0
flow,0.1,1.2,0,registered,during_vibration,flow_dump_0.1_1.2.shear.wave,2144,214400,214.4,0.21439999999999998,158683.45183699526,1199.80966708421,0.007561025760371618,7.561025760371619e+17,97,0.000611279871196913,6.112798711969129e+26,980.99017758921,14.426045149619174,113.62520671477266,25.624889378335556,0.0,65.1433482522726,0.00618205721033164,9.09108352674233e-05,0.0007160495023229778,0.00016148432039818662,0.0,0.0004105238920513901,5353,2759,5388,0.20437037037037037,0.39911111111111114,1,0,0
flow,0.1,1.2,0,registered,during_vibration,flow_dump_0.1_1.2.shear.wave,2145,214500,214.5,0.2145,158683.4518369953,1271.7705305047061,0.008014512639989136,8.014512639989137e+17,99,0.0006238835798813853,6.238835798813853e+26,1059.585493799647,2.3608811670040373,108.94133201846569,24.470220888421927,0.0,76.41260263116774,0.00667735344507181,1.4877929233788095e-05,0.0006865324062295652,0.00015420776776118106,0.0,0.00048154109169279484,5364,2777,5359,0.2057037037037037,0.39696296296296296,1,0,0
flow,0.1,1.2,0,registered,during_vibration,flow_dump_0.1_1.2.shear.wave,2146,214600,214.6,0.21459999999999999,158683.45183699526,1211.7519176954686,0.0076362840842422505,7.63628408424225e+17,103,0.0006490909972503302,6.490909972503302e+26,962.075304041275,8.098334555918193,119.1993346569447,19.382153090795946,0.0,102.99679135053486,0.006062858432330736,5.103452478609466e-05,0.0007511768446995348,0.00012214350561711953,0.0,0.0006490707768087657,5371,2772,5357,0.20533333333333334,0.39681481481481484,1,0,0
flow,0.1,1.2,0,registered,during_vibration,flow_dump_0.1_1.2.shear.wave,2147,214700,214.70000000000002,0.2147,158683.45183699526,1188.9313813340252,0.007492472388080729,7.49247238808073e+17,100,0.0006301854342236216,6.301854342236216e+26,998.0199121921412,3.424525401070806,96.05098347206984,24.648648616739333,0.0,66.78731165200398,0.006289376117286252,2.1580860268836276e-05,0.0006052993072695223,0.00015533219331565347,0.0,0.0004208839099404647,5363,2771,5366,0.20525925925925925,0.3974814814814815,1,0,0
flow,0.1,1.2,0,registered,during_vibration,flow_dump_0.1_1.2.shear.wave,2148,214800,214.8,0.2148,158683.45183699526,1276.197337101422,0.008042409730362892,8.042409730362892e+17,110,0.0006932039776459838,6.932039776459838e+26,1016.5772021174104,5.9035856152641735,100.9452973338481,34.747811254777915,0.0,118.02344078012086,0.006406321455381946,3.720353664431579e-05,0.0006361425603316366,0.00021897564523912667,0.0,0.0007437665327658635,5381,2763,5356,0.20466666666666666,0.3967407407407407,1,0,0
flow,0.1,1.2,0,registered,during_vibration,flow_dump_0.1_1.2.shear.wave,2149,214900,214.9,0.21489999999999998,158683.4518369953,1256.8633757265102,0.007920569921919775,7.920569921919776e+17,109,0.0006869021233037474,6.869021233037473e+26,1015.03695808775,16.797918978089825,101.50156616959657,19.660743198783404,0.0,103.86618929228987,0.006396615061855526,0.00010585803865260748,0.0006396480855096487,0.00012389913989884431,0.0,0.0006545495960031456,5383,2770,5347,0.2051851851851852,0.3960740740740741,1,0,0
flow,0.1,1.2,0,registered,during_vibration,flow_dump_0.1_1.2.shear.wave,2150,215000,215.0,0.215,158683.45183699526,1195.493697085221,0.007533827146092527,7.533827146092527e+17,93,0.0005860724538279681,5.860724538279681e+26,984.4127005408029,12.402360478305303,113.01897349313955,18.179068773237027,0.0,67.48059379973475,0.006203625451455539,7.81578692341871e-05,0.0007122291088628213,0.00011456184348643456,0.0,0.0004252528730535367,5362,2752,5386,0.20385185185185184,0.39896296296296296,1,0,0
flow,0.1,1.2,0,registered,during_vibration,flow_dump_0.1_1.2.shear.wave,2151,215100,215.1,0.21509999999999999,158683.45183699526,1223.480058432619,0.007710193118873019,7.710193118873019e+17,105,0.0006616947059348027,6.616947059348027e+26,1004.1935650832614,19.481010975234923,109.88813354084033,15.057025758328702,0.0,74.86032307495404,0.006328281578565617,0.0001227664936054356,0.0006924990115145778,9.488718315628628e-05,0.0,0.0004717588520311051,5352,2746,5402,0.2034074074074074,0.40014814814814814,1,0,0
flow,0.1,1.2,0,registered,during_vibration,flow_dump_0.1_1.2.shear.wave,2152,215200,215.20000000000002,0.2152,158683.45183699526,1173.3404893922143,0.007394220857997892,7.394220857997892e+17,96,0.0006049780168546768,6.049780168546768e+26,943.9883342907723,18.740520152688468,115.34028925289121,26.304037625301262,0.0,68.96730807056102,0.005948876983470636,0.00011810002829998514,0.0007268577026631136,0.00016576421372734956,0.0,0.00043462192983680775,5349,2752,5399,0.20385185185185184,0.3999259259259259,1,0,0
flow,0.1,1.2,0,registered,during_vibration,flow_dump_0.1_1.2.shear.wave,2153,215300,215.3,0.2153,158683.45183699526,1166.6736716805485,0.007352207543852734,7.352207543852733e+17,95,0.0005986761625124405,5.986761625124405e+26,944.7996458200124,12.51600426618803,120.33336484591946,21.189772284130882,0.0,67.83488446429826,0.005953989750554084,7.887403583232404e-05,0.0007583233377701524,0.00013353485847974683,0.0,0.00042748556121643,5367,2765,5368,0.2048148148148148,0.3976296296296296,1,0,0
flow,0.1,1.2,0,registered,during_vibration,flow_dump_0.1_1.2.shear.wave,2154,215400,215.4,0.21539999999999998,158683.45183699526,1178.4134071556614,0.0074261896468332785,7.426189646833279e+17,95,0.0005986761625124405,5.986761625124405e+26,933.345983688891,0.0,110.04472317038335,20.364087651665557,0.0,114.65861264472153,0.00588181044011857,0.0,0.0006934858165514626,0.00012833151419332749,0.0,0.0007225618759699187,5361,2772,5367,0.20533333333333334,0.39755555555555555,1,0,0
flow,0.1,1.2,0,registered,during_vibration,flow_dump_0.1_1.2.shear.wave,2155,215500,215.5,0.2155,158683.45183699526,1265.855344446674,0.007977235999044194,7.977235999044193e+17,104,0.0006553928515925665,6.553928515925665e+26,994.3652991972486,16.772705314575695,119.4830224535251,30.478002593532047,0.0,104.75631488779239,0.006266345278515196,0.00010569914581770731,0.0007529646038722545,0.0001920679329867366,0.0,0.0006601590378522988,5358,2762,5380,0.2045925925925926,0.3985185185185185,1,0,0
flow,0.1,1.2,0,registered,during_vibration,flow_dump_0.1_1.2.shear.wave,2156,215600,215.6,0.21559999999999999,158683.45183699526,1265.485642413857,0.007974906190683351,7.974906190683351e+17,104,0.0006553928515925665,6.553928515925665e+26,1005.4719610405548,5.163782794488072,116.18430373435575,31.698204778641404,0.0,106.96739006581696,0.006336337843680184,3.2541407025809316e-05,0.0007321765589880411,0.0001997574694253741,0.0,0.0006740929115639436,5374,2770,5356,0.2051851851851852,0.3967407407407407,1,0,0
flow,0.1,1.2,0,registered,during_vibration,flow_dump_0.1_1.2.shear.wave,2157,215700,215.70000000000002,0.2157,158683.45183699526,1287.7417509378631,0.00811516094482664,8.115160944826641e+17,110,0.0006932039776459838,6.932039776459838e+26,1039.840551473434,18.94577545643125,112.71644883216834,32.07225441036505,0.0,84.1667207654649,0.006552923694536162,0.0001193935173271436,0.0007103226425144463,0.0002021146757212636,0.0,0.0005304064147276281,5380,2773,5347,0.2054074074074074,0.3960740740740741,1,0,0
flow,0.1,1.2,0,registered,during_vibration,flow_dump_0.1_1.2.shear.wave,2158,215800,215.8,0.2158,158683.45183699526,1170.546241725626,0.007376611916206919,7.37661191620692e+17,103,0.0006490909972503302,6.490909972503302e+26,963.3977137222195,11.3169239923227,98.96846251220046,21.146785235817468,0.0,75.71635626306579,0.006071192065520811,7.131760660177602e-05,0.0006236848352269526,0.000133263960362673,0.0,0.0004771534484947055,5374,2766,5360,0.2048888888888889,0.397037037037037,1,0,0
flow,0.1,1.2,0,registered,during_vibration,flow_dump_0.1_1.2.shear.wave,2159,215900,215.9,0.21589999999999998,158683.45183699526,1187.7137960201865,0.0074847993427836716,7.484799342783671e+17,95,0.0005986761625124405,5.986761625124405e+26,971.7524526479723,13.047582516437927,115.62422612695342,24.95925655088494,0.0,62.33027817793756,0.0061238424132983174,8.222396453689968e-05,0.0007286470314858436,0.00015728959927418197,0.0,0.00039279633418842704,5347,2745,5408,0.20333333333333334,0.4005925925925926,1,0,0
flow,0.1,1.2,0,registered,during_vibration,flow_dump_0.1_1.2.shear.wave,2160,216000,216.0,0.216,158683.4518369953,1221.2970430769838,0.00769643607407494,7.69643607407494e+17,101,0.0006364872885658577,6.364872885658577e+26,988.0765401411959,18.854097637653044,115.39725747862622,24.789948667920342,0.0,74.17919915158845,0.006226714434950531,0.0001188157770667894,0.0007272167081238311,0.00015622264565674668,0.0,0.0004674665082770426,5347,2747,5406,0.20348148148148149,0.40044444444444444,1,0,0
flow,0.1,1.2,0,registered,during_vibration,flow_dump_0.1_1.2.shear.wave,2161,216100,216.1,0.2161,158683.45183699526,1189.3236383800386,0.0074949443348494215,7.494944334849422e+17,99,0.0006238835798813854,6.238835798813854e+26,958.0078695531712,12.627429729513306,110.68697198172748,21.05727927839778,0.0,86.94408783722878,0.0060372260526401185,7.957622287221611e-05,0.0006975331750120277,0.00013269990685625172,0.0,0.0005479089774688071,5353,2763,5384,0.20466666666666666,0.3988148148148148,1,0,0
flow,0.1,1.2,0,registered,during_vibration,flow_dump_0.1_1.2.shear.wave,2162,216200,216.20000000000002,0.2162,158683.45183699526,1212.0556961084462,0.007638198451553151,7.638198451553151e+17,101,0.0006364872885658578,6.364872885658577e+26,978.7998129831805,15.616409326775573,93.19508979119483,17.30877593812044,0.0,107.13560806917506,0.006168253851628052,9.841233692607879e-05,0.0005873018812757351,0.00010907738480443803,0.0,0.0006751529969188483,5378,2768,5354,0.20503703703703705,0.3965925925925926,1,0,0
flow,0.1,1.2,0,registered,during_vibration,flow_dump_0.1_1.2.shear.wave,2163,216300,216.3,0.2163,158683.45183699526,1267.8418787410599,0.00798975484881327,7.98975484881327e+17,95,0.0005986761625124405,5.986761625124405e+26,1052.3533100012498,5.916738466440756,102.09742444522497,25.95234268645379,0.0,81.5220631416904,0.006631777276198031,3.7286423996615726e-05,0.000643403097571275,0.0001635478834498311,0.0,0.0005137401675975166,5370,2759,5371,0.20437037037037037,0.39785185185185185,1,0,0
flow,0.1,1.2,0,registered,during_vibration,flow_dump_0.1_1.2.shear.wave,2164,216400,216.4,0.21639999999999998,158683.4518369953,1218.1299812692653,0.007676477711869838,7.676477711869838e+17,99,0.0006238835798813853,6.238835798813853e+26,1007.4698431331711,4.073108260440509,101.51982596829367,22.18588194433806,0.0,82.88132196302182,0.006348928205620813,2.5668134977455213e-05,0.0006397631561013563,0.00013981219646726684,0.0,0.0005223060187029468,5369,2764,5367,0.20474074074074075,0.39755555555555555,1,0,0
flow,0.1,1.2,0,registered,during_vibration,flow_dump_0.1_1.2.shear.wave,2165,216500,216.5,0.2165,158683.45183699526,1238.645315213561,0.007805762358169125,7.805762358169125e+17,110,0.0006932039776459838,6.932039776459838e+26,1003.769062542361,14.157213883088161,104.42927099303031,26.94170259702082,0.0,89.3480651980599,0.006325606425384953,8.921669978310597e-05,0.0006580980548639906,0.0001697826854982724,0.0,0.0005630584926387983,5375,2764,5361,0.20474074074074075,0.39711111111111114,1,0,0
flow,0.1,1.2,0,registered,during_vibration,flow_dump_0.1_1.2.shear.wave,2166,216600,216.6,0.2166,158683.45183699526,1225.6895399090297,0.007724116949309228,7.724116949309228e+17,109,0.0006869021233037475,6.869021233037475e+26,1005.8954249495968,16.24731560506901,107.79147064218385,33.32996771959188,0.0,62.42536099258767,0.00633900645155416,0.00010238821639548636,0.000679286147322474,0.000210040601800303,0.0,0.0003933955322368019,5385,2771,5344,0.20525925925925925,0.39585185185185184,1,0,0
flow,0.1,1.2,0,registered,during_vibration,flow_dump_0.1_1.2.shear.wave,2167,216700,216.70000000000002,0.2167,158683.45183699526,1225.6677549888138,0.007723979663915171,7.72397966391517e+17,101,0.0006364872885658578,6.364872885658577e+26,1000.1031206364089,20.96029998028998,105.94152828591812,18.615930420803153,0.0,80.04687566539376,0.006302504193466544,0.0001320887574453641,0.000667628080051754,0.00011731488195710562,0.0,0.0005044437509944042,5358,2750,5392,0.2037037037037037,0.39940740740740743,1,0,0
flow,0.1,1.2,0,registered,during_vibration,flow_dump_0.1_1.2.shear.wave,2168,216800,216.8,0.2168,158683.4518369953,1255.4975514525643,0.007911962696288277,7.911962696288276e+17,105,0.0006616947059348026,6.616947059348026e+26,1012.5274167848744,15.276734276541362,113.65670110898724,22.209491392481056,0.0,91.82720788968066,0.0063808002980989785,9.6271754235811e-05,0.0007162479754079149,0.00013996097977056457,0.0,0.0005786816887750117,5365,2750,5385,0.2037037037037037,0.3988888888888889,1,0,0
flow,0.1,1.2,0,registered,during_vibration,flow_dump_0.1_1.2.shear.wave,2169,216900,216.9,0.21689999999999998,158683.45183699526,1212.1780807771981,0.007638969701909349,7.638969701909349e+17,109,0.0006869021233037475,6.869021233037475e+26,992.4947038314115,9.809138634757412,104.8017909783791,24.01826432933384,0.0,81.05418300331556,0.006254557058986428,6.181576289904303e-05,0.0006604456215512307,0.00015135960335678966,0.0,0.0005107916551158531,5361,2757,5382,0.20422222222222222,0.39866666666666667,1,0,0
flow,0.1,1.2,0,registered,during_vibration,flow_dump_0.1_1.2.shear.wave,2170,217000,217.0,0.217,158683.45183699526,1243.4899219311467,0.00783629236404877,7.83629236404877e+17,100,0.0006301854342236216,6.301854342236216e+26,1025.9207109172612,0.0,104.71772228594273,22.474824656014533,0.0,90.3766640719288,0.006465202886884008,0.0,0.0006599158328967543,0.00014163307134950275,0.0,0.0005695405729185083,5393,2761,5346,0.20451851851851852,0.396,1,0,0
flow,0.1,1.2,0,registered,during_vibration,flow_dump_0.1_1.2.shear.wave,2171,217100,217.1,0.2171,158683.45183699526,1275.4275361378643,0.008037558556818038,8.037558556818038e+17,104,0.0006553928515925665,6.553928515925665e+26,1024.7035977940454,5.255642930282453,108.92241237285664,21.720262772223826,0.0,114.8256202684559,0.0064575328172634784,3.312029622144355e-05,0.0006864131773787304,0.00013687793226565035,0.0,0.0007236143336887357,5381,2763,5356,0.20466666666666666,0.3967407407407407,1,0,0
flow,0.1,1.2,0,registered,during_vibration,flow_dump_0.1_1.2.shear.wave,2172,217200,217.20000000000002,0.21719999999999998,158683.45183699526,1273.553814849523,0.008025750638180965,8.025750638180965e+17,105,0.0006616947059348027,6.616947059348027e+26,1014.7776275657044,1.921324677948594,126.99717867605223,26.0387270246254,0.0,103.81895690519181,0.0063949807986791,1.2107908264575947e-05,0.0008003177218914283,0.00016409226496643908,0.0,0.0006542519443794176,5376,2759,5365,0.20437037037037037,0.39740740740740743,1,0,0
flow,0.1,1.2,0,registered,during_vibration,flow_dump_0.1_1.2.shear.wave,2173,217300,217.3,0.2173,158683.45183699526,1281.352458871171,0.008074896556872341,8.074896556872342e+17,112,0.0007058076863304561,7.058076863304562e+26,1042.4980193931856,9.142187307365196,114.62906581396507,21.379295321771586,0.0,93.70389103488378,0.006569670670285602,5.7612732780456184e-05,0.0007223756761462167,0.00013472920505745668,0.0,0.0005905082726026116,5382,2769,5349,0.2051111111111111,0.3962222222222222,1,0,0
flow,0.1,1.2,0,registered,during_vibration,flow_dump_0.1_1.2.shear.wave,2174,217400,217.4,0.21739999999999998,158683.45183699526,1274.2712970693478,0.008030272106623444,8.030272106623444e+17,110,0.0006932039776459838,6.932039776459838e+26,1038.101293994585,12.910674601974952,114.5057470019662,27.601039722202906,0.0,81.15254174861919,0.006541963147240809,8.136119080165468e-05,0.0007215985389553422,0.00017393773202359865,0.0,0.0005114114976020416,5393,2777,5330,0.2057037037037037,0.39481481481481484,1,0,0
flow,0.1,1.2,0,registered,during_vibration,flow_dump_0.1_1.2.shear.wave,2175,217500,217.5,0.2175,158683.45183699526,1314.3841890739232,0.00828305770928213,8.28305770928213e+17,110,0.0006932039776459838,6.932039776459838e+26,1074.777760799532,9.681877772180576,104.435896104844,29.076950901234216,0.0,96.41170349613265,0.006773092898833447,6.1013783479616464e-05,0.0006581398053536415,0.0001832387092959321,0.0,0.000607572512319494,5374,2761,5365,0.20451851851851852,0.39740740740740743,1,0,0
flow,0.1,1.2,0,registered,during_vibration,flow_dump_0.1_1.2.shear.wave,2176,217600,217.6,0.2176,158683.45183699526,1301.0197923893547,0.008198837228004116,8.198837228004116e+17,111,0.00069950583198822,6.995058319882199e+26,1044.5000212546895,15.293065855860858,105.6644333823861,46.24638179535687,0.0,89.31589010106039,0.0065822869944096845,9.637467346986116e-05,0.0006658818683307192,0.00029143796192978357,0.0,0.00056285572986406,5369,2747,5384,0.20348148148148149,0.3988148148148148,1,0,0
flow,0.1,1.2,0,registered,during_vibration,flow_dump_0.1_1.2.shear.wave,2177,217700,217.70000000000002,0.21769999999999998,158683.45183699526,1347.2105413765692,0.008489924600080336,8.489924600080335e+17,111,0.00069950583198822,6.995058319882199e+26,1093.8474290995127,11.49259298320351,113.41861416940154,35.307776316762244,0.0,93.14412880768928,0.006893267170814686,7.242464699475451e-05,0.0007147475861938571,0.00022250446349649316,0.0,0.0005869807325805461,5369,2741,5390,0.20303703703703704,0.39925925925925926,1,0,0
flow,0.1,1.2,0,registered,during_vibration,flow_dump_0.1_1.2.shear.wave,2178,217800,217.8,0.2178,158683.45183699526,1263.4603108123545,0.007962142845935955,7.962142845935955e+17,107,0.0006742984146192752,6.742984146192752e+26,1003.3838337306204,16.688477210031195,126.83323572075676,25.132055031591644,0.0,91.42270911935461,0.006323178769524931,0.00010516835257134521,0.0007992845772667206,0.00015837855013015533,0.0,0.0005761325964428034,5379,2757,5364,0.20422222222222222,0.3973333333333333,1,0,0
flow,0.1,1.2,0,registered,during_vibration,flow_dump_0.1_1.2.shear.wave,2179,217900,217.9,0.21789999999999998,158683.4518369953,1212.486303939021,0.007640912079380058,7.640912079380058e+17,99,0.0006238835798813853,6.238835798813853e+26,958.100535804619,4.996402883974286,103.13531616354817,18.42424688592918,0.0,127.82980220095106,0.006037810021859182,3.14866032099349e-05,0.0006499437400031609,0.00011610692024052486,0.0,0.0008055647940672599,5388,2764,5348,0.20474074074074075,0.39614814814814814,1,0,0
flow,0.1,1.2,0,registered,during_vibration,flow_dump_0.1_1.2.shear.wave,2180,218000,218.0,0.218,158683.45183699526,1221.4714779945764,0.00769753533751781,7.69753533751781e+17,103,0.0006490909972503302,6.490909972503302e+26,977.5835003595795,4.011067208173015,107.86921459357886,31.010237547152244,0.0,100.99745828609223,0.006160588826639495,2.5277161302826414e-05,0.0006797760783801551,0.0001954220001402979,0.0,0.0006364712710550314,5376,2757,5367,0.20422222222222222,0.39755555555555555,1,0,0
flow,0.1,1.2,0,registered,during_vibration,flow_dump_0.1_1.2.shear.wave,2181,218100,218.1,0.2181,158683.45183699526,1171.9306818253724,0.007385336456061072,7.385336456061071e+17,101,0.0006364872885658578,6.364872885658577e+26,950.5285114503229,2.8100790811395884,106.97835926771796,23.314371473766606,0.0,88.29936055242592,0.005990092227302544,1.770870905950667e-05,0.0006741620378765743,0.00014692377310846424,0.0,0.0005564497087139866,5385,2767,5348,0.20496296296296296,0.39614814814814814,1,0,0
flow,0.1,1.2,0,registered,during_vibration,flow_dump_0.1_1.2.shear.wave,2182,218200,218.20000000000002,0.21819999999999998,158683.45183699526,1263.9683111110262,0.007965344189823996,7.965344189823996e+17,109,0.0006869021233037475,6.869021233037475e+26,1028.7508664652967,12.740628607836038,111.97211946784805,37.76659085265107,0.0,72.73810571739348,0.0064830381149135995,8.028958571511049e-05,0.0007056319872778506,0.0002379995545562377,0.0,0.000458384947361193,5388,2761,5351,0.20451851851851852,0.3963703703703704,1,0,0
flow,0.1,1.2,0,registered,during_vibration,flow_dump_0.1_1.2.shear.wave,2183,218300,218.3,0.2183,158683.4518369953,1260.4699592105471,0.007943298085709292,7.943298085709292e+17,112,0.000705807686330456,7.058076863304561e+26,1048.1516900133213,14.42124093229309,89.51297288121387,29.054032551826047,0.0,79.33002283189286,0.006605299279032676,9.088055978960585e-05,0.0005640977168379502,0.00018309428119619731,0.0,0.0004999262488528621,5386,2768,5346,0.20503703703703705,0.396,1,0,0
flow,0.1,1.2,0,registered,during_vibration,flow_dump_0.1_1.2.shear.wave,2184,218400,218.4,0.21839999999999998,158683.45183699526,1263.4017140059482,0.007961773577397063,7.961773577397062e+17,105,0.0006616947059348027,6.616947059348027e+26,1061.255703398861,13.577666565604368,100.68136218575818,26.55001835580788,0.0,61.33696349991676,0.006687878862687062,8.556447700388937e-05,0.0006344792794725773,0.00016731434846199911,0.0,0.00038653660977153474,5378,2753,5369,0.20392592592592593,0.3977037037037037,1,0,0
flow,0.1,1.2,0,registered,during_vibration,flow_dump_0.1_1.2.shear.wave,2185,218500,218.5,0.2185,158683.45183699526,1251.209324807969,0.007884938916587545,7.884938916587544e+17,107,0.0006742984146192752,6.742984146192752e+26,1007.28802758334,8.10458178450156,123.83874353991976,29.923533354107963,0.0,82.05443854609976,0.006347782430508624,5.10738939106697e-05,0.0007804137237141205,0.00018857374860263551,0.0,0.0005170951198514935,5366,2747,5387,0.20348148148148149,0.399037037037037,1,0,0
flow,0.1,1.2,0,registered,during_vibration,flow_dump_0.1_1.2.shear.wave,2186,218600,218.6,0.2186,158683.45183699526,1291.746305556488,0.008140397064738744,8.140397064738744e+17,114,0.0007184113950149286,7.184113950149286e+26,1016.0340804708924,14.037511043589072,117.39779566238948,28.757894141968627,0.0,115.5190242376483,0.006402898781875474,8.846234992423063e-05,0.0007398238083639892,0.00018122806007213443,0.0,0.0007279840645029146,5369,2754,5377,0.204,0.3982962962962963,1,0,0
flow,0.1,1.2,0,registered,during_vibration,flow_dump_0.1_1.2.shear.wave,2187,218700,218.70000000000002,0.21869999999999998,158683.4518369953,1249.42760370311,0.007873710769706232,7.873710769706232e+17,101,0.0006364872885658577,6.364872885658577e+26,1051.7405531884456,6.890930131543905,103.21589223529149,18.870566220282406,0.0,68.70966192754653,0.006627915772016524,4.3425637971516325e-05,0.0006504515186707569,0.00011891955967574271,0.0,0.00043299828137169144,5389,2757,5354,0.20422222222222222,0.3965925925925926,1,0,0
flow,0.1,1.2,0,registered,during_vibration,flow_dump_0.1_1.2.shear.wave,2188,218800,218.8,0.2188,158683.45183699526,1241.5385221781685,0.007823994927042026,7.823994927042025e+17,101,0.0006364872885658578,6.364872885658577e+26,1023.9753450846149,4.373492211466405,87.4199526562497,18.081925285123123,0.0,107.68780694071444,0.006452943474764308,2.7561110883565834e-05,0.0005509078082448716,0.00011394965937404399,0.0,0.0006786328737752366,5368,2743,5389,0.2031851851851852,0.3991851851851852,1,0,0
flow,0.1,1.2,0,registered,during_vibration,flow_dump_0.1_1.2.shear.wave,2189,218900,218.9,0.21889999999999998,158683.45183699526,1293.1388547570605,0.00814917270696515,8.14917270696515e+17,97,0.000611279871196913,6.112798711969129e+26,1076.8684267886952,2.6780662525770507,92.67221562999694,17.569978816204987,0.0,103.350167269587,0.006786267971375421,1.6876783442598958e-05,0.0005840068044725471,0.00011072344729589973,0.0,0.0006512977003786862,5365,2752,5383,0.20385185185185184,0.39874074074074073,1,0,0
flow,0.1,1.2,0,registered,during_vibration,flow_dump_0.1_1.2.shear.wave,2190,219000,219.0,0.219,158683.45183699526,1221.2423624517637,0.007696091484739462,7.696091484739461e+17,108,0.0006806002689615113,6.806002689615113e+26,991.937411752351,14.776711657135985,100.69392524655977,21.465315317954452,0.0,92.3689984777622,0.006251045085478107,9.312068452049492e-05,0.0006345584500518416,0.00013527129054392083,0.0,0.0005820959741450962,5386,2763,5351,0.20466666666666666,0.3963703703703704,1,0,0
flow,0.1,1.2,0,registered,during_vibration,flow_dump_0.1_1.2.shear.wave,2191,219100,219.1,0.2191,158683.4518369953,1272.0022022339042,0.008015972601481756,8.015972601481756e+17,108,0.0006806002689615112,6.806002689615112e+26,1035.0091016047843,17.855882683290986,97.89130213520826,36.69118202709865,0.0,84.55473378352157,0.006522476601202113,0.00011252517182215774,0.0006168967274279195,0.00023122248477925098,0.0,0.0005328516162503126,5394,2757,5349,0.20422222222222222,0.3962222222222222,1,0,0
flow,0.1,1.2,0,registered,during_vibration,flow_dump_0.1_1.2.shear.wave,2192,219200,219.20000000000002,0.21919999999999998,158683.45183699526,1271.845854386911,0.008014987320123285,8.014987320123284e+17,108,0.0006806002689615113,6.806002689615113e+26,1052.4236815486938,16.696512435636638,90.42505166713372,27.26423693594328,0.0,85.03637179950368,0.00663222074743986,0.00010521898939271773,0.0005698455044954607,0.00017181524992253118,0.0,0.0005358868288727155,5374,2748,5378,0.20355555555555555,0.3983703703703704,1,0,0
flow,0.1,1.2,0,registered,during_vibration,flow_dump_0.1_1.2.shear.wave,2193,219300,219.3,0.2193,158683.45183699526,1266.8687487457564,0.007983622325326806,7.983622325326807e+17,111,0.00069950583198822,6.995058319882199e+26,1042.3676920541784,12.770977883999468,100.92056075244741,35.54975553431294,0.0,75.25976252081713,0.006568849366378367,8.048084243288472e-05,0.0006359866739987246,0.00022402938127934598,0.0,0.00047427606123747785,5362,2744,5394,0.20325925925925925,0.39955555555555555,1,0,0
flow,0.1,1.2,0,registered,during_vibration,flow_dump_0.1_1.2.shear.wave,2194,219400,219.4,0.21939999999999998,158683.45183699526,1280.0789386927727,0.008066871018206176,8.066871018206176e+17,104,0.0006553928515925665,6.553928515925665e+26,1052.4716879812304,18.548351880153696,104.52308476599762,26.18275326409331,0.0,78.35306080129754,0.0066325232769851965,0.00011688901183727184,0.0006586892555965262,0.00016499989734902588,0.0,0.0004937695764381552,5355,2742,5403,0.2031111111111111,0.4002222222222222,1,0,0
flow,0.1,1.2,0,registered,during_vibration,flow_dump_0.1_1.2.shear.wave,2195,219500,219.5,0.2195,158683.45183699526,1248.1540259984693,0.007865684868518068,7.865684868518067e+17,105,0.0006616947059348027,6.616947059348027e+26,1005.3382327663122,10.10997555120997,107.6956869631007,31.76473278063942,0.0,93.24539793720699,0.0063354951075744684,6.371159332729454e-05,0.0006786825325285283,0.0002001767192036456,0.0,0.0005876189158841317,5363,2760,5377,0.20444444444444446,0.3982962962962963,1,0,0
flow,0.1,1.2,0,registered,during_vibration,flow_dump_0.1_1.2.shear.wave,2196,219600,219.6,0.2196,158683.45183699526,1222.0550108315902,0.007701212676460583,7.701212676460582e+17,98,0.0006175817255391491,6.1758172553914915e+26,1010.8363808284862,0.0,104.36206834032129,19.99966391852693,0.0,86.85689774425582,0.006370143635814337,0.0,0.0006576745535352064,0.0001260349689082339,0.0,0.0005473595182028055,5351,2753,5396,0.20392592592592593,0.3997037037037037,1,0,0
flow,0.1,1.2,0,registered,during_vibration,flow_dump_0.1_1.2.shear.wave,2197,219700,219.70000000000002,0.21969999999999998,158683.45183699526,1235.7298726436402,0.00778738966375033,7.787389663750331e+17,102,0.000642789142908094,6.42789142908094e+26,1013.9527434553465,7.111165448597907,100.35526232584887,24.255605352509022,0.0,90.05509606133772,0.006389782499166399,4.481352886060687e-05,0.0006324242456544053,0.00015285529191427698,0.0,0.0005675140981546406,5346,2749,5405,0.20362962962962963,0.4003703703703704,1,0,0
flow,0.1,1.2,0,registered,during_vibration,flow_dump_0.1_1.2.shear.wave,2198,219800,219.8,0.2198,158683.4518369953,1225.2842160129692,0.007721562657154826,7.721562657154826e+17,101,0.0006364872885658577,6.364872885658577e+26,997.6641104864633,2.33357194309342,107.18010726652956,27.496622079726123,0.0,90.60980423715708,0.0062871339067623495,1.470583048250387e-05,0.0006754334243789225,0.00017327970724995026,0.0,0.0005710097882811017,5368,2755,5377,0.20407407407407407,0.3982962962962963,1,0,0
flow,0.1,1.2,0,registered,during_vibration,flow_dump_0.1_1.2.shear.wave,2199,219900,219.9,0.21989999999999998,158683.45183699526,1214.0549226615508,0.007650797286087948,7.650797286087948e+17,106,0.0006679965602770389,6.679965602770389e+26,980.3625456552423,11.158184860135147,111.79245541161283,27.602338652299924,0.0,83.13939808226009,0.006178101965303239,7.031725571231708e-05,0.0007044997705649209,0.00017394591769187082,0.0,0.000523932376815596,5370,2761,5369,0.20451851851851852,0.3977037037037037,1,0,0
flow,0.1,1.2,0,registered,during_vibration,flow_dump_0.1_1.2.shear.wave,2200,220000,220.0,0.22,158683.45183699526,1245.3114418507978,0.007847771317263894,7.847771317263894e+17,106,0.0006679965602770389,6.679965602770389e+26,978.3441925790022,16.54636113868045,110.05169869658945,39.842538185551106,0.0,100.52665125097427,0.00616538259820557,0.00010427275779000197,0.0006935297753015739,0.0002510818722703275,0.0,0.0006335043136964179,5370,2758,5372,0.2042962962962963,0.3979259259259259,1,0,0
flow,0.1,1.2,0,registered,after_removal,flow_dump_0.1_1.2.shear.wave,2240,224000,224.0,0.22399999999999998,158683.4518369953,1499.5524480409922,0.009449961106098073,9.449961106098072e+17,115,0.0007247132493571647,7.247132493571647e+26,1263.879854451993,15.838895296609634,109.72030162518537,39.861586301408074,0.0,70.2518103657955,0.007964786748843168,9.981441110116418e-05,0.0006914413592281417,0.0002512019107219521,0.0,0.00044271667620364354,5306,2648,5546,0.19614814814814815,0.4108148148148148,0,0,0
flow,0.1,1.2,0,registered,after_removal,flow_dump_0.1_1.2.shear.wave,2245,224500,224.5,0.22449999999999998,158683.45183699526,1382.811378646366,0.008714275891016249,8.71427589101625e+17,116,0.0007310151036994011,7.310151036994011e+26,1124.750855775139,7.334546683261349,109.89819501767997,30.969533625139803,0.0,109.8582475451469,0.007088016064400459,4.622124486424477e-05,0.0006925624174760889,0.00019516548995261778,0.0,0.0006923106743228451,5335,2649,5516,0.19622222222222221,0.4085925925925926,0,0,0
flow,0.1,1.2,0,registered,after_removal,flow_dump_0.1_1.2.shear.wave,2250,225000,225.0,0.22499999999999998,158683.45183699526,1371.5611305043292,0.00864337846591112,8.643378465911121e+17,114,0.0007184113950149286,7.184113950149286e+26,1159.325450886088,13.60598219774516,105.95046449999683,24.250733411845644,0.0,68.42849950865389,0.007305900126731452,8.574291799324898e-05,0.0006676843947712491,0.00015282458965385236,0.0,0.00043122643676131927,5335,2628,5537,0.19466666666666665,0.41014814814814815,0,0,0
flow,0.1,1.2,0,registered,after_removal,flow_dump_0.1_1.2.shear.wave,2255,225500,225.5,0.22549999999999998,158683.4518369953,1390.9531995102873,0.00876558446018126,8.76558446018126e+17,113,0.0007121095406726923,7.121095406726924e+26,1149.6923010196508,11.609412731087218,114.23846421667605,45.16942712372975,0.0,70.24359441914368,0.007245193419416232,7.316082803021438e-05,0.0007199141617742564,0.00028465115045599854,0.0,0.00044266490050456014,5371,2647,5482,0.19607407407407407,0.4060740740740741,0,0,0
flow,0.1,1.2,0,registered,after_removal,flow_dump_0.1_1.2.shear.wave,2260,226000,226.0,0.22599999999999998,158683.45183699526,1341.2768366171501,0.008452531256976644,8.452531256976644e+17,110,0.0006932039776459838,6.932039776459838e+26,1154.3038289031488,14.12585760642594,83.51602963456324,50.68136891258879,0.0,38.64975156042357,0.007274254596433198,8.90190970948658e-05,0.0005263058539989008,0.0003193866047522732,0.0,0.0002435651046974062,5381,2651,5468,0.19637037037037036,0.40503703703703703,0,0,0
flow,0.1,1.2,0,registered,after_removal,flow_dump_0.1_1.2.shear.wave,2265,226500,226.5,0.22649999999999998,158683.45183699526,1320.6303173142908,0.008322419899655854,8.322419899655854e+17,106,0.0006679965602770389,6.679965602770389e+26,1138.945519879002,24.518386920581808,76.15946343166155,26.366400393126952,0.0,54.64054668991821,0.0071774687700199725,0.00015451130308009612,0.00047994584532919663,0.00016615721480656577,0.0,0.0003443367664200218,5381,2639,5480,0.19548148148148148,0.4059259259259259,0,0,0
flow,0.1,1.2,0,registered,after_removal,flow_dump_0.1_1.2.shear.wave,2270,227000,227.0,0.22699999999999998,158683.45183699526,1286.1423501184431,0.008105081753827802,8.105081753827803e+17,102,0.000642789142908094,6.42789142908094e+26,1137.5985353061567,9.175400157080531,52.74928247597854,34.77385037880616,0.0,51.84528180042115,0.007168980269440663,5.7822035321652805e-05,0.0003324182948210901,0.00021913974000595208,0.0,0.00032672141423844425,5416,2587,5497,0.19162962962962962,0.4071851851851852,0,0,0
flow,0.1,1.2,0,registered,after_removal,flow_dump_0.1_1.2.shear.wave,2275,227500,227.5,0.22749999999999998,158683.45183699526,1330.3914494658788,0.008383933132690482,8.383933132690482e+17,106,0.0006679965602770389,6.679965602770389e+26,1116.8419615088744,16.18977556974294,76.35467416413411,39.562934819887644,0.0,81.44210340324031,0.007038175364726313,0.00010202560747401437,0.00048117603493127997,0.0002493198525863173,0.0,0.0005132362729725608,5435,2591,5474,0.19192592592592592,0.4054814814814815,0,0,0
flow,0.1,1.2,0,registered,after_removal,flow_dump_0.1_1.2.shear.wave,2280,228000,228.0,0.22799999999999998,158683.45183699526,1274.0618838215512,0.008028952414838496,8.028952414838496e+17,104,0.0006553928515925665,6.553928515925665e+26,1066.6021355243606,14.336781249736612,66.88081358511553,29.79642547716042,0.0,96.44572798517794,0.0067215712991926125,9.034830717234344e-05,0.00042147314550365124,0.0001877727332763612,0.0,0.0006077869296935265,5375,2607,5518,0.19311111111111112,0.40874074074074074,0,0,0
flow,0.1,1.2,0,registered,after_removal,flow_dump_0.1_1.2.shear.wave,2285,228500,228.5,0.22849999999999998,158683.45183699526,1336.340048083182,0.008421420334717154,8.421420334717155e+17,110,0.0006932039776459838,6.932039776459838e+26,1131.7686894751937,12.458424560572475,66.00010078067011,52.22215310693706,0.0,73.89068015980908,0.007132241430176241,7.851117691446597e-05,0.0004159230216926938,0.0003290964023178758,0.0,0.00046564830361588025,5372,2627,5501,0.1945925925925926,0.4074814814814815,0,0,0
flow,0.1,1.2,0,registered,after_removal,flow_dump_0.1_1.2.shear.wave,2290,229000,229.0,0.22899999999999998,158683.45183699526,1374.5843766409973,0.008662430522705131,8.662430522705132e+17,116,0.0007310151036994011,7.310151036994011e+26,1161.7224681633259,7.23376346452149,72.89612155507409,49.961194615023345,2.860733053232698,79.91009578982016,0.007321005780468429,4.558612369960445e-05,0.00045938074015402266,0.00031484817122799354,1.8027923013493147e-05,0.0005035817841415901,5365,2666,5469,0.19748148148148148,0.4051111111111111,0,0,0
flow,0.1,1.2,0,registered,after_removal,flow_dump_0.1_1.2.shear.wave,2295,229500,229.5,0.22949999999999998,158683.45183699526,1373.1464498971766,0.008653368917810766,8.653368917810766e+17,119,0.0007499206667261097,7.499206667261097e+26,1123.645022383099,18.606977963360094,64.34331349008364,37.76109312521786,3.1827763954222847,125.60726653999374,0.007081047263437043,0.0001172584648742944,0.00040548218951134973,0.0002379649086787403,2.0057393247858855e-05,0.0007915586980614814,5359,2643,5498,0.19577777777777777,0.40725925925925927,0,0,0
flow,0.1,1.2,0,registered,after_removal,flow_dump_0.1_1.2.shear.wave,2300,230000,230.0,0.22999999999999998,158683.45183699526,1493.7036712914,0.009413102966941887,9.413102966941887e+17,124,0.0007814299384372908,7.814299384372908e+26,1222.0280436434189,31.364164718823005,54.69963380113307,41.92121647024035,0.0,143.6906126577845,0.007701042733168707,0.0001976523976239267,0.0003447091247884013,0.00026418140004480853,0.0,0.0009055173113160414,5391,2632,5477,0.19496296296296298,0.4057037037037037,0,0,0
