region,amplitude_A,frequency_THz,is_baseline,coordinate_treatment,analysis_stage,filename,frame,timestep,time_ps,strain_xy,cell_volume_A3,total_line_length_A,dislocation_density_A-2,dislocation_density_m-2,segment_count,segment_number_density_A-3,segment_number_density_m-3,shockley_length_A,perfect_length_A,stair_rod_length_A,hirth_length_A,frank_length_A,other_length_A,shockley_density_A-2,perfect_density_A-2,stair_rod_density_A-2,hirth_density_A-2,frank_density_A-2,other_density_A-2,fcc_count,hcp_count,other_atom_count,hcp_fraction,other_atom_fraction,coherent_correction_applied,has_PE,has_KE
flow,0.1,0.5,0,registered,before,flow_dump_0.1_0.5.shear.wave,1850,185000,185.0,0.185,158683.45183699526,1441.826292300768,0.00908617928088594,9.086179280885939e+17,126,0.0007940336471217632,7.940336471217631e+26,1167.4654380944578,4.603785611908546,121.82863208346481,44.556678307427724,0.0,103.37175820350976,0.007357197140466265,2.9012386349130486e-05,0.0007677462941038811,0.00028078969666728564,0.0,0.0006514337632993802,5939,3062,4499,0.2268148148148148,0.33325925925925926,0,0,0
flow,0.1,0.5,0,registered,before,flow_dump_0.1_0.5.shear.wave,1855,185500,185.5,0.1855,158683.45183699526,1437.2295380341995,0.009057211205050972,9.057211205050972e+17,125,0.000787731792779527,7.87731792779527e+26,1161.7754451855296,6.342864394528773,133.7958539195755,24.720090279973533,0.0,110.59528425459212,0.0073213396339458425,3.997180752687663e-05,0.0008431619829962794,0.0001557824082713225,0.0,0.0006969553723106499,5928,3069,4503,0.22733333333333333,0.33355555555555555,0,0,0
flow,0.1,0.5,0,registered,before,flow_dump_0.1_0.5.shear.wave,1860,186000,186.0,0.186,158683.45183699526,4975.515810919432,0.03135497591790757,3.135497591790757e+18,135,0.0008507503362018892,8.507503362018892e+26,3685.6746195561204,0.0,448.83295727585386,257.259246710078,0.0,583.7489873773791,0.02322658460531955,0.0,0.0028284799207475616,0.001621210300960323,0.0,0.00367870109088013,5915,3025,4560,0.22407407407407406,0.3377777777777778,0,0,0
flow,0.1,0.5,0,registered,before,flow_dump_0.1_0.5.shear.wave,1865,186500,186.5,0.1865,158683.45183699526,1704.3169668455046,0.0107403572780622,1.07403572780622e+18,122,0.0007688262297528183,7.688262297528184e+26,1352.8907364199413,0.0,161.42633713868145,67.77793029904024,0.0,122.22196298784144,0.008525720361879159,0.0,0.001017285263648687,0.0004271266443627903,0.0,0.0007702250081715626,5911,3021,4568,0.22377777777777777,0.3383703703703704,0,0,0
flow,0.1,0.5,0,registered,before,flow_dump_0.1_0.5.shear.wave,1870,187000,187.0,0.187,158683.45183699526,1550.0191724865495,0.009767995052683748,9.767995052683748e+17,129,0.0008129392101484719,8.129392101484719e+26,1208.4069916005535,6.442923376896207,156.38005819092385,52.4617493373733,0.0,126.32744998080318,0.007615204847206551,4.0602364659388584e-05,0.0009854843487496255,0.00033060630286303386,0.0,0.0007960971892051529,5916,3027,4557,0.2242222222222222,0.33755555555555555,0,0,0
flow,0.1,0.5,0,registered,before,flow_dump_0.1_0.5.shear.wave,1875,187500,187.5,0.1875,158683.45183699526,1536.1960074072153,0.009680883479805098,9.680883479805098e+17,131,0.0008255429188329443,8.255429188329443e+26,1202.2306791004264,7.870538299511893,144.28804290422232,62.24720794551858,0.0,119.55953915753562,0.007576282625458617,4.959898595851547e-05,0.0009092822297087389,0.000392272837683547,0.0,0.0007534468009956768,5888,3011,4601,0.22303703703703703,0.3408148148148148,0,0,0
flow,0.1,0.5,0,registered,before,flow_dump_0.1_0.5.shear.wave,1880,188000,188.0,0.188,158683.45183699526,1497.927042607647,0.009439718037810053,9.439718037810053e+17,126,0.0007940336471217632,7.940336471217631e+26,1221.3909315814399,5.9249625163137605,139.40151732368602,37.20419762059687,0.0,94.00543356561074,0.007697027745754433,3.733825076101869e-05,0.0008784880572605878,0.00023445543432477268,0.0,0.0005924085497092422,5867,2993,4640,0.2217037037037037,0.3437037037037037,0,0,0
flow,0.1,0.5,0,registered,before,flow_dump_0.1_0.5.shear.wave,1885,188500,188.5,0.1885,158683.45183699526,1533.7373097756965,0.009665389125459665,9.665389125459665e+17,128,0.0008066373558062356,8.066373558062357e+26,1190.2230546991996,5.014848463179432,151.90362676925645,28.928189075994343,0.0,157.66759076806719,0.007500612325485804,3.160284456334392e-05,0.0009572745299572682,0.0001823012339415852,0.0,0.0009935981915116668,5835,3005,4660,0.2225925925925926,0.3451851851851852,0,0,0
flow,0.1,0.5,0,registered,before,flow_dump_0.1_0.5.shear.wave,1890,189000,189.0,0.189,158683.4518369953,1488.4590490642256,0.009380052121586177,9.380052121586177e+17,121,0.000762524375410582,7.62524375410582e+26,1203.1402573759274,0.0,167.0499310768173,9.040746322285841,0.0,109.22811428919475,0.007582014655263685,0.0,0.0010527243335267016,5.697346646815312e-05,0.0,0.0006883396663276355,5870,3010,4620,0.22296296296296297,0.3422222222222222,0,0,0
flow,0.1,0.5,0,registered,before,flow_dump_0.1_0.5.shear.wave,1895,189500,189.5,0.1895,158683.45183699526,1497.1161961776575,0.009434608201714337,9.434608201714337e+17,129,0.0008129392101484719,8.129392101484719e+26,1212.6033220505008,10.534191187355,132.72377370722762,30.244553758185795,0.0,111.0103554743877,0.007641649510474009,6.638493847597959e-05,0.0008364058896548693,0.0001905967724300198,0.0,0.000699571090679456,5912,3016,4572,0.22340740740740742,0.33866666666666667,0,0,0
flow,0.1,0.5,0,registered,before,flow_dump_0.1_0.5.shear.wave,1900,190000,190.0,0.19,158683.45183699526,1501.7487813824728,0.009463802078903082,9.463802078903082e+17,126,0.0007940336471217632,7.940336471217631e+26,1205.5387239756446,11.467998671675558,139.27213712580374,44.83362218934846,0.0,100.63629942000073,0.007597129442419823,7.226965722585777e-05,0.0008776727220987639,0.00028253495667212355,0.0,0.0006341953004865156,5911,3054,4535,0.2262222222222222,0.3359259259259259,0,0,0
flow,0.1,0.5,0,registered,during_vibration,flow_dump_0.1_0.5.shear.wave,1910,191000,191.0,0.191,158683.45183699526,1252.3789302642228,0.00789230959981074,7.892309599810739e+17,104,0.0006553928515925665,6.553928515925665e+26,1006.0537068041039,13.839591553918218,124.4086663476929,22.542957781540814,0.0,85.53400777696739,0.0063400039207462825,8.721509012883518e-05,0.0007840052942350251,0.00014206243638245067,0.0,0.0005390228583181482,5492,2810,5198,0.20814814814814814,0.385037037037037,1,0,0
flow,0.1,0.5,0,registered,during_vibration,flow_dump_0.1_0.5.shear.wave,1911,191100,191.1,0.1911,158683.45183699526,1295.8364838717982,0.008166172772715603,8.166172772715603e+17,108,0.0006806002689615113,6.806002689615113e+26,1057.970451515492,14.546001212596368,126.7868818258897,21.452117937947087,0.0,75.08103137987233,0.006667175683840513,9.166678090377368e-05,0.0007989924617730729,0.00013518812257741527,0.0,0.00047314972362082203,5483,2811,5206,0.20822222222222223,0.38562962962962966,1,0,0
flow,0.1,0.5,0,registered,during_vibration,flow_dump_0.1_0.5.shear.wave,1912,191200,191.20000000000002,0.19119999999999998,158683.45183699526,1278.903683012771,0.00805946472809592,8.059464728095919e+17,103,0.0006490909972503302,6.490909972503302e+26,1051.9931893362152,16.226650856674983,111.92462792919808,19.114332203574143,0.0,79.64488268710743,0.006629507848221353,0.00010225799016108826,0.0007053327025187898,0.00012045573739603926,0.0,0.000501910449798642,5486,2802,5212,0.20755555555555555,0.38607407407407407,1,0,0
flow,0.1,0.5,0,registered,during_vibration,flow_dump_0.1_0.5.shear.wave,1913,191300,191.3,0.1913,158683.45183699526,1222.2873506221554,0.00770267684797863,7.70267684797863e+17,101,0.0006364872885658578,6.364872885658577e+26,1010.3303246203826,9.716883527344375,95.6424436907593,22.904531928033464,0.0,83.6931668556355,0.006366954543301884,6.123438464979871e-05,0.0006027247490746942,0.00014434102398756574,0.0,0.0005274221469646867,5492,2802,5206,0.20755555555555555,0.38562962962962966,1,0,0
flow,0.1,0.5,0,registered,during_vibration,flow_dump_0.1_0.5.shear.wave,1914,191400,191.4,0.1914,158683.45183699526,1300.5254839286142,0.008195722168084394,8.195722168084394e+17,109,0.0006869021233037475,6.869021233037475e+26,1049.0390612005579,16.373074225981668,114.82250669172873,26.616658854775928,0.0,93.67418295557022,0.0066108913630021394,0.00010318072890675845,0.0007235947123817177,0.00016773430717978972,0.0,0.0005903210566139899,5482,2798,5220,0.20725925925925925,0.38666666666666666,1,0,0
flow,0.1,0.5,0,registered,during_vibration,flow_dump_0.1_0.5.shear.wave,1915,191500,191.5,0.1915,158683.45183699526,1347.4410363306035,0.008491377145707281,8.491377145707281e+17,114,0.0007184113950149286,7.184113950149286e+26,1078.7797102384727,13.42048143628438,123.9592921955755,34.44168401604833,0.0,96.83986844422311,0.006798312601282646,8.457391921414925e-05,0.0007811734037832153,0.00021704647597046184,0.0,0.0006102707454568113,5469,2808,5223,0.208,0.3868888888888889,1,0,0
flow,0.1,0.5,0,registered,during_vibration,flow_dump_0.1_0.5.shear.wave,1916,191600,191.6,0.1916,158683.4518369953,1335.415293562415,0.008415592666424955,8.415592666424955e+17,116,0.000731015103699401,7.31015103699401e+26,1069.3040794115989,14.791807786287887,141.80224046095034,28.548431657306892,0.0,80.96873424627093,0.0067385985560108825,9.321581812754177e-05,0.0008936170647876638,0.00017990805800363325,0.0,0.0005102531694952325,5487,2813,5200,0.20837037037037037,0.3851851851851852,1,0,0
flow,0.1,0.5,0,registered,during_vibration,flow_dump_0.1_0.5.shear.wave,1917,191700,191.70000000000002,0.19169999999999998,158683.45183699526,1313.2319150959795,0.00827579624651078,8.27579624651078e+17,110,0.0006932039776459838,6.932039776459838e+26,1056.2194943973889,13.753508153247006,120.13301317881864,30.2499806892865,0.0,92.87591867723881,0.006656141407122725,8.667260507652084e-05,0.0007570607507468588,0.0001906309721593418,0.0,0.0005852905114053351,5468,2808,5224,0.208,0.38696296296296295,1,0,0
flow,0.1,0.5,0,registered,during_vibration,flow_dump_0.1_0.5.shear.wave,1918,191800,191.8,0.1918,158683.45183699526,1336.1719062780605,0.008420360729552438,8.420360729552438e+17,117,0.0007373169580416372,7.373169580416372e+26,1077.6188027870705,10.710123790802065,139.37831620350318,29.239035980355567,0.0,79.22562751632869,0.006790996731619093,6.749364011695339e-05,0.0008783418471806188,0.0001842601458556047,0.0,0.0004992683647801649,5474,2808,5218,0.208,0.38651851851851854,1,0,0
flow,0.1,0.5,0,registered,during_vibration,flow_dump_0.1_0.5.shear.wave,1919,191900,191.9,0.1919,158683.45183699526,1423.138255604207,0.008968409995681846,8.968409995681846e+17,123,0.0007751280840950545,7.751280840950545e+26,1123.8682181768556,15.590069666444455,159.59541032602306,35.55472666289343,0.0,88.52983077199049,0.007082453810819097,9.824634822324811e-05,0.001005747029564019,0.00022406070860757672,0.0,0.0005579020984679057,5473,2795,5232,0.20703703703703705,0.38755555555555554,1,0,0
flow,0.1,0.5,0,registered,during_vibration,flow_dump_0.1_0.5.shear.wave,1920,192000,192.0,0.192,158683.4518369953,1359.0737938575342,0.008564685089240548,8.564685089240548e+17,109,0.0006869021233037474,6.869021233037473e+26,1102.6700336612387,20.903726793263665,129.56627681832336,28.136743970237312,0.0,77.7970126144708,0.00694886593968183,0.00013173224146104814,0.0008165078041749305,0.00017731366216522864,0.0,0.0004902654417575084,5464,2795,5241,0.20703703703703705,0.38822222222222225,1,0,0
flow,0.1,0.5,0,registered,during_vibration,flow_dump_0.1_0.5.shear.wave,1921,192100,192.1,0.1921,158683.45183699526,1330.8980174571802,0.008387125450386102,8.387125450386102e+17,109,0.0006869021233037475,6.869021233037475e+26,1087.2179216460163,8.9197947549124,123.9418749554071,42.21679221325419,0.0,68.60163388759067,0.006851488980481981,5.621124730810053e-05,0.0007810636428726304,0.00026604407532438,0.0,0.0004323175043990124,5478,2793,5229,0.2068888888888889,0.3873333333333333,1,0,0
flow,0.1,0.5,0,registered,during_vibration,flow_dump_0.1_0.5.shear.wave,1922,192200,192.20000000000002,0.19219999999999998,158683.45183699526,1354.7923531956017,0.008537704073814123,8.537704073814124e+17,105,0.0006616947059348027,6.616947059348027e+26,1091.2820968114315,6.350512251376561,146.63301473447004,20.087352849025674,0.0,90.43937654929861,0.006877100820395762,4.0020003206761665e-05,0.0009240599006196071,0.00012658757177566346,0.0,0.0005699357778163337,5473,2788,5239,0.20651851851851852,0.38807407407407407,1,0,0
flow,0.1,0.5,0,registered,during_vibration,flow_dump_0.1_0.5.shear.wave,1923,192300,192.3,0.1923,158683.45183699526,1308.5796692724605,0.008246478470966687,8.246478470966687e+17,105,0.0006616947059348027,6.616947059348027e+26,1079.6539902698485,4.590312682947557,102.64606969666107,9.908738673689458,0.0,111.78055794931338,0.0068038221866947015,2.892748191325504e-05,0.0006468605800313849,6.244342783687384e-05,0.0,0.0007044247944904675,5491,2792,5217,0.2068148148148148,0.3864444444444444,1,0,0
flow,0.1,0.5,0,registered,during_vibration,flow_dump_0.1_0.5.shear.wave,1924,192400,192.4,0.1924,158683.4518369953,1366.4676682806316,0.008611280208879694,8.611280208879694e+17,103,0.0006490909972503301,6.490909972503302e+26,1082.359480312392,16.695511800876922,147.40393383277905,23.435777971936748,0.0,96.57296436264734,0.00682087179086718,0.00010521268353821219,0.0009289181204867983,0.00014768885917613344,0.0,0.0006085887548113723,5491,2787,5222,0.20644444444444446,0.38681481481481483,1,0,0
flow,0.1,0.5,0,registered,during_vibration,flow_dump_0.1_0.5.shear.wave,1925,192500,192.5,0.1925,158683.45183699526,1325.2962464926447,0.008351823905709032,8.351823905709032e+17,100,0.0006301854342236216,6.301854342236216e+26,1047.8859801198819,21.048535262268043,149.5366265941068,23.24887732445153,0.0,83.57622719193647,0.006603624813986931,0.00013264480334023598,0.0009423580396254275,0.00014651103851921198,0.0,0.0005266852102372254,5477,2767,5256,0.20496296296296296,0.3893333333333333,1,0,0
flow,0.1,0.5,0,registered,during_vibration,flow_dump_0.1_0.5.shear.wave,1926,192600,192.6,0.1926,158683.45183699526,1356.1178749057194,0.008546057318558757,8.546057318558757e+17,105,0.0006616947059348027,6.616947059348027e+26,1070.9677177335784,22.32418167085062,152.4284462926175,27.728924501829802,0.0,82.66860470684263,0.006749082562394162,0.00014068374119932014,0.0009605818661494515,0.00017474364327739635,0.0,0.0005209655055384255,5479,2765,5256,0.2048148148148148,0.3893333333333333,1,0,0
flow,0.1,0.5,0,registered,during_vibration,flow_dump_0.1_0.5.shear.wave,1927,192700,192.70000000000002,0.19269999999999998,158683.45183699526,1377.4246728230864,0.008680329655533467,8.680329655533467e+17,109,0.0006869021233037475,6.869021233037475e+26,1062.8601781459543,17.8666919469329,149.11356668014758,38.88825320864501,0.0,108.69598284140682,0.00669799002883904,0.00011259329022717592,0.0009396919776696176,0.000245068107344881,0.0,0.0006849862514527528,5481,2766,5253,0.2048888888888889,0.38911111111111113,1,0,0
flow,0.1,0.5,0,registered,during_vibration,flow_dump_0.1_0.5.shear.wave,1928,192800,192.8,0.1928,158683.45183699526,1265.2689532488566,0.007973540647127979,7.97354064712798e+17,111,0.00069950583198822,6.995058319882199e+26,995.8962989682717,23.898762456686747,123.71418285531452,23.293250607238477,0.0,98.46645836134525,0.00627599341607018,0.00015060651996174322,0.000779628760422969,0.00014679067248402216,0.0,0.0006205212781890651,5484,2772,5244,0.20533333333333334,0.3884444444444444,1,0,0
flow,0.1,0.5,0,registered,during_vibration,flow_dump_0.1_0.5.shear.wave,1929,192900,192.9,0.1929,158683.45183699526,1264.807240580813,0.007970631001146002,7.970631001146002e+17,107,0.0006742984146192752,6.742984146192752e+26,1019.7465566842063,11.991375733013754,122.40421450288265,24.868128752683052,0.0,85.79696490802758,0.006426294266220795,7.556790323247871e-05,0.0007713735306730042,0.000156715325163385,0.0,0.0005406799758563418,5481,2779,5240,0.20585185185185184,0.38814814814814813,1,0,0
flow,0.1,0.5,0,registered,during_vibration,flow_dump_0.1_0.5.shear.wave,1930,193000,193.0,0.193,158683.45183699526,1299.7785154127412,0.008191014881299126,8.191014881299126e+17,103,0.0006490909972503302,6.490909972503302e+26,1042.0090633023872,23.14948124209184,113.32241427858568,25.01727226243056,0.0,96.28028432724585,0.006566589340221641,0.0001458846588859923,0.0007141413484941966,0.00015765520583790367,0.0,0.0006067443278593918,5472,2786,5242,0.20637037037037037,0.3882962962962963,1,0,0
flow,0.1,0.5,0,registered,during_vibration,flow_dump_0.1_0.5.shear.wave,1931,193100,193.1,0.1931,158683.45183699526,1300.1955079468667,0.008193642707510985,8.193642707510985e+17,101,0.0006364872885658578,6.364872885658577e+26,1058.8854057238823,24.966763395520083,120.40556120143724,20.57484085491955,0.0,75.36293677110717,0.006672941591991605,0.00015733690631564243,0.0007587783086866657,0.00012965965018239386,0.0,0.0004749262503346751,5464,2778,5258,0.20577777777777778,0.3894814814814815,1,0,0
flow,0.1,0.5,0,registered,during_vibration,flow_dump_0.1_0.5.shear.wave,1932,193200,193.20000000000002,0.19319999999999998,158683.45183699526,1337.804634347174,0.008430649944024472,8.430649944024471e+17,114,0.0007184113950149286,7.184113950149286e+26,1085.272324439334,18.538680780464155,115.55074219903995,28.792707128425967,0.0,89.65017979990961,0.006839228110276808,0.00011682806597569912,0.0007281839464756374,0.00018144744644200682,0.0,0.0005649623748543178,5466,2776,5258,0.20562962962962963,0.3894814814814815,1,0,0
flow,0.1,0.5,0,registered,during_vibration,flow_dump_0.1_0.5.shear.wave,1933,193300,193.3,0.1933,158683.45183699526,1306.0146406012502,0.00823031403389706,8.23031403389706e+17,112,0.0007058076863304561,7.058076863304562e+26,1030.2574555961587,24.250058093605123,122.64822615656385,24.066762423444615,0.0,104.79213833147814,0.006492532420169888,0.00015282033389666595,0.0007729112565723114,0.00015166523128175185,0.0,0.0006603847919764437,5462,2777,5261,0.2057037037037037,0.3897037037037037,1,0,0
flow,0.1,0.5,0,registered,during_vibration,flow_dump_0.1_0.5.shear.wave,1934,193400,193.4,0.1934,158683.45183699526,1317.295825115184,0.008301406415511761,8.301406415511761e+17,110,0.0006932039776459838,6.932039776459838e+26,1086.2752252393068,23.384634523949774,103.76288583437469,21.81583671736469,0.0,82.05724280018806,0.006845548245037949,0.00014736656061635982,0.0006538985926583149,0.00013748022534684095,0.0,0.0005171127918522966,5480,2783,5237,0.20614814814814814,0.38792592592592595,1,0,0
flow,0.1,0.5,0,registered,during_vibration,flow_dump_0.1_0.5.shear.wave,1935,193500,193.5,0.19349999999999998,158683.4518369953,1333.109377820887,0.008401061121296375,8.401061121296375e+17,112,0.000705807686330456,7.058076863304561e+26,1093.2182154536324,17.488890230771545,114.12562671916743,30.54414742118839,0.0,77.73249799612722,0.006889301958068199,0.00011021243884168018,0.0007192030763006147,0.00019248476805611915,0.0,0.0004898588800297622,5472,2787,5241,0.20644444444444446,0.38822222222222225,1,0,0
flow,0.1,0.5,0,registered,during_vibration,flow_dump_0.1_0.5.shear.wave,1936,193600,193.6,0.1936,158683.45183699526,1331.8557960781752,0.008393161231747721,8.393161231747721e+17,119,0.0007499206667261097,7.499206667261097e+26,1116.8435489237409,17.36170000392319,116.06562028458619,22.31488839512334,0.0,59.270038470801424,0.007038185368383582,0.00010941090455832588,0.0007314286331747593,0.00014062517632932456,0.0,0.00037351114930172754,5472,2787,5241,0.20644444444444446,0.38822222222222225,1,0,0
flow,0.1,0.5,0,registered,during_vibration,flow_dump_0.1_0.5.shear.wave,1937,193700,193.70000000000002,0.19369999999999998,158683.45183699526,1322.4475305173376,0.008333871712570244,8.333871712570244e+17,118,0.0007436188123838735,7.436188123838735e+26,1063.045477880959,14.899405874223879,131.0229260594449,29.364655012729852,0.0,84.1150656899805,0.006699157760778694,9.389388560521754e-05,0.0008256873955202075,0.00018505177870024007,0.0,0.0005300808919658881,5481,2791,5228,0.20674074074074075,0.38725925925925925,1,0,0
flow,0.1,0.5,0,registered,during_vibration,flow_dump_0.1_0.5.shear.wave,1938,193800,193.8,0.1938,158683.45183699526,1313.271584057226,0.008276046234526463,8.276046234526463e+17,116,0.0007310151036994011,7.310151036994011e+26,1058.8758874434213,14.607604619106475,116.43980503929849,35.67734566320539,0.0,87.670941292194,0.006672881609174551,9.205499659858595e-05,0.0007337866909960416,0.00022483343568713328,0.0,0.0005524895020701491,5484,2770,5246,0.2051851851851852,0.3885925925925926,1,0,0
flow,0.1,0.5,0,registered,during_vibration,flow_dump_0.1_0.5.shear.wave,1939,193900,193.9,0.1939,158683.4518369953,1264.53574045136,0.00796892004687629,7.96892004687629e+17,112,0.000705807686330456,7.058076863304561e+26,1039.8910453999729,11.911691402034297,104.79915034006889,34.58748077262307,0.0,73.34637253666148,0.0065532418999063756,7.506574418528761e-05,0.000660428980633229,0.00021796526589396627,0.0,0.0004622181562574352,5456,2762,5282,0.2045925925925926,0.39125925925925925,1,0,0
flow,0.1,0.5,0,registered,during_vibration,flow_dump_0.1_0.5.shear.wave,1940,194000,194.0,0.19399999999999998,158683.45183699526,1307.7287258488768,0.008241115949457778,8.241115949457778e+17,115,0.0007247132493571648,7.247132493571648e+26,1076.3432428385129,13.20786478350014,113.17210716278058,36.551178868801124,0.0,68.45433219528248,0.006782958338618492,8.323404003756916e-05,0.0007131941349437912,0.000230340205268207,0.0,0.00043138923058972127,5462,2764,5274,0.20474074074074075,0.39066666666666666,1,0,0
flow,0.1,0.5,0,registered,during_vibration,flow_dump_0.1_0.5.shear.wave,1941,194100,194.1,0.1941,158683.45183699526,1371.9762607523785,0.008645994556267383,8.645994556267383e+17,120,0.0007562225210683459,7.56222521068346e+26,1092.4198060289673,23.694833718360304,120.61680558673523,24.095045177659316,0.0,111.14977024065738,0.006884270498168492,0.00014932139075661397,0.0007601095400334288,0.00015184346507921015,0.0,0.0007004496622296444,5476,2757,5267,0.20422222222222222,0.39014814814814813,1,0,0
flow,0.1,0.5,0,registered,during_vibration,flow_dump_0.1_0.5.shear.wave,1942,194200,194.20000000000002,0.19419999999999998,158683.45183699526,1354.528977358837,0.008536044317653568,8.536044317653568e+17,116,0.0007310151036994011,7.310151036994011e+26,1096.9987924924976,21.7474692010764,124.16229857350254,14.310222585472461,0.0,97.31019450628803,0.006913126603896732,0.00013704938321745168,0.0007824527204074564,9.01809383386264e-05,0.0,0.000613234671793302,5493,2759,5248,0.20437037037037037,0.3887407407407407,1,0,0
flow,0.1,0.5,0,registered,during_vibration,flow_dump_0.1_0.5.shear.wave,1943,194300,194.3,0.1943,158683.4518369953,1281.6287088785273,0.00807663744418074,8.07663744418074e+17,108,0.0006806002689615112,6.806002689615112e+26,1049.8894641908055,20.38432563813418,124.56942774780472,9.695871316446159,0.0,77.08961998533741,0.006616250478778881,0.00012845905103623287,0.0007850183891623836,6.110196875730979e-05,0.0,0.0004858075564459382,5474,2762,5264,0.2045925925925926,0.38992592592592595,1,0,0
flow,0.1,0.5,0,registered,during_vibration,flow_dump_0.1_0.5.shear.wave,1944,194400,194.4,0.1944,158683.45183699526,1252.3483250592053,0.007892116730266605,7.892116730266605e+17,109,0.0006869021233037475,6.869021233037475e+26,1017.9646691158739,6.601109550018916,101.77194848840688,10.366119798719435,0.0,115.64447810618647,0.006415065070310923,4.1599230881363655e-05,0.0006413519954995073,6.532577706570088e-05,0.0,0.0007287746565091122,5449,2772,5279,0.20533333333333334,0.391037037037037,1,0,0
flow,0.1,0.5,0,registered,during_vibration,flow_dump_0.1_0.5.shear.wave,1945,194500,194.5,0.19449999999999998,158683.45183699526,1263.3121875765464,0.007961209394879192,7.961209394879192e+17,103,0.0006490909972503302,6.490909972503302e+26,1034.7737056580063,32.46935197621744,110.92140805771143,19.995952111638022,0.0,65.1517697729723,0.006520993170232767,0.00020461712674092194,0.000699010557015444,0.0001260115776418735,0.0,0.00041057696324817974,5440,2779,5281,0.20585185185185184,0.3911851851851852,1,0,0
flow,0.1,0.5,0,registered,during_vibration,flow_dump_0.1_0.5.shear.wave,1946,194600,194.6,0.1946,158683.45183699526,1277.1553618850983,0.008048447063005872,8.048447063005871e+17,103,0.0006490909972503302,6.490909972503302e+26,1057.0948023343199,23.136327588825445,117.31797712442639,18.00422114042481,0.0,61.60203369710191,0.006661657470245868,0.00014580176647903918,0.0007393208035639355,0.00011345997917236717,0.0,0.0003882070435446634,5431,2776,5293,0.20562962962962963,0.3920740740740741,1,0,0
flow,0.1,0.5,0,registered,during_vibration,flow_dump_0.1_0.5.shear.wave,1947,194700,194.70000000000002,0.19469999999999998,158683.4518369953,1269.0984236741976,0.007997673411956377,7.997673411956378e+17,107,0.0006742984146192749,6.742984146192749e+26,1047.4142165454862,17.42711165578351,115.39264511982198,20.107591633398282,0.0,68.75685871970772,0.006600651828657115,0.00010982311926063466,0.0007271876417104726,0.00012671511364684355,0.0,0.0004332957086813121,5446,2774,5280,0.2054814814814815,0.39111111111111113,1,0,0
flow,0.1,0.5,0,registered,during_vibration,flow_dump_0.1_0.5.shear.wave,1948,194800,194.8,0.1948,158683.45183699526,1326.0495481802438,0.008356571103220042,8.356571103220042e+17,111,0.00069950583198822,6.995058319882199e+26,1063.9518811078972,21.39011691227756,126.44756518891415,20.85938656359112,0.0,93.40059840756373,0.006704869781890192,0.00013479740114457665,0.0007968541377509557,0.00013145281579215047,0.0,0.0005885969666421665,5435,2779,5286,0.20585185185185184,0.39155555555555555,1,0,0
flow,0.1,0.5,0,registered,during_vibration,flow_dump_0.1_0.5.shear.wave,1949,194900,194.9,0.1949,158683.45183699526,1273.855830261657,0.008027653895317344,8.027653895317344e+17,110,0.0006932039776459838,6.932039776459838e+26,1022.5188200404369,20.259678201293294,127.83656589895145,20.88040822744282,0.0,82.36035789353178,0.006443764666090079,0.00012767354104512856,0.0008056074179068733,0.00013158529125577537,0.0,0.0005190229790194821,5433,2784,5283,0.20622222222222222,0.3913333333333333,1,0,0
flow,0.1,0.5,0,registered,during_vibration,flow_dump_0.1_0.5.shear.wave,1950,195000,195.0,0.19499999999999998,158683.45183699526,1247.4962385728713,0.007861539587973795,7.861539587973796e+17,96,0.0006049780168546768,6.049780168546768e+26,995.1897712988492,23.215805489247806,126.1556909454126,26.224213445878945,0.0,76.7107573934826,0.00627154098160872,0.00014630262463092767,0.0007950147887821584,0.00016526117337564158,0.0,0.0004834200195763472,5431,2781,5288,0.206,0.3917037037037037,1,0,0
flow,0.1,0.5,0,registered,during_vibration,flow_dump_0.1_0.5.shear.wave,1951,195100,195.1,0.1951,158683.45183699526,1199.7299473190494,0.007560523378023378,7.560523378023378e+17,103,0.0006490909972503302,6.490909972503302e+26,958.2786997469218,24.591398743088135,111.225979159405,17.658420520862478,0.0,87.97544914877143,0.006038932785072614,0.0001549714129507922,0.0007009299197351713,0.00011128079403643031,0.0,0.0005544084662283666,5425,2775,5300,0.20555555555555555,0.3925925925925926,1,0,0
flow,0.1,0.5,0,registered,during_vibration,flow_dump_0.1_0.5.shear.wave,1952,195200,195.20000000000002,0.19519999999999998,158683.45183699526,1239.93019980593,0.007813859513716818,7.813859513716818e+17,98,0.0006175817255391491,6.1758172553914915e+26,991.3378721255497,18.91563174464256,127.68299027043585,23.044689402628407,0.0,78.94901626267355,0.006247266874077606,0.00011920355604611692,0.0008046396066654507,0.00014522427597743874,0.0,0.000497525200950207,5419,2767,5314,0.20496296296296296,0.3936296296296296,1,0,0
flow,0.1,0.5,0,registered,during_vibration,flow_dump_0.1_0.5.shear.wave,1953,195300,195.3,0.1953,158683.45183699526,1263.2639926393895,0.007960905677405195,7.960905677405196e+17,104,0.0006553928515925665,6.553928515925665e+26,1041.9965727941315,23.48350978662881,113.57204898348073,22.716440028482673,0.0,61.495421046665754,0.006566510626857953,0.00014798965811981346,0.0007157145100432122,0.00014315569623364212,0.0,0.000387535186150575,5425,2768,5307,0.20503703703703705,0.39311111111111113,1,0,0
flow,0.1,0.5,0,registered,during_vibration,flow_dump_0.1_0.5.shear.wave,1954,195400,195.4,0.1954,158683.4518369953,1331.8207182326626,0.00839294017627466,8.39294017627466e+17,114,0.0007184113950149285,7.184113950149285e+26,1106.7625498953587,19.820172670671667,105.45157945482188,20.32618565429241,0.0,79.4602305575182,0.006974656380882491,0.0001249038412085438,0.0006645404938830365,0.00012809266132660208,0.0,0.0005007467989739868,5436,2768,5296,0.20503703703703705,0.3922962962962963,1,0,0
flow,0.1,0.5,0,registered,during_vibration,flow_dump_0.1_0.5.shear.wave,1955,195500,195.5,0.19549999999999998,158683.45183699526,1268.52748945512,0.007994075467668754,7.994075467668754e+17,103,0.0006490909972503302,6.490909972503302e+26,1048.996298015215,26.41339139225566,128.464901569866,23.808870022379374,0.0,40.84402845540394,0.006610621875636898,0.00016645334523847103,0.000809567097783008,0.00015004003093426914,0.0,0.00025739311807610686,5422,2787,5291,0.20644444444444446,0.3919259259259259,1,0,0
flow,0.1,0.5,0,registered,during_vibration,flow_dump_0.1_0.5.shear.wave,1956,195600,195.6,0.1956,158683.45183699526,1292.3128909476745,0.00814396760334644,8.143967603346441e+17,113,0.0007121095406726924,7.121095406726925e+26,1045.2845924263354,33.13031200206771,123.57448978540712,22.599936105766083,0.0,67.72356062809813,0.006587231247654515,0.00020878240054987102,0.0007787484350437928,0.00014242150548238303,0.0,0.00042678401461587783,5427,2783,5290,0.20614814814814814,0.39185185185185184,1,0,0
flow,0.1,0.5,0,registered,during_vibration,flow_dump_0.1_0.5.shear.wave,1957,195700,195.70000000000002,0.19569999999999999,158683.45183699526,1228.0514859910609,0.007739001589482404,7.739001589482404e+17,111,0.00069950583198822,6.995058319882199e+26,992.3248516727836,31.851294121144512,128.47644353331106,27.470552949729637,0.0,47.92834371409224,0.00625348667542304,0.0002007222161631774,0.0008096398335554623,0.0001731154233898836,0.0,0.00030203744095084204,5416,2783,5301,0.20614814814814814,0.39266666666666666,1,0,0
flow,0.1,0.5,0,registered,during_vibration,flow_dump_0.1_0.5.shear.wave,1958,195800,195.8,0.1958,158683.4518369953,1312.535785303475,0.008271409337955124,8.271409337955124e+17,117,0.0007373169580416371,7.373169580416371e+26,1052.5637484892334,19.60855952564724,117.78164027561073,38.95430054711543,0.0,83.62753646586793,0.006633103428897303,0.00012357028599169735,0.0007422427412065614,0.00024548432805161395,0.0,0.0005270085538079472,5423,2778,5299,0.20577777777777778,0.39251851851851854,1,0,0
flow,0.1,0.5,0,registered,during_vibration,flow_dump_0.1_0.5.shear.wave,1959,195900,195.9,0.1959,158683.45183699526,1280.0393968741707,0.00806662183142492,8.06662183142492e+17,115,0.0007247132493571648,7.247132493571648e+26,1042.7291313097712,20.42667325203756,114.73856344111037,28.453954921658315,0.0,73.69107394959289,0.006571127103920679,0.00012872591953079325,0.0007230657142433069,0.000179312679376846,0.0,0.00046439041435329204,5435,2779,5286,0.20585185185185184,0.39155555555555555,1,0,0
flow,0.1,0.5,0,registered,during_vibration,flow_dump_0.1_0.5.shear.wave,1960,196000,196.0,0.19599999999999998,158683.45183699526,1385.138686672577,0.00872894224720695,8.728942247206949e+17,124,0.0007814299384372908,7.814299384372908e+26,1129.825016431596,19.2971667531703,116.64813980767775,32.42754237533536,0.0,86.94082130479796,0.007119992685766557,0.00012160793409632259,0.0007350995863607912,0.00020435364872605606,0.0,0.0005478883922572239,5431,2767,5302,0.20496296296296296,0.3927407407407407,1,0,0
flow,0.1,0.5,0,registered,during_vibration,flow_dump_0.1_0.5.shear.wave,1961,196100,196.1,0.1961,158683.45183699526,1339.4196321443414,0.008440827424905253,8.440827424905253e+17,122,0.0007688262297528183,7.688262297528184e+26,1090.5221829048323,18.868011806050063,111.99464141569624,34.492059292527806,0.0,83.54273672523533,0.006872311953643734,0.00011890346212932078,0.0007057739173126933,0.00021736393362528538,0.0,0.0005264741581942213,5430,2767,5303,0.20496296296296296,0.39281481481481484,1,0,0
flow,0.1,0.5,0,registered,during_vibration,flow_dump_0.1_0.5.shear.wave,1962,196200,196.20000000000002,0.19619999999999999,158683.4518369953,1275.999739432276,0.008041164498633568,8.041164498633568e+17,103,0.0006490909972503301,6.490909972503302e+26,1036.3399588038733,16.295435995040165,110.05997220379764,15.05047293900743,0.0,98.25389949055717,0.006530863469421089,0.00010269146408397617,0.0006935819137388993,9.484588824339262e-05,0.0,0.0006191817631462083,5426,2760,5314,0.20444444444444446,0.3936296296296296,1,0,0
flow,0.1,0.5,0,registered,during_vibration,flow_dump_0.1_0.5.shear.wave,1963,196300,196.3,0.1963,158683.45183699526,1274.0393846947363,0.008028810628618481,8.02881062861848e+17,109,0.0006869021233037475,6.869021233037475e+26,1031.4744204564329,19.336951103824127,116.02981260099128,20.172188770361124,0.0,87.02601176312733,0.006500201555458956,0.00012185864927924346,0.0007312029783684113,0.00012712219539490888,0.0,0.000548425250116964,5439,2755,5306,0.20407407407407407,0.393037037037037,1,0,0
flow,0.1,0.5,0,registered,during_vibration,flow_dump_0.1_0.5.shear.wave,1964,196400,196.4,0.1964,158683.45183699526,1280.890383496541,0.00807198462516629,8.07198462516629e+17,112,0.0007058076863304561,7.058076863304562e+26,1050.8468408933563,21.061491932696363,115.17356598526419,20.56703475130118,0.0,73.24144993392267,0.006622283727309008,0.0001327264543900356,0.0007258070369150665,0.0001296104572544105,0.0,0.000461556949297767,5438,2766,5296,0.2048888888888889,0.3922962962962963,1,0,0
flow,0.1,0.5,0,registered,during_vibration,flow_dump_0.1_0.5.shear.wave,1965,196500,196.5,0.19649999999999998,158683.45183699526,1301.4972261931387,0.00820184594629362,8.20184594629362e+17,111,0.00069950583198822,6.995058319882199e+26,1071.1836176009897,23.009988335406305,110.00525748120127,18.510428272535712,0.0,78.7879345030063,0.006750443131911095,0.0001450055949062849,0.0006932371095267212,0.0001166500227859312,0.0,0.0004965100871635928,5438,2767,5295,0.20496296296296296,0.39222222222222225,1,0,0
flow,0.1,0.5,0,registered,during_vibration,flow_dump_0.1_0.5.shear.wave,1966,196600,196.6,0.1966,158683.4518369953,1314.1110785516573,0.008281336606551478,8.281336606551478e+17,116,0.000731015103699401,7.31015103699401e+26,1074.8861867630137,19.993335452479297,125.45011413630823,17.194149015231854,0.0,76.58729318462423,0.006773776183462225,0.00012599508783699191,0.0007905683465039227,0.0001083550226326954,0.0,0.00048264196611564226,5449,2769,5282,0.2051111111111111,0.39125925925925925,1,0,0
flow,0.1,0.5,0,registered,during_vibration,flow_dump_0.1_0.5.shear.wave,1967,196700,196.70000000000002,0.19669999999999999,158683.45183699526,1340.373618977008,0.008446839310969128,8.446839310969128e+17,115,0.0007247132493571648,7.247132493571648e+26,1062.2608589141146,31.392072222453123,119.33005129599222,25.898088747810185,0.0,101.49254779663859,0.006694213206335485,0.00019782826664685912,0.000752000601918919,0.0001632059830310065,0.0,0.0006395912530368636,5455,2768,5277,0.20503703703703705,0.3908888888888889,1,0,0
flow,0.1,0.5,0,registered,during_vibration,flow_dump_0.1_0.5.shear.wave,1968,196800,196.8,0.1968,158683.45183699526,1291.7427164506266,0.008140374446716387,8.140374446716387e+17,110,0.0006932039776459838,6.932039776459838e+26,1057.8984910581305,26.07414980378263,115.83768604049047,22.718433627246853,0.0,69.21395592097684,0.006666722199519821,0.00016431549416108513,0.0007299922247688604,0.00014316825960267084,0.0,0.00043617626866395396,5447,2770,5283,0.2051851851851852,0.3913333333333333,1,0,0
flow,0.1,0.5,0,registered,during_vibration,flow_dump_0.1_0.5.shear.wave,1969,196900,196.9,0.1969,158683.45183699526,1288.642475075914,0.008120837177147174,8.120837177147174e+17,108,0.0006806002689615113,6.806002689615113e+26,1042.3775317833542,19.64620671757817,127.50924807096678,24.83475306948854,0.0,74.27473543452598,0.0065689113749184,0.0001238075331116403,0.0008035447086312969,0.00015650499646932054,0.0,0.0004680685640165137,5451,2778,5271,0.20577777777777778,0.3904444444444444,1,0,0
flow,0.1,0.5,0,registered,during_vibration,flow_dump_0.1_0.5.shear.wave,1970,197000,197.0,0.19699999999999998,158683.45183699526,1305.5525938038177,0.008227402282280343,8.227402282280343e+17,106,0.0006679965602770389,6.679965602770389e+26,1077.505152709215,21.248217520498276,113.68310633497492,21.738873747142772,0.0,71.37724349198669,0.006790280525382464,0.0001339031718463317,0.0007164143772959632,0.00013699521591875656,0.0,0.000449808991836828,5447,2781,5272,0.206,0.39051851851851854,1,0,0
flow,0.1,0.5,0,registered,during_vibration,flow_dump_0.1_0.5.shear.wave,1971,197100,197.1,0.1971,158683.45183699526,1294.10921766156,0.008155287792648415,8.155287792648415e+17,105,0.0006616947059348027,6.616947059348027e+26,1065.1423387384887,21.606592110628725,118.7742497378479,26.141077834838836,0.0,62.444959239755214,0.006712371872478784,0.0001361615963132924,0.0007484980214563055,0.000164737264864214,0.0,0.0003935190375358149,5443,2782,5275,0.20607407407407408,0.3907407407407407,1,0,0
flow,0.1,0.5,0,registered,during_vibration,flow_dump_0.1_0.5.shear.wave,1972,197200,197.20000000000002,0.1972,158683.45183699526,1260.3107590621503,0.007942294829562832,7.942294829562833e+17,105,0.0006616947059348027,6.616947059348027e+26,1011.4526061156266,10.760415798662258,122.07815409548542,18.036888333990593,0.0,97.98269471838542,0.006374026997815899,6.781057302506693e-05,0.0007693187454788167,0.00011366584306798836,0.0,0.0006174726701750627,5427,2780,5293,0.20592592592592593,0.3920740740740741,1,0,0
flow,0.1,0.5,0,registered,during_vibration,flow_dump_0.1_0.5.shear.wave,1973,197300,197.3,0.1973,158683.45183699526,1249.6365867126824,0.00787502775019256,7.87502775019256e+17,110,0.0006932039776459838,6.932039776459838e+26,1020.4636890440477,15.134566309156721,110.51678860742561,22.178852842413793,0.0,81.34268990963845,0.006430813529896619,9.537583241322123e-05,0.0006964607041757071,0.0001397679000907834,0.0,0.0005126097836162291,5422,2771,5307,0.20525925925925925,0.39311111111111113,1,0,0
flow,0.1,0.5,0,registered,during_vibration,flow_dump_0.1_0.5.shear.wave,1974,197400,197.4,0.1974,158683.45183699526,1291.5619848451267,0.008139235502463487,8.139235502463487e+17,105,0.0006616947059348027,6.616947059348027e+26,1070.5073574230003,10.268182773208315,118.68147910573029,25.083498965898357,0.0,67.0214665772899,0.0067461814387719515,6.470859219621793e-05,0.0007479133944454632,0.0001580725568767242,0.0,0.00042235952017313376,5437,2785,5278,0.20629629629629628,0.39096296296296296,1,0,0
flow,0.1,0.5,0,registered,during_vibration,flow_dump_0.1_0.5.shear.wave,1975,197500,197.5,0.19749999999999998,158683.45183699526,1244.7933981772337,0.007844506681490174,7.844506681490175e+17,108,0.0006806002689615113,6.806002689615113e+26,1033.237907273713,14.533743612201352,104.22033865216184,28.896783494393986,0.0,63.904625144763216,0.0065113147925159095,9.158953529149896e-05,0.0006567813936844551,0.00018210332054080655,0.0,0.00040271763945750374,5456,2780,5264,0.20592592592592593,0.38992592592592595,1,0,0
flow,0.1,0.5,0,registered,during_vibration,flow_dump_0.1_0.5.shear.wave,1976,197600,197.6,0.1976,158683.45183699526,1309.6095419331652,0.008252968578465499,8.252968578465499e+17,116,0.0007310151036994011,7.310151036994011e+26,1076.3787543774365,14.038681225179065,115.81037889733621,22.037432893685875,0.0,81.34429453952747,0.006783182127164258,8.846972423816473e-05,0.0007298201391301996,0.00013887669217281355,0.0,0.0005126198957600629,5470,2770,5260,0.2051851851851852,0.3896296296296296,1,0,0
flow,0.1,0.5,0,registered,during_vibration,flow_dump_0.1_0.5.shear.wave,1977,197700,197.70000000000002,0.1977,158683.4518369953,1308.725684144753,0.008247398635423672,8.247398635423671e+17,114,0.0007184113950149285,7.184113950149285e+26,1038.294678968583,24.534166939645935,131.47114963368358,38.35334960325552,0.0,76.07233899958506,0.006543181831178921,0.00015461074646175592,0.000828512035197816,0.00024169722273657942,0.0,0.0004793967998486004,5444,2773,5283,0.2054074074074074,0.3913333333333333,1,0,0
flow,0.1,0.5,0,registered,during_vibration,flow_dump_0.1_0.5.shear.wave,1978,197800,197.8,0.1978,158683.45183699526,1309.3868290456348,0.008251565074288144,8.251565074288143e+17,114,0.0007184113950149286,7.184113950149286e+26,1038.0302684105357,16.30199048529829,115.17418603508753,44.95940875357039,0.0,94.92097536114343,0.006541515554355559,0.00010273276952687051,0.0007258109443787381,0.0002833276452780605,0.0,0.0005981781607489186,5429,2764,5307,0.20474074074074075,0.39311111111111113,1,0,0
flow,0.1,0.5,0,registered,during_vibration,flow_dump_0.1_0.5.shear.wave,1979,197900,197.9,0.1979,158683.45183699526,1277.955638877462,0.008053490292045192,8.053490292045192e+17,115,0.0007247132493571648,7.247132493571648e+26,1027.8914227762195,25.717947445399382,110.12576402896431,37.039376755384474,0.0,77.18112787149406,0.006477622025969681,0.0001620707587821929,0.0006939965242380097,0.0002334167572396428,0.0,0.00048638422581566345,5432,2761,5307,0.20451851851851852,0.39311111111111113,1,0,0
flow,0.1,0.5,0,registered,during_vibration,flow_dump_0.1_0.5.shear.wave,1980,198000,198.0,0.19799999999999998,158683.45183699526,1326.7420419882503,0.008360935098331,8.360935098330999e+17,112,0.0007058076863304561,7.058076863304562e+26,1064.4457432042302,25.111307966456025,132.2407884468018,35.70921855633057,0.0,69.23498381443214,0.006707982028886434,0.0001582478051476418,0.0008333621868942187,0.00022503429401707386,0.0,0.0004363087833856333,5434,2753,5313,0.20392592592592593,0.39355555555555555,1,0,0
flow,0.1,0.5,0,registered,during_vibration,flow_dump_0.1_0.5.shear.wave,1981,198100,198.1,0.1981,158683.4518369953,1271.73862276452,0.008014311562058094,8.014311562058094e+17,112,0.000705807686330456,7.058076863304561e+26,1032.631816795404,21.112269333880405,121.78236264036968,23.187940361671636,0.0,73.02423363319403,0.006507495298603387,0.0001330464461761747,0.000767454710812999,0.00014612702265571478,0.0,0.00046018808380981563,5437,2763,5300,0.20466666666666666,0.3925925925925926,1,0,0
flow,0.1,0.5,0,registered,during_vibration,flow_dump_0.1_0.5.shear.wave,1982,198200,198.20000000000002,0.1982,158683.45183699526,1259.0620877860333,0.00793442588505941,7.93442588505941e+17,107,0.0006742984146192752,6.742984146192752e+26,1018.0751450719258,15.959897438363223,121.29865818307623,28.637178530874785,0.0,75.09120856179327,0.0064157612736942815,0.00010057694897359394,0.0007644064757784454,0.000180467327874187,0.0,0.0004732138587389022,5428,2753,5319,0.20392592592592593,0.394,1,0,0
flow,0.1,0.5,0,registered,during_vibration,flow_dump_0.1_0.5.shear.wave,1983,198300,198.3,0.1983,158683.45183699526,1245.4478258117053,0.00784863078912015,7.84863078912015e+17,105,0.0006616947059348027,6.616947059348027e+26,994.7282830334497,12.909866285191402,118.02717449324247,25.665837432016534,0.0,94.11666456780554,0.00626863274977952,8.135609690702236e-05,0.0007437900620821116,0.0001617423690680822,0.0,0.0005931095112834148,5434,2746,5320,0.2034074074074074,0.3940740740740741,1,0,0
flow,0.1,0.5,0,registered,during_vibration,flow_dump_0.1_0.5.shear.wave,1984,198400,198.4,0.1984,158683.45183699526,1243.4945359408248,0.007836321440865695,7.836321440865695e+17,104,0.0006553928515925665,6.553928515925665e+26,1009.7432523656005,26.186310042897553,125.56262997965084,16.969310893885957,0.0,65.0330326587892,0.006363254899463879,0.00016502231165097778,0.0007912774049598619,0.00010693812554139154,0.0,0.0004098286992495803,5429,2749,5322,0.20362962962962963,0.3942222222222222,1,0,0
flow,0.1,0.5,0,registered,during_vibration,flow_dump_0.1_0.5.shear.wave,1985,198500,198.5,0.19849999999999998,158683.4518369953,1271.2757204986906,0.008011394419404147,8.011394419404147e+17,112,0.000705807686330456,7.058076863304561e+26,1029.624724230919,22.76343367218618,115.70325201314573,20.334205266500838,0.0,82.85010531593876,0.006488545039268381,0.00014345184333127255,0.0007291450411098934,0.00012814319975462083,0.0,0.0005221092959399764,5432,2758,5310,0.2042962962962963,0.3933333333333333,1,0,0
flow,0.1,0.5,0,registered,during_vibration,flow_dump_0.1_0.5.shear.wave,1986,198600,198.6,0.1986,158683.45183699526,1260.593958795448,0.007944079513031835,7.944079513031835e+17,106,0.0006679965602770389,6.679965602770389e+26,1033.401188965803,22.176804550002718,114.68691525779077,21.383813513561094,0.0,68.94523650828981,0.006512343769956214,0.0001397549920503585,0.0007227402349149857,0.00013475767804400446,0.0,0.00043448283806626903,5425,2758,5317,0.2042962962962963,0.39385185185185184,1,0,0
flow,0.1,0.5,0,registered,during_vibration,flow_dump_0.1_0.5.shear.wave,1987,198700,198.70000000000002,0.1987,158683.45183699526,1256.283863936223,0.007916917923027778,7.916917923027779e+17,103,0.0006490909972503302,6.490909972503302e+26,1030.3995174814163,15.382927846266016,117.09133225593936,23.279725089906165,0.0,70.13036126269485,0.006493427673478365,9.694097064429789e-05,0.0007378925206153149,0.00014670543664389054,0.0,0.00044195132164590804,5423,2768,5309,0.20503703703703705,0.39325925925925925,1,0,0
flow,0.1,0.5,0,registered,during_vibration,flow_dump_0.1_0.5.shear.wave,1988,198800,198.8,0.1988,158683.45183699526,1280.2371873688408,0.00806786827831261,8.067868278312609e+17,111,0.00069950583198822,6.995058319882199e+26,1063.6427717168851,28.78180816325982,105.16386202292112,20.295890502118056,0.0,62.35285496365601,0.006702921819532217,0.00018137876275104868,0.0006627273405354758,0.00012790174569032343,0.0,0.00039293860980354063,5433,2770,5297,0.2051851851851852,0.39237037037037037,1,0,0
flow,0.1,0.5,0,registered,during_vibration,flow_dump_0.1_0.5.shear.wave,1989,198900,198.9,0.1989,158683.4518369953,1235.1190450343963,0.007783540317128658,7.783540317128658e+17,103,0.0006490909972503301,6.490909972503302e+26,1006.2726211081884,20.292729117786955,124.45845562266227,22.865689803110612,0.0,61.229549382648955,0.0063413834868040544,0.00012788182310674898,0.0007843190589936874,0.00014409624657395895,0.0,0.00038585970165021304,5442,2783,5275,0.20614814814814814,0.3907407407407407,1,0,0
flow,0.1,0.5,0,registered,during_vibration,flow_dump_0.1_0.5.shear.wave,1990,199000,199.0,0.19899999999999998,158683.45183699526,1237.8849508657463,0.007800970652802168,7.800970652802168e+17,97,0.000611279871196913,6.112798711969129e+26,1017.462973637489,9.404839466022556,117.97055136829847,15.666989482598229,0.0,77.3795969113384,0.0064119034584819825,5.9267928426988786e-05,0.0007434332313963123,9.873108570068078e-05,0.0,0.00048763494879620596,5430,2779,5291,0.20585185185185184,0.3919259259259259,1,0,0
flow,0.1,0.5,0,registered,during_vibration,flow_dump_0.1_0.5.shear.wave,1991,199100,199.1,0.1991,158683.45183699526,1179.2174799884558,0.0074312567967060985,7.431256796706098e+17,94,0.0005923743081702043,5.9237430817020434e+26,950.5922497773394,14.650816763617144,112.99592509491477,13.598359242780163,0.0,87.38012910980447,0.00599049389695542,9.232731323910784e-05,0.0007120838612143869,8.569487924140215e-05,0.0,0.0005506568460557825,5423,2773,5304,0.2054074074074074,0.3928888888888889,1,0,0
flow,0.1,0.5,0,registered,during_vibration,flow_dump_0.1_0.5.shear.wave,1992,199200,199.20000000000002,0.1992,158683.45183699526,1224.0445173651644,0.007713750256848095,7.713750256848095e+17,95,0.0005986761625124405,5.986761625124405e+26,1001.6448666200275,15.601637160665856,122.98191364163189,22.67820972501294,0.0,61.13789021782671,0.006312220052088036,9.831924488693604e-05,0.0007750141064990372,0.00014291477442971638,0.0,0.00038528207894437234,5411,2779,5310,0.20585185185185184,0.3933333333333333,1,0,0
flow,0.1,0.5,0,registered,during_vibration,flow_dump_0.1_0.5.shear.wave,1993,199300,199.3,0.19929999999999998,158683.45183699526,1248.5951544908269,0.007868464796023116,7.868464796023116e+17,101,0.0006364872885658578,6.364872885658577e+26,1004.1660196047328,14.323332082438188,121.87191959338534,25.773090398813125,0.0,82.460792811457,0.006328107990972142,9.02635524790044e-05,0.0007680190856862384,0.00016241826164260702,0.0,0.0005196559052431212,5414,2772,5314,0.20533333333333334,0.3936296296296296,1,0,0
flow,0.1,0.5,0,registered,during_vibration,flow_dump_0.1_0.5.shear.wave,1994,199400,199.4,0.1994,158683.45183699526,1218.3360793564664,0.007677776511995594,7.677776511995594e+17,101,0.0006364872885658578,6.364872885658577e+26,1001.5974850044382,17.055002679359774,106.32838232875177,23.745491922742403,0.0,69.60971742117465,0.006311921460048092,0.00010747814269177368,0.0006700659778813969,0.00014964063138186922,0.0,0.00043867029999246544,5432,2773,5295,0.2054074074074074,0.39222222222222225,1,0,0
flow,0.1,0.5,0,registered,during_vibration,flow_dump_0.1_0.5.shear.wave,1995,199500,199.5,0.19949999999999998,158683.45183699526,1202.3049465966678,0.007576750648402293,7.576750648402292e+17,99,0.0006238835798813854,6.238835798813854e+26,960.793774696584,14.421603949406954,116.15341044230703,21.794734084118897,0.0,89.14142342425065,0.006054782421065193,9.088284747058118e-05,0.000731981873961398,0.00013734723962588832,0.0,0.000561756266279231,5437,2764,5299,0.20474074074074075,0.39251851851851854,1,0,0
flow,0.1,0.5,0,registered,during_vibration,flow_dump_0.1_0.5.shear.wave,1996,199600,199.6,0.1996,158683.4518369953,1245.7678478577348,0.00785064752144053,7.85064752144053e+17,106,0.0006679965602770388,6.679965602770388e+26,1001.6632824029273,14.698949983064871,127.6385664583224,28.143891560234614,0.0,73.6231574531859,0.006312336105669467,9.263064177709029e-05,0.0008043596542721848,0.00017735870523628966,0.0,0.00046396241448550007,5425,2769,5306,0.2051111111111111,0.393037037037037,1,0,0
flow,0.1,0.5,0,registered,during_vibration,flow_dump_0.1_0.5.shear.wave,1997,199700,199.70000000000002,0.1997,158683.45183699526,1267.9640839123638,0.007990524968002696,7.990524968002696e+17,113,0.0007121095406726924,7.121095406726925e+26,1016.3818326169215,16.565950052012447,126.360549961722,30.487301757188952,0.0,78.16844952451873,0.00640509026524695,0.00010439620426854291,0.0007963057804636341,0.000192126534961607,0.0,0.0004926061830619609,5430,2758,5312,0.2042962962962963,0.3934814814814815,1,0,0
flow,0.1,0.5,0,registered,during_vibration,flow_dump_0.1_0.5.shear.wave,1998,199800,199.8,0.19979999999999998,158683.45183699526,1226.790074104438,0.007731052355507342,7.731052355507342e+17,111,0.00069950583198822,6.995058319882199e+26,998.5699029276198,14.782702216796194,111.74100397874074,31.038380026624406,0.0,70.65808495465713,0.0062928420787908175,9.315843615490204e-05,0.0007041755311292616,0.00019559934994676085,0.0,0.00044527695948560147,5431,2764,5305,0.20474074074074075,0.39296296296296296,1,0,0
flow,0.1,0.5,0,registered,during_vibration,flow_dump_0.1_0.5.shear.wave,1999,199900,199.9,0.1999,158683.45183699526,1197.35698894958,0.007545569340018792,7.545569340018792e+17,101,0.0006364872885658578,6.364872885658577e+26,948.1245784182239,19.862796104111034,112.41050346689379,33.36224892412329,0.0,83.59686203622805,0.005974942991485766,0.00012517244787764472,0.0007083946193858038,0.0002102440332492519,0.0,0.0005268152480203256,5421,2746,5333,0.2034074074074074,0.395037037037037,1,0,0
flow,0.1,0.5,0,registered,during_vibration,flow_dump_0.1_0.5.shear.wave,2000,200000,200.0,0.19999999999999998,158683.4518369953,1304.0201860647026,0.008217745271915523,8.217745271915524e+17,111,0.0006995058319882199,6.995058319882199e+26,1065.7294197956544,12.742120336518454,110.56356412774367,29.569820326880254,0.0,85.41526147790606,0.006716071571788126,8.02989863719852e-05,0.0006967554766915337,0.00018634470062609503,0.0,0.000538274536437784,5395,2748,5357,0.20355555555555555,0.39681481481481484,1,0,0
flow,0.1,0.5,0,registered,during_vibration,flow_dump_0.1_0.5.shear.wave,2001,200100,200.1,0.2001,158683.45183699526,1232.5685902344123,0.0077674677224727024,7.767467722472703e+17,107,0.0006742984146192752,6.742984146192752e+26,999.4822140988631,21.111840862428974,99.77249137049687,27.281257921185443,0.0,84.92078598143806,0.006298591330906787,0.000133043746011498,0.0006287517079788911,0.00017192251369228866,0.0,0.0005351584238832379,5407,2746,5347,0.2034074074074074,0.3960740740740741,1,0,0
flow,0.1,0.5,0,registered,during_vibration,flow_dump_0.1_0.5.shear.wave,2002,200200,200.20000000000002,0.2002,158683.45183699526,1231.016427471347,0.007757686218824422,7.757686218824422e+17,105,0.0006616947059348027,6.616947059348027e+26,1019.7423362292542,16.047819741984007,115.98162335678332,25.176655348128396,0.0,54.06799279519622,0.006426267669528429,0.00010113102252444599,0.0007308992967705503,0.00015865961482858758,0.0,0.00034072861517240373,5413,2738,5349,0.2028148148148148,0.3962222222222222,1,0,0
flow,0.1,0.5,0,registered,during_vibration,flow_dump_0.1_0.5.shear.wave,2003,200300,200.3,0.20029999999999998,158683.45183699526,1325.2614774850947,0.008351604796487827,8.351604796487827e+17,106,0.0006679965602770389,6.679965602770389e+26,1103.42796408618,3.7588760715321525,124.31545300235396,25.561043345605622,0.0,68.19814097942314,0.006953642306821361,2.3687889493312704e-05,0.0007834178773099466,0.0001610819719995929,0.0,0.0004297747508636154,5414,2736,5350,0.20266666666666666,0.3962962962962963,1,0,0
flow,0.1,0.5,0,registered,during_vibration,flow_dump_0.1_0.5.shear.wave,2004,200400,200.4,0.2004,158683.4518369953,1210.3068716679434,0.007627177614658958,7.627177614658958e+17,101,0.0006364872885658577,6.364872885658577e+26,995.6532275896889,11.043426820895576,123.04628678919885,17.70578185495644,0.0,62.85814861320377,0.006274461615647583,6.959406726442866e-05,0.0007754197766985554,0.00011157925826534444,0.0,0.00039612289678304745,5414,2745,5341,0.20333333333333334,0.3956296296296296,1,0,0
flow,0.1,0.5,0,registered,during_vibration,flow_dump_0.1_0.5.shear.wave,2005,200500,200.5,0.20049999999999998,158683.45183699526,1337.2581787161935,0.008427206260233537,8.427206260233537e+17,107,0.0006742984146192752,6.742984146192752e+26,1117.2574496286102,22.120257714555784,119.30472690689338,29.169455510991515,0.0,49.406288955141804,0.007040793710337817,0.00013939864212985753,0.000751841011307512,0.000183821659872608,0.0,0.00031135123658573757,5415,2739,5346,0.2028888888888889,0.396,1,0,0
flow,0.1,0.5,0,registered,during_vibration,flow_dump_0.1_0.5.shear.wave,2006,200600,200.6,0.2006,158683.45183699526,1238.2724679952637,0.0078034127293075085,7.803412729307508e+17,102,0.000642789142908094,6.42789142908094e+26,1046.7253988459208,5.138013542383901,113.90055516658694,26.41350273243689,0.0,46.09499770793474,0.006596310999846101,3.237901295254047e-05,0.0007177847081596716,0.00016645404688807558,0.0,0.00029048396146111696,5411,2743,5346,0.2031851851851852,0.396,1,0,0
flow,0.1,0.5,0,registered,during_vibration,flow_dump_0.1_0.5.shear.wave,2007,200700,200.70000000000002,0.2007,158683.45183699526,1224.019902384889,0.007713595136827762,7.713595136827762e+17,102,0.000642789142908094,6.42789142908094e+26,1035.7747064323125,14.210277312379983,103.23803819179628,21.00472423108551,0.0,49.79215621731487,0.006527301331308911,8.955109778540257e-05,0.0006505910792629196,0.00013236871260314048,0.0,0.0003137829158673897,5418,2746,5336,0.2034074074074074,0.39525925925925925,1,0,0
flow,0.1,0.5,0,registered,during_vibration,flow_dump_0.1_0.5.shear.wave,2008,200800,200.8,0.20079999999999998,158683.4518369953,1200.5722822880216,0.007565831650305212,7.565831650305212e+17,104,0.0006553928515925663,6.553928515925663e+26,1010.2190407345186,5.433969474156834,105.14501657906342,17.01254331187954,0.0,62.76171218840319,0.00636625324846253,3.424408412629429e-05,0.0006626085792932697,0.00010721056994244976,0.0,0.0003955151684806682,5409,2751,5340,0.20377777777777778,0.39555555555555555,1,0,0
flow,0.1,0.5,0,registered,during_vibration,flow_dump_0.1_0.5.shear.wave,2009,200900,200.9,0.2009,158683.45183699526,1230.0516741198385,0.007751606483727031,7.751606483727031e+17,102,0.000642789142908094,6.42789142908094e+26,1028.3551110403864,9.439611562984748,121.35882467004822,19.78351278210278,0.0,51.114614064316775,0.006480544121870665,5.948705711721863e-05,0.000764785636215627,0.0001246728159305801,0.0,0.000322116852592943,5412,2757,5331,0.20422222222222222,0.3948888888888889,1,0,0
flow,0.1,0.5,0,registered,during_vibration,flow_dump_0.1_0.5.shear.wave,2010,201000,201.0,0.20099999999999998,158683.45183699526,1195.3127833415228,0.007532687054031233,7.532687054031233e+17,98,0.0006175817255391491,6.1758172553914915e+26,1004.0371032316913,5.6097521378307285,118.45837965417925,19.558164766512764,0.0,47.649383551308375,0.006327295578766905,3.5351840868657473e-05,0.0007465074541979557,0.00012325270556001982,0.0,0.0003002794746376916,5409,2763,5328,0.20466666666666666,0.39466666666666667,1,0,0
flow,0.1,0.5,0,registered,during_vibration,flow_dump_0.1_0.5.shear.wave,2011,201100,201.1,0.2011,158683.45183699526,1174.7390466562204,0.007403034362164935,7.403034362164936e+17,95,0.0005986761625124405,5.986761625124405e+26,993.5844206637978,10.195550215071194,105.9207015425349,21.61781459036444,0.0,43.420559644451785,0.006261424295738409,6.425087239433379e-05,0.0006674968329485298,0.00013623231874594556,0.0,0.0002736300423377151,5398,2755,5347,0.20407407407407407,0.3960740740740741,1,0,0
flow,0.1,0.5,0,registered,during_vibration,flow_dump_0.1_0.5.shear.wave,2012,201200,201.20000000000002,0.2012,158683.45183699526,1155.5923213706842,0.007282374488284675,7.282374488284675e+17,96,0.0006049780168546768,6.049780168546768e+26,958.7889428798812,4.211609452893713,114.28002734495189,20.919253199038923,0.0,57.392488493918094,0.006042148262975651,2.654094931852134e-05,0.0007201760865546585,0.0001318300866087023,0.0,0.0003616791028271398,5397,2751,5352,0.20377777777777778,0.39644444444444443,1,0,0
flow,0.1,0.5,0,registered,during_vibration,flow_dump_0.1_0.5.shear.wave,2013,201300,201.3,0.20129999999999998,158683.45183699526,1184.4139323487232,0.007464004082576873,7.464004082576873e+17,96,0.0006049780168546768,6.049780168546768e+26,1011.463300777586,5.523722839481841,96.27971761607336,24.31280678380713,0.0,46.8343843317746,0.0063740943940178065,3.4809696761297996e-05,0.0006067407565281286,0.0001532157670024851,0.0,0.00029514346826715356,5398,2753,5349,0.20392592592592593,0.3962222222222222,1,0,0
flow,0.1,0.5,0,registered,during_vibration,flow_dump_0.1_0.5.shear.wave,2014,201400,201.4,0.2014,158683.45183699526,1208.9499190739552,0.007618626297062327,7.618626297062327e+17,101,0.0006364872885658578,6.364872885658577e+26,1018.506483196344,4.854815445858424,107.64253876763003,22.080601588070458,0.0,55.86548007605255,0.006418479503726618,3.059433979823836e-05,0.0006783476003421195,0.0001391487349969697,0.0,0.00035205611819838256,5402,2740,5358,0.20296296296296296,0.3968888888888889,1,0,0
flow,0.1,0.5,0,registered,during_vibration,flow_dump_0.1_0.5.shear.wave,2015,201500,201.5,0.20149999999999998,158683.4518369953,1198.2408966702762,0.007551139597726596,7.551139597726596e+17,105,0.0006616947059348026,6.616947059348026e+26,974.6987238719752,14.177610947295223,128.35759300313964,23.525491008740772,0.0,57.481477839125084,0.006142409385404704,8.93452391107481e-05,0.0008088908548258243,0.00014825421766667207,0.0,0.00036223990071864516,5418,2753,5329,0.20392592592592593,0.3947407407407407,1,0,0
flow,0.1,0.5,0,registered,during_vibration,flow_dump_0.1_0.5.shear.wave,2016,201600,201.6,0.2016,158683.45183699526,1254.643517169226,0.007906580696631405,7.906580696631405e+17,105,0.0006616947059348027,6.616947059348027e+26,1048.2241552268215,0.0,107.63242586230318,30.298667190818296,0.0,68.48826888928309,0.006605755944253035,0.0,0.0006782838702857729,0.00019093778740042824,0.0,0.0004316030946921702,5418,2756,5326,0.20414814814814816,0.39451851851851855,1,0,0
flow,0.1,0.5,0,registered,during_vibration,flow_dump_0.1_0.5.shear.wave,2017,201700,201.70000000000002,0.2017,158683.45183699526,1263.685616200111,0.007963562687672118,7.963562687672118e+17,108,0.0006806002689615113,6.806002689615113e+26,1031.2794772042055,5.498233852380462,123.04978359678283,33.44270105193822,0.0,70.41542049480415,0.006498973051478417,3.464906887725397e-05,0.0007754418130706126,0.00021075103084026455,0.0,0.00044374772340557056,5419,2749,5332,0.20362962962962963,0.39496296296296296,1,0,0
flow,0.1,0.5,0,registered,during_vibration,flow_dump_0.1_0.5.shear.wave,2018,201800,201.8,0.20179999999999998,158683.45183699526,1253.329977166699,0.00789830295886278,7.89830295886278e+17,108,0.0006806002689615113,6.806002689615113e+26,1022.5729657831693,4.0567477353965735,116.28543901454154,37.00600085934806,0.0,73.4088237742439,0.0064441058846740305,2.5565033331665834e-05,0.0007328138987926332,0.00023320642720427973,0.0,0.00046261171486017207,5417,2742,5341,0.2031111111111111,0.3956296296296296,1,0,0
flow,0.1,0.5,0,registered,during_vibration,flow_dump_0.1_0.5.shear.wave,2019,201900,201.9,0.2019,158683.4518369953,1240.418956112283,0.007816939584768303,7.816939584768303e+17,115,0.0007247132493571647,7.247132493571647e+26,1014.7091866395054,10.380054631089756,115.02685495799729,33.881405867912555,0.0,66.42145401577804,0.006394549493931145,6.541359234958211e-05,0.0007248824853908304,0.0002135156846897723,0.0,0.0004185783284069739,5419,2741,5340,0.20303703703703704,0.39555555555555555,1,0,0
flow,0.1,0.5,0,registered,during_vibration,flow_dump_0.1_0.5.shear.wave,2020,202000,202.0,0.20199999999999999,158683.45183699526,1264.5908420775652,0.007969267289298657,7.969267289298656e+17,108,0.0006806002689615113,6.806002689615113e+26,1052.3597090144685,14.011109791016422,105.26278957520643,37.3043505582352,0.0,55.65288313863872,0.006631817601847269,8.82959730760652e-05,0.0006633507675604117,0.0002350865835497165,0.0,0.0003507163632651951,5420,2736,5344,0.20266666666666666,0.39585185185185184,1,0,0
flow,0.1,0.5,0,registered,during_vibration,flow_dump_0.1_0.5.shear.wave,2021,202100,202.1,0.2021,158683.45183699526,1236.1780801894706,0.007790214202419245,7.790214202419245e+17,106,0.0006679965602770389,6.679965602770389e+26,990.4783334873515,12.118335129547063,127.01661233377106,40.784288019525754,0.0,65.78051121927507,0.0062418501867781565,7.636798285680984e-05,0.0008004401899717093,0.0002570166425508609,0.0,0.0004145392002617067,5410,2731,5359,0.2022962962962963,0.39696296296296296,1,0,0
flow,0.1,0.5,0,registered,during_vibration,flow_dump_0.1_0.5.shear.wave,2022,202200,202.20000000000002,0.2022,158683.45183699526,1232.270026385935,0.0077655862165877405,7.76558621658774e+17,105,0.0006616947059348027,6.616947059348027e+26,1011.6989281692454,10.363639420974504,120.66733742557157,40.01146383803443,0.0,49.52865753210912,0.006375579283519084,6.53101460864386e-05,0.0007604279843214209,0.0002521464171269446,0.0,0.0003121223855338523,5414,2735,5351,0.2025925925925926,0.3963703703703704,1,0,0
flow,0.1,0.5,0,registered,during_vibration,flow_dump_0.1_0.5.shear.wave,2023,202300,202.3,0.20229999999999998,158683.4518369953,1233.5029990337327,0.0077733562306221225,7.773356230622122e+17,106,0.0006679965602770388,6.679965602770388e+26,1030.1108430476452,4.6433645966032016,111.06492682851473,26.35021959601687,0.0,61.333644964952725,0.006491608489244411,2.9261807345689796e-05,0.000699914991404423,0.00016605524578003673,0.0,0.0003865156968475617,5417,2736,5347,0.20266666666666666,0.3960740740740741,1,0,0
flow,0.1,0.5,0,registered,during_vibration,flow_dump_0.1_0.5.shear.wave,2024,202400,202.4,0.2024,158683.45183699526,1211.2601594761586,0.007633185095572562,7.633185095572562e+17,99,0.0006238835798813854,6.238835798813854e+26,1000.2465977560578,4.7036510920386245,98.35995997322584,22.577804128953474,0.0,85.3721465258822,0.006303408365376014,2.9641724058727725e-05,0.0006198501408594537,0.0001422820329882042,0.0,0.0005380028322901572,5400,2731,5369,0.2022962962962963,0.3977037037037037,1,0,0
flow,0.1,0.5,0,registered,during_vibration,flow_dump_0.1_0.5.shear.wave,2025,202500,202.5,0.20249999999999999,158683.45183699526,1199.7469166892452,0.0075606303165226315,7.560630316522632e+17,99,0.0006238835798813854,6.238835798813854e+26,1010.041522732153,3.974481601492081,104.52336180304003,21.63046155863667,0.0,59.5770889939239,0.006365134555868498,2.504660413850082e-05,0.0006586910014436149,0.00013631201809786804,0.0,0.0003754461369741528,5402,2728,5370,0.20207407407407407,0.3977777777777778,1,0,0
flow,0.1,0.5,0,registered,during_vibration,flow_dump_0.1_0.5.shear.wave,2026,202600,202.6,0.2026,158683.45183699526,1324.8936752421198,0.008349286960325851,8.349286960325851e+17,103,0.0006490909972503302,6.490909972503302e+26,1130.4591899397135,6.101370801053678,107.61643620564924,21.223985902511668,0.0,59.49269239319135,0.007123989154842419,3.844995007621338e-05,0.0006781831057985574,0.0001337504677193034,0.0,0.0003749142818893564,5412,2736,5352,0.20266666666666666,0.39644444444444443,1,0,0
flow,0.1,0.5,0,registered,during_vibration,flow_dump_0.1_0.5.shear.wave,2027,202700,202.70000000000002,0.2027,158683.4518369953,1171.4432186943318,0.007382264534412043,7.382264534412042e+17,95,0.0005986761625124404,5.986761625124404e+26,970.7847630379529,4.372503531582687,121.08481376139369,25.52128708321805,0.0,49.6798512801848,0.006117744174327478,2.7554880366947542e-05,0.0007630588593811022,0.00016083143382483468,0.0,0.000313075186511682,5410,2742,5348,0.2031111111111111,0.39614814814814814,1,0,0
flow,0.1,0.5,0,registered,during_vibration,flow_dump_0.1_0.5.shear.wave,2028,202800,202.8,0.20279999999999998,158683.45183699526,1172.8536845482427,0.007391153084778088,7.391153084778089e+17,99,0.0006238835798813854,6.238835798813854e+26,961.6036252360926,7.057552905647334,112.08855342256844,22.721131801737815,0.0,69.3828211821965,0.006059885981204157,4.4475670424015474e-05,0.000706365737100989,0.00014318526310530284,0.0,0.00043724043294362386,5411,2750,5339,0.2037037037037037,0.3954814814814815,1,0,0
flow,0.1,0.5,0,registered,during_vibration,flow_dump_0.1_0.5.shear.wave,2029,202900,202.9,0.2029,158683.45183699526,1189.1741255696375,0.007494002126895975,7.494002126895976e+17,102,0.000642789142908094,6.42789142908094e+26,961.0498121599942,5.187234084776268,116.83374115367212,20.564152898319467,0.0,85.53918527287529,0.006056395931865759,3.268919364134303e-05,0.0007362692190089708,0.000129592296236684,0.0,0.0005390554861432174,5410,2767,5323,0.20496296296296296,0.3942962962962963,1,0,0
flow,0.1,0.5,0,registered,during_vibration,flow_dump_0.1_0.5.shear.wave,2030,203000,203.0,0.20299999999999999,158683.45183699526,1187.5508432364054,0.007483772438075621,7.483772438075621e+17,95,0.0005986761625124405,5.986761625124405e+26,955.8641296674786,6.068773767828116,119.03990411886319,31.989560609211477,0.0,74.58847507302387,0.0060237165161328415,3.8244528320836856e-05,0.0007501721366708408,0.00020159355143138796,0.0,0.0004700457055197132,5405,2773,5322,0.2054074074074074,0.3942222222222222,1,0,0
flow,0.1,0.5,0,registered,during_vibration,flow_dump_0.1_0.5.shear.wave,2031,203100,203.1,0.2031,158683.45183699526,1162.6644902928094,0.007326942266715598,7.326942266715598e+17,98,0.0006175817255391491,6.1758172553914915e+26,960.2390915512253,6.545227567217451,116.82579135231305,21.881866364635083,0.0,57.17251345741865,0.006051286888677049,4.124707076539348e-05,0.0007362191205187562,0.00013789633456620822,0.0,0.0003602928521881922,5389,2764,5347,0.20474074074074075,0.3960740740740741,1,0,0
flow,0.1,0.5,0,registered,during_vibration,flow_dump_0.1_0.5.shear.wave,2032,203200,203.20000000000002,0.2032,158683.45183699526,1125.4446146537716,0.007092388031802235,7.092388031802235e+17,89,0.0005608650364590232,5.6086503645902325e+26,946.4337607591681,5.650855906871985,107.22093861151262,24.264938180843103,0.0,41.87412119537526,0.0059642877048791156,3.561087083407239e-05,0.0006756907375676036,0.00015291410603903945,0.0,0.00026388461248240115,5392,2754,5354,0.204,0.3965925925925926,1,0,0
flow,0.1,0.5,0,registered,during_vibration,flow_dump_0.1_0.5.shear.wave,2033,203300,203.3,0.20329999999999998,158683.45183699526,1217.6111196616416,0.007673207921594817,7.673207921594817e+17,101,0.0006364872885658578,6.364872885658577e+26,1033.4916741125635,5.683348676659479,103.62571697716294,29.26949866107447,0.0,45.540881234180254,0.0065129139941712344,3.581563553644899e-05,0.0006530341744998754,0.00018445211723236925,0.0,0.00028699200015488264,5388,2758,5354,0.2042962962962963,0.3965925925925926,1,0,0
flow,0.1,0.5,0,registered,during_vibration,flow_dump_0.1_0.5.shear.wave,2034,203400,203.4,0.2034,158683.45183699526,1180.0903810890939,0.007436757692297497,7.436757692297496e+17,99,0.0006238835798813854,6.238835798813854e+26,978.6854171865537,4.332874805604754,109.18287458663751,24.81408541520433,0.0,63.07512909509324,0.006167532945980346,2.7305145908066218e-05,0.0006880545723116337,0.00015637475192242578,0.0,0.0003974902761750232,5398,2758,5344,0.2042962962962963,0.39585185185185184,1,0,0
flow,0.1,0.5,0,registered,during_vibration,flow_dump_0.1_0.5.shear.wave,2035,203500,203.5,0.2035,158683.45183699526,1178.0473273132834,0.007423882664988984,7.423882664988984e+17,96,0.0006049780168546768,6.049780168546768e+26,987.219740478428,0.0,117.08069543714606,19.711563432641917,0.0,54.03532796506717,0.006221315008275292,0.0,0.0007378254889326148,0.00012421940161025908,0.0,0.00034052276617081657,5387,2761,5352,0.20451851851851852,0.39644444444444443,1,0,0
flow,0.1,0.5,0,registered,during_vibration,flow_dump_0.1_0.5.shear.wave,2036,203600,203.6,0.2036,158683.45183699526,1192.017755797422,0.007511922270394654,7.511922270394653e+17,103,0.0006490909972503302,6.490909972503302e+26,978.9528401377792,3.6293748972017146,126.40052249798116,23.189029787992283,0.0,59.84598847646749,0.00616921820646674,2.2871791955533747e-05,0.000796557681564829,0.00014613388806170412,0.0,0.0003771407023458452,5397,2755,5348,0.20407407407407407,0.39614814814814814,1,0,0
flow,0.1,0.5,0,registered,during_vibration,flow_dump_0.1_0.5.shear.wave,2037,203700,203.70000000000002,0.2037,158683.45183699526,1208.8754612568457,0.0076181570747442615,7.618157074744261e+17,107,0.0006742984146192752,6.742984146192752e+26,1006.676388536692,5.84315374593171,98.15466892892246,28.555206202147176,0.0,69.64604384315246,0.006343927970326625,3.682270380615356e-05,0.0006185564266004883,0.0001799507501984517,0.0,0.00043889922381254415,5408,2755,5337,0.20407407407407407,0.3953333333333333,1,0,0
flow,0.1,0.5,0,registered,during_vibration,flow_dump_0.1_0.5.shear.wave,2038,203800,203.8,0.20379999999999998,158683.4518369953,1214.7319002847842,0.007655063500462516,7.655063500462516e+17,109,0.0006869021233037474,6.869021233037473e+26,1013.2817346715278,0.0,113.74591521981674,28.09997288949664,0.0,59.60427750394275,0.006385553899548412,0.0,0.0007168101897396345,0.00017708193617039432,0.0,0.0003756174750040739,5417,2742,5341,0.2031111111111111,0.3956296296296296,1,0,0
flow,0.1,0.5,0,registered,during_vibration,flow_dump_0.1_0.5.shear.wave,2039,203900,203.9,0.2039,158683.45183699526,1257.064049336528,0.007921834537780439,7.921834537780439e+17,104,0.0006553928515925665,6.553928515925665e+26,1014.5236578916519,12.186166858467308,113.73497637782295,48.35819678432852,0.0,68.26105142425676,0.006393380318785876,7.679544853224727e-05,0.000716741254750717,0.0003047463123880341,0.0,0.0004301712033235621,5411,2741,5348,0.20303703703703704,0.39614814814814814,1,0,0
flow,0.1,0.5,0,registered,during_vibration,flow_dump_0.1_0.5.shear.wave,2040,204000,204.0,0.204,158683.45183699526,1228.0160361765224,0.007738778189914724,7.738778189914724e+17,110,0.0006932039776459838,6.932039776459838e+26,993.7576598891624,5.655203420646908,124.11182217580202,35.30682194923521,0.0,69.18452874167625,0.006262516024103018,3.5638268232632815e-05,0.000782134625501427,0.00022249844921134882,0.0,0.00043599082286629873,5396,2737,5367,0.20274074074074075,0.39755555555555555,1,0,0
flow,0.1,0.5,0,registered,during_vibration,flow_dump_0.1_0.5.shear.wave,2041,204100,204.1,0.2041,158683.45183699526,1293.572405181813,0.008151904878591954,8.151904878591954e+17,116,0.0007310151036994011,7.310151036994011e+26,1052.585703616932,5.486340269697095,125.9986878375361,33.2770389334252,0.0,76.22463452422214,0.006633241786914126,3.4574117251576054e-05,0.0007940253780650423,0.00020970705229936924,0.0,0.0004803565440618379,5404,2740,5356,0.20296296296296296,0.3967407407407407,1,0,0
flow,0.1,0.5,0,registered,during_vibration,flow_dump_0.1_0.5.shear.wave,2042,204200,204.20000000000002,0.2042,158683.4518369953,1167.9982864031263,0.007360555072893999,7.360555072893999e+17,96,0.0006049780168546767,6.0497801685467664e+26,950.511598578846,7.161082390952391,114.8821063175483,37.31334467560562,0.0,58.13015444017382,0.0059899856448499865,4.512809816053462e-05,0.0007239703005424842,0.00023514326316732183,0.0,0.00036632776617367117,5397,2732,5371,0.20237037037037037,0.39785185185185185,1,0,0
flow,0.1,0.5,0,registered,during_vibration,flow_dump_0.1_0.5.shear.wave,2043,204300,204.3,0.20429999999999998,158683.45183699526,1204.6194188029876,0.007591336115125674,7.591336115125674e+17,100,0.0006301854342236216,6.301854342236216e+26,994.0257342144264,4.53910442508379,98.65356948321941,38.56010319431478,0.0,68.84090748594363,0.0062642053894537255,2.8604774931077907e-05,0.0006217004252249285,0.00024300015375216917,0.0,0.0004338253717637755,5399,2724,5377,0.20177777777777778,0.3982962962962963,1,0,0
flow,0.1,0.5,0,registered,during_vibration,flow_dump_0.1_0.5.shear.wave,2044,204400,204.4,0.2044,158683.45183699526,1132.4683053033834,0.007136650307221016,7.136650307221015e+17,97,0.000611279871196913,6.112798711969129e+26,946.397437284007,4.132957397204232,101.5397275635147,17.261764035107902,0.0,63.13641902354945,0.005964058799629446,2.604529551984878e-05,0.0006398885730556175,0.00010878112263930168,0.0,0.00039787651637680034,5399,2735,5366,0.2025925925925926,0.3974814814814815,1,0,0
flow,0.1,0.5,0,registered,during_vibration,flow_dump_0.1_0.5.shear.wave,2045,204500,204.5,0.2045,158683.45183699526,1159.3153083788804,0.007305836210128366,7.305836210128366e+17,101,0.0006364872885658578,6.364872885658577e+26,970.1030038744786,5.898638023775448,111.30898253824571,22.47564557947252,0.0,49.52903836290925,0.00611344782738278,3.7172357643408963e-05,0.0007014529949385389,0.00014163824468956112,0.0,0.0003121247854740838,5392,2721,5387,0.20155555555555554,0.399037037037037,1,0,0
flow,0.1,0.5,0,registered,during_vibration,flow_dump_0.1_0.5.shear.wave,2046,204600,204.6,0.2046,158683.4518369953,1164.0196389301975,0.007335482216040496,7.335482216040497e+17,95,0.0005986761625124404,5.986761625124404e+26,976.8259132521204,0.0,104.70565465653958,17.855603578481027,0.0,64.6324674430565,0.006155814623036731,0.0,0.0006598397844539995,0.00011252341294429915,0.0,0.0004073043956054664,5385,2730,5385,0.20222222222222222,0.3988888888888889,1,0,0
flow,0.1,0.5,0,registered,during_vibration,flow_dump_0.1_0.5.shear.wave,2047,204700,204.70000000000002,0.2047,158683.45183699526,1171.69580140294,0.007383856273851061,7.38385627385106e+17,98,0.0006175817255391491,6.1758172553914915e+26,986.9141268451478,4.62160000489081,105.00860033334433,23.76969673581702,0.0,51.38177748373992,0.006219389075673359,2.912465005890007e-05,0.0006617489039828333,0.00014979316658824651,0.0,0.00032380047754772143,5388,2741,5371,0.20303703703703704,0.39785185185185185,1,0,0
flow,0.1,0.5,0,registered,during_vibration,flow_dump_0.1_0.5.shear.wave,2048,204800,204.8,0.20479999999999998,158683.45183699526,1173.9828519418588,0.00739826893322066,7.39826893322066e+17,98,0.0006175817255391491,6.1758172553914915e+26,1000.6285941917309,4.337891806137014,112.63527642948677,21.44846676973345,0.0,34.932622744770484,0.0063058156512728804,2.7336762314655442e-05,0.0007098111058561376,0.00013516511344715393,0.0,0.00022014030032983147,5396,2736,5368,0.20266666666666666,0.3976296296296296,1,0,0
flow,0.1,0.5,0,registered,during_vibration,flow_dump_0.1_0.5.shear.wave,2049,204900,204.9,0.2049,158683.45183699526,1192.526496190602,0.007515128278250486,7.515128278250486e+17,96,0.0006049780168546768,6.049780168546768e+26,1003.9083827930407,4.65269575403927,105.25890073788767,18.471052968848127,0.0,60.23546393678618,0.00632648440131166,2.9320610940696376e-05,0.0006633262606740683,0.00011640188535741072,0.0,0.000379595119966649,5392,2748,5360,0.20355555555555555,0.397037037037037,1,0,0
flow,0.1,0.5,0,registered,during_vibration,flow_dump_0.1_0.5.shear.wave,2050,205000,205.0,0.205,158683.45183699526,1225.2424554330914,0.007721299488063191,7.721299488063191e+17,97,0.000611279871196913,6.112798711969129e+26,1031.15773823569,4.932310948226854,110.62868832406961,21.137399647301457,0.0,57.3863182778041,0.006498205870231058,3.108270516634263e-05,0.0006971658798909351,0.00013320481375092894,0.0,0.0003616402190239293,5387,2749,5364,0.20362962962962963,0.3973333333333333,1,0,0
flow,0.1,0.5,0,registered,during_vibration,flow_dump_0.1_0.5.shear.wave,2051,205100,205.1,0.2051,158683.45183699526,1226.8110762243095,0.0077311847078076505,7.73118470780765e+17,100,0.0006301854342236216,6.301854342236216e+26,1009.1877723581578,0.0,113.92215935320318,29.94695810545458,0.0,73.75418640749444,0.00635975434536695,0.0,0.0007179208545969097,0.000188721367973625,0.0,0.0004647881398701682,5384,2745,5371,0.20333333333333334,0.39785185185185185,1,0,0
flow,0.1,0.5,0,registered,during_vibration,flow_dump_0.1_0.5.shear.wave,2052,205200,205.20000000000002,0.2052,158683.45183699526,1219.1740001499766,0.007683056966786627,7.683056966786627e+17,98,0.0006175817255391491,6.1758172553914915e+26,1014.4107908584199,0.0,103.06465396126039,20.41631323152658,0.0,81.2822420987697,0.006392669047182407,0.0,0.0006494984370968418,0.00012866063219055048,0.0,0.0005122288503168271,5396,2756,5348,0.20414814814814816,0.39614814814814814,1,0,0
flow,0.1,0.5,0,registered,during_vibration,flow_dump_0.1_0.5.shear.wave,2053,205300,205.3,0.20529999999999998,158683.45183699526,1167.5237763792495,0.007357564779839599,7.357564779839599e+17,97,0.000611279871196913,6.112798711969129e+26,937.5724411618155,0.0,118.7892939077737,22.524830838886373,0.0,88.63721047077412,0.0059084449594965964,0.0,0.0007485928276238777,0.00014194820303017232,0.0,0.0005585787896889533,5387,2750,5363,0.2037037037037037,0.39725925925925926,1,0,0
flow,0.1,0.5,0,registered,during_vibration,flow_dump_0.1_0.5.shear.wave,2054,205400,205.4,0.2054,158683.45183699526,1161.0570841280762,0.0073168126271966364,7.316812627196636e+17,95,0.0005986761625124405,5.986761625124405e+26,968.913032258979,10.662749259933843,115.39192511372215,21.704959813255584,0.0,44.38441768218533,0.006105948799590506,6.719509272389009e-05,0.0007271831043369063,0.00013678149524722728,0.0,0.0002797041352981055,5392,2770,5338,0.2051851851851852,0.39540740740740743,1,0,0
flow,0.1,0.5,0,registered,during_vibration,flow_dump_0.1_0.5.shear.wave,2055,205500,205.5,0.2055,158683.45183699526,1222.0334816463876,0.007701077002671329,7.701077002671329e+17,105,0.0006616947059348027,6.616947059348027e+26,1002.733387676248,8.833619522353054,121.33439321120446,21.139977222297293,0.0,67.99210401428527,0.006319079753232794,5.56681835446032e-05,0.0007646316727206253,0.0001332210572531089,0.0,0.0004284763359202001,5389,2767,5344,0.20496296296296296,0.39585185185185184,1,0,0
flow,0.1,0.5,0,registered,during_vibration,flow_dump_0.1_0.5.shear.wave,2056,205600,205.6,0.20559999999999998,158683.45183699526,1238.5501177717663,0.007805162437757182,7.805162437757183e+17,112,0.0007058076863304561,7.058076863304562e+26,1015.2595420381549,9.457059626145723,113.83531967679556,40.195152980800195,0.0,59.8030434498695,0.006398017753489899,5.959701226981323e-05,0.0007173736036050619,0.0002533039993489047,0.0,0.0003768700690435012,5401,2761,5338,0.20451851851851852,0.39540740740740743,1,0,0
flow,0.1,0.5,0,registered,during_vibration,flow_dump_0.1_0.5.shear.wave,2057,205700,205.70000000000002,0.2057,158683.4518369953,1160.903857165102,0.007315847013194668,7.315847013194668e+17,102,0.0006427891429080939,6.427891429080939e+26,935.1366556273754,11.405790695974618,114.70415762368955,36.609138014580815,0.0,63.04811520348122,0.005893094993849627,7.187763162406507e-05,0.0007228488937933952,0.000230705455362711,0.0,0.0003973200385648672,5404,2761,5335,0.20451851851851852,0.3951851851851852,1,0,0
flow,0.1,0.5,0,registered,during_vibration,flow_dump_0.1_0.5.shear.wave,2058,205800,205.8,0.20579999999999998,158683.45183699526,1179.2916279363324,0.007431724066273392,7.431724066273391e+17,104,0.0006553928515925665,6.553928515925665e+26,955.8348805220593,11.295809387498032,111.71747134094032,38.54054309023197,0.0,61.90292359560192,0.006023532192278774,7.118454543767708e-05,0.0007040272318735547,0.00024287688882532033,0.0,0.00039010320785806067,5385,2753,5362,0.20392592592592593,0.3971851851851852,1,0,0
flow,0.1,0.5,0,registered,during_vibration,flow_dump_0.1_0.5.shear.wave,2059,205900,205.9,0.2059,158683.45183699526,1197.5724345166318,0.007546927046601032,7.546927046601032e+17,103,0.0006490909972503302,6.490909972503302e+26,962.6105523109649,12.152483173751152,94.41956285394699,39.73366963041707,0.0,88.6561665475514,0.006066231488963256,7.658317885745625e-05,0.0005950183321631912,0.00025039579849342307,0.0,0.0005586982481237039,5387,2737,5376,0.20274074074074075,0.3982222222222222,1,0,0
flow,0.1,0.5,0,registered,during_vibration,flow_dump_0.1_0.5.shear.wave,2060,206000,206.0,0.206,158683.45183699526,1223.8397517059896,0.007712459853489683,7.712459853489683e+17,104,0.0006553928515925665,6.553928515925665e+26,972.5374342894563,0.0,101.72066644480405,40.15862662284292,0.0,109.42302434888616,0.006128789253264278,0.0,0.0006410288235303501,0.00025307381556140555,0.0,0.0006895679611336475,5389,2733,5378,0.20244444444444445,0.3983703703703704,1,0,0
flow,0.1,0.5,0,registered,during_vibration,flow_dump_0.1_0.5.shear.wave,2061,206100,206.1,0.20609999999999998,158683.4518369953,1220.944747984736,0.00769421596171811,7.69421596171811e+17,104,0.0006553928515925663,6.553928515925663e+26,991.5171023128252,10.661206908833577,107.44116529610017,34.90271473795173,0.0,76.42255872902541,0.0062483963566115465,6.718537305191162e-05,0.0006770785740561478,0.00021995182442719307,0.0,0.0004816038335713109,5389,2730,5381,0.20222222222222222,0.3985925925925926,1,0,0
flow,0.1,0.5,0,registered,during_vibration,flow_dump_0.1_0.5.shear.wave,2062,206200,206.20000000000002,0.2062,158683.45183699526,1187.47507209996,0.007483294939410396,7.483294939410396e+17,102,0.000642789142908094,6.42789142908094e+26,961.6080886651306,9.173545096564583,103.89464582175594,37.925145523086975,0.0,74.87364699342203,0.006059914109083821,5.781034500048526e-05,0.0006547289249069265,0.00023899874299460603,0.0,0.0004718428174245582,5384,2720,5396,0.20148148148148148,0.3997037037037037,1,0,0
flow,0.1,0.5,0,registered,during_vibration,flow_dump_0.1_0.5.shear.wave,2063,206300,206.3,0.20629999999999998,158683.45183699526,1140.7175619042223,0.007188635920751233,7.188635920751233e+17,99,0.0006238835798813854,6.238835798813854e+26,929.4869879197676,4.644794938794913,102.94003378909588,33.936122926575294,0.0,69.70962232998933,0.005857491610874248,2.927082115384152e-05,0.0006487130989237566,0.00021386050362350053,0.0,0.0004392998861758899,5397,2709,5394,0.20066666666666666,0.39955555555555555,1,0,0
flow,0.1,0.5,0,registered,during_vibration,flow_dump_0.1_0.5.shear.wave,2064,206400,206.4,0.2064,158683.45183699526,1141.3671646402324,0.007192729622573887,7.192729622573887e+17,98,0.0006175817255391491,6.1758172553914915e+26,945.4287048216195,11.829258831593187,100.2143677980007,22.509012991343468,0.0,61.38582019767616,0.005957953988754885,7.454626613331162e-05,0.0006315363488622879,0.00014184852125894923,0.0,0.0003868444975644571,5385,2718,5397,0.20133333333333334,0.3997777777777778,1,0,0
flow,0.1,0.5,0,registered,during_vibration,flow_dump_0.1_0.5.shear.wave,2065,206500,206.5,0.2065,158683.4518369953,1134.9298073661557,0.007152162334683719,7.15216233468372e+17,99,0.0006238835798813853,6.238835798813853e+26,937.106063602937,5.856073069208147,119.58919994787237,26.67860228348406,0.0,45.69986846265441,0.005905505916052055,3.6904119499641916e-05,0.0007536337189760544,0.00016812466564496703,0.0,0.0002879939145110025,5392,2721,5387,0.20155555555555554,0.399037037037037,1,0,0
flow,0.1,0.5,0,registered,during_vibration,flow_dump_0.1_0.5.shear.wave,2066,206600,206.6,0.20659999999999998,158683.45183699526,1197.0656810349808,0.007543733559972247,7.543733559972247e+17,101,0.0006364872885658578,6.364872885658577e+26,978.556900516123,7.764858346250829,106.29752023941967,30.349681227670256,0.0,74.09672070551653,0.006166723052642743,4.893300628616991e-05,0.0006698714894897289,0.00019125927043007877,0.0,0.0004669467411235235,5375,2721,5404,0.20155555555555554,0.4002962962962963,1,0,0
flow,0.1,0.5,0,registered,during_vibration,flow_dump_0.1_0.5.shear.wave,2067,206700,206.70000000000002,0.2067,158683.45183699526,1192.3275812930476,0.007513874745539597,7.513874745539597e+17,97,0.000611279871196913,6.112798711969129e+26,968.5238231903986,10.17569484334778,112.94263754007449,31.210779133491783,0.0,69.4746465857345,0.006103496060731635,6.412574673382187e-05,0.0007117480508055295,0.0001966857840069707,0.0,0.00043781910326163746,5386,2726,5388,0.20192592592592593,0.39911111111111114,1,0,0
flow,0.1,0.5,0,registered,during_vibration,flow_dump_0.1_0.5.shear.wave,2068,206800,206.8,0.20679999999999998,158683.45183699526,1185.7000718755417,0.0074721091465386755,7.472109146538675e+17,98,0.0006175817255391491,6.1758172553914915e+26,977.4211637851562,9.904369110337026,112.85345886845768,24.218003157345525,0.0,61.3030769542449,0.006159565805193062,6.241589148508763e-05,0.0007111860598065662,0.00015261832835740827,0.0,0.0003863230616965491,5382,2732,5386,0.20237037037037037,0.39896296296296296,1,0,0
flow,0.1,0.5,0,registered,during_vibration,flow_dump_0.1_0.5.shear.wave,2069,206900,206.9,0.2069,158683.4518369953,1166.9616288303444,0.007354022207867551,7.354022207867551e+17,99,0.0006238835798813853,6.238835798813853e+26,972.7620105625624,10.987540617854485,102.10570401493865,19.957435823714626,0.0,61.14893781127418,0.006130204500226114,6.924188055312306e-05,0.0006434552742136269,0.0001257688536055766,0.0,0.0003853516992691105,5380,2740,5380,0.20296296296296296,0.3985185185185185,1,0,0
flow,0.1,0.5,0,registered,during_vibration,flow_dump_0.1_0.5.shear.wave,2070,207000,207.0,0.207,158683.45183699526,1208.794167167588,0.007617644771234875,7.617644771234875e+17,92,0.0005797705994857318,5.7977059948573184e+26,1047.9100949808196,5.452222905670188,94.95596958567795,20.521243734597284,0.0,39.954635960822884,0.006603776782328044,3.435911459293743e-05,0.0005983986892547546,0.00012932188893695964,0.0,0.00025178829612217894,5379,2745,5376,0.20333333333333334,0.3982222222222222,1,0,0
flow,0.1,0.5,0,registered,during_vibration,flow_dump_0.1_0.5.shear.wave,2071,207100,207.1,0.20709999999999998,158683.45183699526,1205.5413274326902,0.007597145849026911,7.597145849026911e+17,98,0.0006175817255391491,6.1758172553914915e+26,988.3114369542546,6.628964414881466,122.10880679644181,20.21712021884348,0.0,68.27499904826884,0.006228194720451884,4.177476818245012e-05,0.00076951191433544,0.00012740534683863038,0.0,0.0004302590992185065,5374,2754,5372,0.204,0.3979259259259259,1,0,0
flow,0.1,0.5,0,registered,during_vibration,flow_dump_0.1_0.5.shear.wave,2072,207200,207.20000000000002,0.2072,158683.45183699526,1142.4813013483913,0.007199750749826043,7.199750749826043e+17,97,0.000611279871196913,6.112798711969129e+26,946.4252606251911,0.0,102.78392747305361,24.03699048761395,0.0,69.23512276253261,0.005964234138272902,0.0,0.0006477293396581552,0.00015147761287866057,0.0,0.0004363096590163236,5376,2756,5368,0.20414814814814816,0.3976296296296296,1,0,0
flow,0.1,0.5,0,registered,during_vibration,flow_dump_0.1_0.5.shear.wave,2073,207300,207.3,0.20729999999999998,158683.45183699526,1139.6857400560905,0.007182133529757169,7.182133529757169e+17,96,0.0006049780168546768,6.049780168546768e+26,922.0237853982719,10.962763018919308,115.71582196750518,19.4663678583018,0.0,71.51700181309269,0.0058104595956571725,6.908573573368325e-05,0.0007292242551313554,0.00012267421481540673,0.0,0.0004506897284195535,5385,2753,5362,0.20392592592592593,0.3971851851851852,1,0,0
flow,0.1,0.5,0,registered,during_vibration,flow_dump_0.1_0.5.shear.wave,2074,207400,207.4,0.2074,158683.45183699526,1176.0672149609982,0.00741140428536362,7.41140428536362e+17,101,0.0006364872885658578,6.364872885658577e+26,991.4253194716284,6.473617509341112,100.27002345218439,24.30171120697174,0.0,53.596543320872435,0.006247817954515209,4.0795794611217684e-05,0.0006318870826882754,0.00015314584429342536,0.0,0.00033775760925549143,5394,2763,5343,0.20466666666666666,0.3957777777777778,1,0,0
flow,0.1,0.5,0,registered,during_vibration,flow_dump_0.1_0.5.shear.wave,2075,207500,207.5,0.2075,158683.45183699526,1171.4973115103257,0.007382605419459399,7.3826054194594e+17,100,0.0006301854342236216,6.301854342236216e+26,966.0487974767282,12.434553994823581,97.27242953317248,29.845260732291873,0.0,65.89626977330944,0.006087898809190794,7.836074808604967e-05,0.0006129966824334894,0.00018808048594096556,0.0,0.00041526869380809924,5385,2760,5355,0.20444444444444446,0.39666666666666667,1,0,0
flow,0.1,0.5,0,registered,during_vibration,flow_dump_0.1_0.5.shear.wave,2076,207600,207.6,0.20759999999999998,158683.4518369953,1214.7286727309936,0.0076550431608886456,7.655043160888645e+17,100,0.0006301854342236215,6.301854342236214e+26,1002.777877955187,6.035959850216014,120.55371918583496,22.65641221795054,0.0,62.704703521805015,0.006319360124490313,3.803773979164724e-05,0.0007597119787239794,0.00014277740971518525,0.0,0.0003951559081675214,5381,2762,5357,0.2045925925925926,0.39681481481481484,1,0,0
flow,0.1,0.5,0,registered,during_vibration,flow_dump_0.1_0.5.shear.wave,2077,207700,207.70000000000002,0.2077,158683.45183699526,1187.4314241609727,0.00748301987645656,7.483019876456559e+17,104,0.0006553928515925665,6.553928515925665e+26,977.0702544922544,10.914654330098973,97.27599726215935,44.18607759077325,0.0,57.984440485686584,0.0061573544259418585,6.878256178414152e-05,0.0006130191657418971,0.00027845422493180075,0.0,0.00036540949805686146,5378,2762,5360,0.2045925925925926,0.397037037037037,1,0,0
flow,0.1,0.5,0,registered,during_vibration,flow_dump_0.1_0.5.shear.wave,2078,207800,207.8,0.20779999999999998,158683.45183699526,1227.8981233681375,0.007738035120571198,7.738035120571197e+17,105,0.0006616947059348027,6.616947059348027e+26,977.2369014262352,5.542986163185768,114.55916919010596,47.90840926338454,0.0,82.65065732522623,0.006158404610646385,3.49310914214275e-05,0.0007219351978036425,0.00030191181694608964,0.0,0.0005208524037536545,5387,2758,5355,0.2042962962962963,0.39666666666666667,1,0,0
flow,0.1,0.5,0,registered,during_vibration,flow_dump_0.1_0.5.shear.wave,2079,207900,207.9,0.2079,158683.45183699526,1236.9086923632888,0.007794818413919311,7.794818413919311e+17,104,0.0006553928515925665,6.553928515925665e+26,990.9067914588927,12.093895266353849,108.23595065984863,54.01152186014008,0.0,71.66053311805364,0.00624455026650658,7.621396639882202e-05,0.0006820871956518319,0.00034037274356511006,0.0,0.00045159424179696845,5367,2765,5368,0.2048148148148148,0.3976296296296296,1,0,0
flow,0.1,0.5,0,registered,during_vibration,flow_dump_0.1_0.5.shear.wave,2080,208000,208.0,0.208,158683.4518369953,1201.2897543863373,0.007570353054963416,7.570353054963416e+17,98,0.000617581725539149,6.17581725539149e+26,1002.7511783093121,8.024905012257282,92.52503592431411,35.37754058400217,0.0,62.61109455645144,0.006319191867211019,5.0571782497526716e-05,0.0005830792994052006,0.000222944107746932,0.0,0.00039456599810273576,5373,2746,5381,0.2034074074074074,0.3985925925925926,1,0,0
flow,0.1,0.5,0,registered,during_vibration,flow_dump_0.1_0.5.shear.wave,2081,208100,208.1,0.20809999999999998,158683.45183699526,1307.497317211456,0.008239657645931217,8.239657645931218e+17,102,0.000642789142908094,6.42789142908094e+26,1082.4184503705612,2.846129370412603,106.07469173889464,14.702950583615626,0.0,101.45509514797222,0.006821243411584317,1.793589273150069e-05,0.0006684672567361212,9.265585297904264e-05,0.0,0.0006393552319002372,5368,2743,5389,0.2031851851851852,0.3991851851851852,1,0,0
flow,0.1,0.5,0,registered,during_vibration,flow_dump_0.1_0.5.shear.wave,2082,208200,208.20000000000002,0.2082,158683.45183699526,1217.4805349939356,0.007672384996039605,7.672384996039604e+17,101,0.0006364872885658578,6.364872885658577e+26,994.01693576305,0.0,103.17481922871056,39.48431670177644,0.0,80.80446330039877,0.006264149942894715,0.0,0.0006501926825658863,0.0002488244126573198,0.0,0.000509217957921685,5368,2734,5398,0.20251851851851851,0.39985185185185185,1,0,0
flow,0.1,0.5,0,registered,during_vibration,flow_dump_0.1_0.5.shear.wave,2083,208300,208.3,0.20829999999999999,158683.45183699526,1194.4426872906402,0.007527203835454815,7.527203835454815e+17,98,0.0006175817255391491,6.1758172553914915e+26,961.7015748759853,9.197515353801814,112.69982632067752,38.36832442869246,0.0,72.47544631148256,0.006060503245567636,5.7961402070140226e-05,0.000710217889868229,0.00024179159190528346,0.0,0.0004567297060435241,5373,2727,5400,0.202,0.4,1,0,0
flow,0.1,0.5,0,registered,during_vibration,flow_dump_0.1_0.5.shear.wave,2084,208400,208.4,0.2084,158683.4518369953,1118.3261525892826,0.00704752852073109,7.04752852073109e+17,95,0.0005986761625124404,5.986761625124404e+26,908.4010025201816,5.4844725278944235,98.01575509861898,18.53607540355985,0.0,87.88884703902781,0.005724610802223537,3.45623470147867e-05,0.0006176810118757935,0.00011681164726994153,0.0,0.0005538627123470319,5380,2732,5388,0.20237037037037037,0.39911111111111114,1,0,0
flow,0.1,0.5,0,registered,during_vibration,flow_dump_0.1_0.5.shear.wave,2085,208500,208.5,0.2085,158683.45183699526,1176.4218511165216,0.007413639150760218,7.413639150760218e+17,103,0.0006490909972503302,6.490909972503302e+26,963.7645584778384,7.841186578347962,106.3532767162894,20.00959761833186,0.0,78.45323172571379,0.006073503867736935,4.941401568704644e-05,0.0006702228586855982,0.00012609756963748408,0.0,0.0004944008390131535,5394,2735,5371,0.2025925925925926,0.39785185185185185,1,0,0
flow,0.1,0.5,0,registered,during_vibration,flow_dump_0.1_0.5.shear.wave,2086,208600,208.6,0.20859999999999998,158683.45183699526,1201.6277402645635,0.007572482992737732,7.572482992737732e+17,97,0.000611279871196913,6.112798711969129e+26,983.3361795114688,5.763131378847445,103.72388685609958,17.313558177769707,0.0,91.49098434037823,0.0061968413727323205,3.631841450466756e-05,0.0006536528267777291,0.00010910752178213738,0.0,0.0005765628569408783,5402,2751,5347,0.20377777777777778,0.3960740740740741,1,0,0
flow,0.1,0.5,0,registered,during_vibration,flow_dump_0.1_0.5.shear.wave,2087,208700,208.70000000000002,0.2087,158683.45183699526,1216.445659216766,0.007665863359629573,7.665863359629573e+17,100,0.0006301854342236216,6.301854342236216e+26,989.3981558460122,12.809567301322899,106.22118128882536,23.0095120276493,0.0,85.00724275295613,0.006235043064618696,8.072402732000876e-05,0.0006693904125424444,0.0001450025932841782,0.0,0.0005357032618642447,5395,2757,5348,0.20422222222222222,0.39614814814814814,1,0,0
flow,0.1,0.5,0,registered,during_vibration,flow_dump_0.1_0.5.shear.wave,2088,208800,208.8,0.20879999999999999,158683.4518369953,1184.534666892259,0.007464764934084311,7.464764934084311e+17,100,0.0006301854342236215,6.301854342236214e+26,968.4290782036609,10.43412053108965,98.1253769235997,20.685119678878195,0.0,86.86097155503006,0.006102898991625555,6.575430777626336e-05,0.0006183718326495521,0.00013035461126801432,0.0,0.0005473851907649226,5380,2751,5369,0.20377777777777778,0.3977037037037037,1,0,0
flow,0.1,0.5,0,registered,during_vibration,flow_dump_0.1_0.5.shear.wave,2089,208900,208.9,0.2089,158683.45183699526,1179.8275152889075,0.007435101150313168,7.435101150313167e+17,96,0.0006049780168546768,6.049780168546768e+26,982.5033517744444,10.387212648733275,90.32333563757733,25.58972976074031,0.0,71.02388546741284,0.006191593013641418,6.545870113415073e-05,0.0005692045048929259,0.00016126274960937264,0.0,0.00044758218103530326,5371,2755,5374,0.20407407407407407,0.3980740740740741,1,0,0
flow,0.1,0.5,0,registered,during_vibration,flow_dump_0.1_0.5.shear.wave,2090,209000,209.0,0.209,158683.45183699526,1226.5018284649586,0.007729235873472558,7.729235873472558e+17,102,0.000642789142908094,6.42789142908094e+26,979.6768766027083,5.581879838355555,115.00295515121346,27.09344223266713,0.0,99.14667464001417,0.006173780978807191,3.517619369718174e-05,0.0007247318722896713,0.00017073892658005943,0.0,0.0006248079020984546,5378,2764,5358,0.20474074074074075,0.3968888888888889,1,0,0
flow,0.1,0.5,0,registered,during_vibration,flow_dump_0.1_0.5.shear.wave,2091,209100,209.1,0.20909999999999998,158683.45183699526,1205.2619273053404,0.00759538511012115,7.59538511012115e+17,96,0.0006049780168546768,6.049780168546768e+26,962.2772695377241,13.60337335044808,112.99049470174137,27.691563009067785,0.0,88.69922670635924,0.006064131189471516,8.572647741758166e-05,0.000712049639667587,0.0001745081965920016,0.0,0.0005589696069724646,5369,2762,5369,0.2045925925925926,0.3977037037037037,1,0,0
flow,0.1,0.5,0,registered,during_vibration,flow_dump_0.1_0.5.shear.wave,2092,209200,209.20000000000002,0.2092,158683.45183699526,1244.4912392385274,0.007842602519870243,7.842602519870243e+17,100,0.0006301854342236216,6.301854342236216e+26,1005.0386697885244,8.900321301460137,106.1182905479294,24.359197072279198,0.0,100.07476052833434,0.006333607305322123,5.6088528440904054e-05,0.0006687420100801533,0.00015350811184333037,0.0,0.0006306565641837332,5365,2753,5382,0.20392592592592593,0.39866666666666667,1,0,0
flow,0.1,0.5,0,registered,during_vibration,flow_dump_0.1_0.5.shear.wave,2093,209300,209.3,0.20929999999999999,158683.45183699526,1259.4218111788489,0.007936692809484428,7.936692809484428e+17,103,0.0006490909972503302,6.490909972503302e+26,998.473269899709,0.0,122.59602463693503,24.564249341815405,0.0,113.78826730038948,0.006292233111524274,0.0,0.0007725822901991671,0.00015480032137849253,0.0,0.0007170770863824947,5388,2759,5353,0.20437037037037037,0.3965185185185185,1,0,0
flow,0.1,0.5,0,registered,during_vibration,flow_dump_0.1_0.5.shear.wave,2094,209400,209.4,0.2094,158683.45183699526,1205.5081128906102,0.007596936535820678,7.596936535820678e+17,106,0.0006679965602770389,6.679965602770389e+26,1003.5451344296132,8.046056963650424,90.18798371442213,22.709705874192103,0.0,81.01923190873212,0.006324195263035285,5.070507901426037e-05,0.0005683515367882603,0.00014311325857418482,0.0,0.0005105713984086865,5386,2767,5347,0.20496296296296296,0.3960740740740741,1,0,0
flow,0.1,0.5,0,registered,during_vibration,flow_dump_0.1_0.5.shear.wave,2095,209500,209.5,0.2095,158683.45183699526,1237.760219912269,0.0078001846165013855,7.800184616501385e+17,107,0.0006742984146192752,6.742984146192752e+26,1025.90459748174,12.584604506376664,103.45800310604119,23.516144675424883,0.0,72.29687014268622,0.0064651013423604005,7.930634455383523e-05,0.0006519772661128936,0.00014819531843548138,0.0,0.000455604345038775,5389,2762,5349,0.2045925925925926,0.3962222222222222,1,0,0
flow,0.1,0.5,0,registered,during_vibration,flow_dump_0.1_0.5.shear.wave,2096,209600,209.6,0.20959999999999998,158683.45183699526,1309.5248515596484,0.008252434872067406,8.252434872067406e+17,114,0.0007184113950149286,7.184113950149286e+26,1060.2872497532594,4.902811735597767,120.10347011600234,23.227220956404338,0.0,101.00409899838375,0.006681775808875273,3.089680542514347e-05,0.0007568745746681669,0.0001463745632421967,0.0,0.0006365131198566213,5399,2762,5339,0.2045925925925926,0.3954814814814815,1,0,0
flow,0.1,0.5,0,registered,during_vibration,flow_dump_0.1_0.5.shear.wave,2097,209700,209.70000000000002,0.2097,158683.45183699526,1237.4911609643707,0.007798489046202255,7.798489046202255e+17,108,0.0006806002689615113,6.806002689615113e+26,976.0098777612413,17.985999495193344,116.37160101687078,29.684810533400174,0.0,97.43887215766503,0.006150672086235117,0.00011334514901824256,0.0007333568791811476,0.00018706935215836724,0.0,0.0006140455796093809,5398,2755,5347,0.20407407407407407,0.3960740740740741,1,0,0
flow,0.1,0.5,0,registered,during_vibration,flow_dump_0.1_0.5.shear.wave,2098,209800,209.8,0.2098,158683.45183699526,1248.7759006716558,0.007869603832127616,7.869603832127616e+17,111,0.00069950583198822,6.995058319882199e+26,1009.0712822953121,5.865695325838711,117.00460026778333,23.978660284688566,0.0,92.85566249803325,0.006359020241958579,3.696475755937136e-05,0.0007373459482591431,0.00015111002443607175,0.0,0.0005851628599144515,5393,2747,5360,0.20348148148148149,0.397037037037037,1,0,0
flow,0.1,0.5,0,registered,during_vibration,flow_dump_0.1_0.5.shear.wave,2099,209900,209.9,0.2099,158683.4518369953,1235.4215954473977,0.007785446945762576,7.785446945762575e+17,109,0.0006869021233037474,6.869021233037473e+26,970.3745864163144,10.282683026994604,126.2604771618661,26.148179109446883,0.0,102.35566973277552,0.006115159301003322,6.479997068350458e-05,0.0007956751362553224,0.00016478201606243812,0.0,0.0006450305217579874,5389,2744,5367,0.20325925925925925,0.39755555555555555,1,0,0
flow,0.1,0.5,0,registered,during_vibration,flow_dump_0.1_0.5.shear.wave,2100,210000,210.0,0.21,158683.45183699526,1265.7034501587634,0.007976278783366363,7.976278783366363e+17,105,0.0006616947059348027,6.616947059348027e+26,1031.9999916706547,5.543368491079595,116.3991483042394,25.43912818038084,0.0,86.32181351240968,0.006503513628697454,3.4933500796125366e-05,0.0007335304781736683,0.0001603136803862367,0.0,0.0005439874953128838,5387,2738,5375,0.2028148148148148,0.39814814814814814,1,0,0
flow,0.1,0.5,0,registered,during_vibration,flow_dump_0.1_0.5.shear.wave,2101,210100,210.1,0.21009999999999998,158683.45183699526,1294.3981284008032,0.008157108466045032,8.157108466045032e+17,106,0.0006679965602770389,6.679965602770389e+26,1038.974748291707,4.895880970084933,102.2165072053048,48.54103667028553,0.0,99.76995526342064,0.0065474675289958735,3.08531287504014e-05,0.0006441535397799695,0.00030589854271728624,0.0,0.0006287357258015003,5390,2729,5381,0.20214814814814816,0.3985925925925926,1,0,0
flow,0.1,0.5,0,registered,during_vibration,flow_dump_0.1_0.5.shear.wave,2102,210200,210.20000000000002,0.2102,158683.45183699526,1233.0208807122583,0.007770317991184468,7.770317991184468e+17,101,0.0006364872885658578,6.364872885658577e+26,999.6923720450934,0.0,96.18228899418997,37.85201280842442,0.0,99.29420686455074,0.006299915715672795,0.0,0.0006061267755442547,0.0002385378712791503,0.0,0.0006257376286882702,5393,2727,5380,0.202,0.3985185185185185,1,0,0
flow,0.1,0.5,0,registered,during_vibration,flow_dump_0.1_0.5.shear.wave,2103,210300,210.3,0.2103,158683.4518369953,1242.127570362261,0.007827707022898733,7.827707022898733e+17,104,0.0006553928515925663,6.553928515925663e+26,1010.5789285580651,14.932311013166107,113.43389317316988,19.79830612699233,0.0,83.3841314908673,0.0063685212091060634,9.410124899794248e-05,0.0007148438722500996,0.00012476604143530848,0.0,0.0005254746511093177,5390,2735,5375,0.2025925925925926,0.39814814814814814,1,0,0
flow,0.1,0.5,0,registered,during_vibration,flow_dump_0.1_0.5.shear.wave,2104,210400,210.4,0.2104,158683.45183699526,1187.8564116709447,0.007485698085841673,7.485698085841673e+17,103,0.0006490909972503302,6.490909972503302e+26,982.8480579335891,0.0,106.93870360376938,17.024059455276316,0.0,81.04559067831025,0.006193765301647221,0.0,0.0006739121336585258,0.00010728314300072055,0.0,0.0005107375075352085,5398,2731,5371,0.2022962962962963,0.39785185185185185,1,0,0
flow,0.1,0.5,0,registered,during_vibration,flow_dump_0.1_0.5.shear.wave,2105,210500,210.5,0.2105,158683.45183699526,1190.5155757000887,0.007502455750225452,7.502455750225452e+17,96,0.0006049780168546768,6.049780168546768e+26,958.8431349604043,4.080021007134976,111.11285034410743,20.936468151868013,0.0,95.54310123657437,0.00604248977357361,2.5711698100228525e-05,0.0007002169984192563,0.00013193857273393968,0.0,0.0006020987073984206,5407,2743,5350,0.2031851851851852,0.3962962962962963,1,0,0
flow,0.1,0.5,0,registered,during_vibration,flow_dump_0.1_0.5.shear.wave,2106,210600,210.6,0.21059999999999998,158683.45183699526,1197.916193659295,0.007549093366646908,7.549093366646908e+17,104,0.0006553928515925665,6.553928515925665e+26,986.2339877339017,5.970099600284931,108.28868931991644,29.712821598220586,0.0,67.71059540697154,0.006215102938061827,3.7622698089638294e-05,0.000682419547005784,0.00018724587380883643,0.0,0.00042670230968082313,5390,2753,5357,0.20392592592592593,0.39681481481481484,1,0,0
flow,0.1,0.5,0,registered,during_vibration,flow_dump_0.1_0.5.shear.wave,2107,210700,210.70000000000002,0.2107,158683.4518369953,1174.6390074669494,0.007402403929765633,7.402403929765633e+17,100,0.0006301854342236215,6.301854342236214e+26,974.2326486056998,3.1184678873828444,104.51425019256902,18.601068922377102,0.0,74.17257185892085,0.0061394722469641175,1.9652130397227773e-05,0.0006586335814016032,0.00011722122695871725,0.0,0.000467424744043968,5389,2757,5354,0.20422222222222222,0.3965925925925926,1,0,0
flow,0.1,0.5,0,registered,during_vibration,flow_dump_0.1_0.5.shear.wave,2108,210800,210.8,0.2108,158683.45183699526,1227.8608468832708,0.007737800209593177,7.737800209593178e+17,103,0.0006490909972503302,6.490909972503302e+26,1000.9664990035054,11.175073381985293,112.47970095300286,26.59061398474122,0.0,76.64895956003721,0.006307945078178223,7.042368471707237e-05,0.0007088306918641121,0.00016757017620246852,0.0,0.00048303057863130863,5382,2753,5365,0.20392592592592593,0.39740740740740743,1,0,0
flow,0.1,0.5,0,registered,during_vibration,flow_dump_0.1_0.5.shear.wave,2109,210900,210.9,0.2109,158683.45183699526,1220.6567199820606,0.007692400851198765,7.692400851198765e+17,102,0.000642789142908094,6.42789142908094e+26,978.2254184475523,6.085831580901442,113.75855952714879,31.235422519744958,0.0,91.3514879067124,0.006164634100929547,3.835202417422205e-05,0.0007168898723226997,0.00019684108303763765,0.0,0.0005756837707346547,5365,2751,5384,0.20377777777777778,0.3988148148148148,1,0,0
flow,0.1,0.5,0,registered,during_vibration,flow_dump_0.1_0.5.shear.wave,2110,211000,211.0,0.211,158683.45183699526,1192.2373581135178,0.0075133061722039065,7.513306172203907e+17,95,0.0005986761625124405,5.986761625124405e+26,930.1811569040719,5.208791646587425,109.24428836925384,26.81565691250472,6.889472181957084,113.897992099143,0.005861866162702233,3.28250462558507e-05,0.0006884415930242877,0.00016898836395398448,4.3416450185581866e-05,0.0007177685560819705,5362,2759,5379,0.20437037037037037,0.39844444444444443,1,0,0
flow,0.1,0.5,0,registered,during_vibration,flow_dump_0.1_0.5.shear.wave,2111,211100,211.1,0.21109999999999998,158683.45183699526,1182.167429060393,0.007449846946074461,7.449846946074461e+17,94,0.0005923743081702043,5.9237430817020434e+26,971.8453753862697,0.0,103.85663619358998,32.37402347571449,0.0,74.09139400481892,0.006124427998860149,0.0,0.0006544893937666219,0.00020401638041608853,0.0,0.00046691317303160245,5362,2759,5379,0.20437037037037037,0.39844444444444443,1,0,0
flow,0.1,0.5,0,registered,during_vibration,flow_dump_0.1_0.5.shear.wave,2112,211200,211.20000000000002,0.2112,158683.45183699526,1177.7289826447104,0.007421876503257009,7.421876503257009e+17,103,0.0006490909972503302,6.490909972503302e+26,962.6969523146984,4.0326621368646665,101.52922447876968,21.245277186375247,0.0,88.22486652800274,0.006066775969201953,2.5413249397972176e-05,0.0006398223841454102,0.00013388464228897086,0.0,0.0005559802582227046,5378,2767,5355,0.20496296296296296,0.39666666666666667,1,0,0
flow,0.1,0.5,0,registered,during_vibration,flow_dump_0.1_0.5.shear.wave,2113,211300,211.3,0.2113,158683.45183699526,1209.7839788333486,0.007623882420178744,7.623882420178743e+17,100,0.0006301854342236216,6.301854342236216e+26,966.7596735679696,0.0,110.61756174110586,23.972622587679503,0.0,108.43412093659357,0.006092378646773176,0.0,0.0006970957617857706,0.00015107197574895808,0.0,0.0006833360358708392,5385,2768,5347,0.20503703703703705,0.3960740740740741,1,0,0
flow,0.1,0.5,0,registered,during_vibration,flow_dump_0.1_0.5.shear.wave,2114,211400,211.4,0.21139999999999998,158683.45183699526,1310.3173358938827,0.008257428992910255,8.257428992910254e+17,101,0.0006364872885658578,6.364872885658577e+26,1057.3370850249546,11.385238346250045,115.97894050057917,43.367465767501876,0.0,82.24860625459748,0.006663184300471893,7.174811370971012e-05,0.0007308823898015305,0.00027329545245871216,0.0,0.0005183187364684119,5394,2762,5344,0.2045925925925926,0.39585185185185184,1,0,0
flow,0.1,0.5,0,registered,during_vibration,flow_dump_0.1_0.5.shear.wave,2115,211500,211.5,0.2115,158683.45183699526,1249.652334645327,0.007875126991370279,7.875126991370278e+17,114,0.0007184113950149286,7.184113950149286e+26,1009.9279241006117,22.020593133329534,112.62300133572273,22.799618264423543,0.0,82.28119781123999,0.006364418673839047,0.00013877057045588972,0.0007097337500031995,0.00014367987336098565,0.0,0.0005185241237111597,5399,2769,5332,0.2051111111111111,0.39496296296296296,1,0,0
flow,0.1,0.5,0,registered,during_vibration,flow_dump_0.1_0.5.shear.wave,2116,211600,211.6,0.21159999999999998,158683.45183699526,1246.2932926036726,0.007853958797694325,7.853958797694324e+17,113,0.0007121095406726924,7.121095406726925e+26,996.8850532190406,16.337059388571298,112.54291628847231,29.36079573888055,0.0,91.1674679687079,0.006282224401338792,0.00010295376864723897,0.0007092290657004362,0.000185027458118575,0.0,0.000574524103889283,5385,2762,5353,0.2045925925925926,0.3965185185185185,1,0,0
flow,0.1,0.5,0,registered,during_vibration,flow_dump_0.1_0.5.shear.wave,2117,211700,211.70000000000002,0.2117,158683.45183699526,1227.9773061413941,0.007738534118874676,7.738534118874675e+17,108,0.0006806002689615113,6.806002689615113e+26,997.3244624830218,3.43815574163132,99.76241949464192,31.730804599982285,0.0,95.72146382211712,0.006284993494517031,2.1666756689683713e-05,0.0006286882364843001,0.00019996290875104727,0.0,0.0006032227224326156,5386,2771,5343,0.20525925925925925,0.3957777777777778,1,0,0
flow,0.1,0.5,0,registered,during_vibration,flow_dump_0.1_0.5.shear.wave,2118,211800,211.8,0.2118,158683.4518369953,1226.0608973226417,0.00772645718963872,7.72645718963872e+17,111,0.0006995058319882199,6.995058319882199e+26,1002.2064913250553,0.0,112.89059880589015,36.96666599389401,0.0,73.99714119780221,0.006315759329174121,0.0,0.0007114201102825453,0.0002329585446116168,0.0,0.00046631920557043614,5389,2761,5350,0.20451851851851852,0.3962962962962963,1,0,0
flow,0.1,0.5,0,registered,during_vibration,flow_dump_0.1_0.5.shear.wave,2119,211900,211.9,0.21189999999999998,158683.45183699526,1244.418237117954,0.007842142471139716,7.842142471139716e+17,109,0.0006869021233037475,6.869021233037475e+26,1007.7306122783388,7.930814879482327,95.59918504068881,28.204509394591,0.0,104.95311552485244,0.0063505715347906095,4.9978840185737296e-05,0.0006024521393629083,0.00017774070999894545,0.0,0.0006613992468015106,5376,2748,5376,0.20355555555555555,0.3982222222222222,1,0,0
flow,0.1,0.5,0,registered,during_vibration,flow_dump_0.1_0.5.shear.wave,2120,212000,212.0,0.212,158683.45183699526,1197.3962521327253,0.007545816770879986,7.545816770879986e+17,107,0.0006742984146192752,6.742984146192752e+26,955.0299608987591,9.69606971207159,114.55168187868202,23.684392098764775,0.0,94.43414754444792,0.006018459706055529,6.11032190176434e-05,0.000721888013857634,0.00014925558919082592,0.0,0.0005951102427583547,5362,2739,5399,0.2028888888888889,0.3999259259259259,1,0,0
flow,0.1,0.5,0,registered,during_vibration,flow_dump_0.1_0.5.shear.wave,2121,212100,212.1,0.21209999999999998,158683.45183699526,1215.9376830315084,0.007662662167700755,7.662662167700755e+17,105,0.0006616947059348027,6.616947059348027e+26,1005.1796667611587,7.991502587198143,91.1843429933573,32.8260163559483,0.0,78.7561543338456,0.006334495847706361,5.036128528012657e-05,0.0005746304478366452,0.00020686477371104984,0.0,0.0004963098131665704,5362,2731,5407,0.2022962962962963,0.4005185185185185,1,0,0
flow,0.1,0.5,0,registered,during_vibration,flow_dump_0.1_0.5.shear.wave,2122,212200,212.20000000000002,0.2122,158683.4518369953,1210.1406754043853,0.007626130270013792,7.626130270013792e+17,101,0.0006364872885658577,6.364872885658577e+26,999.6488312015151,2.5207779415092464,97.97203114627456,36.646375228430195,0.0,73.3526598866564,0.006299641327618625,1.588557541651331e-05,0.000617405469896852,0.00023094011886050047,0.0,0.00046225777822130184,5368,2744,5388,0.20325925925925925,0.39911111111111114,1,0,0
flow,0.1,0.5,0,registered,during_vibration,flow_dump_0.1_0.5.shear.wave,2123,212300,212.3,0.2123,158683.45183699526,1193.2142632636521,0.007519462486166233,7.519462486166234e+17,101,0.0006364872885658578,6.364872885658577e+26,998.6094462779101,8.564733264370295,99.29933431934859,21.199647512426793,0.0,65.5411018895962,0.006293091275224551,5.3973701512166905e-05,0.0006257699411615526,0.00013359709073006398,0.0,0.0004130304775378981,5385,2743,5372,0.2031851851851852,0.3979259259259259,1,0,0
flow,0.1,0.5,0,registered,during_vibration,flow_dump_0.1_0.5.shear.wave,2124,212400,212.4,0.21239999999999998,158683.45183699526,1148.0128841273201,0.007234609978780874,7.234609978780874e+17,98,0.0006175817255391491,6.1758172553914915e+26,950.7747719822893,5.689869842226758,92.78484325076882,19.605814893255406,0.0,79.15758415877978,0.0059916441253052375,3.585673097199559e-05,0.0005847165673335641,0.00012355298971814105,0.0,0.0004988395654519351,5370,2745,5385,0.20333333333333334,0.3988888888888889,1,0,0
flow,0.1,0.5,0,registered,during_vibration,flow_dump_0.1_0.5.shear.wave,2125,212500,212.5,0.2125,158683.45183699526,1133.6149858149151,0.00714387652078177,7.14387652078177e+17,99,0.0006238835798813854,6.238835798813854e+26,941.3841390220722,8.41815274489478,98.59905182671696,18.88843849539547,0.0,66.32520372583559,0.005932465724208547,5.304997242902289e-05,0.00062135686289457,0.00011903218815026964,0.0,0.0004179717730993587,5382,2756,5362,0.20414814814814816,0.3971851851851852,1,0,0
flow,0.1,0.5,0,registered,during_vibration,flow_dump_0.1_0.5.shear.wave,2126,212600,212.6,0.21259999999999998,158683.4518369953,1174.852396116066,0.007403748673950652,7.403748673950652e+17,100,0.0006301854342236215,6.301854342236214e+26,937.7721042425841,0.0,103.61820957380928,20.94182356748234,0.0,112.52025873219043,0.00590970320714912,0.0,0.0006529868639374521,0.00013197232178308328,0.0,0.0007090862810809966,5381,2750,5369,0.2037037037037037,0.3977037037037037,1,0,0
flow,0.1,0.5,0,registered,during_vibration,flow_dump_0.1_0.5.shear.wave,2127,212700,212.70000000000002,0.2127,158683.45183699526,1183.0214214852078,0.007455228681945017,7.455228681945018e+17,103,0.0006490909972503302,6.490909972503302e+26,958.8219795088647,2.1943280137010444,85.73448701522966,25.615138235152596,0.0,110.65548871226005,0.006042356454999463,1.3828335521432497e-05,0.0005402862492763195,0.0001614228701141773,0.0,0.0006973347720336266,5375,2757,5368,0.20422222222222222,0.3976296296296296,1,0,0
flow,0.1,0.5,0,registered,during_vibration,flow_dump_0.1_0.5.shear.wave,2128,212800,212.8,0.2128,158683.45183699526,1162.750455235042,0.007327484005260086,7.327484005260086e+17,97,0.000611279871196913,6.112798711969129e+26,931.3902397069849,4.2760711432035325,114.33968677184845,30.25995838374437,0.0,82.48449922926093,0.005869485626413893,2.6947177501508163e-05,0.000720552051573102,0.00019069385013648665,0.0,0.0005198052996350978,5374,2748,5378,0.20355555555555555,0.3983703703703704,1,0,0
flow,0.1,0.5,0,registered,during_vibration,flow_dump_0.1_0.5.shear.wave,2129,212900,212.9,0.21289999999999998,158683.45183699526,1164.117931185564,0.007336101639516787,7.336101639516787e+17,98,0.0006175817255391491,6.1758172553914915e+26,919.1637578466108,3.407033355074243,115.00777902575734,20.481843454308198,0.0,106.05751750381364,0.005792436118611822,2.1470627942818243e-05,0.0007247622716444121,0.00012907359410953452,0.0,0.0006683590272082015,5354,2743,5403,0.2031851851851852,0.4002222222222222,1,0,0
flow,0.1,0.5,0,registered,during_vibration,flow_dump_0.1_0.5.shear.wave,2130,213000,213.0,0.213,158683.4518369953,1173.5778351963809,0.007395716576684489,7.395716576684489e+17,92,0.0005797705994857317,5.797705994857318e+26,953.6069430915853,3.1382727545351092,110.66327183956578,25.477114512452008,0.0,80.69223299824219,0.00600949205510831,1.9776937785288685e-05,0.0006973838201682342,0.00016055306471794497,0.0,0.000508510698904709,5356,2747,5397,0.20348148148148149,0.3997777777777778,1,0,0
flow,0.1,0.5,0,registered,during_vibration,flow_dump_0.1_0.5.shear.wave,2131,213100,213.1,0.21309999999999998,158683.45183699526,1156.1756481465925,0.0072860505286603755,7.286050528660375e+17,94,0.0005923743081702043,5.9237430817020434e+26,960.1640019974221,0.0,106.04043514714746,26.097266999468893,0.0,63.8739440025539,0.006050813685246357,0.0,0.000668251376684669,0.00016446117536110093,0.0,0.0004025242913682472,5341,2757,5402,0.20422222222222222,0.40014814814814814,1,0,0
flow,0.1,0.5,0,registered,during_vibration,flow_dump_0.1_0.5.shear.wave,2132,213200,213.20000000000002,0.2132,158683.45183699526,1105.191308176104,0.006964754644431305,6.964754644431305e+17,95,0.0005986761625124405,5.986761625124405e+26,909.2493821813662,0.0,98.9834111843173,24.063009782106942,0.0,72.89550502831297,0.005729957167275239,0.0,0.0006237790395812429,0.00015164158268264318,0.0,0.000459376854892176,5351,2755,5394,0.20407407407407407,0.39955555555555555,1,0,0
flow,0.1,0.5,0,registered,during_vibration,flow_dump_0.1_0.5.shear.wave,2133,213300,213.3,0.2133,158683.45183699526,1136.4361052291608,0.0071616548044124,7.1616548044124e+17,92,0.0005797705994857318,5.7977059948573184e+26,922.039545427731,0.0,90.56388287338225,21.87672121478764,0.0,101.95595571325988,0.005810558913067253,0.0,0.000570720398535396,0.00013786391058130063,0.0,0.0006425115822284501,5361,2755,5384,0.20407407407407407,0.3988148148148148,1,0,0
flow,0.1,0.5,0,registered,during_vibration,flow_dump_0.1_0.5.shear.wave,2134,213400,213.4,0.21339999999999998,158683.45183699526,1180.2664070669564,0.007437866982370436,7.437866982370436e+17,101,0.0006364872885658578,6.364872885658577e+26,985.4567599193326,4.3574807064523995,81.67140355690567,21.298928518564768,0.0,87.48183436570086,0.0062102049615836786,2.746020871116759e-05,0.0005146812891416124,0.00013422274516969616,0.0,0.0005512977777642814,5362,2748,5390,0.20355555555555555,0.39925925925925926,1,0,0
flow,0.1,0.5,0,registered,during_vibration,flow_dump_0.1_0.5.shear.wave,2135,213500,213.5,0.2135,158683.45183699526,1178.7908164392443,0.007428568025165826,7.428568025165827e+17,98,0.0006175817255391491,6.1758172553914915e+26,983.5052656591637,5.183010407132044,89.39839696269436,25.636209991331807,0.0,75.06793341892316,0.0061979069290063835,3.266257664004057e-05,0.0005633756760883124,0.0001615556612523538,0.0,0.00047306718217874006,5365,2759,5376,0.20437037037037037,0.3982222222222222,1,0,0
flow,0.1,0.5,0,registered,during_vibration,flow_dump_0.1_0.5.shear.wave,2136,213600,213.6,0.21359999999999998,158683.45183699526,1184.8860843619711,0.007466979515791755,7.466979515791756e+17,102,0.000642789142908094,6.42789142908094e+26,974.7517286457306,0.0,102.04881005185624,26.76158020191545,0.0,81.32396546246903,0.0061427434137683555,0.0,0.000643096736745329,0.00016864758040054364,0.0,0.0005124917848775285,5364,2760,5376,0.20444444444444446,0.3982222222222222,1,0,0
flow,0.1,0.5,0,registered,during_vibration,flow_dump_0.1_0.5.shear.wave,2137,213700,213.70000000000002,0.2137,158683.4518369953,1200.636554093888,0.007566236681864094,7.566236681864095e+17,104,0.0006553928515925663,6.553928515925663e+26,957.5760974402992,2.706813734101158,115.03920172263382,28.137928569453997,0.0,97.17651262739979,0.006034505087675759,1.7057945883870005e-05,0.0007249602929031677,0.00017732112733694611,0.0,0.0006123922280643517,5366,2753,5381,0.20392592592592593,0.3985925925925926,1,0,0
flow,0.1,0.5,0,registered,during_vibration,flow_dump_0.1_0.5.shear.wave,2138,213800,213.8,0.2138,158683.45183699526,1160.492235176935,0.00731325303138118,7.31325303138118e+17,109,0.0006869021233037475,6.869021233037475e+26,938.4137998455909,0.0,107.69417796280668,28.924251949330152,0.0,85.46000541920755,0.005913747079371324,0.0,0.0006786730230284731,0.00018227642274282055,0.0,0.0005385565062385636,5368,2747,5385,0.20348148148148149,0.3988888888888889,1,0,0
flow,0.1,0.5,0,registered,during_vibration,flow_dump_0.1_0.5.shear.wave,2139,213900,213.9,0.21389999999999998,158683.45183699526,1177.5530548211818,0.007420767831738386,7.420767831738386e+17,96,0.0006049780168546768,6.049780168546768e+26,976.9368160249511,4.004693059884172,97.35745365739797,40.94021312530798,0.0,58.31387895364048,0.006156513516157262,2.5236992348754307e-05,0.0006135324920799346,0.0002579992598557982,0.0,0.0003674855712966364,5359,2740,5401,0.20296296296296296,0.4000740740740741,1,0,0
flow,0.1,0.5,0,registered,during_vibration,flow_dump_0.1_0.5.shear.wave,2140,214000,214.0,0.214,158683.45183699526,1158.612025805688,0.007301404225790674,7.301404225790674e+17,98,0.0006175817255391491,6.1758172553914915e+26,958.0256696960076,5.263971908794551,94.11932562386139,33.18892399918062,0.0,68.01413457784436,0.006037338226547544,3.317278423084641e-05,0.0005931262808710752,0.00020915176481838417,0.0,0.00042861516932282684,5347,2727,5426,0.202,0.4019259259259259,1,0,0
flow,0.1,0.5,0,registered,during_vibration,flow_dump_0.1_0.5.shear.wave,2141,214100,214.1,0.21409999999999998,158683.4518369953,1144.4302642333068,0.007212032830045204,7.212032830045203e+17,94,0.0005923743081702042,5.923743081702042e+26,939.5138318266692,0.0,87.69350994568248,32.48439004742593,0.0,84.73853241352933,0.00592067932068788,0.0,0.0005526317264371338,0.000204711894475266,0.0,0.0005340098884449241,5349,2719,5432,0.2014074074074074,0.4023703703703704,1,0,0
flow,0.1,0.5,0,registered,during_vibration,flow_dump_0.1_0.5.shear.wave,2142,214200,214.20000000000002,0.2142,158683.45183699526,1163.7589031558691,0.00733383909716887,7.33383909716887e+17,98,0.0006175817255391491,6.1758172553914915e+26,953.6652728935283,4.283816028163677,103.47774889262239,36.93438102330638,0.0,65.39768431824822,0.006009859641023967,2.6995984638424365e-05,0.0006521017011838012,0.0002327550894295302,0.0,0.00041212668089314587,5349,2720,5431,0.20148148148148148,0.4022962962962963,1,0,0
flow,0.1,0.5,0,registered,during_vibration,flow_dump_0.1_0.5.shear.wave,2143,214300,214.3,0.2143,158683.45183699526,1055.425180315243,0.006651135755475056,6.651135755475055e+17,88,0.000554563182116787,5.54563182116787e+26,862.8882503425656,0.0,106.52500707949991,24.558238632167853,0.0,61.45368426100986,0.005437796067285908,0.0,0.0006713050784206902,0.00015476244276180017,0.0,0.0003872721670066584,5348,2714,5438,0.20103703703703704,0.4028148148148148,1,0,0
flow,0.1,0.5,0,registered,during_vibration,flow_dump_0.1_0.5.shear.wave,2144,214400,214.4,0.21439999999999998,158683.45183699526,1092.458988612941,0.006884517421105448,6.884517421105448e+17,91,0.0005734687451434957,5.734687451434957e+26,881.3547112322952,4.045527545355902,117.1059680531832,18.7881565862859,0.0,71.16462519582089,0.005554169014029586,2.549432532833731e-05,0.0007379847532777282,0.00011840022616589976,0.0,0.0004484691023038967,5351,2732,5417,0.20237037037037037,0.40125925925925926,1,0,0
flow,0.1,0.5,0,registered,during_vibration,flow_dump_0.1_0.5.shear.wave,2145,214500,214.5,0.2145,158683.4518369953,1128.8533541103386,0.007113869411348153,7.113869411348152e+17,95,0.0005986761625124404,5.986761625124404e+26,944.2577085392539,0.0,87.19659524735636,19.202024850648606,0.0,78.19702547308015,0.005950574540748116,0.0,0.0005495002423877663,0.00012100836368478763,0.0,0.000492786264527486,5358,2729,5413,0.20214814814814816,0.40096296296296297,1,0,0
flow,0.1,0.5,0,registered,during_vibration,flow_dump_0.1_0.5.shear.wave,2146,214600,214.6,0.21459999999999999,158683.45183699526,1163.5753966079951,0.007332682665633321,7.332682665633321e+17,93,0.0005860724538279681,5.860724538279681e+26,956.4740203656012,0.0,96.18416894547887,26.868514564776056,0.0,84.04869273213862,0.006027559958477095,0.0,0.0006061386227234479,0.000169321465179471,0.0,0.0005296626192533053,5361,2738,5401,0.2028148148148148,0.4000740740740741,1,0,0
flow,0.1,0.5,0,registered,during_vibration,flow_dump_0.1_0.5.shear.wave,2147,214700,214.70000000000002,0.2147,158683.45183699526,1156.9175613271402,0.0072907259574587725,7.290725957458772e+17,90,0.0005671668908012594,5.671668908012594e+26,967.1935981040111,4.595416006431577,80.33646317332327,29.07025988500314,0.0,75.72182415837118,0.0060951131759948325,2.8959642314512645e-05,0.0005062686892887071,0.0001831965434862423,0.0,0.00047718790637447863,5376,2735,5389,0.2025925925925926,0.3991851851851852,1,0,0
flow,0.1,0.5,0,registered,during_vibration,flow_dump_0.1_0.5.shear.wave,2148,214800,214.8,0.2148,158683.45183699526,1153.9817904948186,0.007272225157291296,7.272225157291296e+17,97,0.000611279871196913,6.112798711969129e+26,932.2659510961986,6.268033149063598,100.1637215953313,22.99508860859265,0.0,92.28899604563281,0.005875004232034555,3.9500231917706974e-05,0.000631217183870078,0.00014491169899816613,0.0,0.0005815918104707922,5371,2723,5406,0.2017037037037037,0.40044444444444444,1,0,0
flow,0.1,0.5,0,registered,during_vibration,flow_dump_0.1_0.5.shear.wave,2149,214900,214.9,0.21489999999999998,158683.4518369953,1188.7037471855392,0.00749103787083365,7.49103787083365e+17,89,0.0005608650364590231,5.608650364590231e+26,986.231665370535,0.0,94.68741017915943,30.11546989883692,0.0,77.66920173700797,0.00621508830286616,0.0,0.0005967062669926374,0.00018978330475046947,0.0,0.0004894599962243843,5355,2729,5416,0.20214814814814816,0.4011851851851852,1,0,0
flow,0.1,0.5,0,registered,during_vibration,flow_dump_0.1_0.5.shear.wave,2150,215000,215.0,0.215,158683.45183699526,1094.322167706361,0.006896258904365679,6.896258904365679e+17,91,0.0005734687451434957,5.734687451434957e+26,860.4971438507336,7.152097761264615,117.17978736420301,24.20584856709744,0.0,85.28729016306212,0.005422727662457607,4.5071478332923335e-05,0.0007384499518234192,0.00015254173190007528,0.0,0.0005374680798516531,5341,2724,5435,0.20177777777777778,0.4025925925925926,1,0,0
flow,0.1,0.5,0,registered,during_vibration,flow_dump_0.1_0.5.shear.wave,2151,215100,215.1,0.21509999999999999,158683.45183699526,1149.4179504541883,0.007243464502113978,7.243464502113978e+17,98,0.0006175817255391491,6.1758172553914915e+26,907.214004369564,11.844803507343777,110.5098901625653,21.484743549742078,0.0,98.36450886497339,0.0057171305127738424,7.464422641568913e-05,0.0006964172311810094,0.00013539372443077365,0.0,0.0006198788073126653,5339,2727,5434,0.202,0.4025185185185185,1,0,0
flow,0.1,0.5,0,registered,during_vibration,flow_dump_0.1_0.5.shear.wave,2152,215200,215.20000000000002,0.2152,158683.45183699526,1173.800009758035,0.007397116688410586,7.397116688410586e+17,103,0.0006490909972503302,6.490909972503302e+26,984.6342667579889,2.890876392089257,95.14851268825815,24.58316119197807,0.0,66.54319272772065,0.006205021729483405,1.821788194435585e-05,0.0005996120678418174,0.00015491950110355985,0.0,0.0004193455080374478,5340,2735,5425,0.2025925925925926,0.40185185185185185,1,0,0
flow,0.1,0.5,0,registered,during_vibration,flow_dump_0.1_0.5.shear.wave,2153,215300,215.3,0.2153,158683.45183699526,1157.7984414097991,0.007296277135432665,7.296277135432666e+17,94,0.0005923743081702043,5.9237430817020434e+26,917.8291932863915,9.008475989418102,105.38625716293114,24.28386085963715,0.0,101.29065411142135,0.005784025887143009,5.677010353084516e-05,0.0006641288423142401,0.00015303335400456447,0.0,0.0006383189484400072,5354,2728,5418,0.20207407407407407,0.4013333333333333,1,0,0
flow,0.1,0.5,0,registered,during_vibration,flow_dump_0.1_0.5.shear.wave,2154,215400,215.4,0.21539999999999998,158683.45183699526,1125.756687566051,0.007094354669839577,7.094354669839576e+17,95,0.0005986761625124405,5.986761625124405e+26,900.2823518003496,7.516117714617611,98.01227861067183,22.755407397785547,0.0,97.19053204262637,0.005673448247931666,4.736547905662153e-05,0.000617659103555128,0.00014340126291908896,0.0,0.0006124805763770731,5348,2736,5416,0.20266666666666666,0.4011851851851852,1,0,0
flow,0.1,0.5,0,registered,during_vibration,flow_dump_0.1_0.5.shear.wave,2155,215500,215.5,0.2155,158683.45183699526,1156.3375370846927,0.007287070729167902,7.287070729167901e+17,100,0.0006301854342236216,6.301854342236216e+26,924.1029847025278,5.761144431735446,105.24328873694824,29.258983153123193,0.0,91.97113606035816,0.0058235624068210725,3.630589305338202e-05,0.0006632278761181571,0.00018438585003292568,0.0,0.0005795887031423659,5360,2730,5410,0.20222222222222222,0.40074074074074073,1,0,0
flow,0.1,0.5,0,registered,during_vibration,flow_dump_0.1_0.5.shear.wave,2156,215600,215.6,0.21559999999999999,158683.45183699526,1175.8755331908885,0.007410196334768327,7.410196334768326e+17,102,0.000642789142908094,6.42789142908094e+26,958.3308552411385,5.19839836462142,109.1924072548922,28.361232422495146,0.0,74.79263990774103,0.006039261461400315,3.2759549306763144e-05,0.0006881146457984677,0.0001787283556928716,0.0,0.0004713323225699075,5352,2741,5407,0.20303703703703704,0.4005185185185185,1,0,0
flow,0.1,0.5,0,registered,during_vibration,flow_dump_0.1_0.5.shear.wave,2157,215700,215.70000000000002,0.2157,158683.45183699526,1217.3819176382592,0.007671763523828515,7.671763523828515e+17,99,0.0006238835798813854,6.238835798813854e+26,965.9299861478979,4.642456947004354,102.49170896645512,37.8297339326262,0.0,106.48803164427542,0.006087150077502298,2.9256087470124076e-05,0.0006458878211934657,0.00023839747304896112,0.0,0.0006710720646136647,5360,2735,5405,0.2025925925925926,0.4003703703703704,1,0,0
flow,0.1,0.5,0,registered,during_vibration,flow_dump_0.1_0.5.shear.wave,2158,215800,215.8,0.2158,158683.45183699526,1166.174808092826,0.007349063778186261,7.349063778186262e+17,100,0.0006301854342236216,6.301854342236216e+26,958.1302975977111,3.4801920157099793,80.74564488552892,47.96711223504758,0.0,75.8515613588285,0.0060379975763442135,2.1931663166017744e-05,0.0005088472928385339,0.0003022817545229665,0.0,0.00047800549131453017,5364,2735,5401,0.2025925925925926,0.4000740740740741,1,0,0
flow,0.1,0.5,0,registered,during_vibration,flow_dump_0.1_0.5.shear.wave,2159,215900,215.9,0.21589999999999998,158683.45183699526,1142.6072519196337,0.007200544471980333,7.200544471980333e+17,93,0.0005860724538279681,5.860724538279681e+26,935.3250336571008,5.585559858792072,105.795916461138,38.89972959930524,0.0,57.00101234329768,0.005894282124754235,3.5199384649949126e-05,0.0006667104555414825,0.0002451404298871964,0.0,0.0003592120771474706,5364,2728,5408,0.20207407407407407,0.4005925925925926,1,0,0
flow,0.1,0.5,0,registered,during_vibration,flow_dump_0.1_0.5.shear.wave,2160,216000,216.0,0.216,158683.4518369953,1178.67402896658,0.007427832047524096,7.427832047524096e+17,95,0.0005986761625124404,5.986761625124404e+26,983.5494215726761,2.727657989001774,87.97187090744052,29.19009262919044,0.0,75.23498586827112,0.006198185193141687,1.718930334212613e-05,0.0005543859166726977,0.0001839517119855411,0.0,0.00047411992238204466,5358,2724,5418,0.20177777777777778,0.4013333333333333,1,0,0
flow,0.1,0.5,0,registered,during_vibration,flow_dump_0.1_0.5.shear.wave,2161,216100,216.1,0.2161,158683.45183699526,1168.6407589958565,0.0073646038415922654,7.364603841592265e+17,97,0.000611279871196913,6.112798711969129e+26,948.0033532654039,5.22425541534514,90.11571383774566,41.123005536324776,0.0,84.17443094103663,0.005974179048230079,3.292249667414384e-05,0.0005678961025521137,0.00025915119100489224,0.0,0.0005304550031310342,5349,2723,5428,0.2017037037037037,0.4020740740740741,1,0,0
flow,0.1,0.5,0,registered,during_vibration,flow_dump_0.1_0.5.shear.wave,2162,216200,216.20000000000002,0.2162,158683.45183699526,1162.371230218811,0.007325094184444866,7.325094184444867e+17,96,0.0006049780168546768,6.049780168546768e+26,950.1456266088172,5.720791697681451,109.41782320756394,37.94660801827752,0.0,59.14038068647066,0.005987679342801525,3.605159600106274e-05,0.0006895351842986214,0.0002391339965131178,0.0,0.00037269406483053793,5355,2718,5427,0.20133333333333334,0.402,1,0,0
flow,0.1,0.5,0,registered,during_vibration,flow_dump_0.1_0.5.shear.wave,2163,216300,216.3,0.2163,158683.45183699526,1182.870386339887,0.007454276880458648,7.454276880458648e+17,100,0.0006301854342236216,6.301854342236216e+26,980.6650171018617,4.493643958771365,100.50468828453418,24.31079247422073,0.0,72.89624452049846,0.0061800080963025205,2.8318289694046867e-05,0.000633365906280989,0.00015320307311687142,0.0,0.0004593815150642162,5364,2719,5417,0.2014074074074074,0.40125925925925926,1,0,0
flow,0.1,0.5,0,registered,during_vibration,flow_dump_0.1_0.5.shear.wave,2164,216400,216.4,0.21639999999999998,158683.4518369953,1140.204447151189,0.007185402346316763,7.185402346316763e+17,94,0.0005923743081702042,5.923743081702042e+26,933.628417775669,3.9497172271668686,105.23099170605587,23.942659561839047,0.0,73.45266088045807,0.005883590298594727,2.4890542658626714e-05,0.0006631503820206313,0.00015088315312445882,0.0,0.0004628879699183188,5365,2721,5414,0.20155555555555554,0.401037037037037,1,0,0
flow,0.1,0.5,0,registered,during_vibration,flow_dump_0.1_0.5.shear.wave,2165,216500,216.5,0.2165,158683.45183699526,1142.416418622353,0.007199341868337221,7.199341868337221e+17,94,0.0005923743081702043,5.9237430817020434e+26,941.6124556141453,0.0,107.66507936612494,19.57520413246872,0.0,73.56367950961341,0.005933904542115708,0.0,0.0006784896479106213,0.00012336008516235832,0.0,0.0004635875931485306,5366,2726,5408,0.20192592592592593,0.4005925925925926,1,0,0
flow,0.1,0.5,0,registered,during_vibration,flow_dump_0.1_0.5.shear.wave,2166,216600,216.6,0.2166,158683.45183699526,1185.0990518873145,0.007468321606116096,7.468321606116096e+17,97,0.000611279871196913,6.112798711969129e+26,972.7522150836601,4.28820071864693,94.34556148018669,30.919430393171915,0.0,82.79364421164902,0.0061301427705448604,2.702361631918562e-05,0.0005945519862846283,0.00019484974668268086,0.0,0.0005217534862847408,5372,2738,5390,0.2028148148148148,0.39925925925925926,1,0,0
flow,0.1,0.5,0,registered,during_vibration,flow_dump_0.1_0.5.shear.wave,2167,216700,216.70000000000002,0.2167,158683.45183699526,1149.577945861327,0.0072444727698651925,7.244472769865193e+17,93,0.0005860724538279681,5.860724538279681e+26,929.102974893065,5.398009078032059,110.69237465674786,26.492835044234436,0.0,77.89175218924753,0.005855071616714448,3.4017466947826844e-05,0.0006975672218830646,0.00016695398756165657,0.0,0.0004908624767581968,5353,2733,5414,0.20244444444444445,0.401037037037037,1,0,0
flow,0.1,0.5,0,registered,during_vibration,flow_dump_0.1_0.5.shear.wave,2168,216800,216.8,0.2168,158683.4518369953,1184.4751806724853,0.007464390060591927,7.464390060591927e+17,101,0.0006364872885658577,6.364872885658577e+26,965.4649474929473,4.61268335588551,108.30292354099493,23.086109651788433,0.0,83.00851663086907,0.006084219471635289,2.9068458635647818e-05,0.0006825092489936957,0.00014548530035446433,0.0,0.0005231075809728293,5358,2730,5412,0.20222222222222222,0.4008888888888889,1,0,0
flow,0.1,0.5,0,registered,during_vibration,flow_dump_0.1_0.5.shear.wave,2169,216900,216.9,0.21689999999999998,158683.45183699526,1149.7089182583763,0.007245298138834251,7.245298138834252e+17,99,0.0006238835798813854,6.238835798813854e+26,935.9378629936656,4.781868167496409,104.22035266675002,23.064545181519613,0.0,81.70428924894495,0.005898144085969916,3.0134636675338382e-05,0.0006567814820023484,0.00014534940420386276,0.0,0.0005148885299827875,5344,2733,5423,0.20244444444444445,0.40170370370370373,1,0,0
flow,0.1,0.5,0,registered,during_vibration,flow_dump_0.1_0.5.shear.wave,2170,217000,217.0,0.217,158683.45183699526,1109.4155282711229,0.006991375064179661,6.991375064179661e+17,95,0.0005986761625124405,5.986761625124405e+26,901.9566104660096,3.795280558148993,101.12153127850698,21.56973609841858,0.0,80.97236987003865,0.005683999182173881,2.391730526537592e-05,0.0006372531609810346,0.00013592933509270837,0.0,0.00051027608066666,5333,2739,5428,0.2028888888888889,0.4020740740740741,1,0,0
flow,0.1,0.5,0,registered,during_vibration,flow_dump_0.1_0.5.shear.wave,2171,217100,217.1,0.2171,158683.45183699526,1103.4778914897213,0.006953956942046164,6.953956942046164e+17,92,0.0005797705994857318,5.7977059948573184e+26,884.3605725909032,0.0,100.10170101130774,22.050974730020233,0.0,96.96464315749029,0.005573111514484489,0.0,0.000630826339183341,0.00013896203085291909,0.0,0.0006110570575254153,5333,2741,5426,0.20303703703703704,0.4019259259259259,1,0,0
flow,0.1,0.5,0,registered,during_vibration,flow_dump_0.1_0.5.shear.wave,2172,217200,217.20000000000002,0.21719999999999998,158683.45183699526,1119.0458095406593,0.007052063694015046,7.052063694015046e+17,95,0.0005986761625124405,5.986761625124405e+26,912.8713141328639,5.2257965936577175,92.30175547571005,21.974524439184492,0.0,86.67241889924325,0.005752782054871069,3.2932208955385115e-05,0.0005816722185406288,0.00013848025225565063,0.0,0.0005461969593923123,5324,2746,5430,0.2034074074074074,0.4022222222222222,1,0,0
flow,0.1,0.5,0,registered,during_vibration,flow_dump_0.1_0.5.shear.wave,2173,217300,217.3,0.2173,158683.45183699526,1126.380137189445,0.007098283558555928,7.098283558555927e+17,97,0.000611279871196913,6.112798711969129e+26,884.2312558928902,9.71668280616495,111.3876596281971,21.200416241590098,0.0,99.84412262060269,0.005572296579489593,6.123311973416257e-05,0.0007019488064994835,0.00013360193514927975,0.0,0.0006292031176834103,5324,2744,5432,0.20325925925925925,0.4023703703703704,1,0,0
flow,0.1,0.5,0,registered,during_vibration,flow_dump_0.1_0.5.shear.wave,2174,217400,217.4,0.21739999999999998,158683.45183699526,1180.559626430299,0.007439714808088545,7.439714808088545e+17,99,0.0006238835798813854,6.238835798813854e+26,947.3058988376398,10.320701495382455,108.91635487189701,27.995256253820227,0.0,86.0214149715589,0.005969783792015962,6.503955753359973e-05,0.0006863750038900049,0.00017642202718515257,0.0,0.0005420944274638218,5334,2755,5411,0.20407407407407407,0.4008148148148148,1,0,0
flow,0.1,0.5,0,registered,during_vibration,flow_dump_0.1_0.5.shear.wave,2175,217500,217.5,0.2175,158683.45183699526,1213.4624254666167,0.0076470634550672885,7.647063455067288e+17,104,0.0006553928515925665,6.553928515925665e+26,983.5508115871435,8.783151787509823,121.17452423141506,21.82115568494469,0.0,78.13278217560334,0.006198193952810394,5.535014323063856e-05,0.0007636242016961506,0.00013751374470578117,0.0,0.0004923814126243224,5342,2746,5412,0.2034074074074074,0.4008888888888889,1,0,0
flow,0.1,0.5,0,registered,during_vibration,flow_dump_0.1_0.5.shear.wave,2176,217600,217.6,0.2176,158683.45183699526,1218.4771479855583,0.007678665505948391,7.678665505948392e+17,106,0.0006679965602770389,6.679965602770389e+26,978.1999873353249,13.642652418325849,97.26480951154124,23.4731710426935,0.0,105.8965276776733,0.006164473837764528,8.597400838204616e-05,0.0006129486621670846,0.00014792450486145143,0.0,0.0006673444927732832,5346,2735,5419,0.2025925925925926,0.40140740740740743,1,0,0
flow,0.1,0.5,0,registered,during_vibration,flow_dump_0.1_0.5.shear.wave,2177,217700,217.70000000000002,0.21769999999999998,158683.45183699526,1167.2005223647861,0.007355527680124907,7.355527680124906e+17,101,0.0006364872885658578,6.364872885658577e+26,935.2139685048381,15.618867398612714,94.15134756635872,31.140639764314272,0.0,91.0756991306623,0.005893582208342178,9.84278273367592e-05,0.0005933280784884489,0.00019624377591875768,0.0,0.0005739457900387633,5350,2733,5417,0.20244444444444445,0.40125925925925926,1,0,0
flow,0.1,0.5,0,registered,during_vibration,flow_dump_0.1_0.5.shear.wave,2178,217800,217.8,0.2178,158683.45183699526,1160.8333310562577,0.007315402567929409,7.315402567929409e+17,100,0.0006301854342236216,6.301854342236216e+26,941.4290923870559,8.622199854776419,107.92472286042184,27.17210206071627,0.0,75.68521389328764,0.005932749013766868,5.4335847594451244e-05,0.0006801258833925896,0.00017123462935901047,0.0,0.00047695719381649147,5352,2725,5423,0.20185185185185187,0.40170370370370373,1,0,0
flow,0.1,0.5,0,registered,during_vibration,flow_dump_0.1_0.5.shear.wave,2179,217900,217.9,0.21789999999999998,158683.4518369953,1151.1553632782961,0.0072544134246638374,7.254413424663837e+17,99,0.0006238835798813853,6.238835798813853e+26,951.4842176439782,6.874027105172946,99.16051755794292,37.737373511918015,0.0,55.89922745928439,0.005996114948528932,4.3319117561383564e-05,0.000624895138150913,0.00023781543113067047,0.0,0.0003522687892919412,5357,2707,5436,0.2005185185185185,0.4026666666666667,1,0,0
flow,0.1,0.5,0,registered,during_vibration,flow_dump_0.1_0.5.shear.wave,2180,218000,218.0,0.218,158683.45183699526,1210.6671497421207,0.0076294480346051265,7.629448034605126e+17,99,0.0006238835798813854,6.238835798813854e+26,988.3678740121577,10.490410007776852,98.89329144300281,48.69637071029682,0.0,64.21920356888593,0.006228550378570293,6.610903585934681e-05,0.0006232111180981189,0.0003068774352118285,0.0,0.0004047000668655353,5342,2702,5456,0.20014814814814816,0.40414814814814815,1,0,0
flow,0.1,0.5,0,registered,during_vibration,flow_dump_0.1_0.5.shear.wave,2181,218100,218.1,0.2181,158683.45183699526,1232.2401486218212,0.0077653979312702235,7.765397931270223e+17,102,0.000642789142908094,6.42789142908094e+26,1004.4744605473167,3.552899673550343,96.35590034308406,49.135393692747286,0.0,78.72149436512245,0.0063300517408654885,2.2389856235292864e-05,0.0006072208489771443,0.00030964409410012546,0.0,0.0004960913910921707,5330,2697,5473,0.19977777777777778,0.4054074074074074,1,0,0
flow,0.1,0.5,0,registered,during_vibration,flow_dump_0.1_0.5.shear.wave,2182,218200,218.20000000000002,0.21819999999999998,158683.45183699526,1171.1981494795273,0.0073807201439165795,7.38072014391658e+17,93,0.0005860724538279681,5.860724538279681e+26,995.602995342373,4.416752550925608,78.52703969219404,29.31891116692745,0.0,63.3324507271075,0.0062741450593417165,2.7833731241633427e-05,0.0004948659660672087,0.00018476350764693963,0.0,0.0003991118796190836,5336,2696,5468,0.19970370370370372,0.40503703703703703,1,0,0
flow,0.1,0.5,0,registered,during_vibration,flow_dump_0.1_0.5.shear.wave,2183,218300,218.3,0.2183,158683.4518369953,1140.8671118576206,0.007189578362774436,7.189578362774436e+17,92,0.0005797705994857317,5.797705994857318e+26,945.5048363420829,0.0,95.10408866570297,26.908150927639987,0.0,73.35003592219545,0.005958433758507697,0.0,0.0005993321141223783,0.0001695712477648955,0.0,0.0004622412423794697,5346,2719,5435,0.2014074074074074,0.4025925925925926,1,0,0
flow,0.1,0.5,0,registered,during_vibration,flow_dump_0.1_0.5.shear.wave,2184,218400,218.4,0.21839999999999998,158683.45183699526,1167.4903672692965,0.00735735424049497,7.357354240494971e+17,92,0.0005797705994857318,5.7977059948573184e+26,978.905451056247,0.0,99.76944325642634,18.3633184251114,0.0,70.4521545315113,0.006168919567377511,0.0,0.0006287324992080001,0.0001157229579551546,0.0,0.00044397921595430137,5342,2723,5435,0.2017037037037037,0.4025925925925926,1,0,0
flow,0.1,0.5,0,registered,during_vibration,flow_dump_0.1_0.5.shear.wave,2185,218500,218.5,0.2185,158683.45183699526,1122.0789891737002,0.007071178350256307,7.071178350256307e+17,95,0.0005986761625124405,5.986761625124405e+26,929.9902953291761,4.362757418310895,93.4252384370187,18.201345215753115,0.0,76.09935277344138,0.005860663380857709,2.7493461780705775e-05,0.0005887522445187801,0.00011470222638243415,0.0,0.0004795670367166772,5352,2724,5424,0.20177777777777778,0.4017777777777778,1,0,0
flow,0.1,0.5,0,registered,during_vibration,flow_dump_0.1_0.5.shear.wave,2186,218600,218.6,0.2186,158683.45183699526,1150.7426467863963,0.007251812545447248,7.251812545447247e+17,96,0.0006049780168546768,6.049780168546768e+26,919.6357485300639,0.0,103.81860150806637,38.13829411555488,0.0,89.15000263271062,0.005795410535149836,0.0,0.0006542497047184994,0.00024034197437759142,0.0,0.0005618103312013175,5349,2723,5428,0.2017037037037037,0.4020740740740741,1,0,0
flow,0.1,0.5,0,registered,during_vibration,flow_dump_0.1_0.5.shear.wave,2187,218700,218.70000000000002,0.21869999999999998,158683.4518369953,1139.984800789258,0.007184018166937072,7.184018166937073e+17,95,0.0005986761625124404,5.986761625124404e+26,956.0026227531251,0.0,90.17707989689491,25.310901167852844,0.0,68.49419697138507,0.006024589279385991,0.0,0.0005682828225184293,0.00015950561243054513,0.0,0.00043164045260210554,5345,2723,5432,0.2017037037037037,0.4023703703703704,1,0,0
flow,0.1,0.5,0,registered,during_vibration,flow_dump_0.1_0.5.shear.wave,2188,218800,218.8,0.2188,158683.45183699526,1210.1977914783836,0.0076264902071927305,7.626490207192731e+17,100,0.0006301854342236216,6.301854342236216e+26,1021.6673796146351,6.137882637334247,97.05816897754703,23.327924358532435,0.0,62.006435890335005,0.006438399012545585,3.8680042350221104e-05,0.0006116464436206512,0.00014700918141417562,0.0,0.0003907555272620992,5336,2729,5435,0.20214814814814816,0.4025925925925926,1,0,0
flow,0.1,0.5,0,registered,during_vibration,flow_dump_0.1_0.5.shear.wave,2189,218900,218.9,0.21889999999999998,158683.45183699526,1122.663973929464,0.007074864838979559,7.074864838979558e+17,98,0.0006175817255391491,6.1758172553914915e+26,911.6040827884875,5.2676860214682275,97.02534632734942,20.793362916226258,0.0,87.97349587593268,0.005744796147520893,3.3196190027926566e-05,0.0006114396000599796,0.00013103674438331395,0.0,0.0005543961569874462,5346,2727,5427,0.202,0.402,1,0,0
flow,0.1,0.5,0,registered,during_vibration,flow_dump_0.1_0.5.shear.wave,2190,219000,219.0,0.219,158683.45183699526,1105.3386473781175,0.006965683154621295,6.965683154621295e+17,90,0.0005671668908012594,5.671668908012594e+26,901.2665596368386,10.156803814116351,87.29612905339023,27.644183954674595,0.0,78.97497091909756,0.005679650582359707,6.400669821923049e-05,0.0005501274899355203,0.00017420962069234283,0.0,0.0004976887634144939,5341,2723,5436,0.2017037037037037,0.4026666666666667,1,0,0
flow,0.1,0.5,0,registered,during_vibration,flow_dump_0.1_0.5.shear.wave,2191,219100,219.1,0.2191,158683.4518369953,1105.7674405989328,0.006968385347041811,6.968385347041811e+17,87,0.0005482613277745506,5.482613277745507e+26,886.1026817816559,6.400508829477058,91.35548812866433,21.004267325745218,0.0,100.90449453339023,0.005584090032852883,4.033507435956123e-05,0.0005757089795507323,0.00013236583325223775,0.0,0.0006358854270263957,5336,2730,5434,0.20222222222222222,0.4025185185185185,1,0,0
flow,0.1,0.5,0,registered,during_vibration,flow_dump_0.1_0.5.shear.wave,2192,219200,219.20000000000002,0.21919999999999998,158683.45183699526,1107.479287977179,0.006979173159875658,6.979173159875658e+17,92,0.0005797705994857318,5.7977059948573184e+26,909.7635314529584,5.6406713850751276,93.04270238615942,22.794575927768612,0.0,76.2378068252176,0.0057331972610949805,3.5546689461163266e-05,0.0005863415580456107,0.00014364809728984176,0.0,0.00048043955398406336,5339,2739,5422,0.2028888888888889,0.4016296296296296,1,0,0
flow,0.1,0.5,0,registered,during_vibration,flow_dump_0.1_0.5.shear.wave,2193,219300,219.3,0.2193,158683.45183699526,1204.2698701265897,0.007589133310281493,7.589133310281492e+17,94,0.0005923743081702043,5.9237430817020434e+26,955.094267750675,10.377286422969153,95.83018116909292,25.193617977082585,0.0,117.77451680676958,0.006018864958469511,6.539614750521709e-05,0.0006039078433177315,0.00015876651084551828,0.0,0.0007421978501435131,5348,2752,5400,0.20385185185185184,0.4,1,0,0
flow,0.1,0.5,0,registered,during_vibration,flow_dump_0.1_0.5.shear.wave,2194,219400,219.4,0.21939999999999998,158683.45183699526,1204.6652922844225,0.007591625203123849,7.591625203123849e+17,94,0.0005923743081702043,5.9237430817020434e+26,1010.6129022880235,0.0,83.48457791293717,24.121496551329344,0.0,86.44631553213243,0.006368735306603725,0.0,0.0005261076498304008,0.00015201015778323074,0.0,0.0005447720889064908,5343,2744,5413,0.20325925925925925,0.40096296296296297,1,0,0
flow,0.1,0.5,0,registered,during_vibration,flow_dump_0.1_0.5.shear.wave,2195,219500,219.5,0.2195,158683.45183699526,1171.7922213892966,0.0073844638985607605,7.38446389856076e+17,100,0.0006301854342236216,6.301854342236216e+26,964.6238397160804,0.0,95.8894838683805,38.81860633762662,0.0,72.46029146720913,0.0060789189329393525,0.0,0.0006042815602907432,0.0002446292029083306,0.0,0.0004566342024223337,5359,2741,5400,0.20303703703703704,0.4,1,0,0
flow,0.1,0.5,0,registered,during_vibration,flow_dump_0.1_0.5.shear.wave,2196,219600,219.6,0.2196,158683.45183699526,1167.0578518841426,0.007354628591536954,7.354628591536954e+17,102,0.000642789142908094,6.42789142908094e+26,931.5633495969211,6.468595851213892,115.09042108486011,27.241972802112112,0.0,86.69351254903493,0.005870576539725471,4.076414885314344e-05,0.0007252830698634202,0.00017167494459407112,0.0,0.0005463298885008457,5353,2748,5399,0.20355555555555555,0.3999259259259259,1,0,0
flow,0.1,0.5,0,registered,during_vibration,flow_dump_0.1_0.5.shear.wave,2197,219700,219.70000000000002,0.21969999999999998,158683.45183699526,1181.9356798426852,0.00744838649626054,7.44838649626054e+17,101,0.0006364872885658578,6.364872885658577e+26,959.5883823926288,0.0,121.65347563876975,27.109573144609982,0.0,73.58424866667627,0.006047186214340414,0.0,0.0007666424837023089,0.00017084058123753072,0.0,0.00046371721698028334,5344,2740,5416,0.20296296296296296,0.4011851851851852,1,0,0
flow,0.1,0.5,0,registered,during_vibration,flow_dump_0.1_0.5.shear.wave,2198,219800,219.8,0.2198,158683.4518369953,1203.5596642067449,0.007584657696021636,7.584657696021636e+17,104,0.0006553928515925663,6.553928515925663e+26,973.5411997366435,5.216466664935603,116.41877124821968,27.642783148278387,0.0,80.74044340866801,0.006135114836906221,3.28734131035549e-05,0.0007336541391083978,0.0001742007930144722,0.0,0.0005088145138889919,5355,2741,5404,0.20303703703703704,0.4002962962962963,1,0,0
flow,0.1,0.5,0,registered,during_vibration,flow_dump_0.1_0.5.shear.wave,2199,219900,219.9,0.21989999999999998,158683.45183699526,1169.0870899967872,0.007367416554548555,7.367416554548556e+17,98,0.0006175817255391491,6.1758172553914915e+26,961.1828561575492,3.9087775935089697,97.0565419542115,32.15661351717032,0.0,74.78230077434722,0.006057234355759459,2.4632547050490127e-05,0.0006116361903565792,0.00020264629452479158,0.0,0.0004712671668572348,5344,2740,5416,0.20296296296296296,0.4011851851851852,1,0,0
flow,0.1,0.5,0,registered,during_vibration,flow_dump_0.1_0.5.shear.wave,2200,220000,220.0,0.22,158683.45183699526,1207.5255016242063,0.007609649825771469,7.609649825771469e+17,96,0.0006049780168546768,6.049780168546768e+26,1004.7764316340397,5.514131717372223,92.97237599211276,38.89958459922323,0.0,65.36297768145813,0.006331954718669584,3.4749254906784586e-05,0.0005858983713539139,0.00024513951611779993,0.0,0.0004119079647233858,5325,2735,5440,0.2025925925925926,0.40296296296296297,1,0,0
flow,0.1,0.5,0,registered,after_removal,flow_dump_0.1_0.5.shear.wave,2240,224000,224.0,0.22399999999999998,158683.4518369953,1575.6449824578865,0.009929485174524936,9.929485174524936e+17,140,0.0008822596079130701,8.8225960791307e+26,1336.6695958670812,4.5349327762676275,118.96015427671873,22.832467263480297,0.0,92.64783227433807,0.008423497096850092,2.857848580787148e-05,0.0007496695647818299,0.00014388688296832953,0.0,0.0005838531441168099,5256,2627,5617,0.1945925925925926,0.4160740740740741,0,0,0
flow,0.1,0.5,0,registered,after_removal,flow_dump_0.1_0.5.shear.wave,2245,224500,224.5,0.22449999999999998,158683.45183699526,1476.6107563120008,0.009305385906457485,9.305385906457485e+17,129,0.0008129392101484719,8.129392101484719e+26,1260.621156229273,0.0,105.13078109623461,31.739080615407254,2.5476662254865294,76.57207214559932,0.007944250907298283,0.0,0.0006625188693539912,0.0002000150629947895,1.6055021465650835e-05,0.00048254604534476986,5245,2586,5669,0.19155555555555556,0.4199259259259259,0,0,0
flow,0.1,0.5,0,registered,after_removal,flow_dump_0.1_0.5.shear.wave,2250,225000,225.0,0.22499999999999998,158683.45183699526,1450.1916777106837,0.009138896721255896,9.138896721255896e+17,129,0.0008129392101484719,8.129392101484719e+26,1287.0823478397408,2.1096548553711294,81.57094114857368,37.01698530705421,4.068514552783544,38.343234007160625,0.008111005482549455,1.3294737610940268e-05,0.0005140481896774338,0.0002332756495937538,2.563918610091021e-05,0.00024163347572340454,5214,2546,5740,0.1885925925925926,0.42518518518518517,0,0,0
flow,0.1,0.5,0,registered,after_removal,flow_dump_0.1_0.5.shear.wave,2255,225500,225.5,0.22549999999999998,158683.4518369953,1509.0549515677237,0.009509844499210121,9.509844499210121e+17,126,0.0007940336471217631,7.940336471217631e+26,1307.8828938308816,13.291073006150913,77.54664568779488,29.798386311339897,0.0,80.53595273155705,0.008242087493624607,8.375840613679068e-05,0.0004886876658534834,0.0001877850901677495,0.0,0.0005075258434274933,5203,2544,5753,0.18844444444444444,0.42614814814814816,0,0,0
flow,0.1,0.5,0,registered,after_removal,flow_dump_0.1_0.5.shear.wave,2260,226000,226.0,0.22599999999999998,158683.45183699526,1387.429680728429,0.008743379758045858,8.743379758045857e+17,119,0.0007499206667261097,7.499206667261097e+26,1227.846100873277,0.0,69.0282149426468,33.18290071427974,3.463120685097026,53.90934351312893,0.007737707282386068,0.0,0.0004350057560731336,0.000209113806954277,2.1824082127066754e-05,0.0003397288305053153,5205,2584,5711,0.19140740740740741,0.42303703703703704,0,0,0
flow,0.1,0.5,0,registered,after_removal,flow_dump_0.1_0.5.shear.wave,2265,226500,226.5,0.22649999999999998,158683.45183699526,1426.3909361733229,0.008988907914850236,8.988907914850236e+17,110,0.0006932039776459838,6.932039776459838e+26,1199.2647860513518,3.1124088564080132,89.85563223721522,47.01809567569036,0.0,87.14001335265789,0.0075575919994686986,1.9613947266569292e-05,0.0005662571061884752,0.0002963011903975271,0.0,0.0005491436715289689,5127,2586,5787,0.19155555555555556,0.42866666666666664,0,0,0
flow,0.1,0.5,0,registered,after_removal,flow_dump_0.1_0.5.shear.wave,2270,227000,227.0,0.22699999999999998,158683.45183699526,1447.3943670544852,0.009121268476950547,9.121268476950547e+17,112,0.0007058076863304561,7.058076863304562e+26,1231.3323258586236,19.6149902344716,81.29272021067277,21.208405670299797,0.0,93.94592508041711,0.007759676964447986,0.00012361081138202582,0.000512294881851822,0.00013365228336528596,0.0,0.0005920335359034248,5138,2549,5813,0.18881481481481482,0.4305925925925926,0,0,0
flow,0.1,0.5,0,registered,after_removal,flow_dump_0.1_0.5.shear.wave,2275,227500,227.5,0.22749999999999998,158683.45183699526,1368.5216353800772,0.008624224010364147,8.624224010364147e+17,122,0.0007688262297528183,7.688262297528184e+26,1181.78106441194,10.008220101028613,62.85169603774243,52.739973843666256,3.657651439498684,57.483029546201024,0.007447412132336921,6.307034530172294e-05,0.0003960822335923579,0.0003323596331761326,2.3049986606391327e-05,0.00036224967935061963,5098,2494,5908,0.18474074074074073,0.43762962962962965,0,0,0
flow,0.1,0.5,0,registered,after_removal,flow_dump_0.1_0.5.shear.wave,2280,228000,228.0,0.22799999999999998,158683.45183699526,1437.4286297571873,0.009058465852089985,9.058465852089985e+17,126,0.0007940336471217632,7.940336471217631e+26,1288.4748826595128,3.7984616039178922,48.48155914103639,44.44441212563919,3.63474528544762,48.59456894163294,0.00811978103415015,2.393735175246751e-05,0.0003055237239913221,0.0002800822115420953,2.2905635360020697e-05,0.0003062358952939267,5100,2519,5881,0.1865925925925926,0.43562962962962964,0,0,0
flow,0.1,0.5,0,registered,after_removal,flow_dump_0.1_0.5.shear.wave,2285,228500,228.5,0.22849999999999998,158683.45183699526,1265.5765900095032,0.00797547932918389,7.975479329183891e+17,113,0.0007121095406726924,7.121095406726925e+26,1081.1895598422307,11.579827640122831,40.7607951636183,29.517160559008914,4.0036958065622965,98.52555099796007,0.006813499122472224,7.297438709625502e-05,0.0002568685939948489,0.0001860128464392739,2.5230707803577536e-05,0.0006208936713777104,5094,2477,5929,0.18348148148148147,0.4391851851851852,0,0,0
flow,0.1,0.5,0,registered,after_removal,flow_dump_0.1_0.5.shear.wave,2290,229000,229.0,0.22899999999999998,158683.45183699526,1217.028156043709,0.007669534169787783,7.669534169787784e+17,101,0.0006364872885658578,6.364872885658577e+26,1046.7911048524952,17.43960529507251,29.892647961831397,36.45990310005753,0.0,86.44489483425178,0.006596725069528943,0.00010990185235563841,0.00018837911335920575,0.0002297649986686092,0.0,0.0005447631358753826,5047,2463,5990,0.18244444444444444,0.4437037037037037,0,0,0
flow,0.1,0.5,0,registered,after_removal,flow_dump_0.1_0.5.shear.wave,2295,229500,229.5,0.22949999999999998,158683.45183699526,1271.0884702618112,0.008010214395685784,8.010214395685784e+17,108,0.0006806002689615113,6.806002689615113e+26,1067.400217148882,34.952727741927426,31.325774194929338,43.81987585736348,0.0,93.58987531870876,0.0067266006933435615,0.0002202669990934656,0.00019741046613422664,0.000276146474947978,0.0,0.0005897897621665509,5026,2453,6021,0.1817037037037037,0.446,0,0,0
flow,0.1,0.5,0,registered,after_removal,flow_dump_0.1_0.5.shear.wave,2300,230000,230.0,0.22999999999999998,158683.45183699526,1297.7932422455526,0.008178503978969954,8.178503978969953e+17,110,0.0006932039776459838,6.932039776459838e+26,1064.9550326312583,13.074074302181172,42.17563204131704,36.81012802382415,0.0,140.77837524697253,0.006711191496673606,8.239091191191934e-05,0.00026578468991613066,0.00023197206512520722,0.0,0.0008871648153430932,4998,2460,6042,0.18222222222222223,0.44755555555555554,0,0,0
