region,amplitude_A,frequency_THz,is_baseline,coordinate_treatment,analysis_stage,filename,frame,timestep,time_ps,strain_xy,cell_volume_A3,total_line_length_A,dislocation_density_A-2,dislocation_density_m-2,segment_count,segment_number_density_A-3,segment_number_density_m-3,shockley_length_A,perfect_length_A,stair_rod_length_A,hirth_length_A,frank_length_A,other_length_A,shockley_density_A-2,perfect_density_A-2,stair_rod_density_A-2,hirth_density_A-2,frank_density_A-2,other_density_A-2,fcc_count,hcp_count,other_atom_count,hcp_fraction,other_atom_fraction,coherent_correction_applied,has_PE,has_KE
flow,0.4,0.8,0,registered,before,flow_dump_0.4_0.8.shear.wave,1850,185000,185.0,0.185,158683.45183699526,1441.826292300768,0.00908617928088594,9.086179280885939e+17,126,0.0007940336471217632,7.940336471217631e+26,1167.4654380944578,4.603785611908546,121.82863208346481,44.556678307427724,0.0,103.37175820350976,0.007357197140466265,2.9012386349130486e-05,0.0007677462941038811,0.00028078969666728564,0.0,0.0006514337632993802,5939,3062,4499,0.2268148148148148,0.33325925925925926,0,0,0
flow,0.4,0.8,0,registered,before,flow_dump_0.4_0.8.shear.wave,1855,185500,185.5,0.1855,158683.45183699526,1437.2295380341995,0.009057211205050972,9.057211205050972e+17,125,0.000787731792779527,7.87731792779527e+26,1161.7754451855296,6.342864394528773,133.7958539195755,24.720090279973533,0.0,110.59528425459212,0.0073213396339458425,3.997180752687663e-05,0.0008431619829962794,0.0001557824082713225,0.0,0.0006969553723106499,5928,3069,4503,0.22733333333333333,0.33355555555555555,0,0,0
flow,0.4,0.8,0,registered,before,flow_dump_0.4_0.8.shear.wave,1860,186000,186.0,0.186,158683.45183699526,4975.515810919432,0.03135497591790757,3.135497591790757e+18,135,0.0008507503362018892,8.507503362018892e+26,3685.6746195561204,0.0,448.83295727585386,257.259246710078,0.0,583.7489873773791,0.02322658460531955,0.0,0.0028284799207475616,0.001621210300960323,0.0,0.00367870109088013,5915,3025,4560,0.22407407407407406,0.3377777777777778,0,0,0
flow,0.4,0.8,0,registered,before,flow_dump_0.4_0.8.shear.wave,1865,186500,186.5,0.1865,158683.45183699526,1704.3169668455046,0.0107403572780622,1.07403572780622e+18,122,0.0007688262297528183,7.688262297528184e+26,1352.8907364199413,0.0,161.42633713868145,67.77793029904024,0.0,122.22196298784144,0.008525720361879159,0.0,0.001017285263648687,0.0004271266443627903,0.0,0.0007702250081715626,5911,3021,4568,0.22377777777777777,0.3383703703703704,0,0,0
flow,0.4,0.8,0,registered,before,flow_dump_0.4_0.8.shear.wave,1870,187000,187.0,0.187,158683.45183699526,1550.0191724865495,0.009767995052683748,9.767995052683748e+17,129,0.0008129392101484719,8.129392101484719e+26,1208.4069916005535,6.442923376896207,156.38005819092385,52.4617493373733,0.0,126.32744998080318,0.007615204847206551,4.0602364659388584e-05,0.0009854843487496255,0.00033060630286303386,0.0,0.0007960971892051529,5916,3027,4557,0.2242222222222222,0.33755555555555555,0,0,0
flow,0.4,0.8,0,registered,before,flow_dump_0.4_0.8.shear.wave,1875,187500,187.5,0.1875,158683.45183699526,1536.1960074072153,0.009680883479805098,9.680883479805098e+17,131,0.0008255429188329443,8.255429188329443e+26,1202.2306791004264,7.870538299511893,144.28804290422232,62.24720794551858,0.0,119.55953915753562,0.007576282625458617,4.959898595851547e-05,0.0009092822297087389,0.000392272837683547,0.0,0.0007534468009956768,5888,3011,4601,0.22303703703703703,0.3408148148148148,0,0,0
flow,0.4,0.8,0,registered,before,flow_dump_0.4_0.8.shear.wave,1880,188000,188.0,0.188,158683.45183699526,1497.927042607647,0.009439718037810053,9.439718037810053e+17,126,0.0007940336471217632,7.940336471217631e+26,1221.3909315814399,5.9249625163137605,139.40151732368602,37.20419762059687,0.0,94.00543356561074,0.007697027745754433,3.733825076101869e-05,0.0008784880572605878,0.00023445543432477268,0.0,0.0005924085497092422,5867,2993,4640,0.2217037037037037,0.3437037037037037,0,0,0
flow,0.4,0.8,0,registered,before,flow_dump_0.4_0.8.shear.wave,1885,188500,188.5,0.1885,158683.45183699526,1533.7373097756965,0.009665389125459665,9.665389125459665e+17,128,0.0008066373558062356,8.066373558062357e+26,1190.2230546991996,5.014848463179432,151.90362676925645,28.928189075994343,0.0,157.66759076806719,0.007500612325485804,3.160284456334392e-05,0.0009572745299572682,0.0001823012339415852,0.0,0.0009935981915116668,5835,3005,4660,0.2225925925925926,0.3451851851851852,0,0,0
flow,0.4,0.8,0,registered,before,flow_dump_0.4_0.8.shear.wave,1890,189000,189.0,0.189,158683.4518369953,1488.4590490642256,0.009380052121586177,9.380052121586177e+17,121,0.000762524375410582,7.62524375410582e+26,1203.1402573759274,0.0,167.0499310768173,9.040746322285841,0.0,109.22811428919475,0.007582014655263685,0.0,0.0010527243335267016,5.697346646815312e-05,0.0,0.0006883396663276355,5870,3010,4620,0.22296296296296297,0.3422222222222222,0,0,0
flow,0.4,0.8,0,registered,before,flow_dump_0.4_0.8.shear.wave,1895,189500,189.5,0.1895,158683.45183699526,1497.1161961776575,0.009434608201714337,9.434608201714337e+17,129,0.0008129392101484719,8.129392101484719e+26,1212.6033220505008,10.534191187355,132.72377370722762,30.244553758185795,0.0,111.0103554743877,0.007641649510474009,6.638493847597959e-05,0.0008364058896548693,0.0001905967724300198,0.0,0.000699571090679456,5912,3016,4572,0.22340740740740742,0.33866666666666667,0,0,0
flow,0.4,0.8,0,registered,before,flow_dump_0.4_0.8.shear.wave,1900,190000,190.0,0.19,158683.45183699526,1501.7487813824728,0.009463802078903082,9.463802078903082e+17,126,0.0007940336471217632,7.940336471217631e+26,1205.5387239756446,11.467998671675558,139.27213712580374,44.83362218934846,0.0,100.63629942000073,0.007597129442419823,7.226965722585777e-05,0.0008776727220987639,0.00028253495667212355,0.0,0.0006341953004865156,5911,3054,4535,0.2262222222222222,0.3359259259259259,0,0,0
flow,0.4,0.8,0,registered,during_vibration,flow_dump_0.4_0.8.shear.wave,1910,191000,191.0,0.191,158683.45183699526,1081.9589614710362,0.006818347779467636,6.818347779467636e+17,96,0.0006049780168546768,6.049780168546768e+26,885.3679843317062,8.880497399855283,106.31885899453013,0.0,0.0,81.39162074494466,0.005579460076537689,5.596360110049544e-05,0.0006700059632162796,0.0,0.0,0.0005129181386131728,5118,2166,6216,0.16044444444444445,0.46044444444444443,1,0,0
flow,0.4,0.8,0,registered,during_vibration,flow_dump_0.4_0.8.shear.wave,1911,191100,191.1,0.1911,158683.45183699526,967.2754250698412,0.00609562883761476,6.09562883761476e+17,86,0.0005419594734323146,5.419594734323146e+26,836.6617896755016,7.637517348606262,91.13924029852758,12.31319443582709,0.0,19.523683311378583,0.005272520732249684,4.8130521867218806e-05,0.000574346217223386,7.759595782221575e-05,0.0,0.00012303540845225587,5060,2123,6317,0.15725925925925927,0.4679259259259259,1,0,0
flow,0.4,0.8,0,registered,during_vibration,flow_dump_0.4_0.8.shear.wave,1912,191200,191.20000000000002,0.19119999999999998,158683.45183699526,996.1772108249709,0.006277763681674105,6.277763681674104e+17,93,0.0005860724538279681,5.860724538279681e+26,832.6392416034996,3.929344880323539,93.76109313892513,12.720969817521873,0.0,53.12656138470074,0.005247171220215284,2.4762159096210538e-05,0.0005908687519303496,8.016569888200606e-05,0.0,0.00033479585155025526,4976,1956,6568,0.1448888888888889,0.4865185185185185,1,0,0
flow,0.4,0.8,0,registered,during_vibration,flow_dump_0.4_0.8.shear.wave,1913,191300,191.3,0.1913,158683.45183699526,855.8426480545253,0.005393395707913352,5.393395707913352e+17,73,0.0004600353669832438,4.600353669832438e+26,715.7431583905699,17.074256222684667,83.27879132797483,5.688779307953646,0.0,34.05766280534223,0.004510509130629476,0.0001075994757173791,0.0005248108127463819,3.584985858385122e-05,0.0,0.0002146264302362628,4903,1887,6710,0.13977777777777778,0.49703703703703705,1,0,0
flow,0.4,0.8,0,registered,during_vibration,flow_dump_0.4_0.8.shear.wave,1914,191400,191.4,0.1914,158683.45183699526,927.7636796377301,0.005846631573094079,5.846631573094079e+17,83,0.0005230539104056059,5.2305391040560594e+26,757.7339159369,10.18926235250405,59.71970376222612,17.595926087206383,4.02796211613538,78.49690938275808,0.004775128768406605,6.421124720031165e-05,0.00037634487447104514,0.00011088696321832905,2.538363055193072e-05,0.0004946760892458568,4979,1903,6618,0.14096296296296296,0.4902222222222222,1,0,0
flow,0.4,0.8,0,registered,during_vibration,flow_dump_0.4_0.8.shear.wave,1915,191500,191.5,0.1915,158683.45183699526,933.0749095683166,0.005880102170494761,5.880102170494761e+17,84,0.0005293557647478421,5.293557647478421e+26,769.4492425237079,0.0,96.25462757572626,9.203768634585328,5.6446556106783286,52.52261522361861,0.0048489570501283955,0.0,0.0006065826427484204,5.800080933479904e-05,3.5571797470581245e-05,0.0003309898708125629,5078,2036,6386,0.15081481481481482,0.47303703703703703,1,0,0
flow,0.4,0.8,0,registered,during_vibration,flow_dump_0.4_0.8.shear.wave,1916,191600,191.6,0.1916,158683.4518369953,1022.1540203536008,0.006441465751599543,6.441465751599543e+17,91,0.0005734687451434956,5.7346874514349555e+26,811.338852023473,10.224171336426005,119.3569498017317,12.687689759783998,0.0,68.54635743218641,0.005112939267649069,6.443123853222326e-05,0.0007521701123841129,7.995597280564075e-05,0.0,0.00043196916022849956,5107,2064,6329,0.15288888888888888,0.4688148148148148,1,0,0
flow,0.4,0.8,0,registered,during_vibration,flow_dump_0.4_0.8.shear.wave,1917,191700,191.70000000000002,0.19169999999999998,158683.45183699526,994.0166935794716,0.00626414841668908,6.26414841668908e+17,87,0.0005482613277745507,5.4826132777455075e+26,816.1856284090264,15.344493100915605,94.26654735775469,20.58257054149139,0.0,47.63745417028353,0.005143482946460218,9.669876047741866e-05,0.0005940540507940823,0.00012970836154128074,0.0,0.00030020429741608003,5056,2074,6370,0.15362962962962962,0.47185185185185186,1,0,0
flow,0.4,0.8,0,registered,during_vibration,flow_dump_0.4_0.8.shear.wave,1918,191800,191.8,0.1918,158683.45183699526,957.4639807472222,0.006033798544606655,6.033798544606655e+17,88,0.000554563182116787,5.54563182116787e+26,780.8960407450736,0.0,86.11227225540871,32.62728934987988,0.0,57.82837839686007,0.004921093105204411,0.0,0.0005426669968325746,0.00020561242506493798,0.0,0.0003644260175047316,5026,2022,6452,0.1497777777777778,0.4779259259259259,1,0,0
flow,0.4,0.8,0,registered,during_vibration,flow_dump_0.4_0.8.shear.wave,1919,191900,191.9,0.1919,158683.45183699526,1006.7524085947246,0.006344407037659434,6.344407037659434e+17,78,0.0004915446386944248,4.9154463869442485e+26,803.3009463407465,0.0,128.9730982476301,23.827183529381458,0.0,50.65118047696643,0.005062285556819895,0.0,0.0008127696792234859,0.00015015543998789178,0.0,0.00031919636162816117,4965,1911,6624,0.14155555555555555,0.49066666666666664,1,0,0
flow,0.4,0.8,0,registered,during_vibration,flow_dump_0.4_0.8.shear.wave,1920,192000,192.0,0.192,158683.4518369953,891.2841106855501,0.0056167426430898774,5.616742643089878e+17,73,0.0004600353669832437,4.600353669832437e+26,748.4881234384103,10.32371086818915,59.85061533902072,25.63583613037056,0.0,46.98582490955946,0.004716863130802582,6.5058522162689e-05,0.0003771698601597171,0.00016155330523503177,0.0,0.0002960978247298578,4983,1909,6608,0.1414074074074074,0.48948148148148146,1,0,0
flow,0.4,0.8,0,registered,during_vibration,flow_dump_0.4_0.8.shear.wave,1921,192100,192.1,0.1921,158683.45183699526,963.8611793605183,0.006074112758466003,6.074112758466003e+17,75,0.0004726390756677162,4.726390756677162e+26,818.6708349198999,9.560452979983113,87.50510050146724,23.414121697424456,0.0,24.710669261743885,0.0051591443559021195,6.024858212565175e-05,0.0005514443975629878,0.0001475523844885615,0.0,0.0001557230383866837,5035,2029,6436,0.1502962962962963,0.47674074074074074,1,0,0
flow,0.4,0.8,0,registered,during_vibration,flow_dump_0.4_0.8.shear.wave,1922,192200,192.20000000000002,0.19219999999999998,158683.45183699526,1023.8522383563624,0.006452167674094312,6.452167674094312e+17,84,0.0005293557647478421,5.293557647478421e+26,858.4426499106837,10.043816530418113,71.55244207860076,0.0,0.0,83.81332983666027,0.0054097805409004055,6.329466881483927e-05,0.0004509130678106356,0.0,0.0,0.0005281793965684337,5124,2134,6242,0.15807407407407406,0.4623703703703704,1,0,0
flow,0.4,0.8,0,registered,during_vibration,flow_dump_0.4_0.8.shear.wave,1923,192300,192.3,0.1923,158683.45183699526,1044.39581964753,0.006581630331059139,6.581630331059139e+17,88,0.000554563182116787,5.54563182116787e+26,879.5428220282205,29.44538067305664,75.97916448279238,0.0,0.0,59.428452463460935,0.0055427507521812365,0.00018556050005330034,0.00047880962761536486,0.0,0.0,0.00037450945120923987,5171,2120,6209,0.15703703703703703,0.4599259259259259,1,0,0
flow,0.4,0.8,0,registered,during_vibration,flow_dump_0.4_0.8.shear.wave,1924,192400,192.4,0.1924,158683.4518369953,1206.586675442179,0.007603733479919655,7.603733479919654e+17,103,0.0006490909972503301,6.490909972503302e+26,1024.5362610424822,23.89146057570772,93.10085401873155,12.739448532929053,0.0,52.31865127232868,0.006456478285429023,0.00015056050457138903,0.0005867080211638434,8.028214905493373e-05,0.0,0.00032970451970046674,5095,2066,6339,0.15303703703703703,0.46955555555555556,1,0,0
flow,0.4,0.8,0,registered,during_vibration,flow_dump_0.4_0.8.shear.wave,1925,192500,192.5,0.1925,158683.45183699526,881.964025890943,0.005558008826256974,5.558008826256974e+17,75,0.0004726390756677162,4.726390756677162e+26,742.6661700539437,15.021904899854365,92.80357383734949,2.391768652867496,0.0,29.080608446928032,0.004680174028586385,9.466585662180672e-05,0.0005848346047619402,1.5072577670697494e-05,0.0,0.0001832617586161446,4990,1940,6570,0.1437037037037037,0.4866666666666667,1,0,0
flow,0.4,0.8,0,registered,during_vibration,flow_dump_0.4_0.8.shear.wave,1926,192600,192.6,0.1926,158683.45183699526,888.5636928201574,0.005599598965952156,5.5995989659521555e+17,68,0.0004285260952720627,4.2852609527206266e+26,725.9736133097039,16.14345893454592,91.45865618425039,4.078169799011798,0.0,50.90979459264518,0.004574979967384673,0.00010173372678538023,0.0005763591296098074,2.5700032056279094e-05,0.0,0.00032082611011601485,4958,1863,6679,0.138,0.49474074074074076,1,0,0
flow,0.4,0.8,0,registered,during_vibration,flow_dump_0.4_0.8.shear.wave,1927,192700,192.70000000000002,0.19269999999999998,158683.45183699526,919.5313446074832,0.005794752596836974,5.794752596836974e+17,80,0.0005041483473788973,5.041483473788973e+26,725.8846417710289,22.407857880687022,74.02078286785857,6.482085375645228,4.996521492746506,85.73945521951684,0.004574419281707339,0.0001412110564856195,0.00046646819193153864,4.0849157871255756e-05,3.148735066514115e-05,0.0005403175581760798,5092,1990,6418,0.1474074074074074,0.4754074074074074,1,0,0
flow,0.4,0.8,0,registered,during_vibration,flow_dump_0.4_0.8.shear.wave,1928,192800,192.8,0.1928,158683.45183699526,1034.6086887078939,0.0065199532574491586,6.519953257449158e+17,94,0.0005923743081702043,5.9237430817020434e+26,814.5025188216933,34.00054928933145,76.31352430572475,13.850388501324785,0.0,95.94170778981956,0.005132876234998823,0.0002142665091773899,0.00048091671451738055,8.728313091873215e-05,0.0,0.0006046106678368326,5162,2116,6222,0.15674074074074074,0.4608888888888889,1,0,0
flow,0.4,0.8,0,registered,during_vibration,flow_dump_0.4_0.8.shear.wave,1929,192900,192.9,0.1929,158683.45183699526,1247.9699203813025,0.007864524661735095,7.864524661735095e+17,95,0.0005986761625124405,5.986761625124405e+26,987.7380594054032,52.2024580298254,115.3515100110404,32.525360781300066,2.8484684397018065,57.30406371403131,0.006224581378655914,0.000328972286810659,0.0007269284142465793,0.00020497008607243535,1.7950633205457647e-05,0.000361121862744049,5193,2064,6243,0.15288888888888888,0.46244444444444444,1,0,0
flow,0.4,0.8,0,registered,during_vibration,flow_dump_0.4_0.8.shear.wave,1930,193000,193.0,0.193,158683.45183699526,1040.4534142258126,0.006556785866333434,6.556785866333434e+17,94,0.0005923743081702043,5.9237430817020434e+26,874.3322321861255,13.95306862019272,92.40273139280625,30.65501115709787,0.0,29.110370869590685,0.005509914373959218,8.793020607168139e-05,0.0005823085540622427,0.00019318341517165686,0.0,0.0001834493170686367,5097,2065,6338,0.15296296296296297,0.4694814814814815,1,0,0
flow,0.4,0.8,0,registered,during_vibration,flow_dump_0.4_0.8.shear.wave,1931,193100,193.1,0.1931,158683.45183699526,1000.0733298147085,0.006302316456047452,6.302316456047452e+17,90,0.0005671668908012594,5.671668908012594e+26,787.4072838376412,24.65694726719201,124.04559115960099,21.94766264556808,0.0,42.01584490470631,0.004962126010760664,0.00015538449020204337,0.0007817172472843898,0.0001383109731449088,0.0,0.0002647777346554469,5031,1918,6551,0.14207407407407407,0.4852592592592593,1,0,0
flow,0.4,0.8,0,registered,during_vibration,flow_dump_0.4_0.8.shear.wave,1932,193200,193.20000000000002,0.19319999999999998,158683.45183699526,876.1486914480165,0.005521361435646261,5.521361435646261e+17,74,0.00046633722132547996,4.6633722132548e+26,709.9111960073722,19.832579156173164,79.68205489854313,17.040012979753723,0.0,49.68284840617425,0.0044737569531611635,0.00012498202507307333,0.0005021447036606886,0.00010738367978822248,0.0,0.00031309407396311285,4987,1865,6648,0.13814814814814816,0.49244444444444446,1,0,0
flow,0.4,0.8,0,registered,during_vibration,flow_dump_0.4_0.8.shear.wave,1933,193300,193.3,0.1933,158683.45183699526,969.9723124440344,0.006112624229024342,6.112624229024342e+17,80,0.0005041483473788973,5.041483473788973e+26,821.5360256824456,20.610637825008723,70.0988956338519,0.0,0.0,57.72675330272815,0.005177200370750403,0.00012988523747378922,0.0004417530298361529,0.0,0.0,0.0003637855909639962,5046,1938,6516,0.14355555555555555,0.4826666666666667,1,0,0
flow,0.4,0.8,0,registered,during_vibration,flow_dump_0.4_0.8.shear.wave,1934,193400,193.4,0.1934,158683.45183699526,1088.9071816245635,0.006862134450812955,6.862134450812955e+17,82,0.0005167520560633698,5.167520560633698e+26,957.6318283803636,0.0,69.58553651916722,0.0,0.0,61.689816725032735,0.006034856295942401,0.0,0.0004385179154701507,0.0,0.0,0.0003887602394004039,5067,2067,6366,0.15311111111111111,0.47155555555555556,1,0,0
flow,0.4,0.8,0,registered,during_vibration,flow_dump_0.4_0.8.shear.wave,1935,193500,193.5,0.19349999999999998,158683.4518369953,1158.7453609310724,0.007302244484329548,7.302244484329548e+17,85,0.0005356576190900783,5.356576190900783e+26,958.5490230359859,14.226449849970987,93.67044284245911,0.0,0.0,92.29944520265656,0.006040636323065609,8.965301476164541e-05,0.0005902974869659402,0.0,0.0,0.0005816576595363547,5166,2150,6184,0.15925925925925927,0.4580740740740741,1,0,0
flow,0.4,0.8,0,registered,during_vibration,flow_dump_0.4_0.8.shear.wave,1936,193600,193.6,0.1936,158683.45183699526,1148.122710885501,0.00723530209101381,7.23530209101381e+17,89,0.0005608650364590232,5.6086503645902325e+26,976.7264162844541,8.235376849955546,79.70740240033513,16.835605811261708,0.0,66.61790953949468,0.0061551876076390045,5.189814536184397e-05,0.0005023044399249213,0.00010609553558587687,0.0,0.00041981636250216397,5135,2108,6257,0.15614814814814815,0.4634814814814815,1,0,0
flow,0.4,0.8,0,registered,during_vibration,flow_dump_0.4_0.8.shear.wave,1937,193700,193.70000000000002,0.19369999999999998,158683.45183699526,1062.3235320969127,0.006694608163604643,6.694608163604643e+17,96,0.0006049780168546768,6.049780168546768e+26,928.0684070356648,8.765310868124859,74.03488704842098,27.951109713384806,0.0,23.50381743131692,0.005848551920769952,5.523771235534293e-05,0.00046655707442305955,0.00017614382211761492,0.0,0.0001481176339386718,5057,2024,6419,0.14992592592592593,0.4754814814814815,1,0,0
flow,0.4,0.8,0,registered,during_vibration,flow_dump_0.4_0.8.shear.wave,1938,193800,193.8,0.1938,158683.45183699526,960.7746881660718,0.006054662140530006,6.054662140530006e+17,85,0.0005356576190900784,5.356576190900784e+26,804.9711139071284,15.866802784640136,108.62982282841416,4.27752311020334,5.217388600786183,21.812036934899545,0.005072810709550361,9.999028002579012e-05,0.0006845693206875926,2.6956327586050684e-05,3.2879223008998144e-05,0.00013745627967121343,4988,1898,6614,0.1405925925925926,0.48992592592592593,1,0,0
flow,0.4,0.8,0,registered,during_vibration,flow_dump_0.4_0.8.shear.wave,1939,193900,193.9,0.1939,158683.4518369953,892.6658738105331,0.005625450313038993,5.6254503130389926e+17,72,0.00045373351264100744,4.537335126410075e+26,753.581372631803,6.710397239669751,77.02502883983564,5.145628678011514,0.0,50.203446421213116,0.004748960045348055,4.228794598294273e-05,0.0004854005124551879,3.242700242806205e-05,0.0,0.00031637480682474505,5015,1897,6588,0.14051851851851851,0.488,1,0,0
flow,0.4,0.8,0,registered,during_vibration,flow_dump_0.4_0.8.shear.wave,1940,194000,194.0,0.19399999999999998,158683.45183699526,893.9971115404365,0.0056338395793077345,5.6338395793077344e+17,74,0.00046633722132547996,4.6633722132548e+26,758.3335549660745,0.0,67.36121736864992,3.084999982940941,0.0,65.21733922277117,0.004778907606226383,0.0,0.0004245005801729441,1.944122053829502e-05,0.0,0.0004109901723701128,5126,2027,6347,0.15014814814814814,0.47014814814814815,1,0,0
flow,0.4,0.8,0,registered,during_vibration,flow_dump_0.4_0.8.shear.wave,1941,194100,194.1,0.1941,158683.45183699526,1067.4602352645695,0.00672697891876652,6.72697891876652e+17,90,0.0005671668908012594,5.671668908012594e+26,861.0819071728329,36.48150326081609,109.38149170387084,0.0,0.0,60.51533312704983,0.005426412755738159,0.00022990111973547855,0.0006893062284543131,0.0,0.0,0.0003813588148385701,5141,2071,6288,0.1534074074074074,0.4657777777777778,1,0,0
flow,0.4,0.8,0,registered,during_vibration,flow_dump_0.4_0.8.shear.wave,1942,194200,194.20000000000002,0.19419999999999998,158683.45183699526,1064.364368683104,0.006707469218507127,6.707469218507127e+17,98,0.0006175817255391491,6.1758172553914915e+26,876.9450693424418,37.95910200216948,97.45135597952759,10.218194209692104,0.0,41.79064714927292,0.005526380093138306,0.00023921273177975917,0.0006141242508363932,6.439357155016114e-05,0.0,0.0002633585712025071,5152,2063,6285,0.15281481481481482,0.46555555555555556,1,0,0
flow,0.4,0.8,0,registered,during_vibration,flow_dump_0.4_0.8.shear.wave,1943,194300,194.3,0.1943,158683.4518369953,1119.6658162027134,0.007055970885690525,7.055970885690525e+17,96,0.0006049780168546767,6.0497801685467664e+26,892.8301762619955,24.348407583044626,126.9618461650698,43.28914730111038,0.0,32.23623889149276,0.005626485723156181,0.00015344011805374695,0.0008000950615536715,0.0002728019008912056,0.0,0.0002031480820357176,5105,2025,6370,0.15,0.47185185185185186,1,0,0
flow,0.4,0.8,0,registered,during_vibration,flow_dump_0.4_0.8.shear.wave,1944,194400,194.4,0.1944,158683.45183699526,1057.4811354004023,0.006664092084955909,6.664092084955909e+17,92,0.0005797705994857318,5.7977059948573184e+26,853.4821328708352,24.85554173553079,112.47981317493459,21.392064359463348,0.0,45.27158325963797,0.0053785200850531,0.0001566360036146882,0.0007088313990703799,0.0001348096736730807,0.0,0.0002852949235446579,5005,1938,6557,0.14355555555555555,0.4857037037037037,1,0,0
flow,0.4,0.8,0,registered,during_vibration,flow_dump_0.4_0.8.shear.wave,1945,194500,194.5,0.19449999999999998,158683.45183699526,965.2070305255448,0.006082594116474329,6.082594116474328e+17,82,0.0005167520560633698,5.167520560633698e+26,808.0824501985867,28.397803361290308,70.92992275342394,20.268168728548005,0.0,37.528685483695966,0.005092417897668844,0.00017895882042231754,0.00044699004169814404,0.00012772704711117654,0.0,0.00023650030957384668,5000,1955,6545,0.1448148148148148,0.4848148148148148,1,0,0
flow,0.4,0.8,0,registered,during_vibration,flow_dump_0.4_0.8.shear.wave,1946,194600,194.6,0.1946,158683.45183699526,972.9069509999905,0.006131117893751087,6.131117893751087e+17,79,0.000497846493036661,4.97846493036661e+26,854.4652946492397,0.0,69.97156396576054,8.929007427688186,0.0,39.541084957302054,0.005384715827375459,0.0,0.0004409506042106872,5.6269304230036216e-05,0.0,0.0002491821579349051,5063,2002,6435,0.1482962962962963,0.4766666666666667,1,0,0
flow,0.4,0.8,0,registered,during_vibration,flow_dump_0.4_0.8.shear.wave,1947,194700,194.70000000000002,0.19469999999999998,158683.4518369953,1060.631954078696,0.006683948085325312,6.683948085325312e+17,87,0.0005482613277745506,5.482613277745507e+26,875.4679163494889,12.389279343305157,94.19697914488125,7.835742399163921,0.0,70.74203684185673,0.005517071290135517,7.807543382678504e-05,0.0005936156420497041,4.937970726281557e-05,0.0,0.0004458060120504891,5128,2128,6244,0.15762962962962962,0.4625185185185185,1,0,0
flow,0.4,0.8,0,registered,during_vibration,flow_dump_0.4_0.8.shear.wave,1948,194800,194.8,0.1948,158683.45183699526,1160.8431357815257,0.007315464355879913,7.315464355879913e+17,94,0.0005923743081702043,5.9237430817020434e+26,972.1954030170126,26.75468871559921,86.77139214193879,13.088890357199599,0.0,62.03276154977492,0.006126633822004849,0.00016860415125757717,0.0005468206743515585,8.248428053257203e-05,0.0,0.0003909214277333528,5175,2140,6185,0.15851851851851853,0.45814814814814814,1,0,0
flow,0.4,0.8,0,registered,during_vibration,flow_dump_0.4_0.8.shear.wave,1949,194900,194.9,0.1949,158683.45183699526,1128.7212718894132,0.007113037048430683,7.113037048430683e+17,92,0.0005797705994857318,5.7977059948573184e+26,965.9561504383782,22.230266167283965,87.87356367221503,13.89653883130267,4.126557730562988,34.63819504967051,0.006087314961049873,0.0001400918993753653,0.0005537663987955189,8.757396357609893e-05,2.6004965752836792e-05,0.00021828485988099108,5118,2068,6314,0.15318518518518517,0.4677037037037037,1,0,0
flow,0.4,0.8,0,registered,during_vibration,flow_dump_0.4_0.8.shear.wave,1950,195000,195.0,0.19499999999999998,158683.45183699526,923.6346559011406,0.005820611066930456,5.820611066930456e+17,78,0.0004915446386944248,4.9154463869442485e+26,785.0520534325434,15.351292135888947,73.51627049473207,11.617846403439687,0.0,38.09719343453652,0.004947283691805331,9.674160700548844e-05,0.0004632888284422395,7.32139758049498e-05,0.0,0.00024008296387244702,5014,1927,6559,0.14274074074074075,0.48585185185185187,1,0,0
flow,0.4,0.8,0,registered,during_vibration,flow_dump_0.4_0.8.shear.wave,1951,195100,195.1,0.1951,158683.45183699526,959.3080313982549,0.006045419483209169,6.045419483209169e+17,75,0.0004726390756677162,4.726390756677162e+26,816.1099857195445,3.946626465270495,86.23384049166562,0.0,0.0,53.017578721774385,0.005143006257249048,2.487106512734924e-05,0.0005434331021501082,0.0,0.0,0.00033410905868266433,4989,1870,6641,0.1385185185185185,0.49192592592592593,1,0,0
flow,0.4,0.8,0,registered,during_vibration,flow_dump_0.4_0.8.shear.wave,1952,195200,195.20000000000002,0.19519999999999998,158683.45183699526,965.278866211073,0.006083046814501102,6.083046814501102e+17,76,0.0004789409300099524,4.789409300099524e+26,804.5092601566308,19.308541994738345,85.42332751032833,3.8716926545798884,5.929360707733864,46.23668318706176,0.00506990017448731,0.00012167961921179216,0.000538325367399229,2.4398843167068333e-05,3.736596752271745e-05,0.00029137684271298537,5063,1973,6464,0.14614814814814814,0.4788148148148148,1,0,0
flow,0.4,0.8,0,registered,during_vibration,flow_dump_0.4_0.8.shear.wave,1953,195300,195.3,0.1953,158683.45183699526,1070.9350253466023,0.006748876539733338,6.748876539733338e+17,94,0.0005923743081702043,5.9237430817020434e+26,866.095143596827,35.26539412101307,109.18850765841219,0.0,0.0,60.385979970349744,0.0054580054414653635,0.00022223737707217773,0.0006880900711094572,0.0,0.0,0.0003805436500863377,5119,2090,6291,0.15481481481481482,0.466,1,0,0
flow,0.4,0.8,0,registered,during_vibration,flow_dump_0.4_0.8.shear.wave,1954,195400,195.4,0.1954,158683.4518369953,1152.1569487350175,0.007260725270323398,7.260725270323398e+17,90,0.0005671668908012594,5.671668908012594e+26,918.2336283083613,39.20689549967622,115.37404964648198,0.0,2.7119488360163806,76.63042644448126,0.005786574577742361,0.0002470761446502361,0.0007270704557460591,0.0,1.7090306548172277e-05,0.0004829137856365671,5165,2029,6306,0.1502962962962963,0.4671111111111111,1,0,0
flow,0.4,0.8,0,registered,during_vibration,flow_dump_0.4_0.8.shear.wave,1955,195500,195.5,0.19549999999999998,158683.45183699526,1043.7953627393288,0.006577846339084865,6.577846339084865e+17,88,0.000554563182116787,5.54563182116787e+26,853.6437979885266,41.60327597098772,103.93022421454627,16.09579845261363,0.0,28.522266112654453,0.005379538875077011,0.00026217778532902056,0.000654953134756022,0.00010143337737036216,0.0,0.00017974316655244835,5104,2047,6349,0.15162962962962964,0.4702962962962963,1,0,0
flow,0.4,0.8,0,registered,during_vibration,flow_dump_0.4_0.8.shear.wave,1956,195600,195.6,0.1956,158683.45183699526,1059.6294648256544,0.0066776305440729876,6.677630544072988e+17,96,0.0006049780168546768,6.049780168546768e+26,799.6326585112432,33.93211753670751,126.58543581212037,53.10072669181953,0.0,46.378526273763626,0.005039168541232967,0.00021383526223996987,0.0007977229783364745,0.00033463304507874145,0.0,0.00029227071718483373,5057,1932,6511,0.1431111111111111,0.4822962962962963,1,0,0
flow,0.4,0.8,0,registered,during_vibration,flow_dump_0.4_0.8.shear.wave,1957,195700,195.70000000000002,0.19569999999999999,158683.45183699526,948.7308423339949,0.005978763578375909,5.978763578375909e+17,81,0.0005104502017211335,5.104502017211335e+26,775.2911133485056,10.894458431732037,96.82186365412637,24.712488722539174,0.0,41.010918177091774,0.00488577166915243,6.865529017432249e-05,0.0006101572818921592,0.000155734504363597,0.0,0.0002584448327934,5011,1890,6599,0.14,0.4888148148148148,1,0,0
flow,0.4,0.8,0,registered,during_vibration,flow_dump_0.4_0.8.shear.wave,1958,195800,195.8,0.1958,158683.4518369953,979.0976773261939,0.006170130949331467,6.170130949331468e+17,84,0.000529355764747842,5.29355764747842e+26,872.8865211972422,8.89997949912402,60.52066351318276,0.0,0.0,36.79051311664479,0.0055008037138863045,5.6086374452368e-05,0.00038139240615556766,0.0,0.0,0.0002318484548372264,5048,1968,6484,0.14577777777777778,0.4802962962962963,1,0,0
flow,0.4,0.8,0,registered,during_vibration,flow_dump_0.4_0.8.shear.wave,1959,195900,195.9,0.1959,158683.45183699526,989.4163743015579,0.006235157874671886,6.235157874671886e+17,82,0.0005167520560633698,5.167520560633698e+26,839.0442488618131,13.536760533800805,77.47603024935766,0.0,0.0,59.35933465658607,0.005287534643018141,8.530669314974444e-05,0.000488242657646139,0.0,0.0,0.00037407388085785963,5123,2059,6318,0.15251851851851853,0.468,1,0,0
flow,0.4,0.8,0,registered,during_vibration,flow_dump_0.4_0.8.shear.wave,1960,196000,196.0,0.19599999999999998,158683.45183699526,1118.3626680058167,0.007047758635567335,7.047758635567336e+17,87,0.0005482613277745507,5.4826132777455075e+26,938.8302756154703,8.037128985454261,99.70856828157181,5.569228458281122,0.0,66.21746666503918,0.005916371649010175,5.064881619609749e-05,0.0006283488739833796,3.50964665427244e-05,0.0,0.00041729282983495904,5187,2177,6136,0.16125925925925927,0.45451851851851854,1,0,0
flow,0.4,0.8,0,registered,during_vibration,flow_dump_0.4_0.8.shear.wave,1961,196100,196.1,0.1961,158683.45183699526,1215.4482209832174,0.0076595776491663724,7.659577649166372e+17,94,0.0005923743081702043,5.9237430817020434e+26,1004.168258559284,40.04905990260436,71.00859504417782,7.2507805533638825,0.0,92.9715269237881,0.006328122100537604,0.00025238334204970563,0.00044748582301524506,4.5693362914818095e-05,0.0,0.0005858930206490054,5137,2113,6250,0.15651851851851853,0.46296296296296297,1,0,0
flow,0.4,0.8,0,registered,during_vibration,flow_dump_0.4_0.8.shear.wave,1962,196200,196.20000000000002,0.19619999999999999,158683.4518369953,983.3852204828662,0.006197150421790868,6.197150421790868e+17,89,0.0005608650364590231,5.608650364590231e+26,847.39074126157,19.257993147836416,81.50858970232616,19.90237692526291,0.0,15.325519445870775,0.0053401330223899895,0.00012136106774144819,0.0005136552599451542,0.0001254218804472899,0.0,9.65791912669863e-05,5076,2008,6416,0.14874074074074073,0.47525925925925927,1,0,0
flow,0.4,0.8,0,registered,during_vibration,flow_dump_0.4_0.8.shear.wave,1963,196300,196.3,0.1963,158683.45183699526,983.1100240238319,0.006195416173790535,6.195416173790536e+17,83,0.0005230539104056059,5.2305391040560594e+26,809.1035617512478,23.378480704835514,97.94578933864264,5.164977739332041,0.0,47.517214489773984,0.005098852793940889,0.00014732778014465327,0.0006172400978474788,3.254893739416302e-05,0.0,0.0002994465644633518,4972,1884,6644,0.13955555555555554,0.49214814814814817,1,0,0
flow,0.4,0.8,0,registered,during_vibration,flow_dump_0.4_0.8.shear.wave,1964,196400,196.4,0.1964,158683.45183699526,940.0689170882763,0.005924177387154051,5.92417738715405e+17,78,0.0004915446386944248,4.9154463869442485e+26,786.8778889817296,17.203700533630712,75.36575155062917,6.022610763909773,0.0,54.59896525837704,0.0049587898414891795,0.00010841521491039221,0.00047494398866522827,3.795361579414338e-05,0.0,0.00034407472629510765,5012,1904,6584,0.14103703703703704,0.4877037037037037,1,0,0
flow,0.4,0.8,0,registered,during_vibration,flow_dump_0.4_0.8.shear.wave,1965,196500,196.5,0.19649999999999998,158683.45183699526,930.5801591823295,0.005864380616942032,5.864380616942031e+17,76,0.0004789409300099524,4.789409300099524e+26,784.1631140388537,22.6914085078746,80.59736715723145,0.0,1.6415964872709812,41.486672991098814,0.004941681725227223,0.00014299795123680535,0.0005079128681926056,0.0,1.0345101951508352e-05,0.00026144297033389003,5141,2033,6326,0.15059259259259258,0.4685925925925926,1,0,0
flow,0.4,0.8,0,registered,during_vibration,flow_dump_0.4_0.8.shear.wave,1966,196600,196.6,0.1966,158683.4518369953,1088.556807829142,0.006859926446188871,6.859926446188872e+17,93,0.000586072453827968,5.8607245382796806e+26,850.9709138534856,28.870237811196958,126.34732260982238,0.0,10.719286889663527,71.64904666497377,0.005362694748584309,0.0001819360335118837,0.0007962224236186291,0.0,6.755138463130183e-05,0.0004515218558427501,5194,2061,6245,0.15266666666666667,0.4625925925925926,1,0,0
flow,0.4,0.8,0,registered,during_vibration,flow_dump_0.4_0.8.shear.wave,1967,196700,196.70000000000002,0.19669999999999999,158683.45183699526,1026.3543047182663,0.006467935331861639,6.46793533186164e+17,88,0.000554563182116787,5.54563182116787e+26,858.7772474081953,33.55647850722454,89.24115269265982,4.077196651286506,0.0,40.702229458900426,0.005411889125593001,0.00021146803979090923,0.0005623847456024035,2.569389942106083e-05,0.0,0.00025649952145426647,5203,2039,6258,0.15103703703703703,0.46355555555555555,1,0,0
flow,0.4,0.8,0,registered,during_vibration,flow_dump_0.4_0.8.shear.wave,1968,196800,196.8,0.1968,158683.45183699526,1078.6501539764336,0.006797496156590151,6.79749615659015e+17,99,0.0006238835798813854,6.238835798813854e+26,857.7037616505179,46.8617882527511,109.96105879257202,17.533915466027807,7.154870324974827,39.43475948958995,0.005405124174709653,0.0002953161637855536,0.0006929585758288618,0.00011049618131599007,4.5088950625579664e-05,0.00024851211032451325,5140,2011,6349,0.14896296296296296,0.4702962962962963,1,0,0
flow,0.4,0.8,0,registered,during_vibration,flow_dump_0.4_0.8.shear.wave,1969,196900,196.9,0.1969,158683.45183699526,1003.2171411794525,0.006322128297347535,6.322128297347535e+17,94,0.0005923743081702043,5.9237430817020434e+26,787.3187137469533,49.07906000832804,92.78816879144395,42.51277904182309,7.850340149501022,23.668079441403012,0.00496156785495007,0.0003092890874263539,0.000584737524406508,0.0002679093412052416,4.9471700159164324e-05,0.0001491527892001973,5064,1921,6515,0.1422962962962963,0.4825925925925926,1,0,0
flow,0.4,0.8,0,registered,during_vibration,flow_dump_0.4_0.8.shear.wave,1970,197000,197.0,0.19699999999999998,158683.45183699526,929.4512893190572,0.00585726664349235,5.857266643492351e+17,85,0.0005356576190900784,5.356576190900784e+26,799.4958051505125,6.299266976164682,66.35933302348704,18.82498326277223,0.0,38.47190090612068,0.005038306111287397,3.9697062946648595e-05,0.0004181868509619609,0.00011863230251702525,0.0,0.00024244431577931803,5040,1951,6509,0.14451851851851852,0.48214814814814816,1,0,0
flow,0.4,0.8,0,registered,during_vibration,flow_dump_0.4_0.8.shear.wave,1971,197100,197.1,0.1971,158683.45183699526,977.4365547205824,0.006159662796626309,6.159662796626309e+17,86,0.0005419594734323146,5.419594734323146e+26,823.6816977938114,41.471811961153264,56.72085285182301,7.169924294940905,0.0,48.39226781885393,0.005190722083862429,0.00026134931828779756,0.0003574465528396023,4.518381855157828e-05,0.0,0.00030496102308490256,5101,2026,6373,0.15007407407407408,0.4720740740740741,1,0,0
flow,0.4,0.8,0,registered,during_vibration,flow_dump_0.4_0.8.shear.wave,1972,197200,197.20000000000002,0.1972,158683.45183699526,1028.9971751230546,0.006484590316198022,6.484590316198022e+17,85,0.0005356576190900784,5.356576190900784e+26,860.6332772444617,6.281837097850122,75.33913540946365,7.099210845434008,0.0,79.64371452584534,0.005423585555275996,3.958722239230734e-05,0.00047477625762045074,4.4738192692748745e-05,0.0,0.0005019030882165201,5160,2139,6201,0.15844444444444444,0.4593333333333333,1,0,0
flow,0.4,0.8,0,registered,during_vibration,flow_dump_0.4_0.8.shear.wave,1973,197300,197.3,0.1973,158683.45183699526,1055.0144125004472,0.006648547156537734,6.648547156537733e+17,89,0.0005608650364590232,5.6086503645902325e+26,857.5942336317123,14.826468740377237,88.51085495735204,13.026899829318015,0.0,81.05595534168741,0.005404433945088746,9.343424641157581e-05,0.0005577825156480289,8.209362525526396e-05,0.0,0.0005108028241341176,5161,2136,6203,0.1582222222222222,0.4594814814814815,1,0,0
flow,0.4,0.8,0,registered,during_vibration,flow_dump_0.4_0.8.shear.wave,1974,197400,197.4,0.1974,158683.45183699526,1099.3284843205533,0.006927807982459437,6.927807982459437e+17,90,0.0005671668908012594,5.671668908012594e+26,924.1574635343122,39.43885854373496,93.42407250204411,21.969558433478223,0.0,20.338531306983974,0.005823905724483713,0.00024853794196667606,0.0005887448969663977,0.00013844895721102702,0.0,0.00012817046183162417,5119,2059,6322,0.15251851851851853,0.4682962962962963,1,0,0
flow,0.4,0.8,0,registered,during_vibration,flow_dump_0.4_0.8.shear.wave,1975,197500,197.5,0.19749999999999998,158683.45183699526,959.7715409825519,0.006048340453095638,6.048340453095639e+17,86,0.0005419594734323146,5.419594734323146e+26,781.4090816560372,38.49116398949109,89.5904426881046,9.372285038565007,0.0,40.908567610353956,0.0049243262142969115,0.0002425657089249007,0.0005645859202768968,5.906277516695641e-05,0.0,0.0002577998344299729,5042,1963,6495,0.1454074074074074,0.4811111111111111,1,0,0
flow,0.4,0.8,0,registered,during_vibration,flow_dump_0.4_0.8.shear.wave,1976,197600,197.6,0.1976,158683.45183699526,897.70338892642,0.005657195999546126,5.657195999546126e+17,77,0.00048524278435218865,4.852427843521887e+26,730.7917408064768,28.809177316633793,78.79503542615296,11.93777038651921,0.0,47.36966499063702,0.004605343105071659,0.00018155123916908177,0.0004965548361469585,7.523009014690499e-05,0.0,0.0002985167290115208,4994,1877,6629,0.13903703703703704,0.49103703703703705,1,0,0
flow,0.4,0.8,0,registered,during_vibration,flow_dump_0.4_0.8.shear.wave,1977,197700,197.70000000000002,0.1977,158683.4518369953,859.7665539182733,0.005418123591119337,5.418123591119337e+17,72,0.00045373351264100744,4.537335126410075e+26,726.0642580859712,18.924645211039476,72.05914406486811,0.0,0.0,42.71850655639438,0.004575551197561594,0.00011926035759846891,0.000454106229923014,0.0,0.0,0.00026920580603626015,5090,1979,6431,0.14659259259259258,0.4763703703703704,1,0,0
flow,0.4,0.8,0,registered,during_vibration,flow_dump_0.4_0.8.shear.wave,1978,197800,197.8,0.1978,158683.45183699526,954.8393245851772,0.006017258343774995,6.017258343774995e+17,85,0.0005356576190900784,5.356576190900784e+26,777.6963520733276,3.2312790956355295,86.71862643457777,0.0,6.240128929950021,80.95293805168615,0.0049009291332545646,2.0363050199807874e-05,0.0005464881525495042,0.0,3.932438359331937e-05,0.0005101536241777977,5138,2101,6261,0.15562962962962962,0.4637777777777778,1,0,0
flow,0.4,0.8,0,registered,during_vibration,flow_dump_0.4_0.8.shear.wave,1979,197900,197.9,0.1979,158683.45183699526,1125.0901955533811,0.007090154534255468,7.090154534255469e+17,98,0.0006175817255391491,6.1758172553914915e+26,874.3843112915154,35.848503946734496,112.71505660321465,8.538999127440587,9.941850253324843,83.66147433115077,0.005510242568895659,0.0002259120502594009,0.0007103138688903691,5.381152872961272e-05,6.265209218877739e-05,0.0005272224252916462,5206,2080,6214,0.15407407407407409,0.4602962962962963,1,0,0
flow,0.4,0.8,0,registered,during_vibration,flow_dump_0.4_0.8.shear.wave,1980,198000,198.0,0.19799999999999998,158683.45183699526,991.2423065253801,0.0062466646335852085,6.246664633585208e+17,87,0.0005482613277745507,5.4826132777455075e+26,795.1124690081493,45.19619790164793,110.18480803157868,5.160746966991887,0.0,35.58808461701216,0.005010682965385165,0.0002848198559990673,0.000694368610942268,3.2522275683120204e-05,0.0,0.00022427092557558795,5151,2053,6296,0.15207407407407408,0.4663703703703704,1,0,0
flow,0.4,0.8,0,registered,during_vibration,flow_dump_0.4_0.8.shear.wave,1981,198100,198.1,0.1981,158683.4518369953,1002.0636209846317,0.006314858981098946,6.314858981098945e+17,91,0.0005734687451434956,5.7346874514349555e+26,796.0666017824242,40.300573925167434,106.556728840332,25.736532654886204,0.0,33.40318378182171,0.005016695771151798,0.00025396834678492795,0.0006715049843369331,0.00016218788006529876,0.0,0.00021050199875998746,5075,1968,6457,0.14577777777777778,0.4782962962962963,1,0,0
flow,0.4,0.8,0,registered,during_vibration,flow_dump_0.4_0.8.shear.wave,1982,198200,198.20000000000002,0.1982,158683.45183699526,882.9482056552881,0.005564210983778453,5.5642109837784525e+17,78,0.0004915446386944248,4.9154463869442485e+26,694.0892002251745,34.33414025877965,86.08698711693847,22.030855136398614,0.0,46.407022917996976,0.004374049040338278,0.0002163687508767378,0.000542507653572912,0.00013883524010449065,0.0,0.0002924502988860348,5025,1884,6591,0.13955555555555554,0.4882222222222222,1,0,0
flow,0.4,0.8,0,registered,during_vibration,flow_dump_0.4_0.8.shear.wave,1983,198300,198.3,0.1983,158683.45183699526,916.7337996398508,0.005777122875935099,5.777122875935099e+17,79,0.000497846493036661,4.97846493036661e+26,773.8103489670368,18.964608214967402,60.57127933415797,18.360920082498,0.0,45.02664304119076,0.004876440107705242,0.00011951219862830093,0.0003817113796867662,0.00011570784394934217,0.0,0.0002837513459654481,5066,1957,6477,0.14496296296296296,0.4797777777777778,1,0,0
flow,0.4,0.8,0,registered,during_vibration,flow_dump_0.4_0.8.shear.wave,1984,198400,198.4,0.1984,158683.45183699526,1033.5453192880752,0.006513252058253473,6.513252058253473e+17,82,0.0005167520560633698,5.167520560633698e+26,885.7754406378497,30.90114180179977,66.91522315476756,0.0,0.0,49.95351369365832,0.00558202780682983,0.00019473449464372893,0.00042168998959957735,0.0,0.0,0.000314799767180337,5110,2055,6335,0.15222222222222223,0.46925925925925926,1,0,0
flow,0.4,0.8,0,registered,during_vibration,flow_dump_0.4_0.8.shear.wave,1985,198500,198.5,0.19849999999999998,158683.4518369953,1038.2015842005253,0.0065425951615105974,6.542595161510597e+17,93,0.000586072453827968,5.8607245382796806e+26,858.3011735417416,25.75845936179614,101.89603539553475,0.0,0.0,52.24591590145256,0.0054088889774304635,0.0001623260589784501,0.0006421339731140057,0.0,0.0,0.00032924615198767695,5196,2177,6127,0.16125925925925927,0.45385185185185184,1,0,0
flow,0.4,0.8,0,registered,during_vibration,flow_dump_0.4_0.8.shear.wave,1986,198600,198.6,0.1986,158683.45183699526,1038.1900282793454,0.006542522337778533,6.542522337778533e+17,85,0.0005356576190900784,5.356576190900784e+26,914.3854441149448,15.501634235848824,63.34213137843774,7.203211833663238,0.0,37.75760671645056,0.005762323881473356,9.768904102094149e-05,0.0003991728856737048,4.539359177201797e-05,0.0,0.00023794293783851127,5156,2110,6234,0.1562962962962963,0.4617777777777778,1,0,0
flow,0.4,0.8,0,registered,during_vibration,flow_dump_0.4_0.8.shear.wave,1987,198700,198.70000000000002,0.1987,158683.45183699526,1009.610244776372,0.006362416705010149,6.362416705010149e+17,94,0.0005923743081702043,5.9237430817020434e+26,866.2313862802022,19.752670683053942,86.27157520166936,13.547523792803894,0.0,23.807088818642665,0.005458864023011189,0.00012447845351476548,0.0005436709007961984,8.537452164022967e-05,0.0,0.00015002880604776653,5072,1996,6432,0.14785185185185185,0.47644444444444445,1,0,0
flow,0.4,0.8,0,registered,during_vibration,flow_dump_0.4_0.8.shear.wave,1988,198800,198.8,0.1988,158683.45183699526,918.2466566938762,0.005786656680730191,5.786656680730191e+17,81,0.0005104502017211335,5.104502017211335e+26,746.3863623999757,26.32705601289672,95.45147874728691,11.066339403880544,0.0,39.01542012983606,0.004703618138876181,0.00016590927225316925,0.0006015213158164579,6.973845902500434e-05,0.0,0.00024586949475937763,4998,1895,6607,0.14037037037037037,0.4894074074074074,1,0,0
flow,0.4,0.8,0,registered,during_vibration,flow_dump_0.4_0.8.shear.wave,1989,198900,198.9,0.1989,158683.4518369953,869.4079915871897,0.005478882526958598,5.4788825269585984e+17,70,0.00044112980395653504,4.41129803956535e+26,733.637536002451,17.313806956851952,56.963763291351505,7.47032222532857,0.0,54.02256311120669,0.004623276891884524,0.00010910908955167706,0.0003589773390477194,4.7076882553590553e-05,0.0,0.00034044232392108786,5039,1909,6552,0.1414074074074074,0.48533333333333334,1,0,0
flow,0.4,0.8,0,registered,during_vibration,flow_dump_0.4_0.8.shear.wave,1990,199000,199.0,0.19899999999999998,158683.45183699526,955.7808474475859,0.006023191683713779,6.023191683713779e+17,78,0.0004915446386944248,4.9154463869442485e+26,773.0775983522511,28.551453461249206,73.83728253383137,0.0,5.34460835066011,74.9699047495941,0.0048718224200616795,0.00017992710097192855,0.00046531179955474754,0.0,3.3680943342159354e-05,0.00047244941978326506,5127,2062,6311,0.15274074074074073,0.4674814814814815,1,0,0
flow,0.4,0.8,0,registered,during_vibration,flow_dump_0.4_0.8.shear.wave,1991,199100,199.1,0.1991,158683.45183699526,1058.8291613732192,0.006672587148286152,6.672587148286152e+17,92,0.0005797705994857318,5.7977059948573184e+26,823.0177487937354,47.87742274364449,127.14020743399186,0.0,5.749510277223696,55.04427212462345,0.005186537973973277,0.000301716544412115,0.0008012190682907148,0.0,3.62325763062539e-05,0.00034688098530379015,5184,2074,6242,0.15362962962962962,0.4623703703703704,1,0,0
flow,0.4,0.8,0,registered,during_vibration,flow_dump_0.4_0.8.shear.wave,1992,199200,199.20000000000002,0.1992,158683.45183699526,1003.3693764225828,0.006323087661675498,6.323087661675498e+17,85,0.0005356576190900784,5.356576190900784e+26,841.779437890602,21.966711372724266,96.87140392044161,5.919347955972354,6.728278227257002,30.104197055585598,0.005304771405876051,0.00013843101544885208,0.0006104694774345534,3.7302868619551445e-05,4.2400629362212926e-05,0.0001897122649342768,5196,2040,6264,0.1511111111111111,0.464,1,0,0
flow,0.4,0.8,0,registered,during_vibration,flow_dump_0.4_0.8.shear.wave,1993,199300,199.3,0.19929999999999998,158683.45183699526,1042.3488320002414,0.006568730513065569,6.568730513065569e+17,94,0.0005923743081702043,5.9237430817020434e+26,865.4422604952828,32.4398221684647,103.04081692452691,16.187687899903842,0.0,25.238244512063133,0.005453891067256924,0.00020443103419370994,0.0006493482195633969,0.00010201245128277368,0.0,0.00015904774076876441,5100,2006,6394,0.14859259259259258,0.4736296296296296,1,0,0
flow,0.4,0.8,0,registered,during_vibration,flow_dump_0.4_0.8.shear.wave,1994,199400,199.4,0.1994,158683.45183699526,936.1788094533513,0.005899662495463133,5.899662495463133e+17,87,0.0005482613277745507,5.4826132777455075e+26,748.3704381454222,33.00396887143991,106.10475609724386,18.03678894194212,0.0,30.662857397303306,0.004716121495227948,0.00020798620454351248,0.0006686567179433309,0.00011366521671377612,0.0,0.00019323286103456572,5035,1901,6564,0.1408148148148148,0.4862222222222222,1,0,0
flow,0.4,0.8,0,registered,during_vibration,flow_dump_0.4_0.8.shear.wave,1995,199500,199.5,0.19949999999999998,158683.45183699526,932.8582544021491,0.00587873684119508,5.87873684119508e+17,82,0.0005167520560633698,5.167520560633698e+26,770.0982285716734,30.607760642449684,64.28713871885284,20.06516654624143,0.0,47.79995992293173,0.004853046865672818,0.0001928856493107483,0.0004051281842853448,0.0001264477569271244,0.0,0.00030122838499904443,5065,1917,6518,0.142,0.4828148148148148,1,0,0
flow,0.4,0.8,0,registered,during_vibration,flow_dump_0.4_0.8.shear.wave,1996,199600,199.6,0.1996,158683.4518369953,962.8156834012656,0.006067524195215394,6.067524195215393e+17,83,0.0005230539104056058,5.230539104056058e+26,818.4219300273295,35.66816615300574,60.49327979076105,8.890457105644908,0.0,39.34185032452432,0.0051575757935240696,0.00022477558775092202,0.0003812198379255178,5.6026365715673174e-05,0.0,0.00024792661029921084,5105,2011,6384,0.14896296296296296,0.4728888888888889,1,0,0
flow,0.4,0.8,0,registered,during_vibration,flow_dump_0.4_0.8.shear.wave,1997,199700,199.70000000000002,0.1997,158683.45183699526,928.4889739474345,0.005851202272189089,5.851202272189089e+17,79,0.000497846493036661,4.97846493036661e+26,787.5009115523688,14.78692611237604,84.46550701400835,0.0,0.0,41.73562926868109,0.004962716038981274,9.318505452960304e-05,0.000532289322145412,0.0,0.0,0.0002630118565327988,5178,2112,6210,0.15644444444444444,0.46,1,0,0
flow,0.4,0.8,0,registered,during_vibration,flow_dump_0.4_0.8.shear.wave,1998,199800,199.8,0.19979999999999998,158683.45183699526,1044.2329914489637,0.006580604211468965,6.580604211468965e+17,84,0.0005293557647478421,5.293557647478421e+26,887.7285650390189,17.206999933554314,76.87093566401578,0.0,0.0,62.4264908123747,0.005594336112318267,0.00010843600724812753,0.0004844294397060386,0.0,0.0,0.0003934026521965328,5195,2130,6175,0.15777777777777777,0.45740740740740743,1,0,0
flow,0.4,0.8,0,registered,during_vibration,flow_dump_0.4_0.8.shear.wave,1999,199900,199.9,0.1999,158683.45183699526,1139.230656551368,0.007179265659796853,7.179265659796854e+17,94,0.0005923743081702043,5.9237430817020434e+26,974.4014843149209,21.87365336915836,86.04728178251204,22.97831937535762,0.0,33.92991770941899,0.006140536225011399,0.00013784457746500046,0.0005422574363387468,0.00014480602173288801,0.0,0.00021382139924881952,5152,2075,6273,0.1537037037037037,0.4646666666666667,1,0,0
flow,0.4,0.8,0,registered,during_vibration,flow_dump_0.4_0.8.shear.wave,2000,200000,200.0,0.19999999999999998,158683.4518369953,909.3426288794305,0.005730544794384334,5.730544794384334e+17,79,0.000497846493036661,4.97846493036661e+26,765.1844206186597,15.385004937479506,87.40610807649122,15.252029717839328,0.0,26.11506552896081,0.004822080763687203,9.695406017058083e-05,0.0005508205617198041,9.611606970528156e-05,0.0,0.00016457333910146498,5059,1962,6479,0.14533333333333334,0.4799259259259259,1,0,0
flow,0.4,0.8,0,registered,during_vibration,flow_dump_0.4_0.8.shear.wave,2001,200100,200.1,0.2001,158683.45183699526,967.5592872966411,0.006097417696021316,6.097417696021316e+17,73,0.0004600353669832438,4.600353669832438e+26,795.6790912837907,35.03944017509242,81.61639352395304,10.651269259003444,0.0,44.57309305480146,0.005014253736433323,0.0002208134482169323,0.0005143346239265832,6.712274743017797e-05,0.0,0.0002808931400142995,5035,1890,6575,0.14,0.48703703703703705,1,0,0
flow,0.4,0.8,0,registered,during_vibration,flow_dump_0.4_0.8.shear.wave,2002,200200,200.20000000000002,0.2002,158683.45183699526,840.8070652823634,0.005298643655332552,5.298643655332552e+17,69,0.0004348279496142989,4.3482794961429895e+26,681.5651854160556,22.34382858835139,84.78953322104896,5.678499176949664,0.0,46.43001887995793,0.004295124523231201,0.0001408075532116839,0.0005343312881052493,3.578507469564502e-05,0.0,0.00029259521608877235,5123,1974,6403,0.14622222222222223,0.47429629629629627,1,0,0
flow,0.4,0.8,0,registered,during_vibration,flow_dump_0.4_0.8.shear.wave,2003,200300,200.3,0.20029999999999998,158683.45183699526,940.2439361261363,0.005925280331637763,5.925280331637763e+17,87,0.0005482613277745507,5.4826132777455075e+26,755.8555886822352,34.550947793486245,89.57753604962471,0.0,0.0,60.259863600789885,0.004763291823640655,0.0002177350403807581,0.0005645045845211487,0.0,0.0,0.00037974888309519984,5164,2086,6250,0.15451851851851853,0.46296296296296297,1,0,0
flow,0.4,0.8,0,registered,during_vibration,flow_dump_0.4_0.8.shear.wave,2004,200400,200.4,0.2004,158683.4518369953,1044.8868435622603,0.006584724692248323,6.584724692248323e+17,98,0.000617581725539149,6.17581725539149e+26,815.5450181586123,47.74453751957098,121.70611406452755,0.0,0.0,59.89117381954963,0.0051394459139719635,0.0003008791210857683,0.000766974203394239,0.0,0.0,0.00037742545379635273,5191,2045,6264,0.1514814814814815,0.464,1,0,0
flow,0.4,0.8,0,registered,during_vibration,flow_dump_0.4_0.8.shear.wave,2005,200500,200.5,0.20049999999999998,158683.45183699526,989.4206274663837,0.006235184677497112,6.235184677497112e+17,84,0.0005293557647478421,5.293557647478421e+26,798.1999024738622,28.951298398530618,120.78041212938524,8.947753698268365,0.0,32.54126076633749,0.005030139521377432,0.00018244686552615659,0.0007611405646346461,5.638744049669265e-05,0.0,0.0002050702854621849,5136,2036,6328,0.15081481481481482,0.46874074074074074,1,0,0
flow,0.4,0.8,0,registered,during_vibration,flow_dump_0.4_0.8.shear.wave,2006,200600,200.6,0.2006,158683.45183699526,945.1435530017029,0.0059561570035203465,5.956157003520347e+17,85,0.0005356576190900784,5.356576190900784e+26,746.5707547620906,31.061919140239898,109.23202805463917,20.047821540368247,0.0,38.23102950436525,0.00470478015268405,0.00019574769001211103,0.000688364330307396,0.00012633845122654637,0.0,0.00024092637929024505,5077,1974,6449,0.14622222222222223,0.4777037037037037,1,0,0
flow,0.4,0.8,0,registered,during_vibration,flow_dump_0.4_0.8.shear.wave,2007,200700,200.70000000000002,0.2007,158683.45183699526,877.8553923400923,0.005532116816073887,5.5321168160738874e+17,77,0.00048524278435218865,4.852427843521887e+26,737.1075984760714,19.64701930756896,65.77103512037488,23.86676305589812,0.0,31.462976380178606,0.00464514472015174,0.00012381265393540222,0.00041447948326670507,0.00015040486439893446,0.0,0.00019827509432110405,5051,1916,6533,0.14192592592592593,0.4839259259259259,1,0,0
flow,0.4,0.8,0,registered,during_vibration,flow_dump_0.4_0.8.shear.wave,2008,200800,200.8,0.20079999999999998,158683.4518369953,891.1752640814707,0.005616056707645321,5.616056707645321e+17,76,0.0004789409300099523,4.7894093000995234e+26,755.0353149422161,15.048418983433034,56.180758621931744,29.806012395836984,0.0,35.1047591380528,0.0047581225780102925,9.483294451453736e-05,0.00035404295767174523,0.00018783314864145173,0.0,0.00022122507880729448,5086,1975,6439,0.14629629629629629,0.476962962962963,1,0,0
flow,0.4,0.8,0,registered,during_vibration,flow_dump_0.4_0.8.shear.wave,2009,200900,200.9,0.2009,158683.45183699526,931.642568170837,0.005871075763639489,5.871075763639489e+17,81,0.0005104502017211335,5.104502017211335e+26,789.7471236075949,14.329829323396257,64.60435939230442,0.0,0.0,62.96125584754124,0.004976871340175083,9.030449714514856e-05,0.00040712726276378265,0.0,0.0,0.0003967726635554731,5134,2071,6295,0.1534074074074074,0.4662962962962963,1,0,0
flow,0.4,0.8,0,registered,during_vibration,flow_dump_0.4_0.8.shear.wave,2010,201000,201.0,0.20099999999999998,158683.45183699526,957.0127104150442,0.0060309547047042965,6.030954704704297e+17,83,0.0005230539104056059,5.2305391040560594e+26,812.4413650645798,7.144326754869803,92.22564826121496,0.0,0.0,45.20137033437979,0.005119887144244541,4.502250658253064e-05,0.0005811926019604874,0.0,0.0,0.00028485245191673856,5216,2172,6112,0.1608888888888889,0.4527407407407407,1,0,0
flow,0.4,0.8,0,registered,during_vibration,flow_dump_0.4_0.8.shear.wave,2011,201100,201.1,0.2011,158683.45183699526,1062.333209852374,0.0066946691514099205,6.69466915140992e+17,90,0.0005671668908012594,5.671668908012594e+26,899.0255622110758,18.129050795084012,83.24442184147782,13.609874884861545,0.0,48.32430011987496,0.005665528143001223,0.00011424663747362111,0.0005245942212486603,8.576744914045635e-05,0.0,0.0003045327005459601,5212,2129,6159,0.1577037037037037,0.4562222222222222,1,0,0
flow,0.4,0.8,0,registered,during_vibration,flow_dump_0.4_0.8.shear.wave,2012,201200,201.20000000000002,0.2012,158683.45183699526,1145.4288446664527,0.0072183257384838976,7.218325738483898e+17,96,0.0006049780168546768,6.049780168546768e+26,975.5102978123854,47.768246680526644,83.72953418214784,18.579918299221504,0.0,19.84084769217217,0.006147523806165125,0.00030102853276468757,0.0005276513285591841,0.00011708793881234316,0.0,0.00012503413218256258,5099,2015,6386,0.14925925925925926,0.47303703703703703,1,0,0
flow,0.4,0.8,0,registered,during_vibration,flow_dump_0.4_0.8.shear.wave,2013,201300,201.3,0.20129999999999998,158683.45183699526,921.6297092235133,0.005807976185004098,5.807976185004099e+17,77,0.00048524278435218865,4.852427843521887e+26,720.9689951077728,46.05265441120739,98.7994887783859,14.279696619914148,0.0,41.52887430623281,0.0045434415924375995,0.00029021712017277115,0.0006226199873687895,8.998856815002179e-05,0.0,0.0002617089168749152,5019,1910,6571,0.14148148148148149,0.48674074074074075,1,0,0
flow,0.4,0.8,0,registered,during_vibration,flow_dump_0.4_0.8.shear.wave,2014,201400,201.4,0.2014,158683.45183699526,882.4682380466753,0.005561186297819983,5.5611862978199834e+17,73,0.0004600353669832438,4.600353669832438e+26,713.4597342857103,29.370048908273358,78.91764660721678,0.0,3.7770135266486093,56.94379471882598,0.0044961193245191,0.00018508577024429248,0.0004973275139507523,0.0,2.3802189093595464e-05,0.0003588515000122412,5041,1882,6577,0.1394074074074074,0.48718518518518517,1,0,0
flow,0.4,0.8,0,registered,during_vibration,flow_dump_0.4_0.8.shear.wave,2015,201500,201.5,0.20149999999999998,158683.4518369953,848.6588939733567,0.005348124736063381,5.348124736063381e+17,72,0.00045373351264100744,4.537335126410075e+26,689.3785082472147,37.41678609171217,63.53036170295858,0.0,0.0,58.333237931471075,0.0043443629456420335,0.00023579513590457995,0.00040035908576162684,0.0,0.0,0.0003676075687551393,5120,2000,6380,0.14814814814814814,0.4725925925925926,1,0,0
flow,0.4,0.8,0,registered,during_vibration,flow_dump_0.4_0.8.shear.wave,2016,201600,201.6,0.2016,158683.45183699526,988.1432817672519,0.006227135030956501,6.227135030956502e+17,85,0.0005356576190900784,5.356576190900784e+26,758.9893286052222,44.493210221019766,89.55215858218077,0.0,0.0,95.10858435882888,0.00478304019618177,0.0002803897300313622,0.000564344659417742,0.0,0.0,0.0005993604453256252,5147,2062,6291,0.15274074074074073,0.466,1,0,0
flow,0.4,0.8,0,registered,during_vibration,flow_dump_0.4_0.8.shear.wave,2017,201700,201.70000000000002,0.2017,158683.45183699526,1106.507209587574,0.006973047263455131,6.973047263455131e+17,85,0.0005356576190900784,5.356576190900784e+26,863.3186054262651,71.44801218315045,121.79957358823829,9.00207409781864,0.0,40.93894429210138,0.005440508102338823,0.00045025496582053274,0.0007675631716995589,5.672975974247057e-05,0.0,0.00025799126385374566,5172,2031,6297,0.15044444444444444,0.46644444444444444,1,0,0
flow,0.4,0.8,0,registered,during_vibration,flow_dump_0.4_0.8.shear.wave,2018,201800,201.8,0.20179999999999998,158683.45183699526,1041.434678730633,0.006562969652314019,6.562969652314019e+17,90,0.0005671668908012594,5.671668908012594e+26,820.5719341661935,62.21190681163741,105.77725682775204,20.55970321737708,0.0,32.31387770767345,0.005171124806442397,0.00039205037507971204,0.0006665928652498047,0.00012956425499551565,0.0,0.00020363735054659197,5111,2012,6377,0.14903703703703702,0.4723703703703704,1,0,0
flow,0.4,0.8,0,registered,during_vibration,flow_dump_0.4_0.8.shear.wave,2019,201900,201.9,0.2019,158683.4518369953,883.3810608325833,0.005566938774057049,5.566938774057049e+17,77,0.00048524278435218855,4.8524278435218856e+26,719.5565519545673,30.05477737741932,95.72744965167597,6.084184309774844,0.0,31.958097539145992,0.004534540581419408,0.0001894008293208327,0.0006032604442586129,3.8341643311520046e-05,0.0,0.00020139527574667567,5007,1912,6581,0.14162962962962963,0.48748148148148146,1,0,0
flow,0.4,0.8,0,registered,during_vibration,flow_dump_0.4_0.8.shear.wave,2020,202000,202.0,0.20199999999999999,158683.45183699526,880.6474902034302,0.005549712210117912,5.5497122101179117e+17,79,0.000497846493036661,4.97846493036661e+26,737.9948369866624,13.731727412226359,62.41885572112389,21.25620236353729,0.0,45.24586771988033,0.004650735968012307,8.653534601914275e-05,0.0003933545369635805,0.0001339534911641092,0.0,0.0002851328679587733,5008,1928,6564,0.1428148148148148,0.4862222222222222,1,0,0
flow,0.4,0.8,0,registered,during_vibration,flow_dump_0.4_0.8.shear.wave,2021,202100,202.1,0.2021,158683.45183699526,902.1889438786596,0.005685463313499237,5.685463313499237e+17,77,0.00048524278435218865,4.852427843521887e+26,785.2945165031297,14.05284109096948,67.31471005805457,8.304731114556624,0.0,27.222145111949295,0.004948811658759537,8.855895764988154e-05,0.0004242074978757231,5.233520583537287e-05,0.0,0.00017154999337872206,5065,2022,6413,0.1497777777777778,0.47503703703703704,1,0,0
flow,0.4,0.8,0,registered,during_vibration,flow_dump_0.4_0.8.shear.wave,2022,202200,202.20000000000002,0.2022,158683.45183699526,918.7840574860112,0.005790043302245629,5.790043302245628e+17,73,0.0004600353669832438,4.600353669832438e+26,784.6302142330238,0.0,82.75837226942518,0.0,0.0,51.39547098356206,0.004944625322614114,0.0,0.0005215312076424783,0.0,0.0,0.000323886771989036,5149,2111,6240,0.15637037037037038,0.4622222222222222,1,0,0
flow,0.4,0.8,0,registered,during_vibration,flow_dump_0.4_0.8.shear.wave,2023,202300,202.3,0.20229999999999998,158683.4518369953,928.5666256856769,0.005851691622132913,5.851691622132913e+17,79,0.000497846493036661,4.97846493036661e+26,768.9418984142118,28.93041388588396,81.93873191772857,0.0,0.0,48.755581467852394,0.004845759841448959,0.00018231525436944871,0.0005163659535330669,0.0,0.0,0.00030725057278143715,5171,2136,6193,0.1582222222222222,0.4587407407407407,1,0,0
flow,0.4,0.8,0,registered,during_vibration,flow_dump_0.4_0.8.shear.wave,2024,202400,202.4,0.2024,158683.45183699526,1163.3127547351023,0.007331027534806179,7.331027534806179e+17,95,0.0005986761625124405,5.986761625124405e+26,976.7623063589562,29.927124555434165,77.51323954760161,21.607274458442674,0.0,57.502809814667415,0.006155413781660849,0.00018859637983030688,0.0004884771452238492,0.00013616589636982664,0.0,0.00036237433172134516,5127,2076,6297,0.1537777777777778,0.46644444444444444,1,0,0
flow,0.4,0.8,0,registered,during_vibration,flow_dump_0.4_0.8.shear.wave,2025,202500,202.5,0.20249999999999999,158683.45183699526,918.683709290829,0.005789410922536084,5.789410922536084e+17,77,0.00048524278435218865,4.852427843521887e+26,783.2961965815363,9.45373601284528,83.58092596560837,10.64612064414736,0.0,31.70673008669166,0.004936218537684467,5.957606734290392e-05,0.0005267148212244928,6.709030160929065e-05,0.0,0.0001998111946749295,5030,1938,6532,0.14355555555555555,0.48385185185185187,1,0,0
flow,0.4,0.8,0,registered,during_vibration,flow_dump_0.4_0.8.shear.wave,2026,202600,202.6,0.2026,158683.45183699526,865.0645700799798,0.005451510917273227,5.451510917273227e+17,72,0.00045373351264100755,4.5373351264100753e+26,682.9746618044379,44.03491667360619,92.2579965952868,0.0,0.0,45.79699500664865,0.004304006838129608,0.0002775016308495751,0.0005813964564500222,0.0,0.0,0.00028860599184401907,5018,1886,6596,0.1397037037037037,0.4885925925925926,1,0,0
flow,0.4,0.8,0,registered,during_vibration,flow_dump_0.4_0.8.shear.wave,2027,202700,202.70000000000002,0.2027,158683.4518369953,882.2111133553125,0.005559565935467222,5.559565935467222e+17,72,0.00045373351264100744,4.537335126410075e+26,717.8565436777832,36.06481829918274,69.73825401662552,6.5591680396219,0.0,51.99232932209899,0.004523827376878519,0.00022727523180066485,0.00043948031889464367,4.133492159194827e-05,0.0,0.00032764808630144477,5106,1967,6427,0.1457037037037037,0.4760740740740741,1,0,0
flow,0.4,0.8,0,registered,during_vibration,flow_dump_0.4_0.8.shear.wave,2028,202800,202.8,0.20279999999999998,158683.45183699526,994.256705881472,0.006265660939256631,6.265660939256631e+17,86,0.0005419594734323146,5.419594734323146e+26,801.3037440536802,37.44384320755574,77.0537088631052,0.0,0.0,78.45540975713072,0.005049699478914822,0.00023596564590754716,0.0004855812497843647,0.0,0.0,0.0004944145646498958,5173,2095,6232,0.15518518518518518,0.4616296296296296,1,0,0
flow,0.4,0.8,0,registered,during_vibration,flow_dump_0.4_0.8.shear.wave,2029,202900,202.9,0.2029,158683.45183699526,1059.5442061832907,0.006677093256527395,6.677093256527395e+17,94,0.0005923743081702043,5.9237430817020434e+26,815.4537914125005,47.80022160580802,107.86154058009689,0.0,0.0,88.42865258488543,0.005138871016305852,0.00030123003408641467,0.0006797277178649713,0.0,0.0,0.000557264488270158,5197,2068,6235,0.15318518518518517,0.46185185185185185,1,0,0
flow,0.4,0.8,0,registered,during_vibration,flow_dump_0.4_0.8.shear.wave,2030,203000,203.0,0.20299999999999999,158683.45183699526,1024.639589208879,0.006457129444483106,6.457129444483107e+17,88,0.000554563182116787,5.54563182116787e+26,808.0789768021858,61.48114167811684,115.57111420366601,8.043456323111483,0.0,31.4649002017988,0.005092396008830653,0.0003874451996498806,0.0007283123278814502,5.068869015638745e-05,0.0,0.00019828721796473497,5158,2036,6306,0.15081481481481482,0.4671111111111111,1,0,0
flow,0.4,0.8,0,registered,during_vibration,flow_dump_0.4_0.8.shear.wave,2031,203100,203.1,0.2031,158683.45183699526,949.2812948127861,0.005982232449719574,5.982232449719574e+17,83,0.0005230539104056059,5.2305391040560594e+26,800.3235069335841,17.38868276218616,98.22901175890175,16.33988944156626,0.0,17.0002039165479,0.005043522167363123,0.0001095809459706509,0.0006190249242864073,0.00010297160322899403,0.0,0.00010713280887039851,5050,1955,6495,0.1448148148148148,0.4811111111111111,1,0,0
flow,0.4,0.8,0,registered,during_vibration,flow_dump_0.4_0.8.shear.wave,2032,203200,203.20000000000002,0.2032,158683.45183699526,954.6170687300425,0.006015857719749227,6.015857719749226e+17,82,0.0005167520560633698,5.167520560633698e+26,762.1923908088397,26.708367907941426,82.3707975189831,25.94074796418782,0.0,57.404764530090205,0.004803225427638089,0.00016831224427470308,0.0005190887680184637,0.0001634748151989723,0.0,0.00036175646461899646,5023,1894,6583,0.1402962962962963,0.48762962962962964,1,0,0
flow,0.4,0.8,0,registered,during_vibration,flow_dump_0.4_0.8.shear.wave,2033,203300,203.3,0.20329999999999998,158683.45183699526,943.0803145529893,0.005943154775343252,5.943154775343252e+17,86,0.0005419594734323146,5.419594734323146e+26,828.2499135128006,14.064666755603447,58.66412872932126,10.131918312875575,0.0,31.969687242388247,0.005219510313927413,8.863348126590494e-05,0.00036969279436637755,6.384987341517758e-05,0.0,0.00020146831236837813,5042,2000,6458,0.14814814814814814,0.4783703703703704,1,0,0
flow,0.4,0.8,0,registered,during_vibration,flow_dump_0.4_0.8.shear.wave,2034,203400,203.4,0.2034,158683.45183699526,932.9285768967068,0.005879180003312765,5.879180003312765e+17,82,0.0005167520560633698,5.167520560633698e+26,783.6200527011048,11.612179908571228,79.87077999156323,4.649703756379199,0.0,53.17586053908828,0.004938259431777829,7.317826637965774e-05,0.0005033340217076262,2.9301755807250298e-05,0.0,0.00033510652764040093,5122,2055,6323,0.15222222222222223,0.4683703703703704,1,0,0
flow,0.4,0.8,0,registered,during_vibration,flow_dump_0.4_0.8.shear.wave,2035,203500,203.5,0.2035,158683.45183699526,1000.407944390195,0.006304425148362957,6.304425148362957e+17,85,0.0005356576190900784,5.356576190900784e+26,848.3361417292327,21.15619005783445,90.7315285545518,0.0,0.0,40.18408404857581,0.005346090798432283,0.0001333232281811387,0.0005717768771992315,0.0,0.0,0.00025323424455030256,5199,2168,6133,0.1605925925925926,0.4542962962962963,1,0,0
flow,0.4,0.8,0,registered,during_vibration,flow_dump_0.4_0.8.shear.wave,2036,203600,203.6,0.2036,158683.45183699526,1083.3391280124906,0.00682704538797991,6.82704538797991e+17,87,0.0005482613277745507,5.4826132777455075e+26,884.3033944610243,33.786255949301534,78.99440494094713,20.368823943750265,0.0,65.88624871746715,0.005572751186238431,0.00021291606376201005,0.0004978112337894737,0.0001283613616161676,0.0,0.0004152055425738257,5195,2132,6173,0.15792592592592591,0.45725925925925925,1,0,0
flow,0.4,0.8,0,registered,during_vibration,flow_dump_0.4_0.8.shear.wave,2037,203700,203.70000000000002,0.2037,158683.45183699526,1116.2711710623616,0.007034578326472449,7.034578326472449e+17,92,0.0005797705994857318,5.7977059948573184e+26,984.3761119965773,11.55711032626626,83.81696286482962,12.414157193784682,0.0,24.10682868090416,0.006203394875779234,7.283122589328404e-05,0.0005282022913827782,7.823221041685495e-05,0.0,0.00015191772300030045,5096,2036,6368,0.15081481481481482,0.4717037037037037,1,0,0
flow,0.4,0.8,0,registered,during_vibration,flow_dump_0.4_0.8.shear.wave,2038,203800,203.8,0.20379999999999998,158683.4518369953,969.0435719975078,0.006106771442008586,6.106771442008586e+17,78,0.0004915446386944247,4.915446386944247e+26,805.3843276558292,22.690049693639068,97.57593457270555,15.285800639313258,0.0,28.107459436020527,0.005075414722406882,0.00014298938818741485,0.0006149093269847613,9.632888913341337e-05,0.0,0.00017712911529611423,5027,1911,6562,0.14155555555555555,0.48607407407407405,1,0,0
flow,0.4,0.8,0,registered,during_vibration,flow_dump_0.4_0.8.shear.wave,2039,203900,203.9,0.2039,158683.45183699526,886.5408772029973,0.005586851476571612,5.586851476571612e+17,73,0.0004600353669832438,4.600353669832438e+26,744.5772844356793,23.551856461144226,74.64446719732449,0.0,4.223937673111389,39.54333143573791,0.0046922175930514355,0.0001484203689073858,0.0004703985597313681,0.0,2.6618639966632146e-05,0.00024919631491479084,5072,1906,6522,0.1411851851851852,0.4831111111111111,1,0,0
flow,0.4,0.8,0,registered,during_vibration,flow_dump_0.4_0.8.shear.wave,2040,204000,204.0,0.204,158683.45183699526,964.4405572414313,0.00607776391348063,6.07776391348063e+17,80,0.0005041483473788973,5.041483473788973e+26,802.8522155728987,30.07110977891871,67.45637937836582,0.0,0.0,64.06085251124787,0.005059457720882038,0.00018950375373614082,0.0004251002772970882,0.0,0.0,0.0004037021615653612,5153,2032,6315,0.15051851851851852,0.4677777777777778,1,0,0
flow,0.4,0.8,0,registered,during_vibration,flow_dump_0.4_0.8.shear.wave,2041,204100,204.1,0.2041,158683.45183699526,1040.3684399598717,0.006556250370886635,6.556250370886636e+17,83,0.0005230539104056059,5.2305391040560594e+26,795.114043659111,43.931228332846665,116.39287480225407,0.0,5.7746519635463125,79.15564120211363,0.005010692888606165,0.00027684820202912043,0.000733490943477941,0.0,3.639101555137722e-05,0.0004988273212220317,5186,2098,6216,0.1554074074074074,0.46044444444444443,1,0,0
flow,0.4,0.8,0,registered,during_vibration,flow_dump_0.4_0.8.shear.wave,2042,204200,204.20000000000002,0.2042,158683.4518369953,1001.4033706542483,0.006310698179687457,6.310698179687457e+17,82,0.0005167520560633696,5.1675205606336965e+26,802.3549546223935,54.24912869272136,111.13233154626838,7.047304872004451,0.0,26.619650920860334,0.0050563240548018714,0.0003418701072147573,0.000700339766117686,4.441108880870368e-05,0.0,0.00016775316274443596,5158,2053,6289,0.15207407407407408,0.46585185185185185,1,0,0
flow,0.4,0.8,0,registered,during_vibration,flow_dump_0.4_0.8.shear.wave,2043,204300,204.3,0.20429999999999998,158683.45183699526,963.8615532052589,0.006074115114381104,6.074115114381105e+17,86,0.0005419594734323146,5.419594734323146e+26,785.331295377721,27.223942914521498,93.79978554532526,21.305135475714263,0.0,36.20139389197677,0.004949043433870083,0.00017156132286866817,0.0005911125858396338,0.00013426186050956076,0.0,0.00022813591129315744,5091,2005,6404,0.14851851851851852,0.4743703703703704,1,0,0
flow,0.4,0.8,0,registered,during_vibration,flow_dump_0.4_0.8.shear.wave,2044,204400,204.4,0.2044,158683.45183699526,862.6621448158143,0.005436371183190346,5.436371183190346e+17,75,0.0004726390756677162,4.726390756677162e+26,699.7661289863241,25.287990214394174,102.0459000598122,6.379376924995389,0.0,29.182748630288238,0.004409824218502295,0.00015936123093900686,0.0006430783983993304,4.020190417554371e-05,0.0,0.0001839054311741699,5011,1915,6574,0.14185185185185184,0.486962962962963,1,0,0
flow,0.4,0.8,0,registered,during_vibration,flow_dump_0.4_0.8.shear.wave,2045,204500,204.5,0.2045,158683.45183699526,849.7825034298567,0.005355205559195804,5.355205559195804e+17,76,0.0004789409300099524,4.789409300099524e+26,725.9900739400825,19.9905684923593,64.69675681625577,3.976710564760901,0.0,35.128393616398014,0.004575083699879701,0.00012597765085734495,0.00040770953787112196,2.506065074035512e-05,0.0,0.00022137401984728079,5001,1928,6571,0.1428148148148148,0.48674074074074075,1,0,0
flow,0.4,0.8,0,registered,during_vibration,flow_dump_0.4_0.8.shear.wave,2046,204600,204.6,0.2046,158683.4518369953,916.1759176754696,0.005773607185055407,5.773607185055407e+17,80,0.0005041483473788972,5.041483473788972e+26,783.4093925813683,14.258199651091864,51.72226184907163,7.689954702890146,0.0,59.0961088910478,0.004936931882387531,8.985309738370415e-05,0.00032594616042385055,4.8460974436008066e-05,0.0,0.00037241507042431375,5088,2035,6377,0.15074074074074073,0.4723703703703704,1,0,0
flow,0.4,0.8,0,registered,during_vibration,flow_dump_0.4_0.8.shear.wave,2047,204700,204.70000000000002,0.2047,158683.45183699526,941.5931686221519,0.005933782998301465,5.933782998301466e+17,79,0.000497846493036661,4.97846493036661e+26,790.9676401461528,20.297331415648866,77.50132402969318,0.0,0.0,52.826873030657126,0.004984562857623366,0.00012791082611751436,0.000488402055365578,0.0,0.0,0.00033290725919500787,5157,2122,6221,0.15718518518518518,0.4608148148148148,1,0,0
flow,0.4,0.8,0,registered,during_vibration,flow_dump_0.4_0.8.shear.wave,2048,204800,204.8,0.20479999999999998,158683.45183699526,926.2498114796567,0.0058370913964685515,5.837091396468552e+17,80,0.0005041483473788973,5.041483473788973e+26,757.3245639872437,16.372568149100214,81.10422054557992,7.913881502039571,0.0,63.53457729569361,0.004772549092045161,0.00010317753968396554,0.0005111069844188466,4.987212850757094e-05,0.0,0.0004003856518130093,5199,2151,6150,0.15933333333333333,0.45555555555555555,1,0,0
flow,0.4,0.8,0,registered,during_vibration,flow_dump_0.4_0.8.shear.wave,2049,204900,204.9,0.2049,158683.45183699526,1172.2992029990871,0.007387658822819852,7.387658822819853e+17,92,0.0005797705994857318,5.7977059948573184e+26,987.3205222403686,43.5314475078509,86.24422665501864,16.950106960732086,0.0,38.25289963511561,0.006221950120259396,0.0002743288415011781,0.0005434985542387336,0.0001068171051518578,0.0,0.00024106420166867949,5160,2076,6264,0.1537777777777778,0.464,1,0,0
flow,0.4,0.8,0,registered,during_vibration,flow_dump_0.4_0.8.shear.wave,2050,205000,205.0,0.205,158683.45183699526,967.5401383222829,0.006097297021974108,6.097297021974108e+17,87,0.0005482613277745507,5.4826132777455075e+26,789.196537274596,21.189874884021656,83.76673825209002,17.612004991182605,0.0,55.77498292039249,0.004973401625301699,0.000133535505049314,0.000527885783188898,0.00011098829012917001,0.0,0.0003514858183050262,5054,1949,6497,0.14437037037037037,0.4812592592592593,1,0,0
flow,0.4,0.8,0,registered,during_vibration,flow_dump_0.4_0.8.shear.wave,2051,205100,205.1,0.2051,158683.45183699526,901.8798367289415,0.00568351536526557,5.68351536526557e+17,72,0.00045373351264100755,4.5373351264100753e+26,776.0080737787581,16.930439293167783,77.50705081505043,6.822782684679397,0.0,24.61149015728588,0.004890289849353029,0.00010669316237561605,0.0004884381447327486,4.2996182687580924e-05,0.0,0.0001550980261165959,5057,1895,6548,0.14037037037037037,0.48503703703703704,1,0,0
flow,0.4,0.8,0,registered,during_vibration,flow_dump_0.4_0.8.shear.wave,2052,205200,205.20000000000002,0.2052,158683.45183699526,900.4291077975739,0.005674373082850023,5.674373082850023e+17,74,0.00046633722132547996,4.6633722132548e+26,735.6878084646999,35.37296589930725,71.14596075464524,6.722379137420978,0.0,51.4999935415009,0.004636197410303514,0.000222915278750323,0.00044835148171422856,4.236345415731454e-05,0.0,0.0003245454579246445,5114,1984,6402,0.14696296296296296,0.4742222222222222,1,0,0
flow,0.4,0.8,0,registered,during_vibration,flow_dump_0.4_0.8.shear.wave,2053,205300,205.3,0.20529999999999998,158683.45183699526,843.8311793178274,0.005317701181498357,5.317701181498357e+17,75,0.0004726390756677162,4.726390756677162e+26,648.4425219482439,28.153819413744827,81.65689855551551,0.0,0.0,85.57793940032265,0.004086390322630144,0.0001774212691230421,0.0005145898807356177,0.0,0.0,0.0005392997090095511,5171,2119,6210,0.15696296296296297,0.46,1,0,0
flow,0.4,0.8,0,registered,during_vibration,flow_dump_0.4_0.8.shear.wave,2054,205400,205.4,0.2054,158683.45183699526,966.7578344931255,0.006092367057191384,6.092367057191384e+17,90,0.0005671668908012594,5.671668908012594e+26,736.1561279233512,30.604448537840135,113.76543308933614,6.592419534933656,6.138127800359598,73.5012776073046,0.00463914869131757,0.00019286477690993266,0.0007169331885104167,4.1544467672064514e-05,3.868158733189697e-05,0.00046319434544950206,5184,2100,6216,0.15555555555555556,0.46044444444444443,1,0,0
flow,0.4,0.8,0,registered,during_vibration,flow_dump_0.4_0.8.shear.wave,2055,205500,205.5,0.2055,158683.45183699526,1067.1786243137517,0.006725204247573288,6.725204247573288e+17,94,0.0005923743081702043,5.9237430817020434e+26,866.1387114950536,49.25079126407772,108.16908737607093,8.070331703395377,0.0,35.54970247515442,0.005458280000013985,0.0003103713127860977,0.0006816658329766213,5.085805488832875e-05,0.0,0.00022402904690825744,5118,2050,6332,0.15185185185185185,0.46903703703703703,1,0,0
flow,0.4,0.8,0,registered,during_vibration,flow_dump_0.4_0.8.shear.wave,2056,205600,205.6,0.20559999999999998,158683.45183699526,999.0940024084312,0.006296144877379732,6.296144877379732e+17,83,0.0005230539104056059,5.2305391040560594e+26,831.2433006785586,23.58555069296804,99.60964161054103,12.602324951605567,0.0,32.05318447475774,0.005238374203835939,0.00014863270504851306,0.0006277254525119813,7.941801621854736e-05,0.0,0.00020199449976475054,5016,1973,6511,0.14614814814814814,0.4822962962962963,1,0,0
flow,0.4,0.8,0,registered,during_vibration,flow_dump_0.4_0.8.shear.wave,2057,205700,205.70000000000002,0.2057,158683.4518369953,1051.1626515250077,0.006624273919909403,6.624273919909403e+17,82,0.0005167520560633696,5.1675205606336965e+26,865.0925009963696,31.5639943713373,65.8045975193292,22.11085352919283,0.0,66.59070510877922,0.005451686933839959,0.0001989116949873314,0.0004146909886162912,0.00013933937832349277,0.0,0.0004196449241423316,4996,1891,6613,0.14007407407407407,0.48985185185185187,1,0,0
flow,0.4,0.8,0,registered,during_vibration,flow_dump_0.4_0.8.shear.wave,2058,205800,205.8,0.20579999999999998,158683.45183699526,965.8832138468979,0.006086855325274145,6.086855325274145e+17,89,0.0005608650364590232,5.6086503645902325e+26,849.5675790492554,14.812350617693173,51.94740588999038,13.686394069922386,0.0,35.86948422003648,0.00535385113705466,9.334527605883502e-05,0.00032736498537574304,8.624966189909638e-05,0.0,0.00022604426488581034,5012,1990,6498,0.1474074074074074,0.48133333333333334,1,0,0
flow,0.4,0.8,0,registered,during_vibration,flow_dump_0.4_0.8.shear.wave,2059,205900,205.9,0.2059,158683.45183699526,922.9864919986815,0.005816526432427263,5.816526432427263e+17,83,0.0005230539104056059,5.2305391040560594e+26,759.6060167796824,22.00697445357541,71.79364296796406,0.0,0.0,69.57985779745954,0.004786926475231797,0.00013868474751974568,0.00045243308068262087,0.0,0.0,0.00043848212899309883,5107,2075,6318,0.1537037037037037,0.468,1,0,0
flow,0.4,0.8,0,registered,during_vibration,flow_dump_0.4_0.8.shear.wave,2060,206000,206.0,0.206,158683.45183699526,1023.5211693460947,0.006450081325414376,6.450081325414376e+17,85,0.0005356576190900784,5.356576190900784e+26,838.8107292083874,19.89471224446696,88.62105860119118,0.0,0.0,76.19466929204899,0.005286063036176203,0.00012537357874533412,0.0005584770029594868,0.0,0.0,0.00048016770753335134,5187,2153,6160,0.15948148148148147,0.4562962962962963,1,0,0
flow,0.4,0.8,0,registered,during_vibration,flow_dump_0.4_0.8.shear.wave,2061,206100,206.1,0.20609999999999998,158683.4518369953,1027.4970468666752,0.006475136726431644,6.475136726431644e+17,83,0.0005230539104056058,5.230539104056058e+26,869.875914879374,20.561319525576838,82.60897808062717,19.581213589440747,0.0,34.869620791656686,0.005481831311389283,0.00012957444073436266,0.0005205897472250966,0.00012339795588487196,0.0,0.00021974327119803189,5183,2120,6197,0.15703703703703703,0.459037037037037,1,0,0
flow,0.4,0.8,0,registered,during_vibration,flow_dump_0.4_0.8.shear.wave,2062,206200,206.20000000000002,0.2062,158683.45183699526,1073.3512639954024,0.006764103323754158,6.764103323754158e+17,93,0.0005860724538279681,5.860724538279681e+26,910.4292499400818,11.347135545712748,79.97882137544525,28.30371045179121,0.0,43.2923466823713,0.005737392522033766,7.150799541069279e-05,0.0005040148827717844,0.00017836586061201703,0.0,0.0002728220629258972,5084,2017,6399,0.1494074074074074,0.474,1,0,0
flow,0.4,0.8,0,registered,during_vibration,flow_dump_0.4_0.8.shear.wave,2063,206300,206.3,0.20629999999999998,158683.45183699526,939.95447766245,0.005923456206561485,5.923456206561485e+17,84,0.0005293557647478421,5.293557647478421e+26,778.1948082565735,22.669224234254017,84.13137136720526,12.825794979913645,0.0,42.13327882450336,0.004904070331517367,0.00014285814917576014,0.0005301836479687101,8.082629178680026e-05,0.0,0.0002655177861128457,5031,1897,6572,0.14051851851851851,0.4868148148148148,1,0,0
flow,0.4,0.8,0,registered,during_vibration,flow_dump_0.4_0.8.shear.wave,2064,206400,206.4,0.2064,158683.45183699526,899.167001682273,0.005666419473946951,5.666419473946951e+17,72,0.00045373351264100755,4.5373351264100753e+26,712.331789552135,29.275662380673737,85.26810830117132,6.672376557274543,5.979662507551217,59.63940238346718,0.004489011181102016,0.00018449096009549022,0.0005373471985520045,4.204834518049571e-05,3.768296213831874e-05,0.00037583882687862555,5055,1925,6520,0.1425925925925926,0.482962962962963,1,0,0
flow,0.4,0.8,0,registered,during_vibration,flow_dump_0.4_0.8.shear.wave,2065,206500,206.5,0.2065,158683.4518369953,874.9398149442203,0.005513743272001585,5.513743272001585e+17,78,0.0004915446386944247,4.915446386944247e+26,732.7940686560763,16.59241104475209,76.15334487608206,2.7684636715736772,0.0,46.631526695736,0.0046179614835252375,0.0001045629575905391,0.00047990728708314974,1.7446454810029792e-05,0.0,0.00029386508899262786,5126,2065,6309,0.15296296296296297,0.4673333333333333,1,0,0
flow,0.4,0.8,0,registered,during_vibration,flow_dump_0.4_0.8.shear.wave,2066,206600,206.6,0.20659999999999998,158683.45183699526,921.9757160272052,0.005810156669482387,5.810156669482387e+17,82,0.0005167520560633698,5.167520560633698e+26,733.7336454351749,33.65348703507367,87.63555965309602,0.0,0.0,66.95302390386087,0.0046238825595304655,0.00021207937340336918,0.0005522665321341641,0.0,0.0,0.00042192820441439076,5159,2106,6235,0.156,0.46185185185185185,1,0,0
flow,0.4,0.8,0,registered,during_vibration,flow_dump_0.4_0.8.shear.wave,2067,206700,206.70000000000002,0.2067,158683.45183699526,1158.403242817988,0.007300088505813052,7.300088505813052e+17,90,0.0005671668908012594,5.671668908012594e+26,893.3826100409385,45.77799018735962,123.94961904219579,26.077539156562118,0.0,69.21548439093195,0.0056299670803648125,0.0002884862262410591,0.0007811124449795863,0.00016433685336861593,0.0,0.00043618590085897754,5155,2084,6261,0.15437037037037038,0.4637777777777778,1,0,0
flow,0.4,0.8,0,registered,during_vibration,flow_dump_0.4_0.8.shear.wave,2068,206800,206.8,0.20679999999999998,158683.45183699526,986.974491222846,0.006219769483189072,6.219769483189073e+17,85,0.0005356576190900784,5.356576190900784e+26,798.6723748604466,34.918361041838104,98.00438590627039,14.488975047772216,0.0,40.89039436651897,0.005033116973538416,0.00022005042515527937,0.0006176093648816238,9.130741031935553e-05,0.0,0.00025768530929439886,5077,2033,6390,0.15059259259259258,0.47333333333333333,1,0,0
flow,0.4,0.8,0,registered,during_vibration,flow_dump_0.4_0.8.shear.wave,2069,206900,206.9,0.2069,158683.4518369953,957.9629002166952,0.006036942662431778,6.036942662431777e+17,82,0.0005167520560633696,5.1675205606336965e+26,787.0164955412398,23.9718404529469,99.1045305513839,6.7460868932419835,0.0,41.12394677788279,0.0049596633198380905,0.00015106704684979716,0.0006245423161905202,4.251285698127981e-05,0.0,0.0002591571225720917,4999,1918,6583,0.14207407407407407,0.48762962962962964,1,0,0
flow,0.4,0.8,0,registered,during_vibration,flow_dump_0.4_0.8.shear.wave,2070,207000,207.0,0.207,158683.45183699526,851.5225443526939,0.005366171043641055,5.366171043641055e+17,71,0.0004474316582987713,4.474316582987713e+26,724.4746888537334,22.462221964865694,57.779346631979756,5.50578575506252,0.0,41.30050114705249,0.004565533963793131,0.00014155365102556258,0.0003641170264643131,3.469665986796305e-05,0.0,0.0002602697424900846,5002,1942,6556,0.14385185185185184,0.48562962962962963,1,0,0
flow,0.4,0.8,0,registered,during_vibration,flow_dump_0.4_0.8.shear.wave,2071,207100,207.1,0.20709999999999998,158683.45183699526,999.8859959803366,0.006301135905509868,6.301135905509868e+17,81,0.0005104502017211335,5.104502017211335e+26,846.5724635751598,31.71855070987536,47.649151889967875,6.912660526067471,0.0,67.03316927926605,0.005334976355598731,0.00019988568652046763,0.00030027801474166705,4.356257975260318e-05,0.0,0.00042243326889639804,5076,2040,6384,0.1511111111111111,0.4728888888888889,1,0,0
flow,0.4,0.8,0,registered,during_vibration,flow_dump_0.4_0.8.shear.wave,2072,207200,207.20000000000002,0.2072,158683.45183699526,1018.2678000238897,0.006416975357139868,6.416975357139868e+17,80,0.0005041483473788973,5.041483473788973e+26,844.7531991427712,25.87821421196594,90.94234653900338,0.0,0.0,56.69404013014923,0.005323511616135808,0.00016308073660099652,0.0005731054214299691,0.0,0.0,0.00035727758297309523,5149,2128,6223,0.15762962962962962,0.46096296296296296,1,0,0
flow,0.4,0.8,0,registered,during_vibration,flow_dump_0.4_0.8.shear.wave,2073,207300,207.3,0.20729999999999998,158683.45183699526,985.7206976873231,0.006211868258952969,6.211868258952969e+17,83,0.0005230539104056059,5.2305391040560594e+26,836.2317464900242,28.33971999986329,70.3183891336627,0.0,0.0,50.83084206377267,0.0052698106627339335,0.000178592787538897,0.0004431362459010283,0.0,0.0,0.0003203285627791091,5193,2161,6146,0.16007407407407406,0.45525925925925925,1,0,0
flow,0.4,0.8,0,registered,during_vibration,flow_dump_0.4_0.8.shear.wave,2074,207400,207.4,0.2074,158683.45183699526,1209.6517556640174,0.00762304916902495,7.62304916902495e+17,95,0.0005986761625124405,5.986761625124405e+26,997.7686523617559,44.90474256159874,88.95331776705572,23.417557928024948,0.0,54.60748504558225,0.006287792714433109,0.00028298314689881044,0.000560570851826638,0.00014757403911329215,0.0,0.0003441284167531017,5165,2080,6255,0.15407407407407409,0.4633333333333333,1,0,0
flow,0.4,0.8,0,registered,during_vibration,flow_dump_0.4_0.8.shear.wave,2075,207500,207.5,0.2075,158683.45183699526,1066.3563074648448,0.00672002212656831,6.72002212656831e+17,89,0.0005608650364590232,5.6086503645902325e+26,881.9027339922891,23.673554425500043,95.82593971195493,32.666849448146856,0.0,32.28722988695403,0.005557622573639297,0.00014918729175250283,0.000603881114272649,0.000205861727041981,0.0,0.0002034694198618802,5074,1941,6485,0.14377777777777778,0.4803703703703704,1,0,0
flow,0.4,0.8,0,registered,during_vibration,flow_dump_0.4_0.8.shear.wave,2076,207600,207.6,0.20759999999999998,158683.4518369953,871.6623314212783,0.005493089048230925,5.493089048230925e+17,73,0.0004600353669832437,4.600353669832437e+26,713.8019265936555,24.762334530759095,92.64886670724547,10.731677281218422,0.0,29.71752630839992,0.004498275770600804,0.00015604862538656997,0.0005838596629623192,6.762946707412405e-05,0.0,0.00018727552220710897,5043,1888,6569,0.13985185185185184,0.4865925925925926,1,0,0
flow,0.4,0.8,0,registered,during_vibration,flow_dump_0.4_0.8.shear.wave,2077,207700,207.70000000000002,0.2077,158683.45183699526,943.8863431496325,0.005948234250154974,5.948234250154975e+17,79,0.000497846493036661,4.97846493036661e+26,744.9560336073264,42.87202946058529,81.96218413751428,7.80066845718801,0.0,66.2954274870186,0.004694604415163398,0.0002701732850166684,0.0005165137460061587,4.9158676389275345e-05,0.0,0.00041778412757947437,5102,1998,6400,0.148,0.4740740740740741,1,0,0
flow,0.4,0.8,0,registered,during_vibration,flow_dump_0.4_0.8.shear.wave,2078,207800,207.8,0.20779999999999998,158683.45183699526,879.89202690852,0.005544951390472483,5.5449513904724826e+17,81,0.0005104502017211335,5.104502017211335e+26,707.9743415566974,17.693825760044742,71.1729684296486,0.0,0.0,83.05089116212939,0.0044615511785308995,0.00011150391269670897,0.0004485216801482222,0.0,0.0,0.0005233746190966525,5167,2110,6223,0.1562962962962963,0.46096296296296296,1,0,0
flow,0.4,0.8,0,registered,during_vibration,flow_dump_0.4_0.8.shear.wave,2079,207900,207.9,0.2079,158683.45183699526,1063.1705441100737,0.006699945909937708,6.699945909937709e+17,82,0.0005167520560633698,5.167520560633698e+26,815.2854184097847,33.69546709268654,139.60560715499415,0.0,0.0,74.58405145260794,0.005137809954167572,0.0002123439256117242,0.0008797742016502232,0.0,0.0,0.0004700178285081867,5164,2097,6239,0.15533333333333332,0.46214814814814814,1,0,0
flow,0.4,0.8,0,registered,during_vibration,flow_dump_0.4_0.8.shear.wave,2080,208000,208.0,0.208,158683.4518369953,1073.1695769455844,0.006762958358430333,6.762958358430332e+17,88,0.0005545631821167869,5.5456318211678696e+26,859.8148985640521,19.500252205253574,103.84292836248501,8.617866149163715,0.0,81.39363166463018,0.005418428252035262,0.00012288774903437857,0.0006544030090116504,5.430853721291785e-05,0.0,0.0005129308111361247,5124,2077,6299,0.15385185185185185,0.4665925925925926,1,0,0
flow,0.4,0.8,0,registered,during_vibration,flow_dump_0.4_0.8.shear.wave,2081,208100,208.1,0.20809999999999998,158683.45183699526,936.6903931783543,0.00590288642158196,5.90288642158196e+17,76,0.0004789409300099524,4.789409300099524e+26,764.9205771765824,34.194728090314726,105.29726664580234,12.679974164802562,0.0,19.59784710085212,0.004820418060746078,0.00021549019569753656,0.0006635680370374542,7.990735024990406e-05,0.0,0.00012350277785098636,5037,1994,6469,0.1477037037037037,0.47918518518518516,1,0,0
flow,0.4,0.8,0,registered,during_vibration,flow_dump_0.4_0.8.shear.wave,2082,208200,208.20000000000002,0.2082,158683.45183699526,866.1717392504204,0.005458488136117557,5.458488136117557e+17,75,0.0004726390756677162,4.726390756677162e+26,711.2378017657677,18.99036478723256,68.9399017294756,13.614347121668093,0.0,53.389323846276206,0.004482117029420144,0.00011967451279507125,0.0004344492190672338,8.57956325253952e-05,0.0,0.00033645174230971124,4982,1910,6608,0.14148148148148149,0.48948148148148146,1,0,0
flow,0.4,0.8,0,registered,during_vibration,flow_dump_0.4_0.8.shear.wave,2083,208300,208.3,0.20829999999999999,158683.45183699526,937.6993473980825,0.005909244704112672,5.909244704112672e+17,79,0.000497846493036661,4.97846493036661e+26,829.4423049117758,17.637112968856066,55.112261258748234,8.16487752985172,0.0,27.34279072885066,0.005227024590842689,0.00011114651694729627,0.00034730944292389934,5.145386891532297e-05,0.0,0.00017231028448346368,5019,1999,6482,0.14807407407407408,0.48014814814814816,1,0,0
flow,0.4,0.8,0,registered,during_vibration,flow_dump_0.4_0.8.shear.wave,2084,208400,208.4,0.2084,158683.4518369953,1074.697205371803,0.006772585250261422,6.772585250261422e+17,79,0.000497846493036661,4.97846493036661e+26,908.1495058535023,20.874954953279108,80.25862647761771,0.0,0.0,65.41411808740389,0.0057230259068625665,0.00013155092551630734,0.0005057781737698896,0.0,0.0,0.0004122302441126587,5123,2098,6279,0.1554074074074074,0.4651111111111111,1,0,0
flow,0.4,0.8,0,registered,during_vibration,flow_dump_0.4_0.8.shear.wave,2085,208500,208.5,0.2085,158683.45183699526,1037.4073540241848,0.006537590038625092,6.537590038625092e+17,88,0.000554563182116787,5.54563182116787e+26,842.5675953387513,25.59855373844283,88.64615066765893,0.0,0.0,80.59505427933182,0.005309738259313037,0.00016131835703157306,0.0005586351295075123,0.0,0.0,0.0005078982927729707,5192,2163,6145,0.1602222222222222,0.4551851851851852,1,0,0
flow,0.4,0.8,0,registered,during_vibration,flow_dump_0.4_0.8.shear.wave,2086,208600,208.6,0.20859999999999998,158683.45183699526,1090.743224358497,0.0068737049246883255,6.873704924688325e+17,89,0.0005608650364590232,5.6086503645902325e+26,902.4770310830446,35.75287264002436,88.81335800951307,20.07738473392753,0.0,43.62257789198732,0.005687278797099133,0.0002253093956939559,0.0005596888458208295,0.00012652475416624831,0.0,0.00027490313190815785,5188,2148,6164,0.15911111111111112,0.4565925925925926,1,0,0
flow,0.4,0.8,0,registered,during_vibration,flow_dump_0.4_0.8.shear.wave,2087,208700,208.70000000000002,0.2087,158683.45183699526,1131.4436662204594,0.007130193180967066,7.130193180967066e+17,87,0.0005482613277745507,5.4826132777455075e+26,955.007948412966,24.66950536885502,95.5631193586953,13.882140245525552,0.0,42.320952834417206,0.00601832098657635,0.00015546362952953866,0.0006022248586882318,8.748322578579733e-05,0.0,0.00026670048038714616,5099,2022,6379,0.1497777777777778,0.4725185185185185,1,0,0
flow,0.4,0.8,0,registered,during_vibration,flow_dump_0.4_0.8.shear.wave,2088,208800,208.8,0.20879999999999999,158683.4518369953,901.85202907259,0.0056833401254656425,5.683340125465642e+17,76,0.0004789409300099523,4.7894093000995234e+26,733.8515777583436,16.01388528579112,93.58129327520061,12.776324609467661,0.0,45.628948143787035,0.004624625751853315,0.00010091717252433539,0.0005897356793784037,8.051453671799319e-05,0.0,0.0002875469849915954,5022,1920,6558,0.14222222222222222,0.48577777777777775,1,0,0
flow,0.4,0.8,0,registered,during_vibration,flow_dump_0.4_0.8.shear.wave,2089,208900,208.9,0.2089,158683.45183699526,883.8784790592724,0.0055700734312688184,5.5700734312688186e+17,73,0.0004600353669832438,4.600353669832438e+26,695.3487835277828,24.132407049542188,67.4488227751237,12.618681060641705,0.0,84.32978464618199,0.004381986750843228,0.0001520789141537693,0.0004250526566841343,7.952109003529884e-05,0.0,0.000531434019552387,5080,1923,6497,0.14244444444444446,0.4812592592592593,1,0,0
flow,0.4,0.8,0,registered,during_vibration,flow_dump_0.4_0.8.shear.wave,2090,209000,209.0,0.209,158683.45183699526,868.6508500108555,0.00547411113102809,5.4741111310280896e+17,75,0.0004726390756677162,4.726390756677162e+26,716.7419734607522,18.49308053819823,58.48194425632503,0.0,0.0,74.93385175557972,0.004516803517716596,0.00011654069989096858,0.0003685446943541382,0.0,0.0,0.000472222219066385,5133,2052,6315,0.152,0.4677777777777778,1,0,0
flow,0.4,0.8,0,registered,during_vibration,flow_dump_0.4_0.8.shear.wave,2091,209100,209.1,0.20909999999999998,158683.45183699526,1045.7849199376917,0.006590384238754496,6.590384238754496e+17,88,0.000554563182116787,5.54563182116787e+26,819.9582519124883,33.07695592986973,129.9932747228614,0.0,0.0,62.75643737247208,0.005167257470267131,0.00020844615835460554,0.0008191986827737694,0.0,0.0,0.0003954819273589883,5153,2108,6239,0.15614814814814815,0.46214814814814814,1,0,0
flow,0.4,0.8,0,registered,during_vibration,flow_dump_0.4_0.8.shear.wave,2092,209200,209.20000000000002,0.2092,158683.45183699526,1021.9627594087069,0.006440260452983465,6.440260452983465e+17,95,0.0005986761625124405,5.986761625124405e+26,807.9807020975908,28.424593326516792,108.15147122425255,13.936343166670703,0.0,63.469649593675655,0.005091776695956769,0.0001791276468810084,0.0006815548185537911,8.782480469977779e-05,0.0,0.000399976486892116,5142,2078,6280,0.15392592592592594,0.4651851851851852,1,0,0
flow,0.4,0.8,0,registered,during_vibration,flow_dump_0.4_0.8.shear.wave,2093,209300,209.3,0.20929999999999999,158683.45183699526,940.1625577858914,0.005924767497190927,5.924767497190927e+17,86,0.0005419594734323146,5.419594734323146e+26,748.6851294263345,38.11181629131764,97.0267064733153,13.929010896523938,0.0,42.40989469839986,0.004718104633843029,0.000240175114985949,0.0006114481715017408,8.777859780131495e-05,0.0,0.00026726097905889186,5048,2034,6418,0.15066666666666667,0.4754074074074074,1,0,0
flow,0.4,0.8,0,registered,during_vibration,flow_dump_0.4_0.8.shear.wave,2094,209400,209.4,0.2094,158683.45183699526,935.8178041977648,0.005897387492925645,5.897387492925645e+17,80,0.0005041483473788973,5.041483473788973e+26,769.3195662445021,26.298067719731584,94.21043558528369,6.748113044036087,0.0,39.241621604211254,0.004848139849105198,0.00016572659225201253,0.0005937004425770854,4.252562548845966e-05,0.0,0.0002472949835028892,4968,1930,6602,0.14296296296296296,0.48903703703703705,1,0,0
flow,0.4,0.8,0,registered,during_vibration,flow_dump_0.4_0.8.shear.wave,2095,209500,209.5,0.2095,158683.45183699526,912.1451089217803,0.005748205615408247,5.748205615408247e+17,77,0.00048524278435218865,4.852427843521887e+26,768.6372785384942,21.278535199423963,57.79383379627946,8.676847921418398,0.0,55.758613466164604,0.0048438401713624376,0.00013409422944291608,0.00036420832246356185,5.468023175051382e-05,0.0,0.00035138266038882014,4993,1953,6554,0.14466666666666667,0.48548148148148146,1,0,0
flow,0.4,0.8,0,registered,during_vibration,flow_dump_0.4_0.8.shear.wave,2096,209600,209.6,0.20959999999999998,158683.45183699526,889.8407506511123,0.0056076467983894466,5.6076467983894464e+17,81,0.0005104502017211335,5.104502017211335e+26,764.8532830791451,18.0153485956695,43.44982156322541,7.127600936079922,0.0,56.39469647699238,0.004819993983145936,0.00011353010277451896,0.00027381444668760085,4.491710290876218e-05,0.0,0.00035539116287262786,5064,2052,6384,0.152,0.4728888888888889,1,0,0
flow,0.4,0.8,0,registered,during_vibration,flow_dump_0.4_0.8.shear.wave,2097,209700,209.70000000000002,0.2097,158683.45183699526,924.1287351691967,0.005823724682511264,5.823724682511264e+17,76,0.0004789409300099524,4.789409300099524e+26,761.2257604697809,24.933085462313336,82.23701811988866,0.0,0.0,55.73287111721401,0.0047971338640385545,0.00015712467288602597,0.0005182457097313787,0.0,0.0,0.0003512204358553065,5122,2113,6265,0.15651851851851853,0.4640740740740741,1,0,0
flow,0.4,0.8,0,registered,during_vibration,flow_dump_0.4_0.8.shear.wave,2098,209800,209.8,0.2098,158683.45183699526,1087.088392023054,0.006850672703665068,6.850672703665069e+17,86,0.0005419594734323146,5.419594734323146e+26,908.5630898899833,22.19061431747032,81.20682585337073,11.103968706355431,0.0,64.02389325587407,0.005725632253218745,0.00013984201919343947,0.0005117535881232845,6.997559340820103e-05,0.0,0.000403469249721398,5177,2141,6182,0.1585925925925926,0.4579259259259259,1,0,0
flow,0.4,0.8,0,registered,during_vibration,flow_dump_0.4_0.8.shear.wave,2099,209900,209.9,0.2099,158683.4518369953,1099.859115138065,0.006931151940580895,6.931151940580895e+17,95,0.0005986761625124404,5.986761625124404e+26,871.8088499818632,39.3737812064233,95.40046488000635,26.292386304607078,0.0,66.98363276516503,0.005494012386858166,0.00024812783406595736,0.0006011998338554215,0.0001656907888014401,0.0,0.0004221210969999112,5142,2086,6272,0.15451851851851853,0.4645925925925926,1,0,0
flow,0.4,0.8,0,registered,during_vibration,flow_dump_0.4_0.8.shear.wave,2100,210000,210.0,0.21,158683.45183699526,1055.4404815154876,0.006651232181410258,6.651232181410258e+17,81,0.0005104502017211335,5.104502017211335e+26,853.0225301377561,48.3526599510894,81.82687881838451,5.945669728704617,0.0,66.29274287955295,0.0053756237355739415,0.00030471142007144393,0.0005156610715932731,3.746874459733962e-05,0.0,0.00041776720957425973,5054,1957,6489,0.14496296296296296,0.4806666666666667,1,0,0
flow,0.4,0.8,0,registered,during_vibration,flow_dump_0.4_0.8.shear.wave,2101,210100,210.1,0.21009999999999998,158683.45183699526,871.8364196912619,0.005494186127151054,5.494186127151054e+17,71,0.0004474316582987713,4.474316582987713e+26,690.4200030069402,24.846276950844604,106.92817878365739,11.79788462299795,0.0,37.844076326821984,0.0043509262939160276,0.00015657761829108367,0.0006738458077752017,7.434855044064151e-05,0.0,0.0002384878567281019,5039,1895,6566,0.14037037037037037,0.4863703703703704,1,0,0
flow,0.4,0.8,0,registered,during_vibration,flow_dump_0.4_0.8.shear.wave,2102,210200,210.20000000000002,0.2102,158683.45183699526,895.4159746808282,0.005642781048150051,5.642781048150051e+17,73,0.0004600353669832438,4.600353669832438e+26,725.0186708115531,24.46363065358821,80.8041661177333,0.0,0.0,65.12950709795369,0.0045689620588561155,0.00015416623706117786,0.0005092160851198141,0.0,0.0,0.0004104366671129439,5098,2000,6402,0.14814814814814814,0.4742222222222222,1,0,0
flow,0.4,0.8,0,registered,during_vibration,flow_dump_0.4_0.8.shear.wave,2103,210300,210.3,0.2103,158683.4518369953,888.8028901373098,0.0056011063526039025,5.601106352603903e+17,87,0.0005482613277745506,5.482613277745507e+26,691.454773947619,24.503389738622463,77.41531092073046,0.0,0.0,95.42941553033815,0.004357447269661763,0.00015441679302384429,0.00048786001328137194,0.0,0.0,0.0006013822766369255,5160,2117,6223,0.15681481481481482,0.46096296296296296,1,0,0
flow,0.4,0.8,0,registered,during_vibration,flow_dump_0.4_0.8.shear.wave,2104,210400,210.4,0.2104,158683.45183699526,1083.6392511319896,0.00682893672016373,6.82893672016373e+17,85,0.0005356576190900784,5.356576190900784e+26,822.5509812011184,33.52887517607789,134.13329473536686,0.0,0.0,93.42610001942636,0.005183596472592928,0.00021129408761866252,0.0008452884858665218,0.0,0.0,0.000588757674085617,5159,2088,6253,0.15466666666666667,0.4631851851851852,1,0,0
flow,0.4,0.8,0,registered,during_vibration,flow_dump_0.4_0.8.shear.wave,2105,210500,210.5,0.2105,158683.45183699526,943.1040428940476,0.005943304307892384,5.943304307892384e+17,80,0.0005041483473788973,5.041483473788973e+26,774.4963130033838,30.056288635563334,96.68015827486967,0.0,0.0,41.87128298023069,0.004880762953146313,0.00018941035304952981,0.0006092642752325721,0.0,0.0,0.0002638667264639681,5106,2062,6332,0.15274074074074073,0.46903703703703703,1,0,0
flow,0.4,0.8,0,registered,during_vibration,flow_dump_0.4_0.8.shear.wave,2106,210600,210.6,0.21059999999999998,158683.45183699526,915.122455818659,0.0057669684218786856,5.766968421878685e+17,84,0.0005293557647478421,5.293557647478421e+26,733.1359932593565,32.5384382836611,108.59640828843284,11.517480255070542,0.0,29.334135732137604,0.004620116242571137,0.00020505249858747483,0.0006843587471237175,7.258148295703617e-05,0.0,0.0001848594506393179,4985,1968,6547,0.14577777777777778,0.484962962962963,1,0,0
flow,0.4,0.8,0,registered,during_vibration,flow_dump_0.4_0.8.shear.wave,2107,210700,210.70000000000002,0.2107,158683.4518369953,918.5098314445745,0.0057883151696756455,5.788315169675645e+17,83,0.0005230539104056058,5.230539104056058e+26,774.3787853804198,21.53809106191496,60.555945898774766,4.066231556994104,0.0,57.97077754647099,0.004880022311185205,0.0001357299126820078,0.0003816147506104151,2.562479899398122e-05,0.0,0.00036532339620403787,4968,1909,6623,0.1414074074074074,0.4905925925925926,1,0,0
flow,0.4,0.8,0,registered,during_vibration,flow_dump_0.4_0.8.shear.wave,2108,210800,210.8,0.2108,158683.45183699526,934.4625957244517,0.005888847166523462,5.888847166523461e+17,81,0.0005104502017211335,5.104502017211335e+26,789.2367678243389,15.351693647001145,63.8975986869451,14.300902700503055,0.0,51.67563286566343,0.004973655152366287,9.67441372700343e-05,0.00040267335974379214,9.01222057810628e-05,0.0,0.0003256523113622856,5022,1985,6493,0.14703703703703705,0.480962962962963,1,0,0
flow,0.4,0.8,0,registered,during_vibration,flow_dump_0.4_0.8.shear.wave,2109,210900,210.9,0.2109,158683.45183699526,989.3839342098619,0.006234953441939169,6.234953441939169e+17,77,0.00048524278435218865,4.852427843521887e+26,850.3349340665036,12.021532751892888,63.85509454800649,5.262868066036369,0.0,57.9095047774224,0.005358686896602142,7.575794837285109e-05,0.00040240550485125883,3.316582797456761e-05,0.0,0.00036493726413834826,5130,2104,6266,0.15585185185185185,0.46414814814814814,1,0,0
flow,0.4,0.8,0,registered,during_vibration,flow_dump_0.4_0.8.shear.wave,2110,211000,211.0,0.211,158683.45183699526,1004.5771981034869,0.006330699177979951,6.33069917797995e+17,80,0.0005041483473788973,5.041483473788973e+26,837.3895827348167,21.407307799804265,92.25678771109705,0.0,0.0,53.52351985776885,0.005277107178100778,0.00013490573561378372,0.0005813888382379417,0.0,0.0,0.00033729742602744696,5168,2176,6156,0.16118518518518518,0.456,1,0,0
flow,0.4,0.8,0,registered,during_vibration,flow_dump_0.4_0.8.shear.wave,2111,211100,211.1,0.21109999999999998,158683.45183699526,1058.129090663896,0.006668175404646732,6.668175404646732e+17,87,0.0005482613277745507,5.4826132777455075e+26,871.1607752684578,36.45397080106562,82.85031449930881,19.393659349313502,0.0,48.27037074575005,0.005489928314411399,0.00022972761418444762,0.0005221106141831053,0.00012221601638232128,0.0,0.000304192845485457,5189,2147,6164,0.15903703703703703,0.4565925925925926,1,0,0
flow,0.4,0.8,0,registered,during_vibration,flow_dump_0.4_0.8.shear.wave,2112,211200,211.20000000000002,0.2112,158683.45183699526,1018.6082109800224,0.0064191205774019175,6.419120577401917e+17,88,0.000554563182116787,5.54563182116787e+26,830.4526611434966,38.432092912646745,94.00111468364187,16.67940851280327,0.0,39.04293372743409,0.005233391708648765,0.0002421934516027886,0.0005923813327441531,0.000105111202962341,0.0,0.0002460428814438713,5092,2035,6373,0.15074074074074073,0.4720740740740741,1,0,0
flow,0.4,0.8,0,registered,during_vibration,flow_dump_0.4_0.8.shear.wave,2113,211300,211.3,0.2113,158683.45183699526,1023.3765433287111,0.006449169913318727,6.449169913318728e+17,79,0.000497846493036661,4.97846493036661e+26,830.4253854806506,34.237102574129395,89.0860794155935,26.339350071288273,0.0,43.288625787049405,0.005233219821394421,0.00021575723352236406,0.0005614074963979583,0.0001659867476184278,0.0,0.0002727986143855559,5004,1915,6581,0.14185185185185184,0.48748148148148146,1,0,0
flow,0.4,0.8,0,registered,during_vibration,flow_dump_0.4_0.8.shear.wave,2114,211400,211.4,0.21139999999999998,158683.45183699526,849.4863859139874,0.0053533394697426115,5.353339469742611e+17,65,0.00040962053224535404,4.096205322453541e+26,680.6321721087552,27.351595820522995,77.35759653540414,10.399006191460725,0.0,53.74601525784452,0.0042892448092692265,0.00017236577288865277,0.00048749630563159384,6.553302232259806e-05,0.0,0.0003386995596305414,5044,1924,6532,0.14251851851851852,0.48385185185185187,1,0,0
flow,0.4,0.8,0,registered,during_vibration,flow_dump_0.4_0.8.shear.wave,2115,211500,211.5,0.2115,158683.45183699526,882.129006863691,0.005559048512316472,5.5590485123164717e+17,79,0.000497846493036661,4.97846493036661e+26,717.5763279204397,17.147001598413034,70.79788727754908,0.0,2.4919963191292607,74.11579374815967,0.004522061497991342,0.00010805790647929051,0.00044615797336117284,0.0,1.57041978245414e-05,0.00046706693666012384,5100,2055,6345,0.15222222222222223,0.47,1,0,0
flow,0.4,0.8,0,registered,during_vibration,flow_dump_0.4_0.8.shear.wave,2116,211600,211.6,0.21159999999999998,158683.45183699526,881.1802615980573,0.0055530696578445626,5.5530696578445626e+17,77,0.00048524278435218865,4.852427843521887e+26,673.4827408436748,30.73132601926376,96.48775820056852,0.0,5.019649113543545,75.45878742100687,0.00424419013480686,0.00019366434031717415,0.0006080517979888908,0.0,3.163309756268656e-05,0.0004755302871689517,5168,2111,6221,0.15637037037037038,0.4608148148148148,1,0,0
flow,0.4,0.8,0,registered,during_vibration,flow_dump_0.4_0.8.shear.wave,2117,211700,211.70000000000002,0.2117,158683.45183699526,1067.941335354191,0.006730010741455352,6.730010741455352e+17,94,0.0005923743081702043,5.9237430817020434e+26,825.8460914383625,25.849165503323782,109.54523539986673,14.688746773549209,6.821776859902263,85.19031937918658,0.005204361777349652,0.00016289767587030358,0.0006903381173759386,9.256634263689929e-05,4.298984412634161e-05,0.000536856984096217,5150,2112,6238,0.15644444444444444,0.4620740740740741,1,0,0
flow,0.4,0.8,0,registered,during_vibration,flow_dump_0.4_0.8.shear.wave,2118,211800,211.8,0.2118,158683.4518369953,942.8726197163592,0.005941845912735173,5.941845912735173e+17,81,0.0005104502017211334,5.1045020172113336e+26,769.3638830367177,32.56206405904409,94.28945108689166,14.038468887180679,0.0,32.61875264652506,0.004848419127074654,0.00020520138478266077,0.0005941983867589974,8.846838611502756e-05,0.0,0.00020555862800383296,5058,2023,6419,0.14985185185185185,0.4754814814814815,1,0,0
flow,0.4,0.8,0,registered,during_vibration,flow_dump_0.4_0.8.shear.wave,2119,211900,211.9,0.21189999999999998,158683.45183699526,936.2665612368945,0.005900215494421293,5.900215494421293e+17,78,0.0004915446386944248,4.9154463869442485e+26,721.5567195219703,19.185166622706692,116.09734459213966,6.459489072557438,0.0,72.96784142752051,0.004547145346089248,0.00012090212558782949,0.0007316285551400696,4.070675926052348e-05,0.0,0.0004598327083436238,4979,1929,6592,0.1428888888888889,0.4882962962962963,1,0,0
flow,0.4,0.8,0,registered,during_vibration,flow_dump_0.4_0.8.shear.wave,2120,212000,212.0,0.212,158683.45183699526,915.7739018577358,0.005771073739928775,5.771073739928776e+17,72,0.00045373351264100755,4.5373351264100753e+26,762.3659470616736,24.31406629416416,77.90484368478994,0.0,0.0,51.18904481710827,0.004804319153863633,0.00015322370425329763,0.0004909449774562272,0.0,0.0,0.000322585904355618,4991,1948,6561,0.14429629629629628,0.486,1,0,0
flow,0.4,0.8,0,registered,during_vibration,flow_dump_0.4_0.8.shear.wave,2121,212100,212.1,0.21209999999999998,158683.45183699526,1002.3638203072289,0.006316750793503593,6.316750793503593e+17,84,0.0005293557647478421,5.293557647478421e+26,870.2789568795378,31.09898084872231,44.459364451764735,0.0,0.0,56.526518127204255,0.005484371223368119,0.0001959812475006416,0.00028017643892341604,0.0,0.0,0.0003562218837114163,5056,2069,6375,0.15325925925925926,0.4722222222222222,1,0,0
flow,0.4,0.8,0,registered,during_vibration,flow_dump_0.4_0.8.shear.wave,2122,212200,212.20000000000002,0.2122,158683.4518369953,953.9513968558632,0.0060116627525584245,6.011662752558424e+17,73,0.0004600353669832437,4.600353669832437e+26,785.1951529646163,8.120606886985197,82.59388522271786,0.0,0.0,78.04175178154347,0.004948185484212896,5.117488177234097e-05,0.0005204946342329441,0.0,0.0,0.0004918077523402406,5130,2128,6242,0.15762962962962962,0.4623703703703704,1,0,0
flow,0.4,0.8,0,registered,during_vibration,flow_dump_0.4_0.8.shear.wave,2123,212300,212.3,0.2123,158683.45183699526,1013.6047260540593,0.006387589344194923,6.387589344194924e+17,80,0.0005041483473788973,5.041483473788973e+26,848.5637491468826,22.59736121027251,82.17127680841769,0.0,0.0,60.27233888848632,0.005347525147225526,0.00014240527886603605,0.0005178314175622211,0.0,0.0,0.00037982750054114023,5173,2147,6180,0.15903703703703703,0.4577777777777778,1,0,0
flow,0.4,0.8,0,registered,during_vibration,flow_dump_0.4_0.8.shear.wave,2124,212400,212.4,0.21239999999999998,158683.45183699526,967.4303063960507,0.006096604877172865,6.096604877172865e+17,87,0.0005482613277745507,5.4826132777455075e+26,816.5564307323301,15.448702697414644,94.06940889093626,6.176839745135118,0.0,35.17892433023429,0.00514581968869144,9.735547417561882e-05,0.0005928117128909408,3.8925544369176985e-05,0.0,0.00022169245704568621,5117,2073,6310,0.15355555555555556,0.4674074074074074,1,0,0
flow,0.4,0.8,0,registered,during_vibration,flow_dump_0.4_0.8.shear.wave,2125,212500,212.5,0.2125,158683.45183699526,995.4278918189935,0.006273041582442566,6.273041582442566e+17,84,0.0005293557647478421,5.293557647478421e+26,811.4006293429003,28.05193918348419,100.11832150075232,14.80493936542196,0.0,41.05206242643463,0.005113328579317755,0.0001767792347515861,0.0006309310790869175,9.329857142652827e-05,0.0,0.0002587041178597793,5040,1962,6498,0.14533333333333334,0.48133333333333334,1,0,0
flow,0.4,0.8,0,registered,during_vibration,flow_dump_0.4_0.8.shear.wave,2126,212600,212.6,0.21259999999999998,158683.4518369953,901.0193663150826,0.005678092806051626,5.6780928060516256e+17,73,0.0004600353669832437,4.600353669832437e+26,724.5926350024631,22.88920108594425,111.61839554022386,11.450311347241712,0.0,30.468823339209692,0.004566277243242653,0.00014424441125377566,0.0007034028706085991,7.215819428357178e-05,0.0,0.00019201008666302672,5012,1900,6588,0.14074074074074075,0.488,1,0,0
flow,0.4,0.8,0,registered,during_vibration,flow_dump_0.4_0.8.shear.wave,2127,212700,212.70000000000002,0.2127,158683.45183699526,897.3600567400363,0.005655032370116535,5.6550323701165344e+17,69,0.0004348279496142989,4.3482794961429895e+26,739.413842005163,30.429939913311923,79.58446821921008,0.0,0.0,47.93180660235091,0.0046596783309498,0.0001917650489766919,0.0005015297266217892,0.0,0.0,0.0003020592635682516,5071,2010,6419,0.14888888888888888,0.4754814814814815,1,0,0
flow,0.4,0.8,0,registered,during_vibration,flow_dump_0.4_0.8.shear.wave,2128,212800,212.8,0.2128,158683.45183699526,981.5740262383616,0.006185736539476505,6.185736539476506e+17,78,0.0004915446386944248,4.9154463869442485e+26,803.864786209926,27.785772324883947,97.24608002223262,0.0,0.0,52.67738768131902,0.0050658387935478095,0.00017510188997795677,0.0006128306316535571,0.0,0.0,0.0003319652242971808,5132,2122,6246,0.15718518518518518,0.46266666666666667,1,0,0
flow,0.4,0.8,0,registered,during_vibration,flow_dump_0.4_0.8.shear.wave,2129,212900,212.9,0.21289999999999998,158683.45183699526,884.4259604187539,0.00557352357905136,5.57352357905136e+17,79,0.000497846493036661,4.97846493036661e+26,688.0129517102113,25.167802188501092,117.05173253010395,2.658266128678415,0.0,51.535207861259174,0.004335757407249751,0.00015860382350614774,0.0007376429689111076,1.6752005945831523e-05,0.0,0.0003247673734385221,5139,2100,6261,0.15555555555555556,0.4637777777777778,1,0,0
flow,0.4,0.8,0,registered,during_vibration,flow_dump_0.4_0.8.shear.wave,2130,213000,213.0,0.213,158683.4518369953,1012.1901509222392,0.006378674897758043,6.378674897758043e+17,84,0.000529355764747842,5.29355764747842e+26,830.5972180439135,30.08658681238876,101.50474172109108,7.42117181693054,0.0,42.580432527915654,0.0052343026851793565,0.00018960128774671894,0.0006396680973726233,4.676714383900475e-05,0.0,0.00026833568362034146,5101,2087,6312,0.1545925925925926,0.46755555555555556,1,0,0
flow,0.4,0.8,0,registered,during_vibration,flow_dump_0.4_0.8.shear.wave,2131,213100,213.1,0.21309999999999998,158683.45183699526,908.667369397962,0.005726289407488907,5.726289407488907e+17,83,0.0005230539104056059,5.2305391040560594e+26,737.3629146964436,27.909523071123374,91.26560978836591,11.936255252656348,0.0,40.193066589372975,0.004646753685783735,0.00017588174915550067,0.0005751425793416498,7.522054199399225e-05,0.0,0.0002532908512140295,4984,1987,6529,0.1471851851851852,0.48362962962962963,1,0,0
flow,0.4,0.8,0,registered,during_vibration,flow_dump_0.4_0.8.shear.wave,2132,213200,213.20000000000002,0.2132,158683.45183699526,922.6410717144606,0.005814349644109249,5.814349644109249e+17,80,0.0005041483473788973,5.041483473788973e+26,778.214809701838,19.859651532286122,69.04117493535304,15.546034572268933,0.0,39.979400972714586,0.004904196377712058,0.0001251526312440354,0.00043508742805944473,9.79688454738073e-05,0.0,0.0002519443616199042,4952,1911,6637,0.14155555555555555,0.49162962962962964,1,0,0
flow,0.4,0.8,0,registered,during_vibration,flow_dump_0.4_0.8.shear.wave,2133,213300,213.3,0.2133,158683.45183699526,904.6093385035667,0.005700716287876133,5.700716287876133e+17,80,0.0005041483473788973,5.041483473788973e+26,771.823853245803,21.59545545398455,60.42357772913324,12.42071778569916,0.0,38.345734288946865,0.0048639215010185515,0.0001360914147252613,0.00038078058568578584,7.827355431149886e-05,0.0,0.00024164923213503597,4994,1993,6513,0.14762962962962964,0.48244444444444445,1,0,0
flow,0.4,0.8,0,registered,during_vibration,flow_dump_0.4_0.8.shear.wave,2134,213400,213.4,0.21339999999999998,158683.45183699526,886.2428262027103,0.005584973202581246,5.584973202581246e+17,74,0.00046633722132547996,4.6633722132548e+26,748.3011445448694,14.887765093380976,82.47677526151108,0.0,0.0,40.57714130294891,0.0047156848170504155,9.382052709991567e-05,0.0005197566243153941,0.0,0.0,0.00025571123411552107,5094,2105,6301,0.1559259259259259,0.46674074074074073,1,0,0
flow,0.4,0.8,0,registered,during_vibration,flow_dump_0.4_0.8.shear.wave,2135,213500,213.5,0.2135,158683.45183699526,1024.8090385428318,0.006458197289504066,6.458197289504067e+17,82,0.0005167520560633698,5.167520560633698e+26,873.8389858811003,10.95763820553493,97.37650149916577,0.0,0.0,42.635912957030676,0.005506806007590103,6.905343990620375e-05,0.0006136525288042892,0.0,0.0,0.00026868531320346913,5183,2175,6142,0.16111111111111112,0.45496296296296296,1,0,0
flow,0.4,0.8,0,registered,during_vibration,flow_dump_0.4_0.8.shear.wave,2136,213600,213.6,0.21359999999999998,158683.45183699526,1028.1676586260533,0.006479362824059437,6.479362824059437e+17,85,0.0005356576190900784,5.356576190900784e+26,867.491915880126,36.972116867131255,80.5618395567519,11.804990831733727,0.0,31.336795490310195,0.005466807696943987,0.00023299289522079594,0.0005076889784292543,7.43933327330199e-05,0.0,0.00019747992073237958,5167,2138,6195,0.15837037037037038,0.4588888888888889,1,0,0
flow,0.4,0.8,0,registered,during_vibration,flow_dump_0.4_0.8.shear.wave,2137,213700,213.70000000000002,0.2137,158683.4518369953,984.9450197209001,0.0062069800493920885,6.206980049392088e+17,84,0.000529355764747842,5.29355764747842e+26,819.2487146800337,31.96784431476877,94.284881048564,16.49497955083701,0.0,22.948600126696352,0.005162786069977808,0.00020145669850695687,0.0005941695870431181,0.00010394895850753977,0.0,0.00014461873535666397,5069,2017,6414,0.1494074074074074,0.4751111111111111,1,0,0
flow,0.4,0.8,0,registered,during_vibration,flow_dump_0.4_0.8.shear.wave,2138,213800,213.8,0.2138,158683.45183699526,954.4965628710958,0.006015098309378758,6.015098309378758e+17,82,0.0005167520560633698,5.167520560633698e+26,785.0044822518245,25.682509379805495,91.9362763645519,9.997620876124142,0.0,41.8756739987901,0.004946983905153552,0.00016184743325464962,0.0005793690224169802,6.300355053023436e-05,0.0,0.0002638943980233436,5014,1908,6578,0.14133333333333334,0.4872592592592593,1,0,0
flow,0.4,0.8,0,registered,during_vibration,flow_dump_0.4_0.8.shear.wave,2139,213900,213.9,0.21389999999999998,158683.45183699526,859.0721104490696,0.005413747309527499,5.413747309527499e+17,69,0.0004348279496142989,4.3482794961429895e+26,713.4257677755537,24.924102314842578,56.786267547910256,11.542514650507549,0.0,52.39345816025531,0.0044959052725195795,0.0001570680623991304,0.0003578587867261858,7.273924607062614e-05,0.0,0.00033017594181197643,5064,1939,6497,0.14362962962962963,0.4812592592592593,1,0,0
flow,0.4,0.8,0,registered,during_vibration,flow_dump_0.4_0.8.shear.wave,2140,214000,214.0,0.214,158683.45183699526,849.8629104175008,0.005355712272320036,5.355712272320036e+17,73,0.0004600353669832438,4.600353669832438e+26,709.2658755170391,17.80522579837868,60.58659225889141,0.0,0.0,62.205216843191536,0.004469690237427024,0.00011220593951200898,0.00038180787950798994,0.0,0.0,0.00039200821587301196,5119,2062,6319,0.15274074074074073,0.4680740740740741,1,0,0
flow,0.4,0.8,0,registered,during_vibration,flow_dump_0.4_0.8.shear.wave,2141,214100,214.1,0.21409999999999998,158683.4518369953,915.9839820970275,0.005772397634996972,5.772397634996972e+17,82,0.0005167520560633696,5.1675205606336965e+26,727.2498839381517,23.70947351773905,103.55879261573844,0.0,0.0,61.46583202539813,0.004583022838986425,0.00014941364863989837,0.000652612426922231,0.0,0.0,0.000387348720448417,5134,2114,6252,0.1565925925925926,0.4631111111111111,1,0,0
flow,0.4,0.8,0,registered,during_vibration,flow_dump_0.4_0.8.shear.wave,2142,214200,214.20000000000002,0.2142,158683.45183699526,1072.534501806565,0.006758956207407858,6.758956207407858e+17,86,0.0005419594734323146,5.419594734323146e+26,800.071986447104,51.4879945757421,119.71462738177554,14.870847446591045,6.1141150370099115,80.27493091834242,0.0050419371218932375,0.0003244698421901751,0.0007544241443950328,9.371391455403212e-05,3.8530262394912654e-05,0.0005058809219804684,5090,2102,6308,0.1557037037037037,0.46725925925925926,1,0,0
flow,0.4,0.8,0,registered,during_vibration,flow_dump_0.4_0.8.shear.wave,2143,214300,214.3,0.2143,158683.45183699526,909.600314458163,0.005732168691367602,5.732168691367602e+17,76,0.0004789409300099524,4.789409300099524e+26,748.2385414284046,42.06919799190593,94.11355043379288,14.089622412883713,0.0,11.08940219117579,0.0047152903013290845,0.0002651139580396875,0.0005930898864644648,8.879074818309994e-05,0.0,6.988379735126495e-05,5042,2030,6428,0.15037037037037038,0.47614814814814815,1,0,0
flow,0.4,0.8,0,registered,during_vibration,flow_dump_0.4_0.8.shear.wave,2144,214400,214.4,0.21439999999999998,158683.45183699526,883.2533146115716,0.005566133735979463,5.566133735979463e+17,67,0.00042222424092982645,4.2222424092982644e+26,760.6610550696894,18.75018626271325,78.85370496758254,6.343852123358131,0.0,18.644516188228078,0.004793575172860903,0.00011816094271741733,0.0004969245630513736,3.9978032050088877e-05,0.0,0.00011749502529967853,4958,1933,6609,0.1431851851851852,0.4895555555555556,1,0,0
flow,0.4,0.8,0,registered,during_vibration,flow_dump_0.4_0.8.shear.wave,2145,214500,214.5,0.2145,158683.4518369953,815.6338077424075,0.005140005452996149,5.140005452996149e+17,77,0.00048524278435218855,4.8524278435218856e+26,675.0223802265949,20.51013932738983,51.540420915577364,8.584734718931445,0.0,59.97613255391388,0.004253892717937593,0.00012925191058018137,0.0003248002253475134,5.409974776544412e-05,0.0,0.00037796085136541696,4986,1961,6553,0.14525925925925925,0.4854074074074074,1,0,0
flow,0.4,0.8,0,registered,during_vibration,flow_dump_0.4_0.8.shear.wave,2146,214600,214.6,0.21459999999999999,158683.45183699526,889.3067868951337,0.005604281836575235,5.604281836575235e+17,81,0.0005104502017211335,5.104502017211335e+26,766.8111363739332,15.717137504609054,53.076964080731976,7.101823897777749,0.0,46.59972503808165,0.004832332089433158,9.904711123094426e-05,0.00033448329656487645,4.4754659768007634e-05,0.0,0.00029366467957824856,5063,2054,6383,0.15214814814814814,0.4728148148148148,1,0,0
flow,0.4,0.8,0,registered,during_vibration,flow_dump_0.4_0.8.shear.wave,2147,214700,214.70000000000002,0.2147,158683.45183699526,848.9041965448178,0.005349670597138506,5.349670597138506e+17,70,0.00044112980395653514,4.411298039565352e+26,662.4102236078078,28.194236421132615,89.72966285831296,0.0,0.0,68.5700736575645,0.0041744127439845265,0.00017767597121654905,0.0005654632655110513,0.0,0.0,0.00043211861642638005,5124,2115,6261,0.15666666666666668,0.4637777777777778,1,0,0
flow,0.4,0.8,0,registered,during_vibration,flow_dump_0.4_0.8.shear.wave,2148,214800,214.8,0.2148,158683.45183699526,959.5319160631684,0.006046830371756914,6.046830371756914e+17,79,0.000497846493036661,4.97846493036661e+26,815.3437973605876,21.499701429573726,77.67130565465426,0.0,0.0,45.01711161835297,0.005138177849812184,0.00013548798681074136,0.0004894732548069394,0.0,0.0,0.00028369128032705007,5172,2156,6172,0.1597037037037037,0.4571851851851852,1,0,0
flow,0.4,0.8,0,registered,during_vibration,flow_dump_0.4_0.8.shear.wave,2149,214900,214.9,0.21489999999999998,158683.4518369953,1059.7240884959172,0.00667822684866031,6.67822684866031e+17,85,0.0005356576190900783,5.356576190900783e+26,856.7165409640994,25.419438144304124,105.71535912254377,16.875645425911642,0.0,54.99710483905823,0.0053989028537402,0.0001601895966468878,0.0006662027949274633,0.00010634785940532,0.0,0.00034658374394043944,5118,2080,6302,0.15407407407407409,0.4668148148148148,1,0,0
flow,0.4,0.8,0,registered,during_vibration,flow_dump_0.4_0.8.shear.wave,2150,215000,215.0,0.215,158683.45183699526,931.1251930653569,0.005867815341084454,5.867815341084454e+17,76,0.0004789409300099524,4.789409300099524e+26,781.8622570573692,28.663537860110225,72.68411484553627,10.337581085842967,0.0,37.57770221649855,0.004927182059667591,0.0001806334405275878,0.00045804470475093855,6.514593025403847e-05,0.0,0.00023680920588430086,5051,1953,6496,0.14466666666666667,0.48118518518518516,1,0,0
flow,0.4,0.8,0,registered,during_vibration,flow_dump_0.4_0.8.shear.wave,2151,215100,215.1,0.21509999999999999,158683.45183699526,880.4807576077546,0.005548661485585861,5.548661485585861e+17,72,0.00045373351264100755,4.5373351264100753e+26,715.8806859195997,22.002452414457228,91.82125648629366,10.16012763745687,0.0,40.616235149947045,0.00451137580908547,0.000138656250287893,0.000578644183897735,6.402764446978177e-05,0.0,0.000255957597844981,5025,1905,6570,0.1411111111111111,0.4866666666666667,1,0,0
flow,0.4,0.8,0,registered,during_vibration,flow_dump_0.4_0.8.shear.wave,2152,215200,215.20000000000002,0.2152,158683.45183699526,941.549478029233,0.005933507666548764,5.933507666548764e+17,70,0.00044112980395653514,4.411298039565352e+26,770.9730250956576,49.06392444895415,79.68858513823528,0.0,0.0,41.823943346385974,0.004858559705946061,0.0003091937053357913,0.0005021858562800484,0.0,0.0,0.00026356839898686394,5084,1989,6427,0.14733333333333334,0.4760740740740741,1,0,0
flow,0.4,0.8,0,registered,during_vibration,flow_dump_0.4_0.8.shear.wave,2153,215300,215.3,0.2153,158683.45183699526,944.6971875485121,0.005953344073450932,5.953344073450932e+17,77,0.00048524278435218865,4.852427843521887e+26,760.6683608177434,20.45923216287521,93.12078870799344,0.0,0.0,70.44880585990002,0.004793621212621001,0.00012893110104443399,0.0005868336466719297,0.0,0.0,0.0004439581131135671,5132,2074,6294,0.15362962962962962,0.4662222222222222,1,0,0
flow,0.4,0.8,0,registered,during_vibration,flow_dump_0.4_0.8.shear.wave,2154,215400,215.4,0.21539999999999998,158683.45183699526,1062.9422346612055,0.006698507137045984,6.698507137045984e+17,84,0.0005293557647478421,5.293557647478421e+26,816.9869585733873,37.03550160207192,129.3936876596384,0.0,5.174821197450328,74.35126562865743,0.00514853281243606,0.00023339233658791324,0.000815420172435849,0.0,3.261096943344836e-05,0.00046855084615271314,5108,2059,6333,0.15251851851851853,0.4691111111111111,1,0,0
flow,0.4,0.8,0,registered,during_vibration,flow_dump_0.4_0.8.shear.wave,2155,215500,215.5,0.2155,158683.45183699526,901.2388470639034,0.005679475941761621,5.6794759417616205e+17,81,0.0005104502017211335,5.104502017211335e+26,727.4321321216046,45.12142969822575,95.50137702123885,8.171986604951671,0.0,25.01192161788253,0.004584171340492682,0.00028434867767167005,0.000601835767470832,5.149866927111088e-05,0.0,0.0001576214868553249,5048,2027,6425,0.15014814814814814,0.4759259259259259,1,0,0
flow,0.4,0.8,0,registered,during_vibration,flow_dump_0.4_0.8.shear.wave,2156,215600,215.6,0.21559999999999999,158683.45183699526,992.468048485799,0.0062543890808809365,6.254389080880937e+17,81,0.0005104502017211335,5.104502017211335e+26,825.2910055312312,36.36918045504218,74.3162566503494,28.016464479985345,0.0,28.475141369190755,0.005200863706815483,0.00022919327777418005,0.0004683302246707454,0.00017655567833730235,0.0,0.00017944619328322486,4951,1944,6605,0.144,0.4892592592592593,1,0,0
flow,0.4,0.8,0,registered,during_vibration,flow_dump_0.4_0.8.shear.wave,2157,215700,215.70000000000002,0.2157,158683.45183699526,883.7676755904511,0.005569375163947692,5.569375163947692e+17,75,0.0004726390756677162,4.726390756677162e+26,716.6787408809831,21.552977476678528,76.43619407112955,24.526409264800357,0.0,44.573353896859814,0.004516405035209207,0.00013582372469952595,0.00048168976151115783,0.00015456185872484468,0.0,0.00028089478380295755,4938,1880,6682,0.13925925925925925,0.49496296296296294,1,0,0
flow,0.4,0.8,0,registered,during_vibration,flow_dump_0.4_0.8.shear.wave,2158,215800,215.8,0.2158,158683.45183699526,849.0733249534711,0.005350736419734973,5.3507364197349734e+17,76,0.0004789409300099524,4.789409300099524e+26,732.375995118759,19.10495625711088,48.7713305643083,12.472547302549017,0.0,36.348495710744054,0.004615326844988721,0.00012039665154710718,0.00030734982129332415,7.860017637731512e-05,0.0,0.0002290629255285069,5004,1980,6516,0.14666666666666667,0.4826666666666667,1,0,0
flow,0.4,0.8,0,registered,during_vibration,flow_dump_0.4_0.8.shear.wave,2159,215900,215.9,0.21589999999999998,158683.45183699526,893.8529688547962,0.0056329312130983305,5.63293121309833e+17,81,0.0005104502017211335,5.104502017211335e+26,745.8299799455839,21.102462697246427,59.67437770640922,0.0,0.0,67.24614850555665,0.004700111897690028,0.00013298464618052017,0.000376059236269379,0.0,0.0,0.0004237754329584036,5114,2079,6307,0.154,0.4671851851851852,1,0,0
flow,0.4,0.8,0,registered,during_vibration,flow_dump_0.4_0.8.shear.wave,2160,216000,216.0,0.216,158683.4518369953,891.4264134284726,0.005617639414248275,5.617639414248275e+17,79,0.000497846493036661,4.97846493036661e+26,747.4358507169776,20.56288960371099,81.97526300387943,0.0,0.0,41.4524101039047,0.004710231861383804,0.00012958433513807002,0.0005165961671169533,0.0,0.0,0.00026122705060944816,5176,2142,6182,0.15866666666666668,0.4579259259259259,1,0,0
flow,0.4,0.8,0,registered,during_vibration,flow_dump_0.4_0.8.shear.wave,2161,216100,216.1,0.2161,158683.45183699526,895.5810324839424,0.0056438212183833264,5.643821218383327e+17,81,0.0005104502017211335,5.104502017211335e+26,755.5061209919654,13.124303424117588,81.53587961128557,6.872523972607757,0.0,38.5422044839663,0.004761089529159257,8.270744852210106e-05,0.0005138272369764293,4.3309645038900685e-05,0.0,0.00024288735868663918,5160,2108,6232,0.15614814814814815,0.4616296296296296,1,0,0
flow,0.4,0.8,0,registered,during_vibration,flow_dump_0.4_0.8.shear.wave,2162,216200,216.20000000000002,0.2162,158683.45183699526,953.8462538555249,0.006011000156685187,6.011000156685188e+17,86,0.0005419594734323146,5.419594734323146e+26,782.9692069510289,27.972501138367882,92.5448668018166,16.971855308968088,0.0,33.38782365534347,0.004934157896661588,0.00017627862776203114,0.0005832042707067001,0.00010695416007462533,0.0,0.00021040520148024329,5076,2006,6418,0.14859259259259258,0.4754074074074074,1,0,0
flow,0.4,0.8,0,registered,during_vibration,flow_dump_0.4_0.8.shear.wave,2163,216300,216.3,0.2163,158683.45183699526,870.1108065625576,0.00548331156456291,5.4833115645629094e+17,77,0.00048524278435218865,4.852427843521887e+26,688.7401757345895,19.70807338859533,90.52352708539037,9.235808732436109,0.0,61.90322162154627,0.004340340267125557,0.0001241974078610295,0.000570466082237605,5.820272136456565e-05,0.0,0.0003901050859741522,5016,1902,6582,0.1408888888888889,0.4875555555555556,1,0,0
flow,0.4,0.8,0,registered,during_vibration,flow_dump_0.4_0.8.shear.wave,2164,216400,216.4,0.21639999999999998,158683.4518369953,812.4036744597418,0.0051196496235427795,5.1196496235427795e+17,62,0.0003907149692186453,3.907149692186453e+26,675.5266935117781,15.104207636478419,81.69015756384489,11.7127614123859,0.0,28.369854335254736,0.0042570708268036715,9.518451647997892e-05,0.0005147994741616765,7.381211636622086e-05,0.0,0.00017878268973123396,5058,1915,6527,0.14185185185185184,0.48348148148148146,1,0,0
flow,0.4,0.8,0,registered,during_vibration,flow_dump_0.4_0.8.shear.wave,2165,216500,216.5,0.2165,158683.45183699526,944.1250925931763,0.005949738814372478,5.949738814372477e+17,72,0.00045373351264100755,4.5373351264100753e+26,794.4944497643818,18.806842666451907,71.37736034958154,0.0,0.0,59.44643981276061,0.005006788298130243,0.00011851798312133329,0.0004498097282563695,0.0,0.0,0.0003746228048645293,5112,2023,6365,0.14985185185185185,0.4714814814814815,1,0,0
flow,0.4,0.8,0,registered,during_vibration,flow_dump_0.4_0.8.shear.wave,2166,216600,216.6,0.2166,158683.45183699526,898.906439084834,0.0056647774464108555,5.664777446410856e+17,83,0.0005230539104056059,5.2305391040560594e+26,714.5195076373958,17.877940432229696,103.90873743185647,0.0,0.0,62.600253583352085,0.0045027978618172055,0.00011266417654308712,0.0006548177281812275,0.0,0.0,0.0003944976798693356,5127,2091,6282,0.15488888888888888,0.4653333333333333,1,0,0
flow,0.4,0.8,0,registered,during_vibration,flow_dump_0.4_0.8.shear.wave,2167,216700,216.70000000000002,0.2167,158683.45183699526,1043.2605482376946,0.006574476015995451,6.574476015995451e+17,85,0.0005356576190900784,5.356576190900784e+26,788.6692507335314,58.9685367422079,120.70909053058838,17.386223144180775,0.0,57.52744708718594,0.004970078742323288,0.0003716111293241987,0.0007606911063075729,0.00010956544581624342,0.0,0.0003625295922241469,5095,2064,6341,0.15288888888888888,0.4697037037037037,1,0,0
flow,0.4,0.8,0,registered,during_vibration,flow_dump_0.4_0.8.shear.wave,2168,216800,216.8,0.2168,158683.4518369953,899.3477759014711,0.005667558686745168,5.667558686745168e+17,80,0.0005041483473788972,5.041483473788972e+26,719.6502210486071,32.89759234607397,96.97094722619192,14.142976463814708,0.0,35.68603881678328,0.004535130870406417,0.00020731583517522313,0.0006110967848481365,8.91269776406353e-05,0.0,0.00022488821867475584,5020,1996,6484,0.14785185185185185,0.4802962962962963,1,0,0
flow,0.4,0.8,0,registered,during_vibration,flow_dump_0.4_0.8.shear.wave,2169,216900,216.9,0.21689999999999998,158683.45183699526,870.4877966789248,0.005485687301364719,5.4856873013647194e+17,71,0.0004474316582987713,4.474316582987713e+26,742.353018317287,25.710218373120902,77.61379909469801,4.893564000418515,0.0,19.917196893400124,0.004678200591954957,0.0001620220512944933,0.000489110856842372,3.0838527545048246e-05,0.0,0.00012551527372784725,4961,1900,6639,0.14074074074074075,0.49177777777777776,1,0,0
flow,0.4,0.8,0,registered,during_vibration,flow_dump_0.4_0.8.shear.wave,2170,217000,217.0,0.217,158683.45183699526,838.273998109068,0.005282680634967343,5.2826806349673434e+17,71,0.0004474316582987713,4.474316582987713e+26,711.5366043502296,18.041158406155112,53.59350437502394,3.5125181564131016,0.0,51.59021282124599,0.0044840000397845066,0.00011369275244080001,0.00033773845826140026,2.213537779617545e-05,0.0,0.00032511400668445956,4982,1931,6587,0.14303703703703705,0.48792592592592593,1,0,0
flow,0.4,0.8,0,registered,during_vibration,flow_dump_0.4_0.8.shear.wave,2171,217100,217.1,0.2171,158683.45183699526,843.3920658645416,0.005314933952476034,5.314933952476034e+17,69,0.0004348279496142989,4.3482794961429895e+26,733.9153793288137,19.271551025288698,59.56793511022821,0.0,0.0,30.63720040021071,0.004625027820057225,0.00012144650751034237,0.0003753884505324368,0.0,0.0,0.00019307117437602898,5075,2036,6389,0.15081481481481482,0.47325925925925927,1,0,0
flow,0.4,0.8,0,registered,during_vibration,flow_dump_0.4_0.8.shear.wave,2172,217200,217.20000000000002,0.21719999999999998,158683.45183699526,943.2839495243095,0.005944438053271497,5.944438053271497e+17,77,0.00048524278435218865,4.852427843521887e+26,768.8125336322717,16.819827798020413,71.90116453907697,0.0,0.0,85.7504235549404,0.004844944603436158,0.00010599610484462035,0.00045311066596242285,0.0,0.0,0.0005403866790282958,5159,2101,6240,0.15562962962962962,0.4622222222222222,1,0,0
flow,0.4,0.8,0,registered,during_vibration,flow_dump_0.4_0.8.shear.wave,2173,217300,217.3,0.2173,158683.45183699526,970.6590491708024,0.006116951943847898,6.116951943847898e+17,79,0.000497846493036661,4.97846493036661e+26,825.5017337283944,13.50499261139165,67.22477252096324,0.0,0.0,64.42755031005328,0.005202191685219806,8.510649632996649e-05,0.00042364072461707406,0.0,0.0,0.0004060130376810515,5185,2121,6194,0.15711111111111112,0.45881481481481484,1,0,0
flow,0.4,0.8,0,registered,during_vibration,flow_dump_0.4_0.8.shear.wave,2174,217400,217.4,0.21739999999999998,158683.45183699526,937.4484641770692,0.005907663674596935,5.907663674596936e+17,80,0.0005041483473788973,5.041483473788973e+26,785.8379177946414,34.91567092567868,82.88247940698203,18.92437644744676,0.0,14.888019602320163,0.004952236094548027,0.000220033472435079,0.0005223133127461935,0.00011925866388945514,0.0,9.382213097817923e-05,5127,2047,6326,0.15162962962962964,0.4685925925925926,1,0,0
flow,0.4,0.8,0,registered,during_vibration,flow_dump_0.4_0.8.shear.wave,2175,217500,217.5,0.2175,158683.45183699526,937.4396019207319,0.005907607825948354,5.907607825948353e+17,80,0.0005041483473788973,5.041483473788973e+26,805.3166650974197,22.592027576022442,89.60551467100335,11.14741877477828,0.0,8.777975801508134,0.005074988322819362,0.00014237166707987736,0.0005646809017177734,7.024940941056202e-05,0.0,5.531752492077846e-05,5069,1934,6497,0.14325925925925925,0.4812592592592593,1,0,0
flow,0.4,0.8,0,registered,during_vibration,flow_dump_0.4_0.8.shear.wave,2176,217600,217.6,0.2176,158683.45183699526,814.5789757333145,0.005133358055319317,5.133358055319317e+17,65,0.00040962053224535404,4.096205322453541e+26,654.9651717292561,24.856251581059837,94.38791823194758,12.626549061475814,0.0,27.743085129575064,0.004127495111475502,0.00015664047695781774,0.0005948189123646358,7.957067303051997e-05,0.0,0.00017483288149084162,5009,1885,6606,0.13962962962962963,0.48933333333333334,1,0,0
flow,0.4,0.8,0,registered,during_vibration,flow_dump_0.4_0.8.shear.wave,2177,217700,217.70000000000002,0.21769999999999998,158683.45183699526,863.9885396402841,0.005444729930174451,5.444729930174451e+17,71,0.0004474316582987713,4.474316582987713e+26,693.2575204954197,38.83370529109095,71.50552998335469,0.0,0.0,60.3917838704186,0.0043688079158219735,0.00024472435431378305,0.0004506174346195057,0.0,0.0,0.0003805802254191885,5075,1969,6456,0.14585185185185184,0.4782222222222222,1,0,0
flow,0.4,0.8,0,registered,during_vibration,flow_dump_0.4_0.8.shear.wave,2178,217800,217.8,0.2178,158683.45183699526,808.4489774010552,0.005094727698711268,5.094727698711268e+17,72,0.00045373351264100755,4.5373351264100753e+26,657.0266924972411,20.239184796262013,83.34005826568662,0.0,0.0,47.84304184186507,0.004140486515078838,0.00012754439459164497,0.0005251969080638365,0.0,0.0,0.0003014998809769464,5128,2068,6304,0.15318518518518517,0.46696296296296297,1,0,0
flow,0.4,0.8,0,registered,during_vibration,flow_dump_0.4_0.8.shear.wave,2179,217900,217.9,0.21789999999999998,158683.4518369953,943.7937928713502,0.005947651011781905,5.947651011781906e+17,88,0.0005545631821167869,5.5456318211678696e+26,736.5052738589263,42.20425633470299,105.22355765753123,0.0,0.0,59.860705020189684,0.004641348958147748,0.0002659650760436983,0.0006631035337296559,0.0,0.0,0.00037723344386080357,5135,2068,6297,0.15318518518518517,0.46644444444444444,1,0,0
flow,0.4,0.8,0,registered,during_vibration,flow_dump_0.4_0.8.shear.wave,2180,218000,218.0,0.218,158683.45183699526,939.6824819607511,0.005921742129267664,5.921742129267665e+17,86,0.0005419594734323146,5.419594734323146e+26,745.1276440113585,39.458676284660115,100.02029462736598,14.905340062222928,0.0,40.17052697514351,0.004695685878933221,0.00024866283048337854,0.000630313328009212,9.393128199362698e-05,0.0,0.0002531488098482252,5060,2030,6410,0.15037037037037038,0.4748148148148148,1,0,0
flow,0.4,0.8,0,registered,during_vibration,flow_dump_0.4_0.8.shear.wave,2181,218100,218.1,0.2181,158683.45183699526,948.474772548999,0.005977149863889417,5.977149863889417e+17,79,0.000497846493036661,4.97846493036661e+26,798.0498383456453,29.315780982395268,73.46599929610225,26.964723390896282,0.0,20.678430533959894,0.005029193839099415,0.0001847437816799535,0.00046297202667086476,0.0001699277591881182,0.0,0.0001303124572510651,4962,1946,6592,0.14414814814814814,0.4882962962962963,1,0,0
flow,0.4,0.8,0,registered,during_vibration,flow_dump_0.4_0.8.shear.wave,2182,218200,218.20000000000002,0.21819999999999998,158683.45183699526,905.2711540518002,0.0057048869530625275,5.7048869530625274e+17,71,0.0004474316582987713,4.474316582987713e+26,775.9357787986768,23.987392975890817,49.300853105169026,12.744915762655994,0.0,43.3022134094077,0.004889834256918881,0.00015116505658404404,0.00031068679521675926,8.031660274032847e-05,0.0,0.0002728842416025152,4938,1888,6674,0.13985185185185184,0.49437037037037035,1,0,0
flow,0.4,0.8,0,registered,during_vibration,flow_dump_0.4_0.8.shear.wave,2183,218300,218.3,0.2183,158683.4518369953,850.5222757238995,0.005359867496439283,5.3598674964392826e+17,75,0.00047263907566771614,4.726390756677161e+26,742.4861912236536,14.889525439685418,51.17067743376913,7.275362226335351,0.0,34.70051940045603,0.00467903982821321,9.383162054591813e-05,0.00032247015578116666,4.5848273037372766e-05,0.0,0.00021867761886161586,5017,1975,6508,0.14629629629629629,0.4820740740740741,1,0,0
flow,0.4,0.8,0,registered,during_vibration,flow_dump_0.4_0.8.shear.wave,2184,218400,218.4,0.21839999999999998,158683.45183699526,889.086313469725,0.005602892445161976,5.6028924451619757e+17,80,0.0005041483473788973,5.041483473788973e+26,746.621952595655,12.133384256906115,70.82026275370916,5.584486923099199,0.0,53.926226940355434,0.00470510279397381,7.646282026540435e-05,0.0004462989803527718,3.519262316549405e-05,0.0,0.0003398352274044945,5128,2094,6278,0.15511111111111112,0.465037037037037,1,0,0
flow,0.4,0.8,0,registered,during_vibration,flow_dump_0.4_0.8.shear.wave,2185,218500,218.5,0.2185,158683.45183699526,961.5737151962632,0.006059697492489782,6.059697492489782e+17,85,0.0005356576190900784,5.356576190900784e+26,778.7565043483843,14.830126420826996,81.61000014553902,0.0,0.0,86.37708428151258,0.0049076100584725625,9.345729658100064e-05,0.0005142943337870633,0.0,0.0,0.0005443358036491537,5169,2140,6191,0.15851851851851853,0.4585925925925926,1,0,0
flow,0.4,0.8,0,registered,during_vibration,flow_dump_0.4_0.8.shear.wave,2186,218600,218.6,0.2186,158683.45183699526,900.538961432377,0.005675065364455518,5.675065364455518e+17,86,0.0005419594734323146,5.419594734323146e+26,726.198574905196,11.943121221010646,90.87733525240127,6.573918031283804,0.0,64.94601202248562,0.0045763976425920614,7.526381032647943e-05,0.0005726957297712013,4.1427873890950795e-05,0.0,0.0004092803078748265,5157,2107,6236,0.1560740740740741,0.4619259259259259,1,0,0
flow,0.4,0.8,0,registered,during_vibration,flow_dump_0.4_0.8.shear.wave,2187,218700,218.70000000000002,0.21869999999999998,158683.4518369953,1039.702132975395,0.006552051401323247,6.552051401323247e+17,85,0.0005356576190900783,5.356576190900783e+26,867.6214652482228,23.463651955392745,96.5696796164983,14.60834197255162,0.0,37.43899418272936,0.00546762409819186,0.00014786451695981102,0.0006085680548195899,9.205964329259598e-05,0.0,0.0002359350880593894,5096,1990,6414,0.1474074074074074,0.4751111111111111,1,0,0
flow,0.4,0.8,0,registered,during_vibration,flow_dump_0.4_0.8.shear.wave,2188,218800,218.8,0.2188,158683.45183699526,836.7121599915148,0.005272838158644371,5.272838158644371e+17,72,0.00045373351264100755,4.5373351264100753e+26,652.0123421387411,29.678720402606167,96.08298527370239,10.864938927086401,0.0,48.073173249378925,0.004108886809498631,0.00018703097304117826,0.0006055009779620998,6.846926255579073e-05,0.0,0.0003029501355866725,5013,1885,6602,0.13962962962962963,0.48903703703703705,1,0,0
flow,0.4,0.8,0,registered,during_vibration,flow_dump_0.4_0.8.shear.wave,2189,218900,218.9,0.21889999999999998,158683.45183699526,820.4716899117568,0.005170493081752291,5.1704930817522906e+17,63,0.0003970168235608816,3.970168235608816e+26,663.6527995431633,17.743598808391503,80.09798606764447,10.998028116577066,0.0,47.97927737598083,0.004182243276538305,0.00011181757519755935,0.0005047658413047612,6.930797124248717e-05,0.0,0.0003023584174691806,5029,1889,6582,0.13992592592592593,0.4875555555555556,1,0,0
flow,0.4,0.8,0,registered,during_vibration,flow_dump_0.4_0.8.shear.wave,2190,219000,219.0,0.219,158683.45183699526,788.5182690406809,0.0049691272776866,4.9691272776866e+17,66,0.0004159223865875903,4.159223865875903e+26,646.8105188496975,23.536405401269313,73.1952603598838,0.0,0.0,44.976084429830216,0.004076105676817026,0.00014832299857862094,0.00046126586933004413,0.0,0.0,0.0002834327329609082,5098,2025,6377,0.15,0.4723703703703704,1,0,0
flow,0.4,0.8,0,registered,during_vibration,flow_dump_0.4_0.8.shear.wave,2191,219100,219.1,0.2191,158683.4518369953,997.9199149239424,0.006288745949067441,6.28874594906744e+17,84,0.000529355764747842,5.29355764747842e+26,827.8235784763522,30.646352036356042,86.26883096816046,0.0,0.0,53.18115344307373,0.005216823612626722,0.00019312884665401,0.000543653607036344,0.0,0.0,0.00033513988275036465,5128,2076,6296,0.1537777777777778,0.4663703703703704,1,0,0
flow,0.4,0.8,0,registered,during_vibration,flow_dump_0.4_0.8.shear.wave,2192,219200,219.20000000000002,0.21919999999999998,158683.45183699526,1080.0341868335893,0.006806218130060815,6.806218130060814e+17,77,0.00048524278435218865,4.852427843521887e+26,835.997836732995,53.32897943612722,94.63076450756026,16.99444358068718,0.0,79.0821625762198,0.005268336597515908,0.0003360714606265842,0.0005963492942211014,0.00010709650807284189,0.0,0.0004983642696243811,5104,2036,6360,0.15081481481481482,0.4711111111111111,1,0,0
flow,0.4,0.8,0,registered,during_vibration,flow_dump_0.4_0.8.shear.wave,2193,219300,219.3,0.2193,158683.45183699526,917.3357279578507,0.005780916140519602,5.780916140519602e+17,77,0.00048524278435218865,4.852427843521887e+26,752.1423110159545,28.78088609471299,105.56758397352621,13.100816402579648,0.0,17.74413047107734,0.004739891288655476,0.00018137295200937298,0.0006652715374629526,8.255943673343599e-05,0.0,0.0001118209256583647,5003,1983,6514,0.1468888888888889,0.4825185185185185,1,0,0
flow,0.4,0.8,0,registered,during_vibration,flow_dump_0.4_0.8.shear.wave,2194,219400,219.4,0.21939999999999998,158683.45183699526,912.5879566716809,0.005750996377423908,5.750996377423908e+17,72,0.00045373351264100755,4.5373351264100753e+26,778.241173478673,23.066063189820554,74.96571453057018,5.893831646584182,0.0,30.42117382603305,0.004904362518393584,0.0001453589704710656,0.0004724230136333143,3.714206855443575e-05,0.0,0.0001917098063715091,4930,1912,6658,0.14162962962962963,0.49318518518518517,1,0,0
flow,0.4,0.8,0,registered,during_vibration,flow_dump_0.4_0.8.shear.wave,2195,219500,219.5,0.2195,158683.45183699526,891.6825457678942,0.005619253522943648,5.619253522943648e+17,79,0.000497846493036661,4.97846493036661e+26,750.1547128926456,18.717643677234395,50.765878814184695,3.244721947171051,0.0,68.7995884366584,0.004727365734791481,0.00011795586408380983,0.00031991917384260735,2.0447765092129038e-05,0.0,0.0004335649851336203,4965,1919,6616,0.14214814814814813,0.49007407407407405,1,0,0
flow,0.4,0.8,0,registered,during_vibration,flow_dump_0.4_0.8.shear.wave,2196,219600,219.6,0.2196,158683.45183699526,854.2891291971415,0.005383605658356202,5.3836056583562016e+17,75,0.0004726390756677162,4.726390756677162e+26,736.6228876623002,14.845776192444337,64.49561547954849,0.0,0.0,38.32484986284841,0.004642090143205247,9.355591916222238e-05,0.00040644197446498994,0.0,0.0,0.0002415176215237423,5076,2028,6396,0.15022222222222223,0.4737777777777778,1,0,0
flow,0.4,0.8,0,registered,during_vibration,flow_dump_0.4_0.8.shear.wave,2197,219700,219.70000000000002,0.21969999999999998,158683.45183699526,883.7666043905165,0.005569368413401732,5.569368413401732e+17,74,0.00046633722132547996,4.6633722132548e+26,732.825542044875,17.91818829778075,80.40973667455307,0.0,0.0,52.61313737330756,0.004618159824237104,0.00011291781272937576,0.000506730448220603,0.0,0.0,0.00033156032821464877,5156,2090,6254,0.15481481481481482,0.46325925925925926,1,0,0
flow,0.4,0.8,0,registered,during_vibration,flow_dump_0.4_0.8.shear.wave,2198,219800,219.8,0.2198,158683.4518369953,1094.609141700531,0.006898067372676947,6.898067372676947e+17,92,0.0005797705994857317,5.797705994857318e+26,879.7433852233662,29.460903099566625,66.45100155982828,0.0,0.0,118.95385181776946,0.005544014672223457,0.0001856583201242043,0.0004187645327257494,0.0,0.0,0.0007496298476035337,5180,2118,6202,0.15688888888888888,0.45940740740740743,1,0,0
flow,0.4,0.8,0,registered,during_vibration,flow_dump_0.4_0.8.shear.wave,2199,219900,219.9,0.21989999999999998,158683.45183699526,1076.7171695686434,0.006785314770406443,6.785314770406444e+17,81,0.0005104502017211335,5.104502017211335e+26,901.8492776778236,23.336876105169235,104.32548673670266,13.236786626071765,0.0,33.96874242287639,0.005683322786576587,0.00014706559401758934,0.0006574440215975964,8.341630127676462e-05,0.0,0.00021406606693790713,5107,2058,6335,0.15244444444444444,0.46925925925925926,1,0,0
flow,0.4,0.8,0,registered,during_vibration,flow_dump_0.4_0.8.shear.wave,2200,220000,220.0,0.22,158683.45183699526,1015.961023963054,0.006402438390404324,6.402438390404324e+17,80,0.0005041483473788973,5.041483473788973e+26,828.4597503539824,35.579142090200676,95.58991504992159,20.657811677008446,0.0,35.67440479194121,0.005220832675136175,0.00022421457107417046,0.0006023937212313394,0.0001301825202178537,0.0,0.00022481490274478717,5041,1933,6526,0.1431851851851852,0.4834074074074074,1,0,0
flow,0.4,0.8,0,registered,after_removal,flow_dump_0.4_0.8.shear.wave,2240,224000,224.0,0.22399999999999998,158683.4518369953,1170.1194864308013,0.007373922566499155,7.373922566499155e+17,106,0.0006679965602770388,6.679965602770388e+26,1006.8659065322573,14.720744482765404,43.44528023555024,41.27685796177901,0.0,63.81069721844915,0.006345122285129908,9.276798753966497e-05,0.0002737858279020715,0.0002601207465803045,0.0,0.0004021257193472041,5427,2715,5358,0.2011111111111111,0.3968888888888889,0,0,0
flow,0.4,0.8,0,registered,after_removal,flow_dump_0.4_0.8.shear.wave,2245,224500,224.5,0.22449999999999998,158683.45183699526,1274.4410356620263,0.00803134177451076,8.03134177451076e+17,111,0.00069950583198822,6.995058319882199e+26,1114.3263684698843,15.584449758016921,61.00253954204281,30.161589956679222,0.0,53.366087935403314,0.007022322463810254,9.821093237892108e-05,0.00038442911870045896,0.0001900739466372472,0.0,0.0003363053129838811,5393,2782,5325,0.20607407407407408,0.39444444444444443,0,0,0
flow,0.4,0.8,0,registered,after_removal,flow_dump_0.4_0.8.shear.wave,2250,225000,225.0,0.22499999999999998,158683.45183699526,1282.486609501583,0.008082043808947352,8.082043808947352e+17,112,0.0007058076863304561,7.058076863304562e+26,1082.7192645536138,8.16969853852921,67.5795012927264,43.07607685914059,7.415977735730291,73.52609052184259,0.006823139098749993,5.148425020979116e-05,0.00042587617366772587,0.0002714591620012761,4.6734411495839034e-05,0.0004633507128227268,5328,2789,5383,0.2065925925925926,0.39874074074074073,0,0,0
flow,0.4,0.8,0,registered,after_removal,flow_dump_0.4_0.8.shear.wave,2255,225500,225.5,0.22549999999999998,158683.4518369953,1320.6707745100946,0.008322674855010904,8.322674855010904e+17,124,0.0007814299384372906,7.814299384372906e+26,1068.0785045692453,24.167587514188927,99.36834811807365,56.46011973863773,6.938328993794803,65.65788557615404,0.006730875161868861,0.0001523006163176652,0.0006262048560687223,0.0003558034507381108,4.372433869740921e-05,0.0004137664313201349,5276,2789,5435,0.2065925925925926,0.4025925925925926,0,0,0
flow,0.4,0.8,0,registered,after_removal,flow_dump_0.4_0.8.shear.wave,2260,226000,226.0,0.22599999999999998,158683.45183699526,1295.131497258138,0.00816173004976309,8.16173004976309e+17,114,0.0007184113950149286,7.184113950149286e+26,1027.608557000606,7.231583965181473,96.54974494942937,52.63897584207247,8.986213515580635,102.1164219852689,0.006475839447053361,4.557238881222466e-05,0.0006084424294513606,0.0003317231584812317,5.66298086634236e-05,0.0006435228173014926,5275,2815,5410,0.20851851851851852,0.40074074074074073,0,0,0
flow,0.4,0.8,0,registered,after_removal,flow_dump_0.4_0.8.shear.wave,2265,226500,226.5,0.22649999999999998,158683.45183699526,1370.2158351223072,0.008634900610366335,8.634900610366335e+17,120,0.0007562225210683459,7.56222521068346e+26,1138.0829166006245,0.0,55.34064394447576,61.9135046596933,8.239314577632854,106.63945533988104,0.007172032769804502,0.0,0.0003487486773436429,0.00039016988818275043,5.1922960348105755e-05,0.0006720263146873344,5263,2828,5409,0.2094814814814815,0.40066666666666667,0,0,0
flow,0.4,0.8,0,registered,after_removal,flow_dump_0.4_0.8.shear.wave,2270,227000,227.0,0.22699999999999998,158683.45183699526,1353.9111697092874,0.008532150983834587,8.532150983834587e+17,116,0.0007310151036994011,7.310151036994011e+26,1167.4010165395655,0.0,47.20010778650963,58.146719478543,16.21074591101658,64.95257999365207,0.007356791165210833,0.0,0.00029744820420843317,0.00036643215663264737,0.00010215775951022783,0.0004093216982724414,5261,2838,5401,0.21022222222222223,0.4000740740740741,0,0,0
flow,0.4,0.8,0,registered,after_removal,flow_dump_0.4_0.8.shear.wave,2275,227500,227.5,0.22749999999999998,158683.45183699526,1482.4117828174112,0.009341943130530033,9.341943130530033e+17,131,0.0008255429188329443,8.255429188329443e+26,1258.2673232712505,14.463044425251324,46.02048668550548,61.37576027881729,13.180995073384668,89.10417308320211,0.00792941739485087,9.114399931322535e-05,0.0002900144038508767,0.0003867811014211138,8.306471103820335e-05,0.0005615215200557446,5246,2862,5392,0.212,0.39940740740740743,0,0,0
flow,0.4,0.8,0,registered,after_removal,flow_dump_0.4_0.8.shear.wave,2280,228000,228.0,0.22799999999999998,158683.45183699526,1401.0528363395754,0.00882923090038892,8.82923090038892e+17,122,0.0007688262297528183,7.688262297528184e+26,1223.7619751239356,7.922604616726521,48.58153833143075,54.0501091442994,15.688084900220776,51.04852422296203,0.007711969716798342,4.9927100305738716e-05,0.00030615377828644206,0.00034061591500934456,9.886402594982671e-05,0.0003217003640392239,5191,2882,5427,0.2134814814814815,0.402,0,0,0
flow,0.4,0.8,0,registered,after_removal,flow_dump_0.4_0.8.shear.wave,2285,228500,228.5,0.22849999999999998,158683.45183699526,1563.6808165950424,0.00985408874393094,9.85408874393094e+17,126,0.0007940336471217632,7.940336471217631e+26,1338.5438446556252,15.933550686828218,41.153276088880304,66.01837403014814,10.33195743363378,91.69981369992763,0.008435308339716611,0.00010041091558302924,0.00025934195161795616,0.0004160381770492637,6.511049081694479e-05,0.000577878869147141,5191,2885,5424,0.2137037037037037,0.4017777777777778,0,0,0
flow,0.4,0.8,0,registered,after_removal,flow_dump_0.4_0.8.shear.wave,2290,229000,229.0,0.22899999999999998,158683.45183699526,1364.85353687195,0.008601108187852955,8.601108187852955e+17,117,0.0007373169580416372,7.373169580416372e+26,1179.1042903949929,0.0,49.83702457231771,49.966715932906176,0.0,85.94550597173337,0.007430543492375038,0.0,0.00031406566970519336,0.0003148829657690683,0.0,0.0005416160600036565,5144,2888,5468,0.21392592592592594,0.40503703703703703,0,0,0
flow,0.4,0.8,0,registered,after_removal,flow_dump_0.4_0.8.shear.wave,2295,229500,229.5,0.22949999999999998,158683.45183699526,1357.827843723055,0.008556833292975371,8.556833292975372e+17,121,0.0007625243754105822,7.625243754105822e+26,1164.2292702024777,6.4180504733465575,61.28597983574433,37.27163351967329,0.0,88.62290969181345,0.007336803281783984,4.04456192441502e-05,0.00038621531814608654,0.00023488040553819,0.0,0.0005584886682629626,5125,2922,5453,0.21644444444444444,0.4039259259259259,0,0,0
flow,0.4,0.8,0,registered,after_removal,flow_dump_0.4_0.8.shear.wave,2300,230000,230.0,0.22999999999999998,158683.45183699526,1481.7457593067165,0.009337745947377131,9.337745947377132e+17,121,0.0007625243754105822,7.625243754105822e+26,1264.6962841270274,8.800702749996255,62.186491061633674,33.25160458716452,0.0,112.81067678089468,0.007969931769735915,5.5460746839794104e-05,0.0003918902087251898,0.00020954676875394442,0.0,0.0007109164533222874,5069,2972,5459,0.22014814814814815,0.4043703703703704,0,0,0
