region,amplitude_A,frequency_THz,is_baseline,coordinate_treatment,analysis_stage,filename,frame,timestep,time_ps,strain_xy,cell_volume_A3,total_line_length_A,dislocation_density_A-2,dislocation_density_m-2,segment_count,segment_number_density_A-3,segment_number_density_m-3,shockley_length_A,perfect_length_A,stair_rod_length_A,hirth_length_A,frank_length_A,other_length_A,shockley_density_A-2,perfect_density_A-2,stair_rod_density_A-2,hirth_density_A-2,frank_density_A-2,other_density_A-2,fcc_count,hcp_count,other_atom_count,hcp_fraction,other_atom_fraction,coherent_correction_applied,has_PE,has_KE
flow,,,1,registered,before,flow_dump_baseline.wave,1850,185000,185.0,0.185,158683.45183699526,1770.9809438653253,0.011160463951115293,1.1160463951115293e+18,119,0.0007499206667261097,7.499206667261097e+26,1297.12252183778,28.60183354069079,189.5319617831269,92.22052166892037,0.0,163.50410503480649,0.008174277196655803,0.0001802445888943197,0.0011944028163555468,0.0005811602949225749,0.0,0.0010303790542870415,5567,3883,4050,0.2876296296296296,0.3,0,1,1
flow,,,1,registered,before,flow_dump_baseline.wave,1855,185500,185.5,0.1855,158683.4518369953,3383.9863819718844,0.021325389275297736,2.1325389275297736e+18,122,0.0007688262297528182,7.688262297528183e+26,2403.624411859757,30.09599317023224,257.68346342399263,173.2102299514588,0.0,519.3722835664439,0.015147290936983377,0.0001896605652437395,0.0016238836529009549,0.001091545639739334,0.0,0.003273008480430333,5558,3889,4053,0.2880740740740741,0.3002222222222222,0,1,1
flow,,,1,registered,before,flow_dump_baseline.wave,1860,186000,186.0,0.186,158683.45183699526,3084.2454215956404,0.019436465402604654,1.9436465402604654e+18,115,0.0007247132493571648,7.247132493571648e+26,2392.6917995872714,28.08516566954618,213.67262835691233,121.91165089474438,0.0,327.8841770871657,0.015078395206862032,0.00017698862322705307,0.0013465337808280331,0.0007682694665602306,0.0,0.0020662783251273035,5547,3836,4117,0.28414814814814815,0.30496296296296294,0,1,1
flow,,,1,registered,before,flow_dump_baseline.wave,1865,186500,186.5,0.1865,158683.45183699526,1715.8160866291587,0.010812823056002716,1.0812823056002716e+18,117,0.0007373169580416372,7.373169580416372e+26,1199.3268708359037,34.75692026573594,166.95160702138315,114.95495837589927,0.0,199.8257301302363,0.007557983248737813,0.000219033048899386,0.0010521047096510177,0.0007244294036027443,0.0,0.0012592726451117519,5551,3835,4114,0.2840740740740741,0.30474074074074076,0,1,1
flow,,,1,registered,before,flow_dump_baseline.wave,1870,187000,187.0,0.187,158683.45183699526,3746.515729059031,0.023609996415426937,2.360999641542694e+18,122,0.0007688262297528183,7.688262297528184e+26,2669.6612349944303,67.29543329096084,290.3148375138662,233.5081810805554,0.0,485.7360421792197,0.01682381624604935,0.0004240860184973092,0.0018295218194023593,0.0014715345448901786,0.0,0.0030610377865877493,5542,3876,4082,0.2871111111111111,0.30237037037037034,0,1,1
flow,,,1,registered,before,flow_dump_baseline.wave,1875,187500,187.5,0.1875,158683.45183699526,4031.9157533229495,0.025408545797608834,2.540854579760883e+18,117,0.0007373169580416372,7.373169580416372e+26,2923.8452368859384,56.51356683311068,241.3431332365773,180.6062191707086,0.0,629.6075971966162,0.018425646802096327,0.0003561402665424951,0.0015209092721558183,0.0011381540865157958,0.0,0.003967695370298406,5521,3844,4135,0.28474074074074074,0.3062962962962963,0,1,1
flow,,,1,registered,before,flow_dump_baseline.wave,1880,188000,188.0,0.188,158683.45183699526,2207.438955257207,0.013910958765409006,1.3910958765409006e+18,117,0.0007373169580416372,7.373169580416372e+26,1579.0132748802719,38.07872710460984,201.6777066333494,129.05410717202855,0.0,259.61513946694714,0.00995071166275287,0.0002399665917510134,0.0012709435312796146,0.0008132801856654661,0.0,0.0016360567939600417,5532,3837,4131,0.2842222222222222,0.306,0,1,1
flow,,,1,registered,before,flow_dump_baseline.wave,1885,188500,188.5,0.1885,158683.45183699526,3270.675732453659,0.020611322066609705,2.0611322066609705e+18,114,0.0007184113950149286,7.184113950149286e+26,2392.435346385384,28.274712296442374,182.59055098642744,222.14351717865043,0.0,445.23160560675643,0.015076779076138138,0.0001781831184608151,0.001150659056585121,0.0013999160883319036,0.0,0.0028057847270937402,5511,3845,4144,0.2848148148148148,0.30696296296296294,0,1,1
flow,,,1,registered,before,flow_dump_baseline.wave,1890,189000,189.0,0.189,158683.4518369953,2319.0385074283545,0.014614242887850366,1.4614242887850365e+18,121,0.000762524375410582,7.62524375410582e+26,1683.9153724316338,27.977344625827367,172.3103125182303,113.90323858592552,0.0,320.93223926673784,0.010611789401716604,0.00017630915071450921,0.0010858744911550887,0.0007178016186774823,0.0,0.002022468225586684,5487,3830,4183,0.2837037037037037,0.3098518518518519,0,1,1
flow,,,1,registered,before,flow_dump_baseline.wave,1895,189500,189.5,0.1895,158683.45183699526,2623.6004907591323,0.016533548144983506,1.6533548144983506e+18,117,0.0007373169580416372,7.373169580416372e+26,1908.345767433478,61.037302139379264,199.984175270838,118.57414095790655,0.0,335.65910495752996,0.012026117060988767,0.0003846481875254311,0.001260271143309059,0.0007472369650725125,0.0,0.002115274788087732,5480,3857,4163,0.2857037037037037,0.30837037037037035,0,1,1
flow,,,1,registered,before,flow_dump_baseline.wave,1900,190000,190.0,0.19,158683.45183699526,1825.95419274801,0.011506897358293472,1.1506897358293472e+18,126,0.0007940336471217632,7.940336471217631e+26,1269.4175171414106,32.571374985611016,113.29214282337425,75.96358928850275,0.0,334.70956850911125,0.007999684292508314,0.00020526006088567684,0.0007139505821927265,0.0004787114750095995,0.0,0.0021092909476971527,5392,3836,4272,0.28414814814814815,0.3164444444444444,0,1,1
flow,,,1,registered,during_vibration,flow_dump_baseline.wave,1910,191000,191.0,0.191,158683.45183699526,3092.3972184528557,0.019487836839026326,1.9487836839026324e+18,120,0.0007562225210683459,7.56222521068346e+26,2130.456029764908,45.841593192785524,225.5825646237597,102.11744716440703,0.0,588.3995837069964,0.013425823582117316,0.0002888870431169816,0.0014215884644070218,0.0006435292778310958,0.0,0.003708008471553917,5357,3812,4331,0.2823703703703704,0.32081481481481483,0,1,1
flow,,,1,registered,during_vibration,flow_dump_baseline.wave,1911,191100,191.1,0.1911,158683.45183699526,1478.8439295772034,0.009319459039095769,9.319459039095768e+17,118,0.0007436188123838735,7.436188123838735e+26,913.0835312525953,40.29121403117476,97.04275313742627,52.25567991476511,0.0,376.1707512412411,0.005754119416248545,0.0002539093620963274,0.000611549295241647,0.00032930768337736835,0.0,0.0023705732821318747,5349,3820,4331,0.28296296296296297,0.32081481481481483,0,1,1
flow,,,1,registered,during_vibration,flow_dump_baseline.wave,1912,191200,191.20000000000002,0.19119999999999998,158683.45183699526,1341.0312677586883,0.008450983717799627,8.450983717799628e+17,119,0.0007499206667261097,7.499206667261097e+26,937.4057642804462,35.30976093212112,91.37580503395213,56.95897430101644,0.0,219.9809632111526,0.005907394586067988,0.0002225169702534102,0.0005758370137285411,0.0003589471595281815,0.0,0.0013862879882215074,5352,3829,4319,0.2836296296296296,0.31992592592592595,0,1,1
flow,,,1,registered,during_vibration,flow_dump_baseline.wave,1913,191300,191.3,0.1913,158683.45183699526,1626.1625752075515,0.010247839685753735,1.0247839685753734e+18,124,0.0007814299384372908,7.814299384372908e+26,1037.9806710593991,50.63514073701107,126.8476273070295,40.800335694871414,0.0,369.8988004092401,0.006541202999072936,0.0003190952815232751,0.000799375270947165,0.0002571177726634207,0.0,0.002331048361546937,5357,3841,4302,0.2845185185185185,0.31866666666666665,0,1,1
flow,,,1,registered,during_vibration,flow_dump_baseline.wave,1914,191400,191.4,0.1914,158683.45183699526,1349.2006609487923,0.00850246604374812,8.50246604374812e+17,116,0.0007310151036994011,7.310151036994011e+26,927.2018403501138,37.89207344799317,107.50815714381966,76.93068722494976,0.0,199.66790278191732,0.005843090943739775,0.00023879032759456937,0.0006775007469225934,0.0004848059853397659,0.0,0.0012582780401514243,5374,3850,4276,0.2851851851851852,0.31674074074074077,0,1,1
flow,,,1,registered,during_vibration,flow_dump_baseline.wave,1915,191500,191.5,0.1915,158683.45183699526,1673.8989298182144,0.01054866723933947,1.054866723933947e+18,120,0.0007562225210683459,7.56222521068346e+26,1196.1070552711337,30.28291799491525,162.3796170061977,58.54794083654129,0.0,226.58139870942605,0.007537692440039768,0.0001908385382618399,0.0010232926945211607,0.00036896059518974676,0.0,0.001427882971326952,5390,3857,4253,0.2857037037037037,0.31503703703703706,0,1,1
flow,,,1,registered,during_vibration,flow_dump_baseline.wave,1916,191600,191.6,0.1916,158683.4518369953,1309.3169507536265,0.008251124711470222,8.251124711470222e+17,110,0.0006932039776459837,6.932039776459836e+26,936.4440930680166,25.698628781638263,108.22944432120558,92.32815009021093,0.0,146.61663449255488,0.005901334274162134,0.00016194901537708366,0.000682046193653402,0.0005818385535566327,0.0,0.000923956674720967,5398,3860,4242,0.2859259259259259,0.31422222222222224,0,1,1
flow,,,1,registered,during_vibration,flow_dump_baseline.wave,1917,191700,191.70000000000002,0.19169999999999998,158683.45183699526,3819.5798770182255,0.024070436033505376,2.4070436033505377e+18,114,0.0007184113950149286,7.184113950149286e+26,2506.341129774234,31.683847538336195,314.18580080331395,217.65912982696688,0.0,749.7099690753728,0.01579459673179298,0.0001996669921882142,0.0019799531530613266,0.0013716561324274275,0.0,0.004724563024035417,5402,3856,4242,0.2856296296296296,0.31422222222222224,0,1,1
flow,,,1,registered,during_vibration,flow_dump_baseline.wave,1918,191800,191.8,0.1918,158683.45183699526,4120.535996294941,0.025967017660591903,2.5967017660591903e+18,112,0.0007058076863304561,7.058076863304562e+26,2941.5324359716606,73.1656022760619,322.2162254495801,175.47360269812705,0.0,608.1481298995106,0.018537108954456684,0.0004610789684057287,0.0020305597194884,0.0011058090851110245,0.0,0.0038324609331300656,5406,3839,4255,0.2843703703703704,0.3151851851851852,0,1,1
flow,,,1,registered,during_vibration,flow_dump_baseline.wave,1919,191900,191.9,0.1919,158683.45183699526,2574.1721520743486,0.01622205795421328,1.622205795421328e+18,115,0.0007247132493571648,7.247132493571648e+26,1641.8575312253322,79.92696027121919,185.56975607229845,116.02291789921864,0.0,550.7949866062814,0.010346747012485594,0.0005036880616469242,0.0011694335730919293,0.000731159528962107,0.0,0.003471029778026733,5406,3828,4266,0.28355555555555556,0.316,0,1,1
flow,,,1,registered,during_vibration,flow_dump_baseline.wave,1920,192000,192.0,0.192,158683.4518369953,2146.591578177241,0.013527507457943936,1.3527507457943936e+18,113,0.0007121095406726923,7.121095406726924e+26,1327.7120205736683,61.17413547311348,135.76550593948537,100.51272757169575,0.0,521.4271886192786,0.00836704776209139,0.00038551049126378664,0.0008555744431306424,0.0006334165686976966,0.0,0.0032859581927604225,5408,3820,4272,0.28296296296296297,0.3164444444444444,0,1,1
flow,,,1,registered,during_vibration,flow_dump_baseline.wave,1921,192100,192.1,0.1921,158683.45183699526,1722.4362641814432,0.010854542450656954,1.0854542450656955e+18,124,0.0007814299384372908,7.814299384372908e+26,1078.2985244762451,51.5415512836896,179.2301475911134,47.57665765775001,0.0,365.7893831726439,0.0067952802386975295,0.00032480734876270994,0.0011294822838566958,0.00029982116664957785,0.0,0.002305151412690433,5401,3800,4299,0.2814814814814815,0.3184444444444444,0,1,1
flow,,,1,registered,during_vibration,flow_dump_baseline.wave,1922,192200,192.20000000000002,0.19219999999999998,158683.45183699526,1555.170848629265,0.009800460165353514,9.800460165353514e+17,113,0.0007121095406726924,7.121095406726925e+26,968.1964573159387,38.77302062381506,147.2134689263296,96.95199083129249,0.0,304.0359109318897,0.00610143304867417,0.0002443419283798033,0.0009277178383890464,0.0006109773244086263,0.0,0.0019159900255018725,5412,3768,4320,0.2791111111111111,0.32,0,1,1
flow,,,1,registered,during_vibration,flow_dump_baseline.wave,1923,192300,192.3,0.1923,158683.45183699526,2606.8159339002104,0.0164277743124596,1.64277743124596e+18,115,0.0007247132493571648,7.247132493571648e+26,1470.5379391970728,79.06534956288739,202.09717561632257,93.1706253589783,0.0,761.9448441649483,0.009267115897552169,0.0004982583164633062,0.0012735869637113975,0.000587147709987341,0.0,0.004801665424745377,5407,3759,4334,0.27844444444444444,0.321037037037037,0,1,1
flow,,,1,registered,during_vibration,flow_dump_baseline.wave,1924,192400,192.4,0.1924,158683.4518369953,3383.396017965328,0.021321668887319522,2.132166888731952e+18,111,0.0006995058319882199,6.995058319882199e+26,2103.17059883444,137.64290964919013,328.8131396850509,145.8749566464545,0.0,667.8944131501922,0.013253874770728357,0.0008674055678507759,0.002072132512108561,0.0009192827289659789,0.0,0.004208973307665847,5400,3745,4355,0.2774074074074074,0.3225925925925926,0,1,1
flow,,,1,registered,during_vibration,flow_dump_baseline.wave,1925,192500,192.5,0.1925,158683.45183699526,1783.198766303015,0.011237458888496919,1.1237458888496919e+18,116,0.0007310151036994011,7.310151036994011e+26,1114.8902035808178,53.823676178439115,167.15333290638043,73.26014927740121,0.0,374.07140435997667,0.007025875670552396,0.0003391889674402125,0.0010533759567953292,0.0004616747898366642,0.0,0.0023573435038723185,5417,3735,4348,0.27666666666666667,0.32207407407407407,0,1,1
flow,,,1,registered,during_vibration,flow_dump_baseline.wave,1926,192600,192.6,0.1926,158683.45183699526,1260.8121200938022,0.007945454333757176,7.945454333757176e+17,109,0.0006869021233037475,6.869021233037475e+26,847.9839057055464,22.934312947769108,89.73914965298292,62.50373899393368,0.0,237.65101279357017,0.005343871058316923,0.00014452869963610304,0.000565523049909236,0.0003938894589849201,0.0,0.0014976420669099947,5414,3701,4385,0.27414814814814814,0.32481481481481483,0,1,1
flow,,,1,registered,during_vibration,flow_dump_baseline.wave,1927,192700,192.70000000000002,0.19269999999999998,158683.45183699526,1601.6676882580307,0.010093476476068312,1.0093476476068312e+18,107,0.0006742984146192752,6.742984146192752e+26,1038.2588472341934,33.60301555540397,104.08548745395112,101.57491557170152,0.0,324.1454224427803,0.006542956024807969,0.00021176130949005363,0.000655931581075455,0.0006401103227578043,0.0,0.0020427172379370276,5414,3698,4388,0.2739259259259259,0.325037037037037,0,1,1
flow,,,1,registered,during_vibration,flow_dump_baseline.wave,1928,192800,192.8,0.1928,158683.4518369953,2476.3698863001337,0.0156057223209635,1.56057223209635e+18,112,0.000705807686330456,7.058076863304561e+26,1679.729078796424,50.47404174431738,187.2746706931413,124.85385619508914,0.0,434.0382388711635,0.01058540798899368,0.00031808005913663845,0.0011801776966984298,0.0007868108158079584,0.0,0.0027352457603268014,5429,3680,4391,0.2725925925925926,0.32525925925925925,0,1,1
flow,,,1,registered,during_vibration,flow_dump_baseline.wave,1929,192900,192.9,0.1929,158683.45183699526,1652.6424479321518,0.01041471198666512,1.041471198666512e+18,107,0.0006742984146192752,6.742984146192752e+26,1012.3196041172058,33.815804212052605,82.69485474645512,106.39247435610292,0.0,417.4197105003363,0.0063794906929368605,0.00021310227260993344,0.0005211309294645413,0.0006704698765022625,0.0,0.0026305182151515286,5434,3675,4391,0.2722222222222222,0.32525925925925925,0,1,1
flow,,,1,registered,during_vibration,flow_dump_baseline.wave,1930,193000,193.0,0.193,158683.45183699526,1224.8716119220219,0.0077189624862726664,7.718962486272667e+17,103,0.0006490909972503302,6.490909972503302e+26,799.9856593511524,21.993806484335924,59.33442550095173,55.73120988202223,0.0,287.8265107035601,0.005041393101108762,0.00013860176489561538,0.00037391690698726396,0.0003512099669930997,0.0,0.0018138407462879287,5443,3685,4372,0.27296296296296296,0.32385185185185184,0,1,1
flow,,,1,registered,during_vibration,flow_dump_baseline.wave,1931,193100,193.1,0.1931,158683.45183699526,3831.0877257037346,0.02414295681971395,2.414295681971395e+18,112,0.0007058076863304561,7.058076863304562e+26,2099.191430549793,111.87591312671351,230.98856244864027,284.73039309999035,0.0,1104.3014264785973,0.013228798631795267,0.0007050257089292212,0.001455656275273865,0.001794329464123799,0.0,0.006959146739591795,5448,3682,4370,0.27274074074074073,0.3237037037037037,0,1,1
flow,,,1,registered,during_vibration,flow_dump_baseline.wave,1932,193200,193.20000000000002,0.19319999999999998,158683.4518369953,1272.1574523441636,0.008016950965063227,8.016950965063227e+17,109,0.0006869021233037474,6.869021233037473e+26,904.2725261208252,10.476860141475974,82.94319517491662,52.146471372133874,0.0,222.3183995348119,0.005698593745299433,6.602364657556189e-05,0.0005226959346719942,0.00032861946704877833,0.0,0.00140101817146746,5464,3674,4362,0.27214814814814814,0.3231111111111111,0,1,1
flow,,,1,registered,during_vibration,flow_dump_baseline.wave,1933,193300,193.3,0.1933,158683.45183699526,1621.5752651519344,0.010218931125960562,1.0218931125960562e+18,109,0.0006869021233037475,6.869021233037475e+26,1059.5431792212382,36.214984132778255,96.49363501739575,99.12528421622935,0.0,330.19818256429284,0.0066770867847621256,0.0002282215550111643,0.000608088832832532,0.000624673102763444,0.0,0.0020808608505912957,5461,3679,4360,0.2725185185185185,0.32296296296296295,0,1,1
flow,,,1,registered,during_vibration,flow_dump_baseline.wave,1934,193400,193.4,0.1934,158683.45183699526,1677.9121875648211,0.010573958205096436,1.0573958205096436e+18,109,0.0006869021233037475,6.869021233037475e+26,1098.1984142281144,35.05527628041968,83.62377022589087,101.50390059842651,0.0,359.5308262319696,0.006920686445340369,0.000220913245046053,0.000526984819512194,0.0006396627967401073,0.0,0.002265710898457712,5469,3671,4360,0.2719259259259259,0.32296296296296295,0,1,1
flow,,,1,registered,during_vibration,flow_dump_baseline.wave,1935,193500,193.5,0.19349999999999998,158683.45183699526,3044.23311616088,0.019184313681857728,1.9184313681857728e+18,109,0.0006869021233037475,6.869021233037475e+26,1964.2964332350202,92.80888301837824,252.36862423139016,181.89610004752873,0.0,552.8630756285631,0.012378710007221223,0.00058486806244746,0.0015903903104567659,0.001146282727920352,0.0,0.0034840625738119303,5482,3684,4334,0.2728888888888889,0.321037037037037,0,1,1
flow,,,1,registered,during_vibration,flow_dump_baseline.wave,1936,193600,193.6,0.1936,158683.45183699526,2746.2407760494702,0.01730640935937351,1.730640935937351e+18,115,0.0007247132493571648,7.247132493571648e+26,1793.6683615945747,62.108538388226194,232.90203446379695,111.76283369954172,0.0,545.7990079033307,0.01130343675304649,0.00039139896233178793,0.0014677146972013277,0.000704313098850081,0.0,0.0034395458479438232,5485,3686,4329,0.273037037037037,0.32066666666666666,0,1,1
flow,,,1,registered,during_vibration,flow_dump_baseline.wave,1937,193700,193.70000000000002,0.19369999999999998,158683.45183699526,1715.1143677238908,0.010808400925672524,1.0808400925672524e+18,112,0.0007058076863304561,7.058076863304562e+26,1089.4702913416245,66.30249741055515,143.43395150828795,61.37730178273114,0.0,354.5303256806928,0.006865683086228571,0.0004178286812078124,0.0009038998701366033,0.00038679081575424684,0.0,0.0022341984723452937,5480,3687,4333,0.27311111111111114,0.32096296296296295,0,1,1
flow,,,1,registered,during_vibration,flow_dump_baseline.wave,1938,193800,193.8,0.1938,158683.45183699526,1524.2749966307392,0.009605759006279517,9.605759006279517e+17,115,0.0007247132493571648,7.247132493571648e+26,1063.8892834356336,38.15786354017483,106.18211952583809,56.965476791653245,0.0,259.0802533374392,0.006704475300477424,0.00024046529804110775,0.0006691442510017477,0.0003589881372770364,0.0,0.0016326860194822003,5471,3686,4343,0.273037037037037,0.3217037037037037,0,1,1
flow,,,1,registered,during_vibration,flow_dump_baseline.wave,1939,193900,193.9,0.1939,158683.4518369953,1184.0824989686748,0.0074619154376916515,7.461915437691652e+17,103,0.0006490909972503301,6.490909972503302e+26,829.0701508374898,34.913064134346094,87.81425681335328,41.36634664985715,0.0,190.91868053362856,0.005224679330073668,0.00022001704481580038,0.0005533926556094765,0.0002606846912578508,0.0,0.001203141715934856,5477,3673,4350,0.2720740740740741,0.32222222222222224,0,1,1
flow,,,1,registered,during_vibration,flow_dump_baseline.wave,1940,194000,194.0,0.19399999999999998,158683.45183699526,1659.4019334409136,0.010457309279769794,1.0457309279769793e+18,102,0.000642789142908094,6.42789142908094e+26,1041.8763928456876,61.36676506462463,213.56123735305871,91.08129996803204,0.0,251.51623820951139,0.006565753270328002,0.00038672441489149444,0.0013458318109467121,0.0005739810857000621,0.0,0.0015850186979035278,5486,3691,4323,0.27340740740740743,0.32022222222222224,0,1,1
flow,,,1,registered,during_vibration,flow_dump_baseline.wave,1941,194100,194.1,0.1941,158683.45183699526,1230.4975126212241,0.0077544160930229245,7.754416093022925e+17,105,0.0006616947059348027,6.616947059348027e+26,857.6697440567208,32.39503276310891,122.73313249407045,74.78584264158224,0.0,142.91376066574176,0.00540490980078847,0.00020414877788508235,0.0007734463239440106,0.00047128948718864935,0.0,0.0009006217032167121,5508,3709,4283,0.27474074074074073,0.31725925925925924,0,1,1
flow,,,1,registered,during_vibration,flow_dump_baseline.wave,1942,194200,194.20000000000002,0.19419999999999998,158683.45183699526,1216.4466090121182,0.007665869345101537,7.665869345101537e+17,105,0.0006616947059348027,6.616947059348027e+26,859.2467389568762,37.657026322782826,97.58435161579631,67.22298174628288,7.164214244827493,147.57129612555258,0.005414847792947699,0.00023730909484793243,0.0006149623699643116,0.00042362943941587865,4.514783464747669e-05,0.0009299728132782399,5505,3715,4280,0.2751851851851852,0.31703703703703706,0,1,1
flow,,,1,registered,during_vibration,flow_dump_baseline.wave,1943,194300,194.3,0.1943,158683.4518369953,1217.1573356987715,0.007670348241157966,7.670348241157966e+17,105,0.0006616947059348026,6.616947059348026e+26,841.5590746773487,20.937401956247484,146.1078018299001,71.11228795770631,0.0,137.44076927756913,0.005303382709003741,0.00013194445743312322,0.0009207500853963443,0.0004481392806526236,0.0,0.0008661317086721348,5507,3707,4286,0.2745925925925926,0.3174814814814815,0,1,1
flow,,,1,registered,during_vibration,flow_dump_baseline.wave,1944,194400,194.4,0.1944,158683.45183699526,1218.751284069687,0.007680393071620521,7.680393071620521e+17,101,0.0006364872885658578,6.364872885658577e+26,843.496006601201,24.181352976748386,129.62637599905977,54.856221128894006,0.0,166.5913273637831,0.005315588971858686,0.00015238736425766846,0.0008168865404580192,0.00034569591531979075,0.0,0.0010498342797263516,5516,3706,4278,0.2745185185185185,0.3168888888888889,0,1,1
flow,,,1,registered,during_vibration,flow_dump_baseline.wave,1945,194500,194.5,0.19449999999999998,158683.45183699526,1259.678390377537,0.00793830973422181,7.93830973422181e+17,106,0.0006679965602770389,6.679965602770389e+26,904.7115803262282,26.92758220531015,102.5896657719044,58.8944974883365,0.0,166.55506458575803,0.00570136060095023,0.00016969370084645642,0.0006465051307132378,0.0003711445447306933,0.0,0.0010496057569811927,5526,3713,4261,0.275037037037037,0.31562962962962965,0,1,1
flow,,,1,registered,during_vibration,flow_dump_baseline.wave,1946,194600,194.6,0.1946,158683.45183699526,1464.9771563510235,0.00923207265402756,9.232072654027561e+17,102,0.000642789142908094,6.42789142908094e+26,1044.820299651503,33.72288866066703,153.0979900607069,51.55042990885652,0.0,181.7855480692896,0.006584305342215369,0.000212516732338973,0.0009648012334517029,0.0003248633005652712,0.0,0.001145586045456243,5518,3714,4268,0.2751111111111111,0.3161481481481481,0,1,1
flow,,,1,registered,during_vibration,flow_dump_baseline.wave,1947,194700,194.70000000000002,0.19469999999999998,158683.4518369953,1199.8502611527338,0.007561281578278611,7.561281578278611e+17,104,0.0006553928515925663,6.553928515925663e+26,810.3790264453712,23.362859071335908,102.72077010580931,52.14414784190913,0.0,211.2434576883084,0.005106890586661919,0.00014722933488575093,0.0006473313311291423,0.0003286048244997422,0.0,0.0013312255011020584,5521,3720,4259,0.27555555555555555,0.3154814814814815,0,1,1
flow,,,1,registered,during_vibration,flow_dump_baseline.wave,1948,194800,194.8,0.1948,158683.45183699526,1756.7603700854615,0.011070847966491567,1.1070847966491567e+18,106,0.0006679965602770389,6.679965602770389e+26,1177.0526408084393,29.820099298646188,166.36166789992532,75.36941734961373,0.0,308.15654472883773,0.007417614295519268,0.0001879219222510886,0.0010483869992368037,0.00047496708999647687,0.0,0.0019419576594879348,5519,3737,4244,0.2768148148148148,0.31437037037037036,0,1,1
flow,,,1,registered,during_vibration,flow_dump_baseline.wave,1949,194900,194.9,0.1949,158683.45183699526,1302.363591917333,0.0082073056568946,8.2073056568946e+17,114,0.0007184113950149286,7.184113950149286e+26,905.8429012565242,33.820485207015594,142.95371127154354,63.02793614971706,0.0,156.71855803253325,0.005708490020667279,0.00021313177155836692,0.0009008734661153589,0.0003971928731072814,0.0,0.000987617525446318,5519,3732,4249,0.27644444444444444,0.31474074074074077,0,1,1
flow,,,1,registered,during_vibration,flow_dump_baseline.wave,1950,195000,195.0,0.19499999999999998,158683.45183699526,1340.5967284626863,0.008448245314450245,8.448245314450245e+17,119,0.0007499206667261097,7.499206667261097e+26,956.1761937248463,14.06116926498025,108.66301744872924,62.652281156614876,0.0,199.0440668675157,0.0060256830983678195,8.861144058943421e-05,0.000684778508349764,0.0003948255500578177,0.0,0.0012543467170854096,5527,3739,4234,0.27696296296296297,0.31362962962962965,0,1,1
flow,,,1,registered,during_vibration,flow_dump_baseline.wave,1951,195100,195.1,0.1951,158683.45183699526,1203.224183295682,0.0075825435441855184,7.582543544185518e+17,103,0.0006490909972503302,6.490909972503302e+26,895.3510993540566,20.225322528820936,78.91192863509818,69.94875105084841,5.862375188104864,132.92470653875301,0.005642372213290331,0.0001274570366013782,0.0004972914801233279,0.00044080684054378916,3.694383453497649e-05,0.0008376721390917154,5530,3748,4222,0.2776296296296296,0.31274074074074076,0,1,1
flow,,,1,registered,during_vibration,flow_dump_baseline.wave,1952,195200,195.20000000000002,0.19519999999999998,158683.45183699526,1215.3009052803318,0.007658649287064463,7.658649287064463e+17,111,0.00069950583198822,6.995058319882199e+26,885.681795516376,14.401675666366792,113.28389279900463,41.91763208513406,0.0,160.0159092134508,0.005581437668914443,9.075726233357122e-05,0.0007138985917408293,0.0002641588117719622,0.0,0.0010083969523036612,5519,3750,4231,0.2777777777777778,0.3134074074074074,0,1,1
flow,,,1,registered,during_vibration,flow_dump_baseline.wave,1953,195300,195.3,0.1953,158683.45183699526,1951.2019475512227,0.012296190465755434,1.2296190465755436e+18,115,0.0007247132493571648,7.247132493571648e+26,1388.6791894933626,21.929600784794506,162.34294646815226,85.56463774513253,6.514099185725664,286.17147387405515,0.008751253980281816,0.00013819714992916398,0.0010230616021317468,0.0005392158839160323,4.1050904239322676e-05,0.0018034109452573523,5510,3758,4232,0.2783703703703704,0.31348148148148147,0,1,1
flow,,,1,registered,during_vibration,flow_dump_baseline.wave,1954,195400,195.4,0.1954,158683.45183699526,1294.2343292650576,0.00815607622775018,8.15607622775018e+17,108,0.0006806002689615113,6.806002689615113e+26,827.8967621532051,15.001964246450658,89.18367733676992,53.606577783343056,0.0,308.54534774528906,0.0052172848054984795,9.454019352856755e-05,0.0005620225442813171,0.0003378208449763839,0.0,0.0019444078394654331,5513,3774,4213,0.27955555555555556,0.31207407407407406,0,1,1
flow,,,1,registered,during_vibration,flow_dump_baseline.wave,1955,195500,195.5,0.19549999999999998,158683.45183699526,1330.5244919072459,0.008384771546777312,8.384771546777312e+17,114,0.0007184113950149286,7.184113950149286e+26,817.9372699175914,19.04420765938359,117.35267501070967,50.41033318719744,0.0,325.7800061323645,0.005154521536107009,0.00012001382273273469,0.0007395394645892762,0.0003176785770893146,0.0,0.0020530181462589826,5530,3762,4208,0.2786666666666667,0.3117037037037037,0,1,1
flow,,,1,registered,during_vibration,flow_dump_baseline.wave,1956,195600,195.6,0.1956,158683.45183699526,1242.977908035356,0.007833065727056296,7.833065727056296e+17,103,0.0006490909972503302,6.490909972503302e+26,829.9887252323559,21.50216121364847,94.59797679193001,50.033312518129264,0.0,246.85573227929268,0.0052304680521126235,0.00013550348801169375,0.0005961426708129849,0.00031530264774883455,0.0,0.0015556488683701613,5523,3765,4212,0.2788888888888889,0.312,0,1,1
flow,,,1,registered,during_vibration,flow_dump_baseline.wave,1957,195700,195.70000000000002,0.19569999999999999,158683.45183699526,1297.6315974890856,0.008177485317259512,8.177485317259512e+17,104,0.0006553928515925665,6.553928515925665e+26,837.2075499785734,42.5798974693168,102.89870924898203,39.09705442505533,0.0,275.8483863671574,0.005275960034185416,0.00026833231175898693,0.0006484526776911993,0.0002463839421971806,0.0,0.0017383563514267242,5531,3772,4197,0.2794074074074074,0.3108888888888889,0,1,1
flow,,,1,registered,during_vibration,flow_dump_baseline.wave,1958,195800,195.8,0.1958,158683.4518369953,1311.1679335846636,0.008262789335661398,8.262789335661398e+17,107,0.0006742984146192749,6.742984146192749e+26,886.368870509934,18.28038565494385,100.6731426273412,65.52706601498794,0.0,240.31846877745602,0.005585767515446037,0.00011520032771736051,0.000634427481012676,0.00041294202550055085,0.0,0.0015144519859847695,5555,3769,4176,0.2791851851851852,0.30933333333333335,0,1,1
flow,,,1,registered,during_vibration,flow_dump_baseline.wave,1959,195900,195.9,0.1959,158683.45183699526,1417.3139580285128,0.008931706120713982,8.931706120713981e+17,113,0.0007121095406726924,7.121095406726925e+26,926.4747853901309,15.907514920809502,121.1647446895766,44.15248719082501,0.0,309.6144258371707,0.005838509149283163,0.00010024684197789076,0.0007635625724479508,0.0002782425431240295,0.0,0.001951145013880947,5545,3757,4198,0.2782962962962963,0.31096296296296294,0,1,1
flow,,,1,registered,during_vibration,flow_dump_baseline.wave,1960,196000,196.0,0.19599999999999998,158683.45183699526,1266.7569965546,0.007982918079295713,7.982918079295713e+17,110,0.0006932039776459838,6.932039776459838e+26,842.1604765442193,16.828139978623355,99.53435261474759,40.23982563584854,0.0,267.99420178116134,0.005307172655969909,0.00010604848699604645,0.0006272509922269178,0.00025358551991410034,0.0,0.0016888604241887403,5535,3763,4202,0.27874074074074073,0.31125925925925924,0,1,1
flow,,,1,registered,during_vibration,flow_dump_baseline.wave,1961,196100,196.1,0.1961,158683.45183699526,2229.627272400151,0.014050786308143182,1.405078630814318e+18,108,0.0006806002689615113,6.806002689615113e+26,1426.2660976218817,33.205885901265205,213.7897201004289,59.223710429475126,32.6201503602453,464.5217079868558,0.008988121200482759,0.00020925865625468848,0.001347271675940353,0.0003732191967333281,0.00020556743619211008,0.002927348142539951,5518,3772,4210,0.2794074074074074,0.3118518518518518,0,1,1
flow,,,1,registered,during_vibration,flow_dump_baseline.wave,1962,196200,196.20000000000002,0.19619999999999999,158683.4518369953,1800.3842799571664,0.01134575949234189,1.1345759492341889e+18,112,0.000705807686330456,7.058076863304561e+26,1192.8214451003425,29.6206249947135,181.43115971049554,99.34001754562159,0.0,297.171032605994,0.007516987003318071,0.0001866648642426858,0.0011433527416385384,0.0006260263209276972,0.0,0.0018727285622149033,5516,3768,4216,0.2791111111111111,0.3122962962962963,0,1,1
flow,,,1,registered,during_vibration,flow_dump_baseline.wave,1963,196300,196.3,0.1963,158683.45183699526,1456.7288777737647,0.009180093203859489,9.180093203859488e+17,112,0.0007058076863304561,7.058076863304562e+26,938.9601834963355,54.09340854623659,140.9761253075332,61.768688143069156,0.0,260.9304722805899,0.005917190309553296,0.0003408887815334587,0.0008884110074209151,0.00038925727558863503,0.0,0.0016443458297631822,5505,3756,4239,0.2782222222222222,0.314,0,1,1
flow,,,1,registered,during_vibration,flow_dump_baseline.wave,1964,196400,196.4,0.1964,158683.45183699526,1241.7216136213033,0.007825148742647971,7.825148742647972e+17,105,0.0006616947059348027,6.616947059348027e+26,868.3136967900468,26.314269945567364,98.77976562964754,61.57090696095053,0.0,186.74297429509156,0.005471986440539538,0.00016582869631924965,0.0006224956949582701,0.00038801088738728816,0.0,0.0011768270234436288,5511,3752,4237,0.2779259259259259,0.3138518518518518,0,1,1
flow,,,1,registered,during_vibration,flow_dump_baseline.wave,1965,196500,196.5,0.19649999999999998,158683.45183699526,1241.969758406719,0.007826712514941447,7.826712514941446e+17,105,0.0006616947059348027,6.616947059348027e+26,912.0417542202554,22.471525270392345,103.83765620847346,57.587761963975396,0.0,146.03106074362248,0.005747554289133652,0.00014161227910189285,0.0006543697846649999,0.00036290968779234393,0.0,0.000920266474248558,5505,3753,4242,0.278,0.31422222222222224,0,1,1
flow,,,1,registered,during_vibration,flow_dump_baseline.wave,1966,196600,196.6,0.1966,158683.4518369953,1256.144359390423,0.007916038785700066,7.916038785700067e+17,101,0.0006364872885658577,6.364872885658577e+26,965.5356858123304,15.270976437705247,96.96397544792548,66.09394569411464,6.752226484595417,105.52754951375157,0.006084665254220456,9.623546917413974e-05,0.0006110528497169948,0.0004165144186679809,4.255154779171e-05,0.0006650192461287825,5489,3740,4271,0.277037037037037,0.31637037037037036,0,1,1
flow,,,1,registered,during_vibration,flow_dump_baseline.wave,1967,196700,196.70000000000002,0.19669999999999999,158683.45183699526,1232.273458949207,0.007765607848101501,7.765607848101501e+17,107,0.0006742984146192752,6.742984146192752e+26,813.8601650265894,26.899336814981645,101.97095317911308,51.49480323539454,0.0,238.04820069312842,0.0051288282149458955,0.0001695157025107666,0.0006426060940737596,0.00032451274937157065,0.0,0.0015001450871995096,5484,3716,4300,0.27525925925925926,0.31851851851851853,0,1,1
flow,,,1,registered,during_vibration,flow_dump_baseline.wave,1968,196800,196.8,0.1968,158683.45183699526,1200.9774102766137,0.007568384707879283,7.568384707879283e+17,102,0.000642789142908094,6.42789142908094e+26,813.8859064928986,23.75144873230891,90.77832290252499,59.17091816146981,0.0,213.3908139874117,0.005128990433917132,0.00014967817032810176,0.0005720717683641985,0.0003728865075499623,0.0,0.001344757827719891,5495,3711,4294,0.2748888888888889,0.31807407407407406,0,1,1
flow,,,1,registered,during_vibration,flow_dump_baseline.wave,1969,196900,196.9,0.1969,158683.45183699526,2003.1152145686692,0.012623340312928997,1.2623340312928998e+18,109,0.0006869021233037475,6.869021233037475e+26,1302.10912888167,98.59883423810464,122.81505428937378,75.53873833663667,0.0,404.05345882288395,0.008205702067908369,0.0006213554916828287,0.0007739625831654668,0.00047603412619377913,0.0,0.0025462860439785535,5502,3714,4284,0.2751111111111111,0.31733333333333336,0,1,1
flow,,,1,registered,during_vibration,flow_dump_baseline.wave,1970,197000,197.0,0.19699999999999998,158683.4518369953,1321.806080445775,0.008329829387651439,8.329829387651439e+17,112,0.000705807686330456,7.058076863304561e+26,945.3769013532033,24.143060843545594,106.39205138683934,57.44491199771885,0.0,188.44915486446837,0.005957627530842502,0.00015214605281177094,0.000670467211011572,0.0003620094681122018,0.0,0.0011875791248733948,5507,3705,4288,0.27444444444444444,0.31762962962962965,0,1,1
flow,,,1,registered,during_vibration,flow_dump_baseline.wave,1971,197100,197.1,0.1971,158683.45183699526,1783.1902267762769,0.011237405073643262,1.1237405073643263e+18,103,0.0006490909972503302,6.490909972503302e+26,1162.024571675015,46.54014436162895,102.99164860525082,122.13597812769233,0.0,349.4978840066888,0.0073229095927953725,0.0002932892108336317,0.0006490383679770664,0.0007696831441072654,0.0,0.0022024847579299213,5502,3708,4290,0.27466666666666667,0.31777777777777777,0,1,1
flow,,,1,registered,during_vibration,flow_dump_baseline.wave,1972,197200,197.20000000000002,0.1972,158683.45183699526,1443.9506540852417,0.009099566699421904,9.099566699421903e+17,115,0.0007247132493571648,7.247132493571648e+26,1063.1383288625948,43.661951181164056,96.28971616570917,78.84027890184441,7.532636394681755,154.48774257924723,0.006699742894140497,0.0002751512566415244,0.000606803765931567,0.0004968399539407026,4.7469577372311774e-05,0.0009735592513952999,5506,3723,4271,0.2757777777777778,0.31637037037037036,0,1,1
flow,,,1,registered,during_vibration,flow_dump_baseline.wave,1973,197300,197.3,0.1973,158683.45183699526,2028.2998040689708,0.01278204992762891,1.278204992762891e+18,109,0.0006869021233037475,6.869021233037475e+26,1261.5577927419808,56.919403294575375,183.20750179791773,103.23601039378636,0.0,423.37909584071025,0.007950153454172989,0.0003586977888094142,0.0011545469907354572,0.0006505783003752257,0.0,0.002668073393535823,5517,3724,4259,0.27585185185185185,0.3154814814814815,0,1,1
flow,,,1,registered,during_vibration,flow_dump_baseline.wave,1974,197400,197.4,0.1974,158683.45183699526,1284.8195143037417,0.00809674543520486,8.09674543520486e+17,105,0.0006616947059348027,6.616947059348027e+26,857.4228964781125,35.192698279256184,95.19943269608108,75.14628540398925,0.0,221.85820144630262,0.005403354203303347,0.0002217792584661396,0.000599932958314223,0.00047356094497605166,0.0,0.0013981180701450992,5508,3737,4255,0.2768148148148148,0.3151851851851852,0,1,1
flow,,,1,registered,during_vibration,flow_dump_baseline.wave,1975,197500,197.5,0.19749999999999998,158683.45183699526,1254.9830554573346,0.007908720417466677,7.908720417466676e+17,103,0.0006490909972503302,6.490909972503302e+26,872.4903008989269,42.24549784274047,108.44189383546586,73.0823016952686,0.0,158.72306118493236,0.005498306791278885,0.00026622497402020473,0.0006833850195473493,0.0004605540202789456,0.0,0.0010002496123412907,5517,3749,4234,0.27770370370370373,0.31362962962962965,0,1,1
flow,,,1,registered,during_vibration,flow_dump_baseline.wave,1976,197600,197.6,0.1976,158683.45183699526,2723.027004109262,0.017160119549872427,1.7160119549872428e+18,101,0.0006364872885658578,6.364872885658577e+26,1793.4799767236732,65.32946510742987,282.40787938617814,93.15917930200395,0.0,488.6505035899762,0.011302249579029788,0.0004116967733632263,0.0017796933209915083,0.0005870755786034958,0.0,0.003079404297884405,5518,3746,4236,0.2774814814814815,0.31377777777777777,0,1,1
flow,,,1,registered,during_vibration,flow_dump_baseline.wave,1977,197700,197.70000000000002,0.1977,158683.4518369953,1336.6377594572314,0.008423296468432439,8.423296468432439e+17,119,0.0007499206667261096,7.499206667261097e+26,951.2011307361748,30.374050332056644,101.46026429673735,50.38361495686462,0.0,203.2186991353982,0.005994330976069761,0.00019141284097637251,0.0006393878071228283,0.0003175102026934748,0.0,0.001280654641570004,5503,3741,4256,0.2771111111111111,0.31525925925925924,0,1,1
flow,,,1,registered,during_vibration,flow_dump_baseline.wave,1978,197800,197.8,0.1978,158683.45183699526,2077.07710944605,0.013089437401322039,1.3089437401322038e+18,117,0.0007373169580416372,7.373169580416372e+26,1448.9792444666286,31.860515088001723,150.17880690529523,116.0168139565191,0.0,330.0417290296056,0.009131256143552174,0.00020078032535320614,0.000946404966407989,0.0007311210628043011,0.0,0.0020798749032043687,5506,3748,4246,0.2776296296296296,0.31451851851851853,0,1,1
flow,,,1,registered,during_vibration,flow_dump_baseline.wave,1979,197900,197.9,0.1979,158683.45183699526,1356.0728022494643,0.00854577327724422,8.54577327724422e+17,114,0.0007184113950149286,7.184113950149286e+26,933.9228006433481,7.752403525601122,97.11697038088366,55.26000890222927,0.0,262.02061879740216,0.005885445456547691,4.885451782057678e-05,0.0006120170014995976,0.0003482405270525255,0.0,0.0016512157743238292,5508,3741,4251,0.2771111111111111,0.3148888888888889,0,1,1
flow,,,1,registered,during_vibration,flow_dump_baseline.wave,1980,198000,198.0,0.19799999999999998,158683.45183699526,3768.352819948864,0.023747610581472837,2.374761058147284e+18,118,0.0007436188123838735,7.436188123838735e+26,2485.984018467951,117.71018270493724,345.9825630906855,123.18964312346799,28.151229312461606,667.3351832493611,0.015666309181512093,0.000741792426004527,0.002180331717551052,0.0007763231874361565,0.0001774049466820236,0.004205449122286987,5526,3728,4246,0.27614814814814814,0.31451851851851853,0,1,1
flow,,,1,registered,during_vibration,flow_dump_baseline.wave,1981,198100,198.1,0.1981,158683.4518369953,2292.347193084066,0.01444603811264982,1.444603811264982e+18,114,0.0007184113950149285,7.184113950149285e+26,1612.506836357211,84.53918030300453,179.9593203324112,107.72839923983274,0.0,307.61345685160654,0.010161783208583271,0.0005327536004815794,0.0011340774242626836,0.0006788886805316965,0.0,0.0019385351987905892,5528,3734,4238,0.2765925925925926,0.31392592592592594,0,1,1
flow,,,1,registered,during_vibration,flow_dump_baseline.wave,1982,198200,198.20000000000002,0.1982,158683.45183699526,1308.7019885440604,0.008247249309199558,8.247249309199558e+17,112,0.0007058076863304561,7.058076863304562e+26,946.4097984859869,31.796961252263067,118.56574657231911,74.72814491619148,0.0,137.2013373173001,0.005964136698123819,0.00020037981833749072,0.0007471840648772479,0.0004709258845273585,0.0,0.0008646228433336434,5519,3726,4255,0.276,0.3151851851851852,0,1,1
flow,,,1,registered,during_vibration,flow_dump_baseline.wave,1983,198300,198.3,0.1983,158683.45183699526,1346.8548426802383,0.008487683038706336,8.487683038706336e+17,115,0.0007247132493571648,7.247132493571648e+26,928.258428530404,23.162897405219464,112.44978271475073,70.49930385306871,0.0,212.4844301767958,0.005849749408551693,0.00014596920559185425,0.0007086421514844708,0.00044427634411109147,0.0,0.0013390459289672287,5531,3739,4230,0.27696296296296297,0.31333333333333335,0,1,1
flow,,,1,registered,during_vibration,flow_dump_baseline.wave,1984,198400,198.4,0.1984,158683.45183699526,2286.2210492910967,0.014407432046786937,1.4407432046786936e+18,118,0.0007436188123838735,7.436188123838735e+26,1498.631220209315,56.07408812318127,197.14850939812297,100.35372423319208,0.0,434.0135073272841,0.00944415566248683,0.0003533707357260061,0.0012424011900159587,0.0006324145528185173,0.0,0.0027350899057396153,5531,3737,4232,0.2768148148148148,0.31348148148148147,0,1,1
flow,,,1,registered,during_vibration,flow_dump_baseline.wave,1985,198500,198.5,0.19849999999999998,158683.4518369953,1283.8298159565597,0.008090508500378166,8.090508500378166e+17,108,0.0006806002689615112,6.806002689615112e+26,917.1128788940616,29.81507789573499,113.32433482953098,64.46615843499333,0.0,159.11136590223913,0.005779511778179298,0.00018789027810134853,0.0007141534515265105,0.0004062563404608505,0.0,0.0010026966521101608,5531,3740,4229,0.277037037037037,0.31325925925925924,0,1,1
flow,,,1,registered,during_vibration,flow_dump_baseline.wave,1986,198600,198.6,0.1986,158683.45183699526,1556.4365178675716,0.009808436228538771,9.808436228538771e+17,107,0.0006742984146192752,6.742984146192752e+26,1110.6113643868916,33.087880758615746,109.29381420344635,43.98922229561702,0.0,259.45423622300075,0.006998911049198421,0.00020851500503407677,0.0006887536976175466,0.00027721367153522825,0.0,0.001635042805153498,5508,3748,4244,0.2776296296296296,0.31437037037037036,0,1,1
flow,,,1,registered,during_vibration,flow_dump_baseline.wave,1987,198700,198.70000000000002,0.1987,158683.45183699526,1319.8210985457329,0.0083173203208454,8.3173203208454e+17,112,0.0007058076863304561,7.058076863304562e+26,817.6929441751176,27.17863508294676,125.2809719428938,48.61597968439753,0.0,301.0525676603769,0.0051529818308658805,0.00017127579951352158,0.0007895024370378988,0.0003063708226761882,0.0,0.0018971894307519084,5516,3749,4235,0.27770370370370373,0.3137037037037037,0,1,1
flow,,,1,registered,during_vibration,flow_dump_baseline.wave,1988,198800,198.8,0.1988,158683.45183699526,2474.9297771032293,0.015596646962567696,1.5596646962567695e+18,113,0.0007121095406726924,7.121095406726925e+26,1527.3446798763378,77.99002511565658,246.9845943599392,113.87474600603753,0.0,508.7357317452586,0.009625103702970083,0.0004914817784262119,0.0015564609384326332,0.0007176220625891938,0.0,0.0032059784801495767,5526,3743,4231,0.27725925925925926,0.3134074074074074,0,1,1
flow,,,1,registered,during_vibration,flow_dump_baseline.wave,1989,198900,198.9,0.1989,158683.4518369953,1333.9297291486625,0.008406230855873477,8.406230855873477e+17,109,0.0006869021233037474,6.869021233037473e+26,832.5858500331442,31.83512427731161,119.08751113661529,59.63633494286187,0.0,290.784908758729,0.0052468347543158,0.0002006203161626057,0.0007504721491623826,0.0003758194963147274,0.0,0.0018324841399179578,5529,3755,4216,0.27814814814814814,0.3122962962962963,0,1,1
flow,,,1,registered,during_vibration,flow_dump_baseline.wave,1990,199000,199.0,0.19899999999999998,158683.45183699526,1626.2147109786335,0.010248168237789115,1.0248168237789115e+18,107,0.0006742984146192752,6.742984146192752e+26,1047.2625622981434,57.87028274826156,151.10679110317366,76.72656977604706,0.0,293.2485050530072,0.006599696125679981,0.0003646900926235697,0.0009522529876549158,0.00048351966690807213,0.0,0.0018480093649225723,5525,3758,4217,0.2783703703703704,0.31237037037037035,0,1,1
flow,,,1,registered,during_vibration,flow_dump_baseline.wave,1991,199100,199.1,0.1991,158683.45183699526,1310.5000662814768,0.008258580533196773,8.258580533196773e+17,112,0.0007058076863304561,7.058076863304562e+26,841.2642940366334,31.351913391402405,120.04774790236286,60.71395422004126,0.0,257.1221567310366,0.005301525044343043,0.00019757519154302302,0.0007565234213941839,0.0003826104960358978,0.0,0.001620346379880624,5504,3741,4255,0.2771111111111111,0.3151851851851852,0,1,1
flow,,,1,registered,during_vibration,flow_dump_baseline.wave,1992,199200,199.20000000000002,0.1992,158683.45183699526,1352.1185481114965,0.008520854143634562,8.520854143634563e+17,106,0.0006679965602770389,6.679965602770389e+26,858.9013773137093,24.24328571976114,116.93717512339566,67.5800961563264,0.0,284.4566137983035,0.005412671374177065,0.00015277765538314998,0.0007369210448202077,0.00042587992241148654,0.0,0.0017926041468426493,5513,3729,4258,0.2762222222222222,0.3154074074074074,0,1,1
flow,,,1,registered,during_vibration,flow_dump_baseline.wave,1993,199300,199.3,0.19929999999999998,158683.45183699526,1741.313325445921,0.010973502941155162,1.0973502941155162e+18,113,0.0007121095406726924,7.121095406726925e+26,1067.5964812795785,37.43764292126163,128.8624866676069,92.51176951592824,6.501012412755083,408.40393264879026,0.006727837521307817,0.00023592657260644153,0.0008120726211576151,0.0005829956964319083,4.0968433302252156e-05,0.002573702096349126,5519,3739,4242,0.27696296296296297,0.31422222222222224,0,1,1
flow,,,1,registered,during_vibration,flow_dump_baseline.wave,1994,199400,199.4,0.1994,158683.45183699526,2080.3340940950316,0.01310996244417482,1.310996244417482e+18,110,0.0006932039776459838,6.932039776459838e+26,1478.0850324918817,25.36927914067043,134.4458976398658,131.73204825948335,0.0,310.70183656313054,0.009314676580203324,0.0001598735019120366,0.000847258463837634,0.0008301561803356959,0.0,0.001957997717886131,5528,3745,4227,0.2774074074074074,0.3131111111111111,0,1,1
flow,,,1,registered,during_vibration,flow_dump_baseline.wave,1995,199500,199.5,0.19949999999999998,158683.45183699526,2225.439449597467,0.014024395258829573,1.4024395258829573e+18,113,0.0007121095406726924,7.121095406726925e+26,1514.4553022964249,36.349283587808834,148.05690362267063,110.42035864204394,0.0,416.15760144851885,0.009543876722899386,0.00022906789061500872,0.0009330330409925759,0.0006958530165796448,0.0,0.002622564587742957,5520,3730,4250,0.2762962962962963,0.3148148148148148,0,1,1
flow,,,1,registered,during_vibration,flow_dump_baseline.wave,1996,199600,199.6,0.1996,158683.45183699526,1325.0518747343185,0.008350283910482703,8.350283910482703e+17,115,0.0007247132493571648,7.247132493571648e+26,937.025143859188,14.85657969949998,107.55265697995526,64.75800045479386,0.0,200.85949374088116,0.0059049959716135384,9.362400129007236e-05,0.0006777811784081733,0.00040809548636057755,0.0,0.00126578727281034,5521,3735,4244,0.27666666666666667,0.31437037037037036,0,1,1
flow,,,1,registered,during_vibration,flow_dump_baseline.wave,1997,199700,199.70000000000002,0.1997,158683.45183699526,2884.7442615399805,0.018179238150826733,1.8179238150826734e+18,121,0.0007625243754105822,7.625243754105822e+26,1782.595071987062,65.51489556240494,261.9074030398119,145.53028344182502,0.0,629.1966075088756,0.011233654494850547,0.0004128653290810938,0.0016505023051102494,0.0009171106486347322,0.0,0.003965105373150104,5523,3739,4238,0.27696296296296297,0.31392592592592594,0,1,1
flow,,,1,registered,during_vibration,flow_dump_baseline.wave,1998,199800,199.8,0.19979999999999998,158683.45183699526,1300.9911259669605,0.008198656576385674,8.198656576385674e+17,117,0.0007373169580416372,7.373169580416372e+26,950.2745568479945,30.124674589597895,98.40369780768216,75.18459780296416,0.0,147.0035989187212,0.00598849184238913,0.0001898413113709105,0.0006201257703214423,0.00047380238413389315,0.0,0.0009263952681702942,5516,3737,4247,0.2768148148148148,0.3145925925925926,0,1,1
flow,,,1,registered,during_vibration,flow_dump_baseline.wave,1999,199900,199.9,0.1999,158683.45183699526,1317.6885550468785,0.008303881342337137,8.303881342337137e+17,110,0.0006932039776459838,6.932039776459838e+26,881.3097529054347,39.463490206319804,111.22091102468735,61.49741072469689,0.0,224.19699018574013,0.00555388569320224,0.0002486931671164928,0.0007008979810883938,0.0003875477248117151,0.0,0.0014128567761182967,5508,3742,4250,0.2771851851851852,0.3148148148148148,0,1,1
flow,,,1,registered,during_vibration,flow_dump_baseline.wave,2000,200000,200.0,0.19999999999999998,158683.4518369953,1330.4198359427712,0.008384112020133146,8.384112020133146e+17,107,0.0006742984146192749,6.742984146192749e+26,949.1014775193642,26.481694881924238,112.4812044497716,74.66968561382761,0.0,167.6857734778839,0.005981099267328212,0.0001668837838814288,0.0007088401666817526,0.00047055748251891255,0.0,0.001056731319722841,5508,3749,4243,0.27770370370370373,0.3142962962962963,0,1,1
flow,,,1,registered,during_vibration,flow_dump_baseline.wave,2001,200100,200.1,0.2001,158683.45183699526,1265.581975238478,0.00797551326611249,7.97551326611249e+17,105,0.0006616947059348027,6.616947059348027e+26,863.1154070897369,30.958204425441263,128.15680558993597,49.762158893732376,0.0,193.5893992396316,0.0054392275760194375,0.00019509409498630345,0.0008076255217940605,0.00031359387710351593,0.0,0.0012199721962091728,5501,3741,4258,0.2771111111111111,0.3154074074074074,0,1,1
flow,,,1,registered,during_vibration,flow_dump_baseline.wave,2002,200200,200.20000000000002,0.2002,158683.45183699526,1325.6953888779888,0.008354339242883282,8.354339242883282e+17,105,0.0006616947059348027,6.616947059348027e+26,1008.1983399366908,16.22699360078532,93.25621445519377,71.81657956349903,0.0,136.19726132182006,0.0063535190863653794,0.00010226015008454826,0.0005876870800049746,0.00045257762376678905,0.0,0.0008582953026615924,5517,3740,4243,0.277037037037037,0.3142962962962963,0,1,1
flow,,,1,registered,during_vibration,flow_dump_baseline.wave,2003,200300,200.3,0.20029999999999998,158683.45183699526,1281.821989350292,0.008077855469561001,8.077855469561001e+17,112,0.0007058076863304561,7.058076863304562e+26,932.129389184702,14.871339539574343,89.7921929180808,49.63705016985791,0.0,195.39201753807708,0.005874143638759606,9.371701565233571e-05,0.0005658573208397195,0.00031280546014871594,0.0,0.0012313320341606258,5519,3741,4240,0.2771111111111111,0.31407407407407406,0,1,1
flow,,,1,registered,during_vibration,flow_dump_baseline.wave,2004,200400,200.4,0.2004,158683.4518369953,1338.2257642720324,0.008433303843470085,8.433303843470085e+17,108,0.0006806002689615112,6.806002689615112e+26,985.7203733704475,28.231103436900693,71.70403938180489,74.51314311724934,0.0,178.05710496562983,0.006211866215155258,0.00017790830177995235,0.0004518684119341037,0.0004695709745071063,0.0,0.0011220899400936639,5492,3723,4285,0.2757777777777778,0.3174074074074074,0,1,1
flow,,,1,registered,during_vibration,flow_dump_baseline.wave,2005,200500,200.5,0.20049999999999998,158683.45183699526,1311.6767570841735,0.008265995867241216,8.265995867241216e+17,113,0.0007121095406726924,7.121095406726925e+26,908.2121948348272,26.928846459864264,75.27537922076664,74.43712160117224,0.0,226.82321496754298,0.00572342096369174,0.00016970166799450795,0.00047437447540586605,0.0004690918979859125,0.0,0.0014294068621631894,5475,3706,4319,0.2745185185185185,0.31992592592592595,0,1,1
flow,,,1,registered,during_vibration,flow_dump_baseline.wave,2006,200600,200.6,0.2006,158683.45183699526,1222.5266005070798,0.007704184565904821,7.70418456590482e+17,100,0.0006301854342236216,6.301854342236216e+26,879.8738676619263,23.21572700282332,86.46694150021432,75.70173604069143,0.0,157.2683283014252,0.005544836953545484,0.00014630213002091272,0.0005449020707530104,0.00047706131398285114,0.0,0.0009910820976025672,5457,3696,4347,0.2737777777777778,0.322,0,1,1
flow,,,1,registered,during_vibration,flow_dump_baseline.wave,2007,200700,200.70000000000002,0.2007,158683.45183699526,1184.120448264541,0.007462154588626592,7.462154588626592e+17,99,0.0006238835798813854,6.238835798813854e+26,815.7962411963769,25.3885263419618,106.91232806533642,53.40437480843182,0.0,182.61897785243417,0.005141029084963371,0.00015999479497107053,0.0006737459188571232,0.0003365465912809264,0.0,0.0011508381985541017,5445,3709,4346,0.27474074074074073,0.32192592592592595,0,1,1
flow,,,1,registered,during_vibration,flow_dump_baseline.wave,2008,200800,200.8,0.20079999999999998,158683.4518369953,1311.0859579423388,0.008262272737103855,8.262272737103854e+17,107,0.0006742984146192749,6.742984146192749e+26,879.9223923169119,31.97992260529751,106.42740761367695,57.267771535400975,0.0,235.48846387105175,0.00554514274885321,0.00020153281413457218,0.0006706900208031936,0.00036089315472055813,0.0,0.0014840139985923234,5448,3710,4342,0.2748148148148148,0.32162962962962965,0,1,1
flow,,,1,registered,during_vibration,flow_dump_baseline.wave,2009,200900,200.9,0.2009,158683.45183699526,1332.0151004503473,0.00839416514469723,8.39416514469723e+17,110,0.0006932039776459838,6.932039776459838e+26,968.7456559697197,15.655447686838071,95.36308250679049,77.44871100502077,0.0,174.80220328197834,0.006104894018595249,9.865835098495242e-05,0.0006009642555844482,0.00048807049574758795,0.0,0.0011015780237849928,5453,3704,4343,0.2743703703703704,0.3217037037037037,0,1,1
flow,,,1,registered,during_vibration,flow_dump_baseline.wave,2010,201000,201.0,0.20099999999999998,158683.45183699526,3805.968163976609,0.02398465700056879,2.398465700056879e+18,115,0.0007247132493571648,7.247132493571648e+26,2298.265347882894,134.7907666909424,328.2158423017639,205.1366586622442,0.0,839.5595484387635,0.014483333462166842,0.0008494317783646641,0.002068368431000088,0.001292741343142492,0.0,0.005290781985894699,5475,3701,4324,0.27414814814814814,0.3202962962962963,0,1,1
flow,,,1,registered,during_vibration,flow_dump_baseline.wave,2011,201100,201.1,0.2011,158683.45183699526,1312.8395180322498,0.008273323417370835,8.273323417370835e+17,110,0.0006932039776459838,6.932039776459838e+26,941.4846551564415,33.29445040525441,97.57939229249804,82.35235229760569,0.0,158.12866788045017,0.005933099162246387,0.00020981677685872084,0.0006149311170312499,0.000518972528920033,0.0,0.0009965038323144434,5485,3698,4317,0.2739259259259259,0.31977777777777777,0,1,1
flow,,,1,registered,during_vibration,flow_dump_baseline.wave,2012,201200,201.20000000000002,0.2012,158683.45183699526,1333.9554180613477,0.008406392743659431,8.406392743659432e+17,112,0.0007058076863304561,7.058076863304562e+26,868.8403325685307,40.47406562774318,123.93317209072976,66.65933764712476,0.0,234.04851012721906,0.005475305222506954,0.0002550616662241469,0.0007810087986870735,0.00042007743640212324,0.0,0.0014749396198391325,5484,3706,4310,0.2745185185185185,0.31925925925925924,0,1,1
flow,,,1,registered,during_vibration,flow_dump_baseline.wave,2013,201300,201.3,0.20129999999999998,158683.45183699526,1323.265174977282,0.00833902438886055,8.33902438886055e+17,111,0.00069950583198822,6.995058319882199e+26,918.1800288838978,33.59552497351851,114.02547713092933,60.3139603938414,0.0,197.1501835950952,0.005786236801976565,0.00021171410493407285,0.0007185719481831033,0.00038008979320539255,0.0,0.0012424117405614179,5482,3703,4315,0.2742962962962963,0.31962962962962965,0,1,1
flow,,,1,registered,during_vibration,flow_dump_baseline.wave,2014,201400,201.4,0.2014,158683.45183699526,1331.4940216179841,0.008390881381794855,8.390881381794856e+17,113,0.0007121095406726924,7.121095406726925e+26,939.5949274366224,24.890697558729876,112.27557106262746,67.19177806256108,0.0,187.54104749744369,0.005921190373409601,0.00015685755049177024,0.0007075442950280697,0.00042343279834612267,0.0,0.0011818563645192939,5469,3695,4336,0.2737037037037037,0.3211851851851852,0,1,1
flow,,,1,registered,during_vibration,flow_dump_baseline.wave,2015,201500,201.5,0.20149999999999998,158683.45183699526,1311.6523566880012,0.008265842099498646,8.265842099498646e+17,112,0.0007058076863304561,7.058076863304562e+26,922.506326523768,26.133092230905024,79.06449778885587,76.27272762948307,0.0,207.67571251498896,0.005813500499544188,0.00016468694075138834,0.0004982529487074271,0.0004806596198060581,0.0,0.0013087420906895833,5466,3694,4340,0.2736296296296296,0.3214814814814815,0,1,1
flow,,,1,registered,during_vibration,flow_dump_baseline.wave,2016,201600,201.6,0.2016,158683.45183699526,2079.417349080354,0.013104185250623351,1.310418525062335e+18,116,0.0007310151036994011,7.310151036994011e+26,1355.523849316587,21.590448216998027,149.93257948154553,119.59963883490309,0.0,432.77083323032025,0.008542313855820485,0.00013605985984711517,0.0009448532770484543,0.0007536995033216172,0.0,0.002727258754585679,5474,3699,4327,0.274,0.32051851851851854,0,1,1
flow,,,1,registered,during_vibration,flow_dump_baseline.wave,2017,201700,201.70000000000002,0.2017,158683.45183699526,1764.910649966075,0.011122209843147652,1.1122209843147652e+18,104,0.0006553928515925665,6.553928515925665e+26,1192.1080298669135,34.819322524580194,174.72081452309334,82.6258722864969,0.0,280.63661076499136,0.00751249116443147,0.00021942629884524897,0.0011010651236814043,0.0005206962120497155,0.0,0.0017685310441398156,5470,3700,4330,0.2740740740740741,0.3207407407407407,0,1,1
flow,,,1,registered,during_vibration,flow_dump_baseline.wave,2018,201800,201.8,0.20179999999999998,158683.45183699526,1303.2682054913726,0.008213006399874207,8.213006399874207e+17,106,0.0006679965602770389,6.679965602770389e+26,963.6078941423144,34.51176989665397,91.54707470571323,59.0591331083574,0.0,154.54233363833416,0.00607251659191384,0.00021748814698148596,0.0005769163302532221,0.0003721820544276088,0.0,0.0009739032762980541,5470,3688,4342,0.2731851851851852,0.32162962962962965,0,1,1
flow,,,1,registered,during_vibration,flow_dump_baseline.wave,2019,201900,201.9,0.2019,158683.4518369953,1318.4438515499432,0.008308641110884649,8.308641110884649e+17,111,0.0006995058319882199,6.995058319882199e+26,920.4833720068771,17.68153047671683,100.76404310788942,75.66341692560127,0.0,203.85148903285952,0.005800752134837771,0.00011142642961207992,0.0006350003226007301,0.00047681983250102945,0.0,0.0012846423913330438,5451,3674,4375,0.27214814814814814,0.32407407407407407,0,1,1
flow,,,1,registered,during_vibration,flow_dump_baseline.wave,2020,202000,202.0,0.20199999999999999,158683.45183699526,1340.75942686175,0.008449270616062859,8.449270616062858e+17,110,0.0006932039776459838,6.932039776459838e+26,879.8584299181357,30.443097846869918,89.89463603585602,84.97836921933515,0.0,255.58489384155305,0.005544739667132743,0.0001918479683574192,0.0005665029024463035,0.0005355213050610196,0.0,0.0016106587730653735,5450,3698,4352,0.2739259259259259,0.32237037037037036,0,1,1
flow,,,1,registered,during_vibration,flow_dump_baseline.wave,2021,202100,202.1,0.2021,158683.45183699526,1294.9133135891525,0.008160355088061287,8.160355088061286e+17,109,0.0006869021233037475,6.869021233037475e+26,853.7334843272067,15.71637924544353,95.21112245168932,51.1443158534083,0.0,279.10801171140383,0.0053801040653198625,9.904233279212946e-05,0.0006000066254513624,0.00032230402894150163,0.0,0.0017588980355564268,5441,3699,4360,0.274,0.32296296296296295,0,1,1
flow,,,1,registered,during_vibration,flow_dump_baseline.wave,2022,202200,202.20000000000002,0.2022,158683.45183699526,2616.592032440954,0.01648938186149871,1.648938186149871e+18,108,0.0006806002689615113,6.806002689615113e+26,1940.9452785242465,43.977995560080906,199.80113231559432,119.88943913011143,0.0,311.97818691091857,0.012231554431510904,0.0002771429222831409,0.0012591176332667408,0.0007555257825703572,0.0,0.001966041091867554,5451,3691,4358,0.27340740740740743,0.32281481481481483,0,1,1
flow,,,1,registered,during_vibration,flow_dump_baseline.wave,2023,202300,202.3,0.20229999999999998,158683.4518369953,1276.1133454516616,0.008041880427220137,8.041880427220137e+17,107,0.0006742984146192749,6.742984146192749e+26,873.0637209455808,30.409452799183352,78.45634875878989,75.3272986536823,0.0,218.85652429442544,0.005501920400889816,0.00019163594216756082,0.0004944204821015789,0.00047470166410963204,0.0,0.0013792019379515507,5457,3695,4348,0.2737037037037037,0.32207407407407407,0,1,1
flow,,,1,registered,during_vibration,flow_dump_baseline.wave,2024,202400,202.4,0.2024,158683.45183699526,1284.16705135934,0.008092633708765534,8.092633708765535e+17,106,0.0006679965602770389,6.679965602770389e+26,876.1384717680394,17.963457089974064,96.36037445816974,67.03078495605753,0.0,226.67396308709863,0.005521297032711621,0.00011320309006402699,0.0006072490441987248,0.0004224182432388332,0.0,0.0014284662985523241,5441,3702,4357,0.2742222222222222,0.3227407407407407,0,1,1
flow,,,1,registered,during_vibration,flow_dump_baseline.wave,2025,202500,202.5,0.20249999999999999,158683.45183699526,1904.7946857270176,0.012003738661317275,1.2003738661317276e+18,117,0.0007373169580416372,7.373169580416372e+26,1227.547084468297,59.529924993485544,162.7784030600365,94.36723274209754,0.0,360.5720404631016,0.007735822924555945,0.00037514891631319314,0.001025805786146168,0.000594688555420603,0.0,0.002272272478881369,5449,3706,4345,0.2745185185185185,0.32185185185185183,0,1,1
flow,,,1,registered,during_vibration,flow_dump_baseline.wave,2026,202600,202.6,0.2026,158683.45183699526,1331.7493142209448,0.008392490198593365,8.392490198593364e+17,108,0.0006806002689615113,6.806002689615113e+26,929.8015361195677,27.15029604971121,99.78037518071737,59.696309623829734,0.0,215.32079724711983,0.005859473847813002,0.00017109721105387137,0.0006288013906025626,0.00037619744801840904,0.0,0.0013569203011055259,5458,3692,4350,0.2734814814814815,0.32222222222222224,0,1,1
flow,,,1,registered,during_vibration,flow_dump_baseline.wave,2027,202700,202.70000000000002,0.2027,158683.4518369953,1261.1444024687803,0.00794754832888478,7.94754832888478e+17,106,0.0006679965602770388,6.679965602770388e+26,897.0694089294431,32.11013595636109,93.13506137951828,63.07754256712468,0.0,175.7522536363327,0.0056532007499492856,0.00020235339970638936,0.0005869235909689536,0.0003975054855242243,0.0,0.001107565102735924,5463,3680,4357,0.2725925925925926,0.3227407407407407,0,1,1
flow,,,1,registered,during_vibration,flow_dump_baseline.wave,2028,202800,202.8,0.20279999999999998,158683.45183699526,1378.8234927738915,0.008689144815114454,8.689144815114455e+17,112,0.0007058076863304561,7.058076863304562e+26,929.7177694491496,15.686795402324083,96.97417069920225,86.14802752753171,0.0,250.29672969568355,0.005858945962457293,9.885589972190714e-05,0.0006111170987055237,0.0005428923213494607,0.0,0.001577333532880268,5485,3685,4330,0.27296296296296296,0.3207407407407407,0,1,1
flow,,,1,registered,during_vibration,flow_dump_baseline.wave,2029,202900,202.9,0.2029,158683.45183699526,1289.840664464282,0.008128387992147082,8.128387992147082e+17,109,0.0006869021233037475,6.869021233037475e+26,915.3218739925425,22.370650910834765,101.55310526054231,53.9208402789597,0.0,196.6741940214028,0.005768225126163694,0.00014097658358109462,0.0006399728773537201,0.00033980128144898763,0.0,0.0012394121235995853,5481,3687,4332,0.27311111111111114,0.3208888888888889,0,1,1
flow,,,1,registered,during_vibration,flow_dump_baseline.wave,2030,203000,203.0,0.20299999999999999,158683.45183699526,1299.5250664356802,0.008189417682762498,8.189417682762499e+17,109,0.0006869021233037475,6.869021233037475e+26,948.3652278739125,9.148287962239905,103.47122785510724,72.17907684675794,0.0,166.36124589766263,0.0059764595293030544,5.765117821886885e-05,0.0006520606065552205,0.00045486202884534305,0.0,0.0010483843398400121,5484,3693,4323,0.27355555555555555,0.32022222222222224,0,1,1
flow,,,1,registered,during_vibration,flow_dump_baseline.wave,2031,203100,203.1,0.2031,158683.4518369953,1282.6794316080368,0.008083258945776186,8.083258945776186e+17,101,0.0006364872885658577,6.364872885658577e+26,886.0273265160984,21.43449427456129,107.17285484029199,88.14295312922563,0.0,179.90180284785976,0.005583615154945419,0.00013507706081778133,0.0006753877206451456,0.0005554640519149337,0.0,0.0011337149574529085,5492,3699,4309,0.274,0.3191851851851852,0,1,1
flow,,,1,registered,during_vibration,flow_dump_baseline.wave,2032,203200,203.20000000000002,0.2032,158683.45183699526,1319.4273007873787,0.008314838664731953,8.314838664731953e+17,112,0.0007058076863304561,7.058076863304562e+26,950.7304869576749,31.4261315299157,104.0275933102953,67.78327427769467,0.0,165.45981471179815,0.005991365047530575,0.0001980429034414857,0.0006555667406148676,0.00042716032133787856,0.0,0.0010427036518071448,5488,3705,4307,0.27444444444444444,0.31903703703703706,0,1,1
flow,,,1,registered,during_vibration,flow_dump_baseline.wave,2033,203300,203.3,0.20329999999999998,158683.45183699526,1276.9415435242158,0.008047099610839896,8.047099610839896e+17,110,0.0006932039776459838,6.932039776459838e+26,903.1407731112264,25.42414788347152,117.75248509186696,61.84995141961955,0.0,168.7741860180316,0.005691461602681555,0.0001602192767371107,0.0007420590094852871,0.0003897693849208285,0.0,0.0010635903370151154,5485,3706,4309,0.2745185185185185,0.3191851851851852,0,1,1
flow,,,1,registered,during_vibration,flow_dump_baseline.wave,2034,203400,203.4,0.2034,158683.45183699526,1312.459970977433,0.008270931567115353,8.270931567115354e+17,113,0.0007121095406726924,7.121095406726925e+26,944.2974780534026,17.64673449884112,90.82681844656143,49.49325112628028,0.0,210.1956888523477,0.005950825162433543,0.00011120715042781155,0.0005723773802189636,0.00031189925952153683,0.0,0.0013246226145134999,5476,3694,4330,0.2736296296296296,0.3207407407407407,0,1,1
flow,,,1,registered,during_vibration,flow_dump_baseline.wave,2035,203500,203.5,0.2035,158683.45183699526,1283.0367702447877,0.008085510841815845,8.085510841815845e+17,108,0.0006806002689615113,6.806002689615113e+26,945.574703634776,26.308248819397612,107.39203342782122,75.7219022778164,0.0,128.03988208497643,0.005958874052009537,0.00016579075205915163,0.000676768952178692,0.00047718839867184367,0.0,0.0008068886868966218,5463,3680,4357,0.2725925925925926,0.3227407407407407,0,1,1
flow,,,1,registered,during_vibration,flow_dump_baseline.wave,2036,203600,203.6,0.2036,158683.45183699526,1315.6451025997123,0.008291003802659808,8.291003802659808e+17,110,0.0006932039776459838,6.932039776459838e+26,970.4486863405358,32.884419810393496,98.72964398135832,69.24107947385025,0.0,144.34127299357462,0.006115626267932537,0.0002072328237740469,0.0006221798356313586,0.0004363471973434061,0.0,0.0009096176779784613,5489,3701,4310,0.27414814814814814,0.31925925925925924,0,1,1
flow,,,1,registered,during_vibration,flow_dump_baseline.wave,2037,203700,203.70000000000002,0.2037,158683.45183699526,1311.5307599683185,0.008265075814682712,8.265075814682712e+17,113,0.0007121095406726924,7.121095406726925e+26,967.6210104095601,37.98579297028802,92.22987762664248,58.88712897987659,0.0,154.80694998195096,0.006097806666088481,0.00023938093437309547,0.0005812192548053717,0.0003710981094636594,0.0,0.0009755708499521023,5480,3685,4335,0.27296296296296296,0.3211111111111111,0,1,1
flow,,,1,registered,during_vibration,flow_dump_baseline.wave,2038,203800,203.8,0.20379999999999998,158683.45183699526,1324.516437766211,0.008346909664700242,8.346909664700242e+17,111,0.00069950583198822,6.995058319882199e+26,923.619475021832,18.182051575363005,93.61533355796058,71.26223368795884,0.0,217.83734392309665,0.005820515399240267,0.00011458064067096419,0.0005899501962821256,0.00044908421680391535,0.0,0.0013727792117029707,5467,3692,4341,0.2734814814814815,0.32155555555555554,0,1,1
flow,,,1,registered,during_vibration,flow_dump_baseline.wave,2039,203900,203.9,0.2039,158683.45183699526,1317.9979487560204,0.008305831096426552,8.305831096426552e+17,113,0.0007121095406726924,7.121095406726925e+26,891.7448690615694,14.70978335712507,109.41120488752262,72.75812390946311,0.0,229.37396754034097,0.005619646275262517,9.269891212245265e-05,0.0006894934766097306,0.00045851109909181075,0.0,0.0014454813333400465,5473,3704,4323,0.2743703703703704,0.32022222222222224,0,1,1
flow,,,1,registered,during_vibration,flow_dump_baseline.wave,2040,204000,204.0,0.204,158683.45183699526,1278.3506587308948,0.008055979649623816,8.055979649623816e+17,106,0.0006679965602770389,6.679965602770389e+26,858.9658979566674,25.332115251516935,84.19111920527857,66.30480549883731,0.0,243.55672081859456,0.005413077973871055,0.00015963930049580027,0.0005305601701415116,0.00041784322644397565,0.0,0.0015348589786714738,5467,3684,4349,0.2728888888888889,0.32214814814814813,0,1,1
flow,,,1,registered,during_vibration,flow_dump_baseline.wave,2041,204100,204.1,0.2041,158683.45183699526,1311.573577193625,0.008265345642599932,8.265345642599932e+17,113,0.0007121095406726924,7.121095406726925e+26,963.3275742982846,8.780167866564065,92.4235389441265,85.22883938382152,0.0,161.81345670082783,0.006070750057087526,5.533133899546965e-05,0.0005824396802198816,0.0005370997315546887,0.0,0.0010197248347423638,5477,3671,4352,0.2719259259259259,0.32237037037037036,0,1,1
flow,,,1,registered,during_vibration,flow_dump_baseline.wave,2042,204200,204.20000000000002,0.2042,158683.4518369953,1309.6281867528808,0.008253086075403582,8.253086075403583e+17,107,0.0006742984146192749,6.742984146192749e+26,963.0506014627423,21.107919910158472,90.37679979194718,79.10803607285376,0.0,155.98482951517863,0.006069004614621181,0.00013301903674140642,0.0005695414282062954,0.0004985273206314926,0.0,0.000982993675203204,5472,3662,4366,0.27125925925925926,0.3234074074074074,0,1,1
flow,,,1,registered,during_vibration,flow_dump_baseline.wave,2043,204300,204.3,0.20429999999999998,158683.45183699526,1302.0156906053155,0.008205113233500793,8.205113233500794e+17,110,0.0006932039776459838,6.932039776459838e+26,949.7654457010942,26.326023406397212,101.38700321179368,76.01768499338917,0.0,148.5195332926412,0.005985283498097356,0.00016590276491741654,0.0006389261264365592,0.00047905237826233437,0.0,0.0009359484657871272,5460,3678,4362,0.27244444444444443,0.3231111111111111,0,1,1
flow,,,1,registered,during_vibration,flow_dump_baseline.wave,2044,204400,204.4,0.2044,158683.45183699526,1254.5939162015716,0.007906268118558013,7.906268118558013e+17,107,0.0006742984146192752,6.742984146192752e+26,877.6034199672442,28.38220008018269,102.58391062637371,70.63078527321838,0.0,175.39360025455213,0.005530528922881931,0.00017886049081751638,0.0006464688626243851,0.000445104920869585,0.0,0.0011053049213645924,5461,3665,4374,0.2714814814814815,0.324,0,1,1
flow,,,1,registered,during_vibration,flow_dump_baseline.wave,2045,204500,204.5,0.2045,158683.45183699526,1279.8227805926595,0.00806525674717068,8.065256747170679e+17,111,0.00069950583198822,6.995058319882199e+26,939.6815783118549,23.2016113431769,102.06343448368283,73.09965226336496,0.0,141.77650419058043,0.0059217364346039435,0.0001462131751898764,0.0006431888977845382,0.0004606633610318439,0.0,0.0008934548785604803,5460,3659,4381,0.271037037037037,0.32451851851851854,0,1,1
flow,,,1,registered,during_vibration,flow_dump_baseline.wave,2046,204600,204.6,0.2046,158683.4518369953,1297.5030836651695,0.008176675441860227,8.176675441860227e+17,110,0.0006932039776459837,6.932039776459836e+26,946.0965697359312,16.216952940255744,89.58969500518982,61.35802415031203,0.0,184.24184183348052,0.005962162776165166,0.00010219687530439102,0.0005645812084880736,0.00038666933092267844,0.0,0.0011610652509799172,5443,3661,4396,0.2711851851851852,0.3256296296296296,0,1,1
flow,,,1,registered,during_vibration,flow_dump_baseline.wave,2047,204700,204.70000000000002,0.2047,158683.45183699526,1268.9992545943267,0.007997048462859778,7.997048462859779e+17,111,0.00069950583198822,6.995058319882199e+26,921.5838284826955,26.550732435546646,94.82584751972907,78.18543029610775,0.0,147.85341586024765,0.005807687051258351,0.00016731884848850156,0.0005975786789484339,0.0004927131934111337,0.0,0.0009317506907533587,5440,3673,4387,0.2720740740740741,0.32496296296296295,0,1,1
flow,,,1,registered,during_vibration,flow_dump_baseline.wave,2048,204800,204.8,0.20479999999999998,158683.45183699526,1296.5398299008864,0.008170605156943105,8.170605156943105e+17,105,0.0006616947059348027,6.616947059348027e+26,899.3948591694128,16.129091637578966,89.02714544969884,74.00982475464296,0.0,217.9789088895524,0.005667855398641694,0.00010164318617260285,0.0005610361031290798,0.00046639913549818813,0.0,0.0013736713335015384,5448,3678,4374,0.27244444444444443,0.324,0,1,1
flow,,,1,registered,during_vibration,flow_dump_baseline.wave,2049,204900,204.9,0.2049,158683.45183699526,1253.564966736301,0.007899783828902355,7.899783828902355e+17,100,0.0006301854342236216,6.301854342236216e+26,901.9408033220446,25.186121223825168,102.08543065903436,60.1491059712538,0.0,164.2035055601428,0.005683899567855048,0.00015871926739845034,0.0006433275144776898,0.0003790509046465721,0.0,0.0010347865745245946,5451,3677,4372,0.2723703703703704,0.32385185185185184,0,1,1
flow,,,1,registered,during_vibration,flow_dump_baseline.wave,2050,205000,205.0,0.205,158683.4518369953,1211.459673012302,0.007634442400816639,7.63444240081664e+17,104,0.0006553928515925663,6.553928515925663e+26,877.0124429936488,18.380794356407687,81.3506607542326,58.22329527367167,0.0,176.49247963434053,0.005526804672074717,0.0001158330887286787,0.0005126600147178459,0.0003669147261396891,0.0,0.0011122298991557056,5451,3678,4371,0.27244444444444443,0.3237777777777778,0,1,1
flow,,,1,registered,during_vibration,flow_dump_baseline.wave,2051,205100,205.1,0.2051,158683.45183699526,1244.8005255769804,0.007844551597325217,7.844551597325217e+17,105,0.0006616947059348027,6.616947059348027e+26,899.096755509604,22.326483744081507,80.00290677200442,74.24037228266558,0.0,169.1340072686252,0.005665976792798692,0.00014069824852950633,0.0005041666654326752,0.00046785201243874924,0.0,0.0010658578781255973,5452,3690,4358,0.2733333333333333,0.32281481481481483,0,1,1
flow,,,1,registered,during_vibration,flow_dump_baseline.wave,2052,205200,205.20000000000002,0.2052,158683.45183699526,1279.038710532989,0.008060315651860528,8.060315651860527e+17,100,0.0006301854342236216,6.301854342236216e+26,836.9953477874785,10.041940190345052,88.73152974313788,72.3118449011672,0.0,270.9580479108607,0.0052746227668860335,6.328284439300235e-05,0.0005591731760050554,0.00045569871378553235,0.0,0.0017075381507909062,5451,3685,4364,0.27296296296296296,0.32325925925925925,0,1,1
flow,,,1,registered,during_vibration,flow_dump_baseline.wave,2053,205300,205.3,0.20529999999999998,158683.45183699526,1607.2737064367593,0.010128804786070589,1.0128804786070588e+18,104,0.0006553928515925665,6.553928515925665e+26,1071.1873280391108,16.718138130504194,203.73960119071828,91.7958476140883,0.0,223.8327914623379,0.00675046651455168,0.0001053552713718227,0.0012839372904492029,0.0005784840608860964,0.0,0.0014105616488117876,5441,3676,4383,0.2722962962962963,0.32466666666666666,0,1,1
flow,,,1,registered,during_vibration,flow_dump_baseline.wave,2054,205400,205.4,0.2054,158683.45183699526,1243.2681736004724,0.007834894938368227,7.834894938368227e+17,104,0.0006553928515925665,6.553928515925665e+26,913.1606957877594,8.48619249696863,79.38617425574002,79.40151008819174,0.0,162.8336009718122,0.005754605695909536,5.347874903607416e-05,0.0005002801069470561,0.0005003767511293838,0.0,0.001026153635346174,5457,3688,4355,0.2731851851851852,0.3225925925925926,0,1,1
flow,,,1,registered,during_vibration,flow_dump_baseline.wave,2055,205500,205.5,0.2055,158683.45183699526,1272.2575474603454,0.008017581749905777,8.017581749905778e+17,110,0.0006932039776459838,6.932039776459838e+26,822.9692289595977,19.494181243933532,71.60990230645191,75.71807847126054,0.0,282.46615647910073,0.005186232209045831,0.00012284949072042232,0.0004512751737970252,0.0004771643015998958,0.0,0.0017800605747425955,5448,3690,4362,0.2733333333333333,0.3231111111111111,0,1,1
flow,,,1,registered,during_vibration,flow_dump_baseline.wave,2056,205600,205.6,0.20559999999999998,158683.45183699526,1289.9933316397144,0.008129350078449497,8.129350078449498e+17,111,0.00069950583198822,6.995058319882199e+26,919.8426295097986,18.307894815934183,112.30845036992226,64.81296506584158,0.0,174.72139187821733,0.0057967142689503036,0.00011537368644299874,0.0007077514956335151,0.0004084418653333779,0.0,0.0011010687620892994,5435,3690,4375,0.2733333333333333,0.32407407407407407,0,1,1
flow,,,1,registered,during_vibration,flow_dump_baseline.wave,2057,205700,205.70000000000002,0.2057,158683.4518369953,1272.6517331373539,0.008020065850626078,8.020065850626079e+17,103,0.0006490909972503301,6.490909972503302e+26,916.1011398381979,21.057605586753162,99.98805625517697,63.722331169347555,0.0,171.78260028787918,0.005773135946016894,0.000132701963203978,0.0006301101664834459,0.00040156884937696697,0.0,0.0010825489255447995,5440,3691,4369,0.27340740740740743,0.32362962962962966,0,1,1
flow,,,1,registered,during_vibration,flow_dump_baseline.wave,2058,205800,205.8,0.20579999999999998,158683.45183699526,1323.343986490021,0.008339521047534323,8.339521047534323e+17,109,0.0006869021233037475,6.869021233037475e+26,988.2685541770051,32.77442328032891,97.84112977568955,58.09131185687372,0.0,146.36856740012308,0.006227924479435866,0.00020653964166342847,0.0006165805485262263,0.00036608298587143787,0.0,0.0009223933920373599,5447,3694,4359,0.2736296296296296,0.3228888888888889,0,1,1
flow,,,1,registered,during_vibration,flow_dump_baseline.wave,2059,205900,205.9,0.2059,158683.45183699526,1305.3414022338834,0.008226071383768309,8.226071383768308e+17,113,0.0007121095406726924,7.121095406726925e+26,934.828225280384,29.094279170365017,106.62338592837874,69.03797466700941,0.0,165.75753718774627,0.0058911513107281635,0.00018334790952399748,0.0006719250475966813,0.0004350672604344871,0.0,0.0010445798554849799,5444,3695,4361,0.2737037037037037,0.323037037037037,0,1,1
flow,,,1,registered,during_vibration,flow_dump_baseline.wave,2060,206000,206.0,0.206,158683.45183699526,1291.1012734890166,0.008136332166603468,8.136332166603469e+17,110,0.0006932039776459838,6.932039776459838e+26,948.2199247509235,25.263880669636706,94.85376999981585,81.09040515862517,0.0,141.67329291001536,0.005975543850186505,0.00015920929609968768,0.0005977546423508148,0.0005110199218625761,0.0,0.0008928044561038836,5472,3697,4331,0.27385185185185185,0.32081481481481483,0,1,1
flow,,,1,registered,during_vibration,flow_dump_baseline.wave,2061,206100,206.1,0.20609999999999998,158683.4518369953,1298.2998369740249,0.008181696465159328,8.181696465159328e+17,110,0.0006932039776459837,6.932039776459836e+26,967.6950159507089,20.62849724314533,86.67910067263102,71.10159170732261,0.0,152.19563140021722,0.0060982730382293186,0.00012999778492552317,0.0005462390669549498,0.00044807187444069745,0.0,0.0009591147006088413,5476,3667,4357,0.2716296296296296,0.3227407407407407,0,1,1
flow,,,1,registered,during_vibration,flow_dump_baseline.wave,2062,206200,206.20000000000002,0.2062,158683.45183699526,1322.50519498479,0.008334235105644853,8.334235105644852e+17,112,0.0007058076863304561,7.058076863304562e+26,950.2874208558266,18.459702536127956,108.46169936708115,60.07736074386966,0.0,185.21901148188437,0.005988572909492745,0.00011633035658368685,0.0006835098311227594,0.0003785987766738466,0.0,0.0011672232317718125,5469,3672,4359,0.272,0.3228888888888889,0,1,1
flow,,,1,registered,during_vibration,flow_dump_baseline.wave,2063,206300,206.3,0.20629999999999998,158683.45183699526,1323.946402528885,0.008343317385664671,8.343317385664672e+17,108,0.0006806002689615113,6.806002689615113e+26,900.3387411223989,18.291071592680943,131.4909898617968,70.63848891081655,0.0,203.18711104119097,0.005673803605225678,0.0001152676689404899,0.0008286370654255025,0.0004451534680716341,0.0,0.0012804555780013616,5457,3665,4378,0.2714814814814815,0.3242962962962963,0,1,1
flow,,,1,registered,during_vibration,flow_dump_baseline.wave,2064,206400,206.4,0.2064,158683.45183699526,1283.9700998066558,0.00809139254876804,8.091392548768041e+17,108,0.0006806002689615113,6.806002689615113e+26,826.5641201451207,23.273104735529056,112.08889309763596,72.10847825399482,0.0,249.93550357437437,0.005208886689673186,0.00014666371613491203,0.0007063678776837882,0.000454417126796983,0.0,0.0015750571384791664,5442,3658,4400,0.27096296296296296,0.32592592592592595,0,1,1
flow,,,1,registered,during_vibration,flow_dump_baseline.wave,2065,206500,206.5,0.2065,158683.4518369953,1340.8502760205224,0.008449843134228556,8.449843134228556e+17,110,0.0006932039776459837,6.932039776459836e+26,934.6174128076004,27.645688769986158,103.66256782817554,96.1818174110088,0.0,178.74278920375102,0.005889822801231154,0.00017421910381924824,0.0006532664031953442,0.0006061238036957366,0.0,0.0011264110222870707,5448,3679,4373,0.2725185185185185,0.32392592592592595,0,1,1
flow,,,1,registered,during_vibration,flow_dump_baseline.wave,2066,206600,206.6,0.20659999999999998,158683.45183699526,1332.4934475239336,0.008397179618280006,8.397179618280006e+17,110,0.0006932039776459838,6.932039776459838e+26,903.1976963676689,25.346684455487527,85.31601753054215,73.00834980049328,0.0,245.62469936974145,0.0056918203247523416,0.00015973111349710527,0.0005376491155371482,0.0004600879862097391,0.0,0.0015478910782836704,5444,3679,4377,0.2725185185185185,0.32422222222222224,0,1,1
flow,,,1,registered,during_vibration,flow_dump_baseline.wave,2067,206700,206.70000000000002,0.2067,158683.45183699526,1277.630161549503,0.008051439181332694,8.051439181332694e+17,104,0.0006553928515925665,6.553928515925665e+26,898.6742657255601,14.662614294466485,117.88656215724681,68.18855278948178,0.0,178.2181665827482,0.005663314323718564,9.240165956011842e-05,0.0007429039436219454,0.0004297143274871992,0.0,0.0011231049269448692,5446,3683,4371,0.2728148148148148,0.3237777777777778,0,1,1
flow,,,1,registered,during_vibration,flow_dump_baseline.wave,2068,206800,206.8,0.20679999999999998,158683.45183699526,1261.524693374003,0.007949944866777171,7.949944866777171e+17,104,0.0006553928515925665,6.553928515925665e+26,868.6023741656124,16.378321679516255,114.38212747109606,68.78287328188823,0.0,193.37899677588928,0.0054738056433122515,0.00010321379759460106,0.000720819506677943,0.00043345964866295074,0.0,0.001218646270529421,5441,3660,4399,0.27111111111111114,0.32585185185185184,0,1,1
flow,,,1,registered,during_vibration,flow_dump_baseline.wave,2069,206900,206.9,0.2069,158683.4518369953,1289.077424378086,0.008123578164295717,8.123578164295717e+17,110,0.0006932039776459837,6.932039776459836e+26,905.9392058231887,27.40905219753581,91.67011069000614,86.23550111625326,0.0,177.82355455110147,0.0057090969180188895,0.00017272785460762012,0.0005776916851050896,0.0005434435671643766,0.0,0.0011206181393997373,5419,3668,4413,0.2717037037037037,0.3268888888888889,0,1,1
flow,,,1,registered,during_vibration,flow_dump_baseline.wave,2070,207000,207.0,0.207,158683.45183699526,1374.0633867835325,0.008659147320509606,8.659147320509605e+17,107,0.0006742984146192752,6.742984146192752e+26,990.0407036005035,27.709903464026468,100.94280149690321,74.28839348752177,0.0,181.08158473457772,0.006239092306975432,0.00017462377546772156,0.0006361268319307479,0.0004681546350770917,0.0,0.0011411497710586138,5415,3676,4409,0.2722962962962963,0.3265925925925926,0,1,1
flow,,,1,registered,during_vibration,flow_dump_baseline.wave,2071,207100,207.1,0.20709999999999998,158683.45183699526,1321.5881339379857,0.008328455920504954,8.328455920504954e+17,114,0.0007184113950149286,7.184113950149286e+26,951.4557141030452,32.36580882159783,104.11441044740845,80.90508803685881,0.0,152.747112529075,0.005995935323365735,0.0002039646128623735,0.0006561138495673645,0.0005098520803540821,0.0,0.0009625900543553952,5414,3651,4435,0.27044444444444443,0.32851851851851854,0,1,1
flow,,,1,registered,during_vibration,flow_dump_baseline.wave,2072,207200,207.20000000000002,0.2072,158683.45183699526,3219.285518960841,0.020287468426561546,2.0287468426561546e+18,108,0.0006806002689615113,6.806002689615113e+26,2206.8222211641305,41.84174832825228,373.2189858623116,185.98706401560946,0.0,411.41549959053793,0.013907072196986546,0.00026368060338915155,0.0023519716866614053,0.0011720633869665336,0.0,0.0025926805525579135,5413,3643,4444,0.26985185185185184,0.3291851851851852,0,1,1
flow,,,1,registered,during_vibration,flow_dump_baseline.wave,2073,207300,207.3,0.20729999999999998,158683.4518369953,1254.3332443757945,0.00790462540268084,7.90462540268084e+17,105,0.0006616947059348026,6.616947059348026e+26,861.2436751061389,16.387761022813596,118.37338933246383,59.0735987328443,0.0,199.25482018153352,0.005427432193691097,0.00010327328296114726,0.0007459718575700052,0.00037227321468609464,0.0,0.0012556748537724933,5416,3650,4434,0.27037037037037037,0.32844444444444443,0,1,1
flow,,,1,registered,during_vibration,flow_dump_baseline.wave,2074,207400,207.4,0.2074,158683.45183699526,1265.0699429234041,0.007972286513044376,7.972286513044376e+17,104,0.0006553928515925665,6.553928515925665e+26,896.6216795940239,16.65353108185447,99.71703309122555,84.120452834594,0.0,167.95724632170655,0.005650379224892729,0.00010494812716175038,0.0006284022179808521,0.000530114840966563,0.0,0.0010584421020424842,5400,3654,4446,0.27066666666666667,0.3293333333333333,0,1,1
flow,,,1,registered,during_vibration,flow_dump_baseline.wave,2075,207500,207.5,0.2075,158683.45183699526,1329.4369632388866,0.008377918099516306,8.377918099516306e+17,109,0.0006869021233037475,6.869021233037475e+26,886.1377541370838,7.0822483554386295,89.0288533617089,91.72004146548032,0.0,255.46806591917579,0.00558431105372823,4.463129755151623e-05,0.0005610468661417966,0.0005780063415793229,0.0,0.0016099225405154457,5398,3656,4446,0.27081481481481484,0.3293333333333333,0,1,1
flow,,,1,registered,during_vibration,flow_dump_baseline.wave,2076,207600,207.6,0.20759999999999998,158683.45183699526,1274.9264255020946,0.008034400630582073,8.034400630582074e+17,105,0.0006616947059348027,6.616947059348027e+26,964.1803905163379,9.630876370131167,73.98434584933412,54.02796641622467,0.0,173.10284635006687,0.006076124380674394,6.069238007265126e-05,0.00046623857114813216,0.0003404763747622779,0.0,0.0010908689239246174,5393,3647,4460,0.27014814814814814,0.33037037037037037,0,1,1
flow,,,1,registered,during_vibration,flow_dump_baseline.wave,2077,207700,207.70000000000002,0.2077,158683.45183699526,1260.6754288232153,0.007944592925280082,7.944592925280082e+17,105,0.0006616947059348027,6.616947059348027e+26,909.2093838506813,25.446741028774127,80.60577380867429,75.43158534402103,0.0,169.98194479106385,0.00572970510362133,0.00016036165544794072,0.0005079658456855042,0.00047535886364198063,0.0,0.0010712014568833225,5402,3635,4463,0.26925925925925925,0.3305925925925926,0,1,1
flow,,,1,registered,during_vibration,flow_dump_baseline.wave,2078,207800,207.8,0.20779999999999998,158683.45183699526,1229.3170326392485,0.0077469768801225886,7.746976880122588e+17,102,0.000642789142908094,6.42789142908094e+26,881.5577797182935,16.742057308814502,95.54070291517294,69.00473675244646,0.0,166.47175594452028,0.005555448722049845,0.00010550600654952025,0.0006020835935262829,0.00043485779993827174,0.0,0.0010490807580586627,5404,3642,4454,0.2697777777777778,0.3299259259259259,0,1,1
flow,,,1,registered,during_vibration,flow_dump_baseline.wave,2079,207900,207.9,0.2079,158683.45183699526,1212.931036778794,0.007643714720957518,7.643714720957518e+17,97,0.000611279871196913,6.112798711969129e+26,907.0508246315648,16.878179927693104,92.98745458826033,58.23279308208504,0.0,137.78178454919114,0.005716102177833367,0.00010636383146637693,0.0005859933944705213,0.0003669745799448807,0.0,0.000868280737242375,5426,3648,4426,0.2702222222222222,0.32785185185185184,0,1,1
flow,,,1,registered,during_vibration,flow_dump_baseline.wave,2080,208000,208.0,0.208,158683.4518369953,1307.217877882348,0.008237896659981684,8.237896659981683e+17,106,0.0006679965602770388,6.679965602770388e+26,912.0601403904063,18.036524733862514,96.49297624968708,61.47926544571253,0.0,219.1489710626799,0.005747670156099854,0.00011366355171294237,0.0006080846813743864,0.0003874333759065564,0.0,0.001381044894887948,5408,3673,4419,0.2720740740740741,0.3273333333333333,0,1,1
flow,,,1,registered,during_vibration,flow_dump_baseline.wave,2081,208100,208.1,0.20809999999999998,158683.45183699526,1261.4602247825403,0.007949538595104125,7.949538595104124e+17,100,0.0006301854342236216,6.301854342236216e+26,924.4523892888129,17.731713117788004,86.24159138813305,63.44011378616253,0.0,169.5944172016438,0.005825764303630351,0.0001117426733066192,0.0005434819471706677,0.00039979035653528797,0.0,0.0010687593144611993,5402,3673,4425,0.2720740740740741,0.3277777777777778,0,1,1
flow,,,1,registered,during_vibration,flow_dump_baseline.wave,2082,208200,208.20000000000002,0.2082,158683.45183699526,1225.7761866588564,0.007724662984505865,7.724662984505865e+17,101,0.0006364872885658578,6.364872885658577e+26,872.463897865649,18.200044066513026,95.98797144030276,68.30593763941192,0.0,170.81833564697985,0.005498140403208974,0.0001146940267294456,0.0006049022146235178,0.0004304540697134442,0.0,0.0010764722702304834,5401,3670,4429,0.27185185185185184,0.3280740740740741,0,1,1
flow,,,1,registered,during_vibration,flow_dump_baseline.wave,2083,208300,208.3,0.20829999999999999,158683.45183699526,1273.2678651399453,0.008023948624762002,8.023948624762002e+17,109,0.0006869021233037475,6.869021233037475e+26,858.0336189640987,9.05201925404064,83.38450306758881,67.79579763729257,0.0,255.00192621692477,0.00540720288745356,5.7044506842081845e-05,0.0005254769927316936,0.00042723924172593993,0.0,0.0016069849960087266,5404,3662,4434,0.27125925925925926,0.32844444444444443,0,1,1
flow,,,1,registered,during_vibration,flow_dump_baseline.wave,2084,208400,208.4,0.2084,158683.4518369953,1253.0385574201628,0.007896466474067654,7.896466474067654e+17,110,0.0006932039776459837,6.932039776459836e+26,922.0878570403028,12.664874268868061,91.29259436441322,51.80708874567931,0.0,175.18614300089922,0.005810863365812718,7.98121929051419e-05,0.0005753126322093869,0.00032648072717057606,0.0,0.0011039975559698312,5390,3670,4440,0.27185185185185184,0.3288888888888889,0,1,1
flow,,,1,registered,during_vibration,flow_dump_baseline.wave,2085,208500,208.5,0.2085,158683.45183699526,1379.9091223319244,0.008695986294458804,8.695986294458804e+17,117,0.0007373169580416372,7.373169580416372e+26,925.5368857674589,8.168851773426203,104.27519155943568,96.88011018356657,0.0,245.04808304803709,0.005832598642473446,5.1478914019449934e-05,0.000657127068716343,0.0006105243430366321,0.0,0.0015442573262129335,5399,3675,4426,0.2722222222222222,0.32785185185185184,0,1,1
flow,,,1,registered,during_vibration,flow_dump_baseline.wave,2086,208600,208.6,0.20859999999999998,158683.45183699526,1326.8451858831572,0.008361585096132993,8.361585096132993e+17,106,0.0006679965602770389,6.679965602770389e+26,950.6512805075959,8.0968693823204,86.17401011823804,65.68878562868761,0.0,216.23424024631547,0.005990865900019212,5.102529147549528e-05,0.0005430560598515261,0.00041396115895036894,0.0,0.0013626766858363922,5406,3666,4428,0.27155555555555555,0.328,0,1,1
flow,,,1,registered,during_vibration,flow_dump_baseline.wave,2087,208700,208.70000000000002,0.2087,158683.45183699526,1316.7148989346983,0.00829774550333875,8.29774550333875e+17,107,0.0006742984146192752,6.742984146192752e+26,951.6572309843953,30.837246648772986,90.89042475539348,92.05151325073398,0.0,151.2784832954022,0.005997205253399505,0.00019433183669617925,0.0005727782179124704,0.0005800952284885525,0.0,0.0009533349668420392,5409,3658,4433,0.27096296296296296,0.32837037037037037,0,1,1
flow,,,1,registered,during_vibration,flow_dump_baseline.wave,2088,208800,208.8,0.20879999999999999,158683.4518369953,1289.7217222630466,0.00812763843571975,8.127638435719749e+17,112,0.000705807686330456,7.058076863304561e+26,909.4798362172749,25.629720691382097,96.53963106170539,77.21335131098787,0.0,180.8591829816963,0.005731409455042115,0.00016151476662928764,0.0006083786932040903,0.0004865872932377593,0.0,0.001139748227606497,5405,3667,4428,0.2716296296296296,0.328,0,1,1
flow,,,1,registered,during_vibration,flow_dump_baseline.wave,2089,208900,208.9,0.2089,158683.45183699526,1243.6518007357083,0.007837312500696213,7.837312500696212e+17,106,0.0006679965602770389,6.679965602770389e+26,837.7833034941958,18.634659398327596,83.59490529946926,76.99352830966852,0.0,226.64540423404816,0.0052795883489778995,0.00011743290924544368,0.0005268029169502856,0.0004852020007023716,0.0,0.0014282863248202189,5418,3651,4431,0.27044444444444443,0.32822222222222225,0,1,1
flow,,,1,registered,during_vibration,flow_dump_baseline.wave,2090,209000,209.0,0.209,158683.45183699526,1280.7173047060812,0.00807089390783908,8.070893907839081e+17,109,0.0006869021233037475,6.869021233037475e+26,864.6495019214625,8.520827148861551,102.87680542384885,73.27590538732761,0.0,231.39426482458006,0.00544889521819615,5.3697011567497405e-05,0.0006483146429756721,0.00046177408254642063,0.0,0.0014582129525533367,5423,3652,4425,0.2705185185185185,0.3277777777777778,0,1,1
flow,,,1,registered,during_vibration,flow_dump_baseline.wave,2091,209100,209.1,0.20909999999999998,158683.45183699526,1318.0392490277686,0.008306091364723404,8.306091364723404e+17,111,0.00069950583198822,6.995058319882199e+26,932.865345965822,0.0,93.92673100692761,72.02598003335883,0.0,219.22119202166016,0.005878781531196405,0.0,0.0005919125776480598,0.0004538972350270414,0.0,0.0013815000208518985,5429,3648,4423,0.2702222222222222,0.3276296296296296,0,1,1
flow,,,1,registered,during_vibration,flow_dump_baseline.wave,2092,209200,209.20000000000002,0.2092,158683.4518369953,1272.7718154357804,0.008020822591779843,8.020822591779843e+17,104,0.0006553928515925663,6.553928515925663e+26,856.2016358790179,9.438513940247667,95.63161464594259,72.18220405309927,0.0,239.31784691747288,0.00539565799689394,5.94801400586068e-05,0.0006026565060115938,0.0004548817360442041,0.0,0.0015081462127714983,5418,3639,4443,0.26955555555555555,0.32911111111111113,0,1,1
flow,,,1,registered,during_vibration,flow_dump_baseline.wave,2093,209300,209.3,0.20929999999999999,158683.45183699526,1223.8002778404664,0.00771221109493883,7.71221109493883e+17,101,0.0006364872885658578,6.364872885658577e+26,856.6737336963506,26.166238908032696,117.47560343786085,69.36677261898997,0.0,154.11792917923185,0.005398633088574059,0.00016489582628257608,0.0007403141416317032,0.00043713929723589417,0.0,0.0009712287412145959,5410,3650,4440,0.27037037037037037,0.3288888888888889,0,1,1
flow,,,1,registered,during_vibration,flow_dump_baseline.wave,2094,209400,209.4,0.2094,158683.45183699526,1276.2158758107905,0.008042526558609025,8.042526558609025e+17,102,0.000642789142908094,6.42789142908094e+26,809.1041903527047,33.772943543483926,98.05613191548044,89.23603959110537,0.0,246.04657040801627,0.00509885675529571,0.00021283217091960276,0.0006179354606944575,0.0005623525235811703,0.0,0.0015505496481180861,5393,3656,4451,0.27081481481481484,0.3297037037037037,0,1,1
flow,,,1,registered,during_vibration,flow_dump_baseline.wave,2095,209500,209.5,0.2095,158683.45183699526,1281.0512504695912,0.008072998385398928,8.072998385398927e+17,105,0.0006616947059348027,6.616947059348027e+26,875.7733044324684,24.268556657443746,85.32957890225157,64.66619972978992,0.0,231.0136107476372,0.0055189958013523105,0.0001529369091515175,0.0005377345773263419,0.00040751697156309107,0.0,0.0014558141260056644,5403,3638,4459,0.2694814814814815,0.3302962962962963,0,1,1
flow,,,1,registered,during_vibration,flow_dump_baseline.wave,2096,209600,209.6,0.20959999999999998,158683.45183699526,1321.1486019214956,0.008325686053758283,8.325686053758284e+17,111,0.00069950583198822,6.995058319882199e+26,841.8036218552492,42.36872163399716,102.50484428099101,56.57933613305336,0.0,277.89207801820476,0.005304923809698676,0.0002670015124042025,0.0006459705980324103,0.00035655473509092474,0.0,0.001751235398532069,5396,3656,4448,0.27081481481481484,0.3294814814814815,0,1,1
flow,,,1,registered,during_vibration,flow_dump_baseline.wave,2097,209700,209.70000000000002,0.2097,158683.45183699526,1313.2770868229672,0.008276080912154643,8.276080912154643e+17,110,0.0006932039776459838,6.932039776459838e+26,878.2739328291094,28.27767735143636,100.35161970110498,77.2874405296871,0.0,229.0864164116293,0.005534754397272002,0.0001782018038055039,0.0006324012903638458,0.00048705419270233196,0.0,0.00144366922801096,5381,3663,4456,0.2713333333333333,0.3300740740740741,0,1,1
flow,,,1,registered,during_vibration,flow_dump_baseline.wave,2098,209800,209.8,0.2098,158683.45183699526,1256.5525270334097,0.007918610998733382,7.918610998733382e+17,106,0.0006679965602770389,6.679965602770389e+26,860.9141376926452,23.38544835400614,96.5189703772134,56.667209423422086,0.0,219.06676118612253,0.005425355496910944,0.00014737168925483437,0.000608248492579811,0.0003571084997674015,0.0,0.0013805268202203905,5381,3654,4465,0.27066666666666667,0.3307407407407407,0,1,1
flow,,,1,registered,during_vibration,flow_dump_baseline.wave,2099,209900,209.9,0.2099,158683.4518369953,1283.413312705545,0.008087883757557203,8.087883757557203e+17,103,0.0006490909972503301,6.490909972503302e+26,896.8366192860328,26.860122359935268,94.08846140272964,78.15774852263054,0.0,187.47036113421655,0.005651733743524133,0.00016926857872695412,0.0005929317790451163,0.0004925387469067454,0.0,0.001181410909354254,5377,3644,4479,0.2699259259259259,0.3317777777777778,0,1,1
flow,,,1,registered,during_vibration,flow_dump_baseline.wave,2100,210000,210.0,0.21,158683.45183699526,1225.0415205735355,0.0077200332258459915,7.720033225845992e+17,101,0.0006364872885658578,6.364872885658577e+26,917.2174033723918,23.039637781650853,104.39698082956838,70.58769144212081,0.0,109.79980714780362,0.005780170476216934,0.000145192441397846,0.0006578945669571664,0.00044483334982295923,0.0,0.0006919423914510854,5373,3643,4484,0.26985185185185184,0.33214814814814814,0,1,1
flow,,,1,registered,during_vibration,flow_dump_baseline.wave,2101,210100,210.1,0.21009999999999998,158683.45183699526,1224.438695443563,0.0077162343096830645,7.716234309683064e+17,103,0.0006490909972503302,6.490909972503302e+26,843.8164817094244,15.12677473050875,114.97930782154577,75.22367642774634,0.0,175.29245475433706,0.0053176085593110226,9.532673101948563e-05,0.0007245828502625227,0.0004740486519351654,0.0,0.0011046675171548644,5384,3643,4473,0.26985185185185184,0.3313333333333333,0,1,1
flow,,,1,registered,during_vibration,flow_dump_baseline.wave,2102,210200,210.20000000000002,0.2102,158683.45183699526,1300.4465147864016,0.008195224516052639,8.195224516052639e+17,108,0.0006806002689615113,6.806002689615113e+26,959.0053152634464,19.74346388931765,82.32227470972003,86.67877560556143,0.0,152.6966853183554,0.0060435118102205605,0.00012442043364168035,0.0005187829843422119,0.0005462370184296259,0.0,0.0009622722694185551,5367,3644,4489,0.2699259259259259,0.3325185185185185,0,1,1
flow,,,1,registered,during_vibration,flow_dump_baseline.wave,2103,210300,210.3,0.2103,158683.4518369953,1257.81827894272,0.007926587582899262,7.926587582899263e+17,106,0.0006679965602770388,6.679965602770388e+26,864.2832098680504,24.361980243590722,100.29870831338988,63.14555222776325,0.0,205.72882828992581,0.005446586899028828,0.00015352565098354507,0.0006320678505054196,0.0003979340724994335,0.0,0.0012964731098820375,5358,3653,4489,0.2705925925925926,0.3325185185185185,0,1,1
flow,,,1,registered,during_vibration,flow_dump_baseline.wave,2104,210400,210.4,0.2104,158683.45183699526,4368.832277175863,0.027531744656422448,2.7531744656422446e+18,114,0.0007184113950149286,7.184113950149286e+26,2961.908543905791,58.39266411437706,355.7325561152232,259.28754167190186,0.0,733.5109713685702,0.018665516218719255,0.000367982063903928,0.0022417747534295078,0.0016339923203728287,0.0,0.004622479299996929,5370,3634,4496,0.2691851851851852,0.333037037037037,0,1,1
flow,,,1,registered,during_vibration,flow_dump_baseline.wave,2105,210500,210.5,0.2105,158683.45183699526,1278.0046897618947,0.008053799403574244,8.053799403574244e+17,102,0.000642789142908094,6.42789142908094e+26,925.6987103997504,19.15793069241394,94.9068397871706,60.7636531684589,0.0,177.47755571410147,0.0058336184377351325,0.00012073048872224928,0.0005980890804206979,0.0003829236915697881,0.0,0.0011184377051263804,5382,3628,4490,0.2687407407407407,0.3325925925925926,0,1,1
flow,,,1,registered,during_vibration,flow_dump_baseline.wave,2106,210600,210.6,0.21059999999999998,158683.45183699526,1203.0723215998435,0.007581586533898179,7.581586533898179e+17,97,0.000611279871196913,6.112798711969129e+26,877.9089223904869,17.481317959412863,87.47685426460997,65.34077657035598,0.0,154.86445041497782,0.0055324541546544065,0.00011016471949053789,0.0005512663938925969,0.00041176805655498424,0.0,0.0009759332093056531,5384,3611,4505,0.2674814814814815,0.3337037037037037,0,1,1
flow,,,1,registered,during_vibration,flow_dump_baseline.wave,2107,210700,210.70000000000002,0.2107,158683.4518369953,1229.3713976848524,0.007747319480721292,7.747319480721292e+17,102,0.0006427891429080939,6.427891429080939e+26,860.38681363079,15.456918786247137,99.22964164972262,60.134057965614495,0.0,194.16396565247766,0.005422032377481975,9.740725077070405e-05,0.0006253307481088481,0.000378956074306892,0.0,0.0012235930300528695,5384,3619,4497,0.2680740740740741,0.33311111111111114,0,1,1
flow,,,1,registered,during_vibration,flow_dump_baseline.wave,2108,210800,210.8,0.2108,158683.45183699526,1246.1891989381043,0.007853302814575963,7.853302814575963e+17,105,0.0006616947059348027,6.616947059348027e+26,890.2523679173024,12.300301113022119,119.38220259386964,74.50657154509975,0.0,149.74775576881,0.005610240750445725,7.75147059799114e-05,0.000752329251801901,0.0004695295614166201,0.0,0.0009436885449318037,5403,3613,4484,0.2676296296296296,0.33214814814814814,0,1,1
flow,,,1,registered,during_vibration,flow_dump_baseline.wave,2109,210900,210.9,0.2109,158683.45183699526,1295.458183839389,0.008163788781013696,8.163788781013696e+17,107,0.0006742984146192752,6.742984146192752e+26,935.3743526464101,18.884205064091773,113.6133953241501,72.27484555036298,0.0,155.31138525437333,0.005894592925841169,0.00011900550968282588,0.0007159750686596951,0.0004554655492660068,0.0,0.0009787497275639944,5402,3609,4489,0.2673333333333333,0.3325185185185185,0,1,1
flow,,,1,registered,during_vibration,flow_dump_baseline.wave,2110,211000,211.0,0.211,158683.45183699526,1258.7691143925213,0.007932579609407346,7.932579609407346e+17,106,0.0006679965602770389,6.679965602770389e+26,897.1643444986313,18.36678596251128,113.61768283303203,80.0407555186861,0.0,149.57954557966033,0.005653799020078208,0.00011574480987077489,0.0007160020879161601,0.0005044051827212993,0.0,0.0009426285088209024,5380,3611,4509,0.2674814814814815,0.334,0,1,1
flow,,,1,registered,during_vibration,flow_dump_baseline.wave,2111,211100,211.1,0.21109999999999998,158683.4518369953,1255.8466845886592,0.007914162882457996,7.914162882457997e+17,103,0.0006490909972503301,6.490909972503302e+26,918.2622213109173,25.108348000058378,96.8419009775554,67.5413969904233,0.0,148.09281730970474,0.005786754766679676,0.00015822915187054586,0.000610283554185817,0.0004256360459047991,0.0,0.0009332593638171573,5379,3600,4521,0.26666666666666666,0.3348888888888889,0,1,1
flow,,,1,registered,during_vibration,flow_dump_baseline.wave,2112,211200,211.20000000000002,0.2112,158683.45183699526,1250.1755481334828,0.00787842420656253,7.878424206562529e+17,104,0.0006553928515925665,6.553928515925665e+26,902.4773230242494,22.488004564166324,86.159875052522,67.6822004206296,0.0,171.3681450719153,0.005687280636870082,0.0001417161292109194,0.0005429669827262656,0.00042652336861284646,0.0,0.0010799370891424152,5393,3606,4501,0.26711111111111113,0.33340740740740743,0,1,1
flow,,,1,registered,during_vibration,flow_dump_baseline.wave,2113,211300,211.3,0.2113,158683.45183699526,1275.0039651839415,0.008034889274362815,8.034889274362816e+17,106,0.0006679965602770389,6.679965602770389e+26,884.3627896972981,20.09690652547447,137.16331530961554,79.1911691817777,0.0,154.18978446977601,0.0055731254863660516,0.00012664777765307664,0.0008643832341794159,0.0004990512133749486,0.0,0.0009716815627893242,5399,3604,4497,0.26696296296296296,0.33311111111111114,0,1,1
flow,,,1,registered,during_vibration,flow_dump_baseline.wave,2114,211400,211.4,0.21139999999999998,158683.45183699526,1233.5750975146502,0.007773810584747162,7.773810584747162e+17,101,0.0006364872885658578,6.364872885658577e+26,832.9667754480757,17.534234991280975,129.7845317038531,64.43881532083282,0.0,188.85074005060764,0.0052492352907959556,0.00011049819491759422,0.0008178832146730205,0.00040608402813814787,0.0,0.0011901098562224447,5383,3605,4512,0.267037037037037,0.3342222222222222,0,1,1
flow,,,1,registered,during_vibration,flow_dump_baseline.wave,2115,211500,211.5,0.2115,158683.45183699526,1311.6506742044621,0.00826583149673245,8.265831496732449e+17,106,0.0006679965602770389,6.679965602770389e+26,907.2223539782855,9.719302772659805,123.89329836363939,68.94657583337046,0.0,201.86914325650707,0.00571718313079182,6.124963038139469e-05,0.000780757520266868,0.0004344912782978442,0.0,0.0012721499369945238,5396,3604,4500,0.26696296296296296,0.3333333333333333,0,1,1
flow,,,1,registered,during_vibration,flow_dump_baseline.wave,2116,211600,211.6,0.21159999999999998,158683.45183699526,1320.7768754414683,0.008323343487625999,8.323343487626e+17,109,0.0006869021233037475,6.869021233037475e+26,918.0878047136257,6.719987192060676,122.19835599491041,72.95194622162705,0.0,200.8187813192447,0.005785655618688677,4.234838046605933e-05,0.0007700762403406532,0.00045973253907134336,0.0,0.0012655307090592672,5403,3598,4499,0.26651851851851854,0.33325925925925926,0,1,1
flow,,,1,registered,during_vibration,flow_dump_baseline.wave,2117,211700,211.70000000000002,0.2117,158683.45183699526,1225.7276936071528,0.007724357388357418,7.724357388357418e+17,100,0.0006301854342236216,6.301854342236216e+26,848.2321731211165,11.095246809471162,79.14101774441876,61.79482763992647,0.0,225.46442829221976,0.00534543560340777,6.992062928444836e-05,0.0004987351663216587,0.00038942200289040916,0.0,0.001420843986453131,5390,3587,4523,0.2657037037037037,0.335037037037037,0,1,1
flow,,,1,registered,during_vibration,flow_dump_baseline.wave,2118,211800,211.8,0.2118,158683.4518369953,1188.8421303914229,0.0074919099416405404,7.49190994164054e+17,100,0.0006301854342236215,6.301854342236214e+26,844.4042529307322,17.259033123420085,102.304573951936,70.48938809127826,0.0,154.38488229405564,0.005321312607934262,0.00010876391283162352,0.0006447085235896339,0.0004442138564245956,0.0,0.0009729110408604215,5376,3575,4549,0.26481481481481484,0.33696296296296296,0,1,1
flow,,,1,registered,during_vibration,flow_dump_baseline.wave,2119,211900,211.9,0.21189999999999998,158683.45183699526,1221.6724893517426,0.007698802081811806,7.698802081811805e+17,101,0.0006364872885658578,6.364872885658577e+26,905.4105213924652,17.805551026272802,88.60717303631824,62.31370220057547,0.0,147.53554169611115,0.005705765225743463,0.00011220798905082577,0.0005583894981521978,0.000392691874793511,0.0,0.0009297474940718103,5376,3586,4538,0.2656296296296296,0.33614814814814814,0,1,1
flow,,,1,registered,during_vibration,flow_dump_baseline.wave,2120,212000,212.0,0.212,158683.45183699526,1219.890049289663,0.007687569404166815,7.687569404166815e+17,99,0.0006238835798813854,6.238835798813854e+26,878.7263143135295,18.90753841385875,111.18522352494833,45.21486007586447,0.0,165.8561129614621,0.005537605239493942,0.00011915255305437381,0.0007006730836631999,0.00028493746230268943,0.0,0.0010452010656526102,5389,3594,4517,0.26622222222222225,0.3345925925925926,0,1,1
flow,,,1,registered,during_vibration,flow_dump_baseline.wave,2121,212100,212.1,0.21209999999999998,158683.45183699526,1186.1990075707936,0.007475253366616296,7.475253366616296e+17,97,0.000611279871196913,6.112798711969129e+26,856.5058331465343,25.181394343613164,94.52227729092645,42.68818955231277,0.0,167.30131323740696,0.005397575003765135,0.0001586894792878611,0.0005956656235838805,0.0002690147526924449,0.0,0.0010543085072869743,5363,3600,4537,0.26666666666666666,0.3360740740740741,0,1,1
flow,,,1,registered,during_vibration,flow_dump_baseline.wave,2122,212200,212.20000000000002,0.2122,158683.4518369953,1271.4126165337846,0.008012257118277338,8.012257118277338e+17,105,0.0006616947059348026,6.616947059348026e+26,897.9645761174385,29.983905403838904,118.77911572150356,78.80287871495115,0.0,145.88214057605273,0.0056588419631799815,0.0001889542044663821,0.000748528686176535,0.0004966042634105287,0.0,0.0009193280010439118,5327,3606,4567,0.26711111111111113,0.3382962962962963,0,1,1
flow,,,1,registered,during_vibration,flow_dump_baseline.wave,2123,212300,212.3,0.2123,158683.45183699526,1256.9946002669717,0.007921396879859892,7.921396879859892e+17,105,0.0006616947059348027,6.616947059348027e+26,889.1097059377458,16.78076758306525,121.02850678780543,52.71934904660389,0.0,177.35627091175064,0.0056030398610881485,0.00010574995305939646,0.000762704021035097,0.0003322296587092074,0.0,0.0011176733859680384,5349,3598,4553,0.26651851851851854,0.33725925925925926,0,1,1
flow,,,1,registered,during_vibration,flow_dump_baseline.wave,2124,212400,212.4,0.21239999999999998,158683.45183699526,1228.188980135165,0.007739868057551459,7.739868057551459e+17,102,0.000642789142908094,6.42789142908094e+26,902.5338484076038,15.339498039799535,100.89954606806766,59.10524204693065,0.0,150.31084557276304,0.005687636851602621,9.666728232983463e-05,0.0006358542425187153,0.00037247262624237246,0.0,0.0009472370548579141,5342,3590,4568,0.2659259259259259,0.3383703703703704,0,1,1
flow,,,1,registered,during_vibration,flow_dump_baseline.wave,2125,212500,212.5,0.2125,158683.45183699526,1210.7823744989803,0.007630174164239475,7.630174164239475e+17,97,0.000611279871196913,6.112798711969129e+26,885.67848795958,19.700554445198243,86.26197838237898,50.44843330260428,0.0,168.692920409219,0.005581416825173285,0.00012415002457493354,0.0005436104230388816,0.0003179186784670309,0.0,0.0010630782129853451,5330,3595,4575,0.2662962962962963,0.3388888888888889,0,1,1
flow,,,1,registered,during_vibration,flow_dump_baseline.wave,2126,212600,212.6,0.21259999999999998,158683.4518369953,1194.7755783773614,0.00752930166659516,7.529301666595159e+17,99,0.0006238835798813853,6.238835798813853e+26,870.9792430978288,8.570824362306706,92.48376086551701,77.51714476589137,0.0,145.22460528581746,0.005488784325113664,5.401208672414645e-05,0.0005828191899966941,0.0004885017553406858,0.0,0.0009151843094199691,5330,3588,4582,0.2657777777777778,0.3394074074074074,0,1,1
flow,,,1,registered,during_vibration,flow_dump_baseline.wave,2127,212700,212.70000000000002,0.2127,158683.45183699526,1230.9384972654627,0.0077571951140180785,7.757195114018079e+17,100,0.0006301854342236216,6.301854342236216e+26,839.1397594433342,18.07565552342507,118.18521106021561,71.03386052831839,0.0,184.50401071016913,0.00528813653679103,0.00011391014824906232,0.0007447859855079234,0.00044764504241618497,0.0,0.0011627174010538767,5329,3595,4576,0.2662962962962963,0.33896296296296297,0,1,1
flow,,,1,registered,during_vibration,flow_dump_baseline.wave,2128,212800,212.8,0.2128,158683.45183699526,1236.7213908032318,0.007793638066769758,7.793638066769759e+17,98,0.0006175817255391491,6.1758172553914915e+26,793.2304631629409,21.089820405426202,95.45387985254123,84.2165490914696,0.0,242.73067829085454,0.0049988228386774235,0.00013290497629891708,0.000601536447232031,0.0005307204255802271,0.0,0.0015296533789811637,5315,3591,4594,0.266,0.3402962962962963,0,1,1
flow,,,1,registered,during_vibration,flow_dump_baseline.wave,2129,212900,212.9,0.21289999999999998,158683.45183699526,1248.0152261672974,0.007864810172199296,7.864810172199296e+17,103,0.0006490909972503302,6.490909972503302e+26,915.8304694950315,7.481890953993566,98.59835272525726,52.68070080317918,0.0,173.42381218983616,0.005771430220939497,4.714978699656222e-05,0.0006213524572590004,0.0003319861031085616,0.0,0.001092891603895677,5316,3579,4605,0.26511111111111113,0.3411111111111111,0,1,1
flow,,,1,registered,during_vibration,flow_dump_baseline.wave,2130,213000,213.0,0.213,158683.4518369953,1244.5309139525798,0.00784285254413927,7.842852544139269e+17,103,0.0006490909972503301,6.490909972503302e+26,878.7758835135903,10.417618304908089,97.01227076892428,75.55982288307553,0.0,182.76531848208117,0.005537917617372585,6.565031315054451e-05,0.000611357199795341,0.0004761669979343088,0.0,0.001151760415886488,5308,3572,4620,0.2645925925925926,0.3422222222222222,0,1,1
flow,,,1,registered,during_vibration,flow_dump_baseline.wave,2131,213100,213.1,0.21309999999999998,158683.45183699526,1250.3713568320024,0.007879658164459544,7.879658164459544e+17,95,0.0005986761625124405,5.986761625124405e+26,907.4226738442104,10.05078583072157,107.2582296528075,50.53265303864135,0.0,175.10701446562143,0.005718445517408735,6.333858833021896e-05,0.0006759257402781142,0.0003184494189762781,0.0,0.0011034988994661963,5311,3558,4631,0.26355555555555554,0.34303703703703703,0,1,1
flow,,,1,registered,during_vibration,flow_dump_baseline.wave,2132,213200,213.20000000000002,0.2132,158683.45183699526,1768.076810354626,0.011142162524740458,1.1142162524740458e+18,103,0.0006490909972503302,6.490909972503302e+26,1198.7609642113182,18.253982833045512,134.37789458411538,31.59722296855321,0.0,385.0867457575945,0.007554416987618369,0.0001150339409795332,0.000846829918485468,0.00019912109676698296,0.0,0.0024267605808901103,5315,3560,4625,0.2637037037037037,0.3425925925925926,0,1,1
flow,,,1,registered,during_vibration,flow_dump_baseline.wave,2133,213300,213.3,0.2133,158683.45183699526,1271.5179131045252,0.008012920681928883,8.012920681928883e+17,106,0.0006679965602770389,6.679965602770389e+26,923.1894761294016,7.159809529644068,105.39841412960007,72.62570875528978,0.0,163.1445045605902,0.005817805608852846,4.512007677397171e-05,0.0006642054537474312,0.00045767663807750567,0.0,0.0010281129044771315,5339,3548,4613,0.26281481481481483,0.3417037037037037,0,1,1
flow,,,1,registered,during_vibration,flow_dump_baseline.wave,2134,213400,213.4,0.21339999999999998,158683.4518369953,1229.5868815315978,0.007748677428536585,7.748677428536585e+17,103,0.0006490909972503301,6.490909972503302e+26,887.0130322046217,17.11104131528689,78.52692660537126,56.06885212465706,0.0,190.86702928166065,0.005589826928618807,0.00010783129001292396,0.0004948652534105234,0.0003533377392259703,0.0,0.00120281621726836,5352,3554,4594,0.26325925925925925,0.3402962962962963,0,1,1
flow,,,1,registered,during_vibration,flow_dump_baseline.wave,2135,213500,213.5,0.2135,158683.45183699526,1280.3789778949085,0.008068761821554997,8.068761821554996e+17,103,0.0006490909972503302,6.490909972503302e+26,925.13921586459,15.711761608167453,90.54762200047037,53.492692990166695,0.0,195.4876854315139,0.005830092584669274,9.901323311461033e-05,0.0005706179248828277,0.0003371031595979908,0.0,0.0012319349192902935,5340,3551,4609,0.263037037037037,0.3414074074074074,0,1,1
flow,,,1,registered,during_vibration,flow_dump_baseline.wave,2136,213600,213.6,0.21359999999999998,158683.45183699526,1294.9865654793318,0.00816081671080349,8.16081671080349e+17,101,0.0006364872885658578,6.364872885658577e+26,904.4884049519133,14.52981278171418,102.34392424429043,74.9725386415174,0.0,198.65188485989646,0.005699954182248524,9.156476377032477e-05,0.000644956503400376,0.0004724660181865189,0.0,0.0012518752431977473,5316,3558,4626,0.26355555555555554,0.3426666666666667,0,1,1
flow,,,1,registered,during_vibration,flow_dump_baseline.wave,2137,213700,213.70000000000002,0.2137,158683.45183699526,1233.3124473948794,0.007772155401949396,7.772155401949396e+17,101,0.0006364872885658578,6.364872885658577e+26,875.0113817738074,15.894278821856387,84.00419254465537,58.772909877825455,0.0,199.62968437673473,0.00551419427573738,0.0001001634300102288,0.0005293821855535836,0.00037037831731943216,0.0,0.001258037193328771,5314,3550,4636,0.26296296296296295,0.3434074074074074,0,1,1
flow,,,1,registered,during_vibration,flow_dump_baseline.wave,2138,213800,213.8,0.2138,158683.45183699526,1238.8841752930498,0.00780726761959824,7.80726761959824e+17,106,0.0006679965602770389,6.679965602770389e+26,892.5094193395805,7.975476697048964,85.18355840546772,36.645786282462666,0.0,216.56993456849025,0.005624464359751859,5.026029245470177e-05,0.000536814377424629,0.0002309364074087977,0.0,0.0013647921825582535,5308,3547,4645,0.2627407407407407,0.3440740740740741,0,1,1
flow,,,1,registered,during_vibration,flow_dump_baseline.wave,2139,213900,213.9,0.21389999999999998,158683.45183699526,1162.6405090314704,0.007326791140299696,7.326791140299697e+17,101,0.0006364872885658578,6.364872885658577e+26,813.3905351356195,9.007373232924444,68.25112589570631,82.81409055620662,0.0,189.1773842110134,0.005125868675778244,5.676315412004717e-05,0.00043010865408836746,0.0005218823361699739,0.0,0.0011921683201430637,5290,3562,4648,0.26385185185185184,0.3442962962962963,0,1,1
flow,,,1,registered,during_vibration,flow_dump_baseline.wave,2140,214000,214.0,0.214,158683.45183699526,1294.2005503626012,0.008155863358027059,8.155863358027059e+17,108,0.0006806002689615113,6.806002689615113e+26,933.2345627733998,18.960027086675446,91.65620072045132,92.54463891951157,0.0,157.8051208625633,0.005881108281738466,0.00011948332902508193,0.0005776040265030504,0.0005832028346256067,0.0,0.0009944648861348554,5304,3566,4630,0.26414814814814813,0.34296296296296297,0,1,1
flow,,,1,registered,during_vibration,flow_dump_baseline.wave,2141,214100,214.1,0.21409999999999998,158683.4518369953,1246.711003122966,0.007856591148544131,7.856591148544132e+17,111,0.0006995058319882199,6.995058319882199e+26,890.0640470558682,21.525929626946123,95.09549796229138,53.63677173460867,0.0,186.3887567432521,0.005609053979807361,0.00013565327309024162,0.000599277976760781,0.00033801112285927634,0.0,0.0011745947960264728,5288,3564,4648,0.264,0.3442962962962963,0,1,1
flow,,,1,registered,during_vibration,flow_dump_baseline.wave,2142,214200,214.20000000000002,0.2142,158683.45183699526,1250.757430200729,0.007882091142594675,7.882091142594675e+17,107,0.0006742984146192752,6.742984146192752e+26,896.5072407836967,14.103493027916407,86.5303218615359,83.47334258119024,0.0,170.1430319463895,0.005649658048178948,8.88781587786732e-05,0.0005453014845582173,0.0005260368464062449,0.0,0.00107221660467259,5270,3558,4672,0.26355555555555554,0.3460740740740741,0,1,1
flow,,,1,registered,during_vibration,flow_dump_baseline.wave,2143,214300,214.3,0.2143,158683.45183699526,1203.9555100799919,0.007587152259056815,7.587152259056815e+17,100,0.0006301854342236216,6.301854342236216e+26,849.7201164507006,18.832852137331447,64.971344350704,62.54398382741707,0.0,207.88721331383832,0.005354812405540311,0.00011868189101833478,0.00040943994851740844,0.0003941430760635599,0.0,0.0013100749379171984,5271,3550,4679,0.26296296296296295,0.3465925925925926,0,1,1
flow,,,1,registered,during_vibration,flow_dump_baseline.wave,2144,214400,214.4,0.21439999999999998,158683.45183699526,1152.7175267869295,0.007264257951554004,7.264257951554003e+17,96,0.0006049780168546768,6.049780168546768e+26,838.1155993915003,17.590085393244728,63.923387498460265,84.30376275329202,0.0,148.78469175043242,0.005281682429321235,0.00011085015601572512,0.00040283587707762005,0.0005312700333736851,0.0,0.0009376194557657394,5274,3541,4685,0.2622962962962963,0.34703703703703703,0,1,1
flow,,,1,registered,during_vibration,flow_dump_baseline.wave,2145,214500,214.5,0.2145,158683.4518369953,1222.3240681081982,0.007702908236227483,7.702908236227483e+17,102,0.0006427891429080939,6.427891429080939e+26,891.2818471366019,9.590380560258769,83.42168188520115,114.16122220609846,0.0,123.8689363200379,0.005616728378534109,6.043718137736451e-05,0.000525711288224903,0.000719427393874495,0.0,0.0007806039942166121,5278,3543,4679,0.2624444444444444,0.3465925925925926,0,1,1
flow,,,1,registered,during_vibration,flow_dump_baseline.wave,2146,214600,214.6,0.21459999999999999,158683.45183699526,1141.8636101801662,0.007195858150055402,7.195858150055402e+17,94,0.0005923743081702043,5.9237430817020434e+26,849.600717414795,16.424864783970225,75.01758191250357,84.62647182325935,0.0,116.1939742456382,0.0053540599702074304,0.00010350710545950546,0.00047274987431937163,0.0005333036989275378,0.0,0.0007322375011415581,5286,3529,4685,0.2614074074074074,0.34703703703703703,0,1,1
flow,,,1,registered,during_vibration,flow_dump_baseline.wave,2147,214700,214.70000000000002,0.2147,158683.45183699526,1156.159511773702,0.007285948839588807,7.285948839588806e+17,97,0.000611279871196913,6.112798711969129e+26,817.722198751392,11.94101170733484,79.64290250528803,73.33729372548638,0.0,173.516105084201,0.005153166188944406,7.525051647856155e-05,0.000501897970981245,0.0004621609429118091,0.0,0.0010934732202727876,5276,3537,4687,0.262,0.3471851851851852,0,1,1
flow,,,1,registered,during_vibration,flow_dump_baseline.wave,2148,214800,214.8,0.2148,158683.45183699526,1218.564409537609,0.0076792154155390915,7.679215415539091e+17,99,0.0006238835798813854,6.238835798813854e+26,863.9036800206507,6.848041298462103,83.32864191900188,62.773859341774454,0.0,201.71018695771997,0.005444195157211984,4.315535879252634e-05,0.0005251249639099088,0.00039559171807188677,0.0,0.0012711482175527865,5270,3535,4695,0.26185185185185184,0.3477777777777778,0,1,1
flow,,,1,registered,during_vibration,flow_dump_baseline.wave,2149,214900,214.9,0.21489999999999998,158683.4518369953,1206.8037035631696,0.007605101159526307,7.605101159526307e+17,98,0.000617581725539149,6.17581725539149e+26,860.9837177665415,16.77069764941799,74.32867460141387,78.74204745292091,0.0,175.97856609287507,0.00542579398040176,0.00010568649380431544,0.00046840848078958264,0.0004962209136577597,0.0,0.0011089912908728876,5253,3531,4716,0.26155555555555554,0.34933333333333333,0,1,1
flow,,,1,registered,during_vibration,flow_dump_baseline.wave,2150,215000,215.0,0.215,158683.45183699526,1192.0534116927856,0.007512146968653677,7.512146968653677e+17,101,0.0006364872885658578,6.364872885658577e+26,792.6586103303812,15.513239327284673,69.89151825777817,108.42801734576027,0.0,205.56202643158076,0.004995219105421438,9.776217461679855e-05,0.0004404461678182612,0.0006832975719304431,0.0,0.001295421948866733,5247,3545,4708,0.2625925925925926,0.34874074074074074,0,1,1
flow,,,1,registered,during_vibration,flow_dump_baseline.wave,2151,215100,215.1,0.21509999999999999,158683.45183699526,1199.4009934389894,0.007558450358585927,7.558450358585926e+17,104,0.0006553928515925665,6.553928515925665e+26,847.070771276882,14.630676091160893,74.70675574734861,75.11738526422461,0.0,187.87540505937335,0.0053381166181526,9.220038965493387e-05,0.0004707910931008092,0.0004733788205047846,0.0,0.0011839634371727998,5232,3548,4720,0.26281481481481483,0.3496296296296296,0,1,1
flow,,,1,registered,during_vibration,flow_dump_baseline.wave,2152,215200,215.20000000000002,0.2152,158683.45183699526,1231.0033500550574,0.007757603806851792,7.757603806851793e+17,107,0.0006742984146192752,6.742984146192752e+26,857.8211142977399,29.861671025902652,81.07203198949648,71.45472435059736,0.0,190.7938083913216,0.0054058637139991214,0.00018818390122101402,0.0005109041368269218,0.00045029726492210384,0.0,0.0012023547898826344,5230,3553,4717,0.2631851851851852,0.3494074074074074,0,1,1
flow,,,1,registered,during_vibration,flow_dump_baseline.wave,2153,215300,215.3,0.2153,158683.45183699526,1228.1943102392368,0.007739901647090948,7.739901647090948e+17,105,0.0006616947059348027,6.616947059348027e+26,895.879330186164,16.26285984799771,78.26805790453211,85.18834391651335,0.0,152.5957183840301,0.00564570104705335,0.00010248617395028337,0.0004932339005640713,0.0005368445350181917,0.0,0.0009616359905050549,5239,3535,4726,0.26185185185185184,0.3500740740740741,0,1,1
flow,,,1,registered,during_vibration,flow_dump_baseline.wave,2154,215400,215.4,0.21539999999999998,158683.45183699526,1234.5089453170829,0.00777969555757591,7.779695557575909e+17,106,0.0006679965602770389,6.679965602770389e+26,898.3634646354159,28.465472461974066,66.12603512269428,40.65238486887889,0.0,200.90158822812046,0.005661355700519067,0.0001793852612382967,0.00041671664157281546,0.00025618540810820226,0.0,0.0012660525461375331,5235,3535,4730,0.26185185185185184,0.3503703703703704,0,1,1
flow,,,1,registered,during_vibration,flow_dump_baseline.wave,2155,215500,215.5,0.2155,158683.45183699526,1239.348685308616,0.007810194894056848,7.810194894056847e+17,111,0.00069950583198822,6.995058319882199e+26,892.2328449872452,16.37687013982051,78.1604499868595,71.59449353547217,0.0,180.98402665921918,0.005622721428468644,0.0001032046502028665,0.0004925557711408272,0.00045117806996671796,0.0,0.0011405349742777955,5239,3529,4732,0.2614074074074074,0.3505185185185185,0,1,1
flow,,,1,registered,during_vibration,flow_dump_baseline.wave,2156,215600,215.6,0.21559999999999999,158683.45183699526,1261.732739820693,0.007951255945180633,7.951255945180632e+17,105,0.0006616947059348027,6.616947059348027e+26,899.993899303367,17.531122956387144,91.31838731390465,71.05935697178987,0.0,181.82997327524464,0.0056716304623110276,0.00011047858332698533,0.0005754751756201386,0.0004478057172891873,0.0,0.0011458660066332956,5230,3514,4756,0.2602962962962963,0.3522962962962963,0,1,1
flow,,,1,registered,during_vibration,flow_dump_baseline.wave,2157,215700,215.70000000000002,0.2157,158683.45183699526,1162.868599027221,0.007328228530229838,7.328228530229838e+17,100,0.0006301854342236216,6.301854342236216e+26,823.403844795657,18.707218052128248,77.45618472780025,76.23234866488625,4.736608541958734,162.33239424479106,0.005188971094739507,0.00011789016331296413,0.0004881175940599385,0.0004804051574526786,2.9849417107615803e-05,0.0010229951035571378,5231,3513,4756,0.26022222222222224,0.3522962962962963,0,1,1
flow,,,1,registered,during_vibration,flow_dump_baseline.wave,2158,215800,215.8,0.2158,158683.45183699526,1128.8558154607613,0.007113884922420003,7.113884922420004e+17,94,0.0005923743081702043,5.9237430817020434e+26,714.293213823607,16.85849716746437,87.35524463445422,76.32729574861659,0.0,234.02156408661898,0.004501371791164159,0.0001062397935783623,0.0005505000277167423,0.00048100350014456734,0.0,0.0014747698098161706,5218,3509,4773,0.25992592592592595,0.35355555555555557,0,1,1
flow,,,1,registered,during_vibration,flow_dump_baseline.wave,2159,215900,215.9,0.21589999999999998,158683.45183699526,1167.6234136281419,0.0073581926792691795,7.358192679269179e+17,97,0.000611279871196913,6.112798711969129e+26,807.2808955525995,24.901081281317662,77.39426588911323,83.7178559647178,0.0,174.3293149403934,0.00508736661704249,0.00015692298719904868,0.00048772739055749246,0.0005275777341339629,0.0,0.001098597950336183,5209,3506,4785,0.2597037037037037,0.35444444444444445,0,1,1
flow,,,1,registered,during_vibration,flow_dump_baseline.wave,2160,216000,216.0,0.216,158683.4518369953,1129.2884843639613,0.007116611538826383,7.116611538826383e+17,96,0.0006049780168546767,6.0497801685467664e+26,799.3819263419193,14.671562789488707,82.32108951279801,66.73819346394517,0.0,166.1757122558106,0.005037588463622974,9.245805167233068e-05,0.0005187755154038423,0.0004205743742737634,0.0,0.0010472151338534758,5208,3487,4805,0.2582962962962963,0.3559259259259259,0,1,1
flow,,,1,registered,during_vibration,flow_dump_baseline.wave,2161,216100,216.1,0.2161,158683.45183699526,1143.81886361334,0.007208179872393421,7.208179872393421e+17,95,0.0005986761625124405,5.986761625124405e+26,795.0997504171179,32.897560418911155,71.34468905235285,95.89084824688868,0.0,148.5860154780692,0.005010602814677046,0.00020731563397489354,0.00044960383850006243,0.0006042901584053695,0.0,0.0009363674268360481,5208,3489,4803,0.2584444444444444,0.3557777777777778,0,1,1
flow,,,1,registered,during_vibration,flow_dump_baseline.wave,2162,216200,216.20000000000002,0.2162,158683.45183699526,1129.4087855760363,0.007117369659542076,7.117369659542076e+17,93,0.0005860724538279681,5.860724538279681e+26,753.9526145593311,20.474794273809493,78.10818352855917,88.4150134114453,0.0,188.45817980289175,0.004751299557901069,0.00012902917120079956,0.0004922263955336339,0.0005571785361857899,0.0,0.0011876359987207869,5204,3491,4805,0.2585925925925926,0.3559259259259259,0,1,1
flow,,,1,registered,during_vibration,flow_dump_baseline.wave,2163,216300,216.3,0.2163,158683.45183699526,1159.7266528875339,0.007308428443306378,7.308428443306378e+17,99,0.0006238835798813854,6.238835798813854e+26,827.0042462451989,14.977800153113963,87.4684585726968,108.85848275333124,0.0,121.4176651631928,0.005211660300248095,9.438791493204749e-05,0.000551213485465058,0.0006860103022283267,0.0,0.0007651564404328494,5203,3498,4799,0.2591111111111111,0.35548148148148145,0,1,1
flow,,,1,registered,during_vibration,flow_dump_baseline.wave,2164,216400,216.4,0.21639999999999998,158683.4518369953,1151.517647629332,0.007256696487874538,7.256696487874538e+17,92,0.0005797705994857317,5.797705994857318e+26,819.0274529493786,17.825106200411405,89.05078443048214,80.33820905918456,0.0,145.27609498987508,0.005161391710779709,0.00011233122290988428,0.000561185072542775,0.0005062796916071031,0.0,0.000915508790035065,5217,3509,4774,0.25992592592592595,0.3536296296296296,0,1,1
flow,,,1,registered,during_vibration,flow_dump_baseline.wave,2165,216500,216.5,0.2165,158683.45183699526,1233.1178002001116,0.007770928763679844,7.770928763679844e+17,105,0.0006616947059348027,6.616947059348027e+26,831.5424658202639,17.479369462903065,75.87519309479582,118.67699382713195,0.0,189.5437779950167,0.005240259498983241,0.0001101524403493468,0.00047815441507245037,0.0007478851288730521,0.0,0.0011944772804017535,5236,3510,4754,0.26,0.35214814814814815,0,1,1
flow,,,1,registered,during_vibration,flow_dump_baseline.wave,2166,216600,216.6,0.2166,158683.45183699526,1245.4657065395872,0.007848743470862795,7.848743470862796e+17,103,0.0006490909972503302,6.490909972503302e+26,801.6592911024741,28.934052248467314,72.79573414679483,117.92364319179687,0.0,224.152985850054,0.005051940084628133,0.0001823381828004933,0.00045874811332925216,0.0007431376229005393,0.0,0.0014125794672043758,5231,3502,4767,0.2594074074074074,0.3531111111111111,0,1,1
flow,,,1,registered,during_vibration,flow_dump_baseline.wave,2167,216700,216.70000000000002,0.2167,158683.45183699526,1260.23365568405,0.007941808935304752,7.941808935304751e+17,102,0.000642789142908094,6.42789142908094e+26,870.1799859727785,31.599490003151907,84.97857629260119,105.46792943547504,0.0,168.00767398004336,0.005483747523129604,0.00019913538328881274,0.0005355226100065804,0.0006646435290796112,0.0,0.001058759889800143,5232,3499,4769,0.2591851851851852,0.3532592592592593,0,1,1
flow,,,1,registered,during_vibration,flow_dump_baseline.wave,2168,216800,216.8,0.2168,158683.4518369953,1173.0668851767318,0.0073924966440844985,7.392496644084498e+17,97,0.0006112798711969128,6.1127987119691286e+26,817.9442601751322,20.65833510285214,62.76008673152518,104.95720368218757,0.0,166.74699948503468,0.005154565587691845,0.00013018581877127956,0.0003955049250881834,0.0006614250097735645,0.0,0.0010508153027596256,5224,3488,4788,0.25837037037037036,0.3546666666666667,0,1,1
flow,,,1,registered,during_vibration,flow_dump_baseline.wave,2169,216900,216.9,0.21689999999999998,158683.45183699526,1213.8338045708722,0.007649403832088057,7.649403832088058e+17,100,0.0006301854342236216,6.301854342236216e+26,832.9096355377402,15.602302167414297,60.247583255306225,80.98409680717823,0.0,224.09018680323354,0.005248875203403892,9.832343566260132e-05,0.0003796714941466895,0.0005103499821163942,0.0,0.001412183716758482,5233,3489,4778,0.2584444444444444,0.3539259259259259,0,1,1
flow,,,1,registered,during_vibration,flow_dump_baseline.wave,2170,217000,217.0,0.217,158683.45183699526,1156.7467825168417,0.00728964973427153,7.28964973427153e+17,101,0.0006364872885658578,6.364872885658577e+26,841.6286960767717,15.175816728801449,63.18534942626438,85.02399307378316,0.0,151.7329272112206,0.005303821452922008,9.563578654937842e-05,0.0003981848686476168,0.0005358088199462823,0.0,0.0009561988062062423,5229,3495,4776,0.2588888888888889,0.3537777777777778,0,1,1
flow,,,1,registered,during_vibration,flow_dump_baseline.wave,2171,217100,217.1,0.2171,158683.45183699526,1126.3132055908993,0.0070978617653710005,7.097861765371e+17,92,0.0005797705994857318,5.7977059948573184e+26,798.830421703161,11.120541832443488,67.69306662360232,97.36619623576904,0.0,151.30297919592357,0.005034112961720453,7.008003483480348e-05,0.00042659184584123373,0.0006135875865354046,0.0,0.0009534893364391068,5218,3479,4803,0.2577037037037037,0.3557777777777778,0,1,1
flow,,,1,registered,during_vibration,flow_dump_baseline.wave,2172,217200,217.20000000000002,0.21719999999999998,158683.4518369953,1197.5895291771908,0.007547034774661904,7.547034774661905e+17,99,0.0006238835798813853,6.238835798813853e+26,831.4549704897622,17.082173168806847,71.44662001002979,77.5606170160592,0.0,200.0451484925331,0.0052397081161547916,0.00010764936715867639,0.00045024619254830706,0.0004887757111291727,0.0,0.0012606553876709581,5225,3475,4800,0.2574074074074074,0.35555555555555557,0,1,1
flow,,,1,registered,during_vibration,flow_dump_baseline.wave,2173,217300,217.3,0.2173,158683.45183699526,1194.793333817056,0.007529413558789899,7.5294135587899e+17,103,0.0006490909972503302,6.490909972503302e+26,875.6684494384047,16.294354712236498,56.66819897958684,56.78403210471043,0.0,189.3782985821176,0.005518335020452665,0.00010268464999724472,0.00035711473580621523,0.00035784469928875007,0.0,0.0011934344532450244,5219,3470,4811,0.25703703703703706,0.3563703703703704,0,1,1
flow,,,1,registered,during_vibration,flow_dump_baseline.wave,2174,217400,217.4,0.21739999999999998,158683.45183699526,1184.449022896687,0.00746422521809893,7.46422521809893e+17,101,0.0006364872885658578,6.364872885658577e+26,804.5616161841184,11.617685875806497,92.3499611242637,59.0993065691127,0.0,216.8204531433846,0.005070230114546474,7.321296418318753e-05,0.000581976003516287,0.0003724352217257122,0.0,0.0013663709141272624,5236,3473,4791,0.25725925925925924,0.35488888888888886,0,1,1
flow,,,1,registered,during_vibration,flow_dump_baseline.wave,2175,217500,217.5,0.2175,158683.45183699526,1165.5688009364462,0.007345244809356403,7.345244809356403e+17,102,0.000642789142908094,6.42789142908094e+26,868.1428635481687,7.121615940164213,59.98902811978578,74.05156604188929,0.0,156.2637272864381,0.00547090987433241,4.48793863362625e-05,0.00037804211734320247,0.0004666621830104719,0.0,0.0009847512483340559,5215,3479,4806,0.2577037037037037,0.356,0,1,1
flow,,,1,registered,during_vibration,flow_dump_baseline.wave,2176,217600,217.6,0.2176,158683.45183699526,1151.9552049364056,0.0072594539102900976,7.259453910290098e+17,100,0.0006301854342236216,6.301854342236216e+26,810.3555040521481,7.807870617564431,74.04368132660173,90.67255924607456,0.0,169.07558969401595,0.0051067423519660475,4.9204063354916974e-05,0.0004666124946831997,0.0005714052612065455,0.0,0.0010654897390793832,5223,3474,4803,0.25733333333333336,0.3557777777777778,0,1,1
flow,,,1,registered,during_vibration,flow_dump_baseline.wave,2177,217700,217.70000000000002,0.21769999999999998,158683.45183699526,1164.1469115212972,0.0073362842693713666,7.336284269371366e+17,99,0.0006238835798813854,6.238835798813854e+26,861.2698954293858,15.538895225943113,79.84722894891192,57.51870471630748,0.0,149.97218720074923,0.005427597430349007,9.792385435316321e-05,0.0005031856064672299,0.000362474499076265,0.0,0.0009451028791257042,5227,3455,4818,0.25592592592592595,0.35688888888888887,0,1,1
flow,,,1,registered,during_vibration,flow_dump_baseline.wave,2178,217800,217.8,0.2178,158683.45183699526,1174.6639295982766,0.007402560985407156,7.402560985407156e+17,100,0.0006301854342236216,6.301854342236216e+26,829.7600460551733,20.68188984610762,65.79031980091536,90.77640364359002,0.0,167.65527025248971,0.005229026949246917,0.00013033425733234441,0.0004146010125145077,0.0005720596734739452,0.0,0.0010565390928394386,5229,3449,4822,0.2554814814814815,0.35718518518518516,0,1,1
flow,,,1,registered,during_vibration,flow_dump_baseline.wave,2179,217900,217.9,0.21789999999999998,158683.45183699526,1160.3953192701485,0.007312642281453166,7.312642281453166e+17,101,0.0006364872885658578,6.364872885658577e+26,805.2131010780226,13.582169840777057,84.17603518346692,90.17999592850659,0.0,167.24401723937598,0.005074335677454026,8.559285598809067e-05,0.0005304651128331595,0.0005683011989249035,0.0,0.00105394743625299,5224,3456,4820,0.256,0.35703703703703704,0,1,1
flow,,,1,registered,during_vibration,flow_dump_baseline.wave,2180,218000,218.0,0.218,158683.45183699526,1185.7209604477966,0.007472240783278444,7.472240783278444e+17,104,0.0006553928515925665,6.553928515925665e+26,800.5190447792796,28.397113199946485,58.22539856411803,83.20611438326253,0.0,215.37328952118978,0.005044754418385091,0.00017895447112605613,0.00036692798076972153,0.0005243528132267663,0.0,0.0013572510997708076,5239,3452,4809,0.2557037037037037,0.3562222222222222,0,1,1
flow,,,1,registered,during_vibration,flow_dump_baseline.wave,2181,218100,218.1,0.2181,158683.45183699526,1094.2934125208524,0.00689607769337502,6.896077693375021e+17,94,0.0005923743081702043,5.9237430817020434e+26,774.586946587906,11.6840586121478,65.74390187590174,83.15019368228164,0.0,159.12831176261503,0.0048813341127944875,7.363123549990606e-05,0.0004143084935122031,0.0005240004091144689,0.0,0.001002803442453954,5245,3454,4801,0.25585185185185183,0.35562962962962963,0,1,1
flow,,,1,registered,during_vibration,flow_dump_baseline.wave,2182,218200,218.20000000000002,0.21819999999999998,158683.45183699526,1147.1612854606483,0.007229243328025466,7.229243328025466e+17,99,0.0006238835798813854,6.238835798813854e+26,805.9169150730077,13.785685177228194,63.47977152577952,64.65904787432083,0.0,199.31986581031185,0.005078771010734449,8.687537999481693e-05,0.0004000402738338966,0.0004074719016116481,0.0,0.0012560847618506537,5249,3463,4788,0.25651851851851853,0.3546666666666667,0,1,1
flow,,,1,registered,during_vibration,flow_dump_baseline.wave,2183,218300,218.3,0.2183,158683.4518369953,1123.0360115669705,0.007077209365980953,7.077209365980954e+17,96,0.0006049780168546767,6.0497801685467664e+26,765.1235877437292,25.89974399602228,82.36401479010671,67.93334558924276,0.0,181.71531944786986,0.004821697403770172,0.00016321641416413934,0.0005190460242490418,0.00042810604888420293,0.0,0.0011451434749133996,5245,3454,4801,0.25585185185185183,0.35562962962962963,0,1,1
flow,,,1,registered,during_vibration,flow_dump_baseline.wave,2184,218400,218.4,0.21839999999999998,158683.45183699526,1113.4460369570936,0.0070167747428437665,7.016774742843767e+17,96,0.0006049780168546768,6.049780168546768e+26,748.4527767298065,13.493537300829079,77.60985317468524,84.45266756099474,0.0,189.4372021907782,0.004716640380993484,8.503430663135607e-05,0.0004890859902292054,0.0005322084097826864,0.0,0.0011938056552070356,5236,3458,4806,0.2561481481481481,0.356,0,1,1
flow,,,1,registered,during_vibration,flow_dump_baseline.wave,2185,218500,218.5,0.2185,158683.45183699526,1101.2941099557017,0.006940195068903508,6.940195068903507e+17,92,0.0005797705994857318,5.7977059948573184e+26,719.2660355738143,5.429616884362261,54.64741428430118,71.12448924404512,0.0,250.8265539691788,0.0045327097895038705,3.421665473939739e-05,0.0003443800449995048,0.0004482161713819188,0.0,0.0015806724082788161,5231,3452,4817,0.2557037037037037,0.3568148148148148,0,1,1
flow,,,1,registered,during_vibration,flow_dump_baseline.wave,2186,218600,218.6,0.2186,158683.45183699526,1072.8904264060934,0.006761199192390905,6.761199192390906e+17,91,0.0005734687451434957,5.734687451434957e+26,678.1491729585006,27.192762485973283,74.27573127745497,85.55064360582848,0.0,207.72211607833637,0.004273597310292425,0.00017136482834962882,0.0004680748396735999,0.0005391276948884932,0.0,0.0013090345191867593,5233,3448,4819,0.2554074074074074,0.356962962962963,0,1,1
flow,,,1,registered,during_vibration,flow_dump_baseline.wave,2187,218700,218.70000000000002,0.21869999999999998,158683.4518369953,1252.7449885331712,0.007894616445702421,7.894616445702422e+17,101,0.0006364872885658577,6.364872885658577e+26,793.7437114289329,13.581595878320385,101.07451632241435,112.18681443012672,0.0,232.15835047337646,0.0050020572544911095,8.55892389602908e-05,0.000636956879575832,0.0007069849636581425,0.0,0.0014630281090170444,5244,3443,4813,0.25503703703703706,0.3565185185185185,0,1,1
flow,,,1,registered,during_vibration,flow_dump_baseline.wave,2188,218800,218.8,0.2188,158683.45183699526,1305.7649484164547,0.008228740510118083,8.228740510118084e+17,97,0.000611279871196913,6.112798711969129e+26,894.1619892245216,13.490921424821677,84.1829234370577,103.04116029126573,0.0,210.8879540387884,0.0056348786144571235,8.501782176178009e-05,0.0005305085216039609,0.0006493503834105709,0.0,0.0013289851688846502,5223,3444,4833,0.2551111111111111,0.358,0,1,1
flow,,,1,registered,during_vibration,flow_dump_baseline.wave,2189,218900,218.9,0.21889999999999998,158683.45183699526,1303.7595750310345,0.008216102939141368,8.216102939141368e+17,100,0.0006301854342236216,6.301854342236216e+26,931.2188789368155,13.3185753767304,94.26706990503689,70.14005286315601,0.0,194.81499794929525,0.0058684057358003115,8.393172207024883e-05,0.0005940573438109417,0.00044201239670035744,0.0,0.0012276957407595058,5230,3439,4831,0.25474074074074077,0.35785185185185187,0,1,1
flow,,,1,registered,during_vibration,flow_dump_baseline.wave,2190,219000,219.0,0.219,158683.45183699526,1210.90919771776,0.007630973385691438,7.630973385691438e+17,95,0.0005986761625124405,5.986761625124405e+26,855.1597134835444,14.4030431737155,79.83300457301077,96.21664181915968,0.0,165.29679466832997,0.005389091953721752,9.076588016569471e-05,0.0005030959665221916,0.0006063432620434581,0.0,0.0010416763232383435,5235,3427,4838,0.25385185185185183,0.3583703703703704,0,1,1
flow,,,1,registered,during_vibration,flow_dump_baseline.wave,2191,219100,219.1,0.2191,158683.4518369953,1259.3232545912767,0.00793607172022508,7.93607172022508e+17,95,0.0005986761625124404,5.986761625124404e+26,856.620711995608,18.544037256023532,96.19543832133706,90.98703866465281,0.0,196.9760283536563,0.005398298953539,0.00011686182170446205,0.000606209640688634,0.0005733870646960567,0.0,0.0012413142395969327,5226,3429,4845,0.254,0.35888888888888887,0,1,1
flow,,,1,registered,during_vibration,flow_dump_baseline.wave,2192,219200,219.20000000000002,0.21919999999999998,158683.45183699526,1254.5892196821592,0.00790623852177676,7.90623852177676e+17,98,0.0006175817255391491,6.1758172553914915e+26,832.6735247579754,20.572416734883383,85.87512585901167,91.77927798956759,0.0,223.6888743407208,0.005247387267661182,0.00012964437373101783,0.0005411725347846943,0.0005783796415258613,0.0,0.0014096547040740026,5217,3454,4829,0.25585185185185183,0.3577037037037037,0,1,1
flow,,,1,registered,during_vibration,flow_dump_baseline.wave,2193,219300,219.3,0.2193,158683.45183699526,1249.1083736575847,0.007871699028457668,7.871699028457668e+17,100,0.0006301854342236216,6.301854342236216e+26,879.7195878372418,11.818750315805795,89.63202273726212,86.24290438064006,0.0,181.69510838663487,0.005543864704562376,7.44800429974664e-05,0.0005648479516902306,0.0005434902214581993,0.0,0.001145016107749395,5210,3452,4838,0.2557037037037037,0.3583703703703704,0,1,1
flow,,,1,registered,during_vibration,flow_dump_baseline.wave,2194,219400,219.4,0.21939999999999998,158683.45183699526,1252.8446436901509,0.007895244457986162,7.895244457986162e+17,95,0.0005986761625124405,5.986761625124405e+26,884.4351530906832,24.191047692487867,74.12436366377871,70.13154058840611,0.0,199.96253865479454,0.005573581509930875,0.00015244845894414805,0.0004671209430200802,0.00044195875358476246,0.0,0.001260134792506294,5216,3440,4844,0.2548148148148148,0.3588148148148148,0,1,1
flow,,,1,registered,during_vibration,flow_dump_baseline.wave,2195,219500,219.5,0.2195,158683.45183699526,1249.4786843120617,0.00787403267226356,7.874032672263561e+17,99,0.0006238835798813854,6.238835798813854e+26,812.2005357701285,13.898685083216641,89.45400217750785,69.39261820792034,0.0,264.5328430732885,0.005118369473109565,8.758748894304251e-05,0.0005637260920527357,0.0004373021723727227,0.0,0.0016670474457854947,5210,3440,4850,0.2548148148148148,0.3592592592592593,0,1,1
flow,,,1,registered,during_vibration,flow_dump_baseline.wave,2196,219600,219.6,0.2196,158683.45183699526,1268.8577965842462,0.00799615701508471,7.99615701508471e+17,102,0.000642789142908094,6.42789142908094e+26,953.2616629186468,16.96116724137314,62.21807648254459,87.05253864712121,0.0,149.3643512945602,0.006007316149751191,0.00010688680542944198,0.0003920892554471086,0.0005485924186760468,0.0,0.0009412723857809198,5219,3443,4838,0.25503703703703706,0.3583703703703704,0,1,1
flow,,,1,registered,during_vibration,flow_dump_baseline.wave,2197,219700,219.70000000000002,0.21969999999999998,158683.45183699526,1352.4112925220252,0.008522698976269217,8.522698976269217e+17,100,0.0006301854342236216,6.301854342236216e+26,981.2502282087509,11.430845049297055,77.43958005373166,90.79482037823247,0.0,191.49581883201253,0.006183696011457594,7.203552050934199e-05,0.0004880129538225579,0.0005721757330531215,0.0,0.001206778757426598,5184,3444,4872,0.2551111111111111,0.36088888888888887,0,1,1
flow,,,1,registered,during_vibration,flow_dump_baseline.wave,2198,219800,219.8,0.2198,158683.45183699526,1149.1541731342716,0.007241802215865078,7.241802215865078e+17,93,0.0005860724538279681,5.860724538279681e+26,810.2329974739723,14.502100188555527,40.363823255315104,82.72368479673356,0.0,201.33156741969458,0.0051059703333544175,9.13901230447933e-05,0.0002543669348507626,0.0005213126122420754,0.0,0.0012687622123730257,5177,3438,4885,0.25466666666666665,0.36185185185185187,0,1,1
flow,,,1,registered,during_vibration,flow_dump_baseline.wave,2199,219900,219.9,0.21989999999999998,158683.45183699526,1145.1102168145028,0.007216317792171529,7.216317792171529e+17,98,0.0006175817255391491,6.1758172553914915e+26,869.2196095352232,11.593087384032245,55.036084117576394,75.24708385325098,0.0,134.01435192442005,0.005477695370706415,7.30579480709875e-05,0.00034682938567602643,0.0004741961621212224,0.0,0.0008445389255968789,5167,3446,4887,0.25525925925925924,0.362,0,1,1
flow,,,1,registered,during_vibration,flow_dump_baseline.wave,2200,220000,220.0,0.22,158683.45183699526,1198.6371863392567,0.007553636957497845,7.553636957497844e+17,100,0.0006301854342236216,6.301854342236216e+26,891.6015318651109,12.772315938701146,40.80598580267555,80.70690979387129,0.0,172.75044293889727,0.005618742985128611,8.048927465871665e-05,0.0002571533788198203,0.0005086031899329743,0.0,0.0010886481289577193,5158,3444,4898,0.2551111111111111,0.3628148148148148,0,1,1
flow,,,1,registered,after_removal,flow_dump_baseline.wave,2240,224000,224.0,0.22399999999999998,158683.45183699526,1583.5661774611162,0.009979403391651742,9.979403391651741e+17,129,0.0008129392101484719,8.129392101484719e+26,1302.3929452425277,7.205714938560494,42.27569714224071,70.03508443704668,0.0,161.65673570073997,0.008207490637274438,4.5409365974483816e-05,0.0002664152856068928,0.0004413509009684826,0.0,0.0010187372018274404,4671,3662,5167,0.27125925925925926,0.3827407407407407,0,1,1
flow,,,1,registered,after_removal,flow_dump_baseline.wave,2245,224500,224.5,0.22449999999999998,158683.45183699526,5009.598453314455,0.03156975976587953,3.156975976587953e+18,136,0.0008570521905441254,8.570521905441253e+26,3476.620524206004,51.26111220500131,255.47571262739322,224.77602778539227,51.53455630878851,949.9305201818727,0.021909156146775157,0.0003230400625369454,0.0016099707289568296,0.0014165057867299826,0.00032476326744975564,0.005986323773430842,4627,3717,5156,0.2753333333333333,0.38192592592592595,0,1,1
flow,,,1,registered,after_removal,flow_dump_baseline.wave,2250,225000,225.0,0.22499999999999998,158683.45183699526,1550.7833289844864,0.00977281065562842,9.77281065562842e+17,133,0.0008381466275174167,8.381466275174167e+26,1059.0572482553266,7.886055458825375,57.63334597688852,94.25800710863079,12.267009959986138,319.6816622248287,0.006674024518594568,4.9696772836314306e-05,0.00036319695160205706,0.0005940002313880571,7.730490998259355e-05,0.002014587271224828,4556,3701,5243,0.27414814814814814,0.38837037037037037,0,1,1
flow,,,1,registered,after_removal,flow_dump_baseline.wave,2255,225500,225.5,0.22549999999999998,158683.45183699526,1279.832094803105,0.00806531544396822,8.06531544396822e+17,115,0.0007247132493571648,7.247132493571648e+26,885.1518078816354,12.771020012820852,69.49523990687982,73.62890237542703,8.17147961548891,230.61364501085302,0.005578097764037121,8.048110792258071e-05,0.0004379488793719181,0.00046399861814867127,5.149547429736351e-05,0.0014532936001905655,4533,3691,5276,0.27340740740740743,0.39081481481481484,0,1,1
flow,,,1,registered,after_removal,flow_dump_baseline.wave,2260,226000,226.0,0.22599999999999998,158683.45183699526,1521.9043625510085,0.009590819615610313,9.590819615610313e+17,125,0.000787731792779527,7.87731792779527e+26,1033.6928659180483,17.256876352027135,69.11916218918184,59.0130828628391,22.18639451231971,320.635980716592,0.006514181875624251,0.00010875032117245567,0.0004355788923736248,0.0003718918524879282,0.0001398154265960277,0.0020206012473560227,4556,3708,5236,0.27466666666666667,0.38785185185185184,0,1,1
flow,,,1,registered,after_removal,flow_dump_baseline.wave,2265,226500,226.5,0.22649999999999998,158683.45183699526,2492.9206665136644,0.015710022927119538,1.571002292711954e+18,118,0.0007436188123838735,7.436188123838735e+26,1776.0018679537827,26.563711409486302,156.09305572247186,52.03275024349466,20.18255641766283,462.0467247667666,0.011192105083384177,0.00016740064009178096,0.0009836757009975788,0.0003279028130604594,0.00012718753079807592,0.00291175115878747,4560,3704,5236,0.2743703703703704,0.38785185185185184,0,1,1
flow,,,1,registered,after_removal,flow_dump_baseline.wave,2270,227000,227.0,0.22699999999999998,158683.45183699526,2547.6553812718034,0.016054953126989176,1.6054953126989176e+18,125,0.000787731792779527,7.87731792779527e+26,2033.5041108651876,27.971652258183806,119.20422771458885,40.82243598784651,29.842618406573443,296.31033603942404,0.012814846711010979,0.00017627327824275708,0.0007512076800360965,0.0002572570454906705,0.0001880638343891633,0.0018673045778195168,4549,3689,5262,0.27325925925925926,0.3897777777777778,0,1,1
flow,,,1,registered,after_removal,flow_dump_baseline.wave,2275,227500,227.5,0.22749999999999998,158683.4518369953,2122.9306263651324,0.013378399586025358,1.3378399586025357e+18,117,0.0007373169580416371,7.373169580416371e+26,1546.8390768970662,11.555234625440196,133.7340477725536,83.4123304848364,26.2312445585779,321.1586920266578,0.009747954553484435,7.281940549988856e-05,0.0008427724896602922,0.0005256523570619085,0.0001653054824237342,0.0020238952978950966,4526,3674,5300,0.27214814814814814,0.3925925925925926,0,1,1
flow,,,1,registered,after_removal,flow_dump_baseline.wave,2280,228000,228.0,0.22799999999999998,158683.45183699526,1310.7008674874219,0.008259845953148385,8.259845953148385e+17,114,0.0007184113950149286,7.184113950149286e+26,1018.4989761335434,10.84542859152372,49.21807645132092,45.4730193168695,6.654122844848395,180.01124414931652,0.00641843219531031,6.834631126290656e-05,0.0003101651488012708,0.00028656434423660537,4.193331294358106e-05,0.001134404640593714,4519,3681,5300,0.27266666666666667,0.3925925925925926,0,1,1
flow,,,1,registered,after_removal,flow_dump_baseline.wave,2285,228500,228.5,0.22849999999999998,158683.45183699526,3307.773997183147,0.02084510992728466,2.084510992728466e+18,124,0.0007814299384372908,7.814299384372908e+26,2288.134813972451,63.34787788534349,229.6665127991656,125.08355059572958,40.91362904769127,560.6276128827662,0.014419492313054146,0.00039920909932320144,0.0014473249109496712,0.0007882583164640219,0.000257831730870835,0.0035329935566227847,4504,3720,5276,0.27555555555555555,0.39081481481481484,0,1,1
flow,,,1,registered,after_removal,flow_dump_baseline.wave,2290,229000,229.0,0.22899999999999998,158683.4518369953,1340.1943562167544,0.008445709623165022,8.445709623165023e+17,119,0.0007499206667261096,7.499206667261097e+26,965.4350748778229,14.071997889043107,92.37228825169285,73.515843488052,10.781168292061771,184.01798341808177,0.006084031218765953,8.867968100100515e-05,0.0005821167058212259,0.00046328613750833847,6.794135221570887e-05,0.0011596545278527903,4485,3676,5339,0.2722962962962963,0.3954814814814815,0,1,1
flow,,,1,registered,after_removal,flow_dump_baseline.wave,2295,229500,229.5,0.22949999999999998,158683.45183699526,1245.1840394360888,0.007846968445803548,7.846968445803548e+17,113,0.0007121095406726924,7.121095406726925e+26,819.5358624801755,6.854221480972387,58.22598267173721,63.36673766842634,0.0,297.2012351347768,0.0051645956335889965,4.3194305402514584e-05,0.0003669316617308578,0.0003993279509291157,0.0,0.00187291889415206,4462,3677,5361,0.2723703703703704,0.39711111111111114,0,1,1
flow,,,1,registered,after_removal,flow_dump_baseline.wave,2300,230000,230.0,0.22999999999999998,158683.45183699526,1308.9620557153034,0.008248888214631928,8.248888214631928e+17,115,0.0007247132493571648,7.247132493571648e+26,1012.1000770205258,15.50180180148955,67.67508368814289,69.06193476960104,0.0,144.62315843554376,0.0063781072651494086,9.769009699520212e-05,0.0004264785200013226,0.0004352182535110446,0.0,0.0009113940789749476,4428,3649,5423,0.2702962962962963,0.40170370370370373,0,1,1
