region,amplitude_A,frequency_THz,is_baseline,coordinate_treatment,analysis_stage,filename,frame,timestep,time_ps,strain_xy,cell_volume_A3,total_line_length_A,dislocation_density_A-2,dislocation_density_m-2,segment_count,segment_number_density_A-3,segment_number_density_m-3,shockley_length_A,perfect_length_A,stair_rod_length_A,hirth_length_A,frank_length_A,other_length_A,shockley_density_A-2,perfect_density_A-2,stair_rod_density_A-2,hirth_density_A-2,frank_density_A-2,other_density_A-2,fcc_count,hcp_count,other_atom_count,hcp_fraction,other_atom_fraction,coherent_correction_applied,has_PE,has_KE
flow,0.2,1.2,0,registered,before,flow_dump_0.2_1.2.shear.wave,1850,185000,185.0,0.185,158683.45183699526,1441.826292300768,0.00908617928088594,9.086179280885939e+17,126,0.0007940336471217632,7.940336471217631e+26,1167.4654380944578,4.603785611908546,121.82863208346481,44.556678307427724,0.0,103.37175820350976,0.007357197140466265,2.9012386349130486e-05,0.0007677462941038811,0.00028078969666728564,0.0,0.0006514337632993802,5939,3062,4499,0.2268148148148148,0.33325925925925926,0,0,0
flow,0.2,1.2,0,registered,before,flow_dump_0.2_1.2.shear.wave,1855,185500,185.5,0.1855,158683.45183699526,1437.2295380341995,0.009057211205050972,9.057211205050972e+17,125,0.000787731792779527,7.87731792779527e+26,1161.7754451855296,6.342864394528773,133.7958539195755,24.720090279973533,0.0,110.59528425459212,0.0073213396339458425,3.997180752687663e-05,0.0008431619829962794,0.0001557824082713225,0.0,0.0006969553723106499,5928,3069,4503,0.22733333333333333,0.33355555555555555,0,0,0
flow,0.2,1.2,0,registered,before,flow_dump_0.2_1.2.shear.wave,1860,186000,186.0,0.186,158683.45183699526,4975.515810919432,0.03135497591790757,3.135497591790757e+18,135,0.0008507503362018892,8.507503362018892e+26,3685.6746195561204,0.0,448.83295727585386,257.259246710078,0.0,583.7489873773791,0.02322658460531955,0.0,0.0028284799207475616,0.001621210300960323,0.0,0.00367870109088013,5915,3025,4560,0.22407407407407406,0.3377777777777778,0,0,0
flow,0.2,1.2,0,registered,before,flow_dump_0.2_1.2.shear.wave,1865,186500,186.5,0.1865,158683.45183699526,1704.3169668455046,0.0107403572780622,1.07403572780622e+18,122,0.0007688262297528183,7.688262297528184e+26,1352.8907364199413,0.0,161.42633713868145,67.77793029904024,0.0,122.22196298784144,0.008525720361879159,0.0,0.001017285263648687,0.0004271266443627903,0.0,0.0007702250081715626,5911,3021,4568,0.22377777777777777,0.3383703703703704,0,0,0
flow,0.2,1.2,0,registered,before,flow_dump_0.2_1.2.shear.wave,1870,187000,187.0,0.187,158683.45183699526,1550.0191724865495,0.009767995052683748,9.767995052683748e+17,129,0.0008129392101484719,8.129392101484719e+26,1208.4069916005535,6.442923376896207,156.38005819092385,52.4617493373733,0.0,126.32744998080318,0.007615204847206551,4.0602364659388584e-05,0.0009854843487496255,0.00033060630286303386,0.0,0.0007960971892051529,5916,3027,4557,0.2242222222222222,0.33755555555555555,0,0,0
flow,0.2,1.2,0,registered,before,flow_dump_0.2_1.2.shear.wave,1875,187500,187.5,0.1875,158683.45183699526,1536.1960074072153,0.009680883479805098,9.680883479805098e+17,131,0.0008255429188329443,8.255429188329443e+26,1202.2306791004264,7.870538299511893,144.28804290422232,62.24720794551858,0.0,119.55953915753562,0.007576282625458617,4.959898595851547e-05,0.0009092822297087389,0.000392272837683547,0.0,0.0007534468009956768,5888,3011,4601,0.22303703703703703,0.3408148148148148,0,0,0
flow,0.2,1.2,0,registered,before,flow_dump_0.2_1.2.shear.wave,1880,188000,188.0,0.188,158683.45183699526,1497.927042607647,0.009439718037810053,9.439718037810053e+17,126,0.0007940336471217632,7.940336471217631e+26,1221.3909315814399,5.9249625163137605,139.40151732368602,37.20419762059687,0.0,94.00543356561074,0.007697027745754433,3.733825076101869e-05,0.0008784880572605878,0.00023445543432477268,0.0,0.0005924085497092422,5867,2993,4640,0.2217037037037037,0.3437037037037037,0,0,0
flow,0.2,1.2,0,registered,before,flow_dump_0.2_1.2.shear.wave,1885,188500,188.5,0.1885,158683.45183699526,1533.7373097756965,0.009665389125459665,9.665389125459665e+17,128,0.0008066373558062356,8.066373558062357e+26,1190.2230546991996,5.014848463179432,151.90362676925645,28.928189075994343,0.0,157.66759076806719,0.007500612325485804,3.160284456334392e-05,0.0009572745299572682,0.0001823012339415852,0.0,0.0009935981915116668,5835,3005,4660,0.2225925925925926,0.3451851851851852,0,0,0
flow,0.2,1.2,0,registered,before,flow_dump_0.2_1.2.shear.wave,1890,189000,189.0,0.189,158683.4518369953,1488.4590490642256,0.009380052121586177,9.380052121586177e+17,121,0.000762524375410582,7.62524375410582e+26,1203.1402573759274,0.0,167.0499310768173,9.040746322285841,0.0,109.22811428919475,0.007582014655263685,0.0,0.0010527243335267016,5.697346646815312e-05,0.0,0.0006883396663276355,5870,3010,4620,0.22296296296296297,0.3422222222222222,0,0,0
flow,0.2,1.2,0,registered,before,flow_dump_0.2_1.2.shear.wave,1895,189500,189.5,0.1895,158683.45183699526,1497.1161961776575,0.009434608201714337,9.434608201714337e+17,129,0.0008129392101484719,8.129392101484719e+26,1212.6033220505008,10.534191187355,132.72377370722762,30.244553758185795,0.0,111.0103554743877,0.007641649510474009,6.638493847597959e-05,0.0008364058896548693,0.0001905967724300198,0.0,0.000699571090679456,5912,3016,4572,0.22340740740740742,0.33866666666666667,0,0,0
flow,0.2,1.2,0,registered,before,flow_dump_0.2_1.2.shear.wave,1900,190000,190.0,0.19,158683.45183699526,1501.7487813824728,0.009463802078903082,9.463802078903082e+17,126,0.0007940336471217632,7.940336471217631e+26,1205.5387239756446,11.467998671675558,139.27213712580374,44.83362218934846,0.0,100.63629942000073,0.007597129442419823,7.226965722585777e-05,0.0008776727220987639,0.00028253495667212355,0.0,0.0006341953004865156,5911,3054,4535,0.2262222222222222,0.3359259259259259,0,0,0
flow,0.2,1.2,0,registered,during_vibration,flow_dump_0.2_1.2.shear.wave,1910,191000,191.0,0.191,158683.45183699526,1183.8974203321968,0.007460749099082709,7.460749099082708e+17,103,0.0006490909972503302,6.490909972503302e+26,974.4913962662583,4.226679686109616,116.89617289402314,32.2720821759677,0.0,56.011089309837764,0.006141102837032353,2.663591973315149e-05,0.0007366626547429952,0.00020337396119362601,0.0,0.00035297372638058163,5448,2687,5365,0.19903703703703704,0.39740740740740743,1,0,0
flow,0.2,1.2,0,registered,during_vibration,flow_dump_0.2_1.2.shear.wave,1911,191100,191.1,0.1911,158683.45183699526,1236.780777486531,0.007794012312997778,7.794012312997778e+17,102,0.000642789142908094,6.42789142908094e+26,1009.9205326942706,18.47304417361139,118.075760094541,19.788359980356237,0.0,70.5230805437517,0.006364372094272901,0.00011641443363979437,0.0007440962414646249,0.0001247033622679413,0.0,0.00044442618135251606,5460,2731,5309,0.2022962962962963,0.39325925925925925,1,0,0
flow,0.2,1.2,0,registered,during_vibration,flow_dump_0.2_1.2.shear.wave,1912,191200,191.20000000000002,0.19119999999999998,158683.45183699526,1227.8407283720803,0.007737673425666072,7.737673425666072e+17,106,0.0006679965602770389,6.679965602770389e+26,1001.522437237671,20.489432545936108,104.99258492813034,35.44882027909457,0.0,65.38745338124859,0.006311448519953216,0.00012912141945956352,0.0006616479772319428,0.00022339330200296333,0.0,0.00041206220701838956,5444,2702,5354,0.20014814814814816,0.3965925925925926,1,0,0
flow,0.2,1.2,0,registered,during_vibration,flow_dump_0.2_1.2.shear.wave,1913,191300,191.3,0.1913,158683.45183699526,1222.062410905739,0.0077012593106499895,7.701259310649989e+17,96,0.0006049780168546768,6.049780168546768e+26,941.4025979263915,5.6999667427538725,155.0552586383893,12.132408961696711,0.0,107.77217863650807,0.005932582049534885,3.5920360168425515e-05,0.000977135654936893,7.6456674097054e-05,0.0,0.0006791645719127356,5435,2692,5373,0.1994074074074074,0.398,1,0,0
flow,0.2,1.2,0,registered,during_vibration,flow_dump_0.2_1.2.shear.wave,1914,191400,191.4,0.1914,158683.45183699526,1122.4687554959444,0.007073634600846599,7.073634600846598e+17,95,0.0005986761625124405,5.986761625124405e+26,911.9870544337355,0.0,110.71070170683635,22.88605459761373,0.0,76.8849447577589,0.005747209579046452,0.0,0.0006976827162832451,0.00014422458254262718,0.0,0.00048451772297427453,5445,2730,5325,0.20222222222222222,0.39444444444444443,1,0,0
flow,0.2,1.2,0,registered,during_vibration,flow_dump_0.2_1.2.shear.wave,1915,191500,191.5,0.1915,158683.45183699526,1228.1391441393966,0.007739553998365126,7.739553998365126e+17,108,0.0006806002689615113,6.806002689615113e+26,987.0572486111566,14.969411956405054,103.44091319120133,26.728525544067466,0.0,95.9430448365668,0.006220291008195949,9.433505373819392e-05,0.0006518695679588516,0.0001684392747614532,0.0,0.0006046190937106825,5448,2750,5302,0.2037037037037037,0.3927407407407407,1,0,0
flow,0.2,1.2,0,registered,during_vibration,flow_dump_0.2_1.2.shear.wave,1916,191600,191.6,0.1916,158683.4518369953,1228.9534277911648,0.007744685495331832,7.744685495331832e+17,105,0.0006616947059348026,6.616947059348026e+26,997.4655679619354,0.0,113.18074502374114,40.78759836391218,0.0,77.5195164415764,0.006285882720692035,0.0,0.000713248569485393,0.0002570375038590067,0.0,0.0004885167012953999,5447,2705,5348,0.20037037037037037,0.39614814814814814,1,0,0
flow,0.2,1.2,0,registered,during_vibration,flow_dump_0.2_1.2.shear.wave,1917,191700,191.70000000000002,0.19169999999999998,158683.45183699526,1234.834119489507,0.007781744757846384,7.781744757846383e+17,108,0.0006806002689615113,6.806002689615113e+26,1007.69351534709,5.000639391791873,94.94711928670235,36.41510862417073,0.0,90.77773683975188,0.006350337755333336,3.1513301065121084e-05,0.0005983429159597251,0.00022948271040623377,0.0,0.0005720680750819669,5452,2690,5358,0.19925925925925925,0.3968888888888889,1,0,0
flow,0.2,1.2,0,registered,during_vibration,flow_dump_0.2_1.2.shear.wave,1918,191800,191.8,0.1918,158683.45183699526,1192.8908155951901,0.0075174241660722506,7.517424166072251e+17,99,0.0006238835798813854,6.238835798813854e+26,984.7123980966485,6.415584509236586,114.42902052246819,16.111240741837122,0.0,71.22257172499938,0.0062055141017992015,4.043007909751598e-05,0.0007211150198573532,0.0001015306924277593,0.0,0.0004488342728904177,5477,2687,5336,0.19903703703703704,0.39525925925925925,1,0,0
flow,0.2,1.2,0,registered,during_vibration,flow_dump_0.2_1.2.shear.wave,1919,191900,191.9,0.1919,158683.45183699526,1280.6552933851794,0.008070503121527189,8.070503121527188e+17,105,0.0006616947059348027,6.616947059348027e+26,1058.5162550416353,13.506083998834104,107.2343917026077,21.656913338065547,0.0,79.74164930403673,0.006670615258161748,8.511337409465977e-05,0.0006757755169881375,0.00013647871335892178,0.0,0.0005025202589237213,5482,2725,5293,0.20185185185185187,0.3920740740740741,1,0,0
flow,0.2,1.2,0,registered,during_vibration,flow_dump_0.2_1.2.shear.wave,1920,192000,192.0,0.192,158683.4518369953,1310.3653334019427,0.008257731466214838,8.257731466214838e+17,106,0.0006679965602770388,6.679965602770388e+26,1080.6300612534583,0.0,138.65753161269893,18.748867408329673,0.0,72.32887312745602,0.006809973243861093,0.0,0.000873799567677242,0.00011815263148919339,0.0,0.000455806023187311,5473,2729,5298,0.20214814814814816,0.39244444444444443,1,0,0
flow,0.2,1.2,0,registered,during_vibration,flow_dump_0.2_1.2.shear.wave,1921,192100,192.1,0.1921,158683.45183699526,1356.06833607668,0.008545745132073866,8.545745132073866e+17,103,0.0006490909972503302,6.490909972503302e+26,1051.661254765749,10.777165893775614,151.9066951696831,48.67983008669314,0.0,93.04339016077945,0.006627416044907122,6.79161296846899e-05,0.0009572938665698207,0.00030677319861114835,0.0,0.0005863458923010864,5443,2729,5328,0.20214814814814816,0.39466666666666667,1,0,0
flow,0.2,1.2,0,registered,during_vibration,flow_dump_0.2_1.2.shear.wave,1922,192200,192.20000000000002,0.19219999999999998,158683.45183699526,1227.763415748474,0.0077371862127732895,7.737186212773289e+17,104,0.0006553928515925665,6.553928515925665e+26,998.8789239029377,0.0,122.4666857092064,27.32064566969045,0.0,79.09716046664029,0.0062947894839659665,0.0,0.0007717672151158403,0.00017217072954623584,0.0,0.0004984587841452519,5436,2729,5335,0.20214814814814816,0.3951851851851852,1,0,0
flow,0.2,1.2,0,registered,during_vibration,flow_dump_0.2_1.2.shear.wave,1923,192300,192.3,0.1923,158683.45183699526,1182.920621896248,0.007454593457617635,7.454593457617635e+17,100,0.0006301854342236216,6.301854342236216e+26,961.3245621869964,0.0,101.14315717798597,28.023476492402956,0.0,92.42942603886249,0.0060581273665164526,0.0,0.000637389444249571,0.00017659986701820408,0.0,0.0005824767798334067,5465,2762,5273,0.2045925925925926,0.3905925925925926,1,0,0
flow,0.2,1.2,0,registered,during_vibration,flow_dump_0.2_1.2.shear.wave,1924,192400,192.4,0.1924,158683.4518369953,1223.5021426364156,0.007710332290308608,7.710332290308608e+17,107,0.0006742984146192749,6.742984146192749e+26,1020.5920394747757,6.596554826303814,91.14176454080794,32.12495671866447,0.0,73.04682707586366,0.00643162237561583,4.157052767594195e-05,0.0005743621246305612,0.00020244679799166616,0.0,0.0004603304643946093,5461,2757,5282,0.20422222222222222,0.39125925925925925,1,0,0
flow,0.2,1.2,0,registered,during_vibration,flow_dump_0.2_1.2.shear.wave,1925,192500,192.5,0.1925,158683.45183699526,1239.5071176702868,0.007811193311723193,7.811193311723194e+17,111,0.00069950583198822,6.995058319882199e+26,1010.9496067875704,9.70516765041421,104.25603369625466,32.44841831212044,0.0,82.14789122392772,0.006370857169316246,6.116055289989325e-05,0.0006570063386530677,0.00020448520583893332,0.0,0.0005176840450150572,5450,2708,5342,0.2005925925925926,0.3957037037037037,1,0,0
flow,0.2,1.2,0,registered,during_vibration,flow_dump_0.2_1.2.shear.wave,1926,192600,192.6,0.1926,158683.45183699526,1222.717886451787,0.007705390022066083,7.705390022066083e+17,100,0.0006301854342236216,6.301854342236216e+26,962.1765321153553,32.112814438658944,94.41008013273533,41.14549743831299,0.0,92.87296232672458,0.006063496356908935,0.0002023702791116887,0.0005949585734353472,0.0002592929316951018,0.0,0.0005852718809150097,5454,2709,5337,0.20066666666666666,0.3953333333333333,1,0,0
flow,0.2,1.2,0,registered,during_vibration,flow_dump_0.2_1.2.shear.wave,1927,192700,192.70000000000002,0.19269999999999998,158683.45183699526,1287.3020928820138,0.008112390283798288,8.112390283798287e+17,111,0.00069950583198822,6.995058319882199e+26,1042.42183657638,9.748310068281317,112.42288233591466,43.30949866698372,0.0,79.39956523445441,0.006569190577270711,6.143243013326363e-05,0.000708472629215295,0.00027293015223460497,0.0,0.0005003644949444142,5465,2720,5315,0.20148148148148148,0.3937037037037037,1,0,0
flow,0.2,1.2,0,registered,during_vibration,flow_dump_0.2_1.2.shear.wave,1928,192800,192.8,0.1928,158683.45183699526,1417.2881554460544,0.008931543516597674,8.931543516597674e+17,104,0.0006553928515925665,6.553928515925665e+26,1155.8400780287138,0.0,153.05391128385483,27.088236563159427,0.0,81.30592957032667,0.007283935814655897,0.0,0.0009645234554203971,0.00017070612120906805,0.0,0.0005123781253123151,5480,2736,5284,0.20266666666666666,0.3914074074074074,1,0,0
flow,0.2,1.2,0,registered,during_vibration,flow_dump_0.2_1.2.shear.wave,1929,192900,192.9,0.1929,158683.45183699526,1246.295630501148,0.007853973530783683,7.853973530783683e+17,105,0.0006616947059348027,6.616947059348027e+26,1032.29904822543,4.588225979674638,104.85885783975914,27.732441994776025,0.0,76.81705646150779,0.006505398239545738,2.8914331813173632e-05,0.0006608052485994162,0.0001747658100055933,0.0,0.00048408990081975743,5474,2727,5299,0.202,0.39251851851851854,1,0,0
flow,0.2,1.2,0,registered,during_vibration,flow_dump_0.2_1.2.shear.wave,1930,193000,193.0,0.193,158683.45183699526,1264.036926147703,0.007965776591790822,7.965776591790822e+17,104,0.0006553928515925665,6.553928515925665e+26,991.2947267857355,6.792743880481329,116.01024994455268,27.73856114550155,0.0,122.20064439143134,0.006246994978430551,4.280688251890975e-05,0.0007310796973569881,0.00017480437200216372,0.0,0.0007700906614822052,5442,2717,5341,0.20125925925925925,0.3956296296296296,1,0,0
flow,0.2,1.2,0,registered,during_vibration,flow_dump_0.2_1.2.shear.wave,1931,193100,193.1,0.1931,158683.45183699526,1154.9023847341828,0.007278026608096071,7.27802660809607e+17,94,0.0005923743081702043,5.9237430817020434e+26,928.3514162384002,0.0,115.89291630136867,26.497444005829983,0.0,84.16060818858351,0.005850335403543103,0.0,0.0007303402778281985,0.00016698303256630067,0.0,0.0005303678941584658,5448,2770,5282,0.2051851851851852,0.39125925925925925,1,0,0
flow,0.2,1.2,0,registered,during_vibration,flow_dump_0.2_1.2.shear.wave,1932,193200,193.20000000000002,0.19319999999999998,158683.45183699526,1302.7414936975213,0.008209687138869019,8.209687138869019e+17,113,0.0007121095406726924,7.121095406726925e+26,1046.0897028273805,0.0,120.48137779442739,35.07214175295626,0.0,101.09827132275744,0.00659230493613132,0.0,0.0007592560938124143,0.00022101952879739151,0.0,0.0006371065801278941,5486,2786,5228,0.20637037037037037,0.38725925925925925,1,0,0
flow,0.2,1.2,0,registered,during_vibration,flow_dump_0.2_1.2.shear.wave,1933,193300,193.3,0.1933,158683.45183699526,1212.0557525207305,0.00763819880705515,7.63819880705515e+17,108,0.0006806002689615113,6.806002689615113e+26,1002.614783698282,6.545826530755676,93.9564927617172,45.85910180903668,0.0,63.07954772093841,0.006318332328239243,4.125084534636768e-05,0.0005921001318917132,0.0002889973798663305,0.0,0.0003975181217114923,5469,2730,5301,0.20222222222222222,0.39266666666666666,1,0,0
flow,0.2,1.2,0,registered,during_vibration,flow_dump_0.2_1.2.shear.wave,1934,193400,193.4,0.1934,158683.45183699526,1182.459611492402,0.0074516882372023426,7.451688237202342e+17,101,0.0006364872885658578,6.364872885658577e+26,974.8098952468853,4.4419045543626705,94.9467179311867,28.669413559086387,0.0,79.59168020088121,0.0061431099712164145,2.7992235503709218e-05,0.0005983403866757261,0.0001806704683266944,0.0,0.0005015751754797995,5466,2714,5320,0.20103703703703704,0.3940740740740741,1,0,0
flow,0.2,1.2,0,registered,during_vibration,flow_dump_0.2_1.2.shear.wave,1935,193500,193.5,0.19349999999999998,158683.4518369953,1215.7595721274618,0.007661539738726688,7.661539738726688e+17,102,0.0006427891429080939,6.427891429080939e+26,984.5435082528006,4.1209664789951495,104.78907789937257,47.32498030456475,0.0,74.98103919172863,0.006204449782603388,2.5969730499865467e-05,0.00066036550557909,0.0002982351326285647,0.0,0.00047251958741577885,5451,2722,5327,0.20162962962962963,0.3945925925925926,1,0,0
flow,0.2,1.2,0,registered,during_vibration,flow_dump_0.2_1.2.shear.wave,1936,193600,193.6,0.1936,158683.45183699526,1258.094673593231,0.007928329381727757,7.928329381727757e+17,110,0.0006932039776459838,6.932039776459838e+26,1048.763330885996,4.073560777443058,118.2355996643839,20.68084392593658,0.0,66.3413383394713,0.006609153750722032,2.567098667369267e-05,0.0007451035271519006,0.0001303276660957729,0.0,0.0004180734510843592,5490,2744,5266,0.20325925925925925,0.3900740740740741,1,0,0
flow,0.2,1.2,0,registered,during_vibration,flow_dump_0.2_1.2.shear.wave,1937,193700,193.70000000000002,0.19369999999999998,158683.45183699526,1275.9459417352573,0.00804082547338301,8.040825473383009e+17,103,0.0006490909972503302,6.490909972503302e+26,1061.6558733164625,0.0,120.61910491299587,35.514944260601546,0.0,58.15601924519792,0.006690400675219931,0.0,0.0007601240300526087,0.00022381000570294903,0.0,0.0003664907624075234,5478,2743,5279,0.2031851851851852,0.391037037037037,1,0,0
flow,0.2,1.2,0,registered,during_vibration,flow_dump_0.2_1.2.shear.wave,1938,193800,193.8,0.1938,158683.45183699526,1304.4187951897438,0.00822025724856102,8.22025724856102e+17,102,0.000642789142908094,6.42789142908094e+26,1071.275123216587,3.240150900758561,113.42160941076253,36.758789715750815,0.0,79.72312194588505,0.006751019786972086,2.0418959023445923e-05,0.0007147664617686339,0.00023164853858555223,0.0,0.000502403502211303,5463,2718,5319,0.20133333333333334,0.394,1,0,0
flow,0.2,1.2,0,registered,during_vibration,flow_dump_0.2_1.2.shear.wave,1939,193900,193.9,0.1939,158683.4518369953,1150.5018072453197,0.007250294809739531,7.25029480973953e+17,95,0.0005986761625124404,5.986761625124404e+26,937.9791649713967,0.0,121.60210455752723,14.21075239290197,0.0,76.70978532349415,0.005911008073702095,0.0,0.0007663187506309152,8.955409167365297e-05,0.0,0.0004834138937328694,5460,2734,5306,0.20251851851851851,0.393037037037037,1,0,0
flow,0.2,1.2,0,registered,during_vibration,flow_dump_0.2_1.2.shear.wave,1940,194000,194.0,0.19399999999999998,158683.45183699526,1235.7653780218511,0.0077876134134721815,7.787613413472182e+17,107,0.0006742984146192752,6.742984146192752e+26,1018.9859700883093,7.3139693696991905,111.63600493758562,19.440646829601153,0.0,78.38878679665694,0.006421501160278795,4.609156963142152e-05,0.0007035138424658276,0.00012251212463900275,0.0,0.0004939947164571415,5466,2784,5250,0.20622222222222222,0.3888888888888889,1,0,0
flow,0.2,1.2,0,registered,during_vibration,flow_dump_0.2_1.2.shear.wave,1941,194100,194.1,0.1941,158683.45183699526,1230.423373394412,0.007753948878414508,7.753948878414508e+17,105,0.0006616947059348027,6.616947059348027e+26,1005.4038368830437,0.0,98.49431517214128,46.339545096838464,0.0,80.18567624238788,0.006335908535162361,0.0,0.000620696827753141,0.00029202506348576245,0.0,0.0005053184520132395,5477,2750,5273,0.2037037037037037,0.3905925925925926,1,0,0
flow,0.2,1.2,0,registered,during_vibration,flow_dump_0.2_1.2.shear.wave,1942,194200,194.20000000000002,0.19419999999999998,158683.45183699526,1205.7368619626861,0.007598378079153823,7.598378079153823e+17,101,0.0006364872885658578,6.364872885658577e+26,998.2951261231947,3.339328322982861,91.25246767992437,44.397539692359665,0.0,68.45240014422451,0.006291110475392705,2.1043960692341923e-05,0.0005750597596885013,0.0002797868282949015,0.0,0.00043137705508537223,5458,2717,5325,0.20125925925925925,0.39444444444444443,1,0,0
flow,0.2,1.2,0,registered,during_vibration,flow_dump_0.2_1.2.shear.wave,1943,194300,194.3,0.1943,158683.4518369953,1232.8752503083585,0.00776940024959129,7.76940024959129e+17,104,0.0006553928515925663,6.553928515925663e+26,996.6348744120183,7.316240446763722,101.9277704075159,40.39405516817512,0.0,86.60230987388587,0.0062806478109374226,4.6105881628282186e-05,0.00064233396253706,0.0002545574519620936,0.0,0.0005457551425264339,5448,2722,5330,0.20162962962962963,0.39481481481481484,1,0,0
flow,0.2,1.2,0,registered,during_vibration,flow_dump_0.2_1.2.shear.wave,1944,194400,194.4,0.1944,158683.45183699526,1230.1430082962402,0.007752182058403182,7.752182058403182e+17,100,0.0006301854342236216,6.301854342236216e+26,1014.8104218118923,11.694263050293783,110.04890955136374,30.76217558014061,0.0,62.82723830255001,0.006395187463241839,7.369554238274641e-05,0.0006935121985146221,0.00019385874975634199,0.0,0.0003959281045076343,5477,2751,5272,0.20377777777777778,0.39051851851851854,1,0,0
flow,0.2,1.2,0,registered,during_vibration,flow_dump_0.2_1.2.shear.wave,1945,194500,194.5,0.19449999999999998,158683.45183699526,1244.4365190785325,0.007842257681392371,7.842257681392371e+17,108,0.0006806002689615113,6.806002689615113e+26,985.0652973775032,9.066882914873396,138.36069796626236,30.3610236144025,0.0,81.58261720549021,0.0062077380216646275,5.713817546764227e-05,0.0008719289652735241,0.0001913307484991587,0.0,0.0005141217704874135,5475,2741,5284,0.20303703703703704,0.3914074074074074,1,0,0
flow,0.2,1.2,0,registered,during_vibration,flow_dump_0.2_1.2.shear.wave,1946,194600,194.6,0.1946,158683.45183699526,1198.2940192170386,0.007551474368278582,7.551474368278582e+17,103,0.0006490909972503302,6.490909972503302e+26,976.9941905965201,7.690051510275312,123.52323156655254,25.530391170902355,0.0,64.55615437278834,0.006156875082350237,4.8461584502048645e-05,0.0007784254132147287,0.00016088880645934015,0.0,0.0004068234817522277,5468,2724,5308,0.20177777777777778,0.3931851851851852,1,0,0
flow,0.2,1.2,0,registered,during_vibration,flow_dump_0.2_1.2.shear.wave,1947,194700,194.70000000000002,0.19469999999999998,158683.4518369953,1224.6139490579205,0.007717338732433695,7.717338732433695e+17,103,0.0006490909972503301,6.490909972503302e+26,1003.8166403222464,5.436604081861839,117.26707447308988,22.95384111445301,0.0,75.13978906627008,0.006325906253623717,3.426068704030016e-05,0.000739000022469579,0.00014465176329811586,0.0,0.0004735200060019874,5451,2736,5313,0.20266666666666666,0.39355555555555555,1,0,0
flow,0.2,1.2,0,registered,during_vibration,flow_dump_0.2_1.2.shear.wave,1948,194800,194.8,0.1948,158683.45183699526,1258.9538087097728,0.007933743526092505,7.933743526092504e+17,99,0.0006238835798813854,6.238835798813854e+26,1020.8569218255112,0.0,114.74599961607225,39.01427944564862,0.0,84.33660782254128,0.006433291625607995,0.0,0.0007231125759347802,0.0002458623063337779,0.0,0.0005314770182159546,5457,2773,5270,0.2054074074074074,0.39037037037037037,1,0,0
flow,0.2,1.2,0,registered,during_vibration,flow_dump_0.2_1.2.shear.wave,1949,194900,194.9,0.1949,158683.45183699526,1223.8825983699908,0.007712729866925269,7.71272986692527e+17,106,0.0006679965602770389,6.679965602770389e+26,997.0357224743797,4.87932942303001,97.37276427786495,33.31156969919378,0.0,91.28321249552292,0.006283173897039793,3.07488233117226e-05,0.0006136289773800067,0.0002099246601555687,0.0,0.0005752535090381823,5481,2766,5253,0.2048888888888889,0.38911111111111113,1,0,0
flow,0.2,1.2,0,registered,during_vibration,flow_dump_0.2_1.2.shear.wave,1950,195000,195.0,0.19499999999999998,158683.45183699526,1224.989112775834,0.007719702959538479,7.719702959538479e+17,103,0.0006490909972503302,6.490909972503302e+26,1005.9919891897965,0.0,96.98577209080862,34.407181868834556,0.0,87.60416962639385,0.0063396149853305675,0.0,0.0006111902089855943,0.00021682904846422624,0.0,0.0005520687167580882,5458,2734,5308,0.20251851851851851,0.3931851851851852,1,0,0
flow,0.2,1.2,0,registered,during_vibration,flow_dump_0.2_1.2.shear.wave,1951,195100,195.1,0.1951,158683.45183699526,1158.9326113799882,0.007303424509384136,7.303424509384136e+17,97,0.000611279871196913,6.112798711969129e+26,934.1196822365854,0.0,109.85426173910847,31.797017705099307,0.0,83.16164969919542,0.00588668617567094,0.0,0.0006922855563537545,0.0002003801740950419,0.0,0.0005240726032644018,5427,2710,5363,0.20074074074074075,0.39725925925925926,1,0,0
flow,0.2,1.2,0,registered,during_vibration,flow_dump_0.2_1.2.shear.wave,1952,195200,195.20000000000002,0.19519999999999998,158683.45183699526,1213.857250359354,0.0076495515840320095,7.649551584032009e+17,102,0.000642789142908094,6.42789142908094e+26,1015.793404766096,4.152538876818786,98.67849008006326,30.550234367923416,0.0,64.68258226845198,0.006401382078640132,2.6168695152185168e-05,0.00062185747119636,0.00019252312710783226,0.0,0.0004076202119354954,5435,2731,5334,0.2022962962962963,0.39511111111111114,1,0,0
flow,0.2,1.2,0,registered,during_vibration,flow_dump_0.2_1.2.shear.wave,1953,195300,195.3,0.1953,158683.45183699526,1215.8821896528823,0.007662312456511695,7.662312456511695e+17,104,0.0006553928515925665,6.553928515925665e+26,1014.4669599203612,2.593397199702434,116.98716164731943,25.93183506769232,0.0,55.90283581780717,0.006393023016429302,1.6343211404088028e-05,0.00073723605261305,0.00016341864742349023,0.0,0.0003522915286417664,5462,2762,5276,0.2045925925925926,0.39081481481481484,1,0,0
flow,0.2,1.2,0,registered,during_vibration,flow_dump_0.2_1.2.shear.wave,1954,195400,195.4,0.1954,158683.4518369953,1171.1502833942643,0.007380418498819318,7.380418498819318e+17,97,0.0006112798711969128,6.1127987119691286e+26,959.7993553487145,7.463305360393337,118.95504499173714,32.6382452782374,0.0,52.29433241518163,0.006048515735179816,4.703266329282957e-05,0.000749637366812083,0.000205681467729631,0.0,0.00032955126580495636,5445,2729,5326,0.20214814814814816,0.39451851851851855,1,0,0
flow,0.2,1.2,0,registered,during_vibration,flow_dump_0.2_1.2.shear.wave,1955,195500,195.5,0.19549999999999998,158683.45183699526,1154.4901461487084,0.007275428740576162,7.275428740576161e+17,99,0.0006238835798813854,6.238835798813854e+26,938.0919995724599,3.4489993526960196,104.07705465448956,26.728937492868333,0.0,82.14315507619473,0.0059117191409227615,2.173509154715731e-05,0.000655878438801551,0.0001684418708027927,0.0,0.0005176541985019007,5429,2729,5342,0.20214814814814816,0.3957037037037037,1,0,0
flow,0.2,1.2,0,registered,during_vibration,flow_dump_0.2_1.2.shear.wave,1956,195600,195.6,0.1956,158683.45183699526,1098.0305438842925,0.006919628550885223,6.919628550885222e+17,91,0.0005734687451434957,5.734687451434957e+26,896.624786576826,0.0,117.56187385597283,14.962365087755707,0.0,68.881518363738,0.005650398804645791,0.0,0.0007408578052406887,9.429064539839686e-05,0.0,0.00043408129560034597,5445,2757,5298,0.20422222222222222,0.39244444444444443,1,0,0
flow,0.2,1.2,0,registered,during_vibration,flow_dump_0.2_1.2.shear.wave,1957,195700,195.70000000000002,0.19569999999999999,158683.45183699526,1240.243609275022,0.007815834574540515,7.815834574540515e+17,104,0.0006553928515925665,6.553928515925665e+26,1011.8839167059449,6.45190663485042,96.23708339599344,41.00904964744764,0.0,84.66165289078567,0.006376745054332348,4.065897584253477e-05,0.00060647208188319,0.00025843305759174845,0.0,0.000533525404890693,5464,2783,5253,0.20614814814814814,0.38911111111111113,1,0,0
flow,0.2,1.2,0,registered,during_vibration,flow_dump_0.2_1.2.shear.wave,1958,195800,195.8,0.1958,158683.4518369953,1175.2621735795112,0.007406331031838015,7.406331031838015e+17,102,0.0006427891429080939,6.427891429080939e+26,948.1783842465455,6.1095479166228595,100.28066432413064,36.437815766159474,0.0,84.25576132605215,0.005975282067978611,3.850148106746999e-05,0.000631954139913355,0.0002296258075075753,0.0,0.0005309675353709998,5467,2735,5298,0.2025925925925926,0.39244444444444443,1,0,0
flow,0.2,1.2,0,registered,during_vibration,flow_dump_0.2_1.2.shear.wave,1959,195900,195.9,0.1959,158683.45183699526,1175.7021949211085,0.007409103982240237,7.409103982240237e+17,95,0.0005986761625124405,5.986761625124405e+26,970.8963930700339,4.914687715525833,95.50412240349807,33.57682002039513,0.0,70.81017171165577,0.006118447650529873,3.0971646120821456e-05,0.0006018530684699434,0.00021159622904401098,0.0,0.00044623538807558996,5454,2705,5341,0.20037037037037037,0.3956296296296296,1,0,0
flow,0.2,1.2,0,registered,during_vibration,flow_dump_0.2_1.2.shear.wave,1960,196000,196.0,0.19599999999999998,158683.45183699526,1194.2672662215382,0.007526098357428775,7.526098357428776e+17,104,0.0006553928515925665,6.553928515925665e+26,980.9776716306925,4.50446510577495,102.50576246141179,33.31304937474086,0.0,72.96631764891788,0.0061819783996026525,2.8386482986279388e-05,0.000645976384271682,0.0002099339848553401,0.0,0.00045982310571282016,5445,2705,5350,0.20037037037037037,0.3962962962962963,1,0,0
flow,0.2,1.2,0,registered,during_vibration,flow_dump_0.2_1.2.shear.wave,1961,196100,196.1,0.1961,158683.45183699526,1197.5870862113202,0.007547019379446826,7.547019379446826e+17,97,0.000611279871196913,6.112798711969129e+26,976.0857850818584,2.6557098301525865,124.40311337175181,17.55278526293672,0.0,76.88969266462026,0.006151150443113155,1.6735896524866482e-05,0.0007839703001894785,0.00011061509602757762,0.0,0.00048454764359174527,5467,2735,5298,0.2025925925925926,0.39244444444444443,1,0,0
flow,0.2,1.2,0,registered,during_vibration,flow_dump_0.2_1.2.shear.wave,1962,196200,196.20000000000002,0.19619999999999999,158683.4518369953,1259.4918566096676,0.007937134225586786,7.937134225586785e+17,100,0.0006301854342236215,6.301854342236214e+26,1015.1373325048785,4.734814887115639,129.04186290769098,28.738708448009046,0.0,81.83913786197323,0.006397247606811957,2.9838113756054362e-05,0.0008132030240950828,0.0001811071546233464,0.0,0.0005157383263003442,5471,2743,5286,0.2031851851851852,0.39155555555555555,1,0,0
flow,0.2,1.2,0,registered,during_vibration,flow_dump_0.2_1.2.shear.wave,1963,196300,196.3,0.1963,158683.45183699526,1237.2938954614494,0.007797245907736098,7.797245907736097e+17,93,0.0005860724538279681,5.860724538279681e+26,997.9521466663177,4.620549260032506,128.3053982463585,20.43386606630247,0.0,85.98193522243848,0.0062889490688130874,2.9118028417852183e-05,0.0008085619310711612,0.0001287712475986015,0.0,0.0005418456318353969,5444,2732,5324,0.20237037037037037,0.39437037037037037,1,0,0
flow,0.2,1.2,0,registered,during_vibration,flow_dump_0.2_1.2.shear.wave,1964,196400,196.4,0.1964,158683.45183699526,1153.5794501493888,0.007269689667038392,7.269689667038392e+17,93,0.0005860724538279681,5.860724538279681e+26,973.027558314977,4.883145290000764,106.32741016472741,13.121062528826837,0.0,56.22027385085699,0.006131877943482741,3.077287034956164e-05,0.0006700598514453186,8.26870248720403e-05,0.0,0.0003542919768887323,5432,2751,5317,0.20377777777777778,0.39385185185185184,1,0,0
flow,0.2,1.2,0,registered,during_vibration,flow_dump_0.2_1.2.shear.wave,1965,196500,196.5,0.19649999999999998,158683.45183699526,1161.4773629965998,0.007319461163409193,7.319461163409193e+17,104,0.0006553928515925665,6.553928515925665e+26,929.6048971078511,9.95353796526497,110.69237067472122,25.700617886578193,0.0,85.52593936218442,0.005858234657403163,6.272574644701808e-05,0.0006975671967889127,0.00016196155042668656,0.0,0.0005389720123434132,5456,2774,5270,0.2054814814814815,0.39037037037037037,1,0,0
flow,0.2,1.2,0,registered,during_vibration,flow_dump_0.2_1.2.shear.wave,1966,196600,196.6,0.1966,158683.4518369953,1202.9512409947645,0.0075808235015613,7.5808235015613e+17,105,0.0006616947059348026,6.616947059348026e+26,986.1613906683262,6.1054211617955225,101.39513767848038,30.32849800186725,0.0,78.96079348429595,0.006214645441928896,3.847547485964199e-05,0.0006389773886607704,0.00019112577682656948,0.0,0.0004975994192854274,5445,2730,5325,0.20222222222222222,0.39444444444444443,1,0,0
flow,0.2,1.2,0,registered,during_vibration,flow_dump_0.2_1.2.shear.wave,1967,196700,196.70000000000002,0.19669999999999999,158683.45183699526,1160.9086077870375,0.007315876950922142,7.315876950922141e+17,96,0.0006049780168546768,6.049780168546768e+26,962.50942090468,5.743959399095865,98.08677366943346,35.828757227290104,0.0,58.739696586537484,0.006065594173571423,3.61975954808208e-05,0.0006181285605646601,0.00022578760930972534,0.0,0.0003701690119955091,5446,2695,5359,0.19962962962962963,0.39696296296296296,1,0,0
flow,0.2,1.2,0,registered,during_vibration,flow_dump_0.2_1.2.shear.wave,1968,196800,196.8,0.1968,158683.45183699526,1165.587531968127,0.007345362849589736,7.345362849589736e+17,97,0.000611279871196913,6.112798711969129e+26,964.2332821318466,10.25827576019134,102.85922260924384,25.81462996091382,0.0,62.422121505931116,0.006076457695931256,6.464615964321831e-05,0.0006482038386391049,0.00016268003791240586,0.0,0.0003933751174637487,5429,2699,5372,0.19992592592592592,0.3979259259259259,1,0,0
flow,0.2,1.2,0,registered,during_vibration,flow_dump_0.2_1.2.shear.wave,1969,196900,196.9,0.1969,158683.45183699526,1226.460205143195,0.007728973569361564,7.728973569361564e+17,101,0.0006364872885658578,6.364872885658577e+26,998.8058919195925,0.0,128.39427021240547,26.53704833414816,0.0,72.7229946770491,0.0062943292470446005,0.0,0.0008091219892562974,0.00016723261327468393,0.0,0.0004582897197859831,5450,2740,5310,0.20296296296296296,0.3933333333333333,1,0,0
flow,0.2,1.2,0,registered,during_vibration,flow_dump_0.2_1.2.shear.wave,1970,197000,197.0,0.19699999999999998,158683.45183699526,1196.2801102379033,0.00753878300723355,7.53878300723355e+17,100,0.0006301854342236216,6.301854342236216e+26,946.5971606358893,3.7079094769508014,118.22383293271591,19.13090163341692,0.0,108.62030555893084,0.005965317427101752,2.3366705437941226e-05,0.0007450293749228447,0.00012056015552944232,0.0,0.0006845093442415729,5459,2734,5307,0.20251851851851851,0.39311111111111113,1,0,0
flow,0.2,1.2,0,registered,during_vibration,flow_dump_0.2_1.2.shear.wave,1971,197100,197.1,0.1971,158683.45183699526,1164.0399877219595,0.007335610451162222,7.335610451162222e+17,95,0.0005986761625124405,5.986761625124405e+26,954.8454422661595,0.0,120.68122314138824,33.56009183571949,0.0,54.95323047869254,0.006017296896509457,0.0,0.0007605154900799352,0.00021149081046077504,0.0,0.0003463072541120562,5438,2728,5334,0.20207407407407407,0.39511111111111114,1,0,0
flow,0.2,1.2,0,registered,during_vibration,flow_dump_0.2_1.2.shear.wave,1972,197200,197.20000000000002,0.1972,158683.45183699526,1289.0087232835947,0.008123145220005082,8.123145220005082e+17,98,0.0006175817255391491,6.1758172553914915e+26,1078.9457708192617,4.833318425890118,121.58840795636578,22.094324467697835,0.0,61.54690161437906,0.006799359090874766,3.0458868709605954e-05,0.0007662324366454121,0.00013923521458553747,0.0,0.00038785960918975984,5434,2732,5334,0.20237037037037037,0.39511111111111114,1,0,0
flow,0.2,1.2,0,registered,during_vibration,flow_dump_0.2_1.2.shear.wave,1973,197300,197.3,0.1973,158683.45183699526,1188.2896215403807,0.007488428111338478,7.488428111338478e+17,97,0.000611279871196913,6.112798711969129e+26,982.1788139883803,0.0,110.18233760601538,21.062560162411767,0.0,74.86590978357293,0.006189547823785091,0.0,0.0006943530426802047,0.00013273318621810613,0.0,0.0004717940586550739,5459,2761,5280,0.20451851851851852,0.39111111111111113,1,0,0
flow,0.2,1.2,0,registered,during_vibration,flow_dump_0.2_1.2.shear.wave,1974,197400,197.4,0.1974,158683.45183699526,1198.8768628306022,0.007555147363835563,7.555147363835564e+17,104,0.0006553928515925665,6.553928515925665e+26,988.9085711303657,0.0,98.72653987075319,25.339930230539657,0.0,85.9018215989434,0.006231957773052506,0.0,0.0006221602739784628,0.0001596885493552891,0.0,0.0005413407674493022,5441,2765,5294,0.2048148148148148,0.39214814814814813,1,0,0
flow,0.2,1.2,0,registered,during_vibration,flow_dump_0.2_1.2.shear.wave,1975,197500,197.5,0.19749999999999998,158683.45183699526,1218.1898275625504,0.007676854854493045,7.676854854493046e+17,102,0.000642789142908094,6.42789142908094e+26,1007.0269682344069,0.0,96.27621333350251,34.51313041166593,0.0,80.37351558297459,0.006346137272516969,0.0,0.0006067186730497931,0.00021749672074892172,0.0,0.0005065021881773586,5437,2710,5353,0.20074074074074075,0.3965185185185185,1,0,0
flow,0.2,1.2,0,registered,during_vibration,flow_dump_0.2_1.2.shear.wave,1976,197600,197.6,0.1976,158683.45183699526,1158.714786711233,0.007302051810049495,7.302051810049495e+17,95,0.0005986761625124405,5.986761625124405e+26,954.1739465514851,0.0,100.71646278291273,30.024042766884445,0.0,73.80033460995078,0.006013065228324143,0.0,0.0006347004783231709,0.0001892071442819766,0.0,0.000465078959120204,5423,2703,5374,0.20022222222222222,0.3980740740740741,1,0,0
flow,0.2,1.2,0,registered,during_vibration,flow_dump_0.2_1.2.shear.wave,1977,197700,197.70000000000002,0.1977,158683.4518369953,1201.474068413099,0.0075715145751132995,7.571514575113299e+17,107,0.0006742984146192749,6.742984146192749e+26,985.4320081538946,0.0,116.43197199573324,31.581291905365234,0.0,68.02879635810567,0.006210048979563174,0.0,0.0007337373282964368,0.00019902070152725532,0.0,0.00042870756572643137,5412,2718,5370,0.20133333333333334,0.3977777777777778,1,0,0
flow,0.2,1.2,0,registered,during_vibration,flow_dump_0.2_1.2.shear.wave,1978,197800,197.8,0.1978,158683.45183699526,1182.0575161383435,0.007449154290849376,7.449154290849376e+17,100,0.0006301854342236216,6.301854342236216e+26,963.9942261210796,0.0,113.0081770100398,19.079510442005265,0.0,85.97560256521841,0.006074951199771766,0.0,0.0007121610709989182,0.00012023629572669211,0.0,0.0005418057243519968,5439,2732,5329,0.20237037037037037,0.3947407407407407,1,0,0
flow,0.2,1.2,0,registered,during_vibration,flow_dump_0.2_1.2.shear.wave,1979,197900,197.9,0.1979,158683.45183699526,1163.8672140762667,0.007334521656812889,7.334521656812888e+17,94,0.0005923743081702043,5.9237430817020434e+26,963.9773015120628,3.7927045818557046,105.86211391286632,28.474016092909913,0.0,61.761077976572075,0.006074844543350943,2.3901071837986562e-05,0.0006671276222401016,0.00017943910195600824,0.0,0.00038920931742785023,5422,2716,5362,0.2011851851851852,0.3971851851851852,1,0,0
flow,0.2,1.2,0,registered,during_vibration,flow_dump_0.2_1.2.shear.wave,1980,198000,198.0,0.19799999999999998,158683.45183699526,1139.844265652868,0.007183132534977577,7.183132534977577e+17,95,0.0005986761625124405,5.986761625124405e+26,930.7142515968256,4.306221037644848,108.78823429722073,31.50355777933949,0.0,64.53200094183711,0.005865225647806586,2.713717774471113e-05,0.0006855676066901512,0.0001985308323876201,0.0,0.0004066712703485078,5426,2710,5364,0.20074074074074075,0.3973333333333333,1,0,0
flow,0.2,1.2,0,registered,during_vibration,flow_dump_0.2_1.2.shear.wave,1981,198100,198.1,0.1981,158683.4518369953,1177.108006754208,0.0074179632036450215,7.417963203645021e+17,100,0.0006301854342236215,6.301854342236214e+26,961.6099892103223,0.0,114.16052099592245,24.989402300152225,0.0,76.34809424781093,0.006059926086042789,0.0,0.0007194229749501025,0.00015747957339510196,0.0,0.00048113456925702713,5427,2743,5330,0.2031851851851852,0.39481481481481484,1,0,0
flow,0.2,1.2,0,registered,during_vibration,flow_dump_0.2_1.2.shear.wave,1982,198200,198.20000000000002,0.1982,158683.45183699526,1188.6716035799495,0.007490835306513191,7.490835306513192e+17,100,0.0006301854342236216,6.301854342236216e+26,959.2809993582187,5.8278467318998874,106.92695981523188,24.686104658948416,0.0,91.94969301565058,0.006045249131230287,3.672624123331045e-05,0.0006738381260137364,0.00015556823583789175,0.0,0.0005794535721979646,5436,2779,5285,0.20585185185185184,0.3914814814814815,1,0,0
flow,0.2,1.2,0,registered,during_vibration,flow_dump_0.2_1.2.shear.wave,1983,198300,198.3,0.1983,158683.45183699526,1183.7333672662119,0.007459715260556474,7.459715260556475e+17,108,0.0006806002689615113,6.806002689615113e+26,972.4168794546359,3.097943514885142,92.59021090164751,25.75477673736453,0.0,89.87355665767868,0.0061280295342549885,1.9522788791281458e-05,0.0005834900226191144,0.00016230285161568495,0.0,0.000566370063275405,5446,2716,5338,0.2011851851851852,0.39540740740740743,1,0,0
flow,0.2,1.2,0,registered,during_vibration,flow_dump_0.2_1.2.shear.wave,1984,198400,198.4,0.1984,158683.45183699526,1153.2738840305142,0.007267764033865322,7.267764033865322e+17,95,0.0005986761625124405,5.986761625124405e+26,946.3261947505433,8.542353280408465,101.10289406185531,31.048082725532403,0.0,66.25435921217459,0.005963609839560587,5.383266611305787e-05,0.000637135711956351,0.00019566049494200563,0.0,0.0004175253212933205,5428,2678,5394,0.19837037037037036,0.39955555555555555,1,0,0
flow,0.2,1.2,0,registered,during_vibration,flow_dump_0.2_1.2.shear.wave,1985,198500,198.5,0.19849999999999998,158683.4518369953,1257.4115565511288,0.00792402447762973,7.924024477629729e+17,111,0.0006995058319882199,6.995058319882199e+26,1029.2737733897868,11.52193339056241,114.82461380922156,26.726049340108936,0.0,75.0651866214491,0.006486333398186282,7.260954596827216e-05,0.0007236079911292394,0.00016842367008478482,0.0,0.00047304987226115086,5399,2690,5411,0.19925925925925925,0.4008148148148148,1,0,0
flow,0.2,1.2,0,registered,during_vibration,flow_dump_0.2_1.2.shear.wave,1986,198600,198.6,0.1986,158683.45183699526,1183.665513699332,0.0074592876572613966,7.459287657261396e+17,101,0.0006364872885658578,6.364872885658577e+26,947.9522931361533,8.137141689730685,123.55039597361379,22.764347738791056,0.0,81.26133516104277,0.005973857274732846,5.1279081690820654e-05,0.0007785965993513219,0.0001434576036458756,0.0,0.0005120970978405298,5413,2724,5363,0.20177777777777778,0.39725925925925926,1,0,0
flow,0.2,1.2,0,registered,during_vibration,flow_dump_0.2_1.2.shear.wave,1987,198700,198.70000000000002,0.1987,158683.45183699526,1270.122459795884,0.008004126738436436,8.004126738436435e+17,103,0.0006490909972503302,6.490909972503302e+26,1014.110772841569,3.353015429861343,123.4413790160367,27.859784085924648,0.0,101.35750842249205,0.006390778377340167,2.1130214846256738e-05,0.0007779095903638374,0.00017556830131564767,0.0,0.0006387402545705253,5420,2704,5376,0.2002962962962963,0.3982222222222222,1,0,0
flow,0.2,1.2,0,registered,during_vibration,flow_dump_0.2_1.2.shear.wave,1988,198800,198.8,0.1988,158683.45183699526,1171.432636676989,0.007382197848080103,7.382197848080102e+17,94,0.0005923743081702043,5.9237430817020434e+26,958.5927715739952,5.010635338217805,107.87854202004547,26.476164539832006,0.0,73.47452320489845,0.00604091201997983,3.1576294063510105e-05,0.0006798348584631357,0.00016684893247110086,0.0,0.0004630257431025249,5418,2698,5384,0.19985185185185186,0.3988148148148148,1,0,0
flow,0.2,1.2,0,registered,during_vibration,flow_dump_0.2_1.2.shear.wave,1989,198900,198.9,0.1989,158683.4518369953,1211.2818457413323,0.007633321759256912,7.633321759256911e+17,102,0.0006427891429080939,6.427891429080939e+26,1039.4512502164541,4.900210466879268,91.75310151788749,16.10344982063366,0.0,59.073833719478294,0.006550470374719424,3.0880412608574466e-05,0.0005782146812141395,0.00010148159517714322,0.0,0.0003722746955376344,5415,2723,5362,0.2017037037037037,0.3971851851851852,1,0,0
flow,0.2,1.2,0,registered,during_vibration,flow_dump_0.2_1.2.shear.wave,1990,199000,199.0,0.19899999999999998,158683.45183699526,1158.3483711406593,0.0072997427124950115,7.299742712495012e+17,103,0.0006490909972503302,6.490909972503302e+26,960.1425944008495,4.87835475697076,91.29305683126414,26.577442466929092,0.0,75.45692268464568,0.006050678777690939,3.0742681108184885e-05,0.0005753155466081195,0.0001674871712157503,0.0,0.00047551853587201676,5426,2759,5315,0.20437037037037037,0.3937037037037037,1,0,0
flow,0.2,1.2,0,registered,during_vibration,flow_dump_0.2_1.2.shear.wave,1991,199100,199.1,0.1991,158683.45183699526,1177.8040495962478,0.0074223495642515135,7.422349564251514e+17,102,0.000642789142908094,6.42789142908094e+26,961.0417978801852,4.306781864494788,94.24553564407093,39.953031976027084,0.0,78.25690223146984,0.006056345427041745,2.7140711993830665e-05,0.0005939216380349664,0.00025177818804362866,0.0,0.0004931635991373432,5400,2720,5380,0.20148148148148148,0.3985185185185185,1,0,0
flow,0.2,1.2,0,registered,during_vibration,flow_dump_0.2_1.2.shear.wave,1992,199200,199.20000000000002,0.1992,158683.45183699526,1168.3925583877774,0.0073630397175124965,7.363039717512497e+17,100,0.0006301854342236216,6.301854342236216e+26,923.9312808419191,4.098202262492636,106.48557061128115,34.755601444890054,0.0,99.12190322719452,0.005822480354101517,2.5826273723251503e-05,0.0006710565555422033,0.0002190247378825117,0.0,0.0006246517962630138,5399,2674,5427,0.19807407407407407,0.402,1,0,0
flow,0.2,1.2,0,registered,during_vibration,flow_dump_0.2_1.2.shear.wave,1993,199300,199.3,0.19929999999999998,158683.45183699526,1270.099036985779,0.008003979131298869,8.003979131298868e+17,98,0.0006175817255391491,6.1758172553914915e+26,1004.8782655287082,5.574055534210425,126.17909113914075,48.47772398266248,0.0,84.98990080105695,0.006332596461040887,3.5126886072129774e-05,0.0007951622533946134,0.0003054995553818703,0.0,0.000535593975409366,5393,2695,5412,0.19962962962962963,0.4008888888888889,1,0,0
flow,0.2,1.2,0,registered,during_vibration,flow_dump_0.2_1.2.shear.wave,1994,199400,199.4,0.1994,158683.45183699526,1228.00629435102,0.00773871679834938,7.73871679834938e+17,103,0.0006490909972503302,6.490909972503302e+26,997.5505401808094,10.90901168609789,122.39724565312287,19.798088801764493,0.0,77.35140802922533,0.0062864182032385165,6.874700266354161e-05,0.0007713296139968852,0.00012476467188337776,0.0,0.0004874573065670589,5406,2716,5378,0.2011851851851852,0.3983703703703704,1,0,0
flow,0.2,1.2,0,registered,during_vibration,flow_dump_0.2_1.2.shear.wave,1995,199500,199.5,0.19949999999999998,158683.45183699526,1168.8970211444826,0.007366218768326336,7.366218768326336e+17,95,0.0005986761625124405,5.986761625124405e+26,970.0360030474396,0.0,110.34561966234699,27.484464763660704,0.0,61.03093367103491,0.0061130255979299705,0.0,0.0006953820224159074,0.00017320309361491348,0.0,0.00038460805436554184,5417,2716,5367,0.2011851851851852,0.39755555555555555,1,0,0
flow,0.2,1.2,0,registered,during_vibration,flow_dump_0.2_1.2.shear.wave,1996,199600,199.6,0.1996,158683.4518369953,1171.9124990009987,0.0073852218705503375,7.385221870550337e+17,99,0.0006238835798813853,6.238835798813853e+26,973.3075488787998,4.771043650553784,97.83880518406906,23.664623796376322,0.0,72.33047749120013,0.006133642403233152,3.0066422146240886e-05,0.0006165658992884287,0.00014913101222858058,0.0,0.00045581613365393834,5414,2674,5412,0.19807407407407407,0.4008888888888889,1,0,0
flow,0.2,1.2,0,registered,during_vibration,flow_dump_0.2_1.2.shear.wave,1997,199700,199.70000000000002,0.1997,158683.45183699526,1209.08960493168,0.007619506576991379,7.619506576991379e+17,103,0.0006490909972503302,6.490909972503302e+26,983.8621239449336,5.628180546444807,105.67295236901899,19.45843370746444,0.0,94.46791436381766,0.006200155797944126,3.546797401550261e-05,0.0006659355537436231,0.00012262421495250032,0.0,0.0005953230363356232,5398,2708,5394,0.2005925925925926,0.39955555555555555,1,0,0
flow,0.2,1.2,0,registered,during_vibration,flow_dump_0.2_1.2.shear.wave,1998,199800,199.8,0.19979999999999998,158683.45183699526,1214.507806983213,0.007653651297116945,7.653651297116945e+17,105,0.0006616947059348027,6.616947059348027e+26,995.221128918768,6.590991377179845,92.24151708047673,23.531695810136412,0.0,96.92247379665167,0.006271738592761967,4.153546762992227e-05,0.0005812926049480583,0.00014829331942128993,0.0,0.0006107913123557052,5427,2747,5326,0.20348148148148149,0.39451851851851855,1,0,0
flow,0.2,1.2,0,registered,during_vibration,flow_dump_0.2_1.2.shear.wave,1999,199900,199.9,0.1999,158683.45183699526,1230.3150347978647,0.0077532661443594246,7.753266144359424e+17,113,0.0007121095406726924,7.121095406726925e+26,971.8839664039156,5.543840161748113,111.2390626083447,24.367356460786404,0.0,117.28080916306988,0.006124671193832272,3.493647319597587e-05,0.0007010123697246833,0.0001535595311212245,0.0,0.0007390865764852688,5415,2750,5335,0.2037037037037037,0.3951851851851852,1,0,0
flow,0.2,1.2,0,registered,during_vibration,flow_dump_0.2_1.2.shear.wave,2000,200000,200.0,0.19999999999999998,158683.4518369953,1250.6667722992056,0.0078815198297043,7.8815198297043e+17,109,0.0006869021233037474,6.869021233037473e+26,1009.6652881232733,10.088727518542143,100.32268254674305,36.00922702222949,0.0,94.58084708841773,0.006362763580164829,6.357769132036279e-05,0.000632218932631978,0.00022692490367060654,0.0,0.0005960347219165247,5425,2698,5377,0.19985185185185186,0.3982962962962963,1,0,0
flow,0.2,1.2,0,registered,during_vibration,flow_dump_0.2_1.2.shear.wave,2001,200100,200.1,0.2001,158683.45183699526,1199.8862848795095,0.007561508594557618,7.561508594557618e+17,102,0.000642789142908094,6.42789142908094e+26,969.3694367554153,6.523986269419352,99.41651149144009,24.988486725241707,0.0,99.58786363799311,0.006108824994248189,4.111321120062979e-05,0.0006265083746323084,0.0001574738035753765,0.0,0.000627588210901115,5418,2691,5391,0.19933333333333333,0.3993333333333333,1,0,0
flow,0.2,1.2,0,registered,during_vibration,flow_dump_0.2_1.2.shear.wave,2002,200200,200.20000000000002,0.2002,158683.45183699526,1181.9348355913894,0.007448381175911845,7.448381175911845e+17,103,0.0006490909972503302,6.490909972503302e+26,975.9762954103167,6.553315034356754,103.68531795982156,22.833286622682984,0.0,72.88662056421167,0.00615046045515112,4.129803680530299e-05,0.0006534097712112443,0.00014389204645067887,0.0,0.0004593208662935008,5392,2724,5384,0.20177777777777778,0.3988148148148148,1,0,0
flow,0.2,1.2,0,registered,during_vibration,flow_dump_0.2_1.2.shear.wave,2003,200300,200.3,0.20029999999999998,158683.45183699526,1215.1096952547757,0.007657444309334634,7.657444309334634e+17,102,0.000642789142908094,6.42789142908094e+26,978.6180405554696,3.466012882650423,103.78731474674862,17.95927054607261,0.0,111.27905652383436,0.006167108348265183,2.1842308334777234e-05,0.0006540525401058346,0.00011317670707416265,0.0,0.0007012644055546749,5422,2748,5330,0.20355555555555555,0.39481481481481484,1,0,0
flow,0.2,1.2,0,registered,during_vibration,flow_dump_0.2_1.2.shear.wave,2004,200400,200.4,0.2004,158683.4518369953,1140.5660508431308,0.0071876811201129955,7.187681120112996e+17,96,0.0006049780168546767,6.0497801685467664e+26,920.3519879273199,5.714056759941668,114.2726493574348,24.105333801478885,0.0,76.12202299695564,0.0057999241715055135,3.6009153404422595e-05,0.0007201295915519869,0.0001519083024879031,0.0,0.0004797099011631699,5426,2712,5362,0.2008888888888889,0.3971851851851852,1,0,0
flow,0.2,1.2,0,registered,during_vibration,flow_dump_0.2_1.2.shear.wave,2005,200500,200.5,0.20049999999999998,158683.45183699526,1150.0029513756267,0.007247151092710957,7.247151092710957e+17,99,0.0006238835798813854,6.238835798813854e+26,979.8821041159376,0.0,89.3281398174491,18.20958537454094,0.0,62.58312206769921,0.006175074292702582,0.0,0.0005629329257924754,0.00011475415466287191,0.0,0.0003943897195530294,5424,2707,5369,0.2005185185185185,0.3977037037037037,1,0,0
flow,0.2,1.2,0,registered,during_vibration,flow_dump_0.2_1.2.shear.wave,2006,200600,200.6,0.2006,158683.45183699526,1217.0621854410645,0.007669748618093271,7.669748618093271e+17,98,0.0006175817255391491,6.1758172553914915e+26,1025.9234773404366,10.039519505719147,93.06274872724524,24.974256820084477,0.0,63.06218304757825,0.006465220320479909,6.326758959108139e-05,0.0005864678871672283,0.00015738412878577178,0.0,0.0003974086920692761,5453,2743,5304,0.2031851851851852,0.3928888888888889,1,0,0
flow,0.2,1.2,0,registered,during_vibration,flow_dump_0.2_1.2.shear.wave,2007,200700,200.70000000000002,0.2007,158683.45183699526,1250.135862524122,0.007878174113632857,7.878174113632856e+17,105,0.0006616947059348027,6.616947059348027e+26,1023.4446445758174,9.235995925088744,101.62248125316265,27.01038609968704,0.0,88.82235467036705,0.006449599077458516,5.82039010253965e-05,0.0006404100747540615,0.0001702155189277895,0.0,0.0005597455414670978,5440,2774,5286,0.2054814814814815,0.39155555555555555,1,0,0
flow,0.2,1.2,0,registered,during_vibration,flow_dump_0.2_1.2.shear.wave,2008,200800,200.8,0.20079999999999998,158683.4518369953,1211.0777645074738,0.007632035669047152,7.632035669047151e+17,109,0.0006869021233037474,6.869021233037473e+26,998.1908855080613,9.427783535420554,92.3970425524353,28.89775519769706,0.0,82.16429771385955,0.006290453566219589,5.9412518610353114e-05,0.0005822727038188487,0.00018210944407348636,0.0,0.0005177874363248749,5454,2705,5341,0.20037037037037037,0.3956296296296296,1,0,0
flow,0.2,1.2,0,registered,during_vibration,flow_dump_0.2_1.2.shear.wave,2009,200900,200.9,0.2009,158683.45183699526,1237.5823072374183,0.007799063436738839,7.799063436738839e+17,102,0.000642789142908094,6.42789142908094e+26,1025.1564312692465,0.0,98.54943815550985,30.155369914349276,0.0,83.72106789831278,0.006460386507865483,0.0,0.0006210442047652391,0.00019003474883648133,0.0,0.0005275979752716355,5429,2695,5376,0.19962962962962963,0.3982222222222222,1,0,0
flow,0.2,1.2,0,registered,during_vibration,flow_dump_0.2_1.2.shear.wave,2010,201000,201.0,0.20099999999999998,158683.45183699526,1215.2509195618404,0.007658334284347338,7.658334284347338e+17,106,0.0006679965602770389,6.679965602770389e+26,980.8061378305667,11.508216493548357,101.72113829493523,32.888112253398944,0.0,88.3273146893914,0.00618089741857949,7.252310408126215e-05,0.0006410317970611482,0.00020725609301203423,0.0,0.000556625871613406,5408,2712,5380,0.2008888888888889,0.3985185185185185,1,0,0
flow,0.2,1.2,0,registered,during_vibration,flow_dump_0.2_1.2.shear.wave,2011,201100,201.1,0.2011,158683.45183699526,1241.7983987940597,0.007825632631622325,7.825632631622324e+17,104,0.0006553928515925665,6.553928515925665e+26,994.0086398987214,0.0,106.62924050545139,26.336820046184226,0.0,114.823698343703,0.0062640976635660725,0.0,0.0006719619422886286,0.0001659708037687399,0.0,0.0007236022219988861,5431,2743,5326,0.2031851851851852,0.39451851851851855,1,0,0
flow,0.2,1.2,0,registered,during_vibration,flow_dump_0.2_1.2.shear.wave,2012,201200,201.20000000000002,0.2012,158683.45183699526,1249.493564069792,0.007874126442329423,7.874126442329423e+17,104,0.0006553928515925665,6.553928515925665e+26,1031.57604349492,10.815580859172663,105.90202822040497,16.694445437277388,0.0,84.50546605801696,0.006500841969045317,6.815821520118415e-05,0.0006673791563923813,0.00010520596347013209,0.0,0.0005325411382204094,5435,2730,5335,0.20222222222222222,0.3951851851851852,1,0,0
flow,0.2,1.2,0,registered,during_vibration,flow_dump_0.2_1.2.shear.wave,2013,201300,201.3,0.20129999999999998,158683.45183699526,1404.5709552969688,0.008851401573617072,8.851401573617073e+17,107,0.0006742984146192752,6.742984146192752e+26,1091.4807291035086,14.511229315096035,119.22659928209382,26.31814370336978,0.0,153.0342538929009,0.006878352572168097,9.144765347052341e-05,0.0007513486623959202,0.0001658531081766776,0.0,0.0009643995774058571,5434,2710,5356,0.20074074074074075,0.3967407407407407,1,0,0
flow,0.2,1.2,0,registered,during_vibration,flow_dump_0.2_1.2.shear.wave,2014,201400,201.4,0.2014,158683.45183699526,1223.221746823848,0.007708565276739635,7.708565276739635e+17,103,0.0006490909972503302,6.490909972503302e+26,1036.4069226214913,12.129178853022292,100.70628894147887,13.18672694047441,0.0,60.79262946738128,0.006531285465645919,7.643631842267822e-05,0.0006346363642563536,8.310083242971195e-05,0.0,0.0003831062959849741,5452,2739,5309,0.2028888888888889,0.39325925925925925,1,0,0
flow,0.2,1.2,0,registered,during_vibration,flow_dump_0.2_1.2.shear.wave,2015,201500,201.5,0.20149999999999998,158683.4518369953,1231.6992607707828,0.0077619893348174936,7.761989334817494e+17,108,0.0006806002689615112,6.806002689615112e+26,990.5996720827616,15.264614724701921,105.95142428297706,25.109682742888012,0.0,94.77386693745413,0.006242614844932521,9.619537858542567e-05,0.0006676904431837905,0.00015823756322544256,0.0,0.0005972511048903125,5452,2773,5275,0.2054074074074074,0.3907407407407407,1,0,0
flow,0.2,1.2,0,registered,during_vibration,flow_dump_0.2_1.2.shear.wave,2016,201600,201.6,0.2016,158683.45183699526,1240.2554597200383,0.007815909254318897,7.815909254318897e+17,112,0.0007058076863304561,7.058076863304562e+26,983.14955568141,6.852405569166375,112.17786545411052,24.68590741371739,0.0,113.38972560163361,0.0061956652965385,4.318286179081475e-05,0.0007069285685147764,0.00015556699282717615,0.0,0.0007145655346476278,5449,2735,5316,0.2025925925925926,0.3937777777777778,1,0,0
flow,0.2,1.2,0,registered,during_vibration,flow_dump_0.2_1.2.shear.wave,2017,201700,201.70000000000002,0.2017,158683.45183699526,1226.7858888956746,0.007731025980931323,7.731025980931323e+17,98,0.0006175817255391491,6.1758172553914915e+26,1033.289112063566,0.0,95.25949813281844,20.55428922546146,0.0,77.68298947382884,0.006511637477643188,0.0,0.0006003114819475446,0.00012953013680705336,0.0,0.0004895468845335385,5452,2687,5361,0.19903703703703704,0.39711111111111114,1,0,0
flow,0.2,1.2,0,registered,during_vibration,flow_dump_0.2_1.2.shear.wave,2018,201800,201.8,0.20179999999999998,158683.45183699526,1251.6962975516253,0.007888007747886705,7.888007747886705e+17,107,0.0006742984146192752,6.742984146192752e+26,1017.2996868196875,19.454733057062498,112.38448038461348,25.440286468998274,0.0,77.11711082126283,0.00641087444874019,0.00012260089399269576,0.0007082306257117373,0.00016032097975239,0.0,0.0004859807996896866,5434,2688,5378,0.1991111111111111,0.3983703703703704,1,0,0
flow,0.2,1.2,0,registered,during_vibration,flow_dump_0.2_1.2.shear.wave,2019,201900,201.9,0.2019,158683.4518369953,1194.7174675436695,0.007528935460585528,7.528935460585527e+17,108,0.0006806002689615112,6.806002689615112e+26,991.8646383307916,9.043972963411264,108.2617182925647,15.645013153909503,0.0,69.90212480299265,0.0062505864779754524,5.69938002905402e-05,0.0006822495795199526,9.85925940783073e-05,0.0,0.000440513008721277,5448,2727,5325,0.202,0.39444444444444443,1,0,0
flow,0.2,1.2,0,registered,during_vibration,flow_dump_0.2_1.2.shear.wave,2020,202000,202.0,0.20199999999999999,158683.45183699526,1280.870856893061,0.00807186157135536,8.07186157135536e+17,111,0.00069950583198822,6.995058319882199e+26,1039.0486677537442,9.60906852360391,120.4163812239077,26.81421053397922,0.0,84.98252885782576,0.006547933358678688,6.055495020031864e-05,0.0007588464948922543,0.00016897924908719305,0.0,0.0005355475184969038,5431,2733,5336,0.20244444444444445,0.39525925925925925,1,0,0
flow,0.2,1.2,0,registered,during_vibration,flow_dump_0.2_1.2.shear.wave,2021,202100,202.1,0.2021,158683.45183699526,1231.5392572896117,0.007760981016184903,7.760981016184904e+17,102,0.000642789142908094,6.42789142908094e+26,995.07458411508,12.534589722052555,112.71563234794719,30.908517515830898,0.0,80.3059335887017,0.006270815088754514,7.899115866806633e-05,0.0007103174971498119,0.0001947809753192231,0.0,0.000506076296293293,5450,2712,5338,0.2008888888888889,0.39540740740740743,1,0,0
flow,0.2,1.2,0,registered,during_vibration,flow_dump_0.2_1.2.shear.wave,2022,202200,202.20000000000002,0.2022,158683.45183699526,1166.1883481158823,0.007349149105439353,7.349149105439352e+17,104,0.0006553928515925665,6.553928515925665e+26,985.1796288632361,3.1870094632075574,94.51013625868383,11.603079582653834,0.0,71.70849394810095,0.006208458522034448,2.008406942446246e-05,0.0005955891125671232,7.312091745125945e-05,0.0,0.0004518964839620594,5442,2716,5342,0.2011851851851852,0.3957037037037037,1,0,0
flow,0.2,1.2,0,registered,during_vibration,flow_dump_0.2_1.2.shear.wave,2023,202300,202.3,0.20229999999999998,158683.4518369953,1225.9336661413313,0.007725655397266311,7.72565539726631e+17,104,0.0006553928515925663,6.553928515925663e+26,1034.4976793684043,6.362575292115584,90.36340044153266,21.138299453400897,0.0,73.57171158587765,0.006519253692761066,4.0096022732423444e-05,0.0005694569874517025,0.00013321048419790384,0.0,0.00046363821012321353,5457,2759,5284,0.20437037037037037,0.3914074074074074,1,0,0
flow,0.2,1.2,0,registered,during_vibration,flow_dump_0.2_1.2.shear.wave,2024,202400,202.4,0.2024,158683.45183699526,1288.676318700853,0.008121050454741952,8.121050454741952e+17,112,0.0007058076863304561,7.058076863304562e+26,1016.2329403447077,14.170066871348189,119.39444502713651,31.831695655824102,0.0,107.04717080183673,0.0064041519678347735,8.929769744298314e-05,0.0007524064018331434,0.0002005987094893968,0.0,0.0006745956781416567,5459,2757,5284,0.20422222222222222,0.3914074074074074,1,0,0
flow,0.2,1.2,0,registered,during_vibration,flow_dump_0.2_1.2.shear.wave,2025,202500,202.5,0.20249999999999999,158683.45183699526,1245.1174229081776,0.007846548638147866,7.846548638147866e+17,106,0.0006679965602770389,6.679965602770389e+26,1014.5300625547496,0.0,96.33345594873724,31.482736841000825,0.0,102.77116756368972,0.006393420680039829,0.0,0.000607079407673171,0.00019839962186694114,0.0,0.0006476489285679237,5453,2697,5350,0.19977777777777778,0.3962962962962963,1,0,0
flow,0.2,1.2,0,registered,during_vibration,flow_dump_0.2_1.2.shear.wave,2026,202600,202.6,0.2026,158683.45183699526,1184.1050050265953,0.0074620572675904865,7.462057267590487e+17,96,0.0006049780168546768,6.049780168546768e+26,943.1720314595769,20.5055791306941,98.6575094133876,40.38603201677796,0.0,81.38385300615903,0.005943732761929288,0.00012922317288483295,0.000621725254090967,0.00025450689123062304,0.0,0.0005128691874547772,5441,2685,5374,0.1988888888888889,0.3980740740740741,1,0,0
flow,0.2,1.2,0,registered,during_vibration,flow_dump_0.2_1.2.shear.wave,2027,202700,202.70000000000002,0.2027,158683.4518369953,1253.9924396804647,0.007902477701131722,7.902477701131722e+17,113,0.0007121095406726923,7.121095406726924e+26,1006.8833657985983,25.54096313769152,116.9771567525505,25.71388270471892,0.0,78.87707128690573,0.006345232310883312,0.0001609554294541564,0.0007371730032235067,0.00016204514337848564,0.0,0.0004970718141922623,5418,2699,5383,0.19992592592592592,0.39874074074074073,1,0,0
flow,0.2,1.2,0,registered,during_vibration,flow_dump_0.2_1.2.shear.wave,2028,202800,202.8,0.20279999999999998,158683.45183699526,1199.9457943147113,0.007561883614350249,7.561883614350249e+17,104,0.0006553928515925665,6.553928515925665e+26,954.7529221121694,11.678137018387229,119.39350159078616,21.078125710543702,0.0,93.0431078828254,0.006016713847975291,7.359391847855306e-05,0.0007524004564346823,0.00013283127803519066,0.0,0.0005863441134265359,5432,2732,5336,0.20237037037037037,0.39525925925925925,1,0,0
flow,0.2,1.2,0,registered,during_vibration,flow_dump_0.2_1.2.shear.wave,2029,202900,202.9,0.2029,158683.45183699526,1216.4946833077113,0.007666172302309971,7.666172302309971e+17,98,0.0006175817255391491,6.1758172553914915e+26,980.1127295460251,10.479037292863264,102.35693967674202,47.02364599422195,0.0,76.52233079785954,0.006176527660570608,6.60373666664856e-05,0.0006450385247598871,0.00029633616769646627,0.0,0.00048223258261652726,5417,2698,5385,0.19985185185185186,0.3988888888888889,1,0,0
flow,0.2,1.2,0,registered,during_vibration,flow_dump_0.2_1.2.shear.wave,2030,203000,203.0,0.20299999999999999,158683.45183699526,1228.1620346992402,0.0077396982513390725,7.739698251339072e+17,105,0.0006616947059348027,6.616947059348027e+26,976.4994368449298,4.778229326634879,112.76396553003669,30.13601682817401,0.0,103.98438616946505,0.006153757216272441,3.011170523025444e-05,0.0007106220858232367,0.00018991278850633207,0.0,0.0006552944555068108,5422,2704,5374,0.2002962962962963,0.3980740740740741,1,0,0
flow,0.2,1.2,0,registered,during_vibration,flow_dump_0.2_1.2.shear.wave,2031,203100,203.1,0.2031,158683.45183699526,1155.0037966976643,0.007278665691518491,7.278665691518491e+17,98,0.0006175817255391491,6.1758172553914915e+26,968.8636352957631,5.829142961808264,93.85042624914543,26.944024185287073,0.0,59.516568005660034,0.00610563750712337,3.6734409885387083e-05,0.0005914317161788969,0.00016979731580936896,0.0,0.00037506474252146574,5421,2737,5342,0.20274074074074075,0.3957037037037037,1,0,0
flow,0.2,1.2,0,registered,during_vibration,flow_dump_0.2_1.2.shear.wave,2032,203200,203.20000000000002,0.2032,158683.45183699526,1259.2123110883983,0.007935372570429724,7.935372570429724e+17,107,0.0006742984146192752,6.742984146192752e+26,1032.5112566264252,0.0,103.73233465273863,30.001233875458198,0.0,92.96748593377687,0.006506735545979009,0.0,0.0006537060635616612,0.0001890634059705005,0.0,0.0005858675549185561,5445,2755,5300,0.20407407407407407,0.3925925925925926,1,0,0
flow,0.2,1.2,0,registered,during_vibration,flow_dump_0.2_1.2.shear.wave,2033,203300,203.3,0.20329999999999998,158683.45183699526,1242.9300944418706,0.007832764412754573,7.832764412754573e+17,109,0.0006869021233037475,6.869021233037475e+26,1009.5958234984058,7.79123352630092,89.41530804713507,32.58857875248147,0.0,103.53915061754671,0.006362325824216977,4.909921882909584e-05,0.000563482247279227,0.00020536847651863221,0.0,0.0006524886459106363,5438,2704,5358,0.2002962962962963,0.3968888888888889,1,0,0
flow,0.2,1.2,0,registered,during_vibration,flow_dump_0.2_1.2.shear.wave,2034,203400,203.4,0.2034,158683.45183699526,1240.6823126130448,0.007818599219076187,7.818599219076187e+17,112,0.0007058076863304561,7.058076863304562e+26,1021.6747387407393,4.965807341373869,88.92924782588254,23.332091798527298,0.0,101.78042690652235,0.006438445388686379,3.129379455694539e-05,0.0005604191665633385,0.00014703544401400325,0.0,0.0006414054252555237,5430,2684,5386,0.1988148148148148,0.39896296296296296,1,0,0
flow,0.2,1.2,0,registered,during_vibration,flow_dump_0.2_1.2.shear.wave,2035,203500,203.5,0.2035,158683.45183699526,1221.7097070584011,0.007699036622378121,7.699036622378121e+17,108,0.0006806002689615113,6.806002689615113e+26,1000.6148166567413,12.406213495013393,104.5685234688115,32.533404629875406,0.0,71.58674880795917,0.00630572882725418,7.81821503842597e-05,0.0006589756036831595,0.00020502077723450813,0.0,0.0004511292638220107,5417,2682,5401,0.19866666666666666,0.4000740740740741,1,0,0
flow,0.2,1.2,0,registered,during_vibration,flow_dump_0.2_1.2.shear.wave,2036,203600,203.6,0.2036,158683.45183699526,1262.8821911216564,0.007958499619852797,7.958499619852796e+17,112,0.0007058076863304561,7.058076863304562e+26,1003.0393102502717,12.60858167184896,113.77297087754485,20.8825860983218,0.0,112.5787422236695,0.006321007632734294,7.945744515818134e-05,0.0007169806905537705,0.00013159901588083087,0.0,0.0007094548355257232,5430,2721,5349,0.20155555555555554,0.3962222222222222,1,0,0
flow,0.2,1.2,0,registered,during_vibration,flow_dump_0.2_1.2.shear.wave,2037,203700,203.70000000000002,0.2037,158683.45183699526,1191.1285389748477,0.007506318555500124,7.506318555500124e+17,98,0.0006175817255391491,6.1758172553914915e+26,1019.6138953910641,3.8432674339960213,85.34184821361644,36.04760988023635,0.0,46.28191805593431,0.00642545825407456,2.4219711567302866e-05,0.0005378118967394428,0.00022716678685100457,0.0,0.0002916619062678104,5417,2695,5388,0.19962962962962963,0.39911111111111114,1,0,0
flow,0.2,1.2,0,registered,during_vibration,flow_dump_0.2_1.2.shear.wave,2038,203800,203.8,0.20379999999999998,158683.4518369953,1184.912360695508,0.007467145105418351,7.467145105418351e+17,94,0.0005923743081702042,5.923743081702042e+26,965.9408789777647,0.0,97.00290307849531,23.08168502917912,0.0,98.88689361006882,0.006087218722529492,0.0,0.0006112981659747343,0.00014545741702726107,0.0,0.0006231707998868628,5424,2691,5385,0.19933333333333333,0.3988888888888889,1,0,0
flow,0.2,1.2,0,registered,during_vibration,flow_dump_0.2_1.2.shear.wave,2039,203900,203.9,0.2039,158683.45183699526,1243.4651334559117,0.007836136150688473,7.836136150688472e+17,102,0.000642789142908094,6.42789142908094e+26,1020.8305006267957,11.261634766086209,107.12090457664827,12.870888714142241,0.0,91.38120477223937,0.0064331251230621425,7.096918195133871e-05,0.0006750603376506222,8.111046593165639e-05,0.0,0.0005758710420927135,5417,2712,5371,0.2008888888888889,0.39785185185185185,1,0,0
flow,0.2,1.2,0,registered,during_vibration,flow_dump_0.2_1.2.shear.wave,2040,204000,204.0,0.204,158683.45183699526,1214.9037918608155,0.007656146736137325,7.656146736137325e+17,105,0.0006616947059348027,6.616947059348027e+26,965.9562676333882,9.177801826231489,105.60712477897187,26.547807277596874,0.0,107.61479034462728,0.006087315699595756,5.783717029082038e-05,0.0006655207178594458,0.00016730041456917408,0.0,0.0006781727338221295,5457,2749,5294,0.20362962962962963,0.39214814814814813,1,0,0
flow,0.2,1.2,0,registered,during_vibration,flow_dump_0.2_1.2.shear.wave,2041,204100,204.1,0.2041,158683.45183699526,1204.6453137337635,0.007591499301207626,7.591499301207626e+17,105,0.0006616947059348027,6.616947059348027e+26,976.6557768933953,12.816225825149841,109.99252316332858,26.65758827031049,0.0,78.52319958158017,0.006154742448485728,8.076598836730045e-05,0.0006931568597103398,0.00016799223839480138,0.0,0.000494841766249462,5447,2716,5337,0.2011851851851852,0.3953333333333333,1,0,0
flow,0.2,1.2,0,registered,during_vibration,flow_dump_0.2_1.2.shear.wave,2042,204200,204.20000000000002,0.2042,158683.4518369953,1164.7526232079563,0.007340101376194081,7.340101376194081e+17,101,0.0006364872885658577,6.364872885658577e+26,962.1296733546884,0.0,96.50076076004056,14.38261676967537,0.0,91.73957232355227,0.006063201059824554,0.0,0.0006081337382247597,9.063715594269813e-05,0.0,0.0005781294222020711,5436,2667,5397,0.19755555555555557,0.3997777777777778,1,0,0
flow,0.2,1.2,0,registered,during_vibration,flow_dump_0.2_1.2.shear.wave,2043,204300,204.3,0.20429999999999998,158683.45183699526,1232.4965532083745,0.007767013755627364,7.767013755627364e+17,109,0.0006869021233037475,6.869021233037475e+26,975.5977014197749,10.67581380863384,112.81828945904965,39.07550979399114,0.0,94.32923872692467,0.0061480746109678795,6.727742360684452e-05,0.0007109644273111743,0.00024624817107035685,0.0,0.0005944491226711068,5411,2666,5423,0.19748148148148148,0.40170370370370373,1,0,0
flow,0.2,1.2,0,registered,during_vibration,flow_dump_0.2_1.2.shear.wave,2044,204400,204.4,0.2044,158683.45183699526,1211.2131175432312,0.007632888644163276,7.632888644163276e+17,102,0.000642789142908094,6.42789142908094e+26,1004.226394812527,17.39932311004367,108.13893593074076,16.26748445637367,0.0,65.18097923354631,0.006328488466737544,0.00010964799989299964,0.0006814758229599426,0.00010251531755865856,0.0,0.0004107610370141324,5421,2695,5384,0.19962962962962963,0.3988148148148148,1,0,0
flow,0.2,1.2,0,registered,during_vibration,flow_dump_0.2_1.2.shear.wave,2045,204500,204.5,0.2045,158683.45183699526,1167.7265780216,0.007358842806250058,7.358842806250058e+17,100,0.0006301854342236216,6.301854342236216e+26,934.356825645877,0.0,118.56202503664457,24.05555053812367,0.0,90.7521768009549,0.005888180618894517,0.0,0.0007471606123014976,0.00015159457561355737,0.0,0.0005719069994404864,5411,2698,5391,0.19985185185185186,0.3993333333333333,1,0,0
flow,0.2,1.2,0,registered,during_vibration,flow_dump_0.2_1.2.shear.wave,2046,204600,204.6,0.2046,158683.4518369953,1142.274301378574,0.007198446266167405,7.198446266167405e+17,97,0.0006112798711969128,6.1127987119691286e+26,938.4902887482344,2.9021313504076867,100.34553849180438,25.16654677416221,0.0,75.36979601396538,0.00591422910129458,1.828880905230653e-05,0.0006323629674686086,0.00015859591206784492,0.0,0.0004749694762840655,5415,2674,5411,0.19807407407407407,0.4008148148148148,1,0,0
flow,0.2,1.2,0,registered,during_vibration,flow_dump_0.2_1.2.shear.wave,2047,204700,204.70000000000002,0.2047,158683.45183699526,1207.4452928482633,0.007609144361748508,7.609144361748508e+17,105,0.0006616947059348027,6.616947059348027e+26,970.0022108693288,8.97760017991644,105.95219860821558,27.283083064876614,0.0,95.23020012592649,0.006112812644545609,5.657552867666705e-05,0.0006676953228686573,0.00017193401548198405,0.0,0.0006001268501755936,5412,2694,5394,0.19955555555555557,0.39955555555555555,1,0,0
flow,0.2,1.2,0,registered,during_vibration,flow_dump_0.2_1.2.shear.wave,2048,204800,204.8,0.20479999999999998,158683.45183699526,1227.932891386486,0.007738254223558599,7.738254223558598e+17,107,0.0006742984146192752,6.742984146192752e+26,987.4569775238291,4.648762035377427,98.86206234881752,18.773238574714853,0.0,118.19185090374786,0.006222810041579992,2.9295821218666108e-05,0.0006230143168953232,0.00011830621502990323,0.0,0.000744827828834719,5435,2732,5333,0.20237037037037037,0.395037037037037,1,0,0
flow,0.2,1.2,0,registered,during_vibration,flow_dump_0.2_1.2.shear.wave,2049,204900,204.9,0.2049,158683.45183699526,1308.1395319761252,0.008243704789834596,8.243704789834596e+17,114,0.0007184113950149286,7.184113950149286e+26,1046.9765775509475,13.33562462474216,115.1734210379477,32.247695911340195,0.0,100.40621285114754,0.00659789389145905,8.403916394786359e-05,0.0007258061234781907,0.00020322028250599228,0.0,0.0006327453284434979,5436,2734,5330,0.20251851851851851,0.39481481481481484,1,0,0
flow,0.2,1.2,0,registered,during_vibration,flow_dump_0.2_1.2.shear.wave,2050,205000,205.0,0.205,158683.45183699526,1363.276830122715,0.008591172011578855,8.591172011578856e+17,104,0.0006553928515925665,6.553928515925665e+26,1100.7505643559575,17.934273220105634,119.57590440642288,28.891142476503493,0.0,96.1249456637259,0.006936769723705556,0.00011301917756697337,0.0007535499324104387,0.00018206777166771871,0.0,0.0006057654062281714,5444,2683,5373,0.19874074074074075,0.398,1,0,0
flow,0.2,1.2,0,registered,during_vibration,flow_dump_0.2_1.2.shear.wave,2051,205100,205.1,0.2051,158683.45183699526,1192.2417087809872,0.0075133335894765904,7.51333358947659e+17,101,0.0006364872885658578,6.364872885658577e+26,961.728078334017,2.6361163226340434,103.7235490828622,44.30687840847309,0.0,79.84708663300015,0.006060670266499717,1.6612421094431114e-05,0.0006536506981799865,0.0002792154940893682,0.0,0.0005031847096130833,5428,2671,5401,0.19785185185185186,0.4000740740740741,1,0,0
flow,0.2,1.2,0,registered,during_vibration,flow_dump_0.2_1.2.shear.wave,2052,205200,205.20000000000002,0.2052,158683.45183699526,1268.1065593288847,0.00799142282732496,7.99142282732496e+17,113,0.0007121095406726924,7.121095406726925e+26,1019.2815416651323,6.739137476517855,109.52539903641986,38.916588917132934,0.0,93.64389223368092,0.0064233638093036385,4.246906276932086e-05,0.0006902131115028167,0.000245246674852456,0.0,0.0005901301688967224,5395,2687,5418,0.19903703703703704,0.4013333333333333,1,0,0
flow,0.2,1.2,0,registered,during_vibration,flow_dump_0.2_1.2.shear.wave,2053,205300,205.3,0.20529999999999998,158683.45183699526,1215.1754340065313,0.007657858585372838,7.657858585372838e+17,108,0.0006806002689615113,6.806002689615113e+26,1001.0023536991665,3.843923317231039,108.75481935193068,15.155873332581793,0.0,86.41846430562134,0.006308171029247765,2.422384484791546e-05,0.0006853570305720796,9.551010617131264e-05,0.0,0.0005445965745337652,5410,2722,5368,0.20162962962962963,0.3976296296296296,1,0,0
flow,0.2,1.2,0,registered,during_vibration,flow_dump_0.2_1.2.shear.wave,2054,205400,205.4,0.2054,158683.45183699526,1200.5199793900745,0.007565502045060673,7.565502045060673e+17,93,0.0005860724538279681,5.860724538279681e+26,971.29941046477,9.758293052201214,91.86911210447265,32.73204553005286,0.0,94.86111823857733,0.006120987407448888,6.149534144382771e-05,0.0005789457630329567,0.00020627258325383712,0.0,0.0005978009498811617,5400,2679,5421,0.19844444444444445,0.40155555555555555,1,0,0
flow,0.2,1.2,0,registered,during_vibration,flow_dump_0.2_1.2.shear.wave,2055,205500,205.5,0.2055,158683.45183699526,1179.5286874814287,0.0074332179809970264,7.433217980997027e+17,101,0.0006364872885658578,6.364872885658577e+26,933.1687121053112,4.568429163068517,115.63372341480667,24.359257888486937,0.0,101.79856490975556,0.0058806933004198324,2.8789575158481895e-05,0.000728706882010541,0.0001535084950982132,0.0,0.0006415197283099584,5425,2692,5383,0.1994074074074074,0.39874074074074073,1,0,0
flow,0.2,1.2,0,registered,during_vibration,flow_dump_0.2_1.2.shear.wave,2056,205600,205.6,0.20559999999999998,158683.45183699526,1190.1316787975268,0.007500036487863072,7.500036487863072e+17,103,0.0006490909972503302,6.490909972503302e+26,953.3750895263315,5.4417510903676245,119.70666833120508,19.374767327870586,0.0,92.23340252175143,0.006008030947711353,3.429312273820188e-05,0.0007543739876176353,0.00012209696161495762,0.0,0.00058124146818092,5422,2721,5357,0.20155555555555554,0.39681481481481484,1,0,0
flow,0.2,1.2,0,registered,during_vibration,flow_dump_0.2_1.2.shear.wave,2057,205700,205.70000000000002,0.2057,158683.4518369953,1324.7734138173578,0.00834852909034401,8.34852909034401e+17,110,0.0006932039776459837,6.932039776459836e+26,1090.4245104872316,4.616939827308196,92.7737207957503,30.770119445975492,0.0,106.18812326109287,0.006871696436294759,2.9095282298565473e-05,0.0005846464752421092,0.00019390881084174765,0.0,0.0006691820856668325,5430,2740,5330,0.20296296296296296,0.39481481481481484,1,0,0
flow,0.2,1.2,0,registered,during_vibration,flow_dump_0.2_1.2.shear.wave,2058,205800,205.8,0.20579999999999998,158683.45183699526,1252.5243009485646,0.007893225704689092,7.893225704689092e+17,107,0.0006742984146192752,6.742984146192752e+26,1043.9848183409201,9.068629140800867,89.38635181445879,34.64068282788839,0.0,75.44381882449655,0.006579040260690415,5.714917992908583e-05,0.0005632997693186012,0.00021830053749695598,0.0,0.00047543595725403593,5422,2695,5383,0.19962962962962963,0.39874074074074073,1,0,0
flow,0.2,1.2,0,registered,during_vibration,flow_dump_0.2_1.2.shear.wave,2059,205900,205.9,0.2059,158683.45183699526,1193.5948472814061,0.007521860871211102,7.521860871211103e+17,102,0.000642789142908094,6.42789142908094e+26,968.5971185911195,15.116062550992925,98.72506645375533,38.98947741391383,0.0,72.16712227162404,0.006103957957670933,9.525922442448902e-05,0.000622150988719157,0.00024570600754239373,0.0,0.0004547866928541259,5403,2671,5426,0.19785185185185186,0.4019259259259259,1,0,0
flow,0.2,1.2,0,registered,during_vibration,flow_dump_0.2_1.2.shear.wave,2060,206000,206.0,0.206,158683.45183699526,1245.1038040794733,0.007846462814273059,7.846462814273059e+17,110,0.0006932039776459838,6.932039776459838e+26,1026.5931512001305,10.098855497888287,107.71321827219924,31.388048479445725,0.0,69.31053062980995,0.006469440507600502,6.364151637098339e-05,0.0006787930122848961,0.0001978029096045159,0.0,0.0004367848684121641,5373,2671,5456,0.19785185185185186,0.40414814814814815,1,0,0
flow,0.2,1.2,0,registered,during_vibration,flow_dump_0.2_1.2.shear.wave,2061,206100,206.1,0.20609999999999998,158683.4518369953,1260.700399027299,0.007944750283869113,7.944750283869112e+17,104,0.0006553928515925663,6.553928515925663e+26,1048.0015933324075,0.0,107.24006108792416,8.84721945146373,0.0,96.61152515550287,0.0066043533916123045,0.0,0.0006758112446286118,5.5753888316923403e-05,0.0,0.0006088317593112691,5390,2707,5403,0.2005185185185185,0.4002222222222222,1,0,0
flow,0.2,1.2,0,registered,during_vibration,flow_dump_0.2_1.2.shear.wave,2062,206200,206.20000000000002,0.2062,158683.45183699526,1221.195821412188,0.007695798189887119,7.69579818988712e+17,101,0.0006364872885658578,6.364872885658577e+26,1049.4629177528204,0.0,83.00643606476115,36.536698957805605,0.0,52.189768636800935,0.0066135624452565,0.0,0.0005230944695482679,0.00023024895497822468,0.0,0.00032889232010412746,5399,2694,5407,0.19955555555555557,0.4005185185185185,1,0,0
flow,0.2,1.2,0,registered,during_vibration,flow_dump_0.2_1.2.shear.wave,2063,206300,206.3,0.20629999999999998,158683.45183699526,1158.3181908953948,0.007299552520985342,7.299552520985341e+17,94,0.0005923743081702043,5.9237430817020434e+26,945.2314482308732,0.0,110.3832566700016,29.049069489506127,0.0,73.65441650501393,0.005956710906451955,0.0,0.0006956192053560244,0.00018306300470036577,0.0,0.00046415940447699683,5412,2675,5413,0.19814814814814816,0.40096296296296297,1,0,0
flow,0.2,1.2,0,registered,during_vibration,flow_dump_0.2_1.2.shear.wave,2064,206400,206.4,0.2064,158683.45183699526,1152.390694298118,0.007262198300815203,7.262198300815203e+17,102,0.000642789142908094,6.42789142908094e+26,926.4134944044414,3.2518346015584694,111.98346810464832,15.68915065208151,0.0,95.05274653538821,0.005838122902418855,2.0492588004065214e-05,0.0007057035047339489,9.887074216281803e-05,0.0,0.0005990085634955146,5423,2712,5365,0.2008888888888889,0.39740740740740743,1,0,0
flow,0.2,1.2,0,registered,during_vibration,flow_dump_0.2_1.2.shear.wave,2065,206500,206.5,0.2065,158683.4518369953,1356.9401954968569,0.008551239463146726,8.551239463146726e+17,106,0.0006679965602770388,6.679965602770388e+26,1046.995224291244,17.520737371532647,118.56024369432278,41.51257843974088,0.0,132.35141170001617,0.006598011400500356,0.00011041313488397334,0.0007471493865416518,0.00026160622269790255,0.0,0.0008340593185228399,5435,2746,5319,0.2034074074074074,0.394,1,0,0
flow,0.2,1.2,0,registered,during_vibration,flow_dump_0.2_1.2.shear.wave,2066,206600,206.6,0.20659999999999998,158683.45183699526,1278.7852877099288,0.008058718618142603,8.058718618142602e+17,112,0.0007058076863304561,7.058076863304562e+26,1031.8539166984472,11.500575590111346,107.51163313532794,35.05451617436997,0.0,92.86464611167193,0.006502593085499556,7.247495222075901e-05,0.0006775226521147734,0.00022090845496844307,0.0,0.0005852194733390693,5430,2717,5353,0.20125925925925925,0.3965185185185185,1,0,0
flow,0.2,1.2,0,registered,during_vibration,flow_dump_0.2_1.2.shear.wave,2067,206700,206.70000000000002,0.2067,158683.45183699526,1249.9019048314835,0.007876699746331602,7.876699746331602e+17,101,0.0006364872885658578,6.364872885658577e+26,1019.2773094228195,0.0,100.62959578490131,36.85678140142558,0.0,93.13821822233713,0.006423337138329042,0.0,0.0006341530551545555,0.0002322660679154248,0.0,0.0005869434849325795,5409,2667,5424,0.19755555555555557,0.4017777777777778,1,0,0
flow,0.2,1.2,0,registered,during_vibration,flow_dump_0.2_1.2.shear.wave,2068,206800,206.8,0.20679999999999998,158683.45183699526,1200.2691451758596,0.007563921324378642,7.563921324378642e+17,101,0.0006364872885658578,6.364872885658577e+26,979.4431004007253,2.718241549458198,111.45701493063972,31.73998797457915,0.0,74.91080032045701,0.006172307755233613,1.7129962311700044e-05,0.0007023858735133386,0.0002000207810401269,0.0,0.00047207695227986215,5388,2666,5446,0.19748148148148148,0.4034074074074074,1,0,0
flow,0.2,1.2,0,registered,during_vibration,flow_dump_0.2_1.2.shear.wave,2069,206900,206.9,0.2069,158683.4518369953,1237.8523789165256,0.007800765389122535,7.800765389122534e+17,105,0.0006616947059348026,6.616947059348026e+26,1019.2314138621024,6.416629186532129,109.51963635912782,31.031783887334818,0.0,71.65291562142855,0.006423047911190446,4.043666250166713e-05,0.0006901767959499009,0.00019555778203773672,0.0,0.0004515462374427846,5403,2697,5400,0.19977777777777778,0.4,1,0,0
flow,0.2,1.2,0,registered,during_vibration,flow_dump_0.2_1.2.shear.wave,2070,207000,207.0,0.207,158683.45183699526,1241.2719827568549,0.007822315234432444,7.822315234432444e+17,109,0.0006869021233037475,6.869021233037475e+26,1032.379684442593,5.741511539188645,103.00709914858089,28.169991134644388,0.0,71.97369649184733,0.00650590639724101,3.61821694242353e-05,0.0006491357350506409,0.00017752318095261445,0.0,0.0004535677517639396,5405,2712,5383,0.2008888888888889,0.39874074074074073,1,0,0
flow,0.2,1.2,0,registered,during_vibration,flow_dump_0.2_1.2.shear.wave,2071,207100,207.1,0.20709999999999998,158683.45183699526,1119.721573357233,0.0070563222591568464,7.056322259156846e+17,93,0.0005860724538279681,5.860724538279681e+26,907.7284373535966,0.0,119.29899518454013,31.83263915857696,0.0,60.861501660519394,0.005720372394508058,0.0,0.0007518048908281117,0.0002006046553063168,0.0,0.0003835403185143608,5394,2680,5426,0.1985185185185185,0.4019259259259259,1,0,0
flow,0.2,1.2,0,registered,during_vibration,flow_dump_0.2_1.2.shear.wave,2072,207200,207.20000000000002,0.2072,158683.45183699526,1153.2730943079525,0.007267759057148768,7.267759057148768e+17,104,0.0006553928515925665,6.553928515925665e+26,918.3683630277199,12.290276464139263,109.55753255427435,21.419397969927665,0.0,91.63752429189081,0.005787423656318602,7.745153210281958e-05,0.0006904156122518394,0.00013498192610487424,0.0,0.0005774863303706289,5404,2703,5393,0.20022222222222222,0.3994814814814815,1,0,0
flow,0.2,1.2,0,registered,during_vibration,flow_dump_0.2_1.2.shear.wave,2073,207300,207.3,0.20729999999999998,158683.45183699526,1247.2049781889439,0.00785970410745862,7.85970410745862e+17,101,0.0006364872885658578,6.364872885658577e+26,1007.1809588231495,0.0,103.2296155040495,20.756696961754944,0.0,116.03770689999033,0.0063471076987773,0.0,0.0006505380007115694,0.00013080568087891668,0.0,0.0007312527270908374,5428,2740,5332,0.20296296296296296,0.39496296296296296,1,0,0
flow,0.2,1.2,0,registered,during_vibration,flow_dump_0.2_1.2.shear.wave,2074,207400,207.4,0.2074,158683.45183699526,1240.8972623921259,0.007819953801274851,7.819953801274852e+17,110,0.0006932039776459838,6.932039776459838e+26,1012.3314178593175,6.44702259744682,96.61589523074025,26.11631863042054,0.0,99.38660807420092,0.0063795651414188855,4.062819735021525e-05,0.0006088592988888798,0.00016458123596434026,0.0,0.000626319927652532,5417,2727,5356,0.202,0.3967407407407407,1,0,0
flow,0.2,1.2,0,registered,during_vibration,flow_dump_0.2_1.2.shear.wave,2075,207500,207.5,0.2075,158683.45183699526,1204.156503218522,0.007588418888539621,7.588418888539621e+17,105,0.0006616947059348027,6.616947059348027e+26,984.1028192117491,4.989071343463979,99.76970037002152,32.75869372257296,0.0,82.53621857071431,0.006201672624456463,3.144040090953475e-05,0.0006287341195004263,0.00020644051628158265,0.0,0.0005201312273916134,5405,2678,5417,0.19837037037037036,0.40125925925925926,1,0,0
flow,0.2,1.2,0,registered,during_vibration,flow_dump_0.2_1.2.shear.wave,2076,207600,207.6,0.20759999999999998,158683.4518369953,1170.4476451935332,0.007375990575223019,7.37599057522302e+17,99,0.0006238835798813853,6.238835798813853e+26,939.0353735686447,3.9471741636598257,107.39607281863111,36.084012070698805,0.0,83.98501257189847,0.00591766414643697,2.4874516642822273e-05,0.0006767944078312072,0.00022739618815303725,0.0,0.0005292613161589814,5392,2662,5446,0.19718518518518519,0.4034074074074074,1,0,0
flow,0.2,1.2,0,registered,during_vibration,flow_dump_0.2_1.2.shear.wave,2077,207700,207.70000000000002,0.2077,158683.45183699526,1268.2835352211962,0.007992538103620394,7.992538103620394e+17,111,0.00069950583198822,6.995058319882199e+26,1009.6260321358027,16.508271648833833,112.81600189888869,42.82477632995749,0.0,86.5084532077149,0.00636251619464973,0.0001040327233730185,0.0007109500114402408,0.0002698755026702373,0.0,0.0005451636714871766,5390,2689,5421,0.1991851851851852,0.40155555555555555,1,0,0
flow,0.2,1.2,0,registered,during_vibration,flow_dump_0.2_1.2.shear.wave,2078,207800,207.8,0.20779999999999998,158683.45183699526,1238.9357683119076,0.007807592751288158,7.807592751288157e+17,104,0.0006553928515925665,6.553928515925665e+26,1015.206102292019,4.744311800533751,104.81132382199237,27.07460499850926,0.0,87.09942539885344,0.006397680983993664,2.989796192111614e-05,0.0006605056961431488,0.00017062021707418593,0.0,0.0005488878921560439,5418,2718,5364,0.20133333333333334,0.3973333333333333,1,0,0
flow,0.2,1.2,0,registered,during_vibration,flow_dump_0.2_1.2.shear.wave,2079,207900,207.9,0.2079,158683.45183699526,1190.0278378180494,0.00749938209713565,7.49938209713565e+17,99,0.0006238835798813854,6.238835798813854e+26,990.027636378926,11.141742679148216,84.58276795734503,31.77711697038863,0.0,72.49857383224138,0.006239009959248392,7.021363948266875e-05,0.000533028283530353,0.00020025476256359172,0.0,0.00045687545231064324,5409,2686,5405,0.19896296296296295,0.4003703703703704,1,0,0
flow,0.2,1.2,0,registered,during_vibration,flow_dump_0.2_1.2.shear.wave,2080,208000,208.0,0.208,158683.4518369953,1179.8483920198698,0.007435232712430832,7.435232712430833e+17,101,0.0006364872885658577,6.364872885658577e+26,960.1105492783639,3.421605288664058,107.04872113573936,21.111925737026294,0.0,88.1555905800766,0.006050476833996655,2.1562458145785992e-05,0.0006746054481200927,0.00013304428087884766,0.0,0.0005555436912894537,5402,2675,5423,0.19814814814814816,0.40170370370370373,1,0,0
flow,0.2,1.2,0,registered,during_vibration,flow_dump_0.2_1.2.shear.wave,2081,208100,208.1,0.20809999999999998,158683.45183699526,1244.0363018407795,0.0078397355706548,7.8397355706548e+17,104,0.0006553928515925665,6.553928515925665e+26,983.7435214236449,7.710160409299471,117.03295872477936,23.53792319686817,0.0,112.01173808618722,0.006199408382130342,4.858830785468163e-05,0.0007375246591245026,0.00014833256350540623,0.0,0.0007058816580398647,5428,2704,5368,0.2002962962962963,0.3976296296296296,1,0,0
flow,0.2,1.2,0,registered,during_vibration,flow_dump_0.2_1.2.shear.wave,2082,208200,208.20000000000002,0.2082,158683.45183699526,1238.045258127916,0.007801980885818364,7.801980885818364e+17,111,0.00069950583198822,6.995058319882199e+26,988.8412369556701,9.239706110847493,111.81270343688477,28.800841946033426,0.0,99.35076967847975,0.00623153344289132,5.8227282075630774e-05,0.0007046273706709026,0.0001814987108776697,0.0,0.0006260940793028378,5432,2738,5330,0.2028148148148148,0.39481481481481484,1,0,0
flow,0.2,1.2,0,registered,during_vibration,flow_dump_0.2_1.2.shear.wave,2083,208300,208.3,0.20829999999999999,158683.45183699526,1228.8613336416934,0.007744105131416093,7.744105131416092e+17,106,0.0006679965602770389,6.679965602770389e+26,1010.9993650836774,14.707168690540016,94.82631541339602,32.98931168594248,0.0,75.3391727681374,0.00637117073885063,9.268243487448011e-05,0.0005975816275461708,0.00020789383709544058,0.0,0.0004747764930493712,5419,2701,5380,0.20007407407407407,0.3985185185185185,1,0,0
flow,0.2,1.2,0,registered,during_vibration,flow_dump_0.2_1.2.shear.wave,2084,208400,208.4,0.2084,158683.4518369953,1217.03961919712,0.00766960640891088,7.66960640891088e+17,102,0.0006427891429080939,6.427891429080939e+26,938.0787434350193,15.175667144632786,115.20816290795754,33.751632353137836,0.0,114.82541335637228,0.005911635602675469,9.563484389173558e-05,0.0007260250616825695,0.000212697870902182,0.0,0.0007236130297589229,5405,2671,5424,0.19785185185185186,0.4017777777777778,1,0,0
flow,0.2,1.2,0,registered,during_vibration,flow_dump_0.2_1.2.shear.wave,2085,208500,208.5,0.2085,158683.45183699526,1210.296713815121,0.007627113601350042,7.627113601350043e+17,103,0.0006490909972503302,6.490909972503302e+26,969.4762825420902,0.0,118.34696853527598,34.42289188695392,0.0,88.05057085080094,0.0061094983208328955,0.0,0.0007458053575545218,0.00021692805071012836,0.0,0.0005548818722524975,5379,2683,5438,0.19874074074074075,0.4028148148148148,1,0,0
flow,0.2,1.2,0,registered,during_vibration,flow_dump_0.2_1.2.shear.wave,2086,208600,208.6,0.20859999999999998,158683.45183699526,1406.2434500181037,0.008861941391737824,8.861941391737824e+17,109,0.0006869021233037475,6.869021233037475e+26,1148.7460258719223,6.999394281011938,134.07409547434162,28.43153722201206,0.0,87.99239716881507,0.00723923013126757,4.410916324281842e-05,0.0008449154207463728,0.00017917140629898732,0.0,0.0005545152701820709,5431,2717,5352,0.20125925925925925,0.39644444444444443,1,0,0
flow,0.2,1.2,0,registered,during_vibration,flow_dump_0.2_1.2.shear.wave,2087,208700,208.70000000000002,0.2087,158683.45183699526,1128.4815877217811,0.007111526593718126,7.111526593718126e+17,99,0.0006238835798813854,6.238835798813854e+26,892.274661863253,4.3070919388527145,97.29032270519824,31.313611305579396,0.0,103.29589990889787,0.005622984952330292,2.7142666037269582e-05,0.0006131094425973162,0.0001973338173771626,0.0,0.0006509557153760856,5391,2689,5420,0.1991851851851852,0.4014814814814815,1,0,0
flow,0.2,1.2,0,registered,during_vibration,flow_dump_0.2_1.2.shear.wave,2088,208800,208.8,0.20879999999999999,158683.4518369953,1269.5039203849308,0.008000228793163673,8.000228793163674e+17,99,0.0006238835798813853,6.238835798813853e+26,998.252279721118,18.65119955151793,111.01312740701329,39.44688701809541,0.0,102.14042668718658,0.006290840463607728,0.00011753714288164741,0.0006995885589951088,0.00024858853624268594,0.0,0.0006436740914365065,5386,2676,5438,0.19822222222222222,0.4028148148148148,1,0,0
flow,0.2,1.2,0,registered,during_vibration,flow_dump_0.2_1.2.shear.wave,2089,208900,208.9,0.2089,158683.45183699526,1255.2649117236294,0.007910496634602315,7.910496634602314e+17,104,0.0006553928515925665,6.553928515925665e+26,1028.6230001487404,4.997303511144489,101.85816680996001,14.325004925265112,0.0,105.46143632851965,0.006482232320011384,3.149227883117819e-05,0.0006418953308035673,9.027409449083713e-05,0.0,0.0006646026104653497,5409,2705,5386,0.20037037037037037,0.39896296296296296,1,0,0
flow,0.2,1.2,0,registered,during_vibration,flow_dump_0.2_1.2.shear.wave,2090,209000,209.0,0.209,158683.45183699526,1216.2849427082792,0.007664850547602697,7.664850547602697e+17,102,0.000642789142908094,6.42789142908094e+26,984.0268094409128,4.4508119770681684,88.11860521852476,32.216222728556254,0.0,107.47249334321708,0.006201193621952065,2.8048368784163993e-05,0.0005553106149281591,0.0002030219430924013,0.0,0.0006772759988459054,5414,2739,5347,0.2028888888888889,0.3960740740740741,1,0,0
flow,0.2,1.2,0,registered,during_vibration,flow_dump_0.2_1.2.shear.wave,2091,209100,209.1,0.20909999999999998,158683.45183699526,1285.583879924017,0.008101562356008049,8.101562356008049e+17,107,0.0006742984146192752,6.742984146192752e+26,1063.3691740402107,15.720983138080673,105.59760940712363,28.80188547233988,0.0,72.09422786626169,0.00670119764682544,9.907134585293603e-05,0.0006654607533720459,0.00018150528702845525,0.0,0.00045432732292916846,5396,2719,5385,0.2014074074074074,0.3988888888888889,1,0,0
flow,0.2,1.2,0,registered,during_vibration,flow_dump_0.2_1.2.shear.wave,2092,209200,209.20000000000002,0.2092,158683.45183699526,1211.5633108178652,0.00763509551117165,7.635095511171649e+17,101,0.0006364872885658578,6.364872885658577e+26,968.3343976826374,5.085652216247376,110.60320945759389,35.926298735989626,0.0,91.61375272539655,0.006102302328773019,3.204903950206176e-05,0.0006970053157855998,0.0002264023016898717,0.0,0.0005773365254210952,5382,2662,5456,0.19718518518518519,0.40414814814814815,1,0,0
flow,0.2,1.2,0,registered,during_vibration,flow_dump_0.2_1.2.shear.wave,2093,209300,209.3,0.20929999999999999,158683.45183699526,1216.779763893623,0.0076679688386381865,7.667968838638186e+17,106,0.0006679965602770389,6.679965602770389e+26,998.7414284474421,3.341774238854291,105.47194442462498,28.19169078206137,0.0,81.03292600064037,0.006293923007632714,2.1059374497897038e-05,0.0006646688309564198,0.00017765992896991416,0.0,0.0005106576965812414,5356,2675,5469,0.19814814814814816,0.4051111111111111,1,0,0
flow,0.2,1.2,0,registered,during_vibration,flow_dump_0.2_1.2.shear.wave,2094,209400,209.4,0.2094,158683.45183699526,1182.6907216176767,0.007453144659548839,7.45314465954884e+17,100,0.0006301854342236216,6.301854342236216e+26,953.154325283564,0.0,111.53707116019758,42.92029890724334,0.0,75.079026266672,0.006006639723609459,0.0,0.0007028903762112009,0.0002704774720386878,0.0,0.0004731370876894939,5376,2707,5417,0.2005185185185185,0.40125925925925926,1,0,0
flow,0.2,1.2,0,registered,during_vibration,flow_dump_0.2_1.2.shear.wave,2095,209500,209.5,0.2095,158683.45183699526,1242.4871926206185,0.00782997330998913,7.82997330998913e+17,104,0.0006553928515925665,6.553928515925665e+26,1016.2434454857662,5.340770139886655,105.53730081857697,34.73551837494844,0.0,80.63015780144008,0.006404218169703569,3.365675549693024e-05,0.000665080697431439,0.0002188981773009947,0.0,0.0005081195100561964,5383,2695,5422,0.19962962962962963,0.4016296296296296,1,0,0
flow,0.2,1.2,0,registered,during_vibration,flow_dump_0.2_1.2.shear.wave,2096,209600,209.6,0.20959999999999998,158683.45183699526,1193.5360273988897,0.007521490196879056,7.521490196879057e+17,94,0.0005923743081702043,5.9237430817020434e+26,944.1779637131964,15.723379749637056,118.18913899008865,14.193586608630012,0.0,101.2519583373382,0.005950072000469755,9.908644894987927e-05,0.0007448107387498499,8.944591540150085e-05,0.0,0.0006380750933080751,5371,2666,5463,0.19748148148148148,0.4046666666666667,1,0,0
flow,0.2,1.2,0,registered,during_vibration,flow_dump_0.2_1.2.shear.wave,2097,209700,209.70000000000002,0.2097,158683.45183699526,1171.396743466835,0.007381971654297837,7.381971654297837e+17,101,0.0006364872885658578,6.364872885658577e+26,966.1747118283946,0.0,87.08039764930153,30.86565128122889,0.0,87.27598270790989,0.006088692303094593,0.0,0.0005487679820499072,0.0001945108385525611,0.0,0.0005500005306007748,5382,2680,5438,0.1985185185185185,0.4028148148148148,1,0,0
flow,0.2,1.2,0,registered,during_vibration,flow_dump_0.2_1.2.shear.wave,2098,209800,209.8,0.2098,158683.45183699526,1381.0937945513817,0.008703451926229117,8.703451926229117e+17,109,0.0006869021233037475,6.869021233037475e+26,1129.0238739702793,5.0358603557382775,98.9188555449663,20.662007062404882,0.0,127.45319761799223,0.0071149440026679585,3.173525844970448e-05,0.0006233722193450829,0.00013020895892553157,0.0,0.0008031914868408349,5403,2727,5370,0.202,0.3977777777777778,1,0,0
flow,0.2,1.2,0,registered,during_vibration,flow_dump_0.2_1.2.shear.wave,2099,209900,209.9,0.2099,158683.4518369953,1268.420321902287,0.007993400113360584,7.993400113360584e+17,107,0.0006742984146192749,6.742984146192749e+26,1005.6212830504134,5.434153698623238,89.72209763803902,40.76162469908857,0.0,126.8811628161223,0.006337278849236401,3.424524508204784e-05,0.0005654155905948178,0.00025687382160655424,0.0,0.0007995866068407605,5384,2723,5393,0.2017037037037037,0.3994814814814815,1,0,0
flow,0.2,1.2,0,registered,during_vibration,flow_dump_0.2_1.2.shear.wave,2100,210000,210.0,0.21,158683.45183699526,1236.2671558126674,0.007790775544022075,7.790775544022075e+17,103,0.0006490909972503302,6.490909972503302e+26,1005.0826637781172,3.6072903058538404,109.68827565693519,34.31784302689498,0.0,83.57108304486583,0.0063338845490364705,2.2732618077651633e-05,0.0006912395362410601,0.00021626604809521895,0.0,0.0005266527925716711,5383,2670,5447,0.19777777777777777,0.4034814814814815,1,0,0
flow,0.2,1.2,0,registered,during_vibration,flow_dump_0.2_1.2.shear.wave,2101,210100,210.1,0.21009999999999998,158683.45183699526,1266.0596224017934,0.007978523328962685,7.978523328962684e+17,101,0.0006364872885658578,6.364872885658577e+26,1021.4268256511098,4.153865560458703,111.17184074284694,44.26422944098306,0.0,85.04286100639477,0.006436883076506,2.617705571924215e-05,0.000700588747319703,0.00027894672650839925,0.0,0.0005359277229093399,5371,2662,5467,0.19718518518518519,0.40496296296296297,1,0,0
flow,0.2,1.2,0,registered,during_vibration,flow_dump_0.2_1.2.shear.wave,2102,210200,210.20000000000002,0.2102,158683.45183699526,1291.782341828659,0.008140624160077001,8.140624160077001e+17,107,0.0006742984146192752,6.742984146192752e+26,1043.105975766074,7.878381850121573,105.68744523452355,35.26811312822048,0.0,99.84242584971906,0.006573501922793978,4.9648414871983626e-05,0.0006660268856710345,0.0002222545118595543,0.0,0.0006291924248804495,5356,2677,5467,0.1982962962962963,0.40496296296296297,1,0,0
flow,0.2,1.2,0,registered,during_vibration,flow_dump_0.2_1.2.shear.wave,2103,210300,210.3,0.2103,158683.4518369953,1258.729957547774,0.007932332848675245,7.932332848675245e+17,111,0.0006995058319882199,6.995058319882199e+26,1029.1945927323409,0.0,117.58906077299422,33.270181641471375,0.0,78.67612240096695,0.006485834413216335,0.0,0.0007410291332317718,0.00020966383864429397,0.0,0.0004958054635828415,5381,2712,5407,0.2008888888888889,0.4005185185185185,1,0,0
flow,0.2,1.2,0,registered,during_vibration,flow_dump_0.2_1.2.shear.wave,2104,210400,210.4,0.2104,158683.45183699526,1158.8278142864374,0.007302764093365089,7.302764093365089e+17,97,0.000611279871196913,6.112798711969129e+26,953.5820499547974,8.464079494219968,100.87827263752679,31.228314280711597,0.0,64.67509791918141,0.006009335182186153,5.333939611368262e-05,0.000635720180458087,0.00019679628795061962,0.0,0.0004075730466565458,5354,2653,5493,0.1965185185185185,0.4068888888888889,1,0,0
flow,0.2,1.2,0,registered,during_vibration,flow_dump_0.2_1.2.shear.wave,2105,210500,210.5,0.2105,158683.45183699526,1196.7564844042402,0.007541785047842209,7.541785047842209e+17,104,0.0006553928515925665,6.553928515925665e+26,957.62252955261,8.833897135120276,102.82436998788603,18.338949409763305,0.0,109.13673831886027,0.006034797696084344,5.566993301982578e-05,0.0006479842024958628,0.00011556938796996718,0.0,0.0006877638282722072,5377,2668,5455,0.19762962962962963,0.4040740740740741,1,0,0
flow,0.2,1.2,0,registered,during_vibration,flow_dump_0.2_1.2.shear.wave,2106,210600,210.6,0.21059999999999998,158683.45183699526,1246.2689424435814,0.00785380534653222,7.85380534653222e+17,101,0.0006364872885658578,6.364872885658577e+26,1019.5396567187764,0.0,109.12921424604487,18.991924901405724,0.0,98.60814657735415,0.006424990412775242,0.0,0.0006877164126612642,0.00011968434440734778,0.0,0.0006214141766883645,5406,2700,5394,0.2,0.39955555555555555,1,0,0
flow,0.2,1.2,0,registered,during_vibration,flow_dump_0.2_1.2.shear.wave,2107,210700,210.70000000000002,0.2107,158683.4518369953,1233.9985087721277,0.007776478860818647,7.776478860818647e+17,106,0.0006679965602770388,6.679965602770388e+26,991.447867909968,5.3755650830061565,89.23055418248984,40.446661254902374,0.0,107.49786034176167,0.006247960051489269,3.3876028160315726e-05,0.0005623179553350675,0.0002548889678581638,0.0,0.000677435857975833,5411,2725,5364,0.20185185185185187,0.3973333333333333,1,0,0
flow,0.2,1.2,0,registered,during_vibration,flow_dump_0.2_1.2.shear.wave,2108,210800,210.8,0.2108,158683.45183699526,1262.6739966888065,0.007957187608862113,7.957187608862113e+17,111,0.00069950583198822,6.995058319882199e+26,1002.956807097667,5.056342970120779,110.6087813570094,35.09178707437033,0.0,108.9602781896389,0.006320487709883804,3.18643369020912e-05,0.000697040429084126,0.00022114333075144937,0.0,0.0006866518022406419,5393,2688,5419,0.1991111111111111,0.40140740740740743,1,0,0
flow,0.2,1.2,0,registered,during_vibration,flow_dump_0.2_1.2.shear.wave,2109,210900,210.9,0.2109,158683.45183699526,1213.7136705034218,0.007648646764693444,7.648646764693444e+17,102,0.000642789142908094,6.42789142908094e+26,966.2811510110796,13.582509424742824,109.65903339344122,34.982832779931535,0.0,89.20814389422686,0.006089363067320181,8.559499599677989e-05,0.0006910552557558838,0.000220456716657935,0.0,0.0005621767289626668,5381,2661,5458,0.1971111111111111,0.4042962962962963,1,0,0
flow,0.2,1.2,0,registered,during_vibration,flow_dump_0.2_1.2.shear.wave,2110,211000,211.0,0.211,158683.45183699526,1315.6342603323976,0.008290935476270453,8.290935476270452e+17,107,0.0006742984146192752,6.742984146192752e+26,1057.6702994231528,15.278670277515683,111.64054680860131,51.89952215573454,0.0,79.14522166739374,0.006665284169074074,9.628395463195762e-05,0.0007035424646754097,0.0003270632290571004,0.0,0.0004987616588319131,5375,2663,5462,0.19725925925925927,0.4045925925925926,1,0,0
flow,0.2,1.2,0,registered,during_vibration,flow_dump_0.2_1.2.shear.wave,2111,211100,211.1,0.21109999999999998,158683.45183699526,1391.1561201877316,0.008766863236733544,8.766863236733544e+17,104,0.0006553928515925665,6.553928515925665e+26,1107.5578018308277,12.251012604305615,132.28224004355755,27.276391346083994,0.0,111.78867436295688,0.0069796679427452,7.720409697723396e-05,0.0008336234088192265,0.00017189184524485376,0.0,0.0007044759429470302,5401,2680,5419,0.1985185185185185,0.40140740740740743,1,0,0
flow,0.2,1.2,0,registered,during_vibration,flow_dump_0.2_1.2.shear.wave,2112,211200,211.20000000000002,0.2112,158683.45183699526,1207.9098288774248,0.0076120718001410044,7.612071800141005e+17,102,0.000642789142908094,6.42789142908094e+26,1003.5589136167546,6.2980857529388015,91.85874035734169,38.06792945475439,0.0,68.12615969563575,0.006324282097465605,3.968961904993343e-05,0.0005788804017932629,0.00023989854653438592,0.0,0.00042932113529782,5385,2670,5445,0.19777777777777777,0.4033333333333333,1,0,0
flow,0.2,1.2,0,registered,during_vibration,flow_dump_0.2_1.2.shear.wave,2113,211300,211.3,0.2113,158683.45183699526,1220.512595410998,0.007691492599144792,7.691492599144792e+17,98,0.0006175817255391491,6.1758172553914915e+26,984.9717735403519,9.422269654221644,103.8783596659098,37.74367055340309,0.0,84.49652199711149,0.006207148648065374,5.93777709341772e-05,0.000654626291924989,0.00023785511416889648,0.0,0.000532484774051355,5383,2664,5453,0.19733333333333333,0.4039259259259259,1,0,0
flow,0.2,1.2,0,registered,during_vibration,flow_dump_0.2_1.2.shear.wave,2114,211400,211.4,0.21139999999999998,158683.45183699526,1316.5724362651652,0.008296847724346145,8.296847724346145e+17,106,0.0006679965602770389,6.679965602770389e+26,1091.5676441726373,8.530021099871579,105.55011323168893,21.083549179489943,0.0,89.84110858147716,0.006878900298273891,5.375495050759225e-05,0.0006651614393926431,0.0001328654559465195,0.0,0.0005661655802254972,5404,2689,5407,0.1991851851851852,0.4005185185185185,1,0,0
flow,0.2,1.2,0,registered,during_vibration,flow_dump_0.2_1.2.shear.wave,2115,211500,211.5,0.2115,158683.45183699526,1238.0135806589153,0.007801781259022791,7.80178125902279e+17,109,0.0006869021233037475,6.869021233037475e+26,993.3278274027468,3.9299506452303374,86.98804169223425,36.22609315865405,0.0,117.5416677600497,0.0062598072823820666,2.476597653841882e-05,0.0005481859682608314,0.00022829156247411772,0.0,0.0007407304693673558,5416,2724,5360,0.20177777777777778,0.397037037037037,1,0,0
flow,0.2,1.2,0,registered,during_vibration,flow_dump_0.2_1.2.shear.wave,2116,211600,211.6,0.21159999999999998,158683.45183699526,1258.878078528245,0.007933266285519205,7.933266285519205e+17,112,0.0007058076863304561,7.058076863304562e+26,1006.0575968793939,5.195686243018216,108.06648493010617,44.58957208973866,0.0,94.9687383859874,0.006340028435434141,3.274245791146131e-05,0.0006810192473069942,0.00028099698849217434,0.0,0.0005984791563744299,5405,2710,5385,0.20074074074074075,0.3988888888888889,1,0,0
flow,0.2,1.2,0,registered,during_vibration,flow_dump_0.2_1.2.shear.wave,2117,211700,211.70000000000002,0.2117,158683.45183699526,1268.866141106927,0.007996209601051199,7.996209601051199e+17,107,0.0006742984146192752,6.742984146192752e+26,1018.0732839872521,10.12575580076873,114.96087595553274,46.87067677651544,0.0,78.83554858685808,0.006415749545409749,6.381103816149797e-05,0.000724466695327653,0.000295372177967634,0.0,0.0004968101441846658,5389,2660,5451,0.19703703703703704,0.4037777777777778,1,0,0
flow,0.2,1.2,0,registered,during_vibration,flow_dump_0.2_1.2.shear.wave,2118,211800,211.8,0.2118,158683.4518369953,1288.1734802480544,0.008117881640054739,8.117881640054739e+17,106,0.0006679965602770388,6.679965602770388e+26,1031.2411525103619,6.187995176470691,110.73854049757676,46.06621391974948,0.0,93.93957814389549,0.0064987315348401025,3.899584427257858e-05,0.0006978581522875551,0.0002903025702205556,0.0,0.000591993538433946,5382,2644,5474,0.19585185185185186,0.4054814814814815,1,0,0
flow,0.2,1.2,0,registered,during_vibration,flow_dump_0.2_1.2.shear.wave,2119,211900,211.9,0.21189999999999998,158683.45183699526,1237.1176659976213,0.007796135335324242,7.796135335324242e+17,105,0.0006616947059348027,6.616947059348027e+26,1010.1027279716075,9.90675919386689,119.81300063815652,30.01795571473145,0.0,67.27722247925843,0.006365520262372522,6.243095344335862e-05,0.0007550440783279172,0.00018916878456593482,0.0,0.0004239712566145067,5377,2671,5452,0.19785185185185186,0.40385185185185185,1,0,0
flow,0.2,1.2,0,registered,during_vibration,flow_dump_0.2_1.2.shear.wave,2120,212000,212.0,0.212,158683.45183699526,1202.989903360437,0.007581067146158296,7.581067146158296e+17,99,0.0006238835798813854,6.238835798813854e+26,982.7760137030594,4.684631599983922,100.49156926307575,42.44873454237803,0.0,72.58895425194008,0.006193311289400224,2.9521865990135667e-05,0.0006332832321186454,0.00026750574209831744,0.0,0.00045744501655097463,5380,2677,5443,0.1982962962962963,0.4031851851851852,1,0,0
flow,0.2,1.2,0,registered,during_vibration,flow_dump_0.2_1.2.shear.wave,2121,212100,212.1,0.21209999999999998,158683.45183699526,1173.138372997945,0.007392947149921029,7.392947149921029e+17,99,0.0006238835798813854,6.238835798813854e+26,953.104178883711,10.090830375953551,88.2759214874719,38.8054611407769,0.0,82.8619811100315,0.0060063237083017975,6.359094322147199e-05,0.0005563019991407281,0.00024454636379248366,0.0,0.0005221841354645473,5390,2654,5456,0.1965925925925926,0.40414814814814815,1,0,0
flow,0.2,1.2,0,registered,during_vibration,flow_dump_0.2_1.2.shear.wave,2122,212200,212.20000000000002,0.2122,158683.4518369953,1217.9777201607692,0.007675518184542108,7.675518184542108e+17,105,0.0006616947059348026,6.616947059348026e+26,942.5294971989955,10.399488231699891,97.3569212398765,37.008639507304366,0.0,130.68317398289273,0.005939683604609206,6.553606006997237e-05,0.0006135291368622649,0.00023322305557936076,0.0,0.0008235463274213033,5405,2688,5407,0.1991111111111111,0.4005185185185185,1,0,0
flow,0.2,1.2,0,registered,during_vibration,flow_dump_0.2_1.2.shear.wave,2123,212300,212.3,0.2123,158683.45183699526,1277.366710718102,0.008049778952566863,8.049778952566862e+17,108,0.0006806002689615113,6.806002689615113e+26,1052.9716865335745,5.0037127831273285,92.8410267786137,27.155066924230223,0.0,99.39521769855587,0.006635674195033398,3.1532669129653814e-05,0.0005850706277424755,0.00017112727641017527,0.0,0.0006263741842511582,5415,2726,5359,0.20192592592592593,0.39696296296296296,1,0,0
flow,0.2,1.2,0,registered,during_vibration,flow_dump_0.2_1.2.shear.wave,2124,212400,212.4,0.21239999999999998,158683.45183699526,1267.4557301375048,0.007987321396559208,7.987321396559208e+17,113,0.0007121095406726924,7.121095406726925e+26,1021.7635257843522,3.411413500191173,100.1851235504215,36.67910786519861,0.0,105.41655943734114,0.006439004911702705,2.1498230979342993e-05,0.0006313520558736955,0.0002311463951696524,0.0,0.0006643198028338104,5410,2731,5359,0.2022962962962963,0.39696296296296296,1,0,0
flow,0.2,1.2,0,registered,during_vibration,flow_dump_0.2_1.2.shear.wave,2125,212500,212.5,0.2125,158683.45183699526,1243.0164028910867,0.007833308316030036,7.833308316030036e+17,108,0.0006806002689615113,6.806002689615113e+26,1013.1378603810552,0.0,101.92719059118599,37.360235478403126,0.0,90.59111644044162,0.006384647224726262,0.0,0.0006423303086190038,0.00023543876217654226,0.0,0.0005708920205082237,5395,2682,5423,0.19866666666666666,0.40170370370370373,1,0,0
flow,0.2,1.2,0,registered,during_vibration,flow_dump_0.2_1.2.shear.wave,2126,212600,212.6,0.21259999999999998,158683.4518369953,1215.433464798782,0.007659484657841413,7.659484657841413e+17,98,0.000617581725539149,6.17581725539149e+26,970.6004815239248,0.0,95.31710813932568,48.09411617657376,0.0,101.42175895895832,0.006116582859068106,0.0,0.0006006745318172084,0.0003030821148633543,0.0,0.0006391451520927462,5362,2645,5493,0.19592592592592592,0.4068888888888889,1,0,0
flow,0.2,1.2,0,registered,during_vibration,flow_dump_0.2_1.2.shear.wave,2127,212700,212.70000000000002,0.2127,158683.45183699526,1252.4185077822644,0.007892559011564665,7.892559011564664e+17,107,0.0006742984146192752,6.742984146192752e+26,1024.1989531671534,2.03078029820244,101.64251913912715,32.52439855067723,0.0,92.02185662710404,0.0064543526203302126,1.2797681640354805e-05,0.0006405363505927361,0.00020496402223520662,0.0,0.0005799083367661541,5368,2660,5472,0.19703703703703704,0.4053333333333333,1,0,0
flow,0.2,1.2,0,registered,during_vibration,flow_dump_0.2_1.2.shear.wave,2128,212800,212.8,0.2128,158683.45183699526,1268.437237136501,0.007993506710702767,7.993506710702766e+17,103,0.0006490909972503302,6.490909972503302e+26,1009.9105458849042,4.275952923537502,109.96151375151179,30.18858661922971,0.0,114.10063795731789,0.00636430915885493,2.694643249839245e-05,0.000692961442913832,0.00019024407567236687,0.0,0.0007190456007632461,5381,2682,5437,0.19866666666666666,0.40274074074074073,1,0,0
flow,0.2,1.2,0,registered,during_vibration,flow_dump_0.2_1.2.shear.wave,2129,212900,212.9,0.21289999999999998,158683.45183699526,1180.534225132397,0.007439554732809063,7.439554732809062e+17,97,0.000611279871196913,6.112798711969129e+26,927.043939865845,2.6831041235183326,105.22914937684583,40.22254212639388,0.0,105.35548963979487,0.005842095877887345,1.69085313714659e-05,0.0006631387719302993,0.0002534766017549944,0.0,0.000663934949864964,5378,2660,5462,0.19703703703703704,0.4045925925925926,1,0,0
flow,0.2,1.2,0,registered,during_vibration,flow_dump_0.2_1.2.shear.wave,2130,213000,213.0,0.213,158683.4518369953,1213.8680342951363,0.007649619542824544,7.649619542824544e+17,104,0.0006553928515925663,6.553928515925663e+26,966.8453104293226,10.363240052238558,114.46068727722565,19.445388810974677,0.0,102.753407725375,0.006092918317799748,6.530762932283582e-05,0.0007213145791333258,0.00012254200791491228,0.0,0.0006475370086537227,5383,2675,5442,0.19814814814814816,0.4031111111111111,1,0,0
flow,0.2,1.2,0,registered,during_vibration,flow_dump_0.2_1.2.shear.wave,2131,213100,213.1,0.21309999999999998,158683.45183699526,1319.0889077837874,0.008312706161312888,8.312706161312888e+17,106,0.0006679965602770389,6.679965602770389e+26,1085.9657895523512,5.033622685213821,96.39123605378776,24.750217581739435,0.0,106.948041910695,0.006843598226410465,3.172115697599344e-05,0.0006074435294790785,0.0001559722661387758,0.0,0.0006739709823085741,5391,2717,5392,0.20125925925925925,0.39940740740740743,1,0,0
flow,0.2,1.2,0,registered,during_vibration,flow_dump_0.2_1.2.shear.wave,2132,213200,213.20000000000002,0.2132,158683.45183699526,1227.8462366789124,0.007737708138213401,7.737708138213402e+17,106,0.0006679965602770389,6.679965602770389e+26,1012.8879157234419,4.008041375847026,93.97318832993142,30.057453734943106,0.0,86.91963751474933,0.006383072109900362,2.5258092948244e-05,0.00059220534493076,0.0001894176953361154,0.0,0.0005477548950979209,5397,2728,5375,0.20207407407407407,0.39814814814814814,1,0,0
flow,0.2,1.2,0,registered,during_vibration,flow_dump_0.2_1.2.shear.wave,2133,213300,213.3,0.2133,158683.45183699526,1235.4501786847268,0.007785627073160855,7.785627073160855e+17,110,0.0006932039776459838,6.932039776459838e+26,998.8240647204324,3.769961950452258,100.59807302070388,41.382011925121105,0.0,90.87606706801797,0.006294443769388484,2.375775108752288e-05,0.0006339544032861186,0.0002607834115407953,0.0,0.0005726877378579387,5388,2705,5407,0.20037037037037037,0.4005185185185185,1,0,0
flow,0.2,1.2,0,registered,during_vibration,flow_dump_0.2_1.2.shear.wave,2134,213400,213.4,0.21339999999999998,158683.45183699526,1188.7714496533256,0.007491464521924251,7.491464521924251e+17,99,0.0006238835798813854,6.238835798813854e+26,978.1142837658012,2.445066311961929,94.18775985075946,38.86738410088293,0.0,75.15695562392011,0.006163933746352781,1.540845175509277e-05,0.0005935575434010105,0.00024493659326751195,0.0,0.00047362818714785556,5372,2680,5448,0.1985185185185185,0.40355555555555556,1,0,0
flow,0.2,1.2,0,registered,during_vibration,flow_dump_0.2_1.2.shear.wave,2135,213500,213.5,0.2135,158683.45183699526,1275.3043864383912,0.00803678248534967,8.036782485349669e+17,104,0.0006553928515925665,6.553928515925665e+26,1027.03106260668,9.696301420056006,120.23384176631463,38.094901482107005,0.0,80.24827916323368,0.006472200161499382,6.110467920761112e-05,0.000757696157818792,0.0002400685203220769,0.0,0.0005057129665018082,5371,2665,5464,0.19740740740740742,0.40474074074074073,1,0,0
flow,0.2,1.2,0,registered,during_vibration,flow_dump_0.2_1.2.shear.wave,2136,213600,213.6,0.21359999999999998,158683.45183699526,1308.579867473947,0.008246479720003584,8.246479720003584e+17,111,0.00069950583198822,6.995058319882199e+26,1085.3652090750913,5.243011911798581,118.57086912230108,26.510733468932948,0.0,72.8900438958236,0.006839813455721983,3.304069738276409e-05,0.0007472163464410951,0.00016706678082706208,0.0,0.0004593424396306843,5398,2688,5414,0.1991111111111111,0.401037037037037,1,0,0
flow,0.2,1.2,0,registered,during_vibration,flow_dump_0.2_1.2.shear.wave,2137,213700,213.70000000000002,0.2137,158683.4518369953,1111.832028293026,0.007006603495335704,7.006603495335704e+17,93,0.000586072453827968,5.8607245382796806e+26,929.0366276349043,0.0,104.52069595819029,28.061504536163806,0.0,50.21320016376771,0.005854653505957512,0.0,0.0006586742016776727,0.00017683951421090512,0.0,0.00031643627348961574,5386,2679,5435,0.19844444444444445,0.4025925925925926,1,0,0
flow,0.2,1.2,0,registered,during_vibration,flow_dump_0.2_1.2.shear.wave,2138,213800,213.8,0.2138,158683.45183699526,1169.1424629563032,0.007367765506873924,7.367765506873924e+17,101,0.0006364872885658578,6.364872885658577e+26,961.2009282363249,10.72702272320516,101.75140836663765,43.424083083731176,0.0,52.0390205464047,0.006057348243367565,6.7600134727497e-05,0.0006412225546439459,0.0002736522465388375,0.0,0.0003279423275960801,5381,2681,5438,0.1985925925925926,0.4028148148148148,1,0,0
flow,0.2,1.2,0,registered,during_vibration,flow_dump_0.2_1.2.shear.wave,2139,213900,213.9,0.21389999999999998,158683.45183699526,1339.7423603113336,0.008442861210805775,8.442861210805775e+17,110,0.0006932039776459838,6.932039776459838e+26,1043.4727504105094,7.335820737687501,120.07964417919696,22.932398190817857,0.0,145.92174679312097,0.006575813283179636,4.622927376966246e-05,0.0007567244270848521,0.00014451663311669546,0.0,0.000919577593654923,5384,2718,5398,0.20133333333333334,0.39985185185185185,1,0,0
flow,0.2,1.2,0,registered,during_vibration,flow_dump_0.2_1.2.shear.wave,2140,214000,214.0,0.214,158683.45183699526,1336.1100443305863,0.008419970884570128,8.419970884570127e+17,104,0.0006553928515925665,6.553928515925665e+26,1072.2545093703259,10.338413818175578,91.67559532187872,19.223574249254064,0.0,142.6179515709521,0.0067571917358577515,6.515117801190467e-05,0.0005777262484562715,0.00012114416485596203,0.0,0.0008987575573882389,5400,2749,5351,0.20362962962962963,0.3963703703703704,1,0,0
flow,0.2,1.2,0,registered,during_vibration,flow_dump_0.2_1.2.shear.wave,2141,214100,214.1,0.21409999999999998,158683.4518369953,1208.4258077586715,0.007615323423894289,7.615323423894289e+17,108,0.0006806002689615112,6.806002689615112e+26,972.316051398197,5.306304256037235,107.89552464475602,33.36913647614776,0.0,89.53879098353339,0.006127394130529699,3.343955651713475e-05,0.0006799418804904103,0.00021028743759888462,0.0,0.0005642604187581608,5392,2715,5393,0.2011111111111111,0.3994814814814815,1,0,0
flow,0.2,1.2,0,registered,during_vibration,flow_dump_0.2_1.2.shear.wave,2142,214200,214.20000000000002,0.2142,158683.45183699526,1231.6987801751432,0.007761986306173777,7.761986306173777e+17,103,0.0006490909972503302,6.490909972503302e+26,1007.4404884444983,4.003230101431247,101.71738488765322,35.89141480479771,0.0,82.64626193676203,0.006348743216648536,2.522777299767523e-05,0.0006410081436351699,0.00022618246823661567,0.0,0.0005208247046557755,5368,2672,5460,0.19792592592592592,0.40444444444444444,1,0,0
flow,0.2,1.2,0,registered,during_vibration,flow_dump_0.2_1.2.shear.wave,2143,214300,214.3,0.2143,158683.45183699526,1236.506546465592,0.007792284149047699,7.792284149047699e+17,105,0.0006616947059348027,6.616947059348027e+26,1024.1113600262697,5.355441672975928,91.667767468131,35.045794019034474,0.0,80.32618327918085,0.006453800621114985,3.3749213361436136e-05,0.0005776769184621411,0.0002208534892159684,0.0,0.000506203906893168,5371,2660,5469,0.19703703703703704,0.4051111111111111,1,0,0
flow,0.2,1.2,0,registered,during_vibration,flow_dump_0.2_1.2.shear.wave,2144,214400,214.4,0.21439999999999998,158683.45183699526,1272.3114126100986,0.008017921200233643,8.017921200233644e+17,100,0.0006301854342236216,6.301854342236216e+26,1025.0173557545015,10.718108015212717,135.7321577077316,20.748394183519494,0.0,80.09539694913278,0.006459510074228989,6.754395553622506e-05,0.0008553642874315593,0.00013075335797984097,0.0,0.0005047495250570257,5373,2661,5466,0.1971111111111111,0.4048888888888889,1,0,0
flow,0.2,1.2,0,registered,during_vibration,flow_dump_0.2_1.2.shear.wave,2145,214500,214.5,0.2145,158683.4518369953,1250.6857296034254,0.007881639295874215,7.881639295874216e+17,105,0.0006616947059348026,6.616947059348026e+26,1000.591265347915,0.0,136.67947437345762,29.324786700338574,0.0,84.09020318171392,0.006305580410336387,0.0,0.0008613341390749374,0.00018480053440267944,0.0,0.0005299242120602094,5371,2678,5451,0.19837037037037036,0.4037777777777778,1,0,0
flow,0.2,1.2,0,registered,during_vibration,flow_dump_0.2_1.2.shear.wave,2146,214600,214.6,0.21459999999999999,158683.45183699526,1201.8753425283564,0.007574043346138962,7.574043346138962e+17,101,0.0006364872885658578,6.364872885658577e+26,949.9791219968047,5.880471595178148,100.21217681216034,33.750589242033875,0.0,112.05298288217949,0.0059866300549893114,3.7057875456470136e-05,0.000631522541588656,0.0002126912973679421,0.0,0.0007061415767365832,5385,2677,5438,0.1982962962962963,0.4028148148148148,1,0,0
flow,0.2,1.2,0,registered,during_vibration,flow_dump_0.2_1.2.shear.wave,2147,214700,214.70000000000002,0.2147,158683.45183699526,1226.9321105256097,0.007731947448344858,7.731947448344858e+17,107,0.0006742984146192752,6.742984146192752e+26,953.629581147619,15.035664716434145,115.87754082391199,27.461303669775184,0.0,114.92802016786939,0.006009634716840026,9.475256898166837e-05,0.0007302433838088241,0.00017305713577484008,0.0,0.0007242596429394992,5378,2706,5416,0.20044444444444445,0.4011851851851852,1,0,0
flow,0.2,1.2,0,registered,during_vibration,flow_dump_0.2_1.2.shear.wave,2148,214800,214.8,0.2148,158683.45183699526,1264.4035424543356,0.007968086954354709,7.968086954354708e+17,109,0.0006869021233037475,6.869021233037475e+26,1002.775837463964,4.38641174102556,105.5343469723081,19.436166296730015,0.0,132.27077998030757,0.006319347265611839,2.7642527877017845e-05,0.0006650620827225032,0.00012248388897347323,0.0,0.0008335511891698723,5397,2750,5353,0.2037037037037037,0.3965185185185185,1,0,0
flow,0.2,1.2,0,registered,during_vibration,flow_dump_0.2_1.2.shear.wave,2149,214900,214.9,0.21489999999999998,158683.4518369953,1203.166854444122,0.0075821822661133785,7.582182266113379e+17,111,0.0006995058319882199,6.995058319882199e+26,961.258925956685,8.03437222291357,113.50975088410709,27.57035990946865,0.0,92.79344547094789,0.0060577137365534555,5.063144348010991e-05,0.0007153219164951613,0.00017374439231250026,0.0,0.0005847707772721523,5383,2740,5377,0.20296296296296296,0.3982962962962963,1,0,0
flow,0.2,1.2,0,registered,during_vibration,flow_dump_0.2_1.2.shear.wave,2150,215000,215.0,0.215,158683.45183699526,1230.517952933716,0.007754544904894958,7.754544904894958e+17,106,0.0006679965602770389,6.679965602770389e+26,1014.3898801721247,6.988359039356329,97.14079658863106,41.97708623596124,0.0,70.02183089764242,0.006392537271083179,4.403962075727339e-05,0.0006121671507903497,0.0002645334831705164,0.0,0.0004412673790936379,5372,2688,5440,0.1991111111111111,0.40296296296296297,1,0,0
flow,0.2,1.2,0,registered,during_vibration,flow_dump_0.2_1.2.shear.wave,2151,215100,215.1,0.21509999999999999,158683.45183699526,1259.2453234950642,0.00793558060980802,7.935580609808019e+17,104,0.0006553928515925665,6.553928515925665e+26,1036.1060370991613,11.483795898071246,89.25219393273098,42.98573906728585,0.0,79.41755749781547,0.006529389328910507,7.236920904561473e-05,0.0005624543258890896,0.0002708898663954083,0.0,0.0005004778795674028,5366,2663,5471,0.19725925925925927,0.40525925925925926,1,0,0
flow,0.2,1.2,0,registered,during_vibration,flow_dump_0.2_1.2.shear.wave,2152,215200,215.20000000000002,0.2152,158683.45183699526,1279.2696624231287,0.008061771077032251,8.061771077032251e+17,102,0.000642789142908094,6.42789142908094e+26,1047.468601385477,5.325413306377009,97.21181261663575,49.4718286231288,0.0,79.79200649151002,0.006600994553997165,3.355997896899448e-05,0.0006126146834547994,0.00031176425802703015,0.0,0.0005028376025842628,5365,2671,5464,0.19785185185185186,0.40474074074074073,1,0,0
flow,0.2,1.2,0,registered,during_vibration,flow_dump_0.2_1.2.shear.wave,2153,215300,215.3,0.2153,158683.45183699526,1199.5328224301884,0.007559281125686546,7.559281125686546e+17,102,0.000642789142908094,6.42789142908094e+26,968.0720131756011,0.0,131.13723553926008,23.63074366956885,0.0,76.69283004575836,0.006100648819828017,0.0,0.0008264077572119396,0.00014891750460434343,0.0,0.00048330704404224645,5389,2703,5408,0.20022222222222222,0.4005925925925926,1,0,0
flow,0.2,1.2,0,registered,during_vibration,flow_dump_0.2_1.2.shear.wave,2154,215400,215.4,0.21539999999999998,158683.45183699526,1167.7850595084858,0.0073592113480621295,7.35921134806213e+17,94,0.0005923743081702043,5.9237430817020434e+26,960.5891002452754,3.226083492976872,99.23340667401496,22.858419237667206,0.0,81.8780498585515,0.006053492592485468,2.033030826863288e-05,0.0006253544747435335,0.00014405042852954893,0.0,0.0005159835440349462,5385,2674,5441,0.19807407407407407,0.403037037037037,1,0,0
flow,0.2,1.2,0,registered,during_vibration,flow_dump_0.2_1.2.shear.wave,2155,215500,215.5,0.2155,158683.45183699526,1180.8250381364116,0.007441387394001191,7.44138739400119e+17,101,0.0006364872885658578,6.364872885658577e+26,950.7348954245571,10.537977194104805,106.71608192687795,26.64863979315127,0.0,86.1874437977209,0.00599139282904674,6.640879733905558e-05,0.0006725092042773315,0.00016793584639515914,0.0,0.0005431407169429073,5379,2687,5434,0.19903703703703704,0.4025185185185185,1,0,0
flow,0.2,1.2,0,registered,during_vibration,flow_dump_0.2_1.2.shear.wave,2156,215600,215.6,0.21559999999999999,158683.45183699526,1306.612442040161,0.008234081291490655,8.234081291490655e+17,106,0.0006679965602770389,6.679965602770389e+26,1027.3255184459454,21.122002580434835,110.67729559850692,14.860545967475089,0.0,132.62707944779925,0.006474055779308653,0.00013310778367823782,0.0006974721958544121,9.364899613313378e-05,0.0,0.0008357965365162213,5400,2725,5375,0.20185185185185187,0.39814814814814814,1,0,0
flow,0.2,1.2,0,registered,during_vibration,flow_dump_0.2_1.2.shear.wave,2157,215700,215.70000000000002,0.2157,158683.45183699526,1192.7443466184955,0.007516501139915464,7.516501139915464e+17,105,0.0006616947059348027,6.616947059348027e+26,962.5225041450792,10.619316566916698,96.50063072343181,34.30751750418493,0.0,88.79437767888298,0.006065676622246744,6.692138621880498e-05,0.0006081329187529924,0.00021620097815509278,0.0,0.0005595692345418313,5405,2750,5345,0.2037037037037037,0.3959259259259259,1,0,0
flow,0.2,1.2,0,registered,during_vibration,flow_dump_0.2_1.2.shear.wave,2158,215800,215.8,0.2158,158683.45183699526,1220.693276023266,0.007692631222045771,7.69263122204577e+17,105,0.0006616947059348027,6.616947059348027e+26,1019.3592853434395,9.901562421501584,101.58244282667931,35.50825739894065,0.0,54.34172803270549,0.00642385373864036,6.23982041408627e-05,0.0006401577584222712,0.00022376786607475538,0.0,0.0003424536547675246,5389,2700,5411,0.2,0.4008148148148148,1,0,0
flow,0.2,1.2,0,registered,during_vibration,flow_dump_0.2_1.2.shear.wave,2159,215900,215.9,0.21589999999999998,158683.45183699526,1194.3294252209057,0.007526490074388849,7.526490074388849e+17,101,0.0006364872885658578,6.364872885658577e+26,975.8130217327033,0.0,100.06356591589423,34.55322313685632,0.0,83.89961443545253,0.006149431528216879,0.0,0.0006305860173667179,0.00021774937926325488,0.0,0.0005287231495420009,5372,2680,5448,0.1985185185185185,0.40355555555555556,1,0,0
flow,0.2,1.2,0,registered,during_vibration,flow_dump_0.2_1.2.shear.wave,2160,216000,216.0,0.216,158683.4518369953,1250.108225235592,0.007877999947466123,7.877999947466124e+17,107,0.0006742984146192749,6.742984146192749e+26,1011.5850756351948,9.339499899540424,102.63162624599529,38.878279283650784,0.0,87.67374417121013,0.006374861801433002,5.8856167996233515e-05,0.0006467695595090897,0.000245005253122347,0.0,0.0005525071654054476,5362,2668,5470,0.19762962962962963,0.4051851851851852,1,0,0
flow,0.2,1.2,0,registered,during_vibration,flow_dump_0.2_1.2.shear.wave,2161,216100,216.1,0.2161,158683.45183699526,1227.322055440857,0.007734404824402242,7.734404824402243e+17,106,0.0006679965602770389,6.679965602770389e+26,972.1941349629124,11.367678799172694,119.1919792249109,18.734670316853855,0.0,105.83359213700719,0.006126625830912611,7.163745600171301e-05,0.0007511304918382336,0.00011806316348662941,0.0,0.0006669478821630554,5390,2683,5427,0.19874074074074075,0.402,1,0,0
flow,0.2,1.2,0,registered,during_vibration,flow_dump_0.2_1.2.shear.wave,2162,216200,216.20000000000002,0.2162,158683.45183699526,1136.9006331018302,0.007164582191403871,7.164582191403871e+17,98,0.0006175817255391491,6.1758172553914915e+26,924.1425287457585,0.0,103.35769133604165,22.736587462513597,0.0,86.66382555751603,0.005823811607621615,0.0,0.0006513451159495446,0.00014328266242827483,0.0,0.0005461428054044343,5382,2675,5443,0.19814814814814816,0.4031851851851852,1,0,0
flow,0.2,1.2,0,registered,during_vibration,flow_dump_0.2_1.2.shear.wave,2163,216300,216.3,0.2163,158683.45183699526,1171.801128588549,0.007384520030433046,7.384520030433046e+17,98,0.0006175817255391491,6.1758172553914915e+26,917.6132204416751,10.248816680632498,117.68141326070325,26.058129383107058,0.0,100.19954882243115,0.0057826648577337285,6.458654990162687e-05,0.0007416111251574574,0.00016421453580348633,0.0,0.0006314429618367475,5380,2677,5443,0.1982962962962963,0.4031851851851852,1,0,0
flow,0.2,1.2,0,registered,during_vibration,flow_dump_0.2_1.2.shear.wave,2164,216400,216.4,0.21639999999999998,158683.4518369953,1253.5277044474885,0.0078995490073858,7.899549007385801e+17,102,0.0006427891429080939,6.427891429080939e+26,976.473753995464,4.076922733070505,115.68967043765291,33.33548066372094,0.0,123.95187661758064,0.0061535953666960125,2.56921732283619e-05,0.0007290594519993996,0.00021007534357120122,0.0,0.0007811266718908281,5394,2709,5397,0.20066666666666666,0.3997777777777778,1,0,0
flow,0.2,1.2,0,registered,during_vibration,flow_dump_0.2_1.2.shear.wave,2165,216500,216.5,0.2165,158683.45183699526,1187.9081350840092,0.007486024039256889,7.48602403925689e+17,102,0.000642789142908094,6.42789142908094e+26,940.0926643123207,4.94697607321748,109.20737997088806,11.018411780093682,0.0,122.64270294748951,0.005924327038701012,3.117512264794424e-05,0.0006882090016737813,6.943642612093005e-05,0.0,0.0007728764501132231,5401,2749,5350,0.20362962962962963,0.3962962962962963,1,0,0
flow,0.2,1.2,0,registered,during_vibration,flow_dump_0.2_1.2.shear.wave,2166,216600,216.6,0.2166,158683.45183699526,1263.6303710384605,0.007963214540710284,7.963214540710284e+17,112,0.0007058076863304561,7.058076863304562e+26,1007.5954031261788,4.418397652054727,131.8465302228438,42.34937524833055,0.0,77.42066478905335,0.00634971946640796,2.7844098429327385e-05,0.0008308776289936067,0.00026687959429968285,0.0,0.00048789375257971034,5383,2727,5390,0.202,0.39925925925925926,1,0,0
flow,0.2,1.2,0,registered,during_vibration,flow_dump_0.2_1.2.shear.wave,2167,216700,216.70000000000002,0.2167,158683.45183699526,1281.9784914253898,0.008078841722842527,8.078841722842527e+17,104,0.0006553928515925665,6.553928515925665e+26,1034.7217865361133,4.504743572633716,112.94547452221036,46.32719146500549,0.0,83.47929532942683,0.00652066598348902,2.8388237843862467e-05,0.0007117659290537213,0.0002919472126973534,0.0,0.000526074359758568,5365,2680,5455,0.1985185185185185,0.4040740740740741,1,0,0
flow,0.2,1.2,0,registered,during_vibration,flow_dump_0.2_1.2.shear.wave,2168,216800,216.8,0.2168,158683.4518369953,1218.1370223821295,0.0076765220839375165,7.676522083937517e+17,98,0.000617581725539149,6.17581725539149e+26,957.777682082267,19.028855212766647,100.09322226940102,54.71548676511937,0.0,86.52177605257563,0.006035775444727071,0.00011991707385035772,0.0006307729073868394,0.00034480902785833566,0.0,0.000545247630114913,5339,2662,5499,0.19718518518518519,0.4073333333333333,1,0,0
flow,0.2,1.2,0,registered,during_vibration,flow_dump_0.2_1.2.shear.wave,2169,216900,216.9,0.21689999999999998,158683.45183699526,1238.0329067789378,0.007801903049416173,7.801903049416173e+17,103,0.0006490909972503302,6.490909972503302e+26,988.3130065539411,6.574999539128136,116.99830711292019,21.66520608698146,0.0,104.4813874859666,0.006228204611840484,4.143468939585576e-05,0.0007373062897138424,0.0001365309730546866,0.0,0.0006584264854113032,5344,2677,5479,0.1982962962962963,0.40585185185185185,1,0,0
flow,0.2,1.2,0,registered,during_vibration,flow_dump_0.2_1.2.shear.wave,2170,217000,217.0,0.217,158683.45183699526,1233.2866729987811,0.007771992975459425,7.771992975459425e+17,103,0.0006490909972503302,6.490909972503302e+26,1008.6720325978155,0.0,123.47967239706306,33.145700754625494,0.0,67.98926724927693,0.006356504228518773,0.0,0.0007781509096733372,0.0002088793782269989,0.0,0.0004284584590403144,5366,2700,5434,0.2,0.4025185185185185,1,0,0
flow,0.2,1.2,0,registered,during_vibration,flow_dump_0.2_1.2.shear.wave,2171,217100,217.1,0.2171,158683.45183699526,1162.4466254044505,0.007325569313922873,7.325569313922872e+17,92,0.0005797705994857318,5.7977059948573184e+26,940.0342561502803,3.055259048298048,111.67413535812702,21.792040766159978,0.0,85.89093408158512,0.005923958958971435,1.9253797500173545e-05,0.0007037541348220876,0.0001373302667284139,0.0,0.0005412721559007618,5357,2671,5472,0.19785185185185186,0.4053333333333333,1,0,0
flow,0.2,1.2,0,registered,during_vibration,flow_dump_0.2_1.2.shear.wave,2172,217200,217.20000000000002,0.21719999999999998,158683.45183699526,1200.0836305823357,0.007562752238431895,7.562752238431895e+17,107,0.0006742984146192752,6.742984146192752e+26,974.6369882708473,11.533034175105596,93.60633385775014,23.090697615120995,0.0,97.21657666351159,0.006142020336638666,7.267950149554787e-05,0.0005898934814822757,0.00014551421303111368,0.0,0.0006126447057842905,5376,2692,5432,0.1994074074074074,0.4023703703703704,1,0,0
flow,0.2,1.2,0,registered,during_vibration,flow_dump_0.2_1.2.shear.wave,2173,217300,217.3,0.2173,158683.45183699526,1396.655408150277,0.008801518948459517,8.801518948459517e+17,106,0.0006679965602770389,6.679965602770389e+26,1087.493746233538,0.0,141.86441379654445,19.828582383518004,0.0,147.46866573667708,0.006853227186856552,0.0,0.0008940088720925491,0.00012495683799396148,0.0,0.0009293260515164596,5386,2743,5371,0.2031851851851852,0.39785185185185185,1,0,0
flow,0.2,1.2,0,registered,during_vibration,flow_dump_0.2_1.2.shear.wave,2174,217400,217.4,0.21739999999999998,158683.45183699526,1245.5057840337067,0.007848996033393138,7.848996033393138e+17,113,0.0007121095406726924,7.121095406726925e+26,985.3702680508574,8.511248565194325,121.70067027688822,41.15954900948359,0.0,88.76404813128367,0.006209659902426759,5.363664872842162e-05,0.000766939897437466,0.0002593814826498985,0.0,0.0005593781021505944,5385,2746,5369,0.2034074074074074,0.3977037037037037,1,0,0
flow,0.2,1.2,0,registered,during_vibration,flow_dump_0.2_1.2.shear.wave,2175,217500,217.5,0.2175,158683.45183699526,1225.2013122653566,0.007721040209812948,7.721040209812947e+17,102,0.000642789142908094,6.42789142908094e+26,1011.5370080121457,0.0,93.68721776365643,37.83974696266465,0.0,82.13733952688999,0.006374558886273971,0.0,0.0005904032000759282,0.0002384605737057879,0.0,0.000517617549757262,5367,2692,5441,0.1994074074074074,0.403037037037037,1,0,0
flow,0.2,1.2,0,registered,during_vibration,flow_dump_0.2_1.2.shear.wave,2176,217600,217.6,0.2176,158683.45183699526,1221.6665760428318,0.0076987648170003704,7.69876481700037e+17,104,0.0006553928515925665,6.553928515925665e+26,1012.0878606525426,7.322061319898011,96.18609010028719,21.577193210069865,0.0,84.49337076003391,0.006378030279377788,4.614256392291912e-05,0.0006061507295612187,0.00013597632872414857,0.0,0.0005324649154142942,5341,2659,5500,0.19696296296296295,0.4074074074074074,1,0,0
flow,0.2,1.2,0,registered,during_vibration,flow_dump_0.2_1.2.shear.wave,2177,217700,217.70000000000002,0.21769999999999998,158683.45183699526,1283.9720316460912,0.008091404722938777,8.091404722938776e+17,112,0.0007058076863304561,7.058076863304562e+26,1039.047779083378,8.515800157566435,99.30088466008196,41.57242415376533,0.0,95.53514359129935,0.006547927758407481,5.366533220057589e-05,0.0006257797111830351,0.0002619833616706918,0.0,0.0006020485594769902,5326,2669,5505,0.19770370370370371,0.4077777777777778,1,0,0
flow,0.2,1.2,0,registered,during_vibration,flow_dump_0.2_1.2.shear.wave,2178,217800,217.8,0.2178,158683.45183699526,1268.513323244048,0.007993986194269997,7.993986194269998e+17,106,0.0006679965602770389,6.679965602770389e+26,990.7690016897965,4.47081916793015,121.00478454664726,40.78647371103882,0.0,111.48224412863567,0.006243681935451884,2.8174451186773525e-05,0.0007625545269266468,0.0002570304164604133,0.0,0.0007025448642442806,5369,2705,5426,0.20037037037037037,0.4019259259259259,1,0,0
flow,0.2,1.2,0,registered,during_vibration,flow_dump_0.2_1.2.shear.wave,2179,217900,217.9,0.21789999999999998,158683.4518369953,1082.0942801894307,0.006819200538320735,6.819200538320735e+17,92,0.0005797705994857317,5.797705994857318e+26,876.4576465032363,0.0,104.41553364249653,27.226432032972397,0.0,73.99466801072559,0.005523308425402554,0.0,0.0006580114840818783,0.00017157700893058627,0.0,0.0004663036199057182,5351,2683,5466,0.19874074074074075,0.4048888888888889,1,0,0
flow,0.2,1.2,0,registered,during_vibration,flow_dump_0.2_1.2.shear.wave,2180,218000,218.0,0.218,158683.45183699526,1183.2442224372307,0.007456632741091977,7.456632741091977e+17,103,0.0006490909972503302,6.490909972503302e+26,917.9814089090997,6.477015644317325,117.00512409267802,28.704939317822962,0.0,113.07573447331305,0.00578498512782593,4.0817209162873035e-05,0.0007373492493273303,0.0001808943464836497,0.0,0.0007125868082921973,5365,2692,5443,0.1994074074074074,0.4031851851851852,1,0,0
flow,0.2,1.2,0,registered,during_vibration,flow_dump_0.2_1.2.shear.wave,2181,218100,218.1,0.2181,158683.45183699526,1244.0351808943499,0.007839728506613675,7.839728506613676e+17,102,0.000642789142908094,6.42789142908094e+26,996.4117173397362,5.181640101766494,124.38010428611929,35.72284280140796,0.0,82.33887636531975,0.006279241507572462,3.265394117522249e-05,0.0007838253002832742,0.00022512015202507448,0.0,0.0005188876055576412,5391,2719,5390,0.2014074074074074,0.39925925925925926,1,0,0
flow,0.2,1.2,0,registered,during_vibration,flow_dump_0.2_1.2.shear.wave,2182,218200,218.20000000000002,0.21819999999999998,158683.45183699526,1241.6830538700146,0.007824905744711877,7.824905744711877e+17,107,0.0006742984146192752,6.742984146192752e+26,980.6328898207867,7.758715619921641,105.99177989945603,62.560144481693925,0.0,84.7395240481567,0.006179805634856773,4.8894295719579144e-05,0.0006679447584007323,0.0003942449181528879,0.0,0.0005340161375819065,5389,2734,5377,0.20251851851851851,0.3982962962962963,1,0,0
flow,0.2,1.2,0,registered,during_vibration,flow_dump_0.2_1.2.shear.wave,2183,218300,218.3,0.2183,158683.4518369953,1184.750420026512,0.007466124578910254,7.466124578910254e+17,105,0.0006616947059348026,6.616947059348026e+26,979.8139562779725,3.2025458547710315,89.00930609432194,39.03136918365778,0.0,73.69324261578939,0.006174644834953985,2.0181977501099414e-05,0.0005609236821099351,0.00024597000337345855,0.0,0.0004644040809717792,5351,2678,5471,0.19837037037037036,0.40525925925925926,1,0,0
flow,0.2,1.2,0,registered,during_vibration,flow_dump_0.2_1.2.shear.wave,2184,218400,218.4,0.21839999999999998,158683.45183699526,1174.8671731893069,0.007403841796913822,7.403841796913821e+17,94,0.0005923743081702043,5.9237430817020434e+26,957.4601112335986,3.237135037303724,92.46038297150629,38.157679955334274,0.0,83.55186399156446,0.006033774159495423,2.039995349123747e-05,0.0005826718659138104,0.0002404641411161831,0.0,0.0005265316768971703,5343,2663,5494,0.19725925925925927,0.40696296296296297,1,0,0
flow,0.2,1.2,0,registered,during_vibration,flow_dump_0.2_1.2.shear.wave,2185,218500,218.5,0.2185,158683.45183699526,1237.9144085089888,0.007801156290579148,7.801156290579148e+17,101,0.0006364872885658578,6.364872885658577e+26,1002.8968226038121,4.996856968259408,89.7692422675272,47.412040452599186,0.0,92.83944621679174,0.006320109696340738,3.148946478295884e-05,0.0005657126891828712,0.0002987837730004913,0.0,0.0005850606672720947,5315,2647,5538,0.19607407407407407,0.4102222222222222,1,0,0
flow,0.2,1.2,0,registered,during_vibration,flow_dump_0.2_1.2.shear.wave,2186,218600,218.6,0.2186,158683.45183699526,1234.2349007109215,0.0077779685683846056,7.777968568384605e+17,102,0.000642789142908094,6.42789142908094e+26,1015.4711733748044,0.0,124.67118687155643,23.465749630020454,0.0,70.62679083453988,0.006399351423347716,0.0,0.0007856596603382606,0.00014787773619977227,0.0,0.00044507974849885407,5344,2672,5484,0.19792592592592592,0.4062222222222222,1,0,0
flow,0.2,1.2,0,registered,during_vibration,flow_dump_0.2_1.2.shear.wave,2187,218700,218.70000000000002,0.21869999999999998,158683.4518369953,1182.2186133939915,0.007450169502289402,7.450169502289403e+17,99,0.0006238835798813853,6.238835798813853e+26,960.8719830013816,0.0,118.00752175971019,23.34998322611414,0.0,79.98912540678585,0.0060552752784103795,0.0,0.0007436662134179642,0.00014714819318463018,0.0,0.0005040798172764305,5349,2670,5481,0.19777777777777777,0.406,1,0,0
flow,0.2,1.2,0,registered,during_vibration,flow_dump_0.2_1.2.shear.wave,2188,218800,218.8,0.2188,158683.45183699526,1165.1545575954858,0.007342634308159429,7.342634308159429e+17,100,0.0006301854342236216,6.301854342236216e+26,914.760680591564,5.979007315281194,113.81578279937462,28.032206667077553,0.0,102.56688022218792,0.0057646885670929035,3.7678833212066895e-05,0.0007172504850492529,0.00017665488330738567,0.0,0.0006463615394978168,5337,2667,5496,0.19755555555555557,0.4071111111111111,1,0,0
flow,0.2,1.2,0,registered,during_vibration,flow_dump_0.2_1.2.shear.wave,2189,218900,218.9,0.21889999999999998,158683.45183699526,1218.2574737566956,0.007677281150955355,7.677281150955355e+17,98,0.0006175817255391491,6.1758172553914915e+26,981.509179588272,4.211455793672581,94.02485339465079,42.876257138121474,0.0,95.63572784197927,0.006185327885333058,2.6539980980491423e-05,0.0005925309306432037,0.0002701999272247074,0.0,0.0006026824267738981,5376,2698,5426,0.19985185185185186,0.4019259259259259,1,0,0
flow,0.2,1.2,0,registered,during_vibration,flow_dump_0.2_1.2.shear.wave,2190,219000,219.0,0.219,158683.45183699526,1331.3058603715947,0.008389695617027255,8.389695617027255e+17,110,0.0006932039776459838,6.932039776459838e+26,1055.6372529667678,4.6581988178004154,111.7628610347939,38.809011930181825,0.0,120.4385356220516,0.006652472206434936,2.9355290446955155e-05,0.0007043132711128588,0.00024456874035011343,0.0,0.0007589861086823971,5370,2729,5401,0.20214814814814816,0.4000740740740741,1,0,0
flow,0.2,1.2,0,registered,during_vibration,flow_dump_0.2_1.2.shear.wave,2191,219100,219.1,0.2191,158683.4518369953,1138.1895844970882,0.0071727049753510085,7.172704975351008e+17,104,0.0006553928515925663,6.553928515925663e+26,909.6025609845823,4.343211312607609,101.1770932360308,31.12698750694438,0.0,91.93973145692334,0.0057321828486498715,2.7370285069605712e-05,0.0006376033043443191,0.00019615774138136987,0.0,0.0005793907959058439,5363,2704,5433,0.2002962962962963,0.40244444444444444,1,0,0
flow,0.2,1.2,0,registered,during_vibration,flow_dump_0.2_1.2.shear.wave,2192,219200,219.20000000000002,0.21919999999999998,158683.45183699526,1216.9633846321362,0.00766912598978651,7.66912598978651e+17,101,0.0006364872885658578,6.364872885658577e+26,995.5932975589698,0.0,104.18684466844788,39.52446157630045,0.0,77.65878082841758,0.0062740839453232665,0.0,0.0006565703194777484,0.00024907739980915746,0.0,0.0004893943251763339,5346,2664,5490,0.19733333333333333,0.4066666666666667,1,0,0
flow,0.2,1.2,0,registered,during_vibration,flow_dump_0.2_1.2.shear.wave,2193,219300,219.3,0.2193,158683.45183699526,1193.126983362613,0.007518912460942879,7.518912460942879e+17,103,0.0006490909972503302,6.490909972503302e+26,970.5663445342019,10.58024694685335,98.04114452207236,28.811932917220332,0.0,85.12731444226395,0.006116367732731192,6.667517516395925e-05,0.0006178410123242301,0.00018156860456260352,0.0,0.0005364599361608888,5338,2638,5524,0.19540740740740742,0.4091851851851852,1,0,0
flow,0.2,1.2,0,registered,during_vibration,flow_dump_0.2_1.2.shear.wave,2194,219400,219.4,0.21939999999999998,158683.45183699526,1247.4800531194483,0.007861437589603861,7.861437589603862e+17,104,0.0006553928515925665,6.553928515925665e+26,1022.2536262530679,10.446592967332485,108.89873733406291,22.41256850062772,0.0,83.46852806435669,0.006442093453469614,6.583290725275853e-05,0.0006862639807327055,0.00014124074212634743,0.0,0.0005260065060224316,5325,2661,5514,0.1971111111111111,0.40844444444444444,1,0,0
flow,0.2,1.2,0,registered,during_vibration,flow_dump_0.2_1.2.shear.wave,2195,219500,219.5,0.2195,158683.45183699526,1198.456581486777,0.007552498812024017,7.552498812024017e+17,100,0.0006301854342236216,6.301854342236216e+26,987.3898269187181,0.0,109.62941161683587,21.072327895299274,0.0,80.36501505592412,0.006222386868247589,0.0,0.0006908685836343586,0.00013279474104801707,0.0,0.0005064486190940543,5352,2686,5462,0.19896296296296295,0.4045925925925926,1,0,0
flow,0.2,1.2,0,registered,during_vibration,flow_dump_0.2_1.2.shear.wave,2196,219600,219.6,0.2196,158683.45183699526,1166.739629533974,0.007352623200637749,7.352623200637748e+17,92,0.0005797705994857318,5.7977059948573184e+26,972.060645951686,1.863513103766619,107.71530566226421,22.63374067081465,0.0,62.46642414544253,0.006125784602607573,1.1743588144785757e-05,0.000678806166713041,0.00014263453692742173,0.0,0.00039365430624492624,5348,2663,5489,0.19725925925925927,0.4065925925925926,1,0,0
flow,0.2,1.2,0,registered,during_vibration,flow_dump_0.2_1.2.shear.wave,2197,219700,219.70000000000002,0.21969999999999998,158683.45183699526,1123.2450198409406,0.007078526505679836,7.078526505679836e+17,97,0.000611279871196913,6.112798711969129e+26,914.2316413570786,0.0,89.47841168788116,24.778922155701785,0.0,94.75604464027917,0.005761354638895848,0.0,0.0005638799172316737,0.00015615315818284247,0.0,0.000597138791369472,5365,2677,5458,0.1982962962962963,0.4042962962962963,1,0,0
flow,0.2,1.2,0,registered,during_vibration,flow_dump_0.2_1.2.shear.wave,2198,219800,219.8,0.2198,158683.4518369953,1299.4203622041023,0.008188757851946078,8.188757851946077e+17,107,0.0006742984146192749,6.742984146192749e+26,1011.1753264058278,5.295113825395134,123.96570281390967,31.68829113430768,0.0,127.29592802466198,0.006372279621472688,3.3369036053201344e-05,0.0007812138025662008,0.0001996949950827822,0.0,0.0008022003967712047,5368,2724,5408,0.20177777777777778,0.4005925925925926,1,0,0
flow,0.2,1.2,0,registered,during_vibration,flow_dump_0.2_1.2.shear.wave,2199,219900,219.9,0.21989999999999998,158683.45183699526,1202.4142586423152,0.007577439516991815,7.577439516991814e+17,104,0.0006553928515925665,6.553928515925665e+26,961.221856822358,5.228735365727779,100.00625616718035,41.07565765297649,0.0,94.88175263407277,0.006057480132268335,3.2950728668915674e-05,0.0006302248596779329,0.00025885281154061813,0.0,0.0005979309848360139,5363,2729,5408,0.20214814814814816,0.4005925925925926,1,0,0
flow,0.2,1.2,0,registered,during_vibration,flow_dump_0.2_1.2.shear.wave,2200,220000,220.0,0.22,158683.45183699526,1206.595265808703,0.007603787615158237,7.603787615158236e+17,105,0.0006616947059348027,6.616947059348027e+26,985.2528098389456,5.007704986552137,100.69096231137112,33.87517169374959,0.0,81.76861697808404,0.006208919697883992,3.155782741414154e-05,0.0006345397780658572,0.0002134763978322532,0.0,0.0005152939139619889,5345,2668,5487,0.19762962962962963,0.40644444444444444,1,0,0
flow,0.2,1.2,0,registered,after_removal,flow_dump_0.2_1.2.shear.wave,2240,224000,224.0,0.22399999999999998,158683.4518369953,1392.3636395486742,0.008774472847861632,8.774472847861632e+17,121,0.000762524375410582,7.62524375410582e+26,1123.5221464264441,12.078174372865703,90.39765766042397,53.10622449013707,0.0,113.25943659880346,0.007080272917056039,7.61148956179299e-05,0.0005696728714553257,0.00033466769140294154,0.0,0.0007137444723293968,5236,2548,5716,0.18874074074074074,0.4234074074074074,0,0,0
flow,0.2,1.2,0,registered,after_removal,flow_dump_0.2_1.2.shear.wave,2245,224500,224.5,0.22449999999999998,158683.45183699526,1402.2662986564235,0.00883687796315949,8.836877963159489e+17,121,0.0007625243754105822,7.625243754105822e+26,1150.9326860012684,18.013448027462537,88.97626576931393,49.517027056615746,7.338462243755832,87.48840955800709,0.007253010144898685,0.0001135181256705112,0.0005607154667943145,0.0003120490919713621,4.6245920156149215e-05,0.0005513392136684674,5214,2572,5714,0.19051851851851853,0.4232592592592593,0,0,0
flow,0.2,1.2,0,registered,after_removal,flow_dump_0.2_1.2.shear.wave,2250,225000,225.0,0.22499999999999998,158683.45183699526,1468.3766797575208,0.00925349595536833,9.25349595536833e+17,130,0.0008192410644907081,8.192410644907081e+26,1235.6376447343762,27.255012800282284,74.96405992624817,35.090630305291484,0.0,95.42933199132267,0.007786808456899859,0.00017175712076316255,0.00047241258655788296,0.0002211360409612069,0.0,0.0006013817501862182,5138,2591,5771,0.19192592592592592,0.42748148148148146,0,0,0
flow,0.2,1.2,0,registered,after_removal,flow_dump_0.2_1.2.shear.wave,2255,225500,225.5,0.22549999999999998,158683.4518369953,1393.1274228780069,0.008779286099152114,8.779286099152114e+17,121,0.000762524375410582,7.62524375410582e+26,1188.6130334567335,30.497157883146905,75.02378175391235,33.82445885878357,0.0,65.16899092543028,0.0074904662061278755,0.00019218864683177272,0.0004727889448168746,0.00021315681293301546,0.0,0.0004106854884425753,5061,2574,5865,0.19066666666666668,0.43444444444444447,0,0,0
flow,0.2,1.2,0,registered,after_removal,flow_dump_0.2_1.2.shear.wave,2260,226000,226.0,0.22599999999999998,158683.45183699526,1304.8244969341185,0.00822281392186046,8.222813921860461e+17,116,0.0007310151036994011,7.310151036994011e+26,1103.7795574132992,19.860076544146157,62.132977405512435,47.38676834443772,0.0,71.66511722672304,0.006955857996756568,0.00012515530960687107,0.00039155297345899325,0.0002986245118559365,0.0,0.00045162313018209206,5020,2568,5912,0.1902222222222222,0.43792592592592594,0,0,0
flow,0.2,1.2,0,registered,after_removal,flow_dump_0.2_1.2.shear.wave,2265,226500,226.5,0.22649999999999998,158683.45183699526,1245.2061306288424,0.007847107661282528,7.847107661282528e+17,109,0.0006869021233037475,6.869021233037475e+26,1012.6058361025845,20.596560811691006,65.81220638911576,56.62474359001189,0.0,89.56678373543909,0.006381294485216806,0.00012979652618628725,0.0004147389386053952,0.00035684088627072877,0.0,0.0005644368250033089,5015,2587,5898,0.19162962962962962,0.4368888888888889,0,0,0
flow,0.2,1.2,0,registered,after_removal,flow_dump_0.2_1.2.shear.wave,2270,227000,227.0,0.22699999999999998,158683.45183699526,1225.3531049439548,0.007721996785163691,7.721996785163692e+17,113,0.0007121095406726924,7.121095406726925e+26,1039.8550424777723,24.892369843580568,46.14864091953143,58.12135285040177,3.444464536791117,52.89123431587676,0.006553015014734774,0.00015686808898731803,0.0002908220131670491,0.00036627229983694765,2.1706513797855754e-05,0.0003333128546397411,5023,2588,5889,0.1917037037037037,0.43622222222222223,0,0,0
flow,0.2,1.2,0,registered,after_removal,flow_dump_0.2_1.2.shear.wave,2275,227500,227.5,0.22749999999999998,158683.45183699526,1335.9826143578352,0.008419167839443017,8.419167839443017e+17,114,0.0007184113950149286,7.184113950149286e+26,1074.3923940902002,20.985505691631765,54.75353864135439,68.83733684546696,6.462718508091037,110.55112058109064,0.006770664373962892,0.00013224760016683246,0.0003450488252398176,0.00043380287010758305,4.072711069286386e-05,0.0006966770592730255,4990,2610,5900,0.19333333333333333,0.43703703703703706,0,0,0
flow,0.2,1.2,0,registered,after_removal,flow_dump_0.2_1.2.shear.wave,2280,228000,228.0,0.22799999999999998,158683.45183699526,1218.0667336406348,0.0076760791345267185,7.676079134526719e+17,106,0.0006679965602770389,6.679965602770389e+26,997.0526961351386,18.288657181545585,51.27169445153746,54.47805332635843,3.799872325530201,93.17576022052454,0.00628328086257755,0.0001152524536731926,0.0003231067503132299,0.000343312756911288,2.3946241914585726e-05,0.0005871800691368731,4939,2547,6014,0.18866666666666668,0.4454814814814815,0,0,0
flow,0.2,1.2,0,registered,after_removal,flow_dump_0.2_1.2.shear.wave,2285,228500,228.5,0.22849999999999998,158683.45183699526,1357.6663870751104,0.00855581581669744,8.55581581669744e+17,123,0.0007751280840950545,7.751280840950545e+26,1151.5303626854416,8.46959303584751,27.387091118979196,77.2034393980879,0.0,93.0759008367537,0.007256776616306094,5.337414164992924e-05,0.00017258945908935796,0.00048652482980641077,0.0,0.0005865507698456437,4930,2529,6041,0.18733333333333332,0.4474814814814815,0,0,0
flow,0.2,1.2,0,registered,after_removal,flow_dump_0.2_1.2.shear.wave,2290,229000,229.0,0.22899999999999998,158683.45183699526,1459.1542586366538,0.009195377600781863,9.195377600781862e+17,123,0.0007751280840950545,7.751280840950545e+26,1260.6997537143097,12.183772526656782,29.49797339305707,77.4388493544287,3.6226571690828733,75.71125247911868,0.00794474621720065,7.678035980193035e-05,0.00018589193171420507,0.00048800834906198267,2.2829457811418063e-05,0.00047712128519167654,4934,2505,6061,0.18555555555555556,0.44896296296296295,0,0,0
flow,0.2,1.2,0,registered,after_removal,flow_dump_0.2_1.2.shear.wave,2295,229500,229.5,0.22949999999999998,158683.45183699526,1266.1359547026843,0.007979004364004508,7.979004364004508e+17,103,0.0006490909972503302,6.490909972503302e+26,1048.5465882448882,8.367974549041488,42.948949694938214,85.06436174584667,0.0,81.20808046796917,0.006607787870168018,5.273375674759924e-05,0.00027065802512953117,0.0005360632174376161,0.0,0.0005117614945217395,4898,2467,6135,0.18274074074074073,0.45444444444444443,0,0,0
flow,0.2,1.2,0,registered,after_removal,flow_dump_0.2_1.2.shear.wave,2300,230000,230.0,0.22999999999999998,158683.45183699526,1183.5288665753474,0.00745842652698976,7.45842652698976e+17,106,0.0006679965602770389,6.679965602770389e+26,943.8469113731298,0.0,33.64334037938825,60.65520623134022,4.381639001985912,141.00176958950289,0.005947985756842999,0.0,0.00021201543065717886,0.00038224027476820455,2.761245077077648e-05,0.0008885726139505991,4862,2409,6229,0.17844444444444443,0.46140740740740743,0,0,0
