region,amplitude_A,frequency_THz,is_baseline,coordinate_treatment,analysis_stage,filename,frame,timestep,time_ps,strain_xy,cell_volume_A3,total_line_length_A,dislocation_density_A-2,dislocation_density_m-2,segment_count,segment_number_density_A-3,segment_number_density_m-3,shockley_length_A,perfect_length_A,stair_rod_length_A,hirth_length_A,frank_length_A,other_length_A,shockley_density_A-2,perfect_density_A-2,stair_rod_density_A-2,hirth_density_A-2,frank_density_A-2,other_density_A-2,fcc_count,hcp_count,other_atom_count,hcp_fraction,other_atom_fraction,coherent_correction_applied,has_PE,has_KE
flow,0.3,1.0,0,registered,before,flow_dump_0.3_1.0.shear.wave,1850,185000,185.0,0.185,158683.45183699526,1441.826292300768,0.00908617928088594,9.086179280885939e+17,126,0.0007940336471217632,7.940336471217631e+26,1167.4654380944578,4.603785611908546,121.82863208346481,44.556678307427724,0.0,103.37175820350976,0.007357197140466265,2.9012386349130486e-05,0.0007677462941038811,0.00028078969666728564,0.0,0.0006514337632993802,5939,3062,4499,0.2268148148148148,0.33325925925925926,0,0,0
flow,0.3,1.0,0,registered,before,flow_dump_0.3_1.0.shear.wave,1855,185500,185.5,0.1855,158683.45183699526,1437.2295380341995,0.009057211205050972,9.057211205050972e+17,125,0.000787731792779527,7.87731792779527e+26,1161.7754451855296,6.342864394528773,133.7958539195755,24.720090279973533,0.0,110.59528425459212,0.0073213396339458425,3.997180752687663e-05,0.0008431619829962794,0.0001557824082713225,0.0,0.0006969553723106499,5928,3069,4503,0.22733333333333333,0.33355555555555555,0,0,0
flow,0.3,1.0,0,registered,before,flow_dump_0.3_1.0.shear.wave,1860,186000,186.0,0.186,158683.45183699526,4975.515810919432,0.03135497591790757,3.135497591790757e+18,135,0.0008507503362018892,8.507503362018892e+26,3685.6746195561204,0.0,448.83295727585386,257.259246710078,0.0,583.7489873773791,0.02322658460531955,0.0,0.0028284799207475616,0.001621210300960323,0.0,0.00367870109088013,5915,3025,4560,0.22407407407407406,0.3377777777777778,0,0,0
flow,0.3,1.0,0,registered,before,flow_dump_0.3_1.0.shear.wave,1865,186500,186.5,0.1865,158683.45183699526,1704.3169668455046,0.0107403572780622,1.07403572780622e+18,122,0.0007688262297528183,7.688262297528184e+26,1352.8907364199413,0.0,161.42633713868145,67.77793029904024,0.0,122.22196298784144,0.008525720361879159,0.0,0.001017285263648687,0.0004271266443627903,0.0,0.0007702250081715626,5911,3021,4568,0.22377777777777777,0.3383703703703704,0,0,0
flow,0.3,1.0,0,registered,before,flow_dump_0.3_1.0.shear.wave,1870,187000,187.0,0.187,158683.45183699526,1550.0191724865495,0.009767995052683748,9.767995052683748e+17,129,0.0008129392101484719,8.129392101484719e+26,1208.4069916005535,6.442923376896207,156.38005819092385,52.4617493373733,0.0,126.32744998080318,0.007615204847206551,4.0602364659388584e-05,0.0009854843487496255,0.00033060630286303386,0.0,0.0007960971892051529,5916,3027,4557,0.2242222222222222,0.33755555555555555,0,0,0
flow,0.3,1.0,0,registered,before,flow_dump_0.3_1.0.shear.wave,1875,187500,187.5,0.1875,158683.45183699526,1536.1960074072153,0.009680883479805098,9.680883479805098e+17,131,0.0008255429188329443,8.255429188329443e+26,1202.2306791004264,7.870538299511893,144.28804290422232,62.24720794551858,0.0,119.55953915753562,0.007576282625458617,4.959898595851547e-05,0.0009092822297087389,0.000392272837683547,0.0,0.0007534468009956768,5888,3011,4601,0.22303703703703703,0.3408148148148148,0,0,0
flow,0.3,1.0,0,registered,before,flow_dump_0.3_1.0.shear.wave,1880,188000,188.0,0.188,158683.45183699526,1497.927042607647,0.009439718037810053,9.439718037810053e+17,126,0.0007940336471217632,7.940336471217631e+26,1221.3909315814399,5.9249625163137605,139.40151732368602,37.20419762059687,0.0,94.00543356561074,0.007697027745754433,3.733825076101869e-05,0.0008784880572605878,0.00023445543432477268,0.0,0.0005924085497092422,5867,2993,4640,0.2217037037037037,0.3437037037037037,0,0,0
flow,0.3,1.0,0,registered,before,flow_dump_0.3_1.0.shear.wave,1885,188500,188.5,0.1885,158683.45183699526,1533.7373097756965,0.009665389125459665,9.665389125459665e+17,128,0.0008066373558062356,8.066373558062357e+26,1190.2230546991996,5.014848463179432,151.90362676925645,28.928189075994343,0.0,157.66759076806719,0.007500612325485804,3.160284456334392e-05,0.0009572745299572682,0.0001823012339415852,0.0,0.0009935981915116668,5835,3005,4660,0.2225925925925926,0.3451851851851852,0,0,0
flow,0.3,1.0,0,registered,before,flow_dump_0.3_1.0.shear.wave,1890,189000,189.0,0.189,158683.4518369953,1488.4590490642256,0.009380052121586177,9.380052121586177e+17,121,0.000762524375410582,7.62524375410582e+26,1203.1402573759274,0.0,167.0499310768173,9.040746322285841,0.0,109.22811428919475,0.007582014655263685,0.0,0.0010527243335267016,5.697346646815312e-05,0.0,0.0006883396663276355,5870,3010,4620,0.22296296296296297,0.3422222222222222,0,0,0
flow,0.3,1.0,0,registered,before,flow_dump_0.3_1.0.shear.wave,1895,189500,189.5,0.1895,158683.45183699526,1497.1161961776575,0.009434608201714337,9.434608201714337e+17,129,0.0008129392101484719,8.129392101484719e+26,1212.6033220505008,10.534191187355,132.72377370722762,30.244553758185795,0.0,111.0103554743877,0.007641649510474009,6.638493847597959e-05,0.0008364058896548693,0.0001905967724300198,0.0,0.000699571090679456,5912,3016,4572,0.22340740740740742,0.33866666666666667,0,0,0
flow,0.3,1.0,0,registered,before,flow_dump_0.3_1.0.shear.wave,1900,190000,190.0,0.19,158683.45183699526,1501.7487813824728,0.009463802078903082,9.463802078903082e+17,126,0.0007940336471217632,7.940336471217631e+26,1205.5387239756446,11.467998671675558,139.27213712580374,44.83362218934846,0.0,100.63629942000073,0.007597129442419823,7.226965722585777e-05,0.0008776727220987639,0.00028253495667212355,0.0,0.0006341953004865156,5911,3054,4535,0.2262222222222222,0.3359259259259259,0,0,0
flow,0.3,1.0,0,registered,during_vibration,flow_dump_0.3_1.0.shear.wave,1910,191000,191.0,0.191,158683.45183699526,1240.2973783105629,0.007816173419170616,7.816173419170616e+17,106,0.0006679965602770389,6.679965602770389e+26,1040.2926988140553,20.317109343031845,97.31507796896685,28.14067246780349,0.0,54.231819716705246,0.006555773061217986,0.0001280354637350732,0.0006132654466637896,0.00017733841898467457,0.0,0.0003417610285690906,5357,2485,5658,0.18407407407407408,0.4191111111111111,1,0,0
flow,0.3,1.0,0,registered,during_vibration,flow_dump_0.3_1.0.shear.wave,1911,191100,191.1,0.1911,158683.45183699526,1160.8631709910335,0.007315590614851947,7.315590614851948e+17,101,0.0006364872885658578,6.364872885658577e+26,945.6560410406682,0.0,101.212077498458,33.623473306930336,0.0,80.37157914497683,0.005959386628494045,0.0,0.0006378237700704059,0.00021189023126034242,0.0,0.000506489985027154,5357,2440,5703,0.18074074074074073,0.42244444444444446,1,0,0
flow,0.3,1.0,0,registered,during_vibration,flow_dump_0.3_1.0.shear.wave,1912,191200,191.20000000000002,0.19119999999999998,158683.45183699526,1218.9567356015932,0.007681687797248983,7.681687797248983e+17,103,0.0006490909972503302,6.490909972503302e+26,943.3333407996618,25.45592841031619,136.84947761600017,23.414372848386854,0.0,89.90361592722861,0.005944749309894545,0.00016041955298820533,0.0008624054747471485,0.00014755396720534446,0.0,0.0005665594924137427,5377,2497,5626,0.18496296296296297,0.41674074074074074,1,0,0
flow,0.3,1.0,0,registered,during_vibration,flow_dump_0.3_1.0.shear.wave,1913,191300,191.3,0.1913,158683.45183699526,1195.3449336463161,0.007532889660569099,7.532889660569098e+17,107,0.0006742984146192752,6.742984146192752e+26,949.7386784059938,30.79268526666511,119.12625292104035,28.019043412442993,0.0,67.66827364017335,0.005985114814502497,0.0001940510173568467,0.0007507162942447878,0.00017657193039400892,0.0,0.0004264356040709549,5396,2586,5518,0.19155555555555556,0.40874074074074074,1,0,0
flow,0.3,1.0,0,registered,during_vibration,flow_dump_0.3_1.0.shear.wave,1914,191400,191.4,0.1914,158683.45183699526,1190.685029307893,0.007503523622179602,7.503523622179602e+17,103,0.0006490909972503302,6.490909972503302e+26,949.8456165644296,30.022105349074522,110.02589973808179,39.11597724784346,0.0,61.6754304084638,0.005985788723200587,0.0001891949349571384,0.0006933671940228773,0.0002465031910701353,0.0,0.00038866957892886515,5407,2515,5578,0.1862962962962963,0.4131851851851852,1,0,0
flow,0.3,1.0,0,registered,during_vibration,flow_dump_0.3_1.0.shear.wave,1915,191500,191.5,0.1915,158683.45183699526,1182.330558717486,0.00745087496541236,7.45087496541236e+17,91,0.0005734687451434957,5.734687451434957e+26,969.722163623212,15.859846367478076,114.52477207861206,31.065323542272612,0.0,51.15845310591081,0.006111047827591637,9.9946441698091e-05,0.0007217184322172144,0.0001957691440578436,0.0,0.00032239311984757184,5397,2470,5633,0.18296296296296297,0.4172592592592593,1,0,0
flow,0.3,1.0,0,registered,during_vibration,flow_dump_0.3_1.0.shear.wave,1916,191600,191.6,0.1916,158683.4518369953,1051.5251202566785,0.006626558145060008,6.626558145060008e+17,88,0.0005545631821167869,5.5456318211678696e+26,842.8025332254635,11.6237405574091,119.74728119126469,13.989195777454814,0.0,63.36236950508654,0.0053112188036545695,7.325111990473574e-05,0.0007546299239461524,8.815787415454614e-05,0.0,0.00039930042340000516,5390,2505,5605,0.18555555555555556,0.4151851851851852,1,0,0
flow,0.3,1.0,0,registered,during_vibration,flow_dump_0.3_1.0.shear.wave,1917,191700,191.70000000000002,0.19169999999999998,158683.45183699526,1150.7824670994091,0.0072520634872597165,7.252063487259717e+17,90,0.0005671668908012594,5.671668908012594e+26,941.2000952350486,13.141624081533102,102.06231236007484,15.481121422898351,0.0,78.89731399985406,0.005931305907070131,8.28166007822454e-05,0.0006431818263250066,9.755977226157808e-05,0.0,0.0004971993808207545,5410,2592,5498,0.192,0.40725925925925927,1,0,0
flow,0.3,1.0,0,registered,during_vibration,flow_dump_0.3_1.0.shear.wave,1918,191800,191.8,0.1918,158683.45183699526,1179.064191855713,0.00743029079722116,7.43029079722116e+17,107,0.0006742984146192752,6.742984146192752e+26,936.5148980247519,10.703870297164665,115.03940663337826,20.94188126490644,0.0,95.86413563551162,0.00590178047668619,6.74542315109204e-05,0.0007249615842208325,0.0001319726853838459,0.0,0.0006041218194193705,5417,2615,5468,0.1937037037037037,0.40503703703703703,1,0,0
flow,0.3,1.0,0,registered,during_vibration,flow_dump_0.3_1.0.shear.wave,1919,191900,191.9,0.1919,158683.45183699526,1275.16112762407,0.008035879689168576,8.035879689168576e+17,106,0.0006679965602770389,6.679965602770389e+26,1029.2170437054663,20.955124144640568,120.80121675733596,29.83422563587174,0.0,74.35351738075533,0.0064859758959788134,0.00013205614008300213,0.000761271672369636,0.00018801094437067336,0.0,0.00046856503636644897,5378,2523,5599,0.18688888888888888,0.41474074074074074,1,0,0
flow,0.3,1.0,0,registered,during_vibration,flow_dump_0.3_1.0.shear.wave,1920,192000,192.0,0.192,158683.4518369953,1486.4137920245184,0.00936716320962951,9.367163209629509e+17,111,0.0006995058319882199,6.995058319882199e+26,1177.8814222049714,34.79678392078425,162.0699185128188,22.53990759965255,0.0,89.1257597862905,0.007422837155161767,0.00021928426384704952,0.0010213410197258766,0.0001420432145804735,0.0,0.0005616575563143366,5391,2459,5650,0.18214814814814814,0.4185185185185185,1,0,0
flow,0.3,1.0,0,registered,during_vibration,flow_dump_0.3_1.0.shear.wave,1921,192100,192.1,0.1921,158683.45183699526,1223.5960994284849,0.007710924392326694,7.710924392326694e+17,106,0.0006679965602770389,6.679965602770389e+26,998.7963798240048,16.565998975081303,99.9978296282341,25.758981417967316,0.0,82.47690958319683,0.006294269303203717,0.00010439651257459682,0.0006301717568568844,0.00016232934890039933,0.0,0.0005197574707910927,5358,2455,5687,0.18185185185185185,0.4212592592592593,1,0,0
flow,0.3,1.0,0,registered,during_vibration,flow_dump_0.3_1.0.shear.wave,1922,192200,192.20000000000002,0.19219999999999998,158683.45183699526,1257.8384634016159,0.007926714782419202,7.926714782419203e+17,100,0.0006301854342236216,6.301854342236216e+26,1001.2114233167637,17.636762269183038,129.01594019002258,19.079418669146577,0.0,90.89491895650035,0.006309488555525249,0.00011114430688903898,0.0008130396629041817,0.00012023571738750409,0.0,0.0005728065397132306,5382,2490,5628,0.18444444444444444,0.41688888888888886,1,0,0
flow,0.3,1.0,0,registered,during_vibration,flow_dump_0.3_1.0.shear.wave,1923,192300,192.3,0.1923,158683.45183699526,1261.6051951306943,0.007950452177122135,7.950452177122135e+17,114,0.0007184113950149286,7.184113950149286e+26,1010.6987106489634,32.47239001550331,102.06169934051582,36.8264490556958,0.0,79.54594607001575,0.006369276058395715,0.00020463627202198747,0.0006431779631650368,0.00023207491789077736,0.0,0.0005012869656486166,5400,2556,5544,0.18933333333333333,0.4106666666666667,1,0,0
flow,0.3,1.0,0,registered,during_vibration,flow_dump_0.3_1.0.shear.wave,1924,192400,192.4,0.1924,158683.4518369953,1192.8094802792214,0.007516911602758134,7.516911602758134e+17,103,0.0006490909972503301,6.490909972503302e+26,987.7800933043595,28.27326051391801,97.04095833218598,36.85287677176238,0.0,42.86229135699561,0.006224846270164571,0.00017817396953880994,0.0006115379846404498,0.00023224146150802692,0.0,0.00027011191690627656,5410,2482,5608,0.18385185185185185,0.4154074074074074,1,0,0
flow,0.3,1.0,0,registered,during_vibration,flow_dump_0.3_1.0.shear.wave,1925,192500,192.5,0.1925,158683.45183699526,1134.5407272675027,0.007149710408574547,7.149710408574547e+17,94,0.0005923743081702043,5.9237430817020434e+26,911.0241607019335,25.516101843402208,107.99100854696653,31.804203149878067,0.0,58.20525302532227,0.005741141563001584,0.00016079875719878572,0.0006805436061341694,0.00020042545572142184,0.0,0.0003668010265185848,5398,2462,5640,0.18237037037037038,0.4177777777777778,1,0,0
flow,0.3,1.0,0,registered,during_vibration,flow_dump_0.3_1.0.shear.wave,1926,192600,192.6,0.1926,158683.45183699526,1152.901883222237,0.007265419738956365,7.265419738956365e+17,93,0.0005860724538279681,5.860724538279681e+26,954.5302202100794,10.292271526949317,92.45815167003302,30.31141788366176,0.0,65.30982193151334,0.00601531041302658,6.486039601357973e-05,0.0005826578045769322,0.00019101814040949037,0.0,0.0004115729849297814,5387,2504,5609,0.18548148148148147,0.4154814814814815,1,0,0
flow,0.3,1.0,0,registered,during_vibration,flow_dump_0.3_1.0.shear.wave,1927,192700,192.70000000000002,0.19269999999999998,158683.45183699526,1168.2940250452261,0.007362418774739885,7.362418774739885e+17,93,0.0005860724538279681,5.860724538279681e+26,933.4860916556067,11.272463338255987,114.03035694027442,21.72628375286499,0.0,87.77882935822338,0.005882693380117,7.103742203588704e-05,0.000718602700030814,0.0001369158756086484,0.0,0.0005531693969475319,5394,2575,5531,0.19074074074074074,0.4097037037037037,1,0,0
flow,0.3,1.0,0,registered,during_vibration,flow_dump_0.3_1.0.shear.wave,1928,192800,192.8,0.1928,158683.45183699526,1104.9790910044492,0.006963417282726615,6.963417282726615e+17,95,0.0005986761625124405,5.986761625124405e+26,886.0293400703588,19.910530615464893,94.83440629907008,11.64516773405335,0.0,92.55964628550231,0.005583627844071079,0.00012547326381529456,0.0005976326151291883,7.338615085091319e-05,0.0,0.0005832974088601409,5411,2589,5500,0.19177777777777777,0.4074074074074074,1,0,0
flow,0.3,1.0,0,registered,during_vibration,flow_dump_0.3_1.0.shear.wave,1929,192900,192.9,0.1929,158683.45183699526,1263.9207915431566,0.007965044728428877,7.965044728428877e+17,104,0.0006553928515925665,6.553928515925665e+26,1050.6602560146423,23.52022588519838,111.71352748044085,13.086859076352164,5.140688085489442,59.79923500103388,0.006621107896580888,0.00014822103762501406,0.000704002378239141,8.247147969654331e-05,3.2395867533623624e-05,0.0003768460687536693,5403,2507,5590,0.1857037037037037,0.4140740740740741,1,0,0
flow,0.3,1.0,0,registered,during_vibration,flow_dump_0.3_1.0.shear.wave,1930,193000,193.0,0.193,158683.45183699526,1170.0204821882203,0.007373298656183147,7.373298656183148e+17,101,0.0006364872885658578,6.364872885658577e+26,965.2283814734815,20.77049245704138,103.7531117963129,18.91799963821631,0.0,61.35049682316806,0.006082728667038294,0.0001308926180807908,0.000653836998094114,0.0001192184781665166,0.0,0.0003866218948034308,5388,2474,5638,0.18325925925925926,0.41762962962962963,1,0,0
flow,0.3,1.0,0,registered,during_vibration,flow_dump_0.3_1.0.shear.wave,1931,193100,193.1,0.1931,158683.45183699526,1181.0509726584776,0.007442811200450134,7.442811200450134e+17,106,0.0006679965602770389,6.679965602770389e+26,962.0127400709968,19.605753145292475,101.15349187117201,23.2565669499376,0.0,75.02242062107894,0.006062464163302971,0.00012355260059147274,0.0006374545719807011,0.00014655949741897154,0.0,0.0004727803671560181,5372,2468,5660,0.18281481481481482,0.4192592592592593,1,0,0
flow,0.3,1.0,0,registered,during_vibration,flow_dump_0.3_1.0.shear.wave,1932,193200,193.20000000000002,0.19319999999999998,158683.45183699526,1199.182424356001,0.007557072968061218,7.557072968061217e+17,103,0.0006490909972503302,6.490909972503302e+26,965.9978404876066,19.07319340522996,112.84044730378373,10.339024623374382,0.0,90.93191853600686,0.0060875776856676314,0.00012019648668105959,0.0007111040628212265,6.515502721729901e-05,0.0,0.0005730397056740047,5387,2490,5623,0.18444444444444444,0.4165185185185185,1,0,0
flow,0.3,1.0,0,registered,during_vibration,flow_dump_0.3_1.0.shear.wave,1933,193300,193.3,0.1933,158683.45183699526,1251.0087381275869,0.007883674848544783,7.883674848544783e+17,106,0.0006679965602770389,6.679965602770389e+26,1001.9457509997045,11.287326148959142,119.30943593589521,25.673907628493303,0.0,92.79231741453466,0.006314116181622614,7.113108530405456e-05,0.0007518706869223749,0.00016179322627079203,0.0,0.0005847636684249465,5426,2559,5515,0.18955555555555556,0.4085185185185185,1,0,0
flow,0.3,1.0,0,registered,during_vibration,flow_dump_0.3_1.0.shear.wave,1934,193400,193.4,0.1934,158683.45183699526,1292.9088267395944,0.008147723103904445,8.147723103904445e+17,111,0.00069950583198822,6.995058319882199e+26,1051.4942685445053,36.815756523681856,103.13825562455507,28.186167604950683,5.598844479863757,67.67553396203789,0.006626363722063685,0.0002320075351114758,0.0006499622640582713,0.00017762512271225623,3.528310239693469e-05,0.00042648135756182296,5426,2498,5576,0.18503703703703703,0.41303703703703704,1,0,0
flow,0.3,1.0,0,registered,during_vibration,flow_dump_0.3_1.0.shear.wave,1935,193500,193.5,0.19349999999999998,158683.4518369953,1245.2200164268816,0.007847195167559193,7.847195167559194e+17,98,0.000617581725539149,6.17581725539149e+26,1015.2768476404583,30.536171431162735,106.58277795081483,39.6352727068922,4.0158931637224216,49.17305353383082,0.006398126810874918,0.00019243450452874233,0.0006716691420369408,0.00024977571541364514,2.5307573771760874e-05,0.0003098814209331856,5407,2448,5645,0.18133333333333335,0.41814814814814816,1,0,0
flow,0.3,1.0,0,registered,during_vibration,flow_dump_0.3_1.0.shear.wave,1936,193600,193.6,0.1936,158683.45183699526,1207.9944093469785,0.0076126048139403294,7.612604813940329e+17,97,0.000611279871196913,6.112798711969129e+26,995.5646976700721,12.280756481686929,113.92609670395022,25.76817831617139,3.4917917821209032,56.96288839297699,0.006273903712989229,7.739153856006432e-05,0.0007179456672078118,0.00016238730641328177,2.200476320434335e-05,0.000358971825565599,5410,2496,5594,0.18488888888888888,0.4143703703703704,1,0,0
flow,0.3,1.0,0,registered,during_vibration,flow_dump_0.3_1.0.shear.wave,1937,193700,193.70000000000002,0.19369999999999998,158683.45183699526,1231.3230508754518,0.007759618514855011,7.759618514855012e+17,100,0.0006301854342236216,6.301854342236216e+26,996.0132742661752,15.720490990786345,119.78210589977228,30.393168025412784,4.004128380852302,65.40988331245316,0.006276730577359208,9.906824441237224e-05,0.0007548493841866782,0.00019153331789526247,2.523343382374535e-05,0.0004122035571777472,5410,2570,5520,0.19037037037037038,0.4088888888888889,1,0,0
flow,0.3,1.0,0,registered,during_vibration,flow_dump_0.3_1.0.shear.wave,1938,193800,193.8,0.1938,158683.45183699526,1205.2538411914086,0.007595334152608957,7.595334152608957e+17,102,0.000642789142908094,6.42789142908094e+26,975.2902401767321,19.737207008215428,100.7809957755716,21.313772297179842,0.0,88.13162593370899,0.006146137034998341,0.00012438100368833746,0.0006351071558431756,0.00013431628850041675,0.0,0.0005553926695786819,5423,2592,5485,0.192,0.4062962962962963,1,0,0
flow,0.3,1.0,0,registered,during_vibration,flow_dump_0.3_1.0.shear.wave,1939,193900,193.9,0.1939,158683.4518369953,1261.132799496237,0.007947475208641875,7.947475208641875e+17,103,0.0006490909972503301,6.490909972503302e+26,1050.854720651675,22.8697538118333,99.36636179294103,24.931205688333726,0.0,63.11075755145442,0.006622333384398183,0.0001441218573649749,0.0006261923385370602,0.00015711282682421011,0.0,0.00039771480151745003,5412,2524,5564,0.18696296296296297,0.41214814814814815,1,0,0
flow,0.3,1.0,0,registered,during_vibration,flow_dump_0.3_1.0.shear.wave,1940,194000,194.0,0.19399999999999998,158683.45183699526,1266.2634827287336,0.007979808027049224,7.979808027049224e+17,113,0.0007121095406726924,7.121095406726925e+26,1052.0258800646377,23.09039077797711,101.943322514915,16.292511711181554,0.0,72.91137766002183,0.006629713860430214,0.00014551227938812612,0.000642431969652604,0.00010267303567304388,0.0,0.0004594768819052332,5398,2489,5613,0.18437037037037038,0.4157777777777778,1,0,0
flow,0.3,1.0,0,registered,during_vibration,flow_dump_0.3_1.0.shear.wave,1941,194100,194.1,0.1941,158683.45183699526,1175.2521869712043,0.007406268097687093,7.406268097687094e+17,104,0.0006553928515925665,6.553928515925665e+26,974.3531476008982,26.435533948775447,105.57117912138102,23.29058773213885,0.0,45.60173856801061,0.0061402316140802445,0.00016659288440442344,0.0006652941935610723,0.00014677389143301275,0.0,0.0002873755142083384,5380,2467,5653,0.18274074074074073,0.41874074074074075,1,0,0
flow,0.3,1.0,0,registered,during_vibration,flow_dump_0.3_1.0.shear.wave,1942,194200,194.20000000000002,0.19419999999999998,158683.45183699526,1236.6159177712952,0.00779297339108546,7.79297339108546e+17,102,0.000642789142908094,6.42789142908094e+26,1006.5751931862764,7.340373178416589,117.93207977035294,9.9211146400969,0.0,94.84715699615276,0.006343290251968193,4.625796258803883e-05,0.0007431907889897465,6.252141937451793e-05,0.0,0.0005977129681649653,5386,2503,5611,0.1854074074074074,0.4156296296296296,1,0,0
flow,0.3,1.0,0,registered,during_vibration,flow_dump_0.3_1.0.shear.wave,1943,194300,194.3,0.1943,158683.4518369953,1236.1243135761056,0.007789875373053342,7.789875373053341e+17,108,0.0006806002689615112,6.806002689615112e+26,1030.5267377798398,0.0,114.18693741152376,26.274445896207016,4.1471810812725085,60.98901140726311,0.006494229397268405,0.0,0.0007195894473534659,0.00016557773096086267,2.6134931105057037e-05,0.0003843438663655551,5405,2549,5546,0.18881481481481482,0.4108148148148148,1,0,0
flow,0.3,1.0,0,registered,during_vibration,flow_dump_0.3_1.0.shear.wave,1944,194400,194.4,0.1944,158683.45183699526,1241.0043238875492,0.007820628487224672,7.820628487224672e+17,106,0.0006679965602770389,6.679965602770389e+26,1034.3990741501834,23.918156172350155,105.89685086897018,26.73441286774427,0.0,50.05582982830156,0.006518632297038455,0.00015072873633300876,0.0006673465294777607,0.00016847637581773,0.0,0.0003154445485577193,5409,2468,5623,0.18281481481481482,0.4165185185185185,1,0,0
flow,0.3,1.0,0,registered,during_vibration,flow_dump_0.3_1.0.shear.wave,1945,194500,194.5,0.19449999999999998,158683.45183699526,1285.4059050086494,0.00810044078401483,8.100440784014829e+17,101,0.0006364872885658578,6.364872885658577e+26,1028.6394055763578,34.20865814617339,115.21709684810229,36.01553616362221,0.0,71.32520827439386,0.006482335704626651,0.00021557798088053709,0.000726081362072064,0.00022696466296068807,0.0,0.00044948107347489143,5400,2422,5678,0.1794074074074074,0.4205925925925926,1,0,0
flow,0.3,1.0,0,registered,during_vibration,flow_dump_0.3_1.0.shear.wave,1946,194600,194.6,0.1946,158683.45183699526,1378.3108348149199,0.008685914119329627,8.685914119329627e+17,110,0.0006932039776459838,6.932039776459838e+26,1116.4973689505505,30.06378870859732,110.27890894366386,30.155297717588944,14.464043098478577,76.85142739604015,0.007036003792616337,0.00018945761741734614,0.0006949616211837004,0.00019003429386301373,9.115029280643899e-05,0.0004843065014427869,5397,2473,5630,0.18318518518518517,0.41703703703703704,1,0,0
flow,0.3,1.0,0,registered,during_vibration,flow_dump_0.3_1.0.shear.wave,1947,194700,194.70000000000002,0.19469999999999998,158683.4518369953,1346.4805073347902,0.00848532403188417,8.48532403188417e+17,98,0.000617581725539149,6.17581725539149e+26,1084.24920137299,36.6774159420221,94.48650232263982,36.57961019902396,18.769369229642535,75.71840826847186,0.006832780537738525,0.00023113573291623575,0.00059544017494464,0.00023051937537002726,0.00011828183098085761,0.0004771663799338839,5400,2553,5547,0.18911111111111112,0.4108888888888889,1,0,0
flow,0.3,1.0,0,registered,during_vibration,flow_dump_0.3_1.0.shear.wave,1948,194800,194.8,0.1948,158683.45183699526,1208.7978904341655,0.0076176682347185234,7.617668234718523e+17,103,0.0006490909972503302,6.490909972503302e+26,989.5650543169763,17.96094836938801,90.17111272345849,19.841726030504603,0.0,91.25904899383812,0.006236094834472654,0.00011318728047230831,0.0005682452182605982,0.0001250396673427968,0.0,0.0005751012341701664,5401,2599,5500,0.1925185185185185,0.4074074074074074,1,0,0
flow,0.3,1.0,0,registered,during_vibration,flow_dump_0.3_1.0.shear.wave,1949,194900,194.9,0.1949,158683.45183699526,1193.889103571572,0.007523715231491014,7.523715231491014e+17,106,0.0006679965602770389,6.679965602770389e+26,1005.0458354168728,17.122320026592355,92.66930875161843,11.187784814742392,0.0,67.86385456174652,0.006333652462068245,0.00010790236680873916,0.0005839884857484151,7.050379031478874e-05,0.0,0.00042766812655082936,5398,2532,5570,0.18755555555555556,0.41259259259259257,1,0,0
flow,0.3,1.0,0,registered,during_vibration,flow_dump_0.3_1.0.shear.wave,1950,195000,195.0,0.19499999999999998,158683.45183699526,1215.4344169952965,0.007659490658445153,7.659490658445153e+17,107,0.0006742984146192752,6.742984146192752e+26,1025.2463421764223,20.07592779078407,97.59468996732552,13.03700523036797,0.0,59.48045183039707,0.006460953113306285,0.00012651557272277332,0.0006150275207497876,8.215730802075065e-05,0.0,0.00037483714364555985,5370,2473,5657,0.18318518518518517,0.41903703703703704,1,0,0
flow,0.3,1.0,0,registered,during_vibration,flow_dump_0.3_1.0.shear.wave,1951,195100,195.1,0.1951,158683.45183699526,1237.7633305078728,0.007800204219021799,7.800204219021798e+17,105,0.0006616947059348027,6.616947059348027e+26,985.2672988691409,28.784411349750535,127.74382579483212,18.544557877205843,3.4123600286620492,74.01087658828159,0.006209011005641843,0.00018139516765313882,0.0008050229832790296,0.00011686510258332047,2.1504195863897234e-05,0.00046640576400057106,5344,2444,5712,0.18103703703703702,0.4231111111111111,1,0,0
flow,0.3,1.0,0,registered,during_vibration,flow_dump_0.3_1.0.shear.wave,1952,195200,195.20000000000002,0.19519999999999998,158683.45183699526,1226.9086269949971,0.007731799458555497,7.731799458555497e+17,105,0.0006616947059348027,6.616947059348027e+26,955.2707621220685,27.119315664005825,119.98288378312162,13.000218579089452,3.442870986936216,108.09257585977552,0.006019977200290257,0.00017090197717568973,0.0007561146571626882,8.192548390265479e-05,2.169647147878308e-05,0.0006811836685454239,5364,2469,5667,0.18288888888888888,0.4197777777777778,1,0,0
flow,0.3,1.0,0,registered,during_vibration,flow_dump_0.3_1.0.shear.wave,1953,195300,195.3,0.1953,158683.45183699526,1318.5073095398068,0.008309041013893622,8.309041013893622e+17,116,0.0007310151036994011,7.310151036994011e+26,1050.7527904163037,23.13052287578288,126.5466952073532,19.472124341888957,0.0,98.60517669847819,0.006621691034901804,0.00014576518602294646,0.0007974788406881017,0.00012271049133649644,0.0,0.0006213954609442741,5403,2518,5579,0.18651851851851853,0.41325925925925927,1,0,0
flow,0.3,1.0,0,registered,during_vibration,flow_dump_0.3_1.0.shear.wave,1954,195400,195.4,0.1954,158683.4518369953,1212.5480658042043,0.007641301293658348,7.641301293658348e+17,103,0.0006490909972503301,6.490909972503302e+26,1014.0996999289188,21.09859020635653,108.28660752100382,28.745155089325706,0.0,40.318013058598645,0.006390708597457499,0.00013296024230699036,0.0006824064278122666,0.00018114778041792063,0.0,0.0002540782456636663,5400,2444,5656,0.18103703703703702,0.418962962962963,1,0,0
flow,0.3,1.0,0,registered,during_vibration,flow_dump_0.3_1.0.shear.wave,1955,195500,195.5,0.19549999999999998,158683.45183699526,1214.5082324191546,0.007653653978152281,7.653653978152282e+17,103,0.0006490909972503302,6.490909972503302e+26,976.5109195856182,39.805578772966854,105.67341131534661,40.80167976389097,0.0,51.71664298133162,0.006153829578831709,0.0002508489594356469,0.0006659384459565307,0.0002571262427906078,0.0,0.0003259107511377848,5384,2406,5710,0.17822222222222223,0.422962962962963,1,0,0
flow,0.3,1.0,0,registered,during_vibration,flow_dump_0.3_1.0.shear.wave,1956,195600,195.6,0.1956,158683.45183699526,1146.3296854863054,0.007224002706116149,7.22400270611615e+17,98,0.0006175817255391491,6.1758172553914915e+26,949.2597646190479,27.130650728947124,93.09748093174542,25.076365678265823,4.9014709415431685,46.86395258675592,0.005982096769574676,0.0001709734091039096,0.0005866867644609733,0.0001580276039370827,3.088835593630845e-05,0.0002953298031031999,5379,2464,5657,0.18251851851851852,0.41903703703703704,1,0,0
flow,0.3,1.0,0,registered,during_vibration,flow_dump_0.3_1.0.shear.wave,1957,195700,195.70000000000002,0.19569999999999999,158683.45183699526,1200.0438514562295,0.007562501556173312,7.562501556173312e+17,98,0.0006175817255391491,6.1758172553914915e+26,956.0766757305507,13.679164444368874,112.88702438587927,27.864201573372778,4.702984456289443,84.83380086576885,0.006025055950463338,8.620410185190925e-05,0.0007113975848082788,0.00017559613967810445,2.963752301733706e-05,0.0005346102563543479,5385,2541,5574,0.18822222222222224,0.4128888888888889,1,0,0
flow,0.3,1.0,0,registered,during_vibration,flow_dump_0.3_1.0.shear.wave,1958,195800,195.8,0.1958,158683.4518369953,1188.4410149983087,0.007489382170858706,7.489382170858706e+17,98,0.000617581725539149,6.17581725539149e+26,952.5103678381239,15.229797324235758,92.48687045467467,19.46512239011581,0.0,108.74885699115823,0.006002581597585695,9.59759643991126e-05,0.0005828387861746299,0.00012266636605631068,0.0,0.0006853194566429556,5394,2593,5513,0.19207407407407406,0.4083703703703704,1,0,0
flow,0.3,1.0,0,registered,during_vibration,flow_dump_0.3_1.0.shear.wave,1959,195900,195.9,0.1959,158683.45183699526,1219.244148091547,0.007683499028896811,7.683499028896812e+17,101,0.0006364872885658578,6.364872885658577e+26,1028.6909036660745,20.704766332755344,104.16937123916739,11.055975359493486,0.0,54.62313149405668,0.006482660238086949,0.00013047842161906047,0.0006564602044715634,6.967314632688063e-05,0.0,0.0003442270183923609,5390,2538,5572,0.188,0.41274074074074074,1,0,0
flow,0.3,1.0,0,registered,during_vibration,flow_dump_0.3_1.0.shear.wave,1960,196000,196.0,0.19599999999999998,158683.45183699526,1454.981342153846,0.009169080488924891,9.169080488924891e+17,110,0.0006932039776459838,6.932039776459838e+26,1195.8730465928872,23.73929652859745,114.49935095709091,14.456873453799579,4.135068212596744,102.27770640887441,0.007536217751434639,0.00014960158891037497,0.0007215582320121718,9.110511074998636e-05,2.605859757099574e-05,0.000644539208246726,5375,2472,5653,0.1831111111111111,0.41874074074074075,1,0,0
flow,0.3,1.0,0,registered,during_vibration,flow_dump_0.3_1.0.shear.wave,1961,196100,196.1,0.1961,158683.45183699526,1247.2920028534195,0.007860252524218328,7.860252524218328e+17,105,0.0006616947059348027,6.616947059348027e+26,973.6407503160552,29.35660898290388,101.40049377213813,26.356694540465224,0.0,116.53745524185722,0.00613574219015736,0.00018500107379224351,0.0006390111419828451,0.00016609604993682433,0.0,0.0007344020683490566,5344,2439,5717,0.18066666666666667,0.42348148148148146,1,0,0
flow,0.3,1.0,0,registered,during_vibration,flow_dump_0.3_1.0.shear.wave,1962,196200,196.20000000000002,0.19619999999999999,158683.4518369953,1247.2147359504793,0.007859765599450522,7.859765599450522e+17,108,0.0006806002689615112,6.806002689615112e+26,1008.5438257547503,20.688886111437462,121.88988168179307,11.091938857821702,0.0,85.00020354467624,0.006355696287668098,0.0001303783467773927,0.0007681322801510661,6.98997830549823e-05,0.0,0.0005356589017989801,5382,2477,5641,0.18348148148148147,0.41785185185185186,1,0,0
flow,0.3,1.0,0,registered,during_vibration,flow_dump_0.3_1.0.shear.wave,1963,196300,196.3,0.1963,158683.45183699526,1288.8805066274806,0.008122337217314002,8.122337217314002e+17,115,0.0007247132493571648,7.247132493571648e+26,1033.213509175935,30.293081328699984,114.48325993459105,24.891569678241158,0.0,85.9990865100135,0.006511161039257485,0.00019090258611098284,0.00072145682873216,0.00015686304646189938,0.0,0.0005419537167514765,5397,2533,5570,0.18762962962962962,0.41259259259259257,1,0,0
flow,0.3,1.0,0,registered,during_vibration,flow_dump_0.3_1.0.shear.wave,1964,196400,196.4,0.1964,158683.45183699526,1205.29925770321,0.0075956203608510625,7.595620360851063e+17,99,0.0006238835798813854,6.238835798813854e+26,986.2980076185826,29.652825146434598,115.68579331467173,31.572938973663824,3.110970728391549,38.9787219214655,0.006215506382050093,0.00018686778490863013,0.0007290350189351054,0.00019896806256834243,1.9604884393284047e-05,0.0002456382279956053,5385,2458,5657,0.18207407407407408,0.41903703703703704,1,0,0
flow,0.3,1.0,0,registered,during_vibration,flow_dump_0.3_1.0.shear.wave,1965,196500,196.5,0.19649999999999998,158683.45183699526,1223.3506148758545,0.0077093773844327486,7.709377384432749e+17,100,0.0006301854342236216,6.301854342236216e+26,993.4107926015652,35.18989879820445,110.68980145795581,37.32318865888764,2.4572493235091373,44.279684035732785,0.0062603301169804944,0.00022176161654431772,0.0006975510059590834,0.00023520529851611254,1.548522731931306e-05,0.0002790441191134303,5367,2411,5722,0.17859259259259258,0.42385185185185187,1,0,0
flow,0.3,1.0,0,registered,during_vibration,flow_dump_0.3_1.0.shear.wave,1966,196600,196.6,0.1966,158683.4518369953,1202.356039718032,0.007577072629811018,7.577072629811018e+17,99,0.0006238835798813853,6.238835798813853e+26,977.0401393566115,31.33503780810559,117.78230886815224,25.049451452679577,4.722723676178446,46.426378556303305,0.006157164644743539,0.00019746884407514616,0.0007422469545793723,0.00015785799440770404,2.976191670590692e-05,0.0002925722752993423,5381,2459,5660,0.18214814814814814,0.4192592592592593,1,0,0
flow,0.3,1.0,0,registered,during_vibration,flow_dump_0.3_1.0.shear.wave,1967,196700,196.70000000000002,0.19669999999999999,158683.45183699526,1208.513383891271,0.007615875315925788,7.615875315925788e+17,100,0.0006301854342236216,6.301854342236216e+26,994.5765643949247,12.693395003147906,99.89038563253416,24.47767192194442,5.555319313453364,71.320047625266,0.006267676641018534,7.999192641830711e-05,0.0006294946604460355,0.00015425472308913896,3.500881313799479e-05,0.00044944855181577626,5377,2531,5592,0.18748148148148147,0.4142222222222222,1,0,0
flow,0.3,1.0,0,registered,during_vibration,flow_dump_0.3_1.0.shear.wave,1968,196800,196.8,0.1968,158683.45183699526,1186.073892273694,0.0074744649082379875,7.474464908237988e+17,102,0.000642789142908094,6.42789142908094e+26,928.9472808672763,13.251331742890278,109.96798975725065,9.143218493851315,0.0,124.76407141242565,0.0058540904556419705,8.35079624843457e-05,0.0006930022537587178,5.7619231167491384e-05,0.0,0.0007862450051854639,5384,2593,5523,0.19207407407407406,0.4091111111111111,1,0,0
flow,0.3,1.0,0,registered,during_vibration,flow_dump_0.3_1.0.shear.wave,1969,196900,196.9,0.1969,158683.45183699526,1281.7679357856998,0.008077514831870263,8.077514831870263e+17,106,0.0006679965602770389,6.679965602770389e+26,967.8998608539018,29.346714944325363,115.22901849789861,12.136593805297796,0.0,157.15574768427658,0.00609956394097199,0.00018493872300226523,0.0007261564905725996,7.648304637187308e-05,0.0,0.0009903726309515375,5385,2530,5585,0.1874074074074074,0.4137037037037037,1,0,0
flow,0.3,1.0,0,registered,during_vibration,flow_dump_0.3_1.0.shear.wave,1970,197000,197.0,0.19699999999999998,158683.45183699526,1170.5495130023817,0.0073766325313165465,7.376632531316547e+17,106,0.0006679965602770389,6.679965602770389e+26,916.6352492886141,27.82659786894651,93.95005711226275,13.866659887689107,4.170033979767377,114.10091486510181,0.005776501825976229,0.0001753591666100816,0.0005920595753662535,8.738567082554636e-05,2.627894674266961e-05,0.0007190473457957667,5370,2484,5646,0.184,0.4182222222222222,1,0,0
flow,0.3,1.0,0,registered,during_vibration,flow_dump_0.3_1.0.shear.wave,1971,197100,197.1,0.1971,158683.45183699526,1218.5582858050107,0.007679176824668226,7.679176824668227e+17,105,0.0006616947059348027,6.616947059348027e+26,954.6308541141968,33.398721351077334,121.17219753336224,15.15515644732078,0.0,94.20135635905396,0.006015944593232219,0.00021047387717142412,0.0007636095391839233,9.550558846481763e-05,0.0,0.0005936432266158454,5332,2449,5719,0.1814074074074074,0.42362962962962963,1,0,0
flow,0.3,1.0,0,registered,during_vibration,flow_dump_0.3_1.0.shear.wave,1972,197200,197.20000000000002,0.1972,158683.45183699526,1222.9213929598284,0.007706672490437457,7.706672490437457e+17,103,0.0006490909972503302,6.490909972503302e+26,970.8994440645698,32.55512504555081,120.92754545385728,17.91847753732124,0.0,80.62080085852905,0.006118466877453038,0.00020515765613034735,0.0007620677774143579,0.00011291963547482996,0.0,0.0005080605439648825,5357,2477,5666,0.18348148148148147,0.4197037037037037,1,0,0
flow,0.3,1.0,0,registered,during_vibration,flow_dump_0.3_1.0.shear.wave,1973,197300,197.3,0.1973,158683.45183699526,1254.9535529962052,0.007908534497253903,7.908534497253903e+17,113,0.0007121095406726924,7.121095406726925e+26,1028.984462868417,14.314992653408334,105.37340165513385,24.7839243881355,0.0,81.49677143111003,0.006484510205420934,9.021099861196084e-05,0.0006640478287766061,0.00015618468152302575,0.0,0.0005135807829213732,5382,2527,5591,0.18718518518518518,0.41414814814814815,1,0,0
flow,0.3,1.0,0,registered,during_vibration,flow_dump_0.3_1.0.shear.wave,1974,197400,197.4,0.1974,158683.45183699526,1201.1091772212408,0.007569215083971445,7.569215083971444e+17,99,0.0006238835798813854,6.238835798813854e+26,986.2125263472042,20.34193178664876,110.53965113775085,28.536285085148492,0.0,55.478782864488544,0.006214967691528877,0.0001281918911591654,0.0006966047805117117,0.00017983151207513358,0.0,0.0003496192086965573,5379,2455,5666,0.18185185185185185,0.4197037037037037,1,0,0
flow,0.3,1.0,0,registered,during_vibration,flow_dump_0.3_1.0.shear.wave,1975,197500,197.5,0.19749999999999998,158683.45183699526,1216.7952675471147,0.007668066540404263,7.668066540404264e+17,98,0.0006175817255391491,6.1758172553914915e+26,1003.2223653365879,15.49924913594937,128.1433401657302,37.54150638524453,0.0,32.3888065236027,0.006322161219224864,9.767401046878346e-05,0.0008075406646520593,0.0002365811050279419,0.0,0.0002041095410306144,5371,2393,5736,0.17725925925925926,0.42488888888888887,1,0,0
flow,0.3,1.0,0,registered,during_vibration,flow_dump_0.3_1.0.shear.wave,1976,197600,197.6,0.1976,158683.45183699526,1170.9652465272989,0.00737925242343576,7.379252423435759e+17,96,0.0006049780168546768,6.049780168546768e+26,954.356051776125,21.575476150084214,97.16375813079085,31.844670022827692,4.329107108016101,61.696183339455274,0.006014212828924784,0.0001359655080622221,0.0006123118510845138,0.00020068047206043616,2.7281402426656935e-05,0.0003888003608771479,5385,2447,5668,0.18125925925925926,0.41985185185185186,1,0,0
flow,0.3,1.0,0,registered,during_vibration,flow_dump_0.3_1.0.shear.wave,1977,197700,197.70000000000002,0.1977,158683.4518369953,1217.0109148795116,0.007669425518482318,7.669425518482318e+17,101,0.0006364872885658577,6.364872885658577e+26,1011.4164956606373,7.36851936735764,98.84728275731644,20.672330756383293,0.0,78.70628633781648,0.0063737994349883234,4.6435335771034395e-05,0.0006229211780624455,0.0001302740173412573,0.0,0.0004959955523192556,5394,2538,5568,0.188,0.41244444444444445,1,0,0
flow,0.3,1.0,0,registered,during_vibration,flow_dump_0.3_1.0.shear.wave,1978,197800,197.8,0.1978,158683.45183699526,1150.697964964923,0.007251530967116577,7.251530967116577e+17,98,0.0006175817255391491,6.1758172553914915e+26,922.4141191393227,15.856181760677963,97.2277872651814,13.961332772532487,0.0,101.23854402720868,0.005812919422038135,9.992334787981511e-05,0.0006127153533631025,8.798228555598864e-05,0.0,0.0006379905582795374,5366,2576,5558,0.19081481481481483,0.4117037037037037,1,0,0
flow,0.3,1.0,0,registered,during_vibration,flow_dump_0.3_1.0.shear.wave,1979,197900,197.9,0.1979,158683.45183699526,1277.5882841449004,0.008051175276028657,8.051175276028657e+17,105,0.0006616947059348027,6.616947059348027e+26,988.8145326470642,27.226472118509985,106.33665824690505,15.686370071256508,0.0,139.5242510611647,0.006231365156228176,0.00017157726154380543,0.0006701181315121471,9.885321934747205e-05,0.0,0.0008792615073970568,5388,2530,5582,0.1874074074074074,0.4134814814814815,1,0,0
flow,0.3,1.0,0,registered,during_vibration,flow_dump_0.3_1.0.shear.wave,1980,198000,198.0,0.19799999999999998,158683.45183699526,1175.5820931742855,0.0074083471185255115,7.408347118525512e+17,106,0.0006679965602770389,6.679965602770389e+26,887.6195565319707,21.95211225051292,122.01172554664643,9.98072014110435,0.0,134.01797870405088,0.005593649156584784,0.00013833901390715165,0.0007689001224398673,6.28970445598629e-05,0.0,0.0008445617810338437,5364,2472,5664,0.1831111111111111,0.41955555555555557,1,0,0
flow,0.3,1.0,0,registered,during_vibration,flow_dump_0.3_1.0.shear.wave,1981,198100,198.1,0.1981,158683.4518369953,1151.90596048781,0.007259143578947884,7.259143578947884e+17,109,0.0006869021233037474,6.869021233037473e+26,878.6785577931263,27.29438872241778,102.0613250645942,12.106694788161274,0.0,131.76499411950974,0.005537304284858467,0.00017200526208905164,0.0006431756045326948,7.629462712090268e-05,0.0,0.0008303638003467617,5327,2447,5726,0.18125925925925926,0.42414814814814816,1,0,0
flow,0.3,1.0,0,registered,during_vibration,flow_dump_0.3_1.0.shear.wave,1982,198200,198.20000000000002,0.1982,158683.45183699526,1193.0688090021222,0.007518545854596615,7.518545854596614e+17,102,0.000642789142908094,6.42789142908094e+26,949.133533715261,30.583185038483744,109.3821840515425,10.12206239376966,0.0,93.84784380306445,0.005981301280805522,0.00019273077743418247,0.000689310591528494,6.378776284856324e-05,0.0,0.0005914154419798479,5372,2474,5654,0.18325925925925926,0.4188148148148148,1,0,0
flow,0.3,1.0,0,registered,during_vibration,flow_dump_0.3_1.0.shear.wave,1983,198300,198.3,0.1983,158683.45183699526,1271.357470515013,0.008011909596099485,8.011909596099485e+17,112,0.0007058076863304561,7.058076863304562e+26,1047.7828108013687,18.659473968350746,102.25657457195982,28.032390411357937,0.0,74.62622076197546,0.006602974655969073,0.00011758928705129478,0.0006444060384885064,0.00017665604123707687,0.0,0.0004702835733535335,5391,2526,5583,0.18711111111111112,0.41355555555555557,1,0,0
flow,0.3,1.0,0,registered,during_vibration,flow_dump_0.3_1.0.shear.wave,1984,198400,198.4,0.1984,158683.45183699526,1186.5468688349445,0.007477445537634281,7.477445537634281e+17,99,0.0006238835798813854,6.238835798813854e+26,947.3587276603553,13.909383377932913,125.21479601619052,30.707886452076227,0.0,69.35607532838944,0.005970116711561787,8.765490803805478e-05,0.0007890854059868522,0.00019351662757891323,0.0,0.0004370718844686731,5382,2476,5642,0.1834074074074074,0.4179259259259259,1,0,0
flow,0.3,1.0,0,registered,during_vibration,flow_dump_0.3_1.0.shear.wave,1985,198500,198.5,0.19849999999999998,158683.4518369953,1191.8712813486857,0.007510999209753856,7.510999209753856e+17,93,0.000586072453827968,5.8607245382796806e+26,957.5410893611638,18.59462722089329,136.65473921061027,35.27286407862899,0.0,43.80796147738955,0.006034284471860245,0.0001171806322942501,0.0008611782616815419,0.0002222844516570159,0.0,0.00027607139226080415,5361,2409,5730,0.17844444444444443,0.42444444444444446,1,0,0
flow,0.3,1.0,0,registered,during_vibration,flow_dump_0.3_1.0.shear.wave,1986,198600,198.6,0.1986,158683.45183699526,1104.4510143906712,0.006960089420825044,6.960089420825044e+17,94,0.0005923743081702043,5.9237430817020434e+26,909.9558538637704,17.063886908645664,101.69801672408991,25.008454393250396,0.0,50.724802500915395,0.005734409248914665,0.0001075341298106764,0.0006408860882895173,0.00015759963691072137,0.0,0.00031966031689946813,5368,2442,5690,0.18088888888888888,0.42148148148148146,1,0,0
flow,0.3,1.0,0,registered,during_vibration,flow_dump_0.3_1.0.shear.wave,1987,198700,198.70000000000002,0.1987,158683.45183699526,1172.3496365244919,0.007387976647550918,7.387976647550918e+17,102,0.000642789142908094,6.42789142908094e+26,929.1730930446794,23.1111452259386,106.7904970533749,22.613859180544367,5.898531673532332,84.76251034642213,0.005855513491092668,0.00014564307089613295,0.0006729781575653745,0.00014250924667163182,3.717168743966758e-05,0.0005341609938854425,5397,2525,5578,0.18703703703703703,0.4131851851851852,1,0,0
flow,0.3,1.0,0,registered,during_vibration,flow_dump_0.3_1.0.shear.wave,1988,198800,198.8,0.1988,158683.45183699526,1180.5453827285774,0.007439625046355001,7.439625046355e+17,106,0.0006679965602770389,6.679965602770389e+26,904.4313841303696,17.19574465358797,78.68226007445767,13.082147637239592,0.0,167.15384623292243,0.0056995948453366805,0.00010836507811319854,0.0004958441423071803,8.244178889351358e-05,0.0,0.001053379191704427,5369,2564,5567,0.18992592592592591,0.4123703703703704,1,0,0
flow,0.3,1.0,0,registered,during_vibration,flow_dump_0.3_1.0.shear.wave,1989,198900,198.9,0.1989,158683.4518369953,1308.7940846829404,0.00824782968565226,8.247829685652261e+17,112,0.000705807686330456,7.058076863304561e+26,971.3146081415968,25.026417974426028,112.33077768735713,29.439016355801574,0.0,170.6832645237583,0.006121083180994589,0.00015771284078275512,0.0007078921991358425,0.00018552039305297108,0.0,0.0010756210716860988,5382,2512,5606,0.1860740740740741,0.4152592592592593,1,0,0
flow,0.3,1.0,0,registered,during_vibration,flow_dump_0.3_1.0.shear.wave,1990,199000,199.0,0.19899999999999998,158683.45183699526,1248.2898481539241,0.007866540799958193,7.866540799958194e+17,113,0.0007121095406726924,7.121095406726925e+26,980.0171067306376,22.434047078952663,114.95536799857128,20.095724104942008,0.0,110.78760224082117,0.006175925059516241,0.00014137609699842952,0.0007244319849851585,0.0001266403262111098,0.0,0.0006981673322472577,5345,2478,5677,0.18355555555555556,0.4205185185185185,1,0,0
flow,0.3,1.0,0,registered,during_vibration,flow_dump_0.3_1.0.shear.wave,1991,199100,199.1,0.1991,158683.45183699526,1278.1403015713372,0.008054654009444438,8.054654009444438e+17,112,0.0007058076863304561,7.058076863304562e+26,968.4820409322394,33.08704327897796,109.28103268024874,16.407475002680172,0.0,150.88270967719114,0.0061032327550266255,0.00020850972735938486,0.0006886731503200833,0.00010339751759077222,0.0,0.0009508408591475733,5333,2445,5722,0.1811111111111111,0.42385185185185187,1,0,0
flow,0.3,1.0,0,registered,during_vibration,flow_dump_0.3_1.0.shear.wave,1992,199200,199.20000000000002,0.1992,158683.45183699526,1187.6627817311091,0.007484477858164533,7.484477858164534e+17,102,0.000642789142908094,6.42789142908094e+26,945.5976804190221,26.48514636945239,114.65491405281163,14.952642104316944,0.0,85.97239878550576,0.0059590188483571085,0.0001669055346530953,0.0007225385679824312,9.42293725729938e-05,0.0,0.000541785534598903,5355,2488,5657,0.1842962962962963,0.41903703703703704,1,0,0
flow,0.3,1.0,0,registered,during_vibration,flow_dump_0.3_1.0.shear.wave,1993,199300,199.3,0.19929999999999998,158683.45183699526,1262.8966694977275,0.00795859086046991,7.95859086046991e+17,105,0.0006616947059348027,6.616947059348027e+26,1008.5947008783553,21.679134116743544,113.44251505069823,37.07413687304955,0.0,82.10618257888095,0.006356016895286701,0.0001366187454695216,0.0007148982060664399,0.0002336358104380871,0.0,0.0005174212032091604,5362,2522,5616,0.18681481481481482,0.416,1,0,0
flow,0.3,1.0,0,registered,during_vibration,flow_dump_0.3_1.0.shear.wave,1994,199400,199.4,0.1994,158683.45183699526,1167.3854039706637,0.007356692777075706,7.356692777075706e+17,99,0.0006238835798813854,6.238835798813854e+26,957.320067536897,20.07740122492077,109.87680500382012,29.468089315580627,0.0,50.64304088944488,0.006032891624517262,0.00012652485809008568,0.0006924276207243658,0.0001857036066107964,0.0,0.00031914506713319447,5367,2446,5687,0.18118518518518517,0.4212592592592593,1,0,0
flow,0.3,1.0,0,registered,during_vibration,flow_dump_0.3_1.0.shear.wave,1995,199500,199.5,0.19949999999999998,158683.45183699526,1097.1525842839242,0.006914095777365334,6.914095777365334e+17,96,0.0006049780168546768,6.049780168546768e+26,880.3466102397942,19.040235114766126,124.88814440302556,31.124968223077722,0.0,41.75262630326033,0.005547816108412581,0.00011998878833518739,0.0007870268951000303,0.0001961450161485666,0.0,0.00026311896936896716,5318,2381,5801,0.17637037037037037,0.4297037037037037,1,0,0
flow,0.3,1.0,0,registered,during_vibration,flow_dump_0.3_1.0.shear.wave,1996,199600,199.6,0.1996,158683.4518369953,1145.8509977851857,0.0072209860859482715,7.220986085948271e+17,99,0.0006238835798813853,6.238835798813853e+26,885.5945577282944,21.631385950003953,110.25148905523871,35.1591865593975,5.42915348596695,87.78522500628415,0.005580887909080812,0.00013631784347761987,0.0006947888250407646,0.00022156807248883227,3.42137344702077e-05,0.000553209701390035,5334,2427,5739,0.1797777777777778,0.4251111111111111,1,0,0
flow,0.3,1.0,0,registered,during_vibration,flow_dump_0.3_1.0.shear.wave,1997,199700,199.70000000000002,0.1997,158683.45183699526,1233.2832661669418,0.007771971506101405,7.771971506101404e+17,106,0.0006679965602770389,6.679965602770389e+26,1006.4402349538317,18.520113514672648,104.86124693491264,23.253131826621974,0.0,80.20853893690293,0.0063424397648450415,0.00011671105777114746,0.0006608203043290833,0.00014653784977218884,0.0,0.0005054625293839443,5345,2507,5648,0.1857037037037037,0.4183703703703704,1,0,0
flow,0.3,1.0,0,registered,during_vibration,flow_dump_0.3_1.0.shear.wave,1998,199800,199.8,0.19979999999999998,158683.45183699526,1143.8892242168786,0.007208623274668353,7.208623274668353e+17,102,0.000642789142908094,6.42789142908094e+26,940.9990746313048,11.145488834039856,92.54137293352784,11.06426405810058,0.0,88.139023759905,0.005930039104505549,7.023724720513933e-05,0.0005831822528576534,6.972538049818923e-05,0.0,0.0005554392896018183,5338,2564,5598,0.18992592592592591,0.4146666666666667,1,0,0
flow,0.3,1.0,0,registered,during_vibration,flow_dump_0.3_1.0.shear.wave,1999,199900,199.9,0.1999,158683.45183699526,1276.09441448848,0.008041761127047608,8.041761127047608e+17,104,0.0006553928515925665,6.553928515925665e+26,957.6999537637992,26.1173716107034,98.39036561833468,21.306640429421506,0.0,172.5800830662215,0.006035285612185821,0.0001645878716927081,0.0006200417528061113,0.00013427134450861563,0.0,0.0010875745458543548,5357,2498,5645,0.18503703703703703,0.41814814814814816,1,0,0
flow,0.3,1.0,0,registered,during_vibration,flow_dump_0.3_1.0.shear.wave,2000,200000,200.0,0.19999999999999998,158683.4518369953,1201.6086358055018,0.007572362599219435,7.572362599219436e+17,111,0.0006995058319882199,6.995058319882199e+26,938.4497621339093,28.897304192749587,109.85030125833812,11.501039531999346,0.0,112.9102286885058,0.005913973708474119,0.00018210660190599975,0.0006922605979808144,7.247787591496044e-05,0.0,0.0007115438149435443,5340,2449,5711,0.1814074074074074,0.42303703703703704,1,0,0
flow,0.3,1.0,0,registered,during_vibration,flow_dump_0.3_1.0.shear.wave,2001,200100,200.1,0.2001,158683.45183699526,1327.7818309879835,0.008367487697153977,8.367487697153976e+17,112,0.0007058076863304561,7.058076863304562e+26,1047.1515571467717,30.11363707828832,126.35590214868247,22.776809643253525,0.0,101.38392497098779,0.006598996587384798,0.00018977175458233676,0.000796276490622849,0.00014353613675262495,0.0,0.0006389067278113702,5322,2435,5743,0.18037037037037038,0.4254074074074074,1,0,0
flow,0.3,1.0,0,registered,during_vibration,flow_dump_0.3_1.0.shear.wave,2002,200200,200.20000000000002,0.2002,158683.45183699526,1236.6626366869066,0.00779326780688667,7.79326780688667e+17,104,0.0006553928515925665,6.553928515925665e+26,981.954584309876,28.02847383262199,112.04821036122804,9.275250921609503,0.0,105.35611726157104,0.006188134761011951,0.00017663135952836304,0.000706111501004702,5.8451280295675315e-05,0.0,0.0006639389050459794,5342,2463,5695,0.18244444444444444,0.42185185185185187,1,0,0
flow,0.3,1.0,0,registered,during_vibration,flow_dump_0.3_1.0.shear.wave,2003,200300,200.3,0.20029999999999998,158683.45183699526,1292.8745977596013,0.008147507397858245,8.147507397858245e+17,107,0.0006742984146192752,6.742984146192752e+26,1063.7540025906237,15.503785084946315,110.8194286422912,34.16797578403194,0.0,68.62940565770819,0.006703622780296877,9.770259535866602e-05,0.0006983678975935592,0.00021532160656002354,0.0,0.0004324925180491191,5356,2504,5640,0.18548148148148147,0.4177777777777778,1,0,0
flow,0.3,1.0,0,registered,during_vibration,flow_dump_0.3_1.0.shear.wave,2004,200400,200.4,0.2004,158683.4518369953,1155.167684626995,0.007279698489377583,7.279698489377583e+17,98,0.000617581725539149,6.17581725539149e+26,859.0499474613338,23.019956580927133,151.58281084279554,29.56493769677556,0.0,91.9500320451631,0.005413607641606998,0.00014506841333760477,0.0009552527947180419,0.0001863139310023682,0.0,0.0005794557087125702,5345,2433,5722,0.18022222222222223,0.42385185185185187,1,0,0
flow,0.3,1.0,0,registered,during_vibration,flow_dump_0.3_1.0.shear.wave,2005,200500,200.5,0.20049999999999998,158683.45183699526,1291.6725151251421,0.008139932048188551,8.139932048188552e+17,98,0.0006175817255391491,6.1758172553914915e+26,1012.4919311442146,24.29565778290854,128.13421802874169,38.7564427543015,13.956003637929339,74.03826177704644,0.0063805766727603,0.0001531076964967073,0.0008074831782734678,0.00024423745706082426,8.794870212594943e-05,0.0004665783414713018,5359,2395,5746,0.1774074074074074,0.42562962962962964,1,0,0
flow,0.3,1.0,0,registered,during_vibration,flow_dump_0.3_1.0.shear.wave,2006,200600,200.6,0.2006,158683.45183699526,1166.8134371403123,0.007353088325422241,7.353088325422241e+17,101,0.0006364872885658578,6.364872885658577e+26,940.4013308762919,22.61833943798765,96.13786022490865,29.316502454681434,4.494139217981301,73.8452649284614,0.0059262722104274764,0.00014253748060145512,0.000605846791911639,0.0001847483282932129,2.8321410745449533e-05,0.00046536210344300826,5362,2439,5699,0.18066666666666667,0.42214814814814816,1,0,0
flow,0.3,1.0,0,registered,during_vibration,flow_dump_0.3_1.0.shear.wave,2007,200700,200.70000000000002,0.2007,158683.45183699526,1271.6841898031828,0.008013968533464332,8.013968533464332e+17,108,0.0006806002689615113,6.806002689615113e+26,1049.2504503462362,12.731160205262475,113.85913327308141,21.16359033197554,4.104401147120663,70.5754544995058,0.006612223506607734,8.022991722123825e-05,0.0007175236734202202,0.00013336986363086847,2.5865338191261657e-05,0.0004447562343930051,5386,2509,5605,0.18585185185185185,0.4151851851851852,1,0,0
flow,0.3,1.0,0,registered,during_vibration,flow_dump_0.3_1.0.shear.wave,2008,200800,200.8,0.20079999999999998,158683.4518369953,1115.4319804826544,0.007029289869673756,7.029289869673756e+17,96,0.0006049780168546767,6.0497801685467664e+26,891.8016114219845,17.52113380487522,78.73424440845336,9.45903118728425,0.0,117.91595966005767,0.005620003857352887,0.00011041563314915464,0.0004961717400080993,5.960943676093503e-05,0.0,0.0007430892024026847,5367,2558,5575,0.18948148148148147,0.412962962962963,1,0,0
flow,0.3,1.0,0,registered,during_vibration,flow_dump_0.3_1.0.shear.wave,2009,200900,200.9,0.2009,158683.45183699526,1227.0402634114218,0.007732629012077939,7.732629012077939e+17,104,0.0006553928515925665,6.553928515925665e+26,990.4063423021938,26.27235314071131,114.63926388792419,10.680961195012484,0.0,85.04134288558011,0.006241396508815368,0.00016556454272055485,0.0007224399429228785,6.730986168604595e-05,0.0,0.0005359181559330919,5360,2512,5628,0.1860740740740741,0.41688888888888886,1,0,0
flow,0.3,1.0,0,registered,during_vibration,flow_dump_0.3_1.0.shear.wave,2010,201000,201.0,0.20099999999999998,158683.45183699526,1212.2210058156566,0.007639240209249348,7.639240209249348e+17,109,0.0006869021233037475,6.869021233037475e+26,958.2010972199993,29.323372162825308,98.33522655844499,13.426897372331947,0.0,112.93441250205481,0.006038443745251359,0.00018479162019330924,0.0006196942744821186,8.461435150859011e-05,0.0,0.0007116962178139701,5333,2457,5710,0.182,0.422962962962963,1,0,0
flow,0.3,1.0,0,registered,during_vibration,flow_dump_0.3_1.0.shear.wave,2011,201100,201.1,0.2011,158683.45183699526,1252.1866645003133,0.007891097968971583,7.891097968971583e+17,106,0.0006679965602770389,6.679965602770389e+26,991.0895382139275,34.38892296383311,117.60843559077496,20.336359303490838,0.0,88.7634084282866,0.006245701909938325,0.0002167139835044584,0.0007411512305113336,0.0001281567741819796,0.0,0.0005593740708354846,5342,2444,5714,0.18103703703703702,0.4232592592592593,1,0,0
flow,0.3,1.0,0,registered,during_vibration,flow_dump_0.3_1.0.shear.wave,2012,201200,201.20000000000002,0.2012,158683.45183699526,1267.1219459246379,0.007985217937067983,7.985217937067983e+17,111,0.00069950583198822,6.995058319882199e+26,984.2368268555834,24.852653329402926,122.62643020283878,14.998111814744746,0.0,120.40792372206789,0.006202517121108653,0.00015661780129998918,0.0007727739016466858,9.451591606509348e-05,0.0,0.0007587931969475606,5351,2460,5689,0.18222222222222223,0.4214074074074074,1,0,0
flow,0.3,1.0,0,registered,during_vibration,flow_dump_0.3_1.0.shear.wave,2013,201300,201.3,0.20129999999999998,158683.45183699526,1299.8122479597616,0.00819122745889704,8.191227458897041e+17,113,0.0007121095406726924,7.121095406726925e+26,1043.3053485325931,17.343115936816588,127.74874810117306,23.49129083308631,0.0,87.92374455609261,0.0065747583409283905,0.00010929379047433373,0.000805054002936618,0.0001480386931412188,0.0,0.0005540826314164801,5353,2493,5654,0.18466666666666667,0.4188148148148148,1,0,0
flow,0.3,1.0,0,registered,during_vibration,flow_dump_0.3_1.0.shear.wave,2014,201400,201.4,0.2014,158683.45183699526,1252.0441491533068,0.007890199858013215,7.890199858013215e+17,107,0.0006742984146192752,6.742984146192752e+26,1007.1317436262416,17.173321596864742,125.28054561091446,23.96589708422504,0.0,78.49264123506049,0.006346797551774962,0.00010822377127582107,0.0007894997503558636,0.00015102959260580984,0.0,0.0004946491920007554,5375,2439,5686,0.18066666666666667,0.42118518518518516,1,0,0
flow,0.3,1.0,0,registered,during_vibration,flow_dump_0.3_1.0.shear.wave,2015,201500,201.5,0.20149999999999998,158683.4518369953,1153.6801997555804,0.007270324576381648,7.270324576381649e+17,95,0.0005986761625124404,5.986761625124404e+26,942.18044894915,22.678530510885846,109.072223159866,39.331971767247296,0.0,40.41702536843094,0.0059374839533802674,0.00014291679597556244,0.000687357263137359,0.0002478643570701396,0.0,0.0002547022068183178,5363,2388,5749,0.1768888888888889,0.42585185185185187,1,0,0
flow,0.3,1.0,0,registered,during_vibration,flow_dump_0.3_1.0.shear.wave,2016,201600,201.6,0.2016,158683.45183699526,1150.1375384177072,0.007247999240646501,7.247999240646501e+17,99,0.0006238835798813854,6.238835798813854e+26,930.627834900389,16.142722016856492,112.49917003544594,24.04369466820069,3.856366202241536,62.96775059457371,0.005864681062372905,0.00010172908283743925,0.0007089533831858454,0.00015151986164820228,2.430225809684881e-05,0.0003968135925052614,5382,2445,5673,0.1811111111111111,0.4202222222222222,1,0,0
flow,0.3,1.0,0,registered,during_vibration,flow_dump_0.3_1.0.shear.wave,2017,201700,201.70000000000002,0.2017,158683.45183699526,1232.0361493461978,0.007764112357549324,7.764112357549324e+17,102,0.000642789142908094,6.42789142908094e+26,1005.2640749529677,16.02512241399654,118.95061378441048,21.494490147474977,0.0,70.30184804734736,0.0063350277758364324,0.00010098798726951102,0.0007496094419889503,0.00013545514607001875,0.0,0.0004430320063844066,5386,2520,5594,0.18666666666666668,0.4143703703703704,1,0,0
flow,0.3,1.0,0,registered,during_vibration,flow_dump_0.3_1.0.shear.wave,2018,201800,201.8,0.20179999999999998,158683.45183699526,1152.8484117559751,0.007265082769564517,7.265082769564517e+17,97,0.000611279871196913,6.112798711969129e+26,969.0970865345088,16.954508225304203,97.11432903599284,0.0,0.0,69.68248796016927,0.00610710868282596,0.00010684484128011292,0.0006120003561288281,0.0,0.0,0.00043912888932961554,5377,2576,5547,0.19081481481481483,0.4108888888888889,1,0,0
flow,0.3,1.0,0,registered,during_vibration,flow_dump_0.3_1.0.shear.wave,2019,201900,201.9,0.2019,158683.4518369953,1236.8540281610403,0.007794473928079006,7.794473928079005e+17,103,0.0006490909972503301,6.490909972503302e+26,1007.5940706254073,23.726041755779505,106.34877366014452,22.482158744172327,0.0,76.70298337553669,0.006349711069182186,0.00014951805926273682,0.0006701944810816781,0.00014167928970480626,0.0,0.0004833710288475981,5387,2519,5594,0.1865925925925926,0.4143703703703704,1,0,0
flow,0.3,1.0,0,registered,during_vibration,flow_dump_0.3_1.0.shear.wave,2020,202000,202.0,0.20199999999999999,158683.45183699526,1150.7018149835885,0.007251555229373422,7.251555229373422e+17,103,0.0006490909972503302,6.490909972503302e+26,931.7238185755938,14.899465838234478,104.7020357986541,12.962213982695134,0.0,86.41428078841126,0.005871587791855514,9.389426348967811e-05,0.00065981697893872,8.168598447184233e-05,0.0,0.0005445702106176691,5340,2461,5699,0.1822962962962963,0.42214814814814816,1,0,0
flow,0.3,1.0,0,registered,during_vibration,flow_dump_0.3_1.0.shear.wave,2021,202100,202.1,0.2021,158683.45183699526,1203.9004166194206,0.007586805068093085,7.586805068093085e+17,107,0.0006742984146192752,6.742984146192752e+26,972.3694924558848,15.334653443253488,123.71299829975618,11.852844822701204,0.0,80.63042759782448,0.006127730908291143,9.663675238805454e-05,0.00077962129552638,7.469490161379163e-05,0.0,0.000508121210273713,5342,2439,5719,0.18066666666666667,0.42362962962962963,1,0,0
flow,0.3,1.0,0,registered,during_vibration,flow_dump_0.3_1.0.shear.wave,2022,202200,202.20000000000002,0.2022,158683.45183699526,1177.204571215958,0.0074185717388176075,7.418571738817608e+17,101,0.0006364872885658578,6.364872885658577e+26,911.6266932541594,17.040009343294336,118.9834295260763,7.880808159430515,0.0,121.67363093299743,0.005744938635382167,0.0001073836568717851,0.0007498162420130608,4.966370511983779e-05,0.0,0.0007667694994307566,5357,2466,5677,0.18266666666666667,0.4205185185185185,1,0,0
flow,0.3,1.0,0,registered,during_vibration,flow_dump_0.3_1.0.shear.wave,2023,202300,202.3,0.20229999999999998,158683.4518369953,1322.6124953499373,0.008334911296916877,8.334911296916877e+17,110,0.0006932039776459837,6.932039776459836e+26,1021.8571225250688,25.76424118828536,145.87968349530516,32.10790048524273,0.0,97.00354765603507,0.006439594744729609,0.00016236249520681725,0.0009193125168789335,0.00020233931209301517,0.0,0.0006113022280085021,5366,2501,5633,0.18525925925925926,0.4172592592592593,1,0,0
flow,0.3,1.0,0,registered,during_vibration,flow_dump_0.3_1.0.shear.wave,2024,202400,202.4,0.2024,158683.45183699526,1216.1793068712193,0.0076641848459442245,7.664184845944224e+17,102,0.000642789142908094,6.42789142908094e+26,963.7856838413552,21.072560024144497,118.1007194125297,33.18554062176789,0.0,80.03480297142177,0.006073636996700745,0.0001327962038901883,0.0007442535314510713,0.00020913044326674433,0.0,0.0005043676706354743,5364,2442,5694,0.18088888888888888,0.42177777777777775,1,0,0
flow,0.3,1.0,0,registered,during_vibration,flow_dump_0.3_1.0.shear.wave,2025,202500,202.5,0.20249999999999999,158683.45183699526,1089.8706182894578,0.006868205888343089,6.868205888343089e+17,95,0.0005986761625124405,5.986761625124405e+26,886.402164904848,9.84474381141385,101.39236703488142,38.827648246404245,0.0,53.40369429191024,0.005585977331873199,6.204014153616148e-05,0.0006389599284683756,0.00024468618370042296,0.0,0.00033654230276493,5354,2393,5753,0.17725925925925926,0.42614814814814816,1,0,0
flow,0.3,1.0,0,registered,during_vibration,flow_dump_0.3_1.0.shear.wave,2026,202600,202.6,0.2026,158683.45183699526,1126.874658367242,0.007101399958987557,7.101399958987557e+17,93,0.0005860724538279681,5.860724538279681e+26,893.7057868164386,10.721654820604602,123.59797143955113,34.16540828200785,0.0,64.68383700864001,0.005632003693330808,6.756630698718496e-05,0.0007788964130079231,0.00021530542653624437,0.0,0.0004076281191253977,5360,2450,5690,0.1814814814814815,0.42148148148148146,1,0,0
flow,0.3,1.0,0,registered,during_vibration,flow_dump_0.3_1.0.shear.wave,2027,202700,202.70000000000002,0.2027,158683.4518369953,1210.3570798272447,0.007627494019165667,7.627494019165667e+17,102,0.0006427891429080939,6.427891429080939e+26,1016.6558187112277,0.0,110.61365637822745,21.434521311602445,0.0,61.65308342618794,0.006406816885705064,0.0,0.0006970711507577573,0.00013507723120127657,0.0,0.0003885287515015741,5368,2524,5608,0.18696296296296297,0.4154074074074074,1,0,0
flow,0.3,1.0,0,registered,during_vibration,flow_dump_0.3_1.0.shear.wave,2028,202800,202.8,0.20279999999999998,158683.45183699526,1209.2390401655423,0.007620448296068776,7.620448296068777e+17,95,0.0005986761625124405,5.986761625124405e+26,968.3359145704953,12.513258413935393,109.761987525387,13.05781047547114,0.0,105.57006918025394,0.006102311887979353,7.885673187138262e-05,0.0006917040576993374,8.228841964494535e-05,0.0,0.000665287198873761,5374,2570,5556,0.19037037037037038,0.41155555555555556,1,0,0
flow,0.3,1.0,0,registered,during_vibration,flow_dump_0.3_1.0.shear.wave,2029,202900,202.9,0.2029,158683.45183699526,1298.3739893382515,0.008182163762557818,8.182163762557818e+17,106,0.0006679965602770389,6.679965602770389e+26,1027.678760492665,21.474566639889545,98.73675630930431,22.64336852141509,0.0,127.84053737497689,0.0064762818592346335,0.00013532959102722893,0.0006222246564861084,0.00014269521023953455,0.0,0.0008056324455703094,5382,2525,5593,0.18703703703703703,0.4142962962962963,1,0,0
flow,0.3,1.0,0,registered,during_vibration,flow_dump_0.3_1.0.shear.wave,2030,203000,203.0,0.20299999999999999,158683.45183699526,1407.464012983086,0.00886963320175867,8.86963320175867e+17,111,0.00069950583198822,6.995058319882199e+26,1123.1950183440883,24.93555424835184,145.50379199385918,12.443824306597069,0.0,101.38582409018964,0.007078211403529779,0.00015714023081604277,0.0009169437033883366,7.841916824055331e-05,0.0,0.0006389186957839588,5351,2469,5680,0.18288888888888888,0.42074074074074075,1,0,0
flow,0.3,1.0,0,registered,during_vibration,flow_dump_0.3_1.0.shear.wave,2031,203100,203.1,0.2031,158683.45183699526,1212.3839797889277,0.007640267247490479,7.640267247490478e+17,105,0.0006616947059348027,6.616947059348027e+26,949.4818895131509,8.764887721915406,123.32273362036815,13.52654911199284,0.0,117.28791982150014,0.005983496568303097,5.5235045749565495e-05,0.0007771619043619572,8.52423422568835e-05,0.0,0.0007391313868189738,5340,2437,5723,0.18051851851851852,0.42392592592592593,1,0,0
flow,0.3,1.0,0,registered,during_vibration,flow_dump_0.3_1.0.shear.wave,2032,203200,203.20000000000002,0.2032,158683.45183699526,1230.3824410522075,0.007753690928756048,7.753690928756049e+17,102,0.000642789142908094,6.42789142908094e+26,955.4505339440939,6.280389943386798,124.08412153015763,9.54822597232922,0.0,135.01916966223925,0.006021110096127499,3.9578102635668755e-05,0.0007819600600673902,6.0171529304375514e-05,0.0,0.0008508711406211108,5340,2447,5713,0.18125925925925926,0.42318518518518516,1,0,0
flow,0.3,1.0,0,registered,during_vibration,flow_dump_0.3_1.0.shear.wave,2033,203300,203.3,0.20329999999999998,158683.45183699526,1377.4780720947374,0.008680666169965393,8.680666169965393e+17,116,0.0007310151036994011,7.310151036994011e+26,1107.617557801106,26.06922630845566,137.7262923726809,23.441617529909934,0.0,82.62337808258505,0.006980044516165972,0.0001642844670106799,0.0008679310336288737,0.00014772565921990352,0.0,0.0005206804939399632,5363,2506,5631,0.18562962962962962,0.4171111111111111,1,0,0
flow,0.3,1.0,0,registered,during_vibration,flow_dump_0.3_1.0.shear.wave,2034,203400,203.4,0.2034,158683.45183699526,1218.2875219106265,0.007677470510044681,7.677470510044681e+17,111,0.00069950583198822,6.995058319882199e+26,1005.4286124336527,20.74393919101103,100.45825797189363,22.200424818553163,0.0,69.45628749551565,0.006336064667073548,0.00013072528326595688,0.0006330733092136638,0.00013990384354228792,0.0,0.0004377034069492223,5367,2450,5683,0.1814814814814815,0.420962962962963,1,0,0
flow,0.3,1.0,0,registered,during_vibration,flow_dump_0.3_1.0.shear.wave,2035,203500,203.5,0.2035,158683.45183699526,1215.5568188370632,0.0076602620170231886,7.660262017023188e+17,96,0.0006049780168546768,6.049780168546768e+26,997.9485864748478,23.719794999017516,113.8770629790962,38.85921534071889,0.0,41.15215904338211,0.006288926633005014,0.00014947869311151142,0.0007176366638159244,0.0002448851149308015,0.0,0.00025933491215993293,5350,2387,5763,0.1768148148148148,0.4268888888888889,1,0,0
flow,0.3,1.0,0,registered,during_vibration,flow_dump_0.3_1.0.shear.wave,2036,203600,203.6,0.2036,158683.45183699526,1129.369638348053,0.007117122959413423,7.117122959413423e+17,97,0.000611279871196913,6.112798711969129e+26,926.4869136921237,7.984615676714101,119.46913410339249,25.982727555811405,0.0,49.44624732001203,0.00583858558007574,5.031788497338812e-05,0.0007528770815126648,0.00016373936447073068,0.0,0.00031160304838090364,5350,2443,5707,0.18096296296296296,0.42274074074074075,1,0,0
flow,0.3,1.0,0,registered,during_vibration,flow_dump_0.3_1.0.shear.wave,2037,203700,203.70000000000002,0.2037,158683.45183699526,1199.5467255648757,0.007559368741216247,7.559368741216247e+17,98,0.0006175817255391491,6.1758172553914915e+26,988.2853589628513,0.0,115.78833847379073,27.729594165359025,0.0,67.74343396287412,0.006228030380748522,0.0,0.0007296812435913749,0.00017474786339941582,0.0,0.00042690925347693064,5335,2521,5644,0.18674074074074073,0.4180740740740741,1,0,0
flow,0.3,1.0,0,registered,during_vibration,flow_dump_0.3_1.0.shear.wave,2038,203800,203.8,0.20379999999999998,158683.4518369953,1080.2396822583091,0.0068075131322953945,6.807513132295395e+17,92,0.0005797705994857317,5.797705994857318e+26,918.2743866228246,0.0,83.19884250299107,10.743405342578043,0.0,68.0230477899156,0.005786831430703344,0.0,0.0005243069868965013,6.77033756085292e-05,0.0,0.00042867133908702115,5356,2566,5578,0.19007407407407406,0.4131851851851852,1,0,0
flow,0.3,1.0,0,registered,during_vibration,flow_dump_0.3_1.0.shear.wave,2039,203900,203.9,0.2039,158683.45183699526,1287.1559537280743,0.008111469336136464,8.111469336136463e+17,104,0.0006553928515925665,6.553928515925665e+26,1025.9974912083344,15.156449697598653,108.23647443517847,12.35431222754491,0.0,125.41122615941806,0.0064656867450947056,9.551373833969686e-05,0.0006820904964076685,7.785507615649587e-05,0.0,0.0007903232801378968,5347,2512,5641,0.1860740740740741,0.41785185185185186,1,0,0
flow,0.3,1.0,0,registered,during_vibration,flow_dump_0.3_1.0.shear.wave,2040,204000,204.0,0.204,158683.45183699526,1166.8675310380938,0.007353429217286864,7.353429217286863e+17,107,0.0006742984146192752,6.742984146192752e+26,923.8339290447215,10.242081357303327,112.83775657739817,14.140908692172554,0.0,105.81285536649861,0.005821866857255623,6.454410487505857e-05,0.0007110871062554698,8.911394684493346e-05,0.0,0.0006668172020557819,5327,2461,5712,0.1822962962962963,0.4231111111111111,1,0,0
flow,0.3,1.0,0,registered,during_vibration,flow_dump_0.3_1.0.shear.wave,2041,204100,204.1,0.2041,158683.45183699526,1196.8111703168845,0.007542129670498266,7.542129670498266e+17,105,0.0006616947059348027,6.616947059348027e+26,945.502837456428,15.828188925616303,117.76564607391983,19.155197567422007,0.0,98.55930029349796,0.005958421161821454,9.974694111063028e-05,0.000742141948077185,0.00012071326496665098,0.0,0.0006211063545223433,5314,2452,5734,0.18162962962962964,0.42474074074074075,1,0,0
flow,0.3,1.0,0,registered,during_vibration,flow_dump_0.3_1.0.shear.wave,2042,204200,204.20000000000002,0.2042,158683.4518369953,1176.8914204843495,0.007416598308519845,7.416598308519845e+17,95,0.0005986761625124404,5.986761625124404e+26,939.357036786398,15.614502942652306,113.67048314103212,0.0,3.118744653875929,105.13065296039122,0.005919691221182506,9.840032317101358e-05,0.0007163348277664018,0.0,1.9653874539354003e-05,0.00066251806186057,5322,2459,5719,0.18214814814814814,0.42362962962962963,1,0,0
flow,0.3,1.0,0,registered,during_vibration,flow_dump_0.3_1.0.shear.wave,2043,204300,204.3,0.20429999999999998,158683.45183699526,1146.4972207964167,0.0072250584892376525,7.225058489237652e+17,98,0.0006175817255391491,6.1758172553914915e+26,965.8237481431811,16.327547602124557,102.99293165459385,19.333651747278743,0.0,42.01934164923809,0.006086480581070963,0.00010289382675451716,0.00064904645356714,0.00012183785721487136,0.0,0.0002647997706301582,5345,2504,5651,0.18548148148148147,0.41859259259259257,1,0,0
flow,0.3,1.0,0,registered,during_vibration,flow_dump_0.3_1.0.shear.wave,2044,204400,204.4,0.2044,158683.45183699526,1263.9887130679137,0.007965472759984599,7.965472759984599e+17,107,0.0006742984146192752,6.742984146192752e+26,1005.2707535966423,23.79359108203995,103.34896271329512,29.52028058839648,0.0,102.05512508753915,0.006335069863676073,0.00014994374527774635,0.0006512901094403876,0.00018603250841001784,0.0,0.0006431365331803688,5367,2431,5702,0.18007407407407408,0.4223703703703704,1,0,0
flow,0.3,1.0,0,registered,during_vibration,flow_dump_0.3_1.0.shear.wave,2045,204500,204.5,0.2045,158683.45183699526,1121.204679635955,0.007065668578899408,7.065668578899409e+17,92,0.0005797705994857318,5.7977059948573184e+26,925.0855788643272,5.66833765955434,118.36072379500142,30.147135539782326,0.0,41.94290377728969,0.005829754572106264,3.572103829312359e-05,0.0007458920411977511,0.000189982857007361,0.0,0.0002643180702949088,5336,2403,5761,0.178,0.42674074074074075,1,0,0
flow,0.3,1.0,0,registered,during_vibration,flow_dump_0.3_1.0.shear.wave,2046,204600,204.6,0.2046,158683.4518369953,1153.370433571189,0.007268372475007463,7.268372475007464e+17,95,0.0005986761625124404,5.986761625124404e+26,959.5628919812576,3.0919839916963525,115.09528213270771,23.59288976847105,0.0,52.02738569705656,0.006047025577480828,1.9485232744196522e-05,0.0007253137034789063,0.00014867895483333966,0.0,0.00032786900647019423,5345,2428,5727,0.17985185185185185,0.4242222222222222,1,0,0
flow,0.3,1.0,0,registered,during_vibration,flow_dump_0.3_1.0.shear.wave,2047,204700,204.70000000000002,0.2047,158683.45183699526,1228.9468811401161,0.007744644239290496,7.744644239290496e+17,97,0.000611279871196913,6.112798711969129e+26,1024.5917609924506,0.0,114.36530981222613,34.446816456984905,0.0,55.542993878454794,0.0064568280380297265,0.0,0.0007207135242413673,0.00021707881986566426,0.0,0.0003500238571537399,5327,2517,5656,0.18644444444444444,0.418962962962963,1,0,0
flow,0.3,1.0,0,registered,during_vibration,flow_dump_0.3_1.0.shear.wave,2048,204800,204.8,0.20479999999999998,158683.45183699526,1156.6486803222977,0.00728903150853086,7.289031508530861e+17,95,0.0005986761625124405,5.986761625124405e+26,993.4223032319697,0.0,88.78304387054926,3.3861353635099896,0.0,71.0571978562691,0.006260402655296691,0.0,0.0005594978105325693,2.1338931843935034e-05,0.0,0.00044779211085766736,5342,2570,5588,0.19037037037037038,0.4139259259259259,1,0,0
flow,0.3,1.0,0,registered,during_vibration,flow_dump_0.3_1.0.shear.wave,2049,204900,204.9,0.2049,158683.45183699526,1280.7558201511288,0.008071136626563696,8.071136626563697e+17,109,0.0006869021233037475,6.869021233037475e+26,1078.0946617509358,10.688860709878018,108.39093241816525,12.29137817133062,0.0,71.28998710081908,0.006793995525496819,6.735964327810287e-05,0.000683063868118447,7.745847490106731e-05,0.0,0.00044925911476926053,5334,2531,5635,0.18748148148148147,0.4174074074074074,1,0,0
flow,0.3,1.0,0,registered,during_vibration,flow_dump_0.3_1.0.shear.wave,2050,205000,205.0,0.205,158683.45183699526,1180.425659026097,0.007438870565020656,7.438870565020657e+17,109,0.0006869021233037475,6.869021233037475e+26,940.1071259425999,20.45060472345624,112.1461724075626,12.875537470922751,0.0,94.84621848155498,0.005924418173788582,0.0001288767321778692,0.0007067288435517697,8.113976171975964e-05,0.0,0.0005977070537826722,5302,2467,5731,0.18274074074074073,0.4245185185185185,1,0,0
flow,0.3,1.0,0,registered,during_vibration,flow_dump_0.3_1.0.shear.wave,2051,205100,205.1,0.2051,158683.45183699526,1219.1687657741027,0.007683023980512297,7.683023980512297e+17,113,0.0007121095406726924,7.121095406726925e+26,967.6346386108241,19.886459656012214,110.78048264550084,17.275251143994467,0.0,103.59193371777076,0.0060978925490277934,0.0001253215721349459,0.0006981224655945732,0.00010886611643500268,0.0,0.00065282127731998,5292,2458,5750,0.18207407407407408,0.42592592592592593,1,0,0
flow,0.3,1.0,0,registered,during_vibration,flow_dump_0.3_1.0.shear.wave,2052,205200,205.20000000000002,0.2052,158683.45183699526,1140.8072220609247,0.007189200945999073,7.189200945999073e+17,98,0.0006175817255391491,6.1758172553914915e+26,930.6396004447503,21.767088399915743,110.5253801117109,0.0,4.015035759839135,73.86011734470814,0.005864755207119727,0.00013717302055084858,0.0006965148465842936,0.0,2.5302170537375938e-05,0.00046545570120682544,5317,2457,5726,0.182,0.42414814814814816,1,0,0
flow,0.3,1.0,0,registered,during_vibration,flow_dump_0.3_1.0.shear.wave,2053,205300,205.3,0.20529999999999998,158683.45183699526,1329.3988534181594,0.008377677936977074,8.377677936977074e+17,109,0.0006869021233037475,6.869021233037475e+26,1045.3967825046464,15.10552757399523,147.8276515925668,32.88268310208331,0.0,88.18620864486739,0.0065879382531866745,9.519283453395074e-05,0.0009315883280911996,0.00020722187929124116,0.0,0.0005557366418740065,5329,2501,5670,0.18525925925925926,0.42,1,0,0
flow,0.3,1.0,0,registered,during_vibration,flow_dump_0.3_1.0.shear.wave,2054,205400,205.4,0.2054,158683.45183699526,1172.913305920807,0.007391528809983673,7.391528809983672e+17,104,0.0006553928515925665,6.553928515925665e+26,964.8332335952447,19.81193087906606,100.41651338456916,27.257787786723032,0.0,60.59384027520396,0.006080238502666002,0.00012485190263832624,0.0006328102409047683,0.00017177460832351382,0.0,0.0003818535554510618,5340,2427,5733,0.1797777777777778,0.4246666666666667,1,0,0
flow,0.3,1.0,0,registered,during_vibration,flow_dump_0.3_1.0.shear.wave,2055,205500,205.5,0.2055,158683.45183699526,1205.0003514611558,0.007593736697251651,7.59373669725165e+17,95,0.0005986761625124405,5.986761625124405e+26,952.4384072594836,9.091309363675975,131.59790963183954,39.60804540789404,0.0,72.26467979826276,0.006002128112500722,5.729210739009421e-05,0.0008293108582426172,0.0002496041329412263,0.0,0.0004554014861769919,5321,2373,5806,0.17577777777777778,0.43007407407407405,1,0,0
flow,0.3,1.0,0,registered,during_vibration,flow_dump_0.3_1.0.shear.wave,2056,205600,205.6,0.20559999999999998,158683.45183699526,1214.592899405033,0.007654187537164883,7.654187537164883e+17,99,0.0006238835798813854,6.238835798813854e+26,1002.0681498298164,12.280282185084818,107.86673178457357,24.602198355845474,0.0,67.7755372497127,0.0063148875212216396,7.73885496119628e-05,0.0006797604320794442,0.0001550394705373415,0.0,0.0004271115637144944,5327,2405,5768,0.17814814814814814,0.4272592592592593,1,0,0
flow,0.3,1.0,0,registered,during_vibration,flow_dump_0.3_1.0.shear.wave,2057,205700,205.70000000000002,0.2057,158683.4518369953,1207.1083057038973,0.0076070207178495055,7.607020717849505e+17,97,0.0006112798711969128,6.1127987119691286e+26,1001.3217054205379,6.057543277209227,111.33322384959277,22.329637168465585,0.0,66.0661959880913,0.006310183537279789,3.817375540476476e-05,0.0007016057601517127,0.00014071812095065402,0.0,0.00041633954406258193,5330,2501,5669,0.18525925925925926,0.4199259259259259,1,0,0
flow,0.3,1.0,0,registered,during_vibration,flow_dump_0.3_1.0.shear.wave,2058,205800,205.8,0.20579999999999998,158683.45183699526,1127.582037803423,0.007105857761159062,7.105857761159062e+17,92,0.0005797705994857318,5.7977059948573184e+26,910.4985838491839,0.0,75.65029085502782,6.858378546851121,0.0,134.57478455236028,0.005737829454229905,0.0,0.00047673711391618977,4.3220502626173446e-05,0.0,0.0008480706903867949,5337,2558,5605,0.18948148148148147,0.4151851851851852,1,0,0
flow,0.3,1.0,0,registered,during_vibration,flow_dump_0.3_1.0.shear.wave,2059,205900,205.9,0.2059,158683.45183699526,1241.212347506262,0.007821939421769545,7.821939421769545e+17,103,0.0006490909972503302,6.490909972503302e+26,1021.6353203754409,17.540630701332283,106.65547742999385,25.50066871116892,0.0,69.88025028832648,0.0064381969798898596,0.00011053849975075273,0.0006721272835654835,0.00016070149984740708,0.0,0.0004403751587160438,5323,2528,5649,0.18725925925925926,0.41844444444444445,1,0,0
flow,0.3,1.0,0,registered,during_vibration,flow_dump_0.3_1.0.shear.wave,2060,206000,206.0,0.206,158683.45183699526,1199.2203203137426,0.007557311782867064,7.557311782867064e+17,110,0.0006932039776459838,6.932039776459838e+26,980.0764886176175,19.782864422679875,109.85138000313773,29.624448939253895,0.0,59.88513833105358,0.006176299275518556,0.00012466873006393553,0.0006922673960734142,0.00018668896218419222,0.0,0.00037738741902696647,5291,2463,5746,0.18244444444444444,0.42562962962962964,1,0,0
flow,0.3,1.0,0,registered,during_vibration,flow_dump_0.3_1.0.shear.wave,2061,206100,206.1,0.20609999999999998,158683.4518369953,1225.5133395935254,0.0077230065605858635,7.723006560585864e+17,102,0.0006427891429080939,6.427891429080939e+26,970.8832808978999,22.02076819803562,120.10068024807809,25.388746708257912,0.0,87.1198635412537,0.006118365019530973,0.0001387716736881679,0.0007568569933268741,0.00015999618368737052,0.0,0.0005490166903524761,5293,2439,5768,0.18066666666666667,0.4272592592592593,1,0,0
flow,0.3,1.0,0,registered,during_vibration,flow_dump_0.3_1.0.shear.wave,2062,206200,206.20000000000002,0.2062,158683.45183699526,1124.8438875837592,0.007088602337307579,7.088602337307579e+17,94,0.0005923743081702043,5.9237430817020434e+26,905.9149880932112,18.158056333529192,115.885461550455,0.0,0.0,84.88538160656371,0.005708944301412073,0.00011442942615202076,0.0007302932990737829,0.0,0.0,0.0005349353106697017,5312,2444,5744,0.18103703703703702,0.42548148148148146,1,0,0
flow,0.3,1.0,0,registered,during_vibration,flow_dump_0.3_1.0.shear.wave,2063,206300,206.3,0.20629999999999998,158683.45183699526,1262.494277451857,0.007956055044408359,7.956055044408358e+17,105,0.0006616947059348027,6.616947059348027e+26,1018.2958368964871,16.081899527621168,122.6669474042769,31.179362484388236,0.0,74.27023113908301,0.006417152041427189,0.00010134578836954601,0.0007730292351485039,0.00019648780086039898,0.0,0.00046804017860271766,5338,2484,5678,0.184,0.4205925925925926,1,0,0
flow,0.3,1.0,0,registered,during_vibration,flow_dump_0.3_1.0.shear.wave,2064,206400,206.4,0.2064,158683.45183699526,1374.7453249017485,0.00866344479520102,8.66344479520102e+17,107,0.0006742984146192752,6.742984146192752e+26,1086.058318564342,24.21821154482421,133.49327599548536,39.52687952221252,0.0,91.44863927488477,0.006844181330766462,0.0001526196415849457,0.000841255180991487,0.0002490926373521027,0.0,0.000576296004506026,5332,2432,5736,0.18014814814814814,0.42488888888888887,1,0,0
flow,0.3,1.0,0,registered,during_vibration,flow_dump_0.3_1.0.shear.wave,2065,206500,206.5,0.2065,158683.4518369953,1202.8826649524578,0.007580391345331316,7.580391345331316e+17,98,0.000617581725539149,6.17581725539149e+26,956.6081462715126,8.798981217171708,117.49794359645084,45.034952890085634,0.0,74.9426409772368,0.006028405200399668,5.544989799068842e-05,0.0007404549260571195,0.00028380371342278955,0.0,0.00047227760746104946,5322,2382,5796,0.17644444444444443,0.42933333333333334,1,0,0
flow,0.3,1.0,0,registered,during_vibration,flow_dump_0.3_1.0.shear.wave,2066,206600,206.6,0.20659999999999998,158683.45183699526,1227.2791701065453,0.007734134567271992,7.734134567271992e+17,99,0.0006238835798813854,6.238835798813854e+26,979.5279993304504,11.541958137611022,133.2378684865307,24.668066269472853,0.0,78.30327788248061,0.006172842775922552,7.273573900741265e-05,0.0008396456400721413,0.00015545456053484824,0.0,0.0004934558517350396,5323,2413,5764,0.17874074074074073,0.426962962962963,1,0,0
flow,0.3,1.0,0,registered,during_vibration,flow_dump_0.3_1.0.shear.wave,2067,206700,206.70000000000002,0.2067,158683.45183699526,1223.2395206827096,0.007708677285009281,7.708677285009281e+17,104,0.0006553928515925665,6.553928515925665e+26,1012.5751148988977,0.0,98.16405705047413,21.451219264109394,0.0,91.04912946922805,0.006381100884665954,0.0,0.000618615589175054,0.00013518245926578894,0.0,0.0005737783519024822,5328,2490,5682,0.18444444444444444,0.42088888888888887,1,0,0
flow,0.3,1.0,0,registered,during_vibration,flow_dump_0.3_1.0.shear.wave,2068,206800,206.8,0.20679999999999998,158683.45183699526,1182.7757508535333,0.007453680501408039,7.45368050140804e+17,97,0.000611279871196913,6.112798711969129e+26,1020.5803261354564,6.066873179407343,82.58129469347736,3.7613125592550674,0.0,69.78594428593658,0.006431548559857579,3.82325510894446e-05,0.0005204152905515789,2.370324388404916e-05,0.0,0.00043978085602538406,5340,2560,5600,0.18962962962962962,0.4148148148148148,1,0,0
flow,0.3,1.0,0,registered,during_vibration,flow_dump_0.3_1.0.shear.wave,2069,206900,206.9,0.2069,158683.4518369953,1168.8901248956604,0.007366175309170749,7.36617530917075e+17,102,0.0006427891429080939,6.427891429080939e+26,962.8533104925137,11.021115525132538,104.08311939044106,11.293379720872869,0.0,79.63919976670006,0.006067761315663762,6.945346472834344e-05,0.0006559166578841414,7.11692340325051e-05,0.0,0.0005018746368619961,5336,2529,5635,0.18733333333333332,0.4174074074074074,1,0,0
flow,0.3,1.0,0,registered,during_vibration,flow_dump_0.3_1.0.shear.wave,2070,207000,207.0,0.207,158683.45183699526,1198.256855996806,0.007551240171077788,7.551240171077788e+17,106,0.0006679965602770389,6.679965602770389e+26,976.3299236708499,20.06629096100964,108.4921458474624,11.90187535687529,0.0,81.46662016060915,0.0061526889689402986,0.0001264548428252139,0.0006837017004073557,7.500388489847877e-05,0.0,0.0005133907740064432,5298,2488,5714,0.1842962962962963,0.4232592592592593,1,0,0
flow,0.3,1.0,0,registered,during_vibration,flow_dump_0.3_1.0.shear.wave,2071,207100,207.1,0.20709999999999998,158683.45183699526,1191.656075525795,0.007509643014004399,7.509643014004399e+17,106,0.0006679965602770389,6.679965602770389e+26,981.4633546209951,18.27636766667748,106.88125353226108,16.813175589344905,0.0,68.22192411651706,0.0061850391030640415,0.00011517500694055705,0.0006735500916759294,0.00010595418359449313,0.0,0.00042992462872938267,5281,2454,5765,0.1817777777777778,0.42703703703703705,1,0,0
flow,0.3,1.0,0,registered,during_vibration,flow_dump_0.3_1.0.shear.wave,2072,207200,207.20000000000002,0.2072,158683.45183699526,1237.6745156294337,0.007799644520594452,7.799644520594451e+17,106,0.0006679965602770389,6.679965602770389e+26,969.3573499591382,22.407540178021478,125.10255907895264,0.0,0.0,120.80706641332156,0.006108748825018586,0.0001412090543696971,0.0007883781051565604,0.0,0.0,0.0007613085360496095,5310,2465,5725,0.18259259259259258,0.42407407407407405,1,0,0
flow,0.3,1.0,0,registered,during_vibration,flow_dump_0.3_1.0.shear.wave,2073,207300,207.3,0.20729999999999998,158683.45183699526,1251.0809014154365,0.007884129611073667,7.884129611073668e+17,109,0.0006869021233037475,6.869021233037475e+26,985.827114278923,31.546113272409972,110.08444461413971,35.33909071343864,0.0,88.28413853652452,0.006212538880812829,0.0001987990109064123,0.0006937361353042786,0.0002227018022631628,0.0,0.0005563537817869807,5324,2507,5669,0.1857037037037037,0.4199259259259259,1,0,0
flow,0.3,1.0,0,registered,during_vibration,flow_dump_0.3_1.0.shear.wave,2074,207400,207.4,0.2074,158683.45183699526,1277.3293587198038,0.008049543565714197,8.049543565714196e+17,111,0.00069950583198822,6.995058319882199e+26,1037.6229235561389,28.469751399849017,101.58875462116404,30.0691020551684,0.0,79.5788270874837,0.0065389485264160906,0.00017941222648152412,0.0006401975344317521,0.0001894911013535069,0.0,0.0005014941770313242,5327,2437,5736,0.18051851851851852,0.42488888888888887,1,0,0
flow,0.3,1.0,0,registered,during_vibration,flow_dump_0.3_1.0.shear.wave,2075,207500,207.5,0.2075,158683.45183699526,1287.9578068984902,0.008116522498020284,8.116522498020284e+17,98,0.0006175817255391491,6.1758172553914915e+26,1032.0359645949306,19.094529033724264,127.89224218953115,37.32756401731571,0.0,71.60750706298892,0.006503740324826505,0.00012033094070413074,0.0008059582817804226,0.00023523287138762133,0.0,0.0004512600793216072,5325,2395,5780,0.1774074074074074,0.42814814814814817,1,0,0
flow,0.3,1.0,0,registered,during_vibration,flow_dump_0.3_1.0.shear.wave,2076,207600,207.6,0.20759999999999998,158683.4518369953,1162.868778071266,0.0073282296585393284,7.328229658539328e+17,95,0.0005986761625124404,5.986761625124404e+26,928.58186658582,0.0,117.19153454104702,37.42703906927436,0.0,79.66833787512489,0.005851787668065659,0.0,0.0007385239808208225,0.00023585974867575108,0.0,0.0005020582609770977,5333,2406,5761,0.17822222222222223,0.42674074074074075,1,0,0
flow,0.3,1.0,0,registered,during_vibration,flow_dump_0.3_1.0.shear.wave,2077,207700,207.70000000000002,0.2077,158683.45183699526,1185.1466736556708,0.0074686217115637965,7.468621711563796e+17,101,0.0006364872885658578,6.364872885658577e+26,984.4820825938406,0.0,101.47684612729292,30.388322936272537,0.0,68.79942199826493,0.0062040626870477475,0.0,0.0006394923034037172,0.00019150278484922548,0.0,0.0004335639362631077,5314,2494,5692,0.18474074074074073,0.42162962962962963,1,0,0
flow,0.3,1.0,0,registered,during_vibration,flow_dump_0.3_1.0.shear.wave,2078,207800,207.8,0.20779999999999998,158683.45183699526,1051.525034864249,0.006626557606929356,6.626557606929356e+17,91,0.0005734687451434957,5.734687451434957e+26,887.6247052773934,0.0,87.87067557664058,2.9597321091883844,0.0,73.06992190102679,0.005593681603228483,0.0,0.0005537481984378823,1.8651800644144775e-05,0.0,0.00046047600461884684,5333,2557,5610,0.1894074074074074,0.41555555555555557,1,0,0
flow,0.3,1.0,0,registered,during_vibration,flow_dump_0.3_1.0.shear.wave,2079,207900,207.9,0.2079,158683.45183699526,1214.52055881039,0.0076537316572744115,7.653731657274412e+17,104,0.0006553928515925665,6.553928515925665e+26,1000.9164362685834,6.638895157114666,97.99231273684615,27.817380065200716,0.0,81.155534582645,0.006307629590114771,4.1837350273514044e-05,0.0006175332815264631,0.00017530107735352028,0.0,0.0005114303580061429,5337,2534,5629,0.1877037037037037,0.416962962962963,1,0,0
flow,0.3,1.0,0,registered,during_vibration,flow_dump_0.3_1.0.shear.wave,2080,208000,208.0,0.208,158683.4518369953,1178.0803390938843,0.007424090700421907,7.424090700421907e+17,104,0.0006553928515925663,6.553928515925663e+26,936.4278012759405,19.425418161514287,103.92119277452919,12.348546155741392,0.0,105.95738072615889,0.005901231605661497,0.00012241615579089305,0.0006548962199365335,7.781873921186321e-05,0.0,0.0006677279798211202,5300,2476,5724,0.1834074074074074,0.424,1,0,0
flow,0.3,1.0,0,registered,during_vibration,flow_dump_0.3_1.0.shear.wave,2081,208100,208.1,0.20809999999999998,158683.45183699526,1167.2548224398774,0.007355869871288905,7.355869871288905e+17,104,0.0006553928515925665,6.553928515925665e+26,928.4698709682375,0.0,120.43095044775818,13.217044089123174,0.0,105.13695693475815,0.005851081887996687,0.0,0.0007589383080188394,8.329188668456839e-05,0.0,0.0006625577885888077,5272,2438,5790,0.18059259259259258,0.4288888888888889,1,0,0
flow,0.3,1.0,0,registered,during_vibration,flow_dump_0.3_1.0.shear.wave,2082,208200,208.20000000000002,0.2082,158683.45183699526,1184.0104808892413,0.007461461590245056,7.461461590245056e+17,101,0.0006364872885658578,6.364872885658577e+26,945.2023784432134,26.119069672856714,114.89272638997511,0.0,0.0,97.79630638319614,0.005956527712884364,0.00016459857263306235,0.0007240372266920221,0.0,0.0,0.000616298078035608,5328,2459,5713,0.18214814814814814,0.42318518518518516,1,0,0
flow,0.3,1.0,0,registered,during_vibration,flow_dump_0.3_1.0.shear.wave,2083,208300,208.3,0.20829999999999999,158683.45183699526,1418.261769058363,0.008937679087768062,8.937679087768063e+17,108,0.0006806002689615113,6.806002689615113e+26,1089.9892350788248,32.19391395259862,138.01941447805743,52.01676023877884,0.0,106.04244531010448,0.006868953394072223,0.0002028813564357627,0.0008697782464414462,0.0003278020463798086,0.0,0.0006682640444388284,5341,2492,5667,0.18459259259259259,0.4197777777777778,1,0,0
flow,0.3,1.0,0,registered,during_vibration,flow_dump_0.3_1.0.shear.wave,2084,208400,208.4,0.2084,158683.4518369953,1504.300954836028,0.009479885504263508,9.479885504263508e+17,115,0.0007247132493571647,7.247132493571647e+26,1133.6200608692097,22.372859635197038,165.62154902666845,63.487434605964275,0.0,119.1990506989886,0.007143908503034711,0.00014099050264030778,0.0010437228779015986,0.0004000885654490337,0.0,0.000751175055237856,5329,2455,5716,0.18185185185185185,0.4234074074074074,1,0,0
flow,0.3,1.0,0,registered,during_vibration,flow_dump_0.3_1.0.shear.wave,2085,208500,208.5,0.2085,158683.45183699526,1228.48663509155,0.007741743835730842,7.741743835730842e+17,98,0.0006175817255391491,6.1758172553914915e+26,1011.8014434895726,26.006164619397588,96.23110321722268,39.18045968638438,0.0,55.2674640789718,0.006376225320135634,0.00016388706143166052,0.0006064343956676362,0.00024690955000545244,0.0,0.0003482875084904525,5332,2400,5768,0.17777777777777778,0.4272592592592593,1,0,0
flow,0.3,1.0,0,registered,during_vibration,flow_dump_0.3_1.0.shear.wave,2086,208600,208.6,0.20859999999999998,158683.45183699526,1195.6910742050413,0.007535070987952125,7.535070987952125e+17,97,0.000611279871196913,6.112798711969129e+26,988.5222712645927,6.610213334948723,100.31894698405085,34.599586753645326,3.569912107016092,62.07014376078737,0.00622952336756598,4.165660160795435e-05,0.0006321953916600056,0.00021804155602303847,2.2497066113000997e-05,0.00039115700498214403,5339,2420,5741,0.17925925925925926,0.4252592592592593,1,0,0
flow,0.3,1.0,0,registered,during_vibration,flow_dump_0.3_1.0.shear.wave,2087,208700,208.70000000000002,0.2087,158683.45183699526,1184.5404261674614,0.007464801228197754,7.464801228197754e+17,104,0.0006553928515925665,6.553928515925665e+26,983.5328057742753,9.678042624105906,86.93106404184697,28.119450744697367,0.0,76.27906298253579,0.0061980804828003855,6.0989614935068986e-05,0.0005478269034073279,0.0001772046827767685,0.0,0.000480699544278203,5326,2492,5682,0.18459259259259259,0.42088888888888887,1,0,0
flow,0.3,1.0,0,registered,during_vibration,flow_dump_0.3_1.0.shear.wave,2088,208800,208.8,0.20879999999999999,158683.4518369953,1086.8301910714404,0.006849045558876971,6.849045558876972e+17,93,0.000586072453827968,5.8607245382796806e+26,892.356590217124,11.52617038677306,93.50753774347699,5.50449500756517,0.0,83.93539771650079,0.005623501252882885,7.263624690124028e-05,0.0005892708827605472,3.468852576524213e-05,0.0,0.0005289486505670541,5332,2558,5610,0.18948148148148147,0.41555555555555557,1,0,0
flow,0.3,1.0,0,registered,during_vibration,flow_dump_0.3_1.0.shear.wave,2089,208900,208.9,0.2089,158683.45183699526,1260.9640018366597,0.007946411470377909,7.946411470377908e+17,108,0.0006806002689615113,6.806002689615113e+26,1017.2450195983406,16.041463639833154,109.01621976146671,18.04274706609442,0.0,100.61855177092501,0.006410529943873968,0.00010109096729450694,0.0006870043378779766,0.00011370276394433687,0.0,0.0006340834573871233,5328,2532,5640,0.18755555555555556,0.4177777777777778,1,0,0
flow,0.3,1.0,0,registered,during_vibration,flow_dump_0.3_1.0.shear.wave,2090,209000,209.0,0.209,158683.45183699526,1427.389036991687,0.008995197800826433,8.995197800826433e+17,107,0.0006742984146192752,6.742984146192752e+26,1168.5296536974802,28.541418659557536,129.07575396291853,11.17607218990644,0.0,90.066138481824,0.007363903672185247,0.0001798638631133144,0.0008134166005886315,7.042997905910732e-05,0.0,0.0005675836858801309,5308,2476,5716,0.1834074074074074,0.4234074074074074,1,0,0
flow,0.3,1.0,0,registered,during_vibration,flow_dump_0.3_1.0.shear.wave,2091,209100,209.1,0.20909999999999998,158683.45183699526,1160.5234689538675,0.007313449862093966,7.313449862093966e+17,103,0.0006490909972503302,6.490909972503302e+26,932.9563734121855,15.484607369417152,104.20242970939282,14.823013091714131,0.0,93.0570453711573,0.005879355172904534,9.758174018878438e-05,0.0006566685341357012,9.341246941704298e-05,0.0,0.0005864319454479002,5266,2439,5795,0.18066666666666667,0.4292592592592593,1,0,0
flow,0.3,1.0,0,registered,during_vibration,flow_dump_0.3_1.0.shear.wave,2092,209200,209.20000000000002,0.2092,158683.45183699526,1122.5437110610785,0.007074106959900214,7.074106959900214e+17,99,0.0006238835798813854,6.238835798813854e+26,891.1021014738919,15.611628202512122,110.2062188343661,7.390107392905672,0.0,98.23365515740274,0.005615595647549063,9.838220697737839e-05,0.0006945035387027846,4.657138036357457e-05,0.0,0.0006190541863074135,5315,2468,5717,0.18281481481481482,0.42348148148148146,1,0,0
flow,0.3,1.0,0,registered,during_vibration,flow_dump_0.3_1.0.shear.wave,2093,209300,209.3,0.20929999999999999,158683.45183699526,1365.2185556883255,0.008603408483265929,8.603408483265929e+17,106,0.0006679965602770389,6.679965602770389e+26,1114.1929664611546,7.652259621070266,117.0932128360855,22.637430053661788,0.0,103.64268671635331,0.007021481783782277,4.822342552096052e-05,0.0007379043717574748,0.00014265778688073716,0.0,0.0006531411153244789,5320,2508,5672,0.18577777777777776,0.42014814814814816,1,0,0
flow,0.3,1.0,0,registered,during_vibration,flow_dump_0.3_1.0.shear.wave,2094,209400,209.4,0.2094,158683.45183699526,1476.4102156772644,0.009304122128587677,9.304122128587676e+17,108,0.0006806002689615113,6.806002689615113e+26,1140.566595733135,35.757966436672845,151.28208316360895,42.72843670534894,0.0,106.07513363849871,0.007187684553930436,0.00022534149605848365,0.0009533576526871293,0.0002692683843885685,0.0,0.0006684700415230601,5316,2454,5730,0.1817777777777778,0.42444444444444446,1,0,0
flow,0.3,1.0,0,registered,during_vibration,flow_dump_0.3_1.0.shear.wave,2095,209500,209.5,0.2095,158683.45183699526,1235.7332709950676,0.00778741107966603,7.78741107966603e+17,96,0.0006049780168546768,6.049780168546768e+26,975.2925857914692,26.26572698441594,125.8140550120085,41.31278857223663,0.0,67.04811463493743,0.006146151816720757,0.00016552278564873255,0.0007928618488917719,0.00026034717605383613,0.0,0.00042252745235093206,5317,2403,5780,0.178,0.42814814814814817,1,0,0
flow,0.3,1.0,0,registered,during_vibration,flow_dump_0.3_1.0.shear.wave,2096,209600,209.6,0.20959999999999998,158683.45183699526,1194.5415641322272,0.007527826942908317,7.527826942908317e+17,96,0.0006049780168546768,6.049780168546768e+26,988.9276032551188,7.130216579243237,94.9300515406367,24.510143840304387,0.0,79.0435489169242,0.006232077710730525,4.4933586310988656e-05,0.0005982353575100692,0.00015445935638885643,0.0,0.0004981209319678795,5339,2427,5734,0.1797777777777778,0.42474074074074075,1,0,0
flow,0.3,1.0,0,registered,during_vibration,flow_dump_0.3_1.0.shear.wave,2097,209700,209.70000000000002,0.2097,158683.45183699526,1190.4210205705417,0.007501859877571736,7.501859877571736e+17,104,0.0006553928515925665,6.553928515925665e+26,1005.9036592038012,0.0,87.739730295898,27.69627396554168,0.0,69.08135710530085,0.006339058342624774,0.0,0.0005529230003518393,0.00017453788435351267,0.0,0.00043534065024161087,5332,2510,5658,0.18592592592592594,0.4191111111111111,1,0,0
flow,0.3,1.0,0,registered,during_vibration,flow_dump_0.3_1.0.shear.wave,2098,209800,209.8,0.2098,158683.45183699526,1130.9255941099493,0.007126928365987857,7.126928365987857e+17,93,0.0005860724538279681,5.860724538279681e+26,900.011367000182,0.0,95.39814193034512,0.0,0.0,135.51608517942233,0.005671740541192049,0.0,0.0006011851949650122,0.0,0.0,0.0008540026298307956,5354,2566,5580,0.19007407407407406,0.41333333333333333,1,0,0
flow,0.3,1.0,0,registered,during_vibration,flow_dump_0.3_1.0.shear.wave,2099,209900,209.9,0.2099,158683.4518369953,1255.250925504915,0.007910408495489175,7.910408495489175e+17,109,0.0006869021233037474,6.869021233037473e+26,1034.2021172729485,16.91071491283656,108.22764294241549,11.279505251184723,0.0,84.6309451255301,0.006517391103486417,0.00010656886220377779,0.0006820348416266517,7.108179914545464e-05,0.0,0.0005333318890268767,5334,2527,5639,0.18718518518518518,0.4177037037037037,1,0,0
flow,0.3,1.0,0,registered,during_vibration,flow_dump_0.3_1.0.shear.wave,2100,210000,210.0,0.21,158683.45183699526,1180.7525290800454,0.007440930452489478,7.440930452489478e+17,102,0.000642789142908094,6.42789142908094e+26,937.6079240210252,7.867348446881393,101.44655826567637,14.443936042580452,0.0,119.38676230388148,0.0059086685673069815,4.9578883971864856e-05,0.0006393014337114719,9.102358106891781e-05,0.0,0.0007523579864302385,5297,2468,5735,0.18281481481481482,0.4248148148148148,1,0,0
flow,0.3,1.0,0,registered,during_vibration,flow_dump_0.3_1.0.shear.wave,2101,210100,210.1,0.21009999999999998,158683.45183699526,1194.3571958906473,0.007526665081104547,7.526665081104547e+17,103,0.0006490909972503302,6.490909972503302e+26,970.7087963782981,0.0,108.16488213833254,11.430104532713816,0.0,104.05341284130307,0.0061172654435034685,0.0,0.0006816393321809194,7.203085388169642e-05,0.0,0.0006557294515384634,5287,2432,5781,0.18014814814814814,0.4282222222222222,1,0,0
flow,0.3,1.0,0,registered,during_vibration,flow_dump_0.3_1.0.shear.wave,2102,210200,210.20000000000002,0.2102,158683.45183699526,1110.812757725465,0.007000180200683607,7.000180200683607e+17,97,0.000611279871196913,6.112798711969129e+26,895.1261991844736,9.586471322779925,120.97115256270227,0.0,0.0,85.12893465550839,0.005640954925180075,6.041254593218363e-05,0.000762342583062585,0.0,0.0,0.0005364701465087586,5310,2447,5743,0.18125925925925926,0.4254074074074074,1,0,0
flow,0.3,1.0,0,registered,during_vibration,flow_dump_0.3_1.0.shear.wave,2103,210300,210.3,0.2103,158683.4518369953,1355.2781535782249,0.008540765517064817,8.540765517064817e+17,103,0.0006490909972503301,6.490909972503302e+26,1097.3839097133182,8.8771583058707,136.73144735412376,44.35608333729136,0.0,67.92955486762145,0.006915553556527029,5.5942558616569554e-05,0.0008616616652288272,0.00027952557638370094,0.0,0.00042808216030869344,5322,2483,5695,0.18392592592592594,0.42185185185185187,1,0,0
flow,0.3,1.0,0,registered,during_vibration,flow_dump_0.3_1.0.shear.wave,2104,210400,210.4,0.2104,158683.45183699526,1235.8044320748247,0.007787859526425495,7.787859526425495e+17,113,0.0007121095406726924,7.121095406726925e+26,1011.0805242916794,20.865730768509383,98.80704930542774,26.73531765679627,0.0,78.3158100524118,0.006371682192357989,0.00013149279604746268,0.0006226676327089576,0.00016848207766654614,0.0,0.000493534827644538,5313,2460,5727,0.18222222222222223,0.4242222222222222,1,0,0
flow,0.3,1.0,0,registered,during_vibration,flow_dump_0.3_1.0.shear.wave,2105,210500,210.5,0.2105,158683.45183699526,1148.5667097391938,0.007238100107117902,7.238100107117902e+17,96,0.0006049780168546768,6.049780168546768e+26,910.0766246744007,18.76810370177339,101.02619532301316,43.10841781781926,0.0,75.58736822218751,0.005735170328972051,0.00011827385580856025,0.0006366523676759345,0.00027166297001215734,0.0,0.0004763405846492001,5313,2408,5779,0.17837037037037037,0.42807407407407405,1,0,0
flow,0.3,1.0,0,registered,during_vibration,flow_dump_0.3_1.0.shear.wave,2106,210600,210.6,0.21059999999999998,158683.45183699526,1089.7273820158296,0.006867303234210159,6.867303234210159e+17,95,0.0005986761625124405,5.986761625124405e+26,880.6048793145167,10.363686871912726,103.87835326949215,26.103590596713396,0.0,68.77687196319434,0.005549443682502586,6.531044511533968e-05,0.0006546262516156968,0.00016450102574985478,0.0,0.0004334218292266805,5327,2424,5749,0.17955555555555555,0.42585185185185187,1,0,0
flow,0.3,1.0,0,registered,during_vibration,flow_dump_0.3_1.0.shear.wave,2107,210700,210.70000000000002,0.2107,158683.4518369953,1222.9878095551198,0.0077070910381468885,7.707091038146889e+17,104,0.0006553928515925663,6.553928515925663e+26,1033.4220407579478,3.0319579578010316,74.38720726984525,23.631324961128612,0.0,88.51527860839657,0.006512475174913084,1.9106957421846078e-05,0.0004687773451402996,0.00014892116781908338,0.0,0.0005578103928525723,5319,2513,5668,0.18614814814814815,0.41985185185185186,1,0,0
flow,0.3,1.0,0,registered,during_vibration,flow_dump_0.3_1.0.shear.wave,2108,210800,210.8,0.2108,158683.45183699526,1079.1533931322274,0.006800667496449274,6.800667496449274e+17,94,0.0005923743081702043,5.9237430817020434e+26,858.6878989764567,0.0,90.14504492611836,3.796946176063819,0.0,126.52350305358861,0.005411326064790477,0.0,0.0005680809427987377,2.3927801746864973e-05,0.0,0.0007973326871131946,5328,2560,5612,0.18962962962962962,0.4157037037037037,1,0,0
flow,0.3,1.0,0,registered,during_vibration,flow_dump_0.3_1.0.shear.wave,2109,210900,210.9,0.2109,158683.45183699526,1258.7673870715942,0.007932568724082462,7.932568724082461e+17,112,0.0007058076863304561,7.058076863304562e+26,1021.3884192483205,9.511223792078551,108.97271464438244,11.674652727722226,0.0,107.22037665909039,0.006436641044949813,5.993834695409063e-05,0.0006867301749669695,7.357196098629619e-05,0.0,0.0006756871962252915,5332,2514,5654,0.18622222222222223,0.4188148148148148,1,0,0
flow,0.3,1.0,0,registered,during_vibration,flow_dump_0.3_1.0.shear.wave,2110,211000,211.0,0.211,158683.45183699526,1124.8868006872565,0.007088872769435192,7.088872769435192e+17,99,0.0006238835798813854,6.238835798813854e+26,935.8335433083064,4.5888915351696316,102.26914782039597,14.060761432684648,7.860145982231801,60.274310608467765,0.005897486678507755,2.8918526046959756e-05,0.0006444852732687598,8.860887048971127e-05,4.953349508873802e-05,0.000379839926033267,5309,2455,5736,0.18185185185185185,0.42488888888888887,1,0,0
flow,0.3,1.0,0,registered,during_vibration,flow_dump_0.3_1.0.shear.wave,2111,211100,211.1,0.21109999999999998,158683.45183699526,1288.2330361448164,0.008118256952641355,8.118256952641356e+17,103,0.0006490909972503302,6.490909972503302e+26,999.8995226956665,7.973016653587726,128.55678996856972,17.257791265365285,0.0,134.54591556162615,0.006301221148899606,5.0244789619133475e-05,0.0008101461650873803,0.00010875608682304845,0.0,0.0008478887622121809,5271,2435,5794,0.18037037037037038,0.42918518518518517,1,0,0
flow,0.3,1.0,0,registered,during_vibration,flow_dump_0.3_1.0.shear.wave,2112,211200,211.20000000000002,0.2112,158683.45183699526,1092.5109556475586,0.006884844909788205,6.884844909788205e+17,93,0.0005860724538279681,5.860724538279681e+26,868.8796851907958,14.35405653055447,106.60449819718845,7.818095713288431,0.0,94.8546200157313,0.005475553217000453,9.045717347577879e-05,0.0006718060198658649,4.9268500418805044e-05,0.0,0.0005977599990273026,5310,2440,5750,0.18074074074074073,0.42592592592592593,1,0,0
flow,0.3,1.0,0,registered,during_vibration,flow_dump_0.3_1.0.shear.wave,2113,211300,211.3,0.2113,158683.45183699526,1237.845041683227,0.007800719150947014,7.800719150947014e+17,103,0.0006490909972503302,6.490909972503302e+26,978.9392108402923,12.817654629630322,119.49753775747922,7.89018931424306,0.0,118.70044914158193,0.006169132316619191,8.077499248501999e-05,0.0007530560772035066,4.9722823791028424e-05,0.0,0.0007480329408482672,5319,2487,5694,0.18422222222222223,0.42177777777777775,1,0,0
flow,0.3,1.0,0,registered,during_vibration,flow_dump_0.3_1.0.shear.wave,2114,211400,211.4,0.21139999999999998,158683.45183699526,1144.657116707155,0.0072134624212925715,7.213462421292571e+17,101,0.0006364872885658578,6.364872885658577e+26,904.1793951056152,26.860708460587393,112.96283500713743,27.453444083686485,0.0,73.20073405012853,0.005698006847206836,0.00016927227224789373,0.0007118753323010422,0.00017300760580811882,0.0,0.0004613003637286809,5307,2453,5740,0.1817037037037037,0.42518518518518517,1,0,0
flow,0.3,1.0,0,registered,during_vibration,flow_dump_0.3_1.0.shear.wave,2115,211500,211.5,0.2115,158683.45183699526,1212.4643508902222,0.007640773734464162,7.640773734464163e+17,96,0.0006049780168546768,6.049780168546768e+26,1019.771859349615,13.247600835589742,103.61280695398065,36.04002861003296,0.0,39.79205514100426,0.006426453719932671,8.348445084997334e-05,0.0006529528174142258,0.00022711901079045367,0.0,0.00025076373547684066,5302,2420,5778,0.17925925925925926,0.428,1,0,0
flow,0.3,1.0,0,registered,during_vibration,flow_dump_0.3_1.0.shear.wave,2116,211600,211.6,0.21159999999999998,158683.45183699526,1097.6208670724513,0.006917046827289608,6.917046827289608e+17,92,0.0005797705994857318,5.7977059948573184e+26,901.37812461589,0.0,111.9025528718,23.2139264084492,0.0,61.12626317631204,0.005680353648607383,0.0,0.0007051935887224705,0.00014629078293743755,0.0,0.00038520880702231573,5316,2423,5761,0.1794814814814815,0.42674074074074075,1,0,0
flow,0.3,1.0,0,registered,during_vibration,flow_dump_0.3_1.0.shear.wave,2117,211700,211.70000000000002,0.2117,158683.45183699526,1201.768800655582,0.007573371934775389,7.573371934775388e+17,100,0.0006301854342236216,6.301854342236216e+26,983.7503464169122,0.0,99.46196717899633,30.627968555732437,0.0,87.92851850394165,0.0061994513922438,0.0,0.000626794829754314,0.00019301299663681675,0.0,0.0005541127161404621,5326,2503,5671,0.1854074074074074,0.4200740740740741,1,0,0
flow,0.3,1.0,0,registered,during_vibration,flow_dump_0.3_1.0.shear.wave,2118,211800,211.8,0.2118,158683.4518369953,1109.4057812331282,0.006991313639765949,6.99131363976595e+17,96,0.0006049780168546767,6.0497801685467664e+26,957.4739180678487,0.0,80.65428383017039,6.034937574185468,0.0,65.24264176092363,0.006033861168153794,0.0,0.0005082715487751113,3.803129755700518e-05,0.0,0.0004111496252800384,5331,2552,5617,0.18903703703703703,0.4160740740740741,1,0,0
flow,0.3,1.0,0,registered,during_vibration,flow_dump_0.3_1.0.shear.wave,2119,211900,211.9,0.21189999999999998,158683.45183699526,1280.066525003865,0.008066792788946831,8.066792788946831e+17,109,0.0006869021233037475,6.869021233037475e+26,1087.1766906842633,10.88114958396526,99.69271671038072,17.51524392486567,0.0,64.80072410039003,0.006851229148966624,6.857141975423328e-05,0.0006282489796906377,0.00011037851598324122,0.0,0.0004083647245520939,5337,2515,5648,0.1862962962962963,0.4183703703703704,1,0,0
flow,0.3,1.0,0,registered,during_vibration,flow_dump_0.3_1.0.shear.wave,2120,212000,212.0,0.212,158683.45183699526,1196.8405033485474,0.007542314522991222,7.542314522991222e+17,98,0.0006175817255391491,6.1758172553914915e+26,995.8061821517441,5.276555721333885,107.28381770923092,12.492976419619593,6.033587029508439,69.94738431711053,0.0062754255130186365,3.325208558453929e-05,0.0006760869924825955,7.872891769743438e-05,3.802278662116787e-05,0.0004407982275868484,5307,2446,5747,0.18118518518518517,0.4257037037037037,1,0,0
flow,0.3,1.0,0,registered,during_vibration,flow_dump_0.3_1.0.shear.wave,2121,212100,212.1,0.21209999999999998,158683.45183699526,1144.664545025076,0.007213509233470118,7.213509233470118e+17,102,0.000642789142908094,6.42789142908094e+26,948.3290321146127,8.849284221018806,99.611293015946,18.929848331653815,0.0,68.94508734184426,0.00597623142890014,5.576690019390979e-05,0.0006277358594283034,0.00011929314690670559,0.0,0.0004344818980410564,5271,2424,5805,0.17955555555555555,0.43,1,0,0
flow,0.3,1.0,0,registered,during_vibration,flow_dump_0.3_1.0.shear.wave,2122,212200,212.20000000000002,0.2122,158683.4518369953,1190.9286392616668,0.0075050588166246015,7.505058816624602e+17,95,0.0005986761625124404,5.986761625124404e+26,971.6795396702829,15.03120488970614,121.78891910741008,0.0,0.0,82.4289755942676,0.0061233829263332585,9.472446380323686e-05,0.0007674960287132873,0.0,0.0,0.0005194553977748182,5301,2431,5768,0.18007407407407408,0.4272592592592593,1,0,0
flow,0.3,1.0,0,registered,during_vibration,flow_dump_0.3_1.0.shear.wave,2123,212300,212.3,0.2123,158683.45183699526,1254.820291640982,0.007907694703603838,7.907694703603839e+17,96,0.0006049780168546768,6.049780168546768e+26,1055.0865052479212,0.0,106.68684416667749,6.855780882206913,0.0,86.19116134417634,0.006649001474531446,0.0,0.000672324952171255,4.320413252195567e-05,0.0,0.0005431641443791799,5309,2465,5726,0.18259259259259258,0.42414814814814816,1,0,0
flow,0.3,1.0,0,registered,during_vibration,flow_dump_0.3_1.0.shear.wave,2124,212400,212.4,0.21239999999999998,158683.45183699526,1411.1324607654233,0.00889275122534506,8.89275122534506e+17,100,0.0006301854342236216,6.301854342236216e+26,1102.176404183753,22.280393434577633,157.5802937772569,40.43249923567022,0.0,88.66287013416517,0.006945755158615683,0.00014040779411242434,0.000993048058591065,0.00025479972087577086,0.0,0.0005587404931501146,5298,2445,5757,0.1811111111111111,0.42644444444444446,1,0,0
flow,0.3,1.0,0,registered,during_vibration,flow_dump_0.3_1.0.shear.wave,2125,212500,212.5,0.2125,158683.45183699526,1109.4143505131885,0.006991367642120708,6.991367642120708e+17,89,0.0005608650364590232,5.6086503645902325e+26,931.8751882782026,0.0,97.72706730225998,39.37175869813254,0.0,40.44033623459375,0.0058725417016731825,0.0,0.0006158617434327579,0.00024811508851330306,0.0,0.0002548491085014672,5290,2393,5817,0.17725925925925926,0.4308888888888889,1,0,0
flow,0.3,1.0,0,registered,during_vibration,flow_dump_0.3_1.0.shear.wave,2126,212600,212.6,0.21259999999999998,158683.4518369953,1176.3015694330518,0.0074128811531109515,7.412881153110952e+17,92,0.0005797705994857317,5.797705994857318e+26,946.9032234472592,21.123727686545433,106.84447480663962,28.963113215614555,3.577850641254627,68.88917963573878,0.0059672461903585786,0.0001331186550456717,0.0006733183175041698,0.00018252132078249968,2.2547093599463096e-05,0.0004341295758205711,5316,2407,5777,0.17829629629629629,0.42792592592592593,1,0,0
flow,0.3,1.0,0,registered,during_vibration,flow_dump_0.3_1.0.shear.wave,2127,212700,212.70000000000002,0.2127,158683.45183699526,1160.4881638990544,0.0073132273747809895,7.31322737478099e+17,99,0.0006238835798813854,6.238835798813854e+26,985.2324050366666,0.0,84.5788820258909,11.897064984093458,0.0,78.77981185240313,0.0062087911097921476,0.0,0.0005330037949563452,7.497357062987579e-05,0.0,0.0004964588994026188,5316,2488,5696,0.1842962962962963,0.4219259259259259,1,0,0
flow,0.3,1.0,0,registered,during_vibration,flow_dump_0.3_1.0.shear.wave,2128,212800,212.8,0.2128,158683.45183699526,1012.1211131158842,0.0063782398315582875,6.378239831558287e+17,81,0.0005104502017211335,5.104502017211335e+26,861.3076806469896,0.0,90.73246583125038,0.0,0.0,60.0809666376441,0.005427835547286636,0.0,0.0005717827837804643,0.0,0.0,0.00037862150049118674,5328,2540,5632,0.18814814814814815,0.41718518518518516,1,0,0
flow,0.3,1.0,0,registered,during_vibration,flow_dump_0.3_1.0.shear.wave,2129,212900,212.9,0.21289999999999998,158683.45183699526,1181.974040337915,0.007448628238513975,7.448628238513975e+17,101,0.0006364872885658578,6.364872885658577e+26,1010.1203423504721,0.0,95.22609888943654,17.83869093571299,0.0,58.78890816229368,0.0063656312656224555,0.0,0.0006001010047806109,0.00011241683193303273,0.0,0.00037047913617787654,5306,2500,5694,0.18518518518518517,0.42177777777777775,1,0,0
flow,0.3,1.0,0,registered,during_vibration,flow_dump_0.3_1.0.shear.wave,2130,213000,213.0,0.213,158683.4518369953,1098.7109440295108,0.006923916333494823,6.923916333494824e+17,94,0.0005923743081702042,5.923743081702042e+26,921.9421263417854,0.0,102.9031913583377,4.073730533322807,0.0,69.79189579606428,0.00580994499217747,0.0,0.0006484809232915046,2.567205645052058e-05,0.0,0.0004398183615753251,5288,2453,5759,0.1817037037037037,0.4265925925925926,1,0,0
flow,0.3,1.0,0,registered,during_vibration,flow_dump_0.3_1.0.shear.wave,2131,213100,213.1,0.21309999999999998,158683.45183699526,1114.536686905074,0.007023647859954307,7.023647859954307e+17,89,0.0005608650364590232,5.6086503645902325e+26,858.238418947695,4.653587253718226,110.26550341638077,10.903894409987226,0.0,130.47528287729347,0.005408493507119476,2.932622904181931e-05,0.0006948771415033815,6.87147543348632e-05,0.0,0.0008222362279547705,5267,2423,5810,0.1794814814814815,0.43037037037037035,1,0,0
flow,0.3,1.0,0,registered,during_vibration,flow_dump_0.3_1.0.shear.wave,2132,213200,213.20000000000002,0.2132,158683.45183699526,1050.78804161185,0.006621913182801527,6.621913182801527e+17,86,0.0005419594734323146,5.419594734323146e+26,845.3893786987978,16.007054506500694,104.15236269915053,0.0,0.0,85.23924570740081,0.005327520727033396,0.00010087412594820318,0.000656353019129803,0.0,0.0,0.0005371653106901235,5273,2431,5796,0.18007407407407408,0.42933333333333334,1,0,0
flow,0.3,1.0,0,registered,during_vibration,flow_dump_0.3_1.0.shear.wave,2133,213300,213.3,0.2133,158683.45183699526,1151.4112356390729,0.007256025895011658,7.256025895011658e+17,97,0.000611279871196913,6.112798711969129e+26,946.6366210107755,8.537428444594704,107.5304928808309,23.59813796575122,3.867198917591402,61.24135641952918,0.005965566100636574,5.380163051510012e-05,0.0006776415034838647,0.00014871202820815864,2.437052429111457e-05,0.00038593410787684574,5299,2457,5744,0.182,0.42548148148148146,1,0,0
flow,0.3,1.0,0,registered,during_vibration,flow_dump_0.3_1.0.shear.wave,2134,213400,213.4,0.21339999999999998,158683.45183699526,1088.7423318410943,0.006861095591489183,6.861095591489184e+17,99,0.0006238835798813854,6.238835798813854e+26,883.9055158377439,0.0,110.9027645375169,38.95281947104666,0.0,54.981231994786796,0.005570243813108629,0.0,0.0006988930682667515,0.0002454749945259588,0.0,0.00034648371558784394,5302,2422,5776,0.1794074074074074,0.42785185185185187,1,0,0
flow,0.3,1.0,0,registered,during_vibration,flow_dump_0.3_1.0.shear.wave,2135,213500,213.5,0.2135,158683.45183699526,1192.054962305892,0.007512156740391615,7.512156740391615e+17,95,0.0005986761625124405,5.986761625124405e+26,980.2663613989336,0.0,119.64293020350567,41.738963519762294,0.0,50.406707183690585,0.0061774958261299655,0.0,0.0007539723192208267,0.000263032868497453,0.0,0.00031765572654337,5287,2390,5823,0.17703703703703705,0.43133333333333335,1,0,0
flow,0.3,1.0,0,registered,during_vibration,flow_dump_0.3_1.0.shear.wave,2136,213600,213.6,0.21359999999999998,158683.45183699526,1097.423452896105,0.00691580275190518,6.91580275190518e+17,87,0.0005482613277745507,5.4826132777455075e+26,890.6600551291348,0.0,110.9505139127447,25.057008152345805,0.0,70.75587570187945,0.005612809935871886,0.0,0.0006991939778743699,0.00015790561562830868,0.0,0.00044589322253061497,5311,2408,5781,0.17837037037037037,0.4282222222222222,1,0,0
flow,0.3,1.0,0,registered,during_vibration,flow_dump_0.3_1.0.shear.wave,2137,213700,213.70000000000002,0.2137,158683.4518369953,1105.7809659222878,0.006968470581659525,6.968470581659525e+17,93,0.000586072453827968,5.8607245382796806e+26,944.0971733740978,0.0,87.22275281324838,13.934514215444695,0.0,60.52652551949699,0.005949562871520495,0.0,0.0005496650835579653,8.781327891555242e-05,0.0,0.0003814293476655132,5317,2488,5695,0.1842962962962963,0.42185185185185187,1,0,0
flow,0.3,1.0,0,registered,during_vibration,flow_dump_0.3_1.0.shear.wave,2138,213800,213.8,0.2138,158683.45183699526,1078.9455845561968,0.006799357917072061,6.799357917072061e+17,86,0.0005419594734323146,5.419594734323146e+26,904.0725936570033,0.0,87.29152842141582,19.853514048876363,0.0,67.7279484289012,0.005697333800034144,0.0,0.0005500984974229354,0.00012511395371755924,0.0,0.00042681166589742154,5326,2518,5656,0.18651851851851853,0.418962962962963,1,0,0
flow,0.3,1.0,0,registered,during_vibration,flow_dump_0.3_1.0.shear.wave,2139,213900,213.9,0.21389999999999998,158683.45183699526,1209.8805778354842,0.007624491173019808,7.624491173019808e+17,107,0.0006742984146192752,6.742984146192752e+26,1020.8191609226511,0.0,101.28027552992992,16.932862156081484,0.0,70.8482792268211,0.006433053661898339,0.0,0.0006382535441311692,0.0001067084309047894,0.0,0.0004464755360855065,5313,2492,5695,0.18459259259259259,0.42185185185185187,1,0,0
flow,0.3,1.0,0,registered,during_vibration,flow_dump_0.3_1.0.shear.wave,2140,214000,214.0,0.214,158683.45183699526,1082.0664468666787,0.006819025136774893,6.819025136774893e+17,92,0.0005797705994857318,5.7977059948573184e+26,854.9482344164588,21.352395162674267,105.1990258323941,11.882548130659893,0.0,88.68424332449175,0.005387759243444547,0.0001345596841730424,0.0006629489377408927,7.488208753402988e-05,0.0,0.0005588751838823815,5286,2441,5773,0.18081481481481482,0.42762962962962964,1,0,0
flow,0.3,1.0,0,registered,during_vibration,flow_dump_0.3_1.0.shear.wave,2141,214100,214.1,0.21409999999999998,158683.4518369953,1102.6147083343262,0.006948517287530191,6.948517287530191e+17,79,0.000497846493036661,4.97846493036661e+26,925.6090272041105,5.819634475370277,88.88334839993878,20.43958009926415,0.0,61.86311815564193,0.005833053267299262,3.6674488788839754e-05,0.0005601299150666486,0.0001288072566020327,0.0,0.0003898523597734041,5264,2414,5822,0.17881481481481482,0.4312592592592593,1,0,0
flow,0.3,1.0,0,registered,during_vibration,flow_dump_0.3_1.0.shear.wave,2142,214200,214.20000000000002,0.2142,158683.45183699526,1052.905660098257,0.006635258106055289,6.63525810605529e+17,90,0.0005671668908012594,5.671668908012594e+26,888.5377141021623,8.038796384034812,99.99944645899997,3.5287212589843078,0.0,52.80098189407581,0.005599435251855353,5.0659323899082574e-05,0.000630181945888867,2.2237487388471508e-05,0.0,0.0003327440970235175,5276,2422,5802,0.1794074074074074,0.42977777777777776,1,0,0
flow,0.3,1.0,0,registered,during_vibration,flow_dump_0.3_1.0.shear.wave,2143,214300,214.3,0.2143,158683.45183699526,1179.7472563664978,0.0074345953702744765,7.434595370274477e+17,95,0.0005986761625124405,5.986761625124405e+26,977.6854128509563,9.417141074556252,101.73367392075681,38.46763299353888,0.0,52.443395526689855,0.006161231064315806,5.934545137214334e-05,0.0006411107947491647,0.0002424174200158821,0.0,0.0003304906398214818,5297,2468,5735,0.18281481481481482,0.4248148148148148,1,0,0
flow,0.3,1.0,0,registered,during_vibration,flow_dump_0.3_1.0.shear.wave,2144,214400,214.4,0.21439999999999998,158683.45183699526,1115.328254301708,0.007028636202389958,7.028636202389957e+17,93,0.0005860724538279681,5.860724538279681e+26,902.3948819828373,6.563562565999684,120.72577213764629,33.34368288784023,0.0,52.30035472738473,0.005686761105435281,4.1362615257084187e-05,0.0007607962313654462,0.00021012703279288337,0.0,0.00032958921753926387,5288,2429,5783,0.17992592592592593,0.42837037037037035,1,0,0
flow,0.3,1.0,0,registered,during_vibration,flow_dump_0.3_1.0.shear.wave,2145,214500,214.5,0.2145,158683.4518369953,1219.102529468013,0.0076826065689591504,7.68260656895915e+17,92,0.0005797705994857317,5.797705994857318e+26,960.5838799563102,16.187080249094926,132.81337763317183,41.939252769912194,0.0,67.5789388595243,0.006053459694984784,0.00010200862195588492,0.000836970560544662,0.0002642950621782134,0.0,0.0004258726292956089,5267,2397,5836,0.17755555555555555,0.4322962962962963,1,0,0
flow,0.3,1.0,0,registered,during_vibration,flow_dump_0.3_1.0.shear.wave,2146,214600,214.6,0.21459999999999999,158683.45183699526,1084.1249406293582,0.0068319974646317005,6.8319974646317e+17,90,0.0005671668908012594,5.671668908012594e+26,871.4646671276721,3.1934914299134625,109.5898905161103,34.063044242179714,0.0,65.8138473134827,0.005491843396643959,2.0124917834494296e-05,0.0006906195274141412,0.00021466034326736457,0.0,0.00041474927947174225,5274,2405,5821,0.17814814814814814,0.43118518518518517,1,0,0
flow,0.3,1.0,0,registered,during_vibration,flow_dump_0.3_1.0.shear.wave,2147,214700,214.70000000000002,0.2147,158683.45183699526,1130.7538931939282,0.007125846331824663,7.125846331824663e+17,94,0.0005923743081702043,5.9237430817020434e+26,935.2141536957205,0.0,95.57618885232691,37.007115897515064,0.0,62.956434748365545,0.005893583375388144,0.0,0.000602307220733425,0.0002332134540123942,0.0,0.0003967422816906984,5287,2484,5729,0.184,0.4243703703703704,1,0,0
flow,0.3,1.0,0,registered,during_vibration,flow_dump_0.3_1.0.shear.wave,2148,214800,214.8,0.2148,158683.45183699526,1119.1583335406865,0.007052772803873223,7.052772803873222e+17,92,0.0005797705994857318,5.7977059948573184e+26,945.8933717821253,6.023815636338977,84.17921077539279,6.9132601593992264,0.0,76.14867518743088,0.005960882252257642,3.7961208724693194e-05,0.0005304851249509267,4.356635855451865e-05,0.0,0.0004798778593854465,5309,2526,5665,0.18711111111111112,0.41962962962962963,1,0,0
flow,0.3,1.0,0,registered,during_vibration,flow_dump_0.3_1.0.shear.wave,2149,214900,214.9,0.21489999999999998,158683.4518369953,1233.6888917040292,0.007774527699153619,7.774527699153619e+17,111,0.0006995058319882199,6.995058319882199e+26,1052.138167691884,5.021848885014418,91.509766212737,15.472935528271035,0.0,69.54617338612358,0.006630421480701554,3.16469602020822e-05,0.0005766812175647576,9.750818594597582e-05,0.0,0.0004382698547392556,5307,2508,5685,0.18577777777777776,0.4211111111111111,1,0,0
flow,0.3,1.0,0,registered,during_vibration,flow_dump_0.3_1.0.shear.wave,2150,215000,215.0,0.215,158683.45183699526,1162.9274637109977,0.0073285994868929,7.3285994868929e+17,97,0.000611279871196913,6.112798711969129e+26,909.0264155257096,24.06918025379652,126.53103718140756,15.413377411529192,0.0,87.88745333855486,0.005728552063888116,0.00015168046809645378,0.0007973801660893053,9.713285936937085e-05,0.0,0.0005538539294496548,5277,2448,5775,0.18133333333333335,0.42777777777777776,1,0,0
flow,0.3,1.0,0,registered,during_vibration,flow_dump_0.3_1.0.shear.wave,2151,215100,215.1,0.21509999999999999,158683.45183699526,1099.6553518502221,0.0069298678540206165,6.929867854020617e+17,94,0.0005923743081702043,5.9237430817020434e+26,903.5344514171529,0.0,97.2989273016994,17.70616806685731,0.0,81.11580506451186,0.005693942506023202,0.0,0.0006131636675111402,0.00011158169211648896,0.0,0.0005111799883697805,5257,2409,5834,0.17844444444444443,0.43214814814814817,1,0,0
flow,0.3,1.0,0,registered,during_vibration,flow_dump_0.3_1.0.shear.wave,2152,215200,215.20000000000002,0.2152,158683.45183699526,1064.7689639001476,0.0067100189186325016,6.710018918632502e+17,88,0.000554563182116787,5.54563182116787e+26,875.7626275123587,15.293445136051478,100.82202567950459,7.600879925716553,0.0,65.28998564651637,0.005518928516956955,9.637706363837734e-05,0.0006353657203214373,4.789963816469295e-05,0.0,0.0004114479795510394,5263,2416,5821,0.17896296296296296,0.43118518518518517,1,0,0
flow,0.3,1.0,0,registered,during_vibration,flow_dump_0.3_1.0.shear.wave,2153,215300,215.3,0.2153,158683.45183699526,1118.3568371456158,0.00704772189033566,7.04772189033566e+17,96,0.0006049780168546768,6.049780168546768e+26,930.0897314915882,10.791739248112057,103.35708143858655,20.83482588424902,0.0,53.28345908308023,0.005861290013069581,6.800796884099596e-05,0.0006513412724646188,0.0001312980379683902,0.0,0.0003357845979920749,5283,2461,5756,0.1822962962962963,0.42637037037037034,1,0,0
flow,0.3,1.0,0,registered,during_vibration,flow_dump_0.3_1.0.shear.wave,2154,215400,215.4,0.21539999999999998,158683.45183699526,1115.0647528131856,0.007026975654390326,7.026975654390326e+17,103,0.0006490909972503302,6.490909972503302e+26,881.7746239398199,8.436425224324417,111.97646301450408,37.35884497662329,0.0,75.51839565791391,0.005556815242748861,5.316512293285997e-05,0.0007056593596762056,0.0002354299994368631,0.0,0.0004759059295955374,5271,2429,5800,0.17992592592592593,0.42962962962962964,1,0,0
flow,0.3,1.0,0,registered,during_vibration,flow_dump_0.3_1.0.shear.wave,2155,215500,215.5,0.2155,158683.45183699526,1143.1339929392598,0.0072038639171620985,7.203863917162098e+17,94,0.0005923743081702043,5.9237430817020434e+26,939.7929659804565,5.465303600389689,101.37747553415988,33.32436768304354,0.0,63.17388014120991,0.005922438383466992,3.444154722575498e-05,0.0006388660843998912,0.00021000531118566416,0.0,0.0003981125908837939,5261,2401,5838,0.17785185185185184,0.43244444444444446,1,0,0
flow,0.3,1.0,0,registered,during_vibration,flow_dump_0.3_1.0.shear.wave,2156,215600,215.6,0.21559999999999999,158683.45183699526,1101.9273033357579,0.006944185361355089,6.94418536135509e+17,93,0.0005860724538279681,5.860724538279681e+26,886.6789735470022,0.0,114.10868386697757,24.560960385217218,3.7834762631198977,72.79520927344124,0.005587721739616727,0.0,0.0007190963049139722,0.0001547795948530728,2.384291631748978e-05,0.00045874480565382975,5281,2420,5799,0.17925925925925926,0.4295555555555556,1,0,0
flow,0.3,1.0,0,registered,during_vibration,flow_dump_0.3_1.0.shear.wave,2157,215700,215.70000000000002,0.2157,158683.45183699526,1166.0432847366242,0.007348234937152876,7.348234937152876e+17,100,0.0006301854342236216,6.301854342236216e+26,979.4291554343803,0.0,93.17277075872846,16.478588145956685,0.0,76.96277039755876,0.006172219876086899,0.0,0.0005871612299840725,0.00010384566226151937,0.0,0.0004850081688203845,5296,2494,5710,0.18474074074074073,0.422962962962963,1,0,0
flow,0.3,1.0,0,registered,during_vibration,flow_dump_0.3_1.0.shear.wave,2158,215800,215.8,0.2158,158683.45183699526,1154.564675419459,0.0072758984131846656,7.275898413184666e+17,95,0.0005986761625124405,5.986761625124405e+26,959.7115682159931,0.0,87.98424136732433,11.97164988705261,0.0,94.897215949089,0.006047962513456285,0.0,0.0005544638735090321,7.54435938244542e-05,0.0,0.0005980284323948944,5327,2529,5644,0.18733333333333332,0.4180740740740741,1,0,0
flow,0.3,1.0,0,registered,during_vibration,flow_dump_0.3_1.0.shear.wave,2159,215900,215.9,0.21589999999999998,158683.45183699526,1221.8410758822088,0.007699864489570867,7.699864489570867e+17,112,0.0007058076863304561,7.058076863304562e+26,1015.9856838372755,0.0,92.02698758764312,20.512852347037203,0.0,93.31555211025315,0.006402593793339766,0.0,0.0005799406713321071,0.00012926900763482674,0.0,0.0005880610172641687,5315,2507,5678,0.1857037037037037,0.4205925925925926,1,0,0
flow,0.3,1.0,0,registered,during_vibration,flow_dump_0.3_1.0.shear.wave,2160,216000,216.0,0.216,158683.4518369953,1110.898081420449,0.007000717898181337,7.000717898181336e+17,96,0.0006049780168546767,6.0497801685467664e+26,895.3232206925686,13.33072897629275,121.78557305207515,13.310946820934685,0.0,67.1476118785782,0.0056421965260263765,8.40083122844246e-05,0.0007674749423599456,8.388364802278258e-05,0.0,0.0004231544694878101,5304,2453,5743,0.1817037037037037,0.4254074074074074,1,0,0
flow,0.3,1.0,0,registered,during_vibration,flow_dump_0.3_1.0.shear.wave,2161,216100,216.1,0.2161,158683.45183699526,1183.434423815029,0.007457831362470555,7.457831362470555e+17,97,0.000611279871196913,6.112798711969129e+26,956.9459361856088,8.289533780945122,117.56223345664895,10.138888984015827,0.0,90.49783140781005,0.0060305339032365795,5.223943445256282e-05,0.0007408600713917709,6.389380156937108e-05,0.0,0.0005703041518202688,5276,2425,5799,0.17962962962962964,0.4295555555555556,1,0,0
flow,0.3,1.0,0,registered,during_vibration,flow_dump_0.3_1.0.shear.wave,2162,216200,216.20000000000002,0.2162,158683.45183699526,1135.809776538373,0.007157707772232692,7.157707772232692e+17,87,0.0005482613277745507,5.4826132777455075e+26,926.6530283827694,0.0,102.26763994997928,0.0,0.0,106.88910820562448,0.005839632410660295,0.0,0.0006444757708890269,0.0,0.0,0.0006735995906833713,5310,2428,5762,0.17985185185185185,0.4268148148148148,1,0,0
flow,0.3,1.0,0,registered,during_vibration,flow_dump_0.3_1.0.shear.wave,2163,216300,216.3,0.2163,158683.45183699526,1156.56752665706,0.007288520089953194,7.288520089953194e+17,99,0.0006238835798813854,6.238835798813854e+26,951.0448722721136,7.069704461702776,97.98268292946348,27.848767683076165,0.0,72.62149931070441,0.005993346257989507,4.4552247760308393e-05,0.0006174725958829938,0.00017549887754952115,0.0,0.00045765011077086696,5286,2453,5761,0.1817037037037037,0.42674074074074075,1,0,0
flow,0.3,1.0,0,registered,during_vibration,flow_dump_0.3_1.0.shear.wave,2164,216400,216.4,0.21639999999999998,158683.4518369953,1176.7587014612398,0.007415761932567763,7.415761932567763e+17,103,0.0006490909972503301,6.490909972503302e+26,913.2212704032454,9.317821616564848,128.17027807185048,42.1460207113997,0.0,83.90331065817958,0.005754987428313165,5.871955461453165e-05,0.0008077104234127141,0.0002655980836281116,0.0,0.000528746442599243,5297,2428,5775,0.17985185185185185,0.42777777777777776,1,0,0
flow,0.3,1.0,0,registered,during_vibration,flow_dump_0.3_1.0.shear.wave,2165,216500,216.5,0.2165,158683.45183699526,1165.980930537682,0.007347841990073515,7.347841990073516e+17,90,0.0005671668908012594,5.671668908012594e+26,926.2158627946231,0.0,115.57508887292602,41.469512781140565,0.0,82.72046608899167,0.0058368774568003596,0.0,0.0007283373756681854,0.0002613348291902509,0.0,0.0005212923284147158,5280,2406,5814,0.17822222222222223,0.43066666666666664,1,0,0
flow,0.3,1.0,0,registered,during_vibration,flow_dump_0.3_1.0.shear.wave,2166,216600,216.6,0.2166,158683.45183699526,1053.6805388644234,0.006640141279172562,6.640141279172562e+17,88,0.000554563182116787,5.54563182116787e+26,858.992804853027,0.0,118.59960954643843,24.43337480686956,0.0,51.65474965808825,0.005413247537212715,0.0,0.0007473974644077427,0.00015397556912215589,0.0,0.0003255207084299481,5300,2406,5794,0.17822222222222223,0.42918518518518517,1,0,0
flow,0.3,1.0,0,registered,during_vibration,flow_dump_0.3_1.0.shear.wave,2167,216700,216.70000000000002,0.2167,158683.45183699526,1183.3875408487604,0.007457535912845998,7.457535912845998e+17,105,0.0006616947059348027,6.616947059348027e+26,972.9333753520908,4.145746923716771,96.29224440091318,23.92250003931179,0.0,86.09367413272693,0.006131284416169112,2.6125893253036965e-05,0.0006068196985015657,0.00015075611074988305,0.0,0.000542549794172395,5326,2494,5680,0.18474074074074073,0.42074074074074075,1,0,0
flow,0.3,1.0,0,registered,during_vibration,flow_dump_0.3_1.0.shear.wave,2168,216800,216.8,0.2168,158683.4518369953,1131.898925707558,0.0071330621599426805,7.13306215994268e+17,90,0.0005671668908012594,5.671668908012594e+26,975.5396585859361,0.0,79.56727897301423,7.427299156505461,0.0,69.36468899210227,0.006147708833483416,0.0,0.00050142140249601,4.6805757440511316e-05,0.0,0.0004371261665227443,5340,2534,5626,0.1877037037037037,0.41674074074074074,1,0,0
flow,0.3,1.0,0,registered,during_vibration,flow_dump_0.3_1.0.shear.wave,2169,216900,216.9,0.21689999999999998,158683.45183699526,1220.061840226409,0.007688652005627504,7.688652005627505e+17,103,0.0006490909972503302,6.490909972503302e+26,1037.3222625646015,0.0,90.89737144742284,18.624710483799507,0.0,73.21749573058551,0.00653705380464103,0.0,0.0005728219949537998,0.0001173702126352243,0.0,0.00046140599339745194,5335,2491,5674,0.18451851851851853,0.4202962962962963,1,0,0
flow,0.3,1.0,0,registered,during_vibration,flow_dump_0.3_1.0.shear.wave,2170,217000,217.0,0.217,158683.45183699526,1112.604717903816,0.007011472872714663,7.011472872714664e+17,94,0.0005923743081702043,5.9237430817020434e+26,872.8104651525185,19.901650344557858,121.51951079208611,13.940793594521985,0.0,84.43229802013121,0.005500324419770611,0.00012541730164151882,0.0007657982567515285,8.785285064785719e-05,0.0,0.0005320800439031462,5311,2447,5742,0.18125925925925926,0.42533333333333334,1,0,0
flow,0.3,1.0,0,registered,during_vibration,flow_dump_0.3_1.0.shear.wave,2171,217100,217.1,0.2171,158683.45183699526,1110.6917162945201,0.006999417415216417,6.999417415216417e+17,97,0.000611279871196913,6.112798711969129e+26,932.3684831642935,0.0,93.26960951800285,15.365484405708349,0.0,69.6881392065155,0.005875650374193097,0.0,0.0005877714937397026,9.683104462267602e-05,0.0,0.0004391645026609416,5299,2424,5777,0.17955555555555555,0.42792592592592593,1,0,0
flow,0.3,1.0,0,registered,during_vibration,flow_dump_0.3_1.0.shear.wave,2172,217200,217.20000000000002,0.21719999999999998,158683.45183699526,1059.2087734261158,0.006674979408150064,6.674979408150065e+17,85,0.0005356576190900784,5.356576190900784e+26,882.1983342562174,8.820485484886925,99.01799197885641,3.6224351377580897,0.0,65.54952656839691,0.005559485403446101,5.5585414753566185e-05,0.0006239969627114671,2.2828058602349863e-05,0.0,0.0004130835686365803,5305,2426,5769,0.1797037037037037,0.42733333333333334,1,0,0
flow,0.3,1.0,0,registered,during_vibration,flow_dump_0.3_1.0.shear.wave,2173,217300,217.3,0.2173,158683.45183699526,1278.1458796544432,0.00805468916171168,8.054689161711681e+17,104,0.0006553928515925665,6.553928515925665e+26,1033.9872844603187,25.625663112236893,119.29064580065679,33.1522112697553,0.0,66.0900750114749,0.0065160372583932934,0.0001614891963565325,0.0007517522742270314,0.00020892040654503985,0.0,0.0004164900261897803,5289,2458,5753,0.18207407407407408,0.42614814814814816,1,0,0
flow,0.3,1.0,0,registered,during_vibration,flow_dump_0.3_1.0.shear.wave,2174,217400,217.4,0.21739999999999998,158683.45183699526,1214.7530630379176,0.007655196865050245,7.655196865050245e+17,95,0.0005986761625124405,5.986761625124405e+26,943.4600354822671,18.79341516419656,140.54195298845482,42.41363981198958,0.0,69.54401959100997,0.005945547721330259,0.00011843336495794004,0.0008856749167066521,0.0002672845802192294,0.0,0.00043825628183616664,5293,2427,5780,0.1797777777777778,0.42814814814814817,1,0,0
flow,0.3,1.0,0,registered,during_vibration,flow_dump_0.3_1.0.shear.wave,2175,217500,217.5,0.2175,158683.45183699526,1068.2891240486415,0.006732202455149655,6.732202455149655e+17,87,0.0005482613277745507,5.4826132777455075e+26,897.7303229742134,0.0,97.02095518860968,26.36663906380236,0.0,47.171206822015435,0.0056573657339921675,0.0,0.0006114119277432453,0.00016615871887439793,0.0,0.0002972660745398406,5266,2404,5830,0.17807407407407408,0.4318518518518519,1,0,0
flow,0.3,1.0,0,registered,during_vibration,flow_dump_0.3_1.0.shear.wave,2176,217600,217.6,0.2176,158683.45183699526,1104.823586236943,0.006962437314332267,6.962437314332268e+17,92,0.0005797705994857318,5.7977059948573184e+26,906.0591416938615,0.0,112.3175792750824,21.8274372833012,0.0,64.61942798469809,0.00570985273640628,0.0,0.0007078090246641384,0.00013755333042366036,0.0,0.0004072222228381901,5299,2403,5798,0.178,0.42948148148148146,1,0,0
flow,0.3,1.0,0,registered,during_vibration,flow_dump_0.3_1.0.shear.wave,2177,217700,217.70000000000002,0.21769999999999998,158683.45183699526,1087.6151730754423,0.0068539924011274695,6.85399240112747e+17,96,0.0006049780168546768,6.049780168546768e+26,907.1484922629896,0.0,88.69427454002454,17.06482440105242,0.0,74.7075818713758,0.005716717665020557,0.0,0.0005589383991415447,0.00010754003775127073,0.0,0.0004707962992140972,5324,2487,5689,0.18422222222222223,0.4214074074074074,1,0,0
flow,0.3,1.0,0,registered,during_vibration,flow_dump_0.3_1.0.shear.wave,2178,217800,217.8,0.2178,158683.45183699526,1147.9878578137198,0.007234452266597842,7.234452266597842e+17,94,0.0005923743081702043,5.9237430817020434e+26,982.7052029074589,3.6567271430695727,80.19382826179617,18.90482118755024,0.0,62.5272783138451,0.0061928650500804915,2.304416182492602e-05,0.0005053698248521455,0.0001191354294899627,0.0,0.00039403780035031713,5343,2531,5626,0.18748148148148147,0.41674074074074074,1,0,0
flow,0.3,1.0,0,registered,during_vibration,flow_dump_0.3_1.0.shear.wave,2179,217900,217.9,0.21789999999999998,158683.4518369953,1223.2032691794846,0.007708448833316268,7.708448833316268e+17,107,0.0006742984146192749,6.742984146192749e+26,1029.4309367067476,6.248886560906391,103.86272526178993,18.29448417013448,0.0,65.36623647990585,0.006487323818517712,3.937957290798947e-05,0.0006545277661874979,0.00011528917450653368,0.0,0.00041192850119653397,5327,2497,5676,0.18496296296296297,0.42044444444444445,1,0,0
flow,0.3,1.0,0,registered,during_vibration,flow_dump_0.3_1.0.shear.wave,2180,218000,218.0,0.218,158683.45183699526,1390.9126911330054,0.00876532918228799,8.765329182287991e+17,103,0.0006490909972503302,6.490909972503302e+26,1105.543767657487,28.41954335575445,132.48526801004772,11.336655838692511,0.0,113.12745627102372,0.0069669757927445205,0.00017909582270083158,0.000834902861491448,7.144195382350195e-05,0.0,0.0007129127515276885,5311,2446,5743,0.18118518518518517,0.4254074074074074,1,0,0
flow,0.3,1.0,0,registered,during_vibration,flow_dump_0.3_1.0.shear.wave,2181,218100,218.1,0.2181,158683.45183699526,1232.4029406458644,0.007766423822893822,7.766423822893823e+17,104,0.0006553928515925665,6.553928515925665e+26,992.2765178191339,13.8044267802953,111.57773613377337,27.92995260237472,0.0,86.81430731028685,0.006253182082517541,8.699348684748584e-05,0.0007031466409515065,0.00017601049308572683,0.0,0.0005470911194915604,5300,2426,5774,0.1797037037037037,0.4277037037037037,1,0,0
flow,0.3,1.0,0,registered,during_vibration,flow_dump_0.3_1.0.shear.wave,2182,218200,218.20000000000002,0.21819999999999998,158683.45183699526,1105.6864165907425,0.006967874745543973,6.967874745543973e+17,84,0.0005293557647478421,5.293557647478421e+26,946.1965511966167,8.700130374476991,96.11846749030335,0.0,0.0,54.67126752934533,0.005962792844767331,5.4826954378419026e-05,0.0006057245817228587,0.0,0.0,0.0003445303646753627,5316,2419,5765,0.1791851851851852,0.42703703703703705,1,0,0
flow,0.3,1.0,0,registered,during_vibration,flow_dump_0.3_1.0.shear.wave,2183,218300,218.3,0.2183,158683.4518369953,1207.6010502368902,0.007610125922124359,7.61012592212436e+17,101,0.0006364872885658577,6.364872885658577e+26,978.9215374348015,8.728482939609146,121.28326754828718,23.470197592377144,0.0,75.19756472181456,0.006169020941392055,5.5005628114110616e-05,0.0007643094862397701,0.00014790576661066385,0.0,0.0004738840997677559,5296,2452,5752,0.18162962962962964,0.42607407407407405,1,0,0
flow,0.3,1.0,0,registered,during_vibration,flow_dump_0.3_1.0.shear.wave,2184,218400,218.4,0.21839999999999998,158683.45183699526,1138.1465704546974,0.007172433907121192,7.172433907121192e+17,97,0.000611279871196913,6.112798711969129e+26,939.5891044323117,0.0,103.19475304437128,31.90984185838684,0.0,63.45287111962778,0.005921153677684601,0.0,0.0006503183025686651,0.0002010911754753461,0.0,0.0003998707513925813,5300,2422,5778,0.1794074074074074,0.428,1,0,0
flow,0.3,1.0,0,registered,during_vibration,flow_dump_0.3_1.0.shear.wave,2185,218500,218.5,0.2185,158683.45183699526,1110.6183555285525,0.006998955106354854,6.998955106354854e+17,93,0.0005860724538279681,5.860724538279681e+26,883.8178603817101,0.0,109.56607413890288,36.06532602360827,0.0,81.16909498433144,0.005569691421192402,0.0,0.0006904694400740203,0.00022727843140604059,0.0,0.0005115158136823929,5294,2409,5797,0.17844444444444443,0.4294074074074074,1,0,0
flow,0.3,1.0,0,registered,during_vibration,flow_dump_0.3_1.0.shear.wave,2186,218600,218.6,0.2186,158683.45183699526,1123.7685440170358,0.007081825678782227,7.081825678782227e+17,97,0.000611279871196913,6.112798711969129e+26,900.2394357671513,4.704824234088316,109.95611700961167,27.007784188105425,3.828106006467046,78.0322768116118,0.005673177797341504,2.9649117029047633e-05,0.0006929274334324547,0.00017019912205999078,2.4124166459394894e-05,0.0004917480424598341,5301,2402,5797,0.17792592592592593,0.4294074074074074,1,0,0
flow,0.3,1.0,0,registered,during_vibration,flow_dump_0.3_1.0.shear.wave,2187,218700,218.70000000000002,0.21869999999999998,158683.4518369953,1275.264948050919,0.008036533950376325,8.036533950376325e+17,100,0.0006301854342236215,6.301854342236214e+26,1075.0512040038764,0.0,106.8036531917709,20.61943032815369,0.0,72.79066052711823,0.006774816098078099,0.0,0.0006730610656332523,0.00012994064654791242,0.0,0.0004587161401170623,5312,2478,5710,0.18355555555555556,0.422962962962963,1,0,0
flow,0.3,1.0,0,registered,during_vibration,flow_dump_0.3_1.0.shear.wave,2188,218800,218.8,0.2188,158683.45183699526,1131.9082228480506,0.007133120749167866,7.133120749167867e+17,88,0.000554563182116787,5.54563182116787e+26,999.1260039422959,0.0,73.85540644602,0.0,0.0,58.926812459734734,0.006296346546384876,0.0,0.00046542601380947175,0.0,0.0,0.0003713481889735185,5346,2525,5629,0.18703703703703703,0.416962962962963,1,0,0
flow,0.3,1.0,0,registered,during_vibration,flow_dump_0.3_1.0.shear.wave,2189,218900,218.9,0.21889999999999998,158683.45183699526,1262.1103128494958,0.007953635355411704,7.953635355411704e+17,108,0.0006806002689615113,6.806002689615113e+26,1057.6502047600736,10.971182073820197,105.28238042494152,35.739759694856645,0.0,52.466785895803866,0.006665157535434293,6.913879139136794e-05,0.0006634742262418829,0.00022522675982351124,0.0,0.00033063804252064945,5345,2497,5658,0.18496296296296297,0.4191111111111111,1,0,0
flow,0.3,1.0,0,registered,during_vibration,flow_dump_0.3_1.0.shear.wave,2190,219000,219.0,0.219,158683.45183699526,1174.2228229420234,0.007399781195510058,7.399781195510058e+17,97,0.000611279871196913,6.112798711969129e+26,969.6375643583033,7.21350911070742,104.44810340747772,13.224226754816112,0.0,79.69941931071918,0.006110514695346722,4.545848371207206e-05,0.0006582167339967507,8.333715079755426e-05,0.0,0.0005022541316569606,5312,2449,5739,0.1814074074074074,0.4251111111111111,1,0,0
flow,0.3,1.0,0,registered,during_vibration,flow_dump_0.3_1.0.shear.wave,2191,219100,219.1,0.2191,158683.4518369953,1137.3166204488493,0.007167203683072998,7.167203683072998e+17,93,0.000586072453827968,5.8607245382796806e+26,927.2813896309558,12.179072016665245,99.12260313991483,14.865385842403189,0.0,83.8681698189107,0.00584359225172067,7.675073787262945e-05,0.0006246562070110293,9.367949631996529e-05,0.0,0.0005285249901487067,5305,2414,5781,0.17881481481481482,0.4282222222222222,1,0,0
flow,0.3,1.0,0,registered,during_vibration,flow_dump_0.3_1.0.shear.wave,2192,219200,219.20000000000002,0.21919999999999998,158683.45183699526,1115.2896115536842,0.007028392681420527,7.028392681420527e+17,89,0.0005608650364590232,5.6086503645902325e+26,928.4729245805917,9.202998049017834,101.64425258412767,0.0,0.0,75.96943633994675,0.00585110113141696,5.799595321679446e-05,0.0006405472745106397,0.0,0.0,0.0004787483222761312,5303,2414,5783,0.17881481481481482,0.42837037037037035,1,0,0
flow,0.3,1.0,0,registered,during_vibration,flow_dump_0.3_1.0.shear.wave,2193,219300,219.3,0.2193,158683.45183699526,1175.3760407846028,0.007407048606378861,7.407048606378861e+17,97,0.000611279871196913,6.112798711969129e+26,968.5366186854471,13.09255945604031,103.34538560511925,25.24368202154791,0.0,65.1577950164477,0.006103576696077667,8.250740265903345e-05,0.0006512675670256969,0.000159082007161522,0.0,0.0004106149334549382,5287,2457,5756,0.182,0.42637037037037034,1,0,0
flow,0.3,1.0,0,registered,during_vibration,flow_dump_0.3_1.0.shear.wave,2194,219400,219.4,0.21939999999999998,158683.45183699526,1171.0710815405077,0.007379919380273311,7.379919380273311e+17,94,0.0005923743081702043,5.9237430817020434e+26,920.8298275132282,14.984472976776317,131.22561391235504,41.43426658230904,0.0,62.596900555839206,0.005802935446974863,9.442996609481907e-05,0.0008269647048461878,0.00026111271277909717,0.0,0.0003944765495783439,5302,2431,5767,0.18007407407407408,0.42718518518518517,1,0,0
flow,0.3,1.0,0,registered,during_vibration,flow_dump_0.3_1.0.shear.wave,2195,219500,219.5,0.2195,158683.45183699526,1151.483057946826,0.007256478508733641,7.256478508733641e+17,90,0.0005671668908012594,5.671668908012594e+26,966.56777157761,0.0,102.13924776652831,36.227081257748544,0.0,46.54895734493933,0.0060911693083819446,0.0,0.0006436666620502372,0.0002282977893306869,0.0,0.0002933447489707743,5277,2394,5829,0.17733333333333334,0.43177777777777776,1,0,0
flow,0.3,1.0,0,registered,during_vibration,flow_dump_0.3_1.0.shear.wave,2196,219600,219.6,0.2196,158683.45183699526,1147.7340509805867,0.007232852812904373,7.232852812904372e+17,98,0.0006175817255391491,6.1758172553914915e+26,933.1694134073344,0.0,117.06179797490579,30.105402356681314,0.0,67.39743724166551,0.005880697719923033,0.0,0.0007377063998781387,0.00018971986056622056,0.0,0.0004247288325369827,5297,2407,5796,0.17829629629629629,0.42933333333333334,1,0,0
flow,0.3,1.0,0,registered,during_vibration,flow_dump_0.3_1.0.shear.wave,2197,219700,219.70000000000002,0.21969999999999998,158683.45183699526,1103.2163366687737,0.006952308661662043,6.952308661662043e+17,96,0.0006049780168546768,6.049780168546768e+26,921.4693142422985,0.0,92.30979474115468,33.36253514683822,0.0,56.07469253848245,0.0058069653991952574,0.0,0.0005817228808204794,0.0002102458369831108,0.0,0.0003533745446631964,5331,2481,5688,0.1837777777777778,0.42133333333333334,1,0,0
flow,0.3,1.0,0,registered,during_vibration,flow_dump_0.3_1.0.shear.wave,2198,219800,219.8,0.2198,158683.4518369953,1139.6543657609348,0.007181935813519006,7.181935813519005e+17,90,0.0005671668908012594,5.671668908012594e+26,1018.4026129548986,0.0,77.00464753107843,7.259404217759782,0.0,36.98770105719811,0.0064178249285945345,0.0,0.0004852720724160958,4.5747707991737374e-05,0.0,0.00023309110451663894,5360,2540,5600,0.18814814814814815,0.4148148148148148,1,0,0
flow,0.3,1.0,0,registered,during_vibration,flow_dump_0.3_1.0.shear.wave,2199,219900,219.9,0.21989999999999998,158683.45183699526,1223.854631607855,0.007712553624463866,7.712553624463866e+17,107,0.0006742984146192752,6.742984146192752e+26,1001.7812984812463,4.029750469752394,113.24142880686905,18.452356251076605,0.0,86.34979759890999,0.006313079825805076,2.5394900495937557e-05,0.0007136309898476011,0.00011628406136533668,0.0,0.0005441638469499093,5344,2492,5664,0.18459259259259259,0.41955555555555557,1,0,0
flow,0.3,1.0,0,registered,during_vibration,flow_dump_0.3_1.0.shear.wave,2200,220000,220.0,0.22,158683.45183699526,1364.1471583959988,0.00859665669358702,8.596656693587021e+17,104,0.0006553928515925665,6.553928515925665e+26,1080.5194120090532,23.13715996260764,140.04805614716523,18.125533827416447,0.0,102.31699644975694,0.006809275948439775,0.0001458070119773729,0.0008825624507527546,0.00011422447405565376,0.0,0.0006447868083614683,5310,2453,5737,0.1817037037037037,0.424962962962963,1,0,0
flow,0.3,1.0,0,registered,after_removal,flow_dump_0.3_1.0.shear.wave,2240,224000,224.0,0.22399999999999998,158683.4518369953,1592.1855426352993,0.010033721375501984,1.0033721375501984e+18,129,0.0008129392101484717,8.129392101484717e+26,1389.1131426905806,9.072344945626078,125.00220200234608,18.79890580778015,0.0,50.19894718896618,0.00875398869012203,5.717259638985848e-05,0.0007877456694775732,0.00011846796619404895,0.0,0.00031634645331847294,5330,2654,5516,0.1965925925925926,0.4085925925925926,0,0,0
flow,0.3,1.0,0,registered,after_removal,flow_dump_0.3_1.0.shear.wave,2245,224500,224.5,0.22449999999999998,158683.45183699526,1547.3555071756805,0.009751209021878184,9.751209021878184e+17,126,0.0007940336471217632,7.940336471217631e+26,1332.157994549094,7.955863671345201,114.99762125984488,23.89994907741533,0.0,68.34407861798144,0.008395065642493897,5.0136694023506114e-05,0.0007246982588831893,0.00015061399787273422,0.0,0.00043069442860485963,5324,2642,5534,0.1957037037037037,0.4099259259259259,0,0,0
flow,0.3,1.0,0,registered,after_removal,flow_dump_0.3_1.0.shear.wave,2250,225000,225.0,0.22499999999999998,158683.45183699526,1331.4977152377646,0.008390904658448708,8.390904658448708e+17,114,0.0007184113950149286,7.184113950149286e+26,1158.3488038287321,0.0,48.564563820199396,38.30280972686246,0.0,86.28153786197082,0.0072997454392322225,0.0,0.0003060468073891314,0.00024137872779707577,0.0,0.0005437336840302793,5316,2624,5560,0.19437037037037036,0.41185185185185186,0,0,0
flow,0.3,1.0,0,registered,after_removal,flow_dump_0.3_1.0.shear.wave,2255,225500,225.5,0.22549999999999998,158683.4518369953,1389.4734923564151,0.008756259561228392,8.756259561228393e+17,115,0.0007247132493571647,7.247132493571647e+26,1177.5542871438179,5.253553377950349,76.42667805716471,38.307758296872386,0.0,91.9312154806095,0.007420775597656139,3.310712816700614e-05,0.00048162979297723267,0.00024140991296448062,0.0,0.0005793371294635321,5280,2600,5620,0.1925925925925926,0.4162962962962963,0,0,0
flow,0.3,1.0,0,registered,after_removal,flow_dump_0.3_1.0.shear.wave,2260,226000,226.0,0.22599999999999998,158683.45183699526,1316.7452616874084,0.008297936844983757,8.297936844983757e+17,115,0.0007247132493571648,7.247132493571648e+26,1170.7723586628235,4.4724711056611826,63.35504853849012,31.589213300708547,3.53031015967271,43.02585992005189,0.007378036872209451,2.8184861457736932e-05,0.00039925428773487015,0.0001990706210068962,2.2247500409174095e-05,0.0002711427021656262,5254,2545,5701,0.18851851851851853,0.4222962962962963,0,0,0
flow,0.3,1.0,0,registered,after_removal,flow_dump_0.3_1.0.shear.wave,2265,226500,226.5,0.22649999999999998,158683.45183699526,1277.7289869396886,0.008052061964546959,8.05206196454696e+17,111,0.00069950583198822,6.995058319882199e+26,1064.780497165321,11.927522337989235,83.54185511393305,23.16056328139087,0.0,94.31854904105381,0.006710091599589715,7.516550843777692e-05,0.0005264686024082078,0.00014595449628346973,0.0,0.0005943817578277844,5277,2482,5741,0.18385185185185185,0.4252592592592593,0,0,0
flow,0.3,1.0,0,registered,after_removal,flow_dump_0.3_1.0.shear.wave,2270,227000,227.0,0.22699999999999998,158683.45183699526,1299.6619060667438,0.008190280026185706,8.190280026185706e+17,106,0.0006679965602770389,6.679965602770389e+26,1061.2359239383554,30.927016764732578,68.41730229009048,46.51405332082369,0.0,92.56760975274193,0.006687754215407988,0.00019489755489124225,0.00043115587352089447,0.00029312478889483967,0.0,0.0005833475934707442,5282,2456,5762,0.18192592592592594,0.4268148148148148,0,0,0
flow,0.3,1.0,0,registered,after_removal,flow_dump_0.3_1.0.shear.wave,2275,227500,227.5,0.22749999999999998,158683.45183699526,1276.0290608808689,0.008041349278131705,8.041349278131704e+17,112,0.0007058076863304561,7.058076863304562e+26,1049.3163480646688,26.18823449337267,99.7323848809368,31.77468297934351,0.0,69.01741046254803,0.006612638784430781,0.0001650344392575608,0.0006284989627235051,0.00020023942390655507,0.0,0.0004349376678133075,5286,2448,5766,0.18133333333333335,0.4271111111111111,0,0,0
flow,0.3,1.0,0,registered,after_removal,flow_dump_0.3_1.0.shear.wave,2280,228000,228.0,0.22799999999999998,158683.45183699526,1368.301206145905,0.008622834897437624,8.622834897437623e+17,118,0.0007436188123838735,7.436188123838735e+26,1081.2196561227179,25.573171574423363,91.00145172036034,51.31108551353048,0.0,119.19584121487284,0.006813688784848098,0.00016115840233103164,0.0005734778936737522,0.00032335498704829583,0.0,0.0007511548295364449,5304,2455,5741,0.18185185185185185,0.4252592592592593,0,0,0
flow,0.3,1.0,0,registered,after_removal,flow_dump_0.3_1.0.shear.wave,2285,228500,228.5,0.22849999999999998,158683.45183699526,1297.2712602707077,0.008175214524595208,8.175214524595208e+17,115,0.0007247132493571648,7.247132493571648e+26,1067.4108295327057,24.392330473167803,61.96334265922802,33.25283563388133,0.0,110.25192197172467,0.006726667571040643,0.0001537169137095933,0.00039048395999652667,0.00020955452663104225,0.0,0.0006947915532174016,5253,2420,5827,0.17925925925925926,0.43162962962962964,0,0,0
flow,0.3,1.0,0,registered,after_removal,flow_dump_0.3_1.0.shear.wave,2290,229000,229.0,0.22899999999999998,158683.45183699526,1287.024707969849,0.008110642244485091,8.110642244485092e+17,106,0.0006679965602770389,6.679965602770389e+26,1093.7492575580354,20.489732522584813,60.843132172492105,37.28836460072404,0.0,74.65422111601265,0.006892648508059743,0.00012912330986870972,0.0003834245566764714,0.00023498584237395997,0.0,0.0004704600275062069,5260,2400,5840,0.17777777777777778,0.4325925925925926,0,0,0
flow,0.3,1.0,0,registered,after_removal,flow_dump_0.3_1.0.shear.wave,2295,229500,229.5,0.22949999999999998,158683.45183699526,1234.257218261167,0.007778109210335529,7.778109210335529e+17,104,0.0006553928515925665,6.553928515925665e+26,1035.9622000902268,30.06038674221568,37.73515722343927,35.21448799930089,0.0,95.28498620598471,0.00652848288903118,0.00018943617872073187,0.0002378014644034971,0.00022191657410801946,0.0,0.0006004721040721027,5313,2398,5789,0.17762962962962964,0.4288148148148148,0,0,0
flow,0.3,1.0,0,registered,after_removal,flow_dump_0.3_1.0.shear.wave,2300,230000,230.0,0.22999999999999998,158683.45183699526,1291.6401129223484,0.008139727854226177,8.139727854226177e+17,106,0.0006679965602770389,6.679965602770389e+26,1019.8756629532546,38.1759608738521,74.69906971471633,49.55543751171057,0.0,109.33398186881462,0.006427107875123007,0.00024057934480192474,0.00047074265684269093,0.0003122911490645887,0.0,0.0006890068283939651,5334,2371,5795,0.17562962962962964,0.4292592592592593,0,0,0
