region,amplitude_A,frequency_THz,is_baseline,coordinate_treatment,analysis_stage,filename,frame,timestep,time_ps,strain_xy,cell_volume_A3,total_line_length_A,dislocation_density_A-2,dislocation_density_m-2,segment_count,segment_number_density_A-3,segment_number_density_m-3,shockley_length_A,perfect_length_A,stair_rod_length_A,hirth_length_A,frank_length_A,other_length_A,shockley_density_A-2,perfect_density_A-2,stair_rod_density_A-2,hirth_density_A-2,frank_density_A-2,other_density_A-2,fcc_count,hcp_count,other_atom_count,hcp_fraction,other_atom_fraction,coherent_correction_applied,has_PE,has_KE
flow,0.1,1.5,0,registered,before,flow_dump_0.1_1.5.shear.wave,1850,185000,185.0,0.185,158683.45183699526,1441.826292300768,0.00908617928088594,9.086179280885939e+17,126,0.0007940336471217632,7.940336471217631e+26,1167.4654380944578,4.603785611908546,121.82863208346481,44.556678307427724,0.0,103.37175820350976,0.007357197140466265,2.9012386349130486e-05,0.0007677462941038811,0.00028078969666728564,0.0,0.0006514337632993802,5939,3062,4499,0.2268148148148148,0.33325925925925926,0,0,0
flow,0.1,1.5,0,registered,before,flow_dump_0.1_1.5.shear.wave,1855,185500,185.5,0.1855,158683.45183699526,1437.2295380341995,0.009057211205050972,9.057211205050972e+17,125,0.000787731792779527,7.87731792779527e+26,1161.7754451855296,6.342864394528773,133.7958539195755,24.720090279973533,0.0,110.59528425459212,0.0073213396339458425,3.997180752687663e-05,0.0008431619829962794,0.0001557824082713225,0.0,0.0006969553723106499,5928,3069,4503,0.22733333333333333,0.33355555555555555,0,0,0
flow,0.1,1.5,0,registered,before,flow_dump_0.1_1.5.shear.wave,1860,186000,186.0,0.186,158683.45183699526,4975.515810919432,0.03135497591790757,3.135497591790757e+18,135,0.0008507503362018892,8.507503362018892e+26,3685.6746195561204,0.0,448.83295727585386,257.259246710078,0.0,583.7489873773791,0.02322658460531955,0.0,0.0028284799207475616,0.001621210300960323,0.0,0.00367870109088013,5915,3025,4560,0.22407407407407406,0.3377777777777778,0,0,0
flow,0.1,1.5,0,registered,before,flow_dump_0.1_1.5.shear.wave,1865,186500,186.5,0.1865,158683.45183699526,1704.3169668455046,0.0107403572780622,1.07403572780622e+18,122,0.0007688262297528183,7.688262297528184e+26,1352.8907364199413,0.0,161.42633713868145,67.77793029904024,0.0,122.22196298784144,0.008525720361879159,0.0,0.001017285263648687,0.0004271266443627903,0.0,0.0007702250081715626,5911,3021,4568,0.22377777777777777,0.3383703703703704,0,0,0
flow,0.1,1.5,0,registered,before,flow_dump_0.1_1.5.shear.wave,1870,187000,187.0,0.187,158683.45183699526,1550.0191724865495,0.009767995052683748,9.767995052683748e+17,129,0.0008129392101484719,8.129392101484719e+26,1208.4069916005535,6.442923376896207,156.38005819092385,52.4617493373733,0.0,126.32744998080318,0.007615204847206551,4.0602364659388584e-05,0.0009854843487496255,0.00033060630286303386,0.0,0.0007960971892051529,5916,3027,4557,0.2242222222222222,0.33755555555555555,0,0,0
flow,0.1,1.5,0,registered,before,flow_dump_0.1_1.5.shear.wave,1875,187500,187.5,0.1875,158683.45183699526,1536.1960074072153,0.009680883479805098,9.680883479805098e+17,131,0.0008255429188329443,8.255429188329443e+26,1202.2306791004264,7.870538299511893,144.28804290422232,62.24720794551858,0.0,119.55953915753562,0.007576282625458617,4.959898595851547e-05,0.0009092822297087389,0.000392272837683547,0.0,0.0007534468009956768,5888,3011,4601,0.22303703703703703,0.3408148148148148,0,0,0
flow,0.1,1.5,0,registered,before,flow_dump_0.1_1.5.shear.wave,1880,188000,188.0,0.188,158683.45183699526,1497.927042607647,0.009439718037810053,9.439718037810053e+17,126,0.0007940336471217632,7.940336471217631e+26,1221.3909315814399,5.9249625163137605,139.40151732368602,37.20419762059687,0.0,94.00543356561074,0.007697027745754433,3.733825076101869e-05,0.0008784880572605878,0.00023445543432477268,0.0,0.0005924085497092422,5867,2993,4640,0.2217037037037037,0.3437037037037037,0,0,0
flow,0.1,1.5,0,registered,before,flow_dump_0.1_1.5.shear.wave,1885,188500,188.5,0.1885,158683.45183699526,1533.7373097756965,0.009665389125459665,9.665389125459665e+17,128,0.0008066373558062356,8.066373558062357e+26,1190.2230546991996,5.014848463179432,151.90362676925645,28.928189075994343,0.0,157.66759076806719,0.007500612325485804,3.160284456334392e-05,0.0009572745299572682,0.0001823012339415852,0.0,0.0009935981915116668,5835,3005,4660,0.2225925925925926,0.3451851851851852,0,0,0
flow,0.1,1.5,0,registered,before,flow_dump_0.1_1.5.shear.wave,1890,189000,189.0,0.189,158683.4518369953,1488.4590490642256,0.009380052121586177,9.380052121586177e+17,121,0.000762524375410582,7.62524375410582e+26,1203.1402573759274,0.0,167.0499310768173,9.040746322285841,0.0,109.22811428919475,0.007582014655263685,0.0,0.0010527243335267016,5.697346646815312e-05,0.0,0.0006883396663276355,5870,3010,4620,0.22296296296296297,0.3422222222222222,0,0,0
flow,0.1,1.5,0,registered,before,flow_dump_0.1_1.5.shear.wave,1895,189500,189.5,0.1895,158683.45183699526,1497.1161961776575,0.009434608201714337,9.434608201714337e+17,129,0.0008129392101484719,8.129392101484719e+26,1212.6033220505008,10.534191187355,132.72377370722762,30.244553758185795,0.0,111.0103554743877,0.007641649510474009,6.638493847597959e-05,0.0008364058896548693,0.0001905967724300198,0.0,0.000699571090679456,5912,3016,4572,0.22340740740740742,0.33866666666666667,0,0,0
flow,0.1,1.5,0,registered,before,flow_dump_0.1_1.5.shear.wave,1900,190000,190.0,0.19,158683.45183699526,1501.7487813824728,0.009463802078903082,9.463802078903082e+17,126,0.0007940336471217632,7.940336471217631e+26,1205.5387239756446,11.467998671675558,139.27213712580374,44.83362218934846,0.0,100.63629942000073,0.007597129442419823,7.226965722585777e-05,0.0008776727220987639,0.00028253495667212355,0.0,0.0006341953004865156,5911,3054,4535,0.2262222222222222,0.3359259259259259,0,0,0
flow,0.1,1.5,0,registered,during_vibration,flow_dump_0.1_1.5.shear.wave,1910,191000,191.0,0.191,158683.45183699526,1207.3247135252623,0.0076083844884182695,7.60838448841827e+17,101,0.0006364872885658578,6.364872885658577e+26,973.3293660942802,2.6069932033474466,124.63439749212418,29.736658823197192,0.0,77.01729791231244,0.006133779892147263,1.642889143869541e-05,0.0007854278190277373,0.00018739609252856212,0.0,0.00048535179327600643,5461,2777,5262,0.2057037037037037,0.3897777777777778,1,0,0
flow,0.1,1.5,0,registered,during_vibration,flow_dump_0.1_1.5.shear.wave,1911,191100,191.1,0.1911,158683.45183699526,1164.7092434860851,0.007339828003505444,7.339828003505444e+17,98,0.0006175817255391491,6.1758172553914915e+26,935.6179702879755,4.239889721135787,118.1568525429672,21.663729332548627,0.0,85.03080160145747,0.005896128168733513,2.671916744974226e-05,0.0007446072742628621,0.00013652166676335163,0.0,0.0005358517262959709,5478,2775,5247,0.20555555555555555,0.38866666666666666,1,0,0
flow,0.1,1.5,0,registered,during_vibration,flow_dump_0.1_1.5.shear.wave,1912,191200,191.20000000000002,0.19119999999999998,158683.45183699526,1210.1814107041912,0.007626386977939757,7.626386977939757e+17,99,0.0006238835798813854,6.238835798813854e+26,979.6099418741597,5.407500187977056,106.39552507106978,33.14648052479201,0.0,85.62196304619208,0.0061733591658974405,3.407727854024636e-05,0.0006704891016636233,0.0002088842922250087,0.0,0.0005395771396134344,5468,2794,5238,0.20696296296296296,0.388,1,0,0
flow,0.1,1.5,0,registered,during_vibration,flow_dump_0.1_1.5.shear.wave,1913,191300,191.3,0.1913,158683.45183699526,1361.3033957090686,0.008578735715350099,8.578735715350099e+17,108,0.0006806002689615113,6.806002689615113e+26,1066.4081252479577,22.284280380454895,161.99385192425456,25.185530379519967,0.0,85.4316077768817,0.006720348674689825,0.00014043228907917898,0.0010208616591644343,0.00015871554398370005,0.0,0.0005383775484329633,5471,2789,5240,0.2065925925925926,0.38814814814814813,1,0,0
flow,0.1,1.5,0,registered,during_vibration,flow_dump_0.1_1.5.shear.wave,1914,191400,191.4,0.1914,158683.45183699526,1216.1765212184316,0.007664167291166109,7.66416729116611e+17,104,0.0006553928515925665,6.553928515925665e+26,976.4220850414754,0.0,108.64525280874774,26.670793781898702,0.0,104.43838958630928,0.006153269756473961,0.0,0.0006846665581761584,0.000168075457605345,0.0,0.0006581555189106408,5483,2772,5245,0.20533333333333334,0.38851851851851854,1,0,0
flow,0.1,1.5,0,registered,during_vibration,flow_dump_0.1_1.5.shear.wave,1915,191500,191.5,0.1915,158683.45183699526,1220.5949288571362,0.007692011452529849,7.69201145252985e+17,98,0.0006175817255391491,6.1758172553914915e+26,1004.5033715001526,4.067356635903203,121.93802254945172,18.208334285148677,0.0,71.87784388648025,0.006330233933479155,2.5631889077389888e-05,0.0007684356568869599,0.00011474627047975276,0.0,0.0004529637026065924,5474,2771,5255,0.20525925925925925,0.38925925925925925,1,0,0
flow,0.1,1.5,0,registered,during_vibration,flow_dump_0.1_1.5.shear.wave,1916,191600,191.6,0.1916,158683.4518369953,1256.844454742524,0.007920450684634683,7.920450684634683e+17,102,0.0006427891429080939,6.427891429080939e+26,964.3491045249166,9.065518274785951,172.16820715335453,22.437131628731418,0.0,88.82449316073557,0.006077187591781951,5.7129575704581603e-05,0.0010849789638443913,0.0001413955353818466,0.0,0.0005597590179219124,5493,2781,5226,0.206,0.38711111111111113,1,0,0
flow,0.1,1.5,0,registered,during_vibration,flow_dump_0.1_1.5.shear.wave,1917,191700,191.70000000000002,0.19169999999999998,158683.45183699526,1211.8657180934301,0.0076370012377742925,7.637001237774292e+17,98,0.0006175817255391491,6.1758172553914915e+26,980.4156818642392,16.581609811318316,126.46454907767281,22.676845116249975,0.0,65.72703222394975,0.006178436821952636,0.00010449488979072297,0.0007969611677440774,0.00014290617486405804,0.0,0.0004142021834227974,5492,2787,5221,0.20644444444444446,0.3867407407407407,1,0,0
flow,0.1,1.5,0,registered,during_vibration,flow_dump_0.1_1.5.shear.wave,1918,191800,191.8,0.1918,158683.45183699526,1244.4235894589121,0.007842176200812824,7.842176200812824e+17,108,0.0006806002689615113,6.806002689615113e+26,1021.8657067696868,19.731476072580314,103.75387192860342,16.77944407361823,0.0,82.29309061442366,0.00643964884138883,0.00012434488816672024,0.0006538417883370897,0.00010574161249564078,0.0,0.0005185990704245441,5487,2792,5221,0.2068148148148148,0.3867407407407407,1,0,0
flow,0.1,1.5,0,registered,during_vibration,flow_dump_0.1_1.5.shear.wave,1919,191900,191.9,0.1919,158683.45183699526,1217.7956525848583,0.007674370821198276,7.674370821198276e+17,101,0.0006364872885658578,6.364872885658577e+26,952.5778139566106,28.51844612127161,130.03841660424692,27.019972515507625,0.0,79.64100338722079,0.006003006633200349,0.00017971909352316505,0.0008194831603349955,0.00017027593112395494,0.0,0.0005018860030158066,5471,2803,5226,0.20762962962962964,0.38711111111111113,1,0,0
flow,0.1,1.5,0,registered,during_vibration,flow_dump_0.1_1.5.shear.wave,1920,192000,192.0,0.192,158683.4518369953,1360.4888480399677,0.008573602554584616,8.573602554584616e+17,112,0.000705807686330456,7.058076863304561e+26,1034.2300718823612,22.580252081544412,159.02129519614957,50.094582253523996,0.0,94.56264662638874,0.006517567269363131,0.00014229745962886898,0.0010021290396398821,0.0003156887606968794,0.0,0.0005959200252558567,5472,2784,5244,0.20622222222222222,0.3884444444444444,1,0,0
flow,0.1,1.5,0,registered,during_vibration,flow_dump_0.1_1.5.shear.wave,1921,192100,192.1,0.1921,158683.45183699526,1269.302566172093,0.007998959888243177,7.998959888243177e+17,102,0.000642789142908094,6.42789142908094e+26,1034.0057882370054,12.626118704893365,131.9166928415702,26.605142759665377,0.0,64.14882362895845,0.006516153866498754,7.956796098602216e-05,0.0008313197835970904,0.00016766173442581166,0.0,0.000404256542735497,5471,2785,5244,0.20629629629629628,0.3884444444444444,1,0,0
flow,0.1,1.5,0,registered,during_vibration,flow_dump_0.1_1.5.shear.wave,1922,192200,192.20000000000002,0.19219999999999998,158683.45183699526,1309.9987616800154,0.008255421384617271,8.255421384617271e+17,104,0.0006553928515925665,6.553928515925665e+26,1016.8052169070775,15.936841751072542,149.95488912118262,42.16956198545192,0.0,85.13225191523091,0.006407758371374303,0.00010043165539052791,0.000944993869147875,0.00026574643730821945,0.0,0.0005364910513963453,5472,2775,5253,0.20555555555555555,0.38911111111111113,1,0,0
flow,0.1,1.5,0,registered,during_vibration,flow_dump_0.1_1.5.shear.wave,1923,192300,192.3,0.1923,158683.45183699526,1328.739894813032,0.008373525275829997,8.373525275829998e+17,94,0.0005923743081702043,5.9237430817020434e+26,1022.5036324796633,15.992326878383974,178.80239930158567,22.929987295431197,0.0,88.51154885796775,0.00644366895629427,0.000100781314581005,0.0011267866764409513,0.00014450144000513436,0.0,0.0005577868885086371,5487,2776,5237,0.20562962962962963,0.38792592592592595,1,0,0
flow,0.1,1.5,0,registered,during_vibration,flow_dump_0.1_1.5.shear.wave,1924,192400,192.4,0.1924,158683.4518369953,1265.6743282632908,0.007976095261422924,7.976095261422924e+17,103,0.0006490909972503301,6.490909972503302e+26,1032.121324914874,15.71003780582742,108.08345069874032,26.12554504203637,0.0,83.63396980181273,0.006504278253129395,9.900236996334862e-05,0.0006811261631097306,0.0001646393794664447,0.0,0.000527049095754006,5473,2780,5247,0.20592592592592593,0.38866666666666666,1,0,0
flow,0.1,1.5,0,registered,during_vibration,flow_dump_0.1_1.5.shear.wave,1925,192500,192.5,0.1925,158683.45183699526,1219.4153454987088,0.007684577890020514,7.684577890020513e+17,103,0.0006490909972503302,6.490909972503302e+26,1002.0190520511396,11.380205273841433,109.72090892446535,23.475215988126696,0.0,72.81996326113557,0.006314578114171891,7.171639602049712e-05,0.0006914451863397463,0.00014793739180970925,0.0,0.0004589008016786689,5461,2779,5260,0.20585185185185184,0.3896296296296296,1,0,0
flow,0.1,1.5,0,registered,during_vibration,flow_dump_0.1_1.5.shear.wave,1926,192600,192.6,0.1926,158683.45183699526,1210.6348200040272,0.007629244297304738,7.629244297304739e+17,105,0.0006616947059348027,6.616947059348027e+26,929.1625416564417,26.298171598674372,121.6848692122164,43.421682809792124,0.0,90.06755472690215,0.005855446997780886,0.00016572724688197922,0.0007668403214294519,0.00027363712036209217,0.0,0.0005675926108503263,5467,2792,5241,0.2068148148148148,0.38822222222222225,1,0,0
flow,0.1,1.5,0,registered,during_vibration,flow_dump_0.1_1.5.shear.wave,1927,192700,192.70000000000002,0.19269999999999998,158683.45183699526,1253.5334975112698,0.007899585514429947,7.899585514429947e+17,108,0.0006806002689615113,6.806002689615113e+26,1014.4068064091151,17.050932720319317,121.1172140261533,23.573213719294323,0.0,77.38533063638707,0.006392643937763255,0.00010745249440272186,0.0007632630411302673,0.00014855495923739726,0.0,0.0004876710818963011,5470,2754,5276,0.204,0.39081481481481484,1,0,0
flow,0.1,1.5,0,registered,during_vibration,flow_dump_0.1_1.5.shear.wave,1928,192800,192.8,0.1928,158683.45183699526,1331.8046368622042,0.008392838833820408,8.392838833820408e+17,101,0.0006364872885658578,6.364872885658577e+26,1044.3826702139752,15.98992235864274,159.45570647203726,21.004962379087655,0.0,90.97137543846159,0.006581547465244193,0.00010076616164783271,0.0010048666362251514,0.0001323702133771619,0.0,0.0005732883573260702,5452,2764,5284,0.20474074074074075,0.3914074074074074,1,0,0
flow,0.1,1.5,0,registered,during_vibration,flow_dump_0.1_1.5.shear.wave,1929,192900,192.9,0.1929,158683.45183699526,1277.4913053915604,0.008050564130050817,8.050564130050817e+17,105,0.0006616947059348027,6.616947059348027e+26,1029.2768800269778,11.033489061036715,131.58379772324233,26.93114408481794,0.0,78.6659944954857,0.0064863529757613544,6.953144094931e-05,0.0008292219270501466,0.0001697161472922991,0.0,0.0004957416389977068,5476,2763,5261,0.20466666666666666,0.3897037037037037,1,0,0
flow,0.1,1.5,0,registered,during_vibration,flow_dump_0.1_1.5.shear.wave,1930,193000,193.0,0.193,158683.45183699526,1187.5251260757823,0.007483610372275278,7.483610372275278e+17,96,0.0006049780168546768,6.049780168546768e+26,987.8642311473349,18.084068716894105,96.93969376383383,19.760907736356312,0.0,64.87622471136278,0.006225376494595673,0.00011396316696885723,0.0006108998300806653,0.00012453036222488626,0.0,0.00040884051840519404,5483,2787,5230,0.20644444444444446,0.3874074074074074,1,0,0
flow,0.1,1.5,0,registered,during_vibration,flow_dump_0.1_1.5.shear.wave,1931,193100,193.1,0.1931,158683.45183699526,1312.0583093781897,0.008268400354222053,8.268400354222053e+17,102,0.000642789142908094,6.42789142908094e+26,1066.8459539940939,14.894294970175629,118.19785519749666,21.477219764860422,0.0,90.64298545156285,0.006723107807674818,9.386167743234832e-05,0.0007448656670193518,0.00013534631063434713,0.0,0.0005712188914611855,5461,2787,5252,0.20644444444444446,0.389037037037037,1,0,0
flow,0.1,1.5,0,registered,during_vibration,flow_dump_0.1_1.5.shear.wave,1932,193200,193.20000000000002,0.19319999999999998,158683.45183699526,1279.1900558814991,0.008061269408202213,8.061269408202213e+17,102,0.000642789142908094,6.42789142908094e+26,1009.5937762176605,19.34925808768117,124.24104727324107,25.790601104065022,0.0,100.21537319885103,0.006362312922551923,0.00012193620609890282,0.0007829489832428492,0.0001625286115565343,0.0,0.0006315426847520022,5466,2786,5248,0.20637037037037037,0.3887407407407407,1,0,0
flow,0.1,1.5,0,registered,during_vibration,flow_dump_0.1_1.5.shear.wave,1933,193300,193.3,0.1933,158683.45183699526,1301.0918289109193,0.008199291191670337,8.199291191670337e+17,112,0.0007058076863304561,7.058076863304562e+26,1037.7897805360597,14.371533331383299,116.48303191369057,28.829008507802946,0.0,103.61847462198321,0.006540000034799537,9.056730972897035e-05,0.0007340591004621306,0.0001816762124472628,0.0,0.0006529885342324381,5471,2777,5252,0.2057037037037037,0.389037037037037,1,0,0
flow,0.1,1.5,0,registered,during_vibration,flow_dump_0.1_1.5.shear.wave,1934,193400,193.4,0.1934,158683.45183699526,1233.4999605339003,0.007773337082438761,7.773337082438761e+17,109,0.0006869021233037475,6.869021233037475e+26,999.2472598862569,23.578194746762584,107.9472611540384,26.903970670210473,0.0,75.82327407663196,0.006297110683681849,0.00014858634894697692,0.0006802679164360837,0.00016954490439146166,0.0,0.00047782722898238986,5465,2763,5272,0.20466666666666666,0.39051851851851854,1,0,0
flow,0.1,1.5,0,registered,during_vibration,flow_dump_0.1_1.5.shear.wave,1935,193500,193.5,0.19349999999999998,158683.4518369953,1338.1925673809956,0.008433094641498155,8.433094641498156e+17,107,0.0006742984146192749,6.742984146192749e+26,1052.273918249028,33.4513672608561,157.49016585651967,23.506671443987877,0.0,71.47044457060358,0.006631276960939552,0.0002108056440265644,0.00099248008556241,0.00014813561951081505,0.0,0.00045039633145881085,5469,2770,5261,0.2051851851851852,0.3897037037037037,1,0,0
flow,0.1,1.5,0,registered,during_vibration,flow_dump_0.1_1.5.shear.wave,1936,193600,193.6,0.1936,158683.45183699526,1271.935772125568,0.008015553968615086,8.015553968615086e+17,108,0.0006806002689615113,6.806002689615113e+26,1047.6044073590579,28.32012281754843,116.09410975507743,20.084435632107883,0.0,59.832696561776245,0.006601850383461476,0.0001784692889504305,0.0007316081696680826,0.00012656918789956284,0.0,0.00037705693863553157,5481,2777,5242,0.2057037037037037,0.3882962962962963,1,0,0
flow,0.1,1.5,0,registered,during_vibration,flow_dump_0.1_1.5.shear.wave,1937,193700,193.70000000000002,0.19369999999999998,158683.45183699526,1319.533941917681,0.008315510701602009,8.31551070160201e+17,104,0.0006553928515925665,6.553928515925665e+26,1060.9330578668944,24.32606553818401,118.50645495325564,23.68443143012355,0.0,92.08393212922383,0.006685845597540435,0.00015329932174132767,0.0007468104177301946,0.00014925583705132,0.0,0.0005802995275387342,5470,2789,5241,0.2065925925925926,0.38822222222222225,1,0,0
flow,0.1,1.5,0,registered,during_vibration,flow_dump_0.1_1.5.shear.wave,1938,193800,193.8,0.1938,158683.45183699526,1260.5859469582315,0.007944029023600684,7.944029023600684e+17,108,0.0006806002689615113,6.806002689615113e+26,1041.025974444631,21.969708564969547,85.69565156343529,21.487512009329215,0.0,90.40710037586692,0.0065603940574345855,0.00013844990331781753,0.0005400415139157964,0.00013541117085984414,0.0,0.0005697323780726424,5464,2790,5246,0.20666666666666667,0.3885925925925926,1,0,0
flow,0.1,1.5,0,registered,during_vibration,flow_dump_0.1_1.5.shear.wave,1939,193900,193.9,0.1939,158683.4518369953,1246.53416350064,0.007855476731002297,7.855476731002298e+17,105,0.0006616947059348026,6.616947059348026e+26,976.3497725803617,17.035274998779364,134.9866456171887,30.130280555286593,0.0,88.03218974902349,0.006152814053876893,0.00010735382172224576,0.0008506661788265818,0.00018987663935012822,0.0,0.000554766037226446,5458,2791,5251,0.20674074074074075,0.38896296296296295,1,0,0
flow,0.1,1.5,0,registered,during_vibration,flow_dump_0.1_1.5.shear.wave,1940,194000,194.0,0.19399999999999998,158683.45183699526,1286.1064121590948,0.008104855278042632,8.104855278042632e+17,112,0.0007058076863304561,7.058076863304562e+26,1040.119093817996,20.11951132161937,132.77923834219524,20.685411000214277,0.0,72.40315767707068,0.006554679027819736,0.00012679022978581773,0.0008367554197055805,0.00013035644713264112,0.0,0.0004562741535988613,5465,2776,5259,0.20562962962962963,0.38955555555555554,1,0,0
flow,0.1,1.5,0,registered,during_vibration,flow_dump_0.1_1.5.shear.wave,1941,194100,194.1,0.1941,158683.45183699526,1304.933369137299,0.008223500018626822,8.223500018626822e+17,108,0.0006806002689615113,6.806002689615113e+26,1070.5791017970841,16.39887799725622,111.2295697422588,25.02424401655998,0.0,81.70157558414009,0.006746633561367303,0.00010334334051481105,0.0007009525470653197,0.00015769914081693715,0.0,0.0005148714288624537,5459,2776,5265,0.20562962962962963,0.39,1,0,0
flow,0.1,1.5,0,registered,during_vibration,flow_dump_0.1_1.5.shear.wave,1942,194200,194.20000000000002,0.19419999999999998,158683.45183699526,1308.188148661376,0.008244011165103649,8.244011165103648e+17,107,0.0006742984146192752,6.742984146192752e+26,1041.3864986738063,22.550495027232266,119.62330151237818,19.309886944235043,0.0,105.31796650372443,0.006562666028613696,0.00014210993500693984,0.0007538486220684125,0.00012168809488761802,0.0,0.0006636984845269842,5460,2773,5267,0.2054074074074074,0.39014814814814813,1,0,0
flow,0.1,1.5,0,registered,during_vibration,flow_dump_0.1_1.5.shear.wave,1943,194300,194.3,0.1943,158683.4518369953,1246.142083779106,0.007853005901706645,7.853005901706644e+17,103,0.0006490909972503301,6.490909972503302e+26,1023.2204672522823,23.385507588154393,113.82819481492727,19.220831382035456,0.0,66.48708274170627,0.006448186344618764,0.00014737206253980872,0.0007173287037633593,0.00012112687970627025,0.0,0.0004189919110784402,5481,2790,5229,0.20666666666666667,0.3873333333333333,1,0,0
flow,0.1,1.5,0,registered,during_vibration,flow_dump_0.1_1.5.shear.wave,1944,194400,194.4,0.1944,158683.45183699526,1224.0897560487738,0.0077140353444428355,7.714035344442835e+17,98,0.0006175817255391491,6.1758172553914915e+26,985.5551203140867,27.705731325243875,117.99363101295613,29.699917384944264,0.0,63.13535601154241,0.006210824814464464,0.00017459748325681805,0.0007435786759552155,0.00018716455333636788,0.0,0.0003978698174299679,5445,2786,5269,0.20637037037037037,0.3902962962962963,1,0,0
flow,0.1,1.5,0,registered,during_vibration,flow_dump_0.1_1.5.shear.wave,1945,194500,194.5,0.19449999999999998,158683.45183699526,1291.529158517267,0.008139028635726724,8.139028635726724e+17,113,0.0007121095406726924,7.121095406726925e+26,1047.199234557437,23.979055723261155,118.80492485914729,25.036507992173693,0.0,76.50943538524837,0.006599297043482226,0.0001511125164323575,0.0007486913316026647,0.00015777642660491151,0.0,0.0004821513176045686,5454,2786,5260,0.20637037037037037,0.3896296296296296,1,0,0
flow,0.1,1.5,0,registered,during_vibration,flow_dump_0.1_1.5.shear.wave,1946,194600,194.6,0.1946,158683.45183699526,1248.157429513977,0.007865706316977049,7.865706316977048e+17,103,0.0006490909972503302,6.490909972503302e+26,979.9256098262871,32.74544569970754,119.3131568348003,30.128458295748498,0.0,86.04475885743332,0.006175348459352259,0.00020635702917116218,0.0007518941354852969,0.0001898651557359454,0.0,0.0005422415372323843,5471,2795,5234,0.20703703703703705,0.3877037037037037,1,0,0
flow,0.1,1.5,0,registered,during_vibration,flow_dump_0.1_1.5.shear.wave,1947,194700,194.70000000000002,0.19469999999999998,158683.4518369953,1347.3069025367074,0.008490531854075774,8.490531854075775e+17,119,0.0007499206667261096,7.499206667261097e+26,1094.9170598049693,21.394709146084768,105.90103150618911,31.24171530689243,0.0,93.85238677257165,0.006900007827720455,0.00013482634073313515,0.0006673728752445721,0.0001968807392656477,0.0,0.0005914440711119633,5467,2780,5253,0.20592592592592593,0.38911111111111113,1,0,0
flow,0.1,1.5,0,registered,during_vibration,flow_dump_0.1_1.5.shear.wave,1948,194800,194.8,0.1948,158683.45183699526,1355.5331622588456,0.008542372544626095,8.542372544626095e+17,102,0.000642789142908094,6.42789142908094e+26,1011.8544451197366,30.415477229164864,171.34150240222522,16.749151078625026,0.0,125.17258642909438,0.006376559328688829,0.00019167390724779935,0.00107976919091874,0.00010555071045360352,0.0,0.0007888194073171265,5443,2766,5291,0.2048888888888889,0.3919259259259259,1,0,0
flow,0.1,1.5,0,registered,during_vibration,flow_dump_0.1_1.5.shear.wave,1949,194900,194.9,0.1949,158683.45183699526,1271.3913830825957,0.008012123308160764,8.012123308160764e+17,109,0.0006869021233037475,6.869021233037475e+26,998.0221650151263,33.958647782140574,119.10069459520894,38.97606549249601,0.0,81.33381019762382,0.0062893903142485635,0.00021400245198235283,0.0007505552293981669,0.0002456214875671691,0.0,0.0005125538249645119,5458,2782,5260,0.20607407407407408,0.3896296296296296,1,0,0
flow,0.1,1.5,0,registered,during_vibration,flow_dump_0.1_1.5.shear.wave,1950,195000,195.0,0.19499999999999998,158683.45183699526,1269.7590462819628,0.008001836559405704,8.001836559405704e+17,101,0.0006364872885658578,6.364872885658577e+26,1033.632300064506,22.084748323951203,115.36381968609285,21.06882597556354,0.0,77.60935223184912,0.006513800198437114,0.0001391748671224859,0.0007270059880257601,0.00013277267245992427,0.0,0.0004890828333604183,5473,2781,5246,0.206,0.3885925925925926,1,0,0
flow,0.1,1.5,0,registered,during_vibration,flow_dump_0.1_1.5.shear.wave,1951,195100,195.1,0.1951,158683.45183699526,1315.8006972728851,0.008291984337626571,8.291984337626572e+17,106,0.0006679965602770389,6.679965602770389e+26,1042.3825614197567,26.305056838768284,133.26068028093695,26.10365275928737,0.0,87.74874597413489,0.006568943070954403,0.00016577063666216237,0.0008397893966777746,0.0001645014174893415,0.0,0.0005529798158428847,5453,2790,5257,0.20666666666666667,0.3894074074074074,1,0,0
flow,0.1,1.5,0,registered,during_vibration,flow_dump_0.1_1.5.shear.wave,1952,195200,195.20000000000002,0.19519999999999998,158683.45183699526,1250.3274866848635,0.007879381701182301,7.879381701182301e+17,110,0.0006932039776459838,6.932039776459838e+26,1009.5321077381632,31.902349077181235,96.14760206354488,28.235870874026187,0.0,84.50955693194808,0.006361924296776623,0.0002010439570595701,0.00060590818355975,0.00017793834547430302,0.0,0.0005325669183120557,5456,2784,5260,0.20622222222222222,0.3896296296296296,1,0,0
flow,0.1,1.5,0,registered,during_vibration,flow_dump_0.1_1.5.shear.wave,1953,195300,195.3,0.1953,158683.45183699526,1259.293916632044,0.007935886836679298,7.935886836679299e+17,108,0.0006806002689615113,6.806002689615113e+26,993.109718206841,33.79054975254601,118.10059066256665,28.669661795078373,0.0,85.62339621501182,0.006258432789998766,0.00021294312268463098,0.0007442527200875576,0.0001806720326737584,0.0,0.0005395861712345842,5475,2783,5242,0.20614814814814814,0.3882962962962963,1,0,0
flow,0.1,1.5,0,registered,during_vibration,flow_dump_0.1_1.5.shear.wave,1954,195400,195.4,0.1954,158683.4518369953,1303.1762337147172,0.008212426807134127,8.212426807134127e+17,110,0.0006932039776459837,6.932039776459836e+26,1056.9692961869152,22.345890249873484,114.67350247996833,24.938252895916047,0.0,84.24929190204381,0.006660866548785868,0.00014082054550229912,0.0007226557095428238,0.00015715723729991342,0.0,0.0005309267660032212,5446,2771,5283,0.20525925925925925,0.3913333333333333,1,0,0
flow,0.1,1.5,0,registered,during_vibration,flow_dump_0.1_1.5.shear.wave,1955,195500,195.5,0.19549999999999998,158683.45183699526,1243.1066905173388,0.007833877295499584,7.833877295499584e+17,100,0.0006301854342236216,6.301854342236216e+26,1015.373312806416,24.171647553655202,127.37691768457697,18.86954518078305,0.0,57.3152672919071,0.0063987347202998845,0.00015232620209500544,0.0008027107818112165,0.00011891312523354012,0.0,0.0003611924660599341,5438,2769,5293,0.2051111111111111,0.3920740740740741,1,0,0
flow,0.1,1.5,0,registered,during_vibration,flow_dump_0.1_1.5.shear.wave,1956,195600,195.6,0.1956,158683.45183699526,1259.0345104425048,0.007934252096657348,7.934252096657348e+17,105,0.0006616947059348027,6.616947059348027e+26,1045.2219233067694,17.025327669703714,111.53128879536372,18.92652888156651,0.0,66.32944178910176,0.006586836315991254,0.00010729113510331674,0.0007028539365902642,0.00011927222821575907,0.0,0.00041799848075675525,5468,2780,5252,0.20592592592592593,0.389037037037037,1,0,0
flow,0.1,1.5,0,registered,during_vibration,flow_dump_0.1_1.5.shear.wave,1957,195700,195.70000000000002,0.19569999999999999,158683.45183699526,1267.0206101695512,0.007984579333899766,7.984579333899766e+17,102,0.000642789142908094,6.42789142908094e+26,1042.2135738247064,17.91458832098895,111.0898294041399,27.974859107034746,0.0,67.82775951268187,0.006567878135744751,0.00011289512619999842,0.0007000719238087596,0.00017629348733711326,0.0,0.00042744066080914803,5429,2775,5296,0.20555555555555555,0.3922962962962963,1,0,0
flow,0.1,1.5,0,registered,during_vibration,flow_dump_0.1_1.5.shear.wave,1958,195800,195.8,0.1958,158683.4518369953,1214.7144867356355,0.0076549537628122,7.6549537628122e+17,104,0.0006553928515925663,6.553928515925663e+26,969.4930836739179,19.804859531443388,116.97642840577933,20.052651647284947,0.0,88.38746347721025,0.006109604199118457,0.0001248073400356048,0.0007371684132882442,0.00012636888985679282,0.0,0.0005570049205131022,5441,2775,5284,0.20555555555555555,0.3914074074074074,1,0,0
flow,0.1,1.5,0,registered,during_vibration,flow_dump_0.1_1.5.shear.wave,1959,195900,195.9,0.1959,158683.45183699526,1259.450004638455,0.00793687048056027,7.936870480560271e+17,110,0.0006932039776459838,6.932039776459838e+26,991.0806325411878,31.64089029431947,124.25622368750918,30.566104539608478,0.0,81.90615357582982,0.0062456457876859,0.0001993962818934769,0.0007830446227950043,0.0001926231386181778,0.0,0.0005161606495677095,5458,2786,5256,0.20637037037037037,0.3893333333333333,1,0,0
flow,0.1,1.5,0,registered,during_vibration,flow_dump_0.1_1.5.shear.wave,1960,196000,196.0,0.19599999999999998,158683.45183699526,1245.3324249067277,0.007847903549426018,7.847903549426019e+17,105,0.0006616947059348027,6.616947059348027e+26,1009.047068264196,30.976247698222625,109.85996826478934,25.25389091209722,0.0,70.19524976742179,0.006358867648661447,0.00019520780106322883,0.0006923215180473956,0.00015914634210275957,0.0,0.0004423602395511827,5470,2780,5250,0.20592592592592593,0.3888888888888889,1,0,0
flow,0.1,1.5,0,registered,during_vibration,flow_dump_0.1_1.5.shear.wave,1961,196100,196.1,0.1961,158683.45183699526,1253.7818372645115,0.007901150515382262,7.901150515382262e+17,104,0.0006553928515925665,6.553928515925665e+26,1028.5662381812804,17.269572904650875,102.59277773641877,27.11869157479063,0.0,78.2345568673712,0.006481874614360271,0.00010883033299773902,0.0006465247418603255,0.00017089804425635902,0.0,0.0004930227819075694,5471,2772,5257,0.20533333333333334,0.3894074074074074,1,0,0
flow,0.1,1.5,0,registered,during_vibration,flow_dump_0.1_1.5.shear.wave,1962,196200,196.20000000000002,0.19619999999999999,158683.4518369953,1310.8949949299065,0.008261069316014752,8.261069316014752e+17,97,0.0006112798711969128,6.1127987119691286e+26,1034.0933879388276,28.31241016148714,148.9397152402134,11.980967068013632,0.0,87.56851452136391,0.006516705907060059,0.00017842068491534047,0.000938596391217964,7.550230934175079e-05,0.0,0.0005518440234796322,5456,2777,5267,0.2057037037037037,0.39014814814814813,1,0,0
flow,0.1,1.5,0,registered,during_vibration,flow_dump_0.1_1.5.shear.wave,1963,196300,196.3,0.1963,158683.45183699526,1250.7645569712722,0.007882136054464568,7.882136054464568e+17,99,0.0006238835798813854,6.238835798813854e+26,1003.0291169681044,21.755094677251364,130.85777965570173,23.829375417077436,0.0,71.29319025313686,0.006320943396154806,0.00013709743785759649,0.0008246466669386739,0.00015016925294488638,0.0,0.0004492793005686032,5475,2787,5238,0.20644444444444446,0.388,1,0,0
flow,0.1,1.5,0,registered,during_vibration,flow_dump_0.1_1.5.shear.wave,1964,196400,196.4,0.1964,158683.45183699526,1254.1609010454047,0.007903539320115869,7.90353932011587e+17,104,0.0006553928515925665,6.553928515925665e+26,1017.692737272724,21.29365815896439,119.034851093136,23.904165719937616,0.0,72.23548880064259,0.006413351395444376,0.00013418953213116338,0.0007501402932387205,0.00015064057053972298,0.0,0.00045521752876188503,5462,2786,5252,0.20637037037037037,0.389037037037037,1,0,0
flow,0.1,1.5,0,registered,during_vibration,flow_dump_0.1_1.5.shear.wave,1965,196500,196.5,0.19649999999999998,158683.45183699526,1251.978479971683,0.00788978602039585,7.889786020395849e+17,102,0.000642789142908094,6.42789142908094e+26,1027.153575456655,18.83498985790711,111.57569458540092,31.516497881792453,0.0,62.89772218992785,0.0064729722196349765,0.00011869536262202701,0.0007031337754110306,0.0001986123790284523,0.0,0.000396372283699364,5460,2783,5257,0.20614814814814814,0.3894074074074074,1,0,0
flow,0.1,1.5,0,registered,during_vibration,flow_dump_0.1_1.5.shear.wave,1966,196600,196.6,0.1966,158683.4518369953,1204.5873153427342,0.007591133803795274,7.591133803795274e+17,99,0.0006238835798813853,6.238835798813853e+26,941.1387373524659,33.03240598489493,111.59362545484892,22.789894340754334,0.0,96.03265220976958,0.005930919238631345,0.00020816541109041964,0.0007032467731385214,0.00014361859461038725,0.0,0.0006051837863245966,5468,2783,5249,0.20614814814814814,0.38881481481481484,1,0,0
flow,0.1,1.5,0,registered,during_vibration,flow_dump_0.1_1.5.shear.wave,1967,196700,196.70000000000002,0.19669999999999999,158683.45183699526,1336.2033900579722,0.008420559135747584,8.420559135747584e+17,110,0.0006932039776459838,6.932039776459838e+26,1075.6068239912124,34.66515682198346,108.13447619057241,23.83861661031161,0.0,93.95831644389175,0.006778317534307928,0.00021845476904291584,0.0006814477183269974,0.00015022748959859662,0.0,0.0005921116244711436,5480,2768,5252,0.20503703703703705,0.389037037037037,1,0,0
flow,0.1,1.5,0,registered,during_vibration,flow_dump_0.1_1.5.shear.wave,1968,196800,196.8,0.1968,158683.45183699526,1240.4532985045187,0.007817156005521938,7.817156005521938e+17,105,0.0006616947059348027,6.616947059348027e+26,960.3933213857492,26.43201930982442,104.28681659269776,36.675391758849585,0.0,112.66574945739754,0.006052258822629446,0.00016657073566168852,0.0006572003279826842,0.00023112297680872058,0.0,0.0007100031424393982,5465,2767,5268,0.20496296296296296,0.39022222222222225,1,0,0
flow,0.1,1.5,0,registered,during_vibration,flow_dump_0.1_1.5.shear.wave,1969,196900,196.9,0.1969,158683.45183699526,1229.6917569899058,0.00774933833839892,7.74933833839892e+17,101,0.0006364872885658578,6.364872885658577e+26,1011.6575787584404,20.59925423955677,123.52615909598903,13.92655518371695,0.0,59.982209712202426,0.006375318705555054,0.00012981349977637862,0.0007784438620788201,8.776312225689895e-05,0.0,0.00037799914873176617,5451,2769,5280,0.2051111111111111,0.39111111111111113,1,0,0
flow,0.1,1.5,0,registered,during_vibration,flow_dump_0.1_1.5.shear.wave,1970,197000,197.0,0.19699999999999998,158683.45183699526,1253.1461071280455,0.007897144236661284,7.897144236661284e+17,102,0.000642789142908094,6.42789142908094e+26,985.4438490329628,22.286173516795667,126.95328003752947,37.87094057298145,0.0,80.59186396777571,0.006210123599058347,0.00014044421934864852,0.0008000410790656354,0.00023865715129441287,0.0,0.0005078781878942377,5457,2793,5250,0.2068888888888889,0.3888888888888889,1,0,0
flow,0.1,1.5,0,registered,during_vibration,flow_dump_0.1_1.5.shear.wave,1971,197100,197.1,0.1971,158683.45183699526,1262.8370525695443,0.007958215163272168,7.958215163272168e+17,105,0.0006616947059348027,6.616947059348027e+26,1025.4111916637135,24.461245082200755,121.02856318542247,22.35478518453978,0.0,69.58126745366751,0.006461991970763585,0.0001541512035377711,0.0007627043764446648,0.00014087660008494984,0.0,0.00043849101244119407,5459,2791,5250,0.20674074074074075,0.3888888888888889,1,0,0
flow,0.1,1.5,0,registered,during_vibration,flow_dump_0.1_1.5.shear.wave,1972,197200,197.20000000000002,0.1972,158683.45183699526,1238.489567768261,0.007804780860454669,7.804780860454669e+17,104,0.0006553928515925665,6.553928515925665e+26,1015.7378397895263,17.522718428521827,105.09402851351871,25.51519085631169,0.0,74.61979018038211,0.00640103191625126,0.00011042561921656285,0.0006622872599310145,0.00016079301629083362,0.0,0.00047024304876499634,5458,2788,5254,0.20651851851851852,0.3891851851851852,1,0,0
flow,0.1,1.5,0,registered,during_vibration,flow_dump_0.1_1.5.shear.wave,1973,197300,197.3,0.1973,158683.45183699526,1283.3458742649957,0.008087458770327797,8.087458770327796e+17,114,0.0007184113950149286,7.184113950149286e+26,1013.9585889738324,31.887457122631226,112.59250251286686,21.47633336193031,0.0,103.43099229373477,0.0063898193367724525,0.00020095011013112474,0.0007095415508639521,0.00013534072465219303,0.0,0.000651807047908073,5471,2789,5240,0.2065925925925926,0.38814814814814813,1,0,0
flow,0.1,1.5,0,registered,during_vibration,flow_dump_0.1_1.5.shear.wave,1974,197400,197.4,0.1974,158683.45183699526,1296.1486916322547,0.008168140260546514,8.168140260546514e+17,109,0.0006869021233037475,6.869021233037475e+26,1062.444123372264,25.675610605910677,106.80689731108016,20.710613890094336,0.0,80.51144645290522,0.0066953681122568515,0.00016180395818642443,0.0006730815096006082,0.00013051527207366868,0.0,0.0005073714084289593,5467,2775,5258,0.20555555555555555,0.3894814814814815,1,0,0
flow,0.1,1.5,0,registered,during_vibration,flow_dump_0.1_1.5.shear.wave,1975,197500,197.5,0.19749999999999998,158683.45183699526,1248.585731987629,0.007868405416780425,7.868405416780425e+17,105,0.0006616947059348027,6.616947059348027e+26,997.2498686108604,30.492204540905313,107.97795610224962,21.82789192024823,0.0,91.03781081336514,0.006284523414799847,0.00019215743159045902,0.0006804613515287533,0.00013755619547947912,0.0,0.0005737070233818842,5457,2773,5270,0.2054074074074074,0.39037037037037037,1,0,0
flow,0.1,1.5,0,registered,during_vibration,flow_dump_0.1_1.5.shear.wave,1976,197600,197.6,0.1976,158683.45183699526,1247.4580483914842,0.00786129891901339,7.86129891901339e+17,101,0.0006364872885658578,6.364872885658577e+26,1023.9497509127236,17.652091892966638,103.60077693964479,21.723318961886267,0.0,80.53210968426336,0.0064527821840210395,0.00011124091194524451,0.0006528770060161462,0.0001368971919277453,0.0,0.0005075016251032183,5447,2786,5267,0.20637037037037037,0.39014814814814813,1,0,0
flow,0.1,1.5,0,registered,during_vibration,flow_dump_0.1_1.5.shear.wave,1977,197700,197.70000000000002,0.1977,158683.4518369953,1255.6064468184404,0.007912648939022575,7.912648939022574e+17,100,0.0006301854342236215,6.301854342236214e+26,1021.5536935330507,24.26293181974146,129.52618801155023,23.450920436054016,0.0,56.81271301804405,0.006437682579418699,0.00015290146224361894,0.0008162551703538922,0.000147784284779383,0.0,0.0003580254422269808,5442,2787,5271,0.20644444444444446,0.3904444444444444,1,0,0
flow,0.1,1.5,0,registered,during_vibration,flow_dump_0.1_1.5.shear.wave,1978,197800,197.8,0.1978,158683.45183699526,1271.0363175907478,0.008009885737149183,8.009885737149183e+17,106,0.0006679965602770389,6.679965602770389e+26,1051.7780637200328,15.521042991047679,108.03578873790354,23.66894080997197,0.0,72.03248133179169,0.006628152157922888,9.78113521691688e-05,0.000680825804374872,0.00014915821741945384,0.0,0.0004539382052628006,5455,2781,5264,0.206,0.38992592592592595,1,0,0
flow,0.1,1.5,0,registered,during_vibration,flow_dump_0.1_1.5.shear.wave,1979,197900,197.9,0.1979,158683.45183699526,1268.5687284541057,0.00799433534983358,7.994335349833581e+17,106,0.0006679965602770389,6.679965602770389e+26,1003.0131315666113,25.759200839724116,121.5226060100416,21.345128581404644,0.0,96.92866145632426,0.006320842658482994,0.0001623307316643502,0.0007658177623642415,0.00013451389123631522,0.0,0.0006108303060856812,5456,2775,5269,0.20555555555555555,0.3902962962962963,1,0,0
flow,0.1,1.5,0,registered,during_vibration,flow_dump_0.1_1.5.shear.wave,1980,198000,198.0,0.19799999999999998,158683.45183699526,1310.9374825525888,0.008261337066824245,8.261337066824244e+17,112,0.0007058076863304561,7.058076863304562e+26,1063.524163358797,30.784517304886414,121.93823297695756,19.491282872417212,0.0,75.19928603953107,0.006702174366935774,0.00019399954405144437,0.0007684369829704514,0.0001228312256052968,0.0,0.00047389494726128215,5450,2773,5277,0.2054074074074074,0.3908888888888889,1,0,0
flow,0.1,1.5,0,registered,during_vibration,flow_dump_0.1_1.5.shear.wave,1981,198100,198.1,0.1981,158683.4518369953,1238.1370321829315,0.007802559232545467,7.802559232545467e+17,106,0.0006679965602770388,6.679965602770388e+26,979.660421302165,32.85798458644431,120.85963490690769,21.535287832338632,0.0,83.22370355507591,0.006173677279900008,0.0002070662328432147,0.0007616398150391799,0.00013571224713752994,0.0,0.0005244636576255346,5451,2765,5284,0.2048148148148148,0.3914074074074074,1,0,0
flow,0.1,1.5,0,registered,during_vibration,flow_dump_0.1_1.5.shear.wave,1982,198200,198.20000000000002,0.1982,158683.45183699526,1220.8548927515617,0.0076936497071267585,7.693649707126758e+17,104,0.0006553928515925665,6.553928515925665e+26,986.1062448023065,23.253055926141258,113.76718699180431,18.691036324442457,0.0,79.03736870686792,0.006214297920713664,0.00014653737145841486,0.0007169442413483015,0.00011778818842208255,0.0,0.0004980819851843004,5426,2770,5304,0.2051851851851852,0.3928888888888889,1,0,0
flow,0.1,1.5,0,registered,during_vibration,flow_dump_0.1_1.5.shear.wave,1983,198300,198.3,0.1983,158683.45183699526,1226.5923848346447,0.007729806546524082,7.729806546524082e+17,102,0.000642789142908094,6.42789142908094e+26,979.8445976985063,16.19731083962108,117.4174532611163,29.65718640754082,0.0,83.4758366278597,0.00617483793272303,0.00010207309364721582,0.0007399476876878837,0.00018689526894087,0.0,0.0005260525635250786,5434,2779,5287,0.20585185185185184,0.3916296296296296,1,0,0
flow,0.1,1.5,0,registered,during_vibration,flow_dump_0.1_1.5.shear.wave,1984,198400,198.4,0.1984,158683.45183699526,1264.4689732250406,0.007968499289541192,7.968499289541192e+17,96,0.0006049780168546768,6.049780168546768e+26,1028.6188360712529,19.23506721605087,123.67623603884262,24.09398623816274,0.0,68.84484766073108,0.006482206078601587,0.00012121659185867565,0.0007793896251128116,0.0001518367917967455,0.0,0.00043385020217136895,5432,2783,5285,0.20614814814814814,0.3914814814814815,1,0,0
flow,0.1,1.5,0,registered,during_vibration,flow_dump_0.1_1.5.shear.wave,1985,198500,198.5,0.19849999999999998,158683.4518369953,1315.6321956711074,0.008290922465075734,8.290922465075734e+17,109,0.0006869021233037474,6.869021233037473e+26,1093.4338964233311,16.023271283058456,105.54032962056436,21.661408433842208,0.0,78.97328991031125,0.0068906611481236325,0.00010097632171197077,0.0006650997845003949,0.0001365070407977607,0.0,0.0004976781699419744,5455,2773,5272,0.2054074074074074,0.39051851851851854,1,0,0
flow,0.1,1.5,0,registered,during_vibration,flow_dump_0.1_1.5.shear.wave,1986,198600,198.6,0.1986,158683.45183699526,1267.171776435714,0.007985531961690584,7.985531961690583e+17,106,0.0006679965602770389,6.679965602770389e+26,1000.9728729087,28.42351504415848,115.28451956926453,23.584357512899814,0.0,98.90651140069131,0.006307985245600351,0.00017912085170264654,0.0007265062502401857,0.00014862518580151902,0.0,0.0006232944283458823,5462,2778,5260,0.20577777777777778,0.3896296296296296,1,0,0
flow,0.1,1.5,0,registered,during_vibration,flow_dump_0.1_1.5.shear.wave,1987,198700,198.70000000000002,0.1987,158683.45183699526,1262.4265855042195,0.007955628459614205,7.955628459614205e+17,105,0.0006616947059348027,6.616947059348027e+26,1017.1205066088842,34.728279447934334,117.65402171625725,21.382522442053826,0.0,71.54125528908962,0.006409745281150696,0.0002188525586373577,0.0007414385076341497,0.00013474954189942025,0.0,0.0004508425702925791,5450,2769,5281,0.2051111111111111,0.3911851851851852,1,0,0
flow,0.1,1.5,0,registered,during_vibration,flow_dump_0.1_1.5.shear.wave,1988,198800,198.8,0.1988,158683.45183699526,1253.955656398237,0.007902245898244894,7.902245898244893e+17,106,0.0006679965602770389,6.679965602770389e+26,966.6704459297915,28.577031400039267,126.63775273945598,25.7059931674271,0.0,106.36443316152254,0.006091816347194076,0.00018008828941655814,0.0007980526719921769,0.00016199542466364497,0.0,0.0006702931649784346,5446,2765,5289,0.2048148148148148,0.3917777777777778,1,0,0
flow,0.1,1.5,0,registered,during_vibration,flow_dump_0.1_1.5.shear.wave,1989,198900,198.9,0.1989,158683.4518369953,1250.4065352216835,0.007879879853547307,7.879879853547306e+17,107,0.0006742984146192749,6.742984146192749e+26,982.3020799810697,23.21014272739213,115.28254587108859,24.33893016351141,0.0,105.27283647862133,0.006190324628116369,0.0001462669387305384,0.0007264938122817652,0.00015338039273630837,0.0,0.0006634140816823228,5428,2782,5290,0.20607407407407408,0.39185185185185184,1,0,0
flow,0.1,1.5,0,registered,during_vibration,flow_dump_0.1_1.5.shear.wave,1990,199000,199.0,0.19899999999999998,158683.45183699526,1240.8124045311083,0.007819419039394926,7.819419039394926e+17,101,0.0006364872885658578,6.364872885658577e+26,1010.4878502040846,23.352683872889827,105.39836251540068,17.153878093146144,0.0,84.41962984558762,0.006367947246585549,0.0001471652122672404,0.0006642051284822646,0.00010810124114748372,0.0,0.0005320002109123904,5436,2780,5284,0.20592592592592593,0.3914074074074074,1,0,0
flow,0.1,1.5,0,registered,during_vibration,flow_dump_0.1_1.5.shear.wave,1991,199100,199.1,0.1991,158683.45183699526,1302.7929244438938,0.00821001124794137,8.210011247941371e+17,108,0.0006806002689615113,6.806002689615113e+26,1074.0208905894433,4.880037398296434,132.12572838034257,22.348485772930275,0.0,69.41778230288114,0.006768323213013491,3.0753284868729505e-05,0.0008326370951147847,0.00014083690211054493,0.0,0.00043746075283381984,5444,2777,5279,0.2057037037037037,0.391037037037037,1,0,0
flow,0.1,1.5,0,registered,during_vibration,flow_dump_0.1_1.5.shear.wave,1992,199200,199.20000000000002,0.1992,158683.45183699526,1279.9745223274008,0.008066213001480657,8.066213001480657e+17,104,0.0006553928515925665,6.553928515925665e+26,1089.9834525929587,3.74098426950168,96.73735096333343,23.49165465159477,0.0,66.02107985001295,0.006868916953688559,2.357513796299654e-05,0.0006096246952247116,0.0001480409858724661,0.0,0.00041605522873192807,5458,2781,5261,0.206,0.3897037037037037,1,0,0
flow,0.1,1.5,0,registered,during_vibration,flow_dump_0.1_1.5.shear.wave,1993,199300,199.3,0.19929999999999998,158683.45183699526,1251.4796841895893,0.007886642682030572,7.886642682030572e+17,107,0.0006742984146192752,6.742984146192752e+26,1013.3304792166739,26.553957561116892,119.49754115407359,27.299041795625314,0.0,64.79866446209988,0.006385861080571902,0.00016733917276008067,0.0007530560986083496,0.00017203458507864932,0.0,0.0004083517450115917,5459,2778,5263,0.20577777777777778,0.38985185185185184,1,0,0
flow,0.1,1.5,0,registered,during_vibration,flow_dump_0.1_1.5.shear.wave,1994,199400,199.4,0.1994,158683.45183699526,1314.382780366591,0.008283048831813713,8.283048831813713e+17,107,0.0006742984146192752,6.742984146192752e+26,1056.7561685696037,35.01384149549317,111.35099460906335,23.4399897430516,0.0,87.82178594937936,0.006659523449585264,0.00022065212906674422,0.0007017177488894473,0.0001477154011442221,0.0,0.0005534401031280358,5465,2777,5258,0.2057037037037037,0.3894814814814815,1,0,0
flow,0.1,1.5,0,registered,during_vibration,flow_dump_0.1_1.5.shear.wave,1995,199500,199.5,0.19949999999999998,158683.45183699526,1266.7529112709026,0.007982892334432905,7.982892334432905e+17,106,0.0006679965602770389,6.679965602770389e+26,991.2046946111492,18.920079271009588,124.01035745920726,17.83611417803056,0.0,114.78166575150584,0.006246427608780193,0.00011923158370946519,0.0007814952096365706,0.00011240059358144282,0.0,0.0007233373387252331,5447,2767,5286,0.20496296296296296,0.39155555555555555,1,0,0
flow,0.1,1.5,0,registered,during_vibration,flow_dump_0.1_1.5.shear.wave,1996,199600,199.6,0.1996,158683.4518369953,1288.5651006256762,0.008120349574631962,8.120349574631963e+17,111,0.0006995058319882199,6.995058319882199e+26,1034.5127556248115,24.51415459688346,114.92412812239905,19.724542441283358,0.0,94.88951984029895,0.006519348701132971,0.0001544846315926199,0.0007242351158358516,0.00012430119343222404,0.0,0.0005979799326382973,5447,2777,5276,0.2057037037037037,0.39081481481481484,1,0,0
flow,0.1,1.5,0,registered,during_vibration,flow_dump_0.1_1.5.shear.wave,1997,199700,199.70000000000002,0.1997,158683.45183699526,1273.2064163520972,0.008023561383451476,8.023561383451475e+17,106,0.0006679965602770389,6.679965602770389e+26,1005.9653525298883,22.126140522636344,133.12372909160857,27.444075889765074,0.0,84.5471183181995,0.006339447124979662,0.00013943571472950454,0.0008389263502306311,0.00017294856881457628,0.0,0.0005328036246971046,5429,2774,5297,0.2054814814814815,0.39237037037037037,1,0,0
flow,0.1,1.5,0,registered,during_vibration,flow_dump_0.1_1.5.shear.wave,1998,199800,199.8,0.19979999999999998,158683.45183699526,1273.718581992972,0.008026788976719367,8.026788976719366e+17,108,0.0006806002689615113,6.806002689615113e+26,1057.4627546432725,0.0,107.91190606032283,19.887798825890464,0.0,88.4561224634865,0.006663976252101777,0.0,0.0006800451137852321,0.00012533001138845812,0.0,0.0005574375994439008,5449,2776,5275,0.20562962962962963,0.3907407407407407,1,0,0
flow,0.1,1.5,0,registered,during_vibration,flow_dump_0.1_1.5.shear.wave,1999,199900,199.9,0.1999,158683.45183699526,1256.5174638306532,0.00791839003553684,7.91839003553684e+17,107,0.0006742984146192752,6.742984146192752e+26,1005.4673333406854,17.978462742113685,113.69842362028902,22.815778195681084,0.0,96.55746593188476,0.006336308680589667,0.00011329765349812115,0.0007165109045969311,0.0001437817108939512,0.0,0.0006084910859581735,5447,2782,5271,0.20607407407407408,0.3904444444444444,1,0,0
flow,0.1,1.5,0,registered,during_vibration,flow_dump_0.1_1.5.shear.wave,2000,200000,200.0,0.19999999999999998,158683.4518369953,1244.8873433355923,0.007845098710194308,7.845098710194308e+17,110,0.0006932039776459837,6.932039776459836e+26,1014.7200820574053,21.522113819398115,113.88589275397086,25.668530291736843,0.0,69.09072441308176,0.006394618155267748,0.00013562922642687607,0.0007176923077710592,0.00016175933907780363,0.0,0.0004353996816508249,5444,2778,5278,0.20577777777777778,0.39096296296296296,1,0,0
flow,0.1,1.5,0,registered,during_vibration,flow_dump_0.1_1.5.shear.wave,2001,200100,200.1,0.2001,158683.45183699526,1208.2243751950164,0.007614054025218353,7.614054025218353e+17,102,0.000642789142908094,6.42789142908094e+26,973.7132707759699,6.799654923364674,126.0556899876647,24.764155138335447,0.0,76.89160436968207,0.006136199203532575,4.285043490451354e-05,0.0007943845973123471,0.00015606009859033053,0.0,0.00048455969087859014,5426,2767,5307,0.20496296296296296,0.39311111111111113,1,0,0
flow,0.1,1.5,0,registered,during_vibration,flow_dump_0.1_1.5.shear.wave,2002,200200,200.20000000000002,0.2002,158683.45183699526,1234.276963801684,0.007778233643855774,7.778233643855775e+17,109,0.0006869021233037475,6.869021233037475e+26,962.0673141649235,6.59824440809121,132.2600494251302,14.660879628947182,0.0,118.69047617459213,0.006062808081293757,4.158117517426542e-05,0.0008334835667741334,9.239072795068328e-05,0.0,0.0007479700926629376,5408,2773,5319,0.2054074074074074,0.394,1,0,0
flow,0.1,1.5,0,registered,during_vibration,flow_dump_0.1_1.5.shear.wave,2003,200300,200.3,0.20029999999999998,158683.45183699526,1243.1234739466101,0.007833983062226215,7.833983062226214e+17,103,0.0006490909972503302,6.490909972503302e+26,1026.738947680744,9.366633438593672,114.65596800422767,29.06337133896882,0.0,63.2985534840758,0.00647035929578494,5.902715960713647e-05,0.0007225452098307388,0.00018315313287250426,0.0,0.00039889826413089447,5438,2777,5285,0.2057037037037037,0.3914814814814815,1,0,0
flow,0.1,1.5,0,registered,during_vibration,flow_dump_0.1_1.5.shear.wave,2004,200400,200.4,0.2004,158683.4518369953,1224.0911461197622,0.0077140441044677285,7.714044104467729e+17,101,0.0006364872885658577,6.364872885658577e+26,1016.2504967222186,3.3026041712880976,112.8686221073189,22.567982510070973,0.0,69.10144060886581,0.006404262605568624,2.0812530437519334e-05,0.0007112816163292261,0.00014222013857660172,0.0,0.00043546721355575894,5417,2779,5304,0.20585185185185184,0.3928888888888889,1,0,0
flow,0.1,1.5,0,registered,during_vibration,flow_dump_0.1_1.5.shear.wave,2005,200500,200.5,0.20049999999999998,158683.45183699526,1263.539228002472,0.007962640170573175,7.962640170573175e+17,102,0.000642789142908094,6.42789142908094e+26,1041.4276904394785,5.631460851354868,109.23415803361026,25.65030354127756,0.0,81.5956151367509,0.006562925613121062,3.5488646019243935e-05,0.0006883777531246239,0.00016164447675127698,0.0,0.0005142036815569687,5425,2774,5301,0.2054814814814815,0.39266666666666666,1,0,0
flow,0.1,1.5,0,registered,during_vibration,flow_dump_0.1_1.5.shear.wave,2006,200600,200.6,0.2006,158683.45183699526,1230.7033685733109,0.007755713367248457,7.755713367248457e+17,105,0.0006616947059348027,6.616947059348027e+26,987.1088222635385,15.14706828105938,110.19876894873727,29.799639218170725,0.0,88.4490698618049,0.006220616017841157,9.54546180191425e-05,0.0006944565906086854,0.0001877929858041018,0.0,0.0005573931549753697,5440,2779,5281,0.20585185185185184,0.3911851851851852,1,0,0
flow,0.1,1.5,0,registered,during_vibration,flow_dump_0.1_1.5.shear.wave,2007,200700,200.70000000000002,0.2007,158683.45183699526,1314.661963145683,0.008284808201022412,8.284808201022412e+17,107,0.0006742984146192752,6.742984146192752e+26,1064.4537296838607,12.40409651081617,113.64919244332768,35.05585339828633,0.0,89.09909110939155,0.006708032358517773,7.816880945820398e-05,0.0007162006568906239,0.0002209168819587869,0.0,0.0005614894941970193,5435,2770,5295,0.2051851851851852,0.39222222222222225,1,0,0
flow,0.1,1.5,0,registered,during_vibration,flow_dump_0.1_1.5.shear.wave,2008,200800,200.8,0.20079999999999998,158683.4518369953,1245.370962466934,0.007848146407517142,7.848146407517142e+17,107,0.0006742984146192749,6.742984146192749e+26,1022.3512686425631,11.595746919959657,111.46413537496386,30.416490266553204,0.0,69.54332126289407,0.00644270878158584,7.307470807901998e-05,0.0007024307455163213,0.00019168029126186386,0.0,0.00043825188107409705,5427,2765,5308,0.2048148148148148,0.3931851851851852,1,0,0
flow,0.1,1.5,0,registered,during_vibration,flow_dump_0.1_1.5.shear.wave,2009,200900,200.9,0.2009,158683.45183699526,1253.7086707379508,0.00790068943058915,7.90068943058915e+17,103,0.0006490909972503302,6.490909972503302e+26,993.8681362547512,24.517874691282323,119.11661216932733,10.262401131142358,0.0,105.94364649144747,0.006263212230067219,0.00015450807508566092,0.0007506555396317426,6.467215713005932e-05,0.0,0.0006676414286744669,5441,2780,5279,0.20592592592592593,0.391037037037037,1,0,0
flow,0.1,1.5,0,registered,during_vibration,flow_dump_0.1_1.5.shear.wave,2010,201000,201.0,0.20099999999999998,158683.45183699526,1230.4957330754632,0.0077544048785847435,7.754404878584744e+17,99,0.0006238835798813854,6.238835798813854e+26,973.3554750215641,11.30880687819665,117.86399824045398,25.1499305404652,0.0,102.81752239478324,0.006133944426804038,7.126645373087434e-05,0.0007427617491049266,0.00015849119898336984,0.0,0.0006479410499615341,5442,2774,5284,0.2054814814814815,0.3914074074074074,1,0,0
flow,0.1,1.5,0,registered,during_vibration,flow_dump_0.1_1.5.shear.wave,2011,201100,201.1,0.2011,158683.45183699526,1229.859612091188,0.007750396136797801,7.750396136797801e+17,102,0.000642789142908094,6.42789142908094e+26,1009.1218382709257,4.492415167344968,112.34226945620993,27.751794448008035,0.0,76.15129474869876,0.006359338838353025,2.8310546029460726e-05,0.0007079646185892876,0.00017488776634702635,0.0,0.00047989436747899723,5430,2782,5288,0.20607407407407408,0.3917037037037037,1,0,0
flow,0.1,1.5,0,registered,during_vibration,flow_dump_0.1_1.5.shear.wave,2012,201200,201.20000000000002,0.2012,158683.45183699526,1260.0880025396502,0.007940891050404254,7.940891050404253e+17,109,0.0006869021233037475,6.869021233037475e+26,999.7645006918121,4.454727368606824,125.78709784520107,38.125784640765765,0.0,91.95589199326432,0.006300370259898319,2.8073043011333428e-05,0.0007926919687530721,0.00024026314148957255,0.0,0.0005794926372519572,5446,2775,5279,0.20555555555555555,0.391037037037037,1,0,0
flow,0.1,1.5,0,registered,during_vibration,flow_dump_0.1_1.5.shear.wave,2013,201300,201.3,0.20129999999999998,158683.45183699526,1201.3118923774998,0.007570492565359153,7.570492565359153e+17,101,0.0006364872885658578,6.364872885658577e+26,997.2311456525817,4.842649445243566,112.1582988455852,24.392901188481815,0.0,62.68689724560739,0.006284405425443919,3.051767143443597e-05,0.0007068052625978782,0.0001537205102743731,0.0,0.00039504369560854644,5450,2766,5284,0.2048888888888889,0.3914074074074074,1,0,0
flow,0.1,1.5,0,registered,during_vibration,flow_dump_0.1_1.5.shear.wave,2014,201400,201.4,0.2014,158683.45183699526,1226.216553122546,0.007727438109817242,7.727438109817242e+17,103,0.0006490909972503302,6.490909972503302e+26,991.523002672651,21.899651433077572,117.87354677507648,23.00924369947833,0.0,71.91110854226311,0.006248433539819737,0.00013800841347699948,0.0007428219225792994,0.0001450009023191288,0.0,0.0004531733316220806,5441,2765,5294,0.2048148148148148,0.39214814814814813,1,0,0
flow,0.1,1.5,0,registered,during_vibration,flow_dump_0.1_1.5.shear.wave,2015,201500,201.5,0.20149999999999998,158683.4518369953,1216.6902867161202,0.007667404966498608,7.667404966498607e+17,106,0.0006679965602770388,6.679965602770388e+26,976.7224798949194,11.297984294641157,113.53618640556314,20.053944926335692,0.0,95.07969119466165,0.006155162801085522,7.119825138570093e-05,0.0007154885093008384,0.00012637703991299449,0.0,0.0005991783648135569,5442,2766,5292,0.2048888888888889,0.392,1,0,0
flow,0.1,1.5,0,registered,during_vibration,flow_dump_0.1_1.5.shear.wave,2016,201600,201.6,0.2016,158683.45183699526,1248.2848992660527,0.007866509612787672,7.866509612787672e+17,105,0.0006616947059348027,6.616947059348027e+26,1021.7863703782795,15.34410318985209,104.71407579364433,31.408075741334166,0.0,75.03227416294263,0.006439148875006143,9.669630331468997e-05,0.0006598928532334297,0.00019792911849181066,0.0,0.00047284246274159825,5451,2776,5273,0.20562962962962963,0.3905925925925926,1,0,0
flow,0.1,1.5,0,registered,during_vibration,flow_dump_0.1_1.5.shear.wave,2017,201700,201.70000000000002,0.2017,158683.45183699526,1245.5984961075021,0.007849580291377962,7.849580291377962e+17,100,0.0006301854342236216,6.301854342236216e+26,997.9447388559404,4.353416468543548,102.64327503309055,16.37717330524314,0.0,124.2798924446839,0.0062889023858710945,2.743459647585381e-05,0.0006468429684686278,0.00010320656070720152,0.0,0.0007831937798551811,5424,2769,5307,0.2051111111111111,0.39311111111111113,1,0,0
flow,0.1,1.5,0,registered,during_vibration,flow_dump_0.1_1.5.shear.wave,2018,201800,201.8,0.20179999999999998,158683.45183699526,1205.0562583816654,0.007594089014521426,7.594089014521426e+17,97,0.000611279871196913,6.112798711969129e+26,1009.1164715129387,0.0,89.91083539084666,21.440447338030847,0.0,84.5885041398496,0.006359305017825901,0.0,0.0005666049884218927,0.0001351145761566566,0.0,0.0005330644321169774,5427,2770,5303,0.2051851851851852,0.39281481481481484,1,0,0
flow,0.1,1.5,0,registered,during_vibration,flow_dump_0.1_1.5.shear.wave,2019,201900,201.9,0.2019,158683.4518369953,1208.1389652523571,0.007613515784200334,7.613515784200334e+17,100,0.0006301854342236215,6.301854342236214e+26,965.7314271270251,8.088989287843033,125.0567732920874,22.996589750592143,0.0,86.26518579480907,0.00608589878747442,5.097563226789584e-05,0.0007880895697967909,0.00014492115897639393,0.0,0.0005436306356848314,5447,2778,5275,0.20577777777777778,0.3907407407407407,1,0,0
flow,0.1,1.5,0,registered,during_vibration,flow_dump_0.1_1.5.shear.wave,2020,202000,202.0,0.20199999999999999,158683.45183699526,1197.5948808439541,0.007547068500086336,7.547068500086336e+17,103,0.0006490909972503302,6.490909972503302e+26,965.1909153698232,13.226725559306965,111.03491822613013,31.976643701862386,0.0,76.16567798683126,0.006082492561110269,8.335289789948534e-05,0.0006997258815631813,0.00020151215096272183,0.0,0.0004799850085506779,5461,2767,5272,0.20496296296296296,0.39051851851851854,1,0,0
flow,0.1,1.5,0,registered,during_vibration,flow_dump_0.1_1.5.shear.wave,2021,202100,202.1,0.2021,158683.45183699526,1238.8283180177407,0.007806915615185287,7.806915615185286e+17,98,0.0006175817255391491,6.1758172553914915e+26,988.3768496035631,19.53361628833011,126.32866648776825,30.507469516705143,0.0,74.08171612137369,0.006228606941439965,0.00012309800462618917,0.0007961048554548531,0.0001922536292444873,0.0,0.00046685218441978947,5447,2766,5287,0.2048888888888889,0.3916296296296296,1,0,0
flow,0.1,1.5,0,registered,during_vibration,flow_dump_0.1_1.5.shear.wave,2022,202200,202.20000000000002,0.2022,158683.45183699526,1219.5686379112742,0.007685543916476271,7.685543916476271e+17,103,0.0006490909972503302,6.490909972503302e+26,984.3471118009575,19.663013901474997,113.68393963918727,26.485071892670142,0.0,75.38950067698481,0.006203212120770542,0.0001239134495364613,0.0007164196286577321,0.00016690506531126168,0.0,0.00047509365220027686,5441,2780,5279,0.20592592592592593,0.391037037037037,1,0,0
flow,0.1,1.5,0,registered,during_vibration,flow_dump_0.1_1.5.shear.wave,2023,202300,202.3,0.20229999999999998,158683.4518369953,1210.7892190889756,0.007630217297848657,7.630217297848657e+17,98,0.000617581725539149,6.17581725539149e+26,997.5441083560238,6.209027328561915,109.92288927328312,23.644843783625028,0.0,73.46835034748217,0.006286377670815562,3.912838583156123e-05,0.0006927180370779898,0.00014900636146933434,0.0,0.00046298684265421206,5445,2776,5279,0.20562962962962963,0.391037037037037,1,0,0
flow,0.1,1.5,0,registered,during_vibration,flow_dump_0.1_1.5.shear.wave,2024,202400,202.4,0.2024,158683.45183699526,1243.3325758330743,0.007835300791857399,7.835300791857399e+17,106,0.0006679965602770389,6.679965602770389e+26,1012.0449198068152,3.024572160407863,105.25625944041256,22.94259036109233,0.0,100.06423406434617,0.006377759672422681,1.9060413202473065e-05,0.0006633096156021056,0.00014458086268919645,0.0,0.000630590227940941,5435,2773,5292,0.2054074074074074,0.392,1,0,0
flow,0.1,1.5,0,registered,during_vibration,flow_dump_0.1_1.5.shear.wave,2025,202500,202.5,0.20249999999999999,158683.45183699526,1266.1179845614736,0.007978891118792089,7.97889111879209e+17,104,0.0006553928515925665,6.553928515925665e+26,1039.5564147542327,4.853553219538886,101.25718673200039,31.025593146003413,0.0,89.42523670969851,0.006551133106318474,3.05863854318257e-05,0.0006381080418896801,0.00019551876888759578,0.0,0.000563544816264515,5446,2779,5275,0.20585185185185184,0.3907407407407407,1,0,0
flow,0.1,1.5,0,registered,during_vibration,flow_dump_0.1_1.5.shear.wave,2026,202600,202.6,0.2026,158683.45183699526,1211.6115615460071,0.007635399580232307,7.635399580232307e+17,101,0.0006364872885658578,6.364872885658577e+26,941.4740473438198,4.7805101423988745,132.4845795886481,31.20692183350977,0.0,101.66550263763064,0.005933032313356356,3.012607859898062e-05,0.0008348985231600616,0.00019666147586432973,0.0,0.0006406811892525801,5442,2782,5276,0.20607407407407408,0.39081481481481484,1,0,0
flow,0.1,1.5,0,registered,during_vibration,flow_dump_0.1_1.5.shear.wave,2027,202700,202.70000000000002,0.2027,158683.4518369953,1225.7023065528892,0.007724197402839269,7.724197402839269e+17,113,0.0007121095406726923,7.121095406726924e+26,979.8093832287855,7.590811576308344,109.56638078095467,47.66098308729506,0.0,81.07474787954584,0.006174616016264109,4.783618889325566e-05,0.0006904713724875658,0.00030035257322391716,0.0,0.0005109212519704223,5430,2766,5304,0.2048888888888889,0.3928888888888889,1,0,0
flow,0.1,1.5,0,registered,during_vibration,flow_dump_0.1_1.5.shear.wave,2028,202800,202.8,0.20279999999999998,158683.45183699526,1225.3014447989788,0.007721671230454754,7.721671230454753e+17,103,0.0006490909972503302,6.490909972503302e+26,999.8271043574306,4.790544677562075,123.50367167785758,27.235837827956203,0.0,69.94428625817237,0.006300764779080336,3.0189314777971153e-05,0.0007783021496452228,0.0001716362828805472,0.0,0.00044077870407067645,5423,2766,5311,0.2048888888888889,0.39340740740740743,1,0,0
flow,0.1,1.5,0,registered,during_vibration,flow_dump_0.1_1.5.shear.wave,2029,202900,202.9,0.2029,158683.45183699526,1281.471689878568,0.008075647933314035,8.075647933314035e+17,105,0.0006616947059348027,6.616947059348027e+26,1041.382383388913,6.074893552428969,107.11913342108626,31.750903860582078,0.0,95.14437565555875,0.006562640094687721,3.8283094311997284e-05,0.000675049176086253,0.0002000895713637338,0.0,0.0005995859968643367,5436,2784,5280,0.20622222222222222,0.39111111111111113,1,0,0
flow,0.1,1.5,0,registered,during_vibration,flow_dump_0.1_1.5.shear.wave,2030,203000,203.0,0.20299999999999999,158683.45183699526,1217.4595584193007,0.0076722528047216566,7.672252804721656e+17,97,0.000611279871196913,6.112798711969129e+26,1013.8481708428948,4.748124000182735,103.08327250699895,24.158038368371734,0.0,71.6219527008527,0.006389123497794542,2.9921985848027562e-05,0.0006496157684601505,0.00015224043899163253,0.0,0.0004513511136273055,5427,2778,5295,0.20577777777777778,0.39222222222222225,1,0,0
flow,0.1,1.5,0,registered,during_vibration,flow_dump_0.1_1.5.shear.wave,2031,203100,203.1,0.2031,158683.45183699526,1205.4089191059613,0.007596311431038166,7.596311431038166e+17,99,0.0006238835798813854,6.238835798813854e+26,993.0784229262939,4.637347637550353,101.18702528857402,31.156398920960864,0.0,75.34972433258214,0.0062582355716991585,2.922388934615555e-05,0.000637665894692766,0.00019634308782850098,0.0,0.00047484298747158465,5419,2773,5308,0.2054074074074074,0.3931851851851852,1,0,0
flow,0.1,1.5,0,registered,during_vibration,flow_dump_0.1_1.5.shear.wave,2032,203200,203.20000000000002,0.2032,158683.45183699526,1240.695349843971,0.00781868137780651,7.818681377806509e+17,100,0.0006301854342236216,6.301854342236216e+26,1019.6975029293733,5.207971495558905,94.46541906344925,28.73554784768244,0.0,92.58890850790708,0.006425985136602898,3.281987778353032e-05,0.0005953073113161614,0.00018108723698045414,0.0,0.000583481815123466,5414,2780,5306,0.20592592592592593,0.393037037037037,1,0,0
flow,0.1,1.5,0,registered,during_vibration,flow_dump_0.1_1.5.shear.wave,2033,203300,203.3,0.20329999999999998,158683.45183699526,1236.7761739480577,0.007793983302168861,7.793983302168861e+17,104,0.0006553928515925665,6.553928515925665e+26,978.7585813575207,7.911400245635042,121.54025036413347,29.666928509205327,0.0,98.89901347156302,0.006167994015928851,4.985649199112385e-05,0.0007659289545136913,0.000186956662246547,0.0,0.0006232471774886474,5417,2775,5308,0.20555555555555555,0.3931851851851852,1,0,0
flow,0.1,1.5,0,registered,during_vibration,flow_dump_0.1_1.5.shear.wave,2034,203400,203.4,0.2034,158683.45183699526,1204.4251114884826,0.007590111618732033,7.590111618732033e+17,103,0.0006490909972503302,6.490909972503302e+26,978.8842734506098,17.191552584106624,104.66992906216993,23.56757148358847,0.0,80.11178490800741,0.006168786109191469,0.00010833866030193457,0.0006596146469619922,0.00014851940268981442,0.0,0.0005048527995868202,5400,2771,5329,0.20525925925925925,0.3947407407407407,1,0,0
flow,0.1,1.5,0,registered,during_vibration,flow_dump_0.1_1.5.shear.wave,2035,203500,203.5,0.2035,158683.45183699526,1217.792287957492,0.007674349617806697,7.674349617806697e+17,99,0.0006238835798813854,6.238835798813854e+26,1009.3842298624672,7.147749098524747,96.92795168370763,27.255284911823423,0.0,77.07707240096816,0.006360992391943548,4.504407369375317e-05,0.0006108258332020351,0.00017175883557045966,0.0,0.0004857284833968964,5384,2762,5354,0.2045925925925926,0.3965925925925926,1,0,0
flow,0.1,1.5,0,registered,during_vibration,flow_dump_0.1_1.5.shear.wave,2036,203600,203.6,0.2036,158683.45183699526,1286.8356139094662,0.008109450601259576,8.109450601259576e+17,106,0.0006679965602770389,6.679965602770389e+26,1020.445180454156,0.0,109.92847173404878,33.66024801713008,0.0,122.80171370413191,0.006430696891459042,0.0,0.0006927532169326065,0.00021212198012749916,0.0,0.0007738785127404323,5404,2766,5330,0.2048888888888889,0.39481481481481484,1,0,0
flow,0.1,1.5,0,registered,during_vibration,flow_dump_0.1_1.5.shear.wave,2037,203700,203.70000000000002,0.2037,158683.45183699526,1228.8375708388462,0.007743955381693786,7.743955381693786e+17,98,0.0006175817255391491,6.1758172553914915e+26,981.9069546321939,0.0,126.38029270140198,41.98286832649263,0.0,78.56745517875704,0.00618783460572083,0.0,0.000796430196333414,0.0002645699210628389,0.0,0.0004951206585766994,5397,2766,5337,0.2048888888888889,0.3953333333333333,1,0,0
flow,0.1,1.5,0,registered,during_vibration,flow_dump_0.1_1.5.shear.wave,2038,203800,203.8,0.20379999999999998,158683.4518369953,1186.2202410990467,0.007475387177218517,7.475387177218516e+17,100,0.0006301854342236215,6.301854342236214e+26,989.926015631246,4.7777146985258145,109.24150261745146,22.50231467522844,0.0,59.772693476595585,0.006238369560098362,3.0108462118870694e-05,0.0006884240376221953,0.00014180630944645405,0.0,0.00037667880793263814,5393,2780,5327,0.20592592592592593,0.3945925925925926,1,0,0
flow,0.1,1.5,0,registered,during_vibration,flow_dump_0.1_1.5.shear.wave,2039,203900,203.9,0.2039,158683.45183699526,1265.42898723905,0.007974549158023984,7.974549158023983e+17,104,0.0006553928515925665,6.553928515925665e+26,995.709790361193,4.431759809697595,121.99210004108605,38.14073740735873,0.0,105.15459961971469,0.006274818065994796,2.7928304800490732e-05,0.000768776445362433,0.00024035737164665487,0.0,0.0006626689702196098,5414,2790,5296,0.20666666666666667,0.3922962962962963,1,0,0
flow,0.1,1.5,0,registered,during_vibration,flow_dump_0.1_1.5.shear.wave,2040,204000,204.0,0.204,158683.45183699526,1184.3181623886212,0.007463400554237948,7.463400554237948e+17,104,0.0006553928515925665,6.553928515925665e+26,959.2196817912796,10.262790453025774,104.25902078699929,33.30353154751862,0.0,77.27313780979772,0.006044862716854817,6.467461057986085e-05,0.0006570251628638474,0.000209874004894531,0.0,0.00048696405904489126,5416,2771,5313,0.20525925925925925,0.39355555555555555,1,0,0
flow,0.1,1.5,0,registered,during_vibration,flow_dump_0.1_1.5.shear.wave,2041,204100,204.1,0.2041,158683.45183699526,1185.007204055185,0.007467742794456365,7.467742794456365e+17,98,0.0006175817255391491,6.1758172553914915e+26,954.4426419162505,0.0,118.13197409291823,45.44302287650826,0.0,66.989565169508,0.0060147585073753295,0.0,0.000744450493894393,0.00028637531103866326,0.0,0.00042215848214797997,5388,2760,5352,0.20444444444444446,0.39644444444444443,1,0,0
flow,0.1,1.5,0,registered,during_vibration,flow_dump_0.1_1.5.shear.wave,2042,204200,204.20000000000002,0.2042,158683.4518369953,1170.8375197155613,0.0073784475076725895,7.37844750767259e+17,96,0.0006049780168546767,6.0497801685467664e+26,952.7203593474809,4.959682229026086,100.1250362723577,23.72796752156741,0.0,89.30447434512898,0.006003904933490769,3.125519499109983e-05,0.0006309733945995159,0.00014953019515822946,0.0,0.0005627837894329737,5396,2768,5336,0.20503703703703705,0.39525925925925925,1,0,0
flow,0.1,1.5,0,registered,during_vibration,flow_dump_0.1_1.5.shear.wave,2043,204300,204.3,0.20429999999999998,158683.45183699526,1271.74974717673,0.008014381666483486,8.014381666483485e+17,105,0.0006616947059348027,6.616947059348027e+26,1025.8162822546071,3.4140606697547264,114.04316172158046,26.390329902189556,0.0,102.08591262859721,0.006464544792662808,2.1514913056351708e-05,0.0007186833938974889,0.00016630801508715952,0.0,0.0006433305517796723,5419,2772,5309,0.20533333333333334,0.39325925925925925,1,0,0
flow,0.1,1.5,0,registered,during_vibration,flow_dump_0.1_1.5.shear.wave,2044,204400,204.4,0.2044,158683.45183699526,1220.0598909025437,0.007688639721272439,7.688639721272439e+17,98,0.0006175817255391491,6.1758172553914915e+26,1009.1564789672518,4.538871730753716,103.20966200935486,32.244058915710525,0.0,70.91081927947235,0.006359557138975586,2.860330852530351e-05,0.0006504122566943851,0.00020319736268929075,0.0,0.0004468696543878704,5393,2770,5337,0.2051851851851852,0.3953333333333333,1,0,0
flow,0.1,1.5,0,registered,during_vibration,flow_dump_0.1_1.5.shear.wave,2045,204500,204.5,0.2045,158683.45183699526,1215.9358720777905,0.007662650755334204,7.662650755334204e+17,99,0.0006238835798813854,6.238835798813854e+26,985.3862474588458,7.82151778937507,111.85142023924536,39.55816727467931,0.0,71.31851931564495,0.006209760602328378,4.9290065843851094e-05,0.0007048713583199762,0.0002492898082108444,0.0,0.00044943892063115456,5402,2781,5317,0.206,0.39385185185185184,1,0,0
flow,0.1,1.5,0,registered,during_vibration,flow_dump_0.1_1.5.shear.wave,2046,204600,204.6,0.2046,158683.4518369953,1213.3079478274783,0.007646089959486305,7.646089959486305e+17,100,0.0006301854342236215,6.301854342236214e+26,966.5331021018897,16.15569963504704,119.57488101542283,33.18748850322539,0.0,77.85677657189358,0.006090950826395832,0.00010181086589698522,0.0007535434831494212,0.00020914271853196537,0.0,0.0004906420655121024,5412,2790,5298,0.20666666666666667,0.39244444444444443,1,0,0
flow,0.1,1.5,0,registered,during_vibration,flow_dump_0.1_1.5.shear.wave,2047,204700,204.70000000000002,0.2047,158683.45183699526,1231.6052338028571,0.007761396790561385,7.761396790561385e+17,105,0.0006616947059348027,6.616947059348027e+26,1010.1119325071036,0.0,108.66049996549395,42.16060099003726,0.0,70.67220034022245,0.006365578268014506,0.0,0.0006847626435371063,0.0002656899664203548,0.0,0.0004453659125894186,5404,2771,5325,0.20525925925925925,0.39444444444444443,1,0,0
flow,0.1,1.5,0,registered,during_vibration,flow_dump_0.1_1.5.shear.wave,2048,204800,204.8,0.20479999999999998,158683.45183699526,1174.9858564298154,0.007404589721408371,7.404589721408371e+17,98,0.0006175817255391491,6.1758172553914915e+26,948.1312720576863,3.8961115090325915,117.25000458229103,28.660787362760807,0.0,77.04768091804485,0.005974985173826677,2.4552727231033532e-05,0.000738892450504127,0.00018061610729392305,0.0,0.00048554326255261133,5386,2770,5344,0.2051851851851852,0.39585185185185184,1,0,0
flow,0.1,1.5,0,registered,during_vibration,flow_dump_0.1_1.5.shear.wave,2049,204900,204.9,0.2049,158683.45183699526,1223.5788776758004,0.007710815863349758,7.710815863349759e+17,101,0.0006364872885658578,6.364872885658577e+26,1020.0857489877311,0.0,110.88135239695288,21.721235022293904,0.0,70.89054126882179,0.006428431806711616,0.0,0.0006987581320757615,0.00013688405924397622,0.0,0.0004467418653184003,5400,2773,5327,0.2054074074074074,0.3945925925925926,1,0,0
flow,0.1,1.5,0,registered,during_vibration,flow_dump_0.1_1.5.shear.wave,2050,205000,205.0,0.205,158683.45183699526,1211.1802618540873,0.007632681592395977,7.632681592395977e+17,100,0.0006301854342236216,6.301854342236216e+26,967.4728695431111,3.1804986905366652,116.9444279411462,21.690052301753525,0.0,101.8924133775399,0.006096873103925987,2.0043039483435084e-05,0.0007369667510212424,0.0001366875502811361,0.0,0.0006421111476841773,5382,2781,5337,0.206,0.3953333333333333,1,0,0
flow,0.1,1.5,0,registered,during_vibration,flow_dump_0.1_1.5.shear.wave,2051,205100,205.1,0.2051,158683.45183699526,1174.287100455612,0.007400186263038174,7.400186263038175e+17,99,0.0006238835798813854,6.238835798813854e+26,930.3914312360115,4.939443458078733,120.5744213859085,37.67756847491623,0.0,80.70423590069775,0.005863191280914027,3.112765320452374e-05,0.0007598424409734067,0.0002374385484985532,0.0,0.000508586339447668,5378,2770,5352,0.2051851851851852,0.39644444444444443,1,0,0
flow,0.1,1.5,0,registered,during_vibration,flow_dump_0.1_1.5.shear.wave,2052,205200,205.20000000000002,0.2052,158683.45183699526,1260.5119343510246,0.007943562606930576,7.943562606930577e+17,104,0.0006553928515925665,6.553928515925665e+26,993.2118874796106,5.571068910911949,117.32854094662423,46.77677757983746,0.0,97.62365943404055,0.006259076645874012,3.510806480712765e-05,0.0007393873752327236,0.00029478043890731633,0.0,0.000615210082109398,5401,2784,5315,0.20622222222222222,0.3937037037037037,1,0,0
flow,0.1,1.5,0,registered,during_vibration,flow_dump_0.1_1.5.shear.wave,2053,205300,205.3,0.20529999999999998,158683.45183699526,1181.3447094923886,0.00744466228719239,7.44466228719239e+17,102,0.000642789142908094,6.42789142908094e+26,946.5019685933859,9.920478887588501,116.54319047960779,31.245541541955035,0.0,77.13352998985182,0.005964717540715355,6.25174129548123e-05,0.0007344382109819788,0.0001969048516416914,0.0,0.0004860842708985551,5407,2775,5318,0.20555555555555555,0.3939259259259259,1,0,0
flow,0.1,1.5,0,registered,during_vibration,flow_dump_0.1_1.5.shear.wave,2054,205400,205.4,0.2054,158683.45183699526,1170.0712329723508,0.007373618480232492,7.373618480232492e+17,98,0.0006175817255391491,6.1758172553914915e+26,943.726597707515,4.400453005540168,106.62434133848413,39.52768050473926,0.0,75.79216041607287,0.005947227557646914,2.7731013880769715e-05,0.0006719310684520027,0.0002490976850273169,0.0,0.0004776311552254927,5387,2762,5351,0.2045925925925926,0.3963703703703704,1,0,0
flow,0.1,1.5,0,registered,during_vibration,flow_dump_0.1_1.5.shear.wave,2055,205500,205.5,0.2055,158683.45183699526,1183.0202225424537,0.007455221126382416,7.455221126382417e+17,99,0.0006238835798813854,6.238835798813854e+26,967.4619372720066,3.2019567403000573,97.34896021656202,32.17693116224892,0.0,82.83043715133547,0.006096804210345856,2.0178264987512434e-05,0.000613478967652922,0.00020277433336465418,0.0,0.0005219853500314674,5381,2761,5358,0.20451851851851852,0.3968888888888889,1,0,0
flow,0.1,1.5,0,registered,during_vibration,flow_dump_0.1_1.5.shear.wave,2056,205600,205.6,0.20559999999999998,158683.45183699526,1232.924889554314,0.007769713068888961,7.769713068888961e+17,97,0.000611279871196913,6.112798711969129e+26,994.7887789228605,0.0,108.81134562946163,35.38239576125479,0.0,93.9423692407365,0.006269013986062891,0.0,0.0006857132509395885,0.00022297470436678378,0.0,0.0005920111275196932,5385,2781,5334,0.206,0.39511111111111114,1,0,0
flow,0.1,1.5,0,registered,during_vibration,flow_dump_0.1_1.5.shear.wave,2057,205700,205.70000000000002,0.2057,158683.4518369953,1208.171723854447,0.00761372222413916,7.61372222413916e+17,100,0.0006301854342236215,6.301854342236214e+26,987.1128666464846,4.641671379620083,105.56491740868701,38.885305205841846,0.0,71.96696321381371,0.006220641504953386,2.925113693889238e-05,0.0006652547331597416,0.00024504952946061495,0.0,0.0004535253196265259,5371,2777,5352,0.2057037037037037,0.39644444444444443,1,0,0
flow,0.1,1.5,0,registered,during_vibration,flow_dump_0.1_1.5.shear.wave,2058,205800,205.8,0.20579999999999998,158683.45183699526,1195.076820689613,0.007531200051768689,7.531200051768689e+17,93,0.0005860724538279681,5.860724538279681e+26,970.0450473566618,3.802739842357902,118.04697631368295,28.010859061399877,0.0,75.17119811551125,0.006113082593849315,2.3964312587957807e-05,0.0007439148502702386,0.00017652035380584947,0.0,0.0004737179412553334,5376,2774,5350,0.2054814814814815,0.3962962962962963,1,0,0
flow,0.1,1.5,0,registered,during_vibration,flow_dump_0.1_1.5.shear.wave,2059,205900,205.9,0.2059,158683.45183699526,1239.3191126719735,0.00781000853160821,7.81000853160821e+17,100,0.0006301854342236216,6.301854342236216e+26,986.4269196994627,0.0,119.74227223030162,30.61440292493984,0.0,102.53551781726962,0.006216318767206754,0.0,0.0007545983582037573,0.00019292750800750124,0.0,0.0006461638981901995,5364,2775,5361,0.20555555555555555,0.39711111111111114,1,0,0
flow,0.1,1.5,0,registered,during_vibration,flow_dump_0.1_1.5.shear.wave,2060,206000,206.0,0.206,158683.45183699526,1251.5923644883069,0.00788735277686033,7.88735277686033e+17,110,0.0006932039776459838,6.932039776459838e+26,1016.0064671641497,9.380024718763078,116.90209638611728,26.289024754699273,0.0,83.01475146457707,0.006402724766838474,5.9111549504220145e-05,0.0007366999837273698,0.000165669604803557,0.0,0.0005231468719867053,5382,2763,5355,0.20466666666666666,0.39666666666666667,1,0,0
flow,0.1,1.5,0,registered,during_vibration,flow_dump_0.1_1.5.shear.wave,2061,206100,206.1,0.20609999999999998,158683.4518369953,1213.4134750547578,0.007646754976701761,7.646754976701761e+17,97,0.0006112798711969128,6.1127987119691286e+26,982.4329458322067,4.570598431544184,108.9125604844037,23.980041117164355,0.0,93.51732918943867,0.006191149325648608,2.880324557244475e-05,0.0006863510922127038,0.00015111872624120517,0.0,0.0005893325870267976,5376,2758,5366,0.2042962962962963,0.3974814814814815,1,0,0
flow,0.1,1.5,0,registered,during_vibration,flow_dump_0.1_1.5.shear.wave,2062,206200,206.20000000000002,0.2062,158683.45183699526,1183.0883132186825,0.0074556502239060745,7.455650223906075e+17,98,0.0006175817255391491,6.1758172553914915e+26,958.3834056661692,0.0,115.63965225792143,30.81282508616556,0.0,78.25243020842642,0.0060395926265244815,0.0,0.0007287442447162682,0.00019417793556581744,0.0,0.0004931354170995085,5363,2765,5372,0.2048148148148148,0.3979259259259259,1,0,0
flow,0.1,1.5,0,registered,during_vibration,flow_dump_0.1_1.5.shear.wave,2063,206300,206.3,0.20629999999999998,158683.45183699526,1288.531185044222,0.008120135843577706,8.120135843577706e+17,109,0.0006869021233037475,6.869021233037475e+26,1038.3680491728308,0.0,126.64941164457575,31.608339066836106,0.0,91.90538515997956,0.0065436441995191524,0.0,0.0007981261447140317,0.00019919114879921574,0.0,0.000579174350545309,5376,2770,5354,0.2051851851851852,0.3965925925925926,1,0,0
flow,0.1,1.5,0,registered,during_vibration,flow_dump_0.1_1.5.shear.wave,2064,206400,206.4,0.2064,158683.45183699526,1255.6350123044085,0.007912828954554361,7.912828954554362e+17,98,0.0006175817255391491,6.1758172553914915e+26,1052.0330767161472,5.489736875251436,117.87264237665005,30.112099168394426,0.0,50.127457167964664,0.006629759212679778,3.459552216503754e-05,0.0007428162231921487,0.00018976206289819395,0.0,0.000315895933619198,5367,2778,5355,0.20577777777777778,0.39666666666666667,1,0,0
flow,0.1,1.5,0,registered,during_vibration,flow_dump_0.1_1.5.shear.wave,2065,206500,206.5,0.2065,158683.4518369953,1266.0588790112924,0.007978518644224029,7.978518644224028e+17,100,0.0006301854342236215,6.301854342236214e+26,1022.3092304228306,6.776335515306053,115.36824621568202,26.787826047204874,0.0,94.81724081026974,0.006442443862848278,4.270347939158093e-05,0.0007270338833704725,0.0001688129778946464,0.0,0.0005975244407190552,5375,2776,5349,0.20562962962962963,0.3962222222222222,1,0,0
flow,0.1,1.5,0,registered,during_vibration,flow_dump_0.1_1.5.shear.wave,2066,206600,206.6,0.20659999999999998,158683.45183699526,1252.5671815538276,0.007893495932017568,7.893495932017568e+17,100,0.0006301854342236216,6.301854342236216e+26,990.9013872595841,4.068846476987957,139.60346289669369,30.73939690188663,0.0,87.25408801867508,0.0062445162100297005,2.5641277838899088e-05,0.0008797606888467415,0.00019371520184387675,0.0,0.0005498625534583485,5377,2768,5355,0.20503703703703705,0.39666666666666667,1,0,0
flow,0.1,1.5,0,registered,during_vibration,flow_dump_0.1_1.5.shear.wave,2067,206700,206.70000000000002,0.2067,158683.45183699526,1269.5134437907598,0.008000288808280052,8.000288808280051e+17,108,0.0006806002689615113,6.806002689615113e+26,1022.8356371523317,4.353250651184047,122.43465421235358,40.25613421894553,0.0,79.63376755594453,0.006445761201382369,2.743355151900682e-05,0.00077156535728831,0.0002536882942293058,0.0,0.0005018404038610586,5377,2754,5369,0.204,0.3977037037037037,1,0,0
flow,0.1,1.5,0,registered,during_vibration,flow_dump_0.1_1.5.shear.wave,2068,206800,206.8,0.20679999999999998,158683.45183699526,1238.2721792723921,0.007803410909818027,7.803410909818026e+17,98,0.0006175817255391491,6.1758172553914915e+26,1002.253728936184,4.7951984563725985,112.8175722095045,29.15293259215075,0.0,89.25274707818033,0.00631605701371893,3.021864221417606e-05,0.0007109599073090138,0.00018371753484476493,0.0,0.0005624578117311414,5385,2749,5366,0.20362962962962963,0.3974814814814815,1,0,0
flow,0.1,1.5,0,registered,during_vibration,flow_dump_0.1_1.5.shear.wave,2069,206900,206.9,0.2069,158683.4518369953,1234.4609412820091,0.007779393043139034,7.779393043139034e+17,103,0.0006490909972503301,6.490909972503302e+26,996.6069251434137,8.060089418984981,120.15652326825587,30.239510249436552,0.0,79.39789320191824,0.006280471678717704,5.0793509503842674e-05,0.000757208907906065,0.00019056498897250827,0.0,0.0005003539580389157,5375,2759,5366,0.20437037037037037,0.3974814814814815,1,0,0
flow,0.1,1.5,0,registered,during_vibration,flow_dump_0.1_1.5.shear.wave,2070,207000,207.0,0.207,158683.45183699526,1288.039114632603,0.008117034887517562,8.117034887517562e+17,104,0.0006553928515925665,6.553928515925665e+26,1057.0756065373143,5.159301351384429,121.15615270544733,29.630390291030906,0.0,75.01766374742597,0.006661536501129156,3.2513165624127144e-05,0.0007635084270154573,0.00018672640371768693,0.0,0.0004727503900311327,5378,2757,5365,0.20422222222222222,0.39740740740740743,1,0,0
flow,0.1,1.5,0,registered,during_vibration,flow_dump_0.1_1.5.shear.wave,2071,207100,207.1,0.20709999999999998,158683.45183699526,1231.894463823362,0.007763219476022009,7.76321947602201e+17,96,0.0006049780168546768,6.049780168546768e+26,1013.6284998420667,2.854300630408929,125.28959112577176,23.732779734176432,0.0,66.38929249093778,0.00638773916314411,1.7987386821790076e-05,0.0007895567538729448,0.00014956052102115542,0.0,0.00041837565116200644,5360,2761,5379,0.20451851851851852,0.39844444444444443,1,0,0
flow,0.1,1.5,0,registered,during_vibration,flow_dump_0.1_1.5.shear.wave,2072,207200,207.20000000000002,0.2072,158683.45183699526,1258.029889341219,0.007927921120807906,7.927921120807907e+17,105,0.0006616947059348027,6.616947059348027e+26,1008.7968622851824,0.0,125.22186111573268,26.814868203748702,0.0,97.19629773655456,0.006357290887026147,0.0,0.0007891299292150804,0.0001689833936262856,0.0,0.0006125169109403904,5371,2770,5359,0.2051851851851852,0.39696296296296296,1,0,0
flow,0.1,1.5,0,registered,during_vibration,flow_dump_0.1_1.5.shear.wave,2073,207300,207.3,0.20729999999999998,158683.45183699526,1282.795669163356,0.008083991457918908,8.083991457918908e+17,102,0.000642789142908094,6.42789142908094e+26,1011.3925828551522,0.0,120.09923142443886,51.4073106412757,0.0,99.8965442424883,0.006373648739971243,0.0,0.0007568478630513322,0.0003239613837874093,0.0,0.0006295334711089172,5360,2767,5373,0.20496296296296296,0.398,1,0,0
flow,0.1,1.5,0,registered,during_vibration,flow_dump_0.1_1.5.shear.wave,2074,207400,207.4,0.2074,158683.45183699526,1266.0328317234155,0.00797835449800982,7.978354498009819e+17,106,0.0006679965602770389,6.679965602770389e+26,1013.994940925787,8.781535947215955,111.9348492202306,43.493313100775694,0.0,87.8281925294054,0.006390048421478726,5.5339960440466287e-05,0.0007053971156060664,0.0002740885240223626,0.0,0.0005534804764621918,5368,2763,5369,0.20466666666666666,0.3977037037037037,1,0,0
flow,0.1,1.5,0,registered,during_vibration,flow_dump_0.1_1.5.shear.wave,2075,207500,207.5,0.2075,158683.45183699526,1238.8375067627514,0.0078069735213179324,7.806973521317933e+17,105,0.0006616947059348027,6.616947059348027e+26,994.3078768764256,6.006651039074092,113.30807716886513,23.640177454150844,0.0,101.57472422423567,0.006265983411413375,3.785303993288675e-05,0.0007140509981170489,0.0001489769549406752,0.0,0.0006401091169139457,5357,2760,5383,0.20444444444444446,0.39874074074074073,1,0,0
flow,0.1,1.5,0,registered,during_vibration,flow_dump_0.1_1.5.shear.wave,2076,207600,207.6,0.20759999999999998,158683.4518369953,1234.8742990868946,0.007781997963816649,7.781997963816649e+17,106,0.0006679965602770388,6.679965602770388e+26,993.1090505551474,3.5736509226644593,113.00578279721466,25.89625738574551,0.0,99.28955742612246,0.006258428582555041,2.252062758462948e-05,0.0007121459830184298,0.000163194442054027,0.0,0.0006257083286045218,5384,2781,5335,0.206,0.3951851851851852,1,0,0
flow,0.1,1.5,0,registered,during_vibration,flow_dump_0.1_1.5.shear.wave,2077,207700,207.70000000000002,0.2077,158683.45183699526,1180.5683717318125,0.0074397699197048615,7.439769919704861e+17,98,0.0006175817255391491,6.1758172553914915e+26,945.6204701956751,13.510752422801975,103.05555448030375,32.311427202339296,0.0,86.07016743069295,0.0059591624662100676,8.51427938225131e-05,0.0006494410934932631,0.00020362190781891127,0.0,0.0005424016583601104,5368,2775,5357,0.20555555555555555,0.39681481481481484,1,0,0
flow,0.1,1.5,0,registered,during_vibration,flow_dump_0.1_1.5.shear.wave,2078,207800,207.8,0.20779999999999998,158683.45183699526,1210.297083023044,0.007627115928044596,7.627115928044596e+17,100,0.0006301854342236216,6.301854342236216e+26,1005.4454429755609,0.0,105.26190953701285,33.36009483241105,0.0,66.2296356780597,0.006336170730697154,0.0,0.0006633452216879002,0.00021023045847704154,0.0,0.0004173695171825031,5371,2776,5353,0.20562962962962963,0.3965185185185185,1,0,0
flow,0.1,1.5,0,registered,during_vibration,flow_dump_0.1_1.5.shear.wave,2079,207900,207.9,0.2079,158683.45183699526,1167.9543604458704,0.007360278257909531,7.360278257909531e+17,98,0.0006175817255391491,6.1758172553914915e+26,912.5167957025669,18.974949989834467,125.81558157772476,29.560641750262292,0.0,81.08639142548185,0.0057505479313616995,0.00011957737098715338,0.0007928714690865596,0.0001862868585731796,0.0,0.0005109946279009382,5349,2788,5363,0.20651851851851852,0.39725925925925926,1,0,0
flow,0.1,1.5,0,registered,during_vibration,flow_dump_0.1_1.5.shear.wave,2080,208000,208.0,0.208,158683.4518369953,1264.0381714961811,0.007965784439795533,7.965784439795533e+17,107,0.0006742984146192749,6.742984146192749e+26,1006.9077576855452,4.0404084338731625,120.43238198581852,32.35608304264855,0.0,100.30154034829525,0.006345386025001984,2.5462065433411413e-05,0.000758947329363181,0.0002039033224200703,0.0,0.0006320856975768853,5376,2764,5360,0.20474074074074075,0.397037037037037,1,0,0
flow,0.1,1.5,0,registered,during_vibration,flow_dump_0.1_1.5.shear.wave,2081,208100,208.1,0.20809999999999998,158683.45183699526,1232.9906609302327,0.007770127550519889,7.770127550519889e+17,100,0.0006301854342236216,6.301854342236216e+26,993.1196476212968,0.0,123.07600599386566,31.4734908373581,0.0,85.32151647771245,0.00625849536372237,0.0,0.0007756070627975329,0.0001983413548987369,0.0,0.0005376837691012511,5359,2749,5392,0.20362962962962963,0.39940740740740743,1,0,0
flow,0.1,1.5,0,registered,during_vibration,flow_dump_0.1_1.5.shear.wave,2082,208200,208.20000000000002,0.2082,158683.45183699526,1222.2520231293868,0.007702454219264926,7.702454219264925e+17,104,0.0006553928515925665,6.553928515925665e+26,982.298221596557,10.446293948338687,120.93747885734402,23.976660462740114,0.0,84.59336826440764,0.006190300313139175,6.583102287861406e-05,0.0007621303762762539,0.00015109742184944217,0.0,0.0005330950851214446,5351,2763,5386,0.20466666666666666,0.39896296296296296,1,0,0
flow,0.1,1.5,0,registered,during_vibration,flow_dump_0.1_1.5.shear.wave,2083,208300,208.3,0.20829999999999999,158683.45183699526,1264.353613774172,0.007967772311084817,7.967772311084818e+17,105,0.0006616947059348027,6.616947059348027e+26,1008.8746872118234,3.5087958698065167,113.88884737751815,22.914090790492452,0.0,115.1671925245315,0.006357781328378033,2.21119204881607e-05,0.0007177109273782905,0.00014440126254645975,0.0,0.0007257668722938731,5367,2761,5372,0.20451851851851852,0.3979259259259259,1,0,0
flow,0.1,1.5,0,registered,during_vibration,flow_dump_0.1_1.5.shear.wave,2084,208400,208.4,0.2084,158683.4518369953,1212.3182164280095,0.007639852816368915,7.639852816368915e+17,100,0.0006301854342236215,6.301854342236214e+26,973.2594254724892,4.975101936031747,108.7461969403118,24.125244883212314,0.0,101.21224719596445,0.006133339136536129,3.135236773864946e-05,0.0006853026933899785,0.00015203377922478353,0.0,0.0006378248394793738,5353,2761,5386,0.20451851851851852,0.39896296296296296,1,0,0
flow,0.1,1.5,0,registered,during_vibration,flow_dump_0.1_1.5.shear.wave,2085,208500,208.5,0.2085,158683.45183699526,1228.7116175751362,0.007743161642571957,7.743161642571956e+17,98,0.0006175817255391491,6.1758172553914915e+26,988.6800005991097,9.53282290126818,126.18857386945983,23.666717911795068,0.0,80.64350229350221,0.006230517354857604,6.007446139412572e-05,0.0007952220121798509,0.0001491442090389254,0.0,0.0005082036051014432,5345,2765,5390,0.2048148148148148,0.39925925925925926,1,0,0
flow,0.1,1.5,0,registered,during_vibration,flow_dump_0.1_1.5.shear.wave,2086,208600,208.6,0.20859999999999998,158683.45183699526,1224.4418773682535,0.007716254361708992,7.716254361708992e+17,103,0.0006490909972503302,6.490909972503302e+26,971.7305752081069,5.163917118137139,128.2122602921244,34.233339713689624,0.0,85.10178503619542,0.006123704544858904,3.2542253513880456e-05,0.0008079749892498441,0.00021573352052396246,0.0,0.0005362990535624011,5352,2773,5375,0.2054074074074074,0.39814814814814814,1,0,0
flow,0.1,1.5,0,registered,during_vibration,flow_dump_0.1_1.5.shear.wave,2087,208700,208.70000000000002,0.2087,158683.45183699526,1278.255422500729,0.008055379484773209,8.05537948477321e+17,114,0.0007184113950149286,7.184113950149286e+26,1029.045782548491,3.073743880470567,123.06119184326754,37.59599999527518,0.0,85.47870423322456,0.006484896633113073,1.937028622006544e-05,0.0007755137061782596,0.00023692451582093765,0.0,0.0005386743434408714,5359,2761,5380,0.20451851851851852,0.3985185185185185,1,0,0
flow,0.1,1.5,0,registered,during_vibration,flow_dump_0.1_1.5.shear.wave,2088,208800,208.8,0.20879999999999999,158683.4518369953,1244.1731800875668,0.007840598157428673,7.840598157428673e+17,108,0.0006806002689615112,6.806002689615112e+26,989.056099331583,11.247411069832006,130.8246524477769,24.674079889488283,0.0,88.37093734888666,0.0062328874742879495,7.08795462893365e-05,0.0008244379040995666,0.000155492457492255,0.0,0.0005569007752595659,5346,2759,5395,0.20437037037037037,0.3996296296296296,1,0,0
flow,0.1,1.5,0,registered,during_vibration,flow_dump_0.1_1.5.shear.wave,2089,208900,208.9,0.2089,158683.45183699526,1197.4284812591982,0.007546019874140595,7.546019874140595e+17,105,0.0006616947059348027,6.616947059348027e+26,941.3175792022389,18.862840596922997,122.38708573721965,19.96049515706722,0.0,94.90048056574909,0.005932046273918913,0.00011887087392262877,0.0007712655876867337,0.00012578813307874903,0.0,0.0005980490055335695,5356,2769,5375,0.2051111111111111,0.39814814814814814,1,0,0
flow,0.1,1.5,0,registered,during_vibration,flow_dump_0.1_1.5.shear.wave,2090,209000,209.0,0.209,158683.45183699526,1299.9967296605948,0.0081923900357045,8.192390035704499e+17,107,0.0006742984146192752,6.742984146192752e+26,1067.0914461916595,4.366950024360037,112.74254862465716,26.922628981615595,0.0,88.87315583830232,0.006724654863746033,2.7519882973341848e-05,0.0007104871196050734,0.00016966248635220883,0.0,0.0005600656830278414,5356,2758,5386,0.2042962962962963,0.39896296296296296,1,0,0
flow,0.1,1.5,0,registered,during_vibration,flow_dump_0.1_1.5.shear.wave,2091,209100,209.1,0.20909999999999998,158683.45183699526,1135.3036754762184,0.0071545183970565425,7.154518397056543e+17,93,0.0005860724538279681,5.860724538279681e+26,928.9543040111914,7.644778244730214,99.42559664096034,26.802354173169903,0.0,72.47664240616646,0.005854134714471948,4.817627897698606e-05,0.0006265656279212624,0.0001689045320283437,0.0,0.00045673724365800157,5358,2755,5387,0.20407407407407407,0.399037037037037,1,0,0
flow,0.1,1.5,0,registered,during_vibration,flow_dump_0.1_1.5.shear.wave,2092,209200,209.20000000000002,0.2092,158683.45183699526,1188.4694686725204,0.007489561481769091,7.489561481769092e+17,94,0.0005923743081702043,5.9237430817020434e+26,932.2430267062458,4.035422285519196,122.00735145712865,47.387759511881654,0.0,82.79590871174477,0.005874859765868188,2.5430643452755944e-05,0.0007688725575648463,0.00029863075804879694,0.0,0.0005217677568345021,5375,2776,5349,0.20562962962962963,0.3962222222222222,1,0,0
flow,0.1,1.5,0,registered,during_vibration,flow_dump_0.1_1.5.shear.wave,2093,209300,209.3,0.20929999999999999,158683.45183699526,1246.8963138029735,0.0078577589494576,7.8577589494576e+17,107,0.0006742984146192752,6.742984146192752e+26,992.5565462507202,0.0,124.28823112799509,33.99566223097549,0.0,96.05587419328266,0.006254946780905083,0.0,0.0007832463290228142,0.0002142357116474686,0.0,0.000605330127882234,5383,2771,5346,0.20525925925925925,0.396,1,0,0
flow,0.1,1.5,0,registered,during_vibration,flow_dump_0.1_1.5.shear.wave,2094,209400,209.4,0.2094,158683.45183699526,1227.231658283823,0.0077338351546856615,7.733835154685661e+17,99,0.0006238835798813854,6.238835798813854e+26,999.6531480227281,5.613300289493902,118.41428238177878,20.781924186240428,0.0,82.7690034035812,0.006299668531597132,3.5374200803622953e-05,0.000746229559610398,0.00013096465917308308,0.0,0.0005215982035014223,5378,2762,5360,0.2045925925925926,0.397037037037037,1,0,0
flow,0.1,1.5,0,registered,during_vibration,flow_dump_0.1_1.5.shear.wave,2095,209500,209.5,0.2095,158683.45183699526,1255.8472550870679,0.007914166477655872,7.914166477655872e+17,105,0.0006616947059348027,6.616947059348027e+26,1007.6198904247223,20.97281514935664,127.85658936190246,21.608468147650697,0.0,77.78949200343483,0.006349873781796616,0.00013216762621789065,0.0008057336028538179,0.0001361734188253455,0.0,0.0004902180479621951,5356,2774,5370,0.2054814814814815,0.3977777777777778,1,0,0
flow,0.1,1.5,0,registered,during_vibration,flow_dump_0.1_1.5.shear.wave,2096,209600,209.6,0.20959999999999998,158683.45183699526,1246.8478160877403,0.00785745332392027,7.857453323920269e+17,101,0.0006364872885658578,6.364872885658577e+26,986.710172750059,0.0,115.2821712491073,22.44428162996077,0.0,122.41119045861339,0.006218103786673606,0.0,0.0007264914514686059,0.00014144059364814082,0.0,0.0007714174921299173,5379,2758,5363,0.2042962962962963,0.39725925925925926,1,0,0
flow,0.1,1.5,0,registered,during_vibration,flow_dump_0.1_1.5.shear.wave,2097,209700,209.70000000000002,0.2097,158683.45183699526,1200.3542267259586,0.007564457495914578,7.564457495914578e+17,97,0.000611279871196913,6.112798711969129e+26,931.2689734476953,1.898968366376752,125.4067457125403,32.52396229596139,0.0,109.25557690338532,0.005868721424111222,1.1967022045420549e-05,0.000790295045014285,0.00020496127302153125,0.0,0.0006885127317221215,5362,2756,5382,0.20414814814814816,0.39866666666666667,1,0,0
flow,0.1,1.5,0,registered,during_vibration,flow_dump_0.1_1.5.shear.wave,2098,209800,209.8,0.2098,158683.45183699526,1208.4256726463402,0.007615322572436059,7.615322572436059e+17,98,0.0006175817255391491,6.1758172553914915e+26,972.186657319902,10.633073747269666,119.65849164808745,20.624608740433793,0.0,85.32284119064725,0.006126578707895536,6.700808196554926e-05,0.0007540703851779359,0.0001299732801478257,0.0,0.0005376921172492114,5361,2766,5373,0.2048888888888889,0.398,1,0,0
flow,0.1,1.5,0,registered,during_vibration,flow_dump_0.1_1.5.shear.wave,2099,209900,209.9,0.2099,158683.4518369953,1218.7299173956064,0.007680258421952686,7.680258421952686e+17,108,0.0006806002689615112,6.806002689615112e+26,947.5263898642532,9.106278580562424,125.16596531834121,29.14382971542609,0.0,107.78745391702329,0.005971173294349449,5.738644121452995e-05,0.000788777682041576,0.00018366016984155072,0.0,0.0006792608345055791,5373,2789,5338,0.2065925925925926,0.39540740740740743,1,0,0
flow,0.1,1.5,0,registered,during_vibration,flow_dump_0.1_1.5.shear.wave,2100,210000,210.0,0.21,158683.45183699526,1248.355108514828,0.007866952061246933,7.866952061246932e+17,107,0.0006742984146192752,6.742984146192752e+26,1034.5528213758987,6.661623634263378,105.62119079203238,24.950901698612594,0.0,76.56857101402133,0.006519601189660436,4.1980581825926076e-05,0.0006656093598249291,0.00015723694821211074,0.0,0.0004825239817235324,5382,2778,5340,0.20577777777777778,0.39555555555555555,1,0,0
flow,0.1,1.5,0,registered,during_vibration,flow_dump_0.1_1.5.shear.wave,2101,210100,210.1,0.21009999999999998,158683.45183699526,1198.6733250014186,0.007553864698082912,7.553864698082912e+17,97,0.000611279871196913,6.112798711969129e+26,970.9746682990416,3.299474167118825,107.82746490036045,33.35708645642042,0.0,83.21463117847819,0.006118940929621685,2.0792805607153988e-05,0.0006795129778946597,0.0002102115001297419,0.0,0.000524406484829678,5363,2782,5355,0.20607407407407408,0.39666666666666667,1,0,0
flow,0.1,1.5,0,registered,during_vibration,flow_dump_0.1_1.5.shear.wave,2102,210200,210.20000000000002,0.2102,158683.45183699526,1209.0093726036293,0.007619000964546465,7.619000964546465e+17,103,0.0006490909972503302,6.490909972503302e+26,974.1500315728987,3.3965272582920747,118.20403205165499,22.665842277840518,0.0,90.59293944294323,0.006138951606457219,2.140442005119158e-05,0.0007449045926545509,0.00014283683657905047,0.0,0.0005709035088044544,5363,2783,5354,0.20614814814814814,0.3965925925925926,1,0,0
flow,0.1,1.5,0,registered,during_vibration,flow_dump_0.1_1.5.shear.wave,2103,210300,210.3,0.2103,158683.4518369953,1184.3061126783891,0.007463324618719199,7.463324618719199e+17,99,0.0006238835798813853,6.238835798813853e+26,964.4911799751135,1.985725350827722,105.6807310606226,28.995907215456345,0.0,83.15256907636899,0.006078082930574699,1.251375192460221e-05,0.0006659845739250822,0.00018272798379280196,0.0,0.0005240153785020127,5375,2771,5354,0.20525925925925925,0.3965925925925926,1,0,0
flow,0.1,1.5,0,registered,during_vibration,flow_dump_0.1_1.5.shear.wave,2104,210400,210.4,0.2104,158683.45183699526,1162.4325018562477,0.007325480309379302,7.325480309379302e+17,93,0.0005860724538279681,5.860724538279681e+26,904.2564097651677,3.752597074269123,112.79631224036353,32.16659205930943,0.0,109.4605907171375,0.005698492182373553,2.3648320167145794e-05,0.000710825930080167,0.00020270917784390012,0.0,0.0006898046989145342,5353,2768,5379,0.20503703703703705,0.39844444444444443,1,0,0
flow,0.1,1.5,0,registered,during_vibration,flow_dump_0.1_1.5.shear.wave,2105,210500,210.5,0.2105,158683.45183699526,1273.6121664099312,0.0080261183612153,8.0261183612153e+17,98,0.0006175817255391491,6.1758172553914915e+26,1004.4169468159737,3.907272249170461,127.69676653920808,25.236731291190832,0.0,112.35444951438743,0.0063296892977078864,2.4623060589733935e-05,0.0008047264227046328,0.00015903820467123953,0.0,0.0007080413755418022,5365,2779,5356,0.20585185185185184,0.3967407407407407,1,0,0
flow,0.1,1.5,0,registered,during_vibration,flow_dump_0.1_1.5.shear.wave,2106,210600,210.6,0.21059999999999998,158683.45183699526,1205.0642885779384,0.007594139619648678,7.594139619648677e+17,108,0.0006806002689615113,6.806002689615113e+26,965.0902178237226,15.408275489843751,121.76167590924345,19.594998633897752,0.0,83.20912072123069,0.006081857979842122,9.71007078020437e-05,0.0007673243460466247,0.00012348482722714126,0.0,0.0005243717587307452,5383,2792,5325,0.2068148148148148,0.39444444444444443,1,0,0
flow,0.1,1.5,0,registered,during_vibration,flow_dump_0.1_1.5.shear.wave,2107,210700,210.70000000000002,0.2107,158683.4518369953,1235.2327781456788,0.0077842570466298494,7.78425704662985e+17,111,0.0006995058319882199,6.995058319882199e+26,997.4287627490785,5.947672126655876,113.81521199024634,33.0933618890557,0.0,84.94776939064225,0.006285650779601575,3.748136341756364e-05,0.0007172468878932692,0.00020854954631974014,0.0,0.0005353284693976995,5391,2773,5336,0.2054074074074074,0.39525925925925925,1,0,0
flow,0.1,1.5,0,registered,during_vibration,flow_dump_0.1_1.5.shear.wave,2108,210800,210.8,0.2108,158683.45183699526,1178.3941767987797,0.007426068459925261,7.426068459925261e+17,97,0.000611279871196913,6.112798711969129e+26,947.6019510382094,6.128597041218873,108.25539887879656,23.501070305502424,0.0,92.90715953505266,0.00597164946986165,3.862152587602118e-05,0.0006822097554948577,0.00014810032195192903,0.0,0.0005854873867408044,5369,2778,5353,0.20577777777777778,0.3965185185185185,1,0,0
flow,0.1,1.5,0,registered,during_vibration,flow_dump_0.1_1.5.shear.wave,2109,210900,210.9,0.2109,158683.45183699526,1183.770799621396,0.007459951153806532,7.459951153806532e+17,102,0.000642789142908094,6.42789142908094e+26,947.3525653769098,2.995084756329878,101.81493106048194,20.95387712480524,0.0,110.65434130286914,0.005970077877749097,1.887458787704294e-05,0.0006416228654079791,0.00013204828154563802,0.0,0.0006973275412267742,5367,2770,5363,0.2051851851851852,0.39725925925925926,1,0,0
flow,0.1,1.5,0,registered,during_vibration,flow_dump_0.1_1.5.shear.wave,2110,211000,211.0,0.211,158683.45183699526,1193.9402813651102,0.007524037746491449,7.52403774649145e+17,97,0.000611279871196913,6.112798711969129e+26,958.5082451572674,4.5786017153281975,104.42555564485959,27.017142961316623,0.0,99.41073588633819,0.006040379346813541,2.885368110111119e-05,0.000658074641280988,0.0001702580996855898,0.0,0.0006264719776102179,5350,2761,5389,0.20451851851851852,0.3991851851851852,1,0,0
flow,0.1,1.5,0,registered,during_vibration,flow_dump_0.1_1.5.shear.wave,2111,211100,211.1,0.21109999999999998,158683.45183699526,1190.1994608895975,0.0075004636407343134,7.500463640734313e+17,96,0.0006049780168546768,6.049780168546768e+26,920.1546740608616,9.96447710945472,130.82145605549943,39.32494121437235,0.0,89.93391244940979,0.005798680728259391,6.27946833403306e-05,0.0008244177609010133,0.00024782005154997636,0.0,0.0005667504166836048,5355,2745,5400,0.20333333333333334,0.4,1,0,0
flow,0.1,1.5,0,registered,during_vibration,flow_dump_0.1_1.5.shear.wave,2112,211200,211.20000000000002,0.2112,158683.45183699526,1221.7935641336474,0.007699565077451888,7.699565077451889e+17,105,0.0006616947059348027,6.616947059348027e+26,994.8184394736195,0.0,114.75710529849505,21.653865139519056,0.0,90.56415422201371,0.006269200902533485,0.0,0.0007231825623277797,0.00013645950405567558,0.0,0.0005707221085349475,5370,2758,5372,0.2042962962962963,0.3979259259259259,1,0,0
flow,0.1,1.5,0,registered,during_vibration,flow_dump_0.1_1.5.shear.wave,2113,211300,211.3,0.2113,158683.45183699526,1251.151057244825,0.007884571722891734,7.884571722891734e+17,109,0.0006869021233037475,6.869021233037475e+26,1010.5961021516753,8.987278693322494,103.34800274190343,33.13406668184125,0.0,95.08560697608283,0.006368629434591529,5.663652125840139e-05,0.0006512840598405044,0.0002088060619949056,0.0,0.0005992156452063938,5389,2755,5356,0.20407407407407407,0.3967407407407407,1,0,0
flow,0.1,1.5,0,registered,during_vibration,flow_dump_0.1_1.5.shear.wave,2114,211400,211.4,0.21139999999999998,158683.45183699526,1221.4244207358443,0.007697238789527535,7.697238789527535e+17,103,0.0006490909972503302,6.490909972503302e+26,997.7124065453786,4.106604584355851,102.82147951645423,30.997796669588084,0.0,85.78613342006734,0.006287438261490939,2.587922393177007e-05,0.0006479659871659192,0.00019534359954199898,0.0,0.0005406117173969067,5356,2750,5394,0.2037037037037037,0.39955555555555555,1,0,0
flow,0.1,1.5,0,registered,during_vibration,flow_dump_0.1_1.5.shear.wave,2115,211500,211.5,0.2115,158683.45183699526,1228.2342605879426,0.007740153408369414,7.740153408369414e+17,100,0.0006301854342236216,6.301854342236216e+26,999.0800802139503,3.2123318419129783,105.77413751133622,24.625910368230095,0.0,95.54180065251268,0.006296057141737989,2.0243647366662964e-05,0.0006665732077721048,0.00015518890018555067,0.0,0.000602090511307104,5354,2755,5391,0.20407407407407407,0.3993333333333333,1,0,0
flow,0.1,1.5,0,registered,during_vibration,flow_dump_0.1_1.5.shear.wave,2116,211600,211.6,0.21159999999999998,158683.45183699526,1187.6246303896137,0.007484237433967468,7.484237433967469e+17,99,0.0006238835798813854,6.238835798813854e+26,969.2175661013731,5.052417763645972,107.22250619640184,17.85515376481072,0.0,88.27698656338225,0.006107867927507555,3.183960082262376e-05,0.0006757006162592445,0.00011252057828406775,0.0,0.0005563087110939786,5369,2758,5373,0.2042962962962963,0.398,1,0,0
flow,0.1,1.5,0,registered,during_vibration,flow_dump_0.1_1.5.shear.wave,2117,211700,211.70000000000002,0.2117,158683.45183699526,1202.901970334016,0.007580513005033918,7.580513005033919e+17,100,0.0006301854342236216,6.301854342236216e+26,974.4355934463428,12.865869208361636,103.37656755678708,20.91183669667751,0.0,91.3121034258474,0.0061407511757893595,8.1078833737357e-05,0.0006514640711432142,0.00013178334889109183,0.0,0.0005754355754728988,5370,2743,5387,0.2031851851851852,0.399037037037037,1,0,0
flow,0.1,1.5,0,registered,during_vibration,flow_dump_0.1_1.5.shear.wave,2118,211800,211.8,0.2118,158683.4518369953,1170.7136425385881,0.007377666851746977,7.377666851746977e+17,95,0.0005986761625124404,5.986761625124404e+26,961.9779676224603,0.0,101.19389936588455,24.05804132644162,0.0,83.48373422380193,0.00606224503239717,0.0,0.0006377092141267141,0.00015161027219873444,0.0,0.0005261023330243603,5375,2752,5373,0.20385185185185184,0.398,1,0,0
flow,0.1,1.5,0,registered,during_vibration,flow_dump_0.1_1.5.shear.wave,2119,211900,211.9,0.21189999999999998,158683.45183699526,1218.155851734577,0.007676640743774,7.676640743774e+17,103,0.0006490909972503302,6.490909972503302e+26,994.4022396225638,3.1619957772737894,111.92182901984012,27.573021682793893,0.0,81.09676563210505,0.0062665780716948715,1.992643681914541e-05,0.0007053150641996988,0.00017376116642028804,0.0,0.0005110600046399939,5387,2779,5334,0.20585185185185184,0.39511111111111114,1,0,0
flow,0.1,1.5,0,registered,during_vibration,flow_dump_0.1_1.5.shear.wave,2120,212000,212.0,0.212,158683.45183699526,1295.2760172425105,0.008162640793654146,8.162640793654147e+17,111,0.00069950583198822,6.995058319882199e+26,1070.0702871441597,12.869937510286405,102.55652468530039,25.92671711937632,0.0,83.8525507833875,0.006743427085537377,8.110447158350714e-05,0.0006462962804127159,0.0001633863948586717,0.0,0.0005284265612618734,5390,2760,5350,0.20444444444444446,0.3962962962962963,1,0,0
flow,0.1,1.5,0,registered,during_vibration,flow_dump_0.1_1.5.shear.wave,2121,212100,212.1,0.21209999999999998,158683.45183699526,1216.6065543382695,0.007666877297249664,7.666877297249664e+17,106,0.0006679965602770389,6.679965602770389e+26,990.9275193390098,16.556701750973847,114.2248433560236,26.437558821077076,0.0,68.45993107118527,0.006244680890587901,0.0001043379228224845,0.0007198283250944089,0.00016660564485472995,0.0,0.0004314245138901409,5367,2751,5382,0.20377777777777778,0.39866666666666667,1,0,0
flow,0.1,1.5,0,registered,during_vibration,flow_dump_0.1_1.5.shear.wave,2122,212200,212.20000000000002,0.2122,158683.4518369953,1202.3170034892735,0.007576826629183312,7.576826629183313e+17,97,0.0006112798711969128,6.1127987119691286e+26,958.6490960758221,11.425223333348338,121.82332985171472,18.55545659770096,0.0,91.86389763068773,0.006041266968786241,7.200009327427974e-05,0.000767712880211703,0.00011693378473239742,0.0,0.0005789129021786926,5380,2757,5363,0.20422222222222222,0.39725925925925926,1,0,0
flow,0.1,1.5,0,registered,during_vibration,flow_dump_0.1_1.5.shear.wave,2123,212300,212.3,0.2123,158683.45183699526,1240.9041098736884,0.00781999695310627,7.819996953106271e+17,101,0.0006364872885658578,6.364872885658577e+26,985.1345266055877,10.016859699813015,121.41869658329176,30.89062409260962,0.0,93.44340289238625,0.006208174294176242,6.31247907948376e-05,0.0007651629402920788,0.00019466821357239862,0.0,0.0005888667142707124,5371,2757,5372,0.20422222222222222,0.3979259259259259,1,0,0
flow,0.1,1.5,0,registered,during_vibration,flow_dump_0.1_1.5.shear.wave,2124,212400,212.4,0.21239999999999998,158683.45183699526,1215.1890082905004,0.007657944128533211,7.657944128533211e+17,102,0.000642789142908094,6.42789142908094e+26,981.4239273740336,11.600276697303308,109.88112779193739,27.95369582174486,0.0,84.3299806054814,0.006184790638296574,7.310325407604244e-05,0.0006924548623054332,0.00017616011939581322,0.0,0.0005314352544593488,5360,2759,5381,0.20437037037037037,0.3985925925925926,1,0,0
flow,0.1,1.5,0,registered,during_vibration,flow_dump_0.1_1.5.shear.wave,2125,212500,212.5,0.2125,158683.45183699526,1308.3388537994163,0.008244960886932206,8.244960886932206e+17,103,0.0006490909972503302,6.490909972503302e+26,1055.6405274988676,4.07313676290956,124.37949863591766,31.87547690127567,0.0,92.37021400044526,0.006652492842059269,2.5668314595863576e-05,0.0007838214835639212,0.00020087461252115427,0.0,0.0005821036341919944,5373,2762,5365,0.2045925925925926,0.39740740740740743,1,0,0
flow,0.1,1.5,0,registered,during_vibration,flow_dump_0.1_1.5.shear.wave,2126,212600,212.6,0.21259999999999998,158683.4518369953,1235.894810415401,0.0077884290775634985,7.788429077563498e+17,107,0.0006742984146192749,6.742984146192749e+26,993.0299026721448,4.571485055551495,112.30002136051341,29.61229053636191,0.0,96.38111079082982,0.006257929804124861,2.8808832947795152e-05,0.0007076983772439711,0.0001866123417001327,0.0,0.0006073797215467407,5374,2775,5351,0.20555555555555555,0.3963703703703704,1,0,0
flow,0.1,1.5,0,registered,during_vibration,flow_dump_0.1_1.5.shear.wave,2127,212700,212.70000000000002,0.2127,158683.45183699526,1270.9332987691826,0.008009236527541172,8.009236527541171e+17,107,0.0006742984146192752,6.742984146192752e+26,1017.6089630599406,9.58630614237432,114.04777344708685,38.76152996780293,0.0,90.92872615197766,0.00641282346255778,6.041150498932732e-05,0.0007187124563198965,0.0002442695159393181,0.0,0.0005730195877348481,5369,2742,5389,0.2031111111111111,0.3991851851851852,1,0,0
flow,0.1,1.5,0,registered,during_vibration,flow_dump_0.1_1.5.shear.wave,2128,212800,212.8,0.2128,158683.45183699526,1216.6240105104487,0.007666987303504111,7.666987303504111e+17,99,0.0006238835798813854,6.238835798813854e+26,996.5195355115806,9.08819313924415,112.2867648920886,21.9560762616768,0.0,76.77344070585853,0.006279920961986871,5.727246939762714e-05,0.0007076148369108657,0.00013836399452811743,0.0,0.00048381504068062924,5356,2745,5399,0.20333333333333334,0.3999259259259259,1,0,0
flow,0.1,1.5,0,registered,during_vibration,flow_dump_0.1_1.5.shear.wave,2129,212900,212.9,0.21289999999999998,158683.45183699526,1195.2798265307579,0.007532479365010208,7.532479365010208e+17,96,0.0006049780168546768,6.049780168546768e+26,954.0395171220121,6.115275558225175,115.46551122206492,23.355909302117432,0.0,96.30361332633848,0.006012218073640294,3.853757583057232e-05,0.0007276468332732943,0.00014718553845242396,0.0,0.0006068913438136236,5360,2737,5403,0.20274074074074075,0.4002222222222222,1,0,0
flow,0.1,1.5,0,registered,during_vibration,flow_dump_0.1_1.5.shear.wave,2130,213000,213.0,0.213,158683.4518369953,1220.3491092450333,0.00769046233313991,7.69046233313991e+17,106,0.0006679965602770388,6.679965602770388e+26,980.8063751561166,9.757182185909866,98.26578083264414,30.58163941507103,0.0,100.9381316552907,0.006180898914170535,6.148834092626593e-05,0.0006192566376334306,0.00019272103714056756,0.0,0.0006360974032691045,5363,2741,5396,0.20303703703703704,0.3997037037037037,1,0,0
flow,0.1,1.5,0,registered,during_vibration,flow_dump_0.1_1.5.shear.wave,2131,213100,213.1,0.21309999999999998,158683.45183699526,1171.7447388805062,0.007384164670706559,7.384164670706559e+17,99,0.0006238835798813854,6.238835798813854e+26,985.7637782747805,10.813798419811715,86.55070238791379,22.798438471251472,0.0,65.81802132674899,0.006212139746540104,6.814698252795759e-05,0.000545429919666869,0.00014367243847626128,0.0,0.000414775583495369,5365,2747,5388,0.20348148148148149,0.39911111111111114,1,0,0
flow,0.1,1.5,0,registered,during_vibration,flow_dump_0.1_1.5.shear.wave,2132,213200,213.20000000000002,0.2132,158683.45183699526,1202.837939311557,0.007580109490856997,7.580109490856997e+17,101,0.0006364872885658578,6.364872885658577e+26,989.3557155846631,0.0,94.1623745089334,28.757825037355182,0.0,90.56202418060472,0.006234775612273428,0.0,0.0005933975686743947,0.00018122762458492613,0.0,0.000570708685324245,5372,2770,5358,0.2051851851851852,0.3968888888888889,1,0,0
flow,0.1,1.5,0,registered,during_vibration,flow_dump_0.1_1.5.shear.wave,2133,213300,213.3,0.2133,158683.45183699526,1223.3291823049622,0.007709242319492805,7.709242319492805e+17,106,0.0006679965602770389,6.679965602770389e+26,1025.632385243294,5.2382842562918,90.75737500599635,30.394135258652128,0.0,71.30700254072704,0.00646338590048354,3.3010904386380086e-05,0.0005719397577714987,0.0001915394132582518,0.0,0.00044936634359312957,5366,2753,5381,0.20392592592592593,0.3985925925925926,1,0,0
flow,0.1,1.5,0,registered,during_vibration,flow_dump_0.1_1.5.shear.wave,2134,213400,213.4,0.21339999999999998,158683.45183699526,1209.7704425856095,0.007623797116717152,7.623797116717152e+17,98,0.0006175817255391491,6.1758172553914915e+26,989.7422536098167,0.0,107.86054222160392,30.64390217605744,0.0,81.5237445781321,0.006237211518605681,0.0,0.0006797214263551674,0.00019311340799124942,0.0,0.0005137507637650579,5362,2738,5400,0.2028148148148148,0.4,1,0,0
flow,0.1,1.5,0,registered,during_vibration,flow_dump_0.1_1.5.shear.wave,2135,213500,213.5,0.2135,158683.45183699526,1242.3988060355964,0.007829416310604513,7.829416310604513e+17,98,0.0006175817255391491,6.1758172553914915e+26,1014.275707111116,5.247677348433576,92.10734073046444,22.721669936984178,0.0,108.04641090859776,0.006391817769082895,3.307009828488076e-05,0.000580447045134108,0.00014318865435524182,0.0,0.0006808927437473853,5363,2748,5389,0.20355555555555555,0.3991851851851852,1,0,0
flow,0.1,1.5,0,registered,during_vibration,flow_dump_0.1_1.5.shear.wave,2136,213600,213.6,0.21359999999999998,158683.45183699526,1209.6466853892093,0.007623017216891635,7.623017216891635e+17,95,0.0005986761625124405,5.986761625124405e+26,997.1342252059845,7.074855977623621,87.2514828042708,23.502895074045323,0.0,94.6832263272847,0.006283794646906679,4.4584711863283264e-05,0.0005498461357766424,0.0001481118213774947,0.0,0.0005966799009675335,5373,2746,5381,0.2034074074074074,0.3985925925925926,1,0,0
flow,0.1,1.5,0,registered,during_vibration,flow_dump_0.1_1.5.shear.wave,2137,213700,213.70000000000002,0.2137,158683.4518369953,1205.2816017208497,0.007595509095421957,7.595509095421957e+17,101,0.0006364872885658577,6.364872885658577e+26,975.0494205667128,12.842781911854075,97.5447827196055,27.984366738969204,0.0,91.86024978370814,0.006144619424893244,8.093334095761032e-05,0.000614713012544034,0.00017635340304870378,0.0,0.0005788899139783644,5362,2746,5392,0.2034074074074074,0.39940740740740743,1,0,0
flow,0.1,1.5,0,registered,during_vibration,flow_dump_0.1_1.5.shear.wave,2138,213800,213.8,0.2138,158683.45183699526,1209.060004597751,0.0076193200399984765,7.619320039998477e+17,99,0.0006238835798813854,6.238835798813854e+26,995.784598737163,3.1342084062836415,100.28829857545887,37.462773332650215,0.0,72.3901255461952,0.006275289497483739,1.9751324854611816e-05,0.0006320022498532376,0.00023608494079857287,0.0,0.00045619202700831503,5371,2754,5375,0.204,0.39814814814814814,1,0,0
flow,0.1,1.5,0,registered,during_vibration,flow_dump_0.1_1.5.shear.wave,2139,213900,213.9,0.21389999999999998,158683.45183699526,1240.2844585674413,0.007816092000831325,7.816092000831324e+17,102,0.000642789142908094,6.42789142908094e+26,983.5406115974978,5.741979650276111,98.77463646109419,27.844413479883507,0.0,124.38281737868988,0.006198129673961355,3.6185119392124496e-05,0.0006224633716851501,0.0001754714379952245,0.0,0.000783842397797471,5372,2769,5359,0.2051111111111111,0.39696296296296296,1,0,0
flow,0.1,1.5,0,registered,during_vibration,flow_dump_0.1_1.5.shear.wave,2140,214000,214.0,0.214,158683.45183699526,1225.3137812222046,0.007721748972797027,7.721748972797027e+17,99,0.0006238835798813854,6.238835798813854e+26,997.1992977695213,7.3793154679197235,112.72830675354102,33.25363964295237,0.0,74.75322158826988,0.0062842047247237635,4.6503371224240785e-05,0.0007103973694077386,0.0002095595933790978,0.0,0.0004710839140621846,5352,2752,5396,0.20385185185185184,0.3997037037037037,1,0,0
flow,0.1,1.5,0,registered,during_vibration,flow_dump_0.1_1.5.shear.wave,2141,214100,214.1,0.21409999999999998,158683.4518369953,1226.0027480336644,0.00772609074128948,7.72609074128948e+17,97,0.0006112798711969128,6.1127987119691286e+26,997.044524177391,0.0,93.30366151354418,39.849656828762804,0.0,95.80490551396605,0.006283229364090133,0.0,0.0005879860844556664,0.0002511267329229619,0.0,0.0006037485598207172,5344,2750,5406,0.2037037037037037,0.40044444444444444,1,0,0
flow,0.1,1.5,0,registered,during_vibration,flow_dump_0.1_1.5.shear.wave,2142,214200,214.20000000000002,0.2142,158683.45183699526,1226.1535091450971,0.007727040815854204,7.727040815854204e+17,98,0.0006175817255391491,6.1758172553914915e+26,965.6663572900927,10.010884597637602,121.26452098972547,26.719892916319537,0.0,102.49185335132208,0.00608548872684,6.308713657124818e-05,0.0007641913481582962,0.00016838487319879497,0.0,0.0006458887310858665,5347,2749,5404,0.20362962962962963,0.4002962962962963,1,0,0
flow,0.1,1.5,0,registered,during_vibration,flow_dump_0.1_1.5.shear.wave,2143,214300,214.3,0.2143,158683.45183699526,1212.2872510235247,0.0076396576769002045,7.639657676900205e+17,100,0.0006301854342236216,6.301854342236216e+26,959.4610822841215,13.83003230868905,93.26533656243586,21.828105976597513,0.0,123.90269389168057,0.006046383987598851,8.715484915777925e-05,0.0005877445661961085,0.00013755754443141335,0.0,0.0007808167295160519,5364,2738,5398,0.2028148148148148,0.39985185185185185,1,0,0
flow,0.1,1.5,0,registered,during_vibration,flow_dump_0.1_1.5.shear.wave,2144,214400,214.4,0.21439999999999998,158683.45183699526,1217.4976302391515,0.0076724927277848996,7.6724927277849e+17,95,0.0005986761625124405,5.986761625124405e+26,952.2184571052082,15.756261209948288,113.93300792856324,35.86729474210363,0.0,99.72260925332772,0.006000742018665926,9.929366312332067e-05,0.0007179892207386495,0.00022603046711479197,0.0,0.0006284373581422087,5356,2740,5404,0.20296296296296296,0.4002962962962963,1,0,0
flow,0.1,1.5,0,registered,during_vibration,flow_dump_0.1_1.5.shear.wave,2145,214500,214.5,0.2145,158683.4518369953,1257.8451402265885,0.007926756858797648,7.926756858797647e+17,108,0.0006806002689615112,6.806002689615112e+26,1020.4059508201844,5.496832877109217,109.21253415937898,30.995774202128942,0.0,91.73404816778702,0.0064304496720198525,3.46402401351575e-05,0.0006882414826189033,0.0001953308542466595,0.0,0.0005780946097770748,5378,2757,5365,0.20422222222222222,0.39740740740740743,1,0,0
flow,0.1,1.5,0,registered,during_vibration,flow_dump_0.1_1.5.shear.wave,2146,214600,214.6,0.21459999999999999,158683.45183699526,1183.5219027657533,0.007458382642076032,7.458382642076032e+17,103,0.0006490909972503302,6.490909972503302e+26,948.2577826367705,8.380035190652983,81.37022055332915,29.787398756744786,0.0,115.72646562825594,0.005975782425068818,5.2809761154308793e-05,0.0005127832777227159,0.00018771584819911378,0.0,0.0007292913299310748,5371,2760,5369,0.20444444444444446,0.3977037037037037,1,0,0
flow,0.1,1.5,0,registered,during_vibration,flow_dump_0.1_1.5.shear.wave,2147,214700,214.70000000000002,0.2147,158683.45183699526,1209.687608079061,0.007623275105722372,7.623275105722372e+17,99,0.0006238835798813854,6.238835798813854e+26,997.7777318754332,5.971357674256565,94.03423024998736,37.78736250947931,0.0,74.11692576990482,0.006287849932205802,3.7630626288559286e-05,0.000592590022219723,0.00023813045451201618,0.0,0.000467074070496274,5363,2737,5400,0.20274074074074075,0.4,1,0,0
flow,0.1,1.5,0,registered,during_vibration,flow_dump_0.1_1.5.shear.wave,2148,214800,214.8,0.2148,158683.45183699526,1197.9914748569697,0.007549567777789363,7.549567777789363e+17,103,0.0006490909972503302,6.490909972503302e+26,976.6266293647939,4.5473781301792595,93.55727793768884,31.144646665293166,0.0,92.1155427590148,0.006154558765006046,2.8656914615460172e-05,0.0005895843382194249,0.00019626902682509044,0.0,0.0005804987331233432,5350,2753,5397,0.20392592592592593,0.3997777777777778,1,0,0
flow,0.1,1.5,0,registered,during_vibration,flow_dump_0.1_1.5.shear.wave,2149,214900,214.9,0.21489999999999998,158683.4518369953,1201.5706843286418,0.007572123434540192,7.572123434540192e+17,93,0.000586072453827968,5.8607245382796806e+26,962.6418700670254,13.68762690077844,100.33871977279136,30.21245067185825,0.0,94.69001691618868,0.006066428848900274,8.625743101957983e-05,0.000632319996894588,0.00019039446345604736,0.0,0.0005967226942697043,5343,2752,5405,0.20385185185185184,0.4003703703703704,1,0,0
flow,0.1,1.5,0,registered,during_vibration,flow_dump_0.1_1.5.shear.wave,2150,215000,215.0,0.215,158683.45183699526,1164.5645401893917,0.00733891610440684,7.33891610440684e+17,93,0.0005860724538279681,5.860724538279681e+26,920.7188806234147,12.300902371128423,98.36933804335747,35.95388103738208,0.0,97.22153811410871,0.005802236275835535,7.751849502091942e-05,0.0006199092400914344,0.00022657612133567063,0.0,0.0006126759721232798,5339,2749,5412,0.20362962962962963,0.4008888888888889,1,0,0
flow,0.1,1.5,0,registered,during_vibration,flow_dump_0.1_1.5.shear.wave,2151,215100,215.1,0.21509999999999999,158683.45183699526,1231.791339555872,0.007762569601909137,7.762569601909137e+17,98,0.0006175817255391491,6.1758172553914915e+26,979.2765277499902,9.573572768863471,126.2175817786583,27.196198773363676,0.0,89.52745848499629,0.00617125803865128,6.033126112417666e-05,0.0007954048157983925,0.00017138648333224113,0.0,0.0005641890030030464,5334,2745,5421,0.20333333333333334,0.40155555555555555,1,0,0
flow,0.1,1.5,0,registered,during_vibration,flow_dump_0.1_1.5.shear.wave,2152,215200,215.20000000000002,0.2152,158683.45183699526,1257.301806086704,0.007923332846188931,7.923332846188932e+17,102,0.000642789142908094,6.42789142908094e+26,996.3617455145688,5.490961342120907,111.71650746631032,20.935881843503438,0.0,122.79670992020108,0.006278926592409041,3.4603238576895836e-05,0.0007040211576760324,0.0001319348779040265,0.0,0.0007738469796229402,5354,2764,5382,0.20474074074074075,0.39866666666666667,1,0,0
flow,0.1,1.5,0,registered,during_vibration,flow_dump_0.1_1.5.shear.wave,2153,215300,215.3,0.2153,158683.45183699526,1136.9451593758813,0.007164862789497344,7.164862789497344e+17,99,0.0006238835798813854,6.238835798813854e+26,936.9789778547275,2.7456616354569525,93.37207168046974,26.99395612700028,0.0,76.85449207822606,0.005904705040177866,1.7302759699715785e-05,0.0005884171953631595,0.00017011197963307063,0.0,0.00048432581462352773,5356,2754,5390,0.204,0.39925925925925926,1,0,0
flow,0.1,1.5,0,registered,during_vibration,flow_dump_0.1_1.5.shear.wave,2154,215400,215.4,0.21539999999999998,158683.45183699526,1206.4860397308375,0.007603099288325154,7.603099288325155e+17,98,0.0006175817255391491,6.1758172553914915e+26,979.2140629652756,8.675062866890187,103.50964921164986,38.829472648391416,0.0,76.25779203862987,0.006170864394676489,5.466898259688408e-05,0.0006523027323477831,0.00024469768081600784,0.0,0.000480565497887986,5332,2748,5420,0.20355555555555555,0.4014814814814815,1,0,0
flow,0.1,1.5,0,registered,during_vibration,flow_dump_0.1_1.5.shear.wave,2155,215500,215.5,0.2155,158683.45183699526,1141.9851709170375,0.0071966242081129,7.1966242081129e+17,92,0.0005797705994857318,5.7977059948573184e+26,917.857632717583,2.9183408620714184,106.56934483621772,22.48043847619983,0.0,92.15941402496583,0.005784205108295954,1.839095903377015e-05,0.0006715844885053873,0.000141668448826614,0.0,0.0005807752034511761,5326,2747,5427,0.20348148148148149,0.402,1,0,0
flow,0.1,1.5,0,registered,during_vibration,flow_dump_0.1_1.5.shear.wave,2156,215600,215.6,0.21559999999999999,158683.45183699526,1208.756564945935,0.007617407807511073,7.617407807511073e+17,95,0.0005986761625124405,5.986761625124405e+26,980.1794373494996,15.188088941457265,106.13424311878495,20.80151990677048,0.0,86.45327562942275,0.006176948043431595,9.571312424599232e-05,0.0006688425408580692,0.00013108814854959462,0.0,0.0005448159504258222,5342,2746,5412,0.2034074074074074,0.4008888888888889,1,0,0
flow,0.1,1.5,0,registered,during_vibration,flow_dump_0.1_1.5.shear.wave,2157,215700,215.70000000000002,0.2157,158683.45183699526,1169.787260567349,0.007371828927498956,7.371828927498956e+17,95,0.0005986761625124405,5.986761625124405e+26,911.3173452886274,12.679000997804591,114.36183988426387,33.27137872491119,0.0,98.15769567174247,0.005742989169562318,7.990121749323218e-05,0.0007206916572607712,0.00020967138248976721,0.0,0.0006185755006928713,5332,2731,5437,0.2022962962962963,0.40274074074074073,1,0,0
flow,0.1,1.5,0,registered,during_vibration,flow_dump_0.1_1.5.shear.wave,2158,215800,215.8,0.2158,158683.45183699526,1258.620850800937,0.007931645273848925,7.931645273848925e+17,101,0.0006364872885658578,6.364872885658577e+26,973.8374440008412,28.498992976165493,104.23908803016211,22.976775473667495,0.0,129.0685503201018,0.006136981725108919,0.00017959650263620793,0.0006568995495336203,0.0001447962922893181,0.0,0.000813371204280867,5349,2751,5400,0.20377777777777778,0.4,1,0,0
flow,0.1,1.5,0,registered,during_vibration,flow_dump_0.1_1.5.shear.wave,2159,215900,215.9,0.21589999999999998,158683.45183699526,1178.2870544274697,0.00742539339034447,7.42539339034447e+17,99,0.0006238835798813854,6.238835798813854e+26,970.801624484543,3.6555666241163856,83.09644000203784,22.916912610191623,0.0,97.81651070658128,0.00611785043270789,2.3036848403521628e-05,0.0005236616612512133,0.00014441904524318397,0.0,0.0006164254027386646,5355,2761,5384,0.20451851851851852,0.3988148148148148,1,0,0
flow,0.1,1.5,0,registered,during_vibration,flow_dump_0.1_1.5.shear.wave,2160,216000,216.0,0.216,158683.4518369953,1257.8741024620447,0.007926939374586918,7.926939374586918e+17,103,0.0006490909972503301,6.490909972503302e+26,1013.9205553981551,4.354330039334096,111.4642906827714,38.80968012749617,0.0,89.3252462142883,0.006389579654718419,2.744035366590716e-05,0.0007024317242435026,0.0002445729512322603,0.0,0.0005629146907268317,5342,2751,5407,0.20377777777777778,0.4005185185185185,1,0,0
flow,0.1,1.5,0,registered,during_vibration,flow_dump_0.1_1.5.shear.wave,2161,216100,216.1,0.2161,158683.45183699526,1199.394999310181,0.007558412584459267,7.558412584459267e+17,97,0.000611279871196913,6.112798711969129e+26,978.0836504294912,5.770025592967171,86.57352892247012,37.87109074462432,0.0,91.09670362062897,0.006163740699529338,3.636186083785426e-05,0.0005455737691627809,0.00023865809765423254,0.0,0.0005740781572750663,5328,2747,5425,0.20348148148148149,0.40185185185185185,1,0,0
flow,0.1,1.5,0,registered,during_vibration,flow_dump_0.1_1.5.shear.wave,2162,216200,216.20000000000002,0.2162,158683.45183699526,1224.4082160596936,0.007716042233045479,7.716042233045478e+17,100,0.0006301854342236216,6.301854342236216e+26,948.7604579364153,4.321548561923615,98.56345929705108,30.068271490818105,0.0,142.69447877348523,0.005978950211588619,2.723376957014301e-05,0.0006211325639569439,0.0001894858672579495,0.0,0.0008992398206718214,5328,2748,5424,0.20355555555555555,0.4017777777777778,1,0,0
flow,0.1,1.5,0,registered,during_vibration,flow_dump_0.1_1.5.shear.wave,2163,216300,216.3,0.2163,158683.45183699526,1182.2182416895528,0.007450167159862173,7.450167159862172e+17,100,0.0006301854342236216,6.301854342236216e+26,903.9718376560996,7.993513824795819,82.45409410208671,22.000274525523256,0.0,165.79852158104725,0.005696698850392343,5.037395980651476e-05,0.0005196136909523888,0.00013864252554905753,0.0,0.0010448381331618676,5343,2742,5415,0.2031111111111111,0.4011111111111111,1,0,0
flow,0.1,1.5,0,registered,during_vibration,flow_dump_0.1_1.5.shear.wave,2164,216400,216.4,0.21639999999999998,158683.4518369953,1248.8196480251177,0.00786987952157699,7.86987952157699e+17,102,0.0006427891429080939,6.427891429080939e+26,984.2831024582999,4.839133140928011,107.06542822855077,37.75200669028004,0.0,114.87997750705867,0.0062028087432165705,3.0495512196816358e-05,0.0006747107337854725,0.00023790764728927192,0.0,0.0007239568850888564,5339,2741,5420,0.20303703703703704,0.4014814814814815,1,0,0
flow,0.1,1.5,0,registered,during_vibration,flow_dump_0.1_1.5.shear.wave,2165,216500,216.5,0.2165,158683.45183699526,1206.012468850763,0.0076001149136182,7.6001149136182e+17,101,0.0006364872885658578,6.364872885658577e+26,953.9159882130211,12.789214539716689,71.65926250318114,28.413069524863733,0.0,139.23493406997946,0.006011439612448779,8.059576718090416e-05,0.0004515862345671169,0.00017905502556152201,0.0,0.0008774382738598733,5351,2762,5387,0.2045925925925926,0.399037037037037,1,0,0
flow,0.1,1.5,0,registered,during_vibration,flow_dump_0.1_1.5.shear.wave,2166,216600,216.6,0.2166,158683.45183699526,1212.9647485105133,0.0076439271673804385,7.643927167380439e+17,100,0.0006301854342236216,6.301854342236216e+26,1001.3886083047987,12.742726709638768,101.23176717465392,23.186020185164047,0.0,74.41562613625767,0.006310605149511477,8.030280764706649e-05,0.0006379478515418385,0.0001461149219830526,0.0,0.00046895643669700226,5354,2765,5381,0.2048148148148148,0.3985925925925926,1,0,0
flow,0.1,1.5,0,registered,during_vibration,flow_dump_0.1_1.5.shear.wave,2167,216700,216.70000000000002,0.2167,158683.45183699526,1234.69003043533,0.00778083672961465,7.78083672961465e+17,96,0.0006049780168546768,6.049780168546768e+26,1024.8668077076377,10.015242454196947,94.27042766462358,23.646516161927078,0.0,81.8910364469445,0.006458561342366146,6.311459914852953e-05,0.0005940785039227732,0.000149016900553799,0.0,0.0005160653836234014,5338,2747,5415,0.20348148148148149,0.4011111111111111,1,0,0
flow,0.1,1.5,0,registered,during_vibration,flow_dump_0.1_1.5.shear.wave,2168,216800,216.8,0.2168,158683.4518369953,1201.7351467276208,0.007573159852623332,7.573159852623332e+17,101,0.0006364872885658577,6.364872885658577e+26,975.3208656071679,6.1123029298648,91.52424980153756,26.984985358148137,0.0,101.79274303090283,0.0061463300320001146,3.8518842759631625e-05,0.0005767724910317315,0.0001700554471544265,0.0,0.0006414830396774302,5329,2761,5410,0.20451851851851852,0.40074074074074073,1,0,0
flow,0.1,1.5,0,registered,during_vibration,flow_dump_0.1_1.5.shear.wave,2169,216900,216.9,0.21689999999999998,158683.45183699526,1211.6339376193114,0.007635540590987022,7.635540590987022e+17,98,0.0006175817255391491,6.1758172553914915e+26,962.2684291283151,13.711261884580791,112.43936359929754,21.438252686259812,0.0,101.77663032085798,0.006064075478499095,8.640637524488338e-05,0.00070857649173651,0.0001351007457808636,0.0,0.0006413814997256689,5339,2746,5415,0.2034074074074074,0.4011111111111111,1,0,0
flow,0.1,1.5,0,registered,during_vibration,flow_dump_0.1_1.5.shear.wave,2170,217000,217.0,0.217,158683.45183699526,1240.6497248669975,0.007818393855847256,7.818393855847256e+17,102,0.000642789142908094,6.42789142908094e+26,953.1369859722183,12.143807800526442,96.90970562661747,33.17218120345494,0.0,145.28704426418034,0.006006530453794963,7.652850791902959e-05,0.0006107108492079327,0.0002090462541584391,0.0,0.0009155777907668902,5327,2746,5427,0.2034074074074074,0.402,1,0,0
flow,0.1,1.5,0,registered,during_vibration,flow_dump_0.1_1.5.shear.wave,2171,217100,217.1,0.2171,158683.45183699526,1188.6419031137737,0.007490648138501454,7.490648138501454e+17,93,0.0005860724538279681,5.860724538279681e+26,861.9882260199705,6.962767551919035,105.42228074320421,31.564359363461065,0.0,182.70426943521824,0.005432124245100444,4.38783469310424e-05,0.0006643558576700069,0.00019891399511453146,0.0,0.0011513756936854256,5327,2746,5427,0.2034074074074074,0.402,1,0,0
flow,0.1,1.5,0,registered,during_vibration,flow_dump_0.1_1.5.shear.wave,2172,217200,217.20000000000002,0.21719999999999998,158683.45183699526,1229.43063194127,0.007747692766377307,7.747692766377307e+17,100,0.0006301854342236216,6.301854342236216e+26,984.4116013714942,2.0058217691198044,93.95707540556043,46.6856049736372,0.0,102.37052842145812,0.006203618524650657,1.2640396625479568e-05,0.0005921038036283466,0.00029420588242304026,0.0,0.0006451241590497818,5336,2766,5398,0.2048888888888889,0.39985185185185185,1,0,0
flow,0.1,1.5,0,registered,during_vibration,flow_dump_0.1_1.5.shear.wave,2173,217300,217.3,0.2173,158683.45183699526,1207.8473339698887,0.00761167796633658,7.61167796633658e+17,104,0.0006553928515925665,6.553928515925665e+26,992.2510895455873,0.0,101.8666229419742,27.084830010489565,0.0,86.64479147183769,0.006253021837241476,0.0,0.0006419486201158194,0.00017068465361033344,0.0,0.0005460228553689518,5341,2760,5399,0.20444444444444446,0.3999259259259259,1,0,0
flow,0.1,1.5,0,registered,during_vibration,flow_dump_0.1_1.5.shear.wave,2174,217400,217.4,0.21739999999999998,158683.45183699526,1231.3750642398552,0.007759946295501331,7.759946295501331e+17,97,0.000611279871196913,6.112798711969129e+26,1018.5202279605312,6.477002447588265,90.38566100375536,46.7555785484155,0.0,69.23659427956463,0.006418566121228494,4.0817125999008704e-05,0.0005695972702724064,0.00029464684569909867,0.0,0.0004363189323023215,5334,2748,5418,0.20355555555555555,0.4013333333333333,1,0,0
flow,0.1,1.5,0,registered,during_vibration,flow_dump_0.1_1.5.shear.wave,2175,217500,217.5,0.2175,158683.45183699526,1474.6989872874053,0.009293338216528486,9.293338216528486e+17,95,0.0005986761625124405,5.986761625124405e+26,1124.7168841170753,5.8564757134857715,150.44410230439132,32.80127791216549,0.0,160.88024724028773,0.007087801979959578,3.690665690523125e-05,0.0009480768193707579,0.00020670887564167698,0.0,0.0010138438846512433,5317,2756,5427,0.20414814814814816,0.402,1,0,0
flow,0.1,1.5,0,registered,during_vibration,flow_dump_0.1_1.5.shear.wave,2176,217600,217.6,0.2176,158683.45183699526,1217.7561107154406,0.007674121634096785,7.674121634096786e+17,97,0.000611279871196913,6.112798711969129e+26,929.0393566153585,0.0,110.51950899103679,27.74694533505323,0.0,150.4502997739924,0.005854670703594838,0.0,0.0006964778476369797,0.0001748572079434961,0.0,0.0009481158749214745,5319,2746,5435,0.2034074074074074,0.4025925925925926,1,0,0
flow,0.1,1.5,0,registered,during_vibration,flow_dump_0.1_1.5.shear.wave,2177,217700,217.70000000000002,0.21769999999999998,158683.45183699526,1212.9228711574026,0.0076436632624008955,7.643663262400896e+17,98,0.0006175817255391491,6.1758172553914915e+26,923.5276318172034,0.0,90.31183854473238,28.871422753743857,0.0,170.2119780417228,0.005819936616742373,0.0,0.0005691320518884578,0.00018194350084721822,0.0,0.0010726510929228463,5319,2743,5438,0.2031851851851852,0.4028148148148148,1,0,0
flow,0.1,1.5,0,registered,during_vibration,flow_dump_0.1_1.5.shear.wave,2178,217800,217.8,0.2178,158683.45183699526,1195.0512177757014,0.007531038705934481,7.531038705934482e+17,99,0.0006238835798813854,6.238835798813854e+26,942.7799432485367,9.515779976926229,98.68144257987251,16.56628230728598,0.0,127.50776966308055,0.005941261879134004,5.9967059367356995e-05,0.0006218760774201034,0.00010439829809288116,0.0,0.0008035353919201394,5340,2757,5403,0.20422222222222222,0.4002222222222222,1,0,0
flow,0.1,1.5,0,registered,during_vibration,flow_dump_0.1_1.5.shear.wave,2179,217900,217.9,0.21789999999999998,158683.4518369953,1216.8084770761977,0.007668149784932472,7.668149784932472e+17,104,0.0006553928515925663,6.553928515925663e+26,990.5018760043861,7.984543242651988,91.52049186102042,21.003166441589403,0.0,105.79839952654997,0.006241998548291357,5.0317428504479254e-05,0.0005767488090379657,0.00013235889564064014,0.0,0.0006667261034580309,5330,2769,5401,0.2051111111111111,0.4000740740740741,1,0,0
flow,0.1,1.5,0,registered,during_vibration,flow_dump_0.1_1.5.shear.wave,2180,218000,218.0,0.218,158683.45183699526,1231.2617815104159,0.007759232404240913,7.759232404240913e+17,102,0.000642789142908094,6.42789142908094e+26,1003.9166197234092,7.26042146473182,105.33113693514726,37.58852606743894,0.0,77.16507731968873,0.0063265363092470705,4.575411853398525e-05,0.0006637814826674352,0.00023687741621634928,0.0,0.00048628307757607377,5328,2765,5407,0.2048148148148148,0.4005185185185185,1,0,0
flow,0.1,1.5,0,registered,during_vibration,flow_dump_0.1_1.5.shear.wave,2181,218100,218.1,0.2181,158683.45183699526,1244.5513905941023,0.007842981584951563,7.842981584951564e+17,104,0.0006553928515925665,6.553928515925665e+26,1021.2869463519808,8.73219590384427,108.14719958568448,34.955521010037636,0.0,71.4295277425544,0.006436001577537396,5.502902667389831e-05,0.0006815278993097324,0.00022028460186223494,0.0,0.0004501384795682987,5328,2752,5420,0.20385185185185184,0.4014814814814815,1,0,0
flow,0.1,1.5,0,registered,during_vibration,flow_dump_0.1_1.5.shear.wave,2182,218200,218.20000000000002,0.21819999999999998,158683.45183699526,1172.0435489705,0.007386047728369691,7.386047728369691e+17,97,0.000611279871196913,6.112798711969129e+26,943.5427092709213,3.7150231018288205,108.41012610571501,25.173953005878555,0.0,91.20173748615592,0.005946068719504279,2.341153446576781e-05,0.0006831848239416758,0.00015864258506134623,0.0,0.0005747400653966191,5327,2748,5425,0.20355555555555555,0.40185185185185185,1,0,0
flow,0.1,1.5,0,registered,during_vibration,flow_dump_0.1_1.5.shear.wave,2183,218300,218.3,0.2183,158683.4518369953,1200.8195902397715,0.007567390148994817,7.567390148994817e+17,101,0.0006364872885658577,6.364872885658577e+26,939.2698375045966,0.0,102.4285072455814,19.80573410449835,0.0,139.31551138509545,0.005919141704009846,0.0,0.0006454895331543407,0.00012481285146760882,0.0,0.0008779460603630225,5327,2750,5423,0.2037037037037037,0.40170370370370373,1,0,0
flow,0.1,1.5,0,registered,during_vibration,flow_dump_0.1_1.5.shear.wave,2184,218400,218.4,0.21839999999999998,158683.45183699526,1304.2505376024028,0.008219196913753621,8.219196913753622e+17,100,0.0006301854342236216,6.301854342236216e+26,998.0925070147018,19.09436338745936,118.58230594896426,19.91642482926222,0.0,148.56493642201497,0.006289833599284029,0.000120329896825497,0.0007472884196568639,0.0001255104082921073,0.0,0.0009362345896951224,5332,2748,5420,0.20355555555555555,0.4014814814814815,1,0,0
flow,0.1,1.5,0,registered,during_vibration,flow_dump_0.1_1.5.shear.wave,2185,218500,218.5,0.2185,158683.45183699526,1187.7555586111118,0.007485062524548638,7.485062524548637e+17,105,0.0006616947059348027,6.616947059348027e+26,904.2914402408705,7.708620104955744,83.84947203304111,24.760099962785596,0.0,167.14592626945898,0.005698712939328971,4.857860108106475e-05,0.0005284071594256343,0.00015603454346468319,0.0,0.0010533292812482844,5341,2760,5399,0.20444444444444446,0.3999259259259259,1,0,0
flow,0.1,1.5,0,registered,during_vibration,flow_dump_0.1_1.5.shear.wave,2186,218600,218.6,0.2186,158683.45183699526,1220.8020212490583,0.007693316518619127,7.693316518619127e+17,100,0.0006301854342236216,6.301854342236216e+26,1010.6864505781056,5.744317523582184,92.82753926456766,39.650849660096725,0.0,71.89286422270641,0.006369198797214943,3.6199852329169974e-05,0.0005849856313935185,0.0002498738791038359,0.0,0.00045305835857766105,5340,2766,5394,0.2048888888888889,0.39955555555555555,1,0,0
flow,0.1,1.5,0,registered,during_vibration,flow_dump_0.1_1.5.shear.wave,2187,218700,218.70000000000002,0.21869999999999998,158683.4518369953,1194.4581710084076,0.00752730141158886,7.52730141158886e+17,97,0.0006112798711969128,6.1127987119691286e+26,964.267458787399,3.3943724808355356,99.7746307578683,43.69949197232238,0.0,83.32221700998257,0.006076673072236451,2.1390840957520533e-05,0.0006287651900864873,0.0002753878332392964,0.0,0.0005250844750691069,5328,2746,5426,0.2034074074074074,0.4019259259259259,1,0,0
flow,0.1,1.5,0,registered,during_vibration,flow_dump_0.1_1.5.shear.wave,2188,218800,218.8,0.2188,158683.45183699526,1244.0367015891281,0.007839738089810666,7.839738089810666e+17,104,0.0006553928515925665,6.553928515925665e+26,963.6623035398527,0.0,110.6973943221847,35.23652330670155,0.0,134.44048042038952,0.006072859472011975,0.0,0.0006975988550834944,0.0002220554374056448,0.0,0.0008472243253095546,5319,2742,5439,0.2031111111111111,0.4028888888888889,1,0,0
flow,0.1,1.5,0,registered,during_vibration,flow_dump_0.1_1.5.shear.wave,2189,218900,218.9,0.21889999999999998,158683.45183699526,1213.8106945774232,0.0076492581962754914,7.649258196275492e+17,99,0.0006238835798813854,6.238835798813854e+26,947.2103255681726,6.4686949882201965,105.00683731708898,22.195020980506765,0.0,132.92981572343479,0.005969181503192768,4.0764773600117096e-05,0.0006617377937111891,0.00013986978934203047,0.0,0.0008377043364293875,5321,2741,5438,0.20303703703703704,0.4028148148148148,1,0,0
flow,0.1,1.5,0,registered,during_vibration,flow_dump_0.1_1.5.shear.wave,2190,219000,219.0,0.219,158683.45183699526,1272.5516197698148,0.008019434950766138,8.019434950766139e+17,100,0.0006301854342236216,6.301854342236216e+26,912.2710689318448,4.165299060325677,98.95877470667769,30.41350205687441,0.0,226.74297501409146,0.005748999397044621,2.62491079700258e-05,0.0006236237840876522,0.00019166145999972408,0.0,0.00142890120166411,5324,2749,5427,0.20362962962962963,0.402,1,0,0
flow,0.1,1.5,0,registered,during_vibration,flow_dump_0.1_1.5.shear.wave,2191,219100,219.1,0.2191,158683.4518369953,1267.268217136435,0.007986139716939188,7.986139716939188e+17,100,0.0006301854342236215,6.301854342236214e+26,958.3638434002999,15.978307976640984,72.18484272809215,29.36828971136558,0.0,191.3729333200357,0.006039469347974368,0.00010069296950418253,0.00045489836458966577,0.00018507468404162033,0.0,0.0012060043508293487,5337,2741,5422,0.20303703703703704,0.4016296296296296,1,0,0
flow,0.1,1.5,0,registered,during_vibration,flow_dump_0.1_1.5.shear.wave,2192,219200,219.20000000000002,0.21919999999999998,158683.45183699526,1203.5114248712032,0.007584353698755487,7.584353698755487e+17,98,0.0006175817255391491,6.1758172553914915e+26,993.0229541542045,4.42596478488333,94.48946080162109,20.975104962849837,0.0,90.5979401676446,0.0062578860155769085,2.7891785398201595e-05,0.0005954588188482546,0.00013218205628899566,0.0,0.000570935022643128,5324,2765,5411,0.2048148148148148,0.4008148148148148,1,0,0
flow,0.1,1.5,0,registered,during_vibration,flow_dump_0.1_1.5.shear.wave,2193,219300,219.3,0.2193,158683.45183699526,1169.6549522905643,0.007370995140010387,7.370995140010387e+17,97,0.000611279871196913,6.112798711969129e+26,968.4427629893503,0.0,90.7684119397739,33.551904240938754,0.0,76.89187312050127,0.006102985231151676,0.0,0.0005720093109205498,0.0002114392134310536,0.0,0.00048456138450710714,5339,2749,5412,0.20362962962962963,0.4008888888888889,1,0,0
flow,0.1,1.5,0,registered,during_vibration,flow_dump_0.1_1.5.shear.wave,2194,219400,219.4,0.21939999999999998,158683.45183699526,1210.803187871545,0.007630305327081749,7.63030532708175e+17,96,0.0006049780168546768,6.049780168546768e+26,975.101636424103,19.608766186834263,103.60852968872769,31.292810056438363,0.0,81.19144551544235,0.006144948481620874,0.00012357158834039618,0.0006529258627116185,0.00019720273093493923,0.0,0.0005116566634739255,5314,2735,5451,0.2025925925925926,0.4037777777777778,1,0,0
flow,0.1,1.5,0,registered,during_vibration,flow_dump_0.1_1.5.shear.wave,2195,219500,219.5,0.2195,158683.45183699526,1211.55487485747,0.007635042348978003,7.635042348978003e+17,100,0.0006301854342236216,6.301854342236216e+26,981.7207685622543,11.600897448947855,99.15267010291537,23.350955594439245,0.0,95.72958314891328,0.006186661288227518,7.310716596248908e-05,0.0006248456846323722,0.000147154320908182,0.0,0.000603273889247442,5319,2740,5441,0.20296296296296296,0.403037037037037,1,0,0
flow,0.1,1.5,0,registered,during_vibration,flow_dump_0.1_1.5.shear.wave,2196,219600,219.6,0.2196,158683.45183699526,1151.9233673567287,0.0072592532745003645,7.259253274500365e+17,92,0.0005797705994857318,5.7977059948573184e+26,861.1839915541067,0.0,95.03839036468456,27.206791422118325,0.0,168.4941940158186,0.005427056076639564,0.0,0.000598918092998828,0.0001714532366617914,0.0,0.001061825868200178,5304,2742,5454,0.2031111111111111,0.404,1,0,0
flow,0.1,1.5,0,registered,during_vibration,flow_dump_0.1_1.5.shear.wave,2197,219700,219.70000000000002,0.21969999999999998,158683.45183699526,1209.5115521057555,0.0076221656266225206,7.62216562662252e+17,98,0.0006175817255391491,6.1758172553914915e+26,988.549507415045,13.222171025302195,87.7748494661403,22.891772394923827,0.0,97.07325180434351,0.006229695005818974,8.332419588959052e-05,0.0005531443162473264,0.00014426061526843386,0.0,0.0006117414933981917,5315,2745,5440,0.20333333333333334,0.40296296296296297,1,0,0
flow,0.1,1.5,0,registered,during_vibration,flow_dump_0.1_1.5.shear.wave,2198,219800,219.8,0.2198,158683.4518369953,1154.2913251088423,0.0072741757993427525,7.274175799342752e+17,100,0.0006301854342236215,6.301854342236214e+26,913.9854471066138,4.461060626510303,84.10626030144684,22.964196994724304,0.0,128.77436007954742,0.0057598031585895226,2.8112954280152963e-05,0.0005300254016899222,0.0001447170245471712,0.0,0.0008115172602359857,5322,2746,5432,0.2034074074074074,0.4023703703703704,1,0,0
flow,0.1,1.5,0,registered,during_vibration,flow_dump_0.1_1.5.shear.wave,2199,219900,219.9,0.21989999999999998,158683.45183699526,1242.5186788278488,0.007830171731480885,7.830171731480884e+17,103,0.0006490909972503302,6.490909972503302e+26,1034.130116320869,4.379248117551985,100.0109144766734,19.361574825725,0.0,84.63682508702885,0.006516937363973912,2.759738376532475e-05,0.0006302542156658392,0.0001220138243880265,0.0,0.0005333689436877799,5332,2767,5401,0.20496296296296296,0.4000740740740741,1,0,0
flow,0.1,1.5,0,registered,during_vibration,flow_dump_0.1_1.5.shear.wave,2200,220000,220.0,0.22,158683.45183699526,1208.32770103479,0.007614705169610395,7.614705169610395e+17,102,0.000642789142908094,6.42789142908094e+26,982.2847398763615,4.960781938747215,101.35802588116623,45.92952909958689,0.0,73.79462423892761,0.006190215353302221,3.126212520158113e-05,0.0006387435155197182,0.00028944120239309624,0.0,0.0004650429731937759,5329,2758,5413,0.2042962962962963,0.40096296296296297,1,0,0
flow,0.1,1.5,0,registered,after_removal,flow_dump_0.1_1.5.shear.wave,2240,224000,224.0,0.22399999999999998,158683.4518369953,1463.3488102604383,0.009221811054145943,9.221811054145943e+17,124,0.0007814299384372906,7.814299384372906e+26,1293.4552733101461,0.0,62.994263099175534,44.223400805488225,0.0,62.67587304562856,0.008151166730597875,0.0,0.0003969806704475099,0.0002786894303945185,0.0,0.0003949742227060401,5234,2711,5555,0.2008148148148148,0.4114814814814815,0,0,0
flow,0.1,1.5,0,registered,after_removal,flow_dump_0.1_1.5.shear.wave,2245,224500,224.5,0.22449999999999998,158683.45183699526,1447.4278834726608,0.009121479692535963,9.121479692535963e+17,121,0.0007625243754105822,7.625243754105822e+26,1250.6582954006221,0.0,78.04918651453883,43.48845508936624,0.0,75.23194646813366,0.007881466409524154,0.0,0.0004918546049446508,0.00027405790954206734,0.0,0.00047410076852509066,5222,2710,5568,0.20074074074074075,0.41244444444444445,0,0,0
flow,0.1,1.5,0,registered,after_removal,flow_dump_0.1_1.5.shear.wave,2250,225000,225.0,0.22499999999999998,158683.45183699526,1339.5213179587818,0.008441468234096527,8.441468234096527e+17,117,0.0007373169580416372,7.373169580416372e+26,1118.145168643841,4.200591844810075,85.11624345949332,63.306343966509274,0.0,68.75297004412755,0.007046387986268636,2.647151795717841e-05,0.0005363901684400429,0.0003989473586164459,0.0,0.0004332712028142217,5262,2722,5516,0.20162962962962963,0.4085925925925926,0,0,0
flow,0.1,1.5,0,registered,after_removal,flow_dump_0.1_1.5.shear.wave,2255,225500,225.5,0.22549999999999998,158683.4518369953,1457.0570950063538,0.009182161581051876,9.182161581051876e+17,134,0.0008444484818596528,8.444484818596527e+26,1163.6551289849308,23.685836596657502,100.16832722736766,80.19574117768235,0.0,89.35206101971585,0.007333185127459129,0.00014926469220614353,0.0006312462078923249,0.0005053818797694291,0.0,0.0005630836737248515,5266,2729,5505,0.20214814814814816,0.4077777777777778,0,0,0
flow,0.1,1.5,0,registered,after_removal,flow_dump_0.1_1.5.shear.wave,2260,226000,226.0,0.22599999999999998,158683.45183699526,1418.342666208355,0.008938188889824015,8.938188889824014e+17,130,0.0008192410644907081,8.192410644907081e+26,1082.981342488803,16.108938684194577,97.43212419723922,69.59762835581186,0.0,152.22263248230658,0.00682479067572387,0.00010151618519580855,0.0006140030549456703,0.0004385941164634154,0.0,0.0009592848574952514,5225,2726,5549,0.20192592592592593,0.41103703703703703,0,0,0
flow,0.1,1.5,0,registered,after_removal,flow_dump_0.1_1.5.shear.wave,2265,226500,226.5,0.22649999999999998,158683.45183699526,1487.6230744638126,0.009374783931420567,9.374783931420567e+17,129,0.0008129392101484719,8.129392101484719e+26,1153.5451071970754,29.775298454420934,83.87129237810055,78.68959553892223,0.0,141.74178089529374,0.00726947324275523,0.00018763959385637184,0.0005285446680618962,0.0004958903693357687,0.0,0.0008932360574113012,5228,2731,5541,0.2022962962962963,0.41044444444444445,0,0,0
flow,0.1,1.5,0,registered,after_removal,flow_dump_0.1_1.5.shear.wave,2270,227000,227.0,0.22699999999999998,158683.45183699526,1464.1743764286246,0.009227013651887732,9.227013651887732e+17,134,0.0008444484818596529,8.444484818596529e+26,1153.2550841208608,29.05917907760083,80.77504110937414,67.11158711474104,0.0,133.97348500604838,0.0072676455595730395,0.0001831267138519986,0.0005090325435594183,0.0004229274466733949,0.0,0.0008442813882298845,5186,2745,5569,0.20333333333333334,0.4125185185185185,0,0,0
flow,0.1,1.5,0,registered,after_removal,flow_dump_0.1_1.5.shear.wave,2275,227500,227.5,0.22749999999999998,158683.45183699526,1508.9715095353838,0.009509318659676295,9.509318659676296e+17,131,0.0008255429188329443,8.255429188329443e+26,1134.403037366679,28.997355518353636,65.69222545367282,47.700595398002164,0.0,232.17829579867657,0.007148842706875158,0.00018273711078670417,0.0004139828362263885,0.0003006022042361528,0.0,0.0014631538015518945,5185,2753,5562,0.20392592592592593,0.412,0,0,0
flow,0.1,1.5,0,registered,after_removal,flow_dump_0.1_1.5.shear.wave,2280,228000,228.0,0.22799999999999998,158683.45183699526,1494.5042724260052,0.009418148238678398,9.418148238678397e+17,130,0.0008192410644907081,8.192410644907081e+26,1154.2267428291127,24.681747097145738,85.83509679764092,29.29114327404227,0.0,200.46954242806305,0.0072737688112228084,0.000155540775118124,0.0005409202774704793,0.0001845885184305864,0.0,0.0012633298564363965,5175,2777,5548,0.2057037037037037,0.410962962962963,0,0,0
flow,0.1,1.5,0,registered,after_removal,flow_dump_0.1_1.5.shear.wave,2285,228500,228.5,0.22849999999999998,158683.45183699526,1412.5792169440792,0.00890186847205168,8.901868472051679e+17,119,0.0007499206667261097,7.499206667261097e+26,1103.4089536186032,17.038176740675922,87.62194143884194,55.15488604049339,0.0,149.35525910546482,0.006953522505623714,0.00010737210807701666,0.0005521807121315335,0.0003475780580898269,0.0,0.0009412150881295886,5104,2797,5599,0.2071851851851852,0.41474074074074074,0,0,0
flow,0.1,1.5,0,registered,after_removal,flow_dump_0.1_1.5.shear.wave,2290,229000,229.0,0.22899999999999998,158683.45183699526,1472.8136587012564,0.00928145715039132,9.28145715039132e+17,128,0.0008066373558062356,8.066373558062357e+26,1113.2778473323453,12.61822814129038,91.915081645494,52.30273390285625,0.0,202.69976767927037,0.007015714836326728,7.9518235803518e-05,0.0005792354563846527,0.00032960421075654,0.0,0.0012773844111198822,5114,2811,5575,0.20822222222222223,0.412962962962963,0,0,0
flow,0.1,1.5,0,registered,after_removal,flow_dump_0.1_1.5.shear.wave,2295,229500,229.5,0.22949999999999998,158683.45183699526,1483.1854063030394,0.009346818393052195,9.346818393052195e+17,125,0.000787731792779527,7.87731792779527e+26,1185.993879020542,14.92371946267767,70.84244311105999,50.07052883570179,0.0,161.35483587305825,0.007473960676371176,9.40471062981904e-05,0.0004464387577340555,0.000315537179561331,0.0,0.0010168346730874442,5121,2804,5575,0.2077037037037037,0.412962962962963,0,0,0
flow,0.1,1.5,0,registered,after_removal,flow_dump_0.1_1.5.shear.wave,2300,230000,230.0,0.22999999999999998,158683.45183699526,1516.5992591842376,0.009557387626922416,9.557387626922415e+17,121,0.0007625243754105822,7.625243754105822e+26,1236.1116133885648,7.251636074129664,76.8537174581156,54.567833782086694,0.0,141.81445848134044,0.007789795338321342,4.5698754282070805e-05,0.00048432093308042103,0.0003438785402660671,0.0,0.0008936940609725128,5143,2786,5571,0.20637037037037037,0.4126666666666667,0,0,0
