region,amplitude_A,frequency_THz,is_baseline,coordinate_treatment,analysis_stage,filename,frame,timestep,time_ps,strain_xy,cell_volume_A3,total_line_length_A,dislocation_density_A-2,dislocation_density_m-2,segment_count,segment_number_density_A-3,segment_number_density_m-3,shockley_length_A,perfect_length_A,stair_rod_length_A,hirth_length_A,frank_length_A,other_length_A,shockley_density_A-2,perfect_density_A-2,stair_rod_density_A-2,hirth_density_A-2,frank_density_A-2,other_density_A-2,fcc_count,hcp_count,other_atom_count,hcp_fraction,other_atom_fraction,coherent_correction_applied,has_PE,has_KE
flow,0.2,1.0,0,registered,before,flow_dump_0.2_1.0.shear.wave,1850,185000,185.0,0.185,158683.45183699526,1441.826292300768,0.00908617928088594,9.086179280885939e+17,126,0.0007940336471217632,7.940336471217631e+26,1167.4654380944578,4.603785611908546,121.82863208346481,44.556678307427724,0.0,103.37175820350976,0.007357197140466265,2.9012386349130486e-05,0.0007677462941038811,0.00028078969666728564,0.0,0.0006514337632993802,5939,3062,4499,0.2268148148148148,0.33325925925925926,0,0,0
flow,0.2,1.0,0,registered,before,flow_dump_0.2_1.0.shear.wave,1855,185500,185.5,0.1855,158683.45183699526,1437.2295380341995,0.009057211205050972,9.057211205050972e+17,125,0.000787731792779527,7.87731792779527e+26,1161.7754451855296,6.342864394528773,133.7958539195755,24.720090279973533,0.0,110.59528425459212,0.0073213396339458425,3.997180752687663e-05,0.0008431619829962794,0.0001557824082713225,0.0,0.0006969553723106499,5928,3069,4503,0.22733333333333333,0.33355555555555555,0,0,0
flow,0.2,1.0,0,registered,before,flow_dump_0.2_1.0.shear.wave,1860,186000,186.0,0.186,158683.45183699526,4975.515810919432,0.03135497591790757,3.135497591790757e+18,135,0.0008507503362018892,8.507503362018892e+26,3685.6746195561204,0.0,448.83295727585386,257.259246710078,0.0,583.7489873773791,0.02322658460531955,0.0,0.0028284799207475616,0.001621210300960323,0.0,0.00367870109088013,5915,3025,4560,0.22407407407407406,0.3377777777777778,0,0,0
flow,0.2,1.0,0,registered,before,flow_dump_0.2_1.0.shear.wave,1865,186500,186.5,0.1865,158683.45183699526,1704.3169668455046,0.0107403572780622,1.07403572780622e+18,122,0.0007688262297528183,7.688262297528184e+26,1352.8907364199413,0.0,161.42633713868145,67.77793029904024,0.0,122.22196298784144,0.008525720361879159,0.0,0.001017285263648687,0.0004271266443627903,0.0,0.0007702250081715626,5911,3021,4568,0.22377777777777777,0.3383703703703704,0,0,0
flow,0.2,1.0,0,registered,before,flow_dump_0.2_1.0.shear.wave,1870,187000,187.0,0.187,158683.45183699526,1550.0191724865495,0.009767995052683748,9.767995052683748e+17,129,0.0008129392101484719,8.129392101484719e+26,1208.4069916005535,6.442923376896207,156.38005819092385,52.4617493373733,0.0,126.32744998080318,0.007615204847206551,4.0602364659388584e-05,0.0009854843487496255,0.00033060630286303386,0.0,0.0007960971892051529,5916,3027,4557,0.2242222222222222,0.33755555555555555,0,0,0
flow,0.2,1.0,0,registered,before,flow_dump_0.2_1.0.shear.wave,1875,187500,187.5,0.1875,158683.45183699526,1536.1960074072153,0.009680883479805098,9.680883479805098e+17,131,0.0008255429188329443,8.255429188329443e+26,1202.2306791004264,7.870538299511893,144.28804290422232,62.24720794551858,0.0,119.55953915753562,0.007576282625458617,4.959898595851547e-05,0.0009092822297087389,0.000392272837683547,0.0,0.0007534468009956768,5888,3011,4601,0.22303703703703703,0.3408148148148148,0,0,0
flow,0.2,1.0,0,registered,before,flow_dump_0.2_1.0.shear.wave,1880,188000,188.0,0.188,158683.45183699526,1497.927042607647,0.009439718037810053,9.439718037810053e+17,126,0.0007940336471217632,7.940336471217631e+26,1221.3909315814399,5.9249625163137605,139.40151732368602,37.20419762059687,0.0,94.00543356561074,0.007697027745754433,3.733825076101869e-05,0.0008784880572605878,0.00023445543432477268,0.0,0.0005924085497092422,5867,2993,4640,0.2217037037037037,0.3437037037037037,0,0,0
flow,0.2,1.0,0,registered,before,flow_dump_0.2_1.0.shear.wave,1885,188500,188.5,0.1885,158683.45183699526,1533.7373097756965,0.009665389125459665,9.665389125459665e+17,128,0.0008066373558062356,8.066373558062357e+26,1190.2230546991996,5.014848463179432,151.90362676925645,28.928189075994343,0.0,157.66759076806719,0.007500612325485804,3.160284456334392e-05,0.0009572745299572682,0.0001823012339415852,0.0,0.0009935981915116668,5835,3005,4660,0.2225925925925926,0.3451851851851852,0,0,0
flow,0.2,1.0,0,registered,before,flow_dump_0.2_1.0.shear.wave,1890,189000,189.0,0.189,158683.4518369953,1488.4590490642256,0.009380052121586177,9.380052121586177e+17,121,0.000762524375410582,7.62524375410582e+26,1203.1402573759274,0.0,167.0499310768173,9.040746322285841,0.0,109.22811428919475,0.007582014655263685,0.0,0.0010527243335267016,5.697346646815312e-05,0.0,0.0006883396663276355,5870,3010,4620,0.22296296296296297,0.3422222222222222,0,0,0
flow,0.2,1.0,0,registered,before,flow_dump_0.2_1.0.shear.wave,1895,189500,189.5,0.1895,158683.45183699526,1497.1161961776575,0.009434608201714337,9.434608201714337e+17,129,0.0008129392101484719,8.129392101484719e+26,1212.6033220505008,10.534191187355,132.72377370722762,30.244553758185795,0.0,111.0103554743877,0.007641649510474009,6.638493847597959e-05,0.0008364058896548693,0.0001905967724300198,0.0,0.000699571090679456,5912,3016,4572,0.22340740740740742,0.33866666666666667,0,0,0
flow,0.2,1.0,0,registered,before,flow_dump_0.2_1.0.shear.wave,1900,190000,190.0,0.19,158683.45183699526,1501.7487813824728,0.009463802078903082,9.463802078903082e+17,126,0.0007940336471217632,7.940336471217631e+26,1205.5387239756446,11.467998671675558,139.27213712580374,44.83362218934846,0.0,100.63629942000073,0.007597129442419823,7.226965722585777e-05,0.0008776727220987639,0.00028253495667212355,0.0,0.0006341953004865156,5911,3054,4535,0.2262222222222222,0.3359259259259259,0,0,0
flow,0.2,1.0,0,registered,during_vibration,flow_dump_0.2_1.0.shear.wave,1910,191000,191.0,0.191,158683.45183699526,1304.7905549856216,0.008222600024644942,8.222600024644942e+17,112,0.0007058076863304561,7.058076863304562e+26,1040.8087186946386,24.32338655439783,116.17151296781589,42.08637376589398,0.0,81.40056300287512,0.006559024943343121,0.00015328243917572194,0.0007320959534403814,0.00026522219726557536,0.0,0.0005129744914201413,5481,2711,5308,0.2008148148148148,0.3931851851851852,1,0,0
flow,0.2,1.0,0,registered,during_vibration,flow_dump_0.2_1.0.shear.wave,1911,191100,191.1,0.1911,158683.45183699526,1233.29327973274,0.007772034610134512,7.772034610134513e+17,103,0.0006490909972503302,6.490909972503302e+26,983.3553379945067,21.079102728986342,104.9810754026623,32.14005718085301,0.0,91.73770642573163,0.006196962106701844,0.00013283743506310584,0.000661575445878895,0.00020254195890487882,0.0,0.000578117663585788,5486,2690,5324,0.19925925925925925,0.39437037037037037,1,0,0
flow,0.2,1.0,0,registered,during_vibration,flow_dump_0.2_1.0.shear.wave,1912,191200,191.20000000000002,0.19119999999999998,158683.45183699526,1233.1031732412428,0.007770836586715583,7.770836586715583e+17,108,0.0006806002689615113,6.806002689615113e+26,990.3546757732655,23.328425557569275,107.49525565349309,27.293557781199077,0.0,84.6312584757157,0.0062410709138756935,0.00014701233989750226,0.0006774194436097576,0.00017200002561852445,0.0,0.0005333338637141046,5483,2722,5295,0.20162962962962963,0.39222222222222225,1,0,0
flow,0.2,1.0,0,registered,during_vibration,flow_dump_0.2_1.0.shear.wave,1913,191300,191.3,0.1913,158683.45183699526,1179.3591650244393,0.007432149675165341,7.432149675165341e+17,102,0.000642789142908094,6.42789142908094e+26,945.4340213410404,22.911297980147353,112.46126682441091,18.699291612710727,0.0,79.85328726612971,0.005957987492685883,0.00014438366266245943,0.0007087145226707996,0.00011784021204630235,0.0,0.0005032237850998955,5490,2746,5264,0.2034074074074074,0.38992592592592595,1,0,0
flow,0.2,1.0,0,registered,during_vibration,flow_dump_0.2_1.0.shear.wave,1914,191400,191.4,0.1914,158683.45183699526,1203.9948637215202,0.007587400259973564,7.587400259973564e+17,103,0.0006490909972503302,6.490909972503302e+26,1012.9387717122745,11.18226435610711,103.2949255922556,19.293405216426052,0.0,57.285496844456496,0.006383392596934416,7.046900118856686e-05,0.0006509495753745227,0.00012158422943965737,0.0,0.0003610048570363972,5472,2742,5286,0.2031111111111111,0.39155555555555555,1,0,0
flow,0.2,1.0,0,registered,during_vibration,flow_dump_0.2_1.0.shear.wave,1915,191500,191.5,0.1915,158683.45183699526,1225.0293765274541,0.007719956695836461,7.719956695836461e+17,97,0.000611279871196913,6.112798711969129e+26,1008.8653844331429,14.444494699241849,115.79694003949167,26.46082586977849,0.0,59.461731485799675,0.0063577227036218115,9.102710164182525e-05,0.0007297354494055373,0.00016675227040661997,0.0,0.0003747191707606706,5436,2710,5354,0.20074074074074075,0.3965925925925926,1,0,0
flow,0.2,1.0,0,registered,during_vibration,flow_dump_0.2_1.0.shear.wave,1916,191600,191.6,0.1916,158683.4518369953,1176.3803134982134,0.007413377386739916,7.413377386739916e+17,103,0.0006490909972503301,6.490909972503302e+26,933.6456960040705,16.091672860182054,126.53673575226003,18.15919772375828,0.0,81.94701115794292,0.005883699183473405,0.00010140737848778293,0.0007974160776527764,0.0001144366190269921,0.0,0.0005164181280989621,5435,2719,5346,0.2014074074074074,0.396,1,0,0
flow,0.2,1.0,0,registered,during_vibration,flow_dump_0.2_1.0.shear.wave,1917,191700,191.70000000000002,0.19169999999999998,158683.45183699526,1112.4312731701248,0.007010379849266513,7.010379849266513e+17,95,0.0005986761625124405,5.986761625124405e+26,861.8778071561499,10.022120821175651,127.35318001561843,19.629458735220616,0.0,93.54870644196016,0.005431428401504011,6.315794561534177e-05,0.0008025611904790155,0.00012370198976629666,0.0,0.0005895303219018477,5438,2744,5318,0.20325925925925925,0.3939259259259259,1,0,0
flow,0.2,1.0,0,registered,during_vibration,flow_dump_0.2_1.0.shear.wave,1918,191800,191.8,0.1918,158683.45183699526,1188.882874370615,0.007492166704262733,7.492166704262733e+17,106,0.0006679965602770389,6.679965602770389e+26,949.751027210238,15.447016365232903,111.79472637812394,27.729621396379258,0.0,84.16048302064061,0.005985192634868145,9.734484715583686e-05,0.00070451408186509,0.00017474803500533892,0.0,0.0005303671053683214,5462,2762,5276,0.2045925925925926,0.39081481481481484,1,0,0
flow,0.2,1.0,0,registered,during_vibration,flow_dump_0.2_1.0.shear.wave,1919,191900,191.9,0.1919,158683.45183699526,1176.4737371813126,0.007413966129182923,7.413966129182924e+17,105,0.0006616947059348027,6.616947059348027e+26,952.6220443711844,12.24918802120662,109.48927760178347,28.61089065118254,0.0,73.50233653595546,0.006003285366830489,7.719259872030878e-05,0.0006899854794831056,0.00018030166548540025,0.0,0.0004632010186636186,5459,2735,5306,0.2025925925925926,0.393037037037037,1,0,0
flow,0.2,1.0,0,registered,during_vibration,flow_dump_0.2_1.0.shear.wave,1920,192000,192.0,0.192,158683.4518369953,1195.654317847275,0.00753483935473933,7.534839354739329e+17,104,0.0006553928515925663,6.553928515925663e+26,997.0345708429663,9.154329299002907,87.84350958575772,31.31331405315183,0.0,70.30859406639648,0.006283166639626368,5.768924984318167e-05,0.0005535770023202758,0.00019733194413566117,0.0,0.00044307451881384405,5461,2709,5330,0.20066666666666666,0.39481481481481484,1,0,0
flow,0.2,1.0,0,registered,during_vibration,flow_dump_0.2_1.0.shear.wave,1921,192100,192.1,0.1921,158683.45183699526,1293.7877661849238,0.008153262052264557,8.153262052264557e+17,99,0.0006238835798813854,6.238835798813854e+26,1039.09770867614,38.59684843151978,103.61347699306322,44.402173452221746,0.0,68.07755863197896,0.006548242407428435,0.00024323171688480602,0.0006529570399029277,0.00027981602957460926,0.0,0.00042901485847377717,5441,2699,5360,0.19992592592592592,0.397037037037037,1,0,0
flow,0.2,1.0,0,registered,during_vibration,flow_dump_0.2_1.0.shear.wave,1922,192200,192.20000000000002,0.19219999999999998,158683.45183699526,1221.0081008633388,0.0076946152023312266,7.694615202331227e+17,105,0.0006616947059348027,6.616947059348027e+26,1000.6397836277486,17.27749364737103,99.37979750791597,24.348418915543014,0.0,79.3626071647608,0.006305886165468835,0.00010888024836464377,0.0006262770084558161,0.00015344018946950117,0.0,0.0005001315905724349,5439,2721,5340,0.20155555555555554,0.39555555555555555,1,0,0
flow,0.2,1.0,0,registered,during_vibration,flow_dump_0.2_1.0.shear.wave,1923,192300,192.3,0.1923,158683.45183699526,1302.7473572676658,0.008209724090233995,8.209724090233996e+17,102,0.000642789142908094,6.42789142908094e+26,1043.3948506645606,11.462436337927176,138.68669550167087,30.915798463231923,0.0,78.28757630027592,0.006575322370327369,7.223460420877256e-05,0.0008739833542575964,0.00019482685878921782,0.0,0.0004933569026510428,5457,2740,5303,0.20296296296296296,0.39281481481481484,1,0,0
flow,0.2,1.0,0,registered,during_vibration,flow_dump_0.2_1.0.shear.wave,1924,192400,192.4,0.1924,158683.4518369953,1184.7238243686825,0.007465956976948476,7.465956976948476e+17,102,0.0006427891429080939,6.427891429080939e+26,970.0926997818514,9.978870898824145,104.88091775585738,20.13419157469974,0.0,79.63714435744967,0.0061133828924919125,6.288539090436953e-05,0.0006609442669774692,0.00012688274260243737,0.0,0.0005018616839722865,5432,2738,5330,0.2028148148148148,0.39481481481481484,1,0,0
flow,0.2,1.0,0,registered,during_vibration,flow_dump_0.2_1.0.shear.wave,1925,192500,192.5,0.1925,158683.45183699526,1204.3356724874334,0.0075895479871749055,7.589547987174906e+17,103,0.0006490909972503302,6.490909972503302e+26,983.2834620061165,12.885036622434727,113.56942238210497,32.990445699108406,0.0,61.60730577766876,0.006196509154692304,8.119962398896295e-05,0.0007156979575839271,0.0002079009834812344,0.0,0.0003882402674284762,5437,2707,5356,0.2005185185185185,0.3967407407407407,1,0,0
flow,0.2,1.0,0,registered,during_vibration,flow_dump_0.2_1.0.shear.wave,1926,192600,192.6,0.1926,158683.45183699526,1114.5387573879423,0.007023660907835761,7.02366090783576e+17,95,0.0005986761625124405,5.986761625124405e+26,889.9611300858335,15.037421079873022,109.49786023788023,23.88449106809253,0.0,76.15785491626328,0.005608405412052859,9.476363732823221e-05,0.0006900395660056598,0.000150516583749561,0.0,0.00047993570869944946,5415,2712,5373,0.2008888888888889,0.398,1,0,0
flow,0.2,1.0,0,registered,during_vibration,flow_dump_0.2_1.0.shear.wave,1927,192700,192.70000000000002,0.19269999999999998,158683.45183699526,1126.3817373017393,0.007098293642230539,7.09829364223054e+17,96,0.0006049780168546768,6.049780168546768e+26,878.1752489156142,11.228697995382287,117.1629985590073,27.207083359557917,0.0,92.60770847217788,0.005534132505623233,7.076161921985896e-05,0.0007383441512184957,0.00017145507640901276,0.0,0.0005836002897599398,5434,2755,5311,0.20407407407407407,0.39340740740740743,1,0,0
flow,0.2,1.0,0,registered,during_vibration,flow_dump_0.2_1.0.shear.wave,1928,192800,192.8,0.1928,158683.45183699526,1214.1724780817867,0.0076515381032234145,7.651538103223415e+17,103,0.0006490909972503302,6.490909972503302e+26,973.1528789560991,11.1339543277039,92.90090835605567,49.15415007589876,0.0,87.83058636602946,0.006132667695909168,7.016455842630054e-05,0.0005854479927212982,0.00030976229409473326,0.0,0.0005534955620719158,5445,2767,5288,0.20496296296296296,0.3917037037037037,1,0,0
flow,0.2,1.0,0,registered,during_vibration,flow_dump_0.2_1.0.shear.wave,1929,192900,192.9,0.1929,158683.45183699526,1194.165849475418,0.007525459243866863,7.525459243866863e+17,103,0.0006490909972503302,6.490909972503302e+26,918.8598869724591,8.676039378310485,103.57920751519393,34.347563347370794,0.0,128.70315226208407,0.00579052116862407,5.467513642961833e-05,0.0006527410786450109,0.00021645334122586215,0.0,0.0008110685189423034,5427,2720,5353,0.20148148148148148,0.3965185185185185,1,0,0
flow,0.2,1.0,0,registered,during_vibration,flow_dump_0.2_1.0.shear.wave,1930,193000,193.0,0.193,158683.45183699526,1231.1328667645982,0.007758420002290204,7.758420002290204e+17,107,0.0006742984146192752,6.742984146192752e+26,1018.8096507222949,14.11394696269237,89.29172743853916,31.868330343088818,0.0,77.04921129798255,0.006420390021316457,8.894403795293457e-05,0.0005627034602843306,0.00020082957595241242,0.0,0.00048555290678406704,5436,2683,5381,0.19874074074074075,0.3985925925925926,1,0,0
flow,0.2,1.0,0,registered,during_vibration,flow_dump_0.2_1.0.shear.wave,1931,193100,193.1,0.1931,158683.45183699526,1171.8223661381714,0.007384653866377352,7.384653866377353e+17,100,0.0006301854342236216,6.301854342236216e+26,962.7899890768806,11.189842931172857,106.2746122565506,37.79699840643586,0.0,53.77092346713196,0.006067362273325699,7.05167602647529e-05,0.0006697271267184136,0.00023819117853109316,0.0,0.00033885652753739675,5412,2696,5392,0.19970370370370372,0.39940740740740743,1,0,0
flow,0.2,1.0,0,registered,during_vibration,flow_dump_0.2_1.0.shear.wave,1932,193200,193.20000000000002,0.19319999999999998,158683.45183699526,1202.5319939867925,0.007578181467983643,7.578181467983643e+17,105,0.0006616947059348027,6.616947059348027e+26,961.6811000617795,16.63486817001196,116.39672713737656,36.19050696645314,0.0,71.62879165117198,0.006060374216270826,0.00010483051620971688,0.0007335152203327605,0.00022806730347427277,0.0,0.00045139421169607135,5441,2705,5354,0.20037037037037037,0.3965925925925926,1,0,0
flow,0.2,1.0,0,registered,during_vibration,flow_dump_0.2_1.0.shear.wave,1933,193300,193.3,0.1933,158683.45183699526,1236.7971133347096,0.007794115259133557,7.794115259133558e+17,106,0.0006679965602770389,6.679965602770389e+26,994.7804001245162,19.41317746123509,119.55120826590793,32.180145814622946,0.0,70.87218166842736,0.006268961184096163,0.0001223390166806866,0.0007533943009300981,0.0002027945916356762,0.0,0.0004466261657909329,5446,2730,5324,0.20222222222222222,0.39437037037037037,1,0,0
flow,0.2,1.0,0,registered,during_vibration,flow_dump_0.2_1.0.shear.wave,1934,193400,193.4,0.1934,158683.45183699526,1235.220819332958,0.007784181683933977,7.784181683933978e+17,105,0.0006616947059348027,6.616947059348027e+26,1004.2099711275517,32.16813204297228,112.305305199881,28.379715048899044,0.0,58.15769591365351,0.006328384967067067,0.00020271888259663283,0.0007077316752300336,0.00017884483051233092,0.0,0.0003665013285279108,5454,2743,5303,0.2031851851851852,0.39281481481481484,1,0,0
flow,0.2,1.0,0,registered,during_vibration,flow_dump_0.2_1.0.shear.wave,1935,193500,193.5,0.19349999999999998,158683.4518369953,1205.1349655585475,0.007594585015685823,7.594585015685823e+17,99,0.0006238835798813853,6.238835798813853e+26,966.336699684545,4.849904514874435,117.23830351614906,40.442021364184384,0.0,76.26803647879558,0.006089713126969263,3.056339182649248e-05,0.0007388187120896513,0.00025485972794269513,0.0,0.00048063005685772796,5448,2709,5343,0.20066666666666666,0.3957777777777778,1,0,0
flow,0.2,1.0,0,registered,during_vibration,flow_dump_0.2_1.0.shear.wave,1936,193600,193.6,0.1936,158683.45183699526,1160.1805420999885,0.0073112887870107795,7.311288787010779e+17,101,0.0006364872885658578,6.364872885658577e+26,969.2756999346572,0.0,106.28160348834437,30.42756624127358,0.0,54.19567243571347,0.0061082342784572665,0.0,0.0006697711844428507,0.00019175009044125,0.0,0.0003415332336694125,5424,2718,5358,0.20133333333333334,0.3968888888888889,1,0,0
flow,0.2,1.0,0,registered,during_vibration,flow_dump_0.2_1.0.shear.wave,1937,193700,193.70000000000002,0.19369999999999998,158683.45183699526,1226.2070473465747,0.0077273782058016605,7.72737820580166e+17,102,0.000642789142908094,6.42789142908094e+26,1003.9123468026113,0.0,109.62576579550407,19.89263046249897,0.0,92.77630428596055,0.006326509381922586,0.0,0.0006908456081993678,0.00012536045965859957,0.0,0.0005846627560211089,5442,2773,5285,0.2054074074074074,0.3914814814814815,1,0,0
flow,0.2,1.0,0,registered,during_vibration,flow_dump_0.2_1.0.shear.wave,1938,193800,193.8,0.1938,158683.45183699526,1270.2112784514434,0.008004686460666644,8.004686460666644e+17,110,0.0006932039776459838,6.932039776459838e+26,1007.5029708441054,4.559001527709523,110.5031001586974,46.42455430937002,0.0,101.22165161156019,0.006349136971629814,2.8730163573657797e-05,0.0006963744415656507,0.0002925607791608845,0.0,0.000637884104736632,5435,2784,5281,0.20622222222222222,0.3911851851851852,1,0,0
flow,0.2,1.0,0,registered,during_vibration,flow_dump_0.2_1.0.shear.wave,1939,193900,193.9,0.1939,158683.4518369953,1238.1568802413408,0.007802684312118538,7.802684312118538e+17,107,0.0006742984146192749,6.742984146192749e+26,1004.2949972907801,0.0,118.67579517350477,44.15419013445929,0.0,71.03189764259642,0.0063289207895630105,0.0,0.0007478775751324866,0.00027825327482676574,0.0,0.0004476326725962746,5466,2746,5288,0.2034074074074074,0.3917037037037037,1,0,0
flow,0.2,1.0,0,registered,during_vibration,flow_dump_0.2_1.0.shear.wave,1940,194000,194.0,0.19399999999999998,158683.45183699526,1271.9340907114286,0.008015543372588089,8.015543372588088e+17,106,0.0006679965602770389,6.679965602770389e+26,1057.4948008281294,0.0,100.84463716599487,42.8308945765128,0.0,70.76375814079192,0.00666417820249097,0.0,0.0006355082146157604,0.00026991405896885877,0.0,0.00044594289651250297,5470,2714,5316,0.20103703703703704,0.3937777777777778,1,0,0
flow,0.2,1.0,0,registered,during_vibration,flow_dump_0.2_1.0.shear.wave,1941,194100,194.1,0.1941,158683.45183699526,1293.681175488833,0.008152590333223556,8.152590333223556e+17,99,0.0006238835798813854,6.238835798813854e+26,1076.0974457479585,4.553070219992419,127.33583373702191,34.452608339842854,0.0,51.242217444016624,0.006781409361156073,2.869278533636563e-05,0.0008024518767579204,0.00021711531946780235,0.0,0.0003229209905053885,5432,2716,5352,0.2011851851851852,0.39644444444444443,1,0,0
flow,0.2,1.0,0,registered,during_vibration,flow_dump_0.2_1.0.shear.wave,1942,194200,194.20000000000002,0.19419999999999998,158683.45183699526,1200.642576325269,0.007566274633089073,7.566274633089073e+17,104,0.0006553928515925665,6.553928515925665e+26,992.4568908281611,17.955751604731738,98.09590589209876,31.905747307181034,0.0,60.22828069309677,0.0062543187669477016,0.00011315453121839361,0.0006181861105017178,0.00020106537221005024,0.0,0.0003795498522112135,5439,2726,5335,0.20192592592592593,0.3951851851851852,1,0,0
flow,0.2,1.0,0,registered,during_vibration,flow_dump_0.2_1.0.shear.wave,1943,194300,194.3,0.1943,158683.4518369953,1308.8340499446736,0.008248081540910453,8.248081540910452e+17,102,0.0006427891429080939,6.427891429080939e+26,1040.6734354329903,22.720532340134042,145.9370998736975,34.797829054309894,0.0,64.70515324354183,0.00655817240793327,0.00014318148538559205,0.0009196743465324207,0.0002192908501262963,0.0,0.00040776245093287377,5458,2739,5303,0.2028888888888889,0.39281481481481484,1,0,0
flow,0.2,1.0,0,registered,during_vibration,flow_dump_0.2_1.0.shear.wave,1944,194400,194.4,0.1944,158683.45183699526,1317.5375149761462,0.00830292950981154,8.30292950981154e+17,112,0.0007058076863304561,7.058076863304562e+26,1069.4072282796592,10.294230050004149,118.26585321995722,35.864067026704,0.0,83.70613639982176,0.006739248585152967,6.487273834059718e-05,0.0007452941806524583,0.0002260101265224853,0.0,0.0005275038791430337,5476,2743,5281,0.2031851851851852,0.3911851851851852,1,0,0
flow,0.2,1.0,0,registered,during_vibration,flow_dump_0.2_1.0.shear.wave,1945,194500,194.5,0.19449999999999998,158683.45183699526,1310.7972015791433,0.008260453036562605,8.260453036562605e+17,113,0.0007121095406726924,7.121095406726925e+26,1011.8312416375793,27.285890982098145,124.48844023455402,64.34059184130628,0.0,82.8510368836049,0.006376413103724041,0.0001719517105673192,0.000784508017650338,0.000405465038077184,0.0,0.0005221151665437185,5454,2720,5326,0.20148148148148148,0.39451851851851855,1,0,0
flow,0.2,1.0,0,registered,during_vibration,flow_dump_0.2_1.0.shear.wave,1946,194600,194.6,0.1946,158683.45183699526,1209.360202100032,0.007621211840931754,7.621211840931754e+17,105,0.0006616947059348027,6.616947059348027e+26,1001.0622359879407,0.0,100.85117254688048,21.953114665966243,0.0,85.49367889924406,0.0063085483987093,0.0,0.0006355493996341726,0.00013834533098332894,0.0,0.0005387687116049499,5412,2720,5368,0.20148148148148148,0.3976296296296296,1,0,0
flow,0.2,1.0,0,registered,during_vibration,flow_dump_0.2_1.0.shear.wave,1947,194700,194.70000000000002,0.19469999999999998,158683.4518369953,1242.1956454647227,0.00782813602227878,7.82813602227878e+17,100,0.0006301854342236215,6.301854342236214e+26,1016.8094098822371,5.192704938296966,101.42992844873955,23.74872708770475,0.0,95.01487510774456,0.006407784794893019,3.2723670163358176e-05,0.0006391966350273979,0.000149661018920235,0.0,0.0005987699032747717,5437,2759,5304,0.20437037037037037,0.3928888888888889,1,0,0
flow,0.2,1.0,0,registered,during_vibration,flow_dump_0.2_1.0.shear.wave,1948,194800,194.8,0.1948,158683.45183699526,1181.226242640072,0.007443915726344708,7.443915726344708e+17,102,0.000642789142908094,6.42789142908094e+26,941.9047510078124,15.841617436096861,99.93097440955512,34.59874095663032,0.0,88.95015882997679,0.005935746545111504,9.983156562771196e-05,0.0006297504450067511,0.00021803622593344682,0.0,0.0005605509446652903,5441,2773,5286,0.2054074074074074,0.39155555555555555,1,0,0
flow,0.2,1.0,0,registered,during_vibration,flow_dump_0.2_1.0.shear.wave,1949,194900,194.9,0.1949,158683.45183699526,1241.6948300250267,0.007824979956325475,7.824979956325475e+17,107,0.0006742984146192752,6.742984146192752e+26,990.6981661522678,3.219343953292344,99.02360363346486,49.43405061248103,0.0,99.3196656735204,0.006243235540212126,2.0287836671207265e-05,0.0006240323265414285,0.00031152618650658845,0.0,0.0006258980663941238,5442,2738,5320,0.2028148148148148,0.3940740740740741,1,0,0
flow,0.2,1.0,0,registered,during_vibration,flow_dump_0.2_1.0.shear.wave,1950,195000,195.0,0.19499999999999998,158683.45183699526,1230.6486235514292,0.007755368372094596,7.755368372094596e+17,107,0.0006742984146192752,6.742984146192752e+26,1016.3622088920862,10.114213531436832,86.01852412333209,38.065795871850824,0.0,80.08788113272257,0.006404966599391385,6.373830046138948e-05,0.000542076209759371,0.00023988510100570053,0.0,0.0005047021614767457,5459,2711,5330,0.2008148148148148,0.39481481481481484,1,0,0
flow,0.2,1.0,0,registered,during_vibration,flow_dump_0.2_1.0.shear.wave,1951,195100,195.1,0.1951,158683.45183699526,1236.2159172633756,0.00779045264614773,7.79045264614773e+17,102,0.000642789142908094,6.42789142908094e+26,1017.5804699960255,15.604814968513935,106.16246063252899,35.59790450421559,0.0,61.27026716209125,0.006412643903419223,9.833927096912224e-05,0.0006690203635195841,0.00022433280907440116,0.0,0.0003861162991653978,5440,2711,5349,0.2008148148148148,0.3962222222222222,1,0,0
flow,0.2,1.0,0,registered,during_vibration,flow_dump_0.2_1.0.shear.wave,1952,195200,195.20000000000002,0.19519999999999998,158683.45183699526,1229.3279863104378,0.007747045908562936,7.747045908562936e+17,106,0.0006679965602770389,6.679965602770389e+26,992.0429645273101,21.2960212499627,113.01664115240713,36.340522439652624,0.0,66.63183694110543,0.006251710263691318,0.00013420442398643216,0.0007122144107912491,0.00022901267913545754,0.0,0.0004199041309584808,5439,2718,5343,0.20133333333333334,0.3957777777777778,1,0,0
flow,0.2,1.0,0,registered,during_vibration,flow_dump_0.2_1.0.shear.wave,1953,195300,195.3,0.1953,158683.45183699526,1274.3390903907696,0.00803069933026042,8.03069933026042e+17,103,0.0006490909972503302,6.490909972503302e+26,1038.541061305603,23.447288206390418,111.18139181313879,28.735287077104445,0.0,72.43406198853246,0.006544734496779323,0.00014776139499710547,0.0007006489367734947,0.00018108559364225487,0.0,0.0004564689080682405,5451,2743,5306,0.2031851851851852,0.393037037037037,1,0,0
flow,0.2,1.0,0,registered,during_vibration,flow_dump_0.2_1.0.shear.wave,1954,195400,195.4,0.1954,158683.4518369953,1351.2013394008927,0.008515074027938906,8.515074027938906e+17,108,0.0006806002689615112,6.806002689615112e+26,1118.8657782669648,10.544479657938886,109.38678558286621,45.34153831059652,0.0,67.06275758252632,0.007050929163151174,6.644977491900361e-05,0.0006893395897086472,0.00028573577008630236,0.0,0.0004226197300737781,5451,2741,5308,0.20303703703703704,0.3931851851851852,1,0,0
flow,0.2,1.0,0,registered,during_vibration,flow_dump_0.2_1.0.shear.wave,1955,195500,195.5,0.19549999999999998,158683.45183699526,1315.5883737855884,0.008290646305936192,8.290646305936192e+17,103,0.0006490909972503302,6.490909972503302e+26,1078.5037239444484,19.62444722678721,115.48885088935774,43.59197318432798,0.0,58.379378540667396,0.006796573375857252,0.00012367040797011446,0.0007277939164569699,0.000274710265498302,0.0,0.0003678983401535566,5450,2726,5324,0.20192592592592593,0.39437037037037037,1,0,0
flow,0.2,1.0,0,registered,during_vibration,flow_dump_0.2_1.0.shear.wave,1956,195600,195.6,0.1956,158683.45183699526,1291.471895923048,0.008138667775198697,8.138667775198697e+17,101,0.0006364872885658578,6.364872885658577e+26,1069.115378974182,16.60659846773055,99.6700335938819,57.78515274751038,0.0,48.29473213974307,0.006737409393339966,0.00010465236466364105,0.0006281060339944341,0.0003641536157586813,0.0,0.0003043463674419748,5442,2726,5332,0.20192592592592593,0.39496296296296296,1,0,0
flow,0.2,1.0,0,registered,during_vibration,flow_dump_0.2_1.0.shear.wave,1957,195700,195.70000000000002,0.19569999999999999,158683.45183699526,1214.8220968673565,0.0076556319061880556,7.655631906188055e+17,100,0.0006301854342236216,6.301854342236216e+26,1024.8370458378126,4.965762357732123,99.52540813738023,19.91905793014461,0.0,65.57482260428712,0.006458373787397556,3.129351107658733e-05,0.0006271946254333812,0.00012552700171033655,0.0,0.00041324298057019636,5445,2744,5311,0.20325925925925925,0.39340740740740743,1,0,0
flow,0.2,1.0,0,registered,during_vibration,flow_dump_0.2_1.0.shear.wave,1958,195800,195.8,0.1958,158683.4518369953,1301.1195849467085,0.008199466106164996,8.199466106164996e+17,105,0.0006616947059348026,6.616947059348026e+26,1042.4740367516029,5.172621912064537,93.28908923650145,53.41646005839951,0.0,106.76737698813977,0.0065695195351716034,3.2597109857290094e-05,0.0005878942520883084,0.0003366227507659123,0.0,0.0006728324582818795,5451,2787,5262,0.20644444444444446,0.3897777777777778,1,0,0
flow,0.2,1.0,0,registered,during_vibration,flow_dump_0.2_1.0.shear.wave,1959,195900,195.9,0.1959,158683.45183699526,1201.6714363387787,0.007572758359032763,7.572758359032763e+17,109,0.0006869021233037475,6.869021233037475e+26,990.1793955033598,3.958009747790638,88.46776683165177,37.68416203018877,0.0,81.3821022257875,0.00623996632314568,2.4942800915727703e-05,0.0005575109805559858,0.00023748010012347826,0.0,0.0005128581542918906,5459,2745,5296,0.20333333333333334,0.3922962962962963,1,0,0
flow,0.2,1.0,0,registered,during_vibration,flow_dump_0.2_1.0.shear.wave,1960,196000,196.0,0.19599999999999998,158683.45183699526,1256.8739108487016,0.007920636312725304,7.920636312725304e+17,111,0.00069950583198822,6.995058319882199e+26,1036.8911971325845,0.0,103.54039546359287,32.85635325112631,0.0,83.58596500139774,0.006534337293076485,0.0,0.0006524964907490977,0.00020705595240565734,0.0,0.0005267465764940627,5447,2710,5343,0.20074074074074075,0.3957777777777778,1,0,0
flow,0.2,1.0,0,registered,during_vibration,flow_dump_0.2_1.0.shear.wave,1961,196100,196.1,0.1961,158683.45183699526,1220.2231773758785,0.007689668728843453,7.689668728843453e+17,103,0.0006490909972503302,6.490909972503302e+26,989.2364924160217,27.030087229486753,101.9769709530247,36.243843570071675,0.0,65.7357832072734,0.00623402428523043,0.00017033967257816478,0.0006426440172084152,0.00022840342298138634,0.0,0.0004142573308450544,5437,2728,5335,0.20207407407407407,0.3951851851851852,1,0,0
flow,0.2,1.0,0,registered,during_vibration,flow_dump_0.2_1.0.shear.wave,1962,196200,196.20000000000002,0.19619999999999999,158683.4518369953,1204.6864053150707,0.007591758254367715,7.591758254367715e+17,105,0.0006616947059348026,6.616947059348026e+26,1000.673878254634,14.256822539843494,106.9368750379321,24.971524906047314,0.0,57.84730457661379,0.006306101024841319,8.984441902920386e-05,0.0006739006103029638,0.00015736691266143404,0.0,0.0003645452875327945,5434,2711,5355,0.2008148148148148,0.39666666666666667,1,0,0
flow,0.2,1.0,0,registered,during_vibration,flow_dump_0.2_1.0.shear.wave,1963,196300,196.3,0.1963,158683.45183699526,1229.7990737184145,0.007750014632790467,7.750014632790467e+17,103,0.0006490909972503302,6.490909972503302e+26,1003.812748498392,12.900212223627673,118.20771530621255,25.103933746286494,0.0,69.7744639438962,0.006325881727916662,8.129525841723676e-05,0.0007449278039882779,0.0001582013338862458,0.0,0.0004397085085820465,5448,2741,5311,0.20303703703703704,0.39340740740740743,1,0,0
flow,0.2,1.0,0,registered,during_vibration,flow_dump_0.2_1.0.shear.wave,1964,196400,196.4,0.1964,158683.45183699526,1232.319113367214,0.007765895555593861,7.765895555593861e+17,104,0.0006553928515925665,6.553928515925665e+26,1030.084103016526,10.20855208487017,97.02115700759924,40.4265425284997,0.0,54.57875872971912,0.006491439977463191,6.433280828398366e-05,0.000611413199577121,0.0002547621825748229,0.0,0.0003439473876947432,5455,2726,5319,0.20192592592592593,0.394,1,0,0
flow,0.2,1.0,0,registered,during_vibration,flow_dump_0.2_1.0.shear.wave,1965,196500,196.5,0.19649999999999998,158683.45183699526,1274.8355436427805,0.008033827906342323,8.033827906342323e+17,99,0.0006238835798813854,6.238835798813854e+26,1015.6559122308225,29.65394597075332,117.76247858663496,43.25234964532513,0.0,68.5108572092447,0.006400515620709694,0.00018687484818022995,0.0007421219870336849,0.00027257000742431125,0.0,0.0004317454429944041,5448,2711,5341,0.2008148148148148,0.3956296296296296,1,0,0
flow,0.2,1.0,0,registered,during_vibration,flow_dump_0.2_1.0.shear.wave,1966,196600,196.6,0.1966,158683.4518369953,1302.5182386299307,0.008208280217951894,8.208280217951895e+17,110,0.0006932039776459837,6.932039776459836e+26,1055.4465746533178,26.24488032683602,108.53096927617345,47.49521386629382,0.0,64.80060050730954,0.006651270579477351,0.0001653914130491414,0.0006839463600001589,0.00029930791973874134,0.0,0.00040836394568650287,5433,2713,5354,0.20096296296296295,0.3965925925925926,1,0,0
flow,0.2,1.0,0,registered,during_vibration,flow_dump_0.2_1.0.shear.wave,1967,196700,196.70000000000002,0.19669999999999999,158683.45183699526,1234.8664461181318,0.007781948475551353,7.781948475551354e+17,100,0.0006301854342236216,6.301854342236216e+26,1020.3508766342617,14.160445562510898,87.63748238416616,28.118703357085423,0.0,84.59893818010693,0.006430102602522151,8.923706535610886e-05,0.0005522786489053074,0.00017719997284890084,0.0,0.00053313018591888,5436,2719,5345,0.2014074074074074,0.3959259259259259,1,0,0
flow,0.2,1.0,0,registered,during_vibration,flow_dump_0.2_1.0.shear.wave,1968,196800,196.8,0.1968,158683.45183699526,1210.457361262333,0.007628125978162825,7.628125978162825e+17,106,0.0006679965602770389,6.679965602770389e+26,932.2627662658796,19.582314600047365,103.01041473429393,64.44834070122766,0.0,91.15352496088501,0.00587498416169778,0.00012340489429334413,0.0006491566293888637,0.0004061440556979506,0.0,0.0005744362370848905,5445,2751,5304,0.20377777777777778,0.3928888888888889,1,0,0
flow,0.2,1.0,0,registered,during_vibration,flow_dump_0.2_1.0.shear.wave,1969,196900,196.9,0.1969,158683.45183699526,1276.2153466683314,0.008042523224030321,8.042523224030322e+17,108,0.0006806002689615113,6.806002689615113e+26,1025.935866179989,3.9519177337274765,111.91329755589022,38.25013498050656,0.0,96.16413021821865,0.006465298393142237,2.4904409930450805e-05,0.0007052613001565605,0.00024104677921802663,0.0,0.0006060123415830501,5435,2720,5345,0.20148148148148148,0.3959259259259259,1,0,0
flow,0.2,1.0,0,registered,during_vibration,flow_dump_0.2_1.0.shear.wave,1970,197000,197.0,0.19699999999999998,158683.45183699526,1292.2724487141084,0.008143712742281232,8.143712742281233e+17,109,0.0006869021233037475,6.869021233037475e+26,1052.118485232814,4.82062000203026,104.88385881830813,51.82112149558344,0.0,78.62836316537329,0.006630297444711399,3.0378845092065154e-05,0.0006609628011246453,0.00032656915951649303,0.0,0.0004955044918366338,5435,2695,5370,0.19962962962962963,0.3977777777777778,1,0,0
flow,0.2,1.0,0,registered,during_vibration,flow_dump_0.2_1.0.shear.wave,1971,197100,197.1,0.1971,158683.45183699526,1209.370000331334,0.007621273587958231,7.621273587958231e+17,100,0.0006301854342236216,6.301854342236216e+26,1002.3513243062386,21.717859803599044,102.211713792811,27.588880790544202,0.0,55.50022163814129,0.006316672045525491,0.000136862789107388,0.0006441233323926313,0.0001738611082073283,0.0,0.0003497543127253931,5421,2715,5364,0.2011111111111111,0.3973333333333333,1,0,0
flow,0.2,1.0,0,registered,during_vibration,flow_dump_0.2_1.0.shear.wave,1972,197200,197.20000000000002,0.1972,158683.45183699526,1227.8880599514866,0.007737971702385279,7.737971702385279e+17,108,0.0006806002689615113,6.806002689615113e+26,988.8364830566431,19.95641882695637,104.4992068012689,31.105311251060492,0.0,83.49064001555743,0.006231503484512095,0.00012576244464013956,0.0006585387801408167,0.00019602114077410458,0.0,0.0005261458523181214,5408,2714,5378,0.20103703703703704,0.3983703703703704,1,0,0
flow,0.2,1.0,0,registered,during_vibration,flow_dump_0.2_1.0.shear.wave,1973,197300,197.3,0.1973,158683.45183699526,1217.6043418039878,0.00767316520852313,7.67316520852313e+17,100,0.0006301854342236216,6.301854342236216e+26,987.8536195148396,21.16440105136465,106.28392098180653,26.850473215250588,0.0,75.45192704072679,0.006225309621633354,0.00013337497266637104,0.0006697857889490883,0.00016920777122262414,0.0,0.00047548705405169424,5429,2731,5340,0.2022962962962963,0.39555555555555555,1,0,0
flow,0.2,1.0,0,registered,during_vibration,flow_dump_0.2_1.0.shear.wave,1974,197400,197.4,0.1974,158683.45183699526,1308.9582109033136,0.008248863985186795,8.248863985186796e+17,108,0.0006806002689615113,6.806002689615113e+26,1056.4278376843704,26.62960030964625,118.79589809869407,40.72332748238315,0.0,66.38154732821886,0.006657454356170466,0.0001678158623433591,0.0007486344462731062,0.00025663247812516367,0.0,0.0004183268422746949,5439,2726,5335,0.20192592592592593,0.3951851851851852,1,0,0
flow,0.2,1.0,0,registered,during_vibration,flow_dump_0.2_1.0.shear.wave,1975,197500,197.5,0.19749999999999998,158683.45183699526,1361.1634884400648,0.008577854040119418,8.577854040119418e+17,110,0.0006932039776459838,6.932039776459838e+26,1069.10754339946,22.53233043218517,132.40583623922183,52.20426030852728,0.0,84.9135180606704,0.00673736001468938,0.00014199546437476733,0.0008344022940415574,0.0003289836445085224,0.0,0.0005351126225051891,5428,2704,5368,0.2002962962962963,0.3976296296296296,1,0,0
flow,0.2,1.0,0,registered,during_vibration,flow_dump_0.2_1.0.shear.wave,1976,197600,197.6,0.1976,158683.45183699526,1154.9504514545627,0.007278329517566614,7.278329517566614e+17,104,0.0006553928515925665,6.553928515925665e+26,922.9468226790649,23.835529349712733,98.450737162844,43.77542168680235,0.0,65.94194057613826,0.005816276442153184,0.00015020803413198596,0.0006204222054860249,0.00027586633124019683,0.0,0.00041555650455521947,5419,2708,5373,0.2005925925925926,0.398,1,0,0
flow,0.2,1.0,0,registered,during_vibration,flow_dump_0.2_1.0.shear.wave,1977,197700,197.70000000000002,0.1977,158683.4518369953,1232.2438819549684,0.007765421458191928,7.765421458191928e+17,93,0.000586072453827968,5.8607245382796806e+26,1012.928586721414,0.0,130.16764999313725,23.065882413771398,0.0,66.08176282664567,0.006383328412605535,0.0,0.0008202975703279357,0.00014535783124673522,0.0,0.0004164376440117207,5419,2729,5352,0.20214814814814816,0.39644444444444443,1,0,0
flow,0.2,1.0,0,registered,during_vibration,flow_dump_0.2_1.0.shear.wave,1978,197800,197.8,0.1978,158683.45183699526,1196.148519230863,0.007537953739874434,7.537953739874435e+17,104,0.0006553928515925665,6.553928515925665e+26,954.2686841473082,4.993549108353713,90.68196493769918,46.29588542367299,0.0,99.90843561382967,0.006013662250853755,3.146861913164863e-05,0.0005714645345051519,0.00029174992658484396,0.0,0.0006296084087990399,5428,2758,5314,0.2042962962962963,0.3936296296296296,1,0,0
flow,0.2,1.0,0,registered,during_vibration,flow_dump_0.2_1.0.shear.wave,1979,197900,197.9,0.1979,158683.45183699526,1274.1991743666497,0.008029817599856272,8.029817599856273e+17,109,0.0006869021233037475,6.869021233037475e+26,1036.6379110723992,3.6224442199241818,95.85260073153233,39.4168849301353,0.0,98.66933341265785,0.006532741121218279,2.2828115836837686e-05,0.0006040491281346413,0.00024839946745439844,0.0,0.0006217997672121108,5428,2729,5343,0.20214814814814816,0.3957777777777778,1,0,0
flow,0.2,1.0,0,registered,during_vibration,flow_dump_0.2_1.0.shear.wave,1980,198000,198.0,0.19799999999999998,158683.45183699526,1259.4306770920007,0.007936748681177722,7.936748681177723e+17,108,0.0006806002689615113,6.806002689615113e+26,1037.005593545269,10.021782766605842,83.97825036867938,37.089021161274864,0.0,91.33602925017234,0.006535058202606498,6.315581524468311e-05,0.0005292187017392623,0.0002337296090544709,0.0,0.0005755863525328126,5440,2700,5360,0.2,0.397037037037037,1,0,0
flow,0.2,1.0,0,registered,during_vibration,flow_dump_0.2_1.0.shear.wave,1981,198100,198.1,0.1981,158683.4518369953,1185.3353376506677,0.007469810644579891,7.469810644579891e+17,98,0.000617581725539149,6.17581725539149e+26,969.7006663216631,9.124599771584855,94.54032213458345,27.027378586216845,0.0,84.94237083661882,0.006110912354728523,5.750189869172959e-05,0.0005957793395602352,0.0001703226031028127,0.0,0.0005352944484965851,5427,2720,5353,0.20148148148148148,0.3965185185185185,1,0,0
flow,0.2,1.0,0,registered,during_vibration,flow_dump_0.2_1.0.shear.wave,1982,198200,198.20000000000002,0.1982,158683.45183699526,1251.8597775469375,0.007889037975005031,7.889037975005032e+17,114,0.0007184113950149286,7.184113950149286e+26,1028.766121728821,26.116768940491284,104.39647120699681,21.033823792258485,0.0,71.5465918783701,0.006483134251362282,0.00016458407375281493,0.0006578913553899509,0.00013255209379907555,0.0,0.000450876200700909,5412,2716,5372,0.2011851851851852,0.3979259259259259,1,0,0
flow,0.2,1.0,0,registered,during_vibration,flow_dump_0.2_1.0.shear.wave,1983,198300,198.3,0.1983,158683.45183699526,1352.5251840491694,0.008523416704084096,8.523416704084096e+17,111,0.00069950583198822,6.995058319882199e+26,1072.940101553642,34.213802318216906,137.76711649799873,40.63690191385166,0.0,66.9672617654601,0.006761512237935186,0.00021561039870346673,0.0008681883013202759,0.00025608783678083327,0.0,0.00042201792934433403,5433,2753,5314,0.20392592592592593,0.3936296296296296,1,0,0
flow,0.2,1.0,0,registered,during_vibration,flow_dump_0.2_1.0.shear.wave,1984,198400,198.4,0.1984,158683.45183699526,1262.4895055793174,0.007956024972762675,7.956024972762675e+17,103,0.0006490909972503302,6.490909972503302e+26,1034.839376328898,9.654513219063727,112.77941370497601,44.8103286411279,0.0,60.40587368525156,0.006521407017235283,6.08413360517337e-05,0.0007107194379715576,0.00028238816412412375,0.0,0.0003806690173799749,5420,2732,5348,0.20237037037037037,0.39614814814814814,1,0,0
flow,0.2,1.0,0,registered,during_vibration,flow_dump_0.2_1.0.shear.wave,1985,198500,198.5,0.19849999999999998,158683.4518369953,1265.1951749168254,0.007973075706825903,7.973075706825903e+17,102,0.0006427891429080939,6.427891429080939e+26,1042.1242355884583,16.328496350336565,101.60832389023349,45.63587148947846,0.0,59.49824759831827,0.006567315139192722,0.00010289980562755667,0.0006403208571150117,0.0002875906149077037,0.0,0.00037494928998290744,5416,2702,5382,0.20014814814814816,0.39866666666666667,1,0,0
flow,0.2,1.0,0,registered,during_vibration,flow_dump_0.2_1.0.shear.wave,1986,198600,198.6,0.1986,158683.45183699526,1237.9854126194168,0.007801603748140765,7.801603748140765e+17,102,0.000642789142908094,6.42789142908094e+26,1003.9304596872806,18.403872903112564,104.5345494568208,45.34696713833528,0.0,65.76956343386716,0.00632662352668349,0.00011597852636844335,0.0006587615044081726,0.00028576998176796115,0.0,0.000414470208912696,5422,2707,5371,0.2005185185185185,0.39785185185185185,1,0,0
flow,0.2,1.0,0,registered,during_vibration,flow_dump_0.2_1.0.shear.wave,1987,198700,198.70000000000002,0.1987,158683.45183699526,1142.982825134472,0.00720291127967509,7.20291127967509e+17,95,0.0005986761625124405,5.986761625124405e+26,941.7792377864992,4.176575562445459,107.14820812520057,23.449844815902956,0.0,66.42895884442402,0.005934955579072763,2.6320170843874582e-05,0.000675232400636625,0.00014777750637786347,0.0,0.00041862562274396436,5429,2726,5345,0.20192592592592593,0.3959259259259259,1,0,0
flow,0.2,1.0,0,registered,during_vibration,flow_dump_0.2_1.0.shear.wave,1988,198800,198.8,0.1988,158683.45183699526,1136.795185159174,0.007163917673828564,7.163917673828563e+17,98,0.0006175817255391491,6.1758172553914915e+26,903.601750177302,6.12383177449495,101.45260294945766,41.35927762472428,0.0,84.25772263319512,0.005694366613007075,3.859149585922511e-05,0.0006393395264282064,0.0002606401432911219,0.0,0.0005309798952429353,5427,2759,5314,0.20437037037037037,0.3936296296296296,1,0,0
flow,0.2,1.0,0,registered,during_vibration,flow_dump_0.2_1.0.shear.wave,1989,198900,198.9,0.1989,158683.4518369953,1260.9677012430968,0.007946434783498428,7.946434783498428e+17,108,0.0006806002689615112,6.806002689615112e+26,997.2710789713797,3.761268272032927,111.2042024375357,39.37071963108602,0.0,109.36043193106137,0.006284657079402384,2.3702964792426005e-05,0.0007007926860058994,0.000248108540464124,0.0,0.0006891735128335871,5407,2736,5357,0.20266666666666666,0.39681481481481484,1,0,0
flow,0.2,1.0,0,registered,during_vibration,flow_dump_0.2_1.0.shear.wave,1990,199000,199.0,0.19899999999999998,158683.45183699526,1203.6234024024488,0.007585059364847001,7.585059364847e+17,105,0.0006616947059348027,6.616947059348027e+26,990.9965129770121,8.62094334884054,94.61630732717929,32.58130623479963,0.0,76.80833251461702,0.006245115678445132,5.4327929277063174e-05,0.000596258187176141,0.00020532264617149993,0.0,0.0004840349237771624,5415,2698,5387,0.19985185185185186,0.399037037037037,1,0,0
flow,0.2,1.0,0,registered,during_vibration,flow_dump_0.2_1.0.shear.wave,1991,199100,199.1,0.1991,158683.45183699526,1163.8085566433458,0.0073341520062145315,7.334152006214532e+17,99,0.0006238835798813854,6.238835798813854e+26,954.2611244173743,14.693202155338662,98.47729849787837,35.465495184465,0.0,60.91143638828963,0.006013614610536844,9.259441980397548e-05,0.0006205895911505468,0.00022349838482777835,0.0,0.00038385499989538805,5418,2697,5385,0.19977777777777778,0.3988888888888889,1,0,0
flow,0.2,1.0,0,registered,during_vibration,flow_dump_0.2_1.0.shear.wave,1992,199200,199.20000000000002,0.1992,158683.45183699526,1345.718885128126,0.00848052439967396,8.48052439967396e+17,108,0.0006806002689615113,6.806002689615113e+26,1109.0745457704777,15.469425771511418,128.17366240461314,36.67581380418184,0.0,56.32543737734215,0.006989226242127344,9.748606797010006e-05,0.0008077317509848301,0.0002311256364769303,0.0,0.00035495470211475765,5408,2708,5384,0.2005925925925926,0.3988148148148148,1,0,0
flow,0.2,1.0,0,registered,during_vibration,flow_dump_0.2_1.0.shear.wave,1993,199300,199.3,0.19929999999999998,158683.45183699526,1217.9207050485202,0.00767515888360941,7.67515888360941e+17,107,0.0006742984146192752,6.742984146192752e+26,994.0372463647033,16.14772534710487,97.8854186152566,33.29251516866141,0.0,76.5577995527943,0.006264277937347937,0.00010176061309589064,0.0006168596503421645,0.000209804581279594,0.0,0.00048245610154382655,5418,2733,5349,0.20244444444444445,0.3962222222222222,1,0,0
flow,0.2,1.0,0,registered,during_vibration,flow_dump_0.2_1.0.shear.wave,1994,199400,199.4,0.1994,158683.45183699526,1270.092844718035,0.008003940108529497,8.003940108529498e+17,104,0.0006553928515925665,6.553928515925665e+26,1033.8995733875743,15.867616882270612,100.33688303798122,33.63491483683506,0.0,86.35385657337345,0.0065154845159886565,9.999541035047774e-05,0.0006323084220593493,0.00021196233411525434,0.0,0.0005441894260157569,5420,2719,5361,0.2014074074074074,0.39711111111111114,1,0,0
flow,0.2,1.0,0,registered,during_vibration,flow_dump_0.2_1.0.shear.wave,1995,199500,199.5,0.19949999999999998,158683.45183699526,1236.416090376187,0.0077917141079479,7.7917141079479e+17,105,0.0006616947059348027,6.616947059348027e+26,983.9002731315356,18.55079538326742,108.3760466529919,38.158311885518906,0.0,87.43066332287263,0.0062003962085613665,0.00011690441043797934,0.0006829700601945518,0.00024046812344816112,0.0,0.0005509753053058376,5424,2698,5378,0.19985185185185186,0.3983703703703704,1,0,0
flow,0.2,1.0,0,registered,during_vibration,flow_dump_0.2_1.0.shear.wave,1996,199600,199.6,0.1996,158683.4518369953,1196.4871746021317,0.007540087896696384,7.540087896696384e+17,95,0.0005986761625124404,5.986761625124404e+26,961.066330484689,8.273029319118749,90.45447073625604,35.757659174737164,0.0,100.93568488733042,0.006056500027941962,5.2135425738136004e-05,0.0005700308991839538,0.00022533955973852,0.0,0.0006360819840938095,5428,2700,5372,0.2,0.3979259259259259,1,0,0
flow,0.2,1.0,0,registered,during_vibration,flow_dump_0.2_1.0.shear.wave,1997,199700,199.70000000000002,0.1997,158683.45183699526,1216.4810223788654,0.007666086213126204,7.666086213126204e+17,93,0.0005860724538279681,5.860724538279681e+26,984.5599783552215,0.0,119.16842573776495,36.21692936135252,0.0,76.53568892452716,0.0062045535747898475,0.0,0.000750982061192988,0.0002282338135583017,0.0,0.0004823167635850718,5431,2732,5337,0.20237037037037037,0.3953333333333333,1,0,0
flow,0.2,1.0,0,registered,during_vibration,flow_dump_0.2_1.0.shear.wave,1998,199800,199.8,0.19979999999999998,158683.45183699526,1197.7513597655307,0.0075480546074577414,7.548054607457742e+17,102,0.000642789142908094,6.42789142908094e+26,952.0251914104073,4.736099184110729,99.76857706612172,47.16606014420084,0.0,94.0554319606902,0.00599952408640794,2.9846207208649597e-05,0.0006287270406028677,0.0002972336409259066,0.0,0.0005927236323123785,5422,2753,5325,0.20392592592592593,0.39444444444444443,1,0,0
flow,0.2,1.0,0,registered,during_vibration,flow_dump_0.2_1.0.shear.wave,1999,199900,199.9,0.1999,158683.45183699526,1287.3149544068272,0.00811247133525428,8.112471335254281e+17,106,0.0006679965602770389,6.679965602770389e+26,1034.1478155979821,2.723995918524238,103.75907966006712,41.11928705444572,0.0,105.56477617580849,0.006517048902240241,1.71662255073857e-05,0.0006538746067022273,0.0002591277576737162,0.0,0.000665253843130713,5395,2726,5379,0.20192592592592593,0.39844444444444443,1,0,0
flow,0.2,1.0,0,registered,during_vibration,flow_dump_0.2_1.0.shear.wave,2000,200000,200.0,0.19999999999999998,158683.4518369953,1147.152619897212,0.007229188718906895,7.229188718906895e+17,103,0.0006490909972503301,6.490909972503302e+26,931.9784209227395,19.077600920542018,95.3708598740687,25.848094993714557,0.0,74.87764318614742,0.005873192258762416,0.00012022426220056732,0.0006010132674202014,0.00016289092967467425,0.0,0.00047186800084903706,5405,2699,5396,0.19992592592592592,0.3997037037037037,1,0,0
flow,0.2,1.0,0,registered,during_vibration,flow_dump_0.2_1.0.shear.wave,2001,200100,200.1,0.2001,158683.45183699526,1140.1367794026914,0.007184975914022066,7.184975914022066e+17,96,0.0006049780168546768,6.049780168546768e+26,930.8656485561793,13.406911376245636,96.9293564812016,38.70751087022756,0.0,60.22735211883764,0.00586617972939229,8.448840267236969e-05,0.0006108346860312224,0.00024392909545469906,0.0,0.00037954400047148656,5407,2700,5393,0.2,0.3994814814814815,1,0,0
flow,0.2,1.0,0,registered,during_vibration,flow_dump_0.2_1.0.shear.wave,2002,200200,200.20000000000002,0.2002,158683.45183699526,1211.7842616146052,0.007636487910909507,7.636487910909507e+17,109,0.0006869021233037475,6.869021233037475e+26,1004.867319608451,14.538732190161346,96.72594080510497,27.21152947891376,0.0,68.44073953197439,0.006332527481445784,9.162097258317772e-05,0.000609552790069534,0.00017148309520558148,0.0,0.00043130357160543065,5401,2705,5394,0.20037037037037037,0.39955555555555555,1,0,0
flow,0.2,1.0,0,registered,during_vibration,flow_dump_0.2_1.0.shear.wave,2003,200300,200.3,0.20029999999999998,158683.45183699526,1285.975091687442,0.008104027715558123,8.104027715558124e+17,110,0.0006932039776459838,6.932039776459838e+26,1028.0164585257294,21.353658247675895,119.86807862284967,34.28732338857351,0.0,82.44957290261401,0.006478409983050664,0.00013456764395074452,0.0007553911717649173,0.00021607371777993936,0.0,0.0005195851990118595,5434,2741,5325,0.20303703703703704,0.39444444444444443,1,0,0
flow,0.2,1.0,0,registered,during_vibration,flow_dump_0.2_1.0.shear.wave,2004,200400,200.4,0.2004,158683.4518369953,1259.2663855860094,0.007935713340037297,7.935713340037298e+17,108,0.0006806002689615112,6.806002689615112e+26,1032.636314353439,12.640252590388208,102.66520478106565,34.204153495610555,0.0,77.12046036550603,0.006507523641559021,7.965703067370049e-05,0.0006469811665461288,0.00021554959322882738,0.0,0.0004860019080296201,5421,2718,5361,0.20133333333333334,0.39711111111111114,1,0,0
flow,0.2,1.0,0,registered,during_vibration,flow_dump_0.2_1.0.shear.wave,2005,200500,200.5,0.20049999999999998,158683.45183699526,1211.1132196044107,0.0076322591019037395,7.63225910190374e+17,103,0.0006490909972503302,6.490909972503302e+26,945.91314098432,19.113320523346506,119.73515244011455,40.9060103863342,0.0,85.44559527029578,0.005961006834890334,0.00012044936193460376,0.0007545534903230511,0.00025778371917667994,0.0,0.0005384656955790718,5435,2693,5372,0.19948148148148148,0.3979259259259259,1,0,0
flow,0.2,1.0,0,registered,during_vibration,flow_dump_0.2_1.0.shear.wave,2006,200600,200.6,0.2006,158683.45183699526,1187.888703623525,0.007485901585023261,7.485901585023261e+17,102,0.000642789142908094,6.42789142908094e+26,947.2063676613093,18.01334652321476,108.1872390548595,33.32440249726184,0.0,81.15734788687953,0.005969156561040216,0.00011351748600552659,0.0006817802222124139,0.00021000553057979696,0.0,0.000511441785185307,5433,2708,5359,0.2005925925925926,0.39696296296296296,1,0,0
flow,0.2,1.0,0,registered,during_vibration,flow_dump_0.2_1.0.shear.wave,2007,200700,200.70000000000002,0.2007,158683.45183699526,1178.1295185454335,0.007424400622162202,7.424400622162202e+17,97,0.000611279871196913,6.112798711969129e+26,961.8229901377757,0.0,110.06094962641382,31.947935382485877,0.0,74.2976433987576,0.006061268386862363,0.0,0.0006935880733138573,0.00020133123531560068,0.0,0.00046821292667037853,5443,2725,5332,0.20185185185185187,0.39496296296296296,1,0,0
flow,0.2,1.0,0,registered,during_vibration,flow_dump_0.2_1.0.shear.wave,2008,200800,200.8,0.20079999999999998,158683.4518369953,1192.0688510579016,0.007512244265283773,7.512244265283772e+17,103,0.0006490909972503301,6.490909972503302e+26,921.59410930525,10.23566081273223,95.85514264039794,60.73969856789089,0.0,103.64423973163073,0.005807751839504606,6.450364353837366e-05,0.0006040651468740636,0.000382772733166182,0.0,0.0006531509022005483,5425,2757,5318,0.20422222222222222,0.3939259259259259,1,0,0
flow,0.2,1.0,0,registered,during_vibration,flow_dump_0.2_1.0.shear.wave,2009,200900,200.9,0.2009,158683.45183699526,1283.7871010271458,0.008090239317114762,8.090239317114762e+17,113,0.0007121095406726924,7.121095406726925e+26,1009.0440231369523,23.78447137892111,95.87756219313862,52.24078471043935,0.0,102.84025960769416,0.006358848458713103,0.000149886274237047,0.0006042064316298534,0.00032921381596930956,0.0,0.0006480843365654472,5392,2721,5387,0.20155555555555554,0.399037037037037,1,0,0
flow,0.2,1.0,0,registered,during_vibration,flow_dump_0.2_1.0.shear.wave,2010,201000,201.0,0.20099999999999998,158683.45183699526,1207.2945296859277,0.007608194274259294,7.608194274259293e+17,104,0.0006553928515925665,6.553928515925665e+26,985.2614678680325,12.838210724315706,90.71630785479964,33.557807947516324,0.0,84.92073529126367,0.006208974259522188,8.090453399957249e-05,0.0005716809585664065,0.00021147641772998474,0.0,0.0005351581044411422,5406,2696,5398,0.19970370370370372,0.39985185185185185,1,0,0
flow,0.2,1.0,0,registered,during_vibration,flow_dump_0.2_1.0.shear.wave,2011,201100,201.1,0.2011,158683.45183699526,1157.328522704759,0.007293315776200811,7.293315776200812e+17,96,0.0006049780168546768,6.049780168546768e+26,931.6979197733476,12.560555147984456,95.80074592422011,35.317716756601044,0.0,81.95158510260623,0.00587142458137612,7.91547890002233e-05,0.0006037223466920149,0.00022256710670045504,0.0,0.0005164469524319999,5409,2686,5405,0.19896296296296295,0.4003703703703704,1,0,0
flow,0.2,1.0,0,registered,during_vibration,flow_dump_0.2_1.0.shear.wave,2012,201200,201.20000000000002,0.2012,158683.45183699526,1222.4337107824874,0.007703599188390549,7.703599188390548e+17,108,0.0006806002689615113,6.806002689615113e+26,992.0015500785198,15.423053904581685,93.0274901603305,39.3857736932957,0.0,82.59584294576024,0.006251449275867377,9.719383921913132e-05,0.0005862456928142156,0.0002482034089714284,0.0,0.0005205069715183997,5411,2702,5387,0.20014814814814816,0.399037037037037,1,0,0
flow,0.2,1.0,0,registered,during_vibration,flow_dump_0.2_1.0.shear.wave,2013,201300,201.3,0.20129999999999998,158683.45183699526,1330.202754648009,0.00838274400543313,8.38274400543313e+17,106,0.0006679965602770389,6.679965602770389e+26,1063.837068214146,26.496856069714966,111.71735455143198,31.226483039822984,0.0,96.9249927728929,0.006704146247757161,0.0001669793274785413,0.0007040264958830846,0.000196784747737274,0.0,0.000610807186577069,5428,2745,5327,0.20333333333333334,0.3945925925925926,1,0,0
flow,0.2,1.0,0,registered,during_vibration,flow_dump_0.2_1.0.shear.wave,2014,201400,201.4,0.2014,158683.45183699526,1248.5280744101365,0.00786804206712534,7.86804206712534e+17,103,0.0006490909972503302,6.490909972503302e+26,1012.2942154838339,21.68729120895131,119.76844395234045,29.01916394510424,0.0,65.75895981990622,0.006379330697467402,0.00013667015027647115,0.0007547632885839315,0.0001828745443155198,0.0,0.0004144033864820129,5432,2713,5355,0.20096296296296295,0.39666666666666667,1,0,0
flow,0.2,1.0,0,registered,during_vibration,flow_dump_0.2_1.0.shear.wave,2015,201500,201.5,0.20149999999999998,158683.4518369953,1164.9034049772783,0.007341051580941813,7.341051580941814e+17,100,0.0006301854342236215,6.301854342236214e+26,914.8707013413944,18.38324800751833,97.50078760109419,43.65130910384383,0.0,90.49735892342811,0.005765381901832957,0.00011584855128058462,0.0006144357617154063,0.0002750841918203534,0.0,0.0005703011742925147,5424,2697,5379,0.19977777777777778,0.39844444444444443,1,0,0
flow,0.2,1.0,0,registered,during_vibration,flow_dump_0.2_1.0.shear.wave,2016,201600,201.6,0.2016,158683.45183699526,1191.7868002116986,0.007510466821933899,7.5104668219339e+17,102,0.000642789142908094,6.42789142908094e+26,979.8083774252347,12.592157034907448,102.33744870111181,28.841461374549475,0.0,68.20735567589554,0.006174609677836636,7.935393948855181e-05,0.0006449156954704775,0.0001817546885996427,0.0,0.0004298328205385923,5429,2699,5372,0.19992592592592592,0.3979259259259259,1,0,0
flow,0.2,1.0,0,registered,during_vibration,flow_dump_0.2_1.0.shear.wave,2017,201700,201.70000000000002,0.2017,158683.45183699526,1143.40800170721,0.007205590680506215,7.205590680506216e+17,98,0.0006175817255391491,6.1758172553914915e+26,914.5621972736583,9.894878229071066,102.42634687718166,19.73319775547693,0.0,96.79138157182214,0.005763437754134099,6.235608133377009e-05,0.0006454759188273601,0.00012435573796155825,0.0,0.0006099651882494298,5441,2720,5339,0.20148148148148148,0.3954814814814815,1,0,0
flow,0.2,1.0,0,registered,during_vibration,flow_dump_0.2_1.0.shear.wave,2018,201800,201.8,0.20179999999999998,158683.45183699526,1184.663006287245,0.007465573710257884,7.465573710257884e+17,104,0.0006553928515925665,6.553928515925665e+26,928.0031003528201,5.145040572909094,95.53207210449575,50.14938148296342,0.0,105.83341177405701,0.00584814036756709,3.2423296275368684e-05,0.0006020292034145399,0.0003160340974588735,0.0,0.0006669467455420147,5431,2762,5307,0.2045925925925926,0.39311111111111113,1,0,0
flow,0.2,1.0,0,registered,during_vibration,flow_dump_0.2_1.0.shear.wave,2019,201900,201.9,0.2019,158683.4518369953,1198.4569298508254,0.007552501007363507,7.552501007363507e+17,109,0.0006869021233037474,6.869021233037473e+26,947.860488609808,3.1404815265624606,104.51247918469471,43.25067589359728,0.0,99.69280463616317,0.005973278735979859,1.979085714488026e-05,0.0006586224207679404,0.00027255945968471723,0.0,0.0006282495337861116,5392,2736,5372,0.20266666666666666,0.3979259259259259,1,0,0
flow,0.2,1.0,0,registered,during_vibration,flow_dump_0.2_1.0.shear.wave,2020,202000,202.0,0.20199999999999999,158683.45183699526,1194.454250825605,0.0075272767071678445,7.527276707167845e+17,103,0.0006490909972503302,6.490909972503302e+26,985.8108849100879,11.277665195080282,92.31959830507412,28.367829356946476,0.0,76.67827305841676,0.0062124366056943645,7.107020337990291e-05,0.0005817846614523345,0.00017876992861288915,0.0,0.0004832153080283579,5390,2702,5408,0.20014814814814816,0.4005925925925926,1,0,0
flow,0.2,1.0,0,registered,during_vibration,flow_dump_0.2_1.0.shear.wave,2021,202100,202.1,0.2021,158683.45183699526,1169.8046745269899,0.007371938667736134,7.371938667736134e+17,98,0.0006175817255391491,6.1758172553914915e+26,959.8602907520366,6.328632992679673,93.22546726907119,23.938213426510575,0.0,86.4520700866918,0.006048899741215839,3.988212330533778e-05,0.0005874933157165964,0.00015085513422723296,0.0,0.0005448083532711284,5402,2700,5398,0.2,0.39985185185185185,1,0,0
flow,0.2,1.0,0,registered,during_vibration,flow_dump_0.2_1.0.shear.wave,2022,202200,202.20000000000002,0.2022,158683.45183699526,1310.085971310835,0.008255970967007937,8.255970967007937e+17,103,0.0006490909972503302,6.490909972503302e+26,1048.232580291849,11.479696641762724,144.70110853898888,32.28366144026571,0.0,73.38892439796827,0.0066058090377856616,7.234337612944692e-05,0.000911885309172821,0.00020344693203062236,0.0,0.0004624863118893817,5404,2713,5383,0.20096296296296295,0.39874074074074073,1,0,0
flow,0.2,1.0,0,registered,during_vibration,flow_dump_0.2_1.0.shear.wave,2023,202300,202.3,0.20229999999999998,158683.4518369953,1431.4420458382488,0.00902073927222526,9.02073927222526e+17,105,0.0006616947059348026,6.616947059348026e+26,1093.2696587659589,23.998028838064613,160.2999300267467,45.93067045131106,0.0,107.94375775616763,0.006889626146329363,0.0001512320822382674,0.001010186810099215,0.0002894483950254152,0.0,0.000680245838532999,5436,2740,5324,0.20296296296296296,0.39437037037037037,1,0,0
flow,0.2,1.0,0,registered,during_vibration,flow_dump_0.2_1.0.shear.wave,2024,202400,202.4,0.2024,158683.45183699526,1215.942838608762,0.007662694657397657,7.662694657397658e+17,107,0.0006742984146192752,6.742984146192752e+26,990.0655519122982,17.081778929912357,109.71790645493076,31.074034673459835,0.0,68.00356663816146,0.006239248897417012,0.00010764688272258729,0.0006914262652140724,0.0001958240403377416,0.0,0.00042854857170624767,5432,2714,5354,0.20103703703703704,0.3965925925925926,1,0,0
flow,0.2,1.0,0,registered,during_vibration,flow_dump_0.2_1.0.shear.wave,2025,202500,202.5,0.20249999999999999,158683.45183699526,1165.162808217134,0.007342686302375289,7.34268630237529e+17,95,0.0005986761625124405,5.986761625124405e+26,921.6058368604188,14.934256638863044,107.03477711067089,36.92815132294545,0.0,84.65978628423608,0.005807825744849072,9.411351004768911e-05,0.0006745175749051669,0.00023271583076525987,0.0,0.0005335136418081032,5425,2692,5383,0.1994074074074074,0.39874074074074073,1,0,0
flow,0.2,1.0,0,registered,during_vibration,flow_dump_0.2_1.0.shear.wave,2026,202600,202.6,0.2026,158683.45183699526,1212.145423748922,0.007638763902073902,7.638763902073902e+17,99,0.0006238835798813854,6.238835798813854e+26,1005.2994499050321,13.501318184076695,95.83630450936028,24.819784380327015,0.0,72.6885667701262,0.0063352507036317065,8.50833406242365e-05,0.0006039464317161843,0.0001564106659705304,0.0,0.0004580727601312469,5415,2696,5389,0.19970370370370372,0.3991851851851852,1,0,0
flow,0.2,1.0,0,registered,during_vibration,flow_dump_0.2_1.0.shear.wave,2027,202700,202.70000000000002,0.2027,158683.4518369953,1103.2145726705921,0.006952297545202441,6.952297545202441e+17,98,0.000617581725539149,6.17581725539149e+26,888.2204584825365,5.633330142249115,111.33340935450865,20.866811090170152,0.0,77.16056360112772,0.005597435953151215,3.5500426018182735e-05,0.0007016069291766724,0.00013149960407721157,0.0,0.0004862546327791603,5432,2715,5353,0.2011111111111111,0.3965185185185185,1,0,0
flow,0.2,1.0,0,registered,during_vibration,flow_dump_0.2_1.0.shear.wave,2028,202800,202.8,0.20279999999999998,158683.45183699526,1194.148532666978,0.007525350115862401,7.525350115862401e+17,101,0.0006364872885658578,6.364872885658577e+26,936.2763724296827,4.445908753881849,92.3314709923272,45.48822384794222,0.0,115.60655664314422,0.005900277323129169,2.801746938583633e-05,0.0005818594813980543,0.00028666016097676767,0.0,0.0007285356809725754,5416,2759,5325,0.20437037037037037,0.39444444444444443,1,0,0
flow,0.2,1.0,0,registered,during_vibration,flow_dump_0.2_1.0.shear.wave,2029,202900,202.9,0.2029,158683.45183699526,1168.7105688604106,0.007365043773190336,7.365043773190336e+17,105,0.0006616947059348027,6.616947059348027e+26,946.5841692687649,3.371581935230277,92.01396878902756,42.19366323374842,0.0,84.54718563363973,0.005965235557398427,2.1247218258736105e-05,0.000579858628759521,0.00026589831986445007,0.0,0.000532804048909204,5400,2736,5364,0.20266666666666666,0.3973333333333333,1,0,0
flow,0.2,1.0,0,registered,during_vibration,flow_dump_0.2_1.0.shear.wave,2030,203000,203.0,0.20299999999999999,158683.45183699526,1168.0864528187408,0.00736111068480308,7.36111068480308e+17,103,0.0006490909972503302,6.490909972503302e+26,943.2849752947246,14.76921744757757,100.11907259054401,35.99570019621633,0.0,73.91748728967781,0.0059444445175272425,9.30734571034476e-05,0.0006309358123453827,0.0002268396595833589,0.0,0.0004658172382436464,5390,2699,5411,0.19992592592592592,0.4008148148148148,1,0,0
flow,0.2,1.0,0,registered,during_vibration,flow_dump_0.2_1.0.shear.wave,2031,203100,203.1,0.2031,158683.45183699526,1158.8235826628984,0.007302737426289915,7.302737426289915e+17,95,0.0005986761625124405,5.986761625124405e+26,929.6046330985927,7.896234044682089,95.9882427506562,34.786046363441024,0.0,90.54842640552658,0.005858232993655271,4.976091680179326e-05,0.0006049039243818467,0.00021921659732468114,0.0,0.0005706229941263241,5405,2683,5412,0.19874074074074075,0.4008888888888889,1,0,0
flow,0.2,1.0,0,registered,during_vibration,flow_dump_0.2_1.0.shear.wave,2032,203200,203.20000000000002,0.2032,158683.45183699526,1143.8968406349895,0.007208671272225898,7.208671272225898e+17,94,0.0005923743081702043,5.9237430817020434e+26,916.1469966127823,8.434842828136581,127.34360269838578,27.17015342796192,0.0,64.80124506772363,0.00577342492873093,5.315515090257252e-05,0.0008025008356208259,0.00017122234935922605,0.0,0.0004083680076123473,5400,2680,5420,0.1985185185185185,0.4014814814814815,1,0,0
flow,0.2,1.0,0,registered,during_vibration,flow_dump_0.2_1.0.shear.wave,2033,203300,203.3,0.20329999999999998,158683.45183699526,1289.9076132622592,0.008128809893720322,8.128809893720323e+17,103,0.0006490909972503302,6.490909972503302e+26,1010.8647778809895,34.247301894052306,107.92034488459826,29.947728713474458,0.0,106.92745988914417,0.006370322589902962,0.00021582150815090812,0.0006800982940266356,0.00018872622423312123,0.0,0.000673841277406692,5435,2735,5330,0.2025925925925926,0.39481481481481484,1,0,0
flow,0.2,1.0,0,registered,during_vibration,flow_dump_0.2_1.0.shear.wave,2034,203400,203.4,0.2034,158683.45183699526,1295.5733541403604,0.00816451456747497,8.16451456747497e+17,107,0.0006742984146192752,6.742984146192752e+26,1063.9702786256603,24.262717502004072,102.65103865648243,32.94445840139045,0.0,71.74486095482284,0.0067049857203673935,0.000152900111644455,0.0006468918936924114,0.0002076111782294228,0.0,0.0004521256635412839,5430,2714,5356,0.20103703703703704,0.3967407407407407,1,0,0
flow,0.2,1.0,0,registered,during_vibration,flow_dump_0.2_1.0.shear.wave,2035,203500,203.5,0.2035,158683.45183699526,1167.6075756677892,0.007358092870749958,7.358092870749958e+17,101,0.0006364872885658578,6.364872885658577e+26,936.8556457570053,14.906071006879248,109.23674347939917,33.82227374879138,0.0,72.78684167571383,0.0059039278192622975,9.393588830038335e-05,0.0006883940462273953,0.00021314304268812295,0.0,0.00045869207427175717,5418,2681,5401,0.1985925925925926,0.4000740740740741,1,0,0
flow,0.2,1.0,0,registered,during_vibration,flow_dump_0.2_1.0.shear.wave,2036,203600,203.6,0.2036,158683.45183699526,1110.694381639866,0.006999434211834558,6.999434211834559e+17,99,0.0006238835798813854,6.238835798813854e+26,899.2761869046919,4.936146619300648,93.79520789292759,23.93974748392752,0.0,88.74709273901838,0.00566710754331496,3.1106877006754406e-05,0.0005910837381409944,0.00015086480163362717,0.0,0.0005592712517382231,5421,2691,5388,0.19933333333333333,0.39911111111111114,1,0,0
flow,0.2,1.0,0,registered,during_vibration,flow_dump_0.2_1.0.shear.wave,2037,203700,203.70000000000002,0.2037,158683.45183699526,1149.328729379701,0.007242902243898301,7.2429022438983e+17,93,0.0005860724538279681,5.860724538279681e+26,957.2686539056916,0.0,105.02622703312255,22.65930462029959,0.0,64.3745438205871,0.0060325676233022,0.0,0.00066185998487737,0.00014279563721348812,0.0,0.00040567899850524244,5423,2723,5354,0.2017037037037037,0.3965925925925926,1,0,0
flow,0.2,1.0,0,registered,during_vibration,flow_dump_0.2_1.0.shear.wave,2038,203800,203.8,0.20379999999999998,158683.4518369953,1147.0650205978059,0.007228636680881556,7.228636680881556e+17,99,0.0006238835798813853,6.238835798813853e+26,940.5263677458278,9.192503905440967,95.54180592339148,25.593279468110406,0.0,76.21106355503547,0.0059270601745667,5.792982065252652e-05,0.0006020905445234143,0.00016128511934817652,0.0,0.0004802710217907404,5405,2759,5336,0.20437037037037037,0.39525925925925925,1,0,0
flow,0.2,1.0,0,registered,during_vibration,flow_dump_0.2_1.0.shear.wave,2039,203900,203.9,0.2039,158683.45183699526,1161.1984720561286,0.007317703633324973,7.317703633324973e+17,104,0.0006553928515925665,6.553928515925665e+26,925.3758498979282,0.0,108.61624843856518,29.348860020047866,0.0,97.8575136995881,0.005831583817879788,0.0,0.0006844837768599796,0.0001849522409570215,0.0,0.0006166837976281892,5393,2737,5370,0.20274074074074075,0.3977777777777778,1,0,0
flow,0.2,1.0,0,registered,during_vibration,flow_dump_0.2_1.0.shear.wave,2040,204000,204.0,0.204,158683.45183699526,1186.509678990671,0.00747721117265266,7.477211172652659e+17,105,0.0006616947059348027,6.616947059348027e+26,968.9924899808349,11.915187086846394,103.95418662278327,37.83129091783159,0.0,63.8165243823743,0.006106449530580007,7.508777348179984e-05,0.0006551041423624207,0.00023840728494293852,0.0,0.0004021624412854888,5391,2683,5426,0.19874074074074075,0.4019259259259259,1,0,0
flow,0.2,1.0,0,registered,during_vibration,flow_dump_0.2_1.0.shear.wave,2041,204100,204.1,0.2041,158683.45183699526,1165.438918665246,0.0073444263102016615,7.344426310201661e+17,100,0.0006301854342236216,6.301854342236216e+26,936.462704787478,8.716136335302659,99.77793811965824,34.36109890922321,0.0,86.12104051358334,0.00590145156250724,5.492782161214992e-05,0.0006287860325987448,0.00021653864036509638,0.0,0.0005427222531184262,5397,2684,5419,0.1988148148148148,0.40140740740740743,1,0,0
flow,0.2,1.0,0,registered,during_vibration,flow_dump_0.2_1.0.shear.wave,2042,204200,204.20000000000002,0.2042,158683.4518369953,1182.151517194957,0.00744974667181617,7.44974667181617e+17,103,0.0006490909972503301,6.490909972503302e+26,945.4284959564088,18.989980487559066,106.66269730017308,37.66792678898706,0.0,73.402416661829,0.005957952672516749,0.00011967209099450509,0.0006721727821357227,0.00023737778799821395,0.0,0.0004625713381709789,5390,2689,5421,0.1991851851851852,0.40155555555555555,1,0,0
flow,0.2,1.0,0,registered,during_vibration,flow_dump_0.2_1.0.shear.wave,2043,204300,204.3,0.20429999999999998,158683.45183699526,1190.2652032188714,0.0075008779393175165,7.500877939317517e+17,101,0.0006364872885658578,6.364872885658577e+26,937.8456383407524,31.124475339299945,127.28183471425305,31.4624973582689,0.0,62.550757466296794,0.0059101666083249665,0.00019614191006679137,0.0008021115827818079,0.00019827207559480235,0.0,0.00039418576254914684,5419,2733,5348,0.20244444444444445,0.39614814814814814,1,0,0
flow,0.2,1.0,0,registered,during_vibration,flow_dump_0.2_1.0.shear.wave,2044,204400,204.4,0.2044,158683.45183699526,1178.904676173729,0.0074292855526279945,7.429285552627995e+17,101,0.0006364872885658578,6.364872885658577e+26,937.4927118647134,12.609011792378235,105.60851616176329,29.716960145454536,0.0,93.47747620941958,0.00590794251707945,7.946015571510643e-05,0.0006655294861511316,0.00018727195433069325,0.0,0.0005890814393516133,5426,2708,5366,0.2005925925925926,0.3974814814814815,1,0,0
flow,0.2,1.0,0,registered,during_vibration,flow_dump_0.2_1.0.shear.wave,2045,204500,204.5,0.2045,158683.45183699526,1143.6743733121036,0.007207269315561164,7.207269315561164e+17,97,0.000611279871196913,6.112798711969129e+26,924.176227588892,18.830485580436783,99.14407309176087,33.14634568751915,0.0,68.37724136349429,0.005824023972822544,0.000118666977321492,0.000624791507520298,0.00020888344250015524,0.0,0.0004309034153966703,5415,2692,5393,0.1994074074074074,0.3994814814814815,1,0,0
flow,0.2,1.0,0,registered,during_vibration,flow_dump_0.2_1.0.shear.wave,2046,204600,204.6,0.2046,158683.4518369953,1275.090066899907,0.008035431874835445,8.035431874835444e+17,103,0.0006490909972503301,6.490909972503302e+26,1046.3842458342606,5.19967591009289,112.17436342278835,35.71132949558809,0.0,75.62045223717664,0.006594161103258202,3.276760021223992e-05,0.000706906499223482,0.0002250475968488,0.0,0.00047654907529271786,5414,2708,5378,0.2005925925925926,0.3983703703703704,1,0,0
flow,0.2,1.0,0,registered,during_vibration,flow_dump_0.2_1.0.shear.wave,2047,204700,204.70000000000002,0.2047,158683.45183699526,1082.8028306162194,0.006823665719904488,6.823665719904488e+17,89,0.0005608650364590232,5.6086503645902325e+26,889.2421045238204,0.0,99.16009977040706,32.04383836696215,0.0,62.356787955029475,0.0056038742176927085,0.0,0.0006248925053147161,0.00020193560195475588,0.0,0.00039296339494230545,5408,2724,5368,0.20177777777777778,0.3976296296296296,1,0,0
flow,0.2,1.0,0,registered,during_vibration,flow_dump_0.2_1.0.shear.wave,2048,204800,204.8,0.20479999999999998,158683.45183699526,1202.86583326313,0.0075802852744768405,7.580285274476841e+17,103,0.0006490909972503302,6.490909972503302e+26,955.3817714949244,0.0,95.36612942609143,33.97374064116499,0.0,118.14419170094932,0.006020676765188617,0.0,0.0006009834568260753,0.00021409756498153257,0.0,0.0007445274874806154,5400,2769,5331,0.2051111111111111,0.3948888888888889,1,0,0
flow,0.2,1.0,0,registered,during_vibration,flow_dump_0.2_1.0.shear.wave,2049,204900,204.9,0.2049,158683.45183699526,1231.811588117334,0.00776269720539411,7.762697205394111e+17,110,0.0006932039776459838,6.932039776459838e+26,983.7528431781203,15.295311695045896,114.3462621796614,32.5656399020379,0.0,85.85153116246784,0.006199467126469261,9.638882642128136e-05,0.00072059348883538,0.00020522391922435853,0.0,0.0005410238444438257,5389,2752,5359,0.20385185185185184,0.39696296296296296,1,0,0
flow,0.2,1.0,0,registered,during_vibration,flow_dump_0.2_1.0.shear.wave,2050,205000,205.0,0.205,158683.45183699526,1186.2419080290438,0.007475523719055403,7.475523719055404e+17,100,0.0006301854342236216,6.301854342236216e+26,947.3681838886181,12.630186728923299,104.89621572720725,28.108937272856117,0.0,93.23838441143823,0.0059701763033349255,7.959359708091952e-05,0.0006610406725646479,0.00017713842840859375,0.0,0.0005875747176663116,5383,2691,5426,0.19933333333333333,0.4019259259259259,1,0,0
flow,0.2,1.0,0,registered,during_vibration,flow_dump_0.2_1.0.shear.wave,2051,205100,205.1,0.2051,158683.45183699526,1154.2436129551065,0.007273875124299557,7.273875124299557e+17,97,0.000611279871196913,6.112798711969129e+26,952.2205717963562,3.374743034434881,101.69210248517518,32.62683963680228,0.0,64.32935600233756,0.00600075534514152,2.126713904548488e-05,0.0006408488176173315,0.00020560959103862713,0.0,0.00040539423145659033,5389,2678,5433,0.19837037037037036,0.40244444444444444,1,0,0
flow,0.2,1.0,0,registered,during_vibration,flow_dump_0.2_1.0.shear.wave,2052,205200,205.20000000000002,0.2052,158683.45183699526,1132.137487572355,0.007134565542066245,7.134565542066245e+17,97,0.000611279871196913,6.112798711969129e+26,922.4443039386746,0.0,101.7041483067667,31.29240464049978,0.0,76.69663068641356,0.005813109642247,0.0,0.0006409247286304338,0.00019720017606274625,0.0,0.0004833309951260627,5385,2697,5418,0.19977777777777778,0.4013333333333333,1,0,0
flow,0.2,1.0,0,registered,during_vibration,flow_dump_0.2_1.0.shear.wave,2053,205300,205.3,0.20529999999999998,158683.45183699526,1176.4367323056488,0.007413732929846538,7.413732929846537e+17,103,0.0006490909972503302,6.490909972503302e+26,946.0607539898136,16.52161036010786,111.79677836545137,21.16391586021546,0.0,80.89367373006067,0.005961937070549975,0.00010411678198858057,0.0007045270131903396,0.00013337191506242071,0.0,0.0005097801490552225,5412,2734,5354,0.20251851851851851,0.3965925925925926,1,0,0
flow,0.2,1.0,0,registered,during_vibration,flow_dump_0.2_1.0.shear.wave,2054,205400,205.4,0.2054,158683.45183699526,1246.8254121334635,0.007857312137463726,7.857312137463726e+17,104,0.0006553928515925665,6.553928515925665e+26,1006.9433562212344,14.81005909035258,117.18055675938288,41.698032310293854,0.0,66.19340775220012,0.006345610361788694,9.333083518731334e-05,0.0007384548004397744,0.00026277492597733134,0.0,0.0004171412140706147,5417,2714,5369,0.20103703703703704,0.3977037037037037,1,0,0
flow,0.2,1.0,0,registered,during_vibration,flow_dump_0.2_1.0.shear.wave,2055,205500,205.5,0.2055,158683.45183699526,1134.6286253661715,0.007150264329589317,7.150264329589317e+17,99,0.0006238835798813854,6.238835798813854e+26,905.4164836227973,13.832980297186205,110.33659065011472,39.28740947596794,0.0,65.75516132010492,0.005705802798850571,8.717342695189092e-05,0.0006953251228959653,0.0002475835320013408,0.0,0.00041437944888954607,5416,2690,5394,0.19925925925925925,0.39955555555555555,1,0,0
flow,0.2,1.0,0,registered,during_vibration,flow_dump_0.2_1.0.shear.wave,2056,205600,205.6,0.20559999999999998,158683.45183699526,1153.216456752032,0.007267402135521056,7.267402135521056e+17,98,0.0006175817255391491,6.1758172553914915e+26,939.9543978728916,5.452337523799558,100.52285953434564,24.937396610969763,0.0,82.34946521002534,0.00592345570373931,3.4359836899693705e-05,0.0006334804188505173,0.0001571518411169065,0.0,0.0005189543349146284,5413,2702,5385,0.20014814814814816,0.3988888888888889,1,0,0
flow,0.2,1.0,0,registered,during_vibration,flow_dump_0.2_1.0.shear.wave,2057,205700,205.70000000000002,0.2057,158683.4518369953,1097.86156977502,0.006918563700660976,6.918563700660977e+17,96,0.0006049780168546767,6.0497801685467664e+26,902.4105569238387,4.214484892175591,96.47919663681638,17.884825052597762,0.0,76.87250626959126,0.005686859886630294,2.6559069918045672e-05,0.000607997844261183,0.00011270756241784825,0.0,0.0004844393374336043,5402,2731,5367,0.2022962962962963,0.39755555555555555,1,0,0
flow,0.2,1.0,0,registered,during_vibration,flow_dump_0.2_1.0.shear.wave,2058,205800,205.8,0.20579999999999998,158683.45183699526,1192.0244679447785,0.007511964569369618,7.511964569369618e+17,105,0.0006616947059348027,6.616947059348027e+26,956.1007374187606,8.08219698725662,87.06413406877006,37.92198227426274,0.0,102.855417195728,0.006025207583717665,5.093282817895159e-05,0.0005486654913343146,0.00023897880866126744,0.0,0.000648179857477416,5397,2770,5333,0.2051851851851852,0.395037037037037,1,0,0
flow,0.2,1.0,0,registered,during_vibration,flow_dump_0.2_1.0.shear.wave,2059,205900,205.9,0.2059,158683.45183699526,1309.3535911766435,0.008251355614079114,8.251355614079114e+17,111,0.00069950583198822,6.995058319882199e+26,1027.5824847383174,18.853882154500678,105.7516286367721,41.3874510853832,0.0,115.77814456167013,0.006475675143454046,0.00011881441912335,0.000666431360123194,0.0002608176883365111,0.0,0.0007296170030420133,5372,2758,5370,0.2042962962962963,0.3977777777777778,1,0,0
flow,0.2,1.0,0,registered,during_vibration,flow_dump_0.2_1.0.shear.wave,2060,206000,206.0,0.206,158683.45183699526,1185.6194452508705,0.0074716010492938915,7.471601049293892e+17,102,0.000642789142908094,6.42789142908094e+26,965.1250678560532,4.657595322236581,107.32291894935865,17.715933692198654,0.0,90.79792943102294,0.0060820775996696915,2.9351487305815685e-05,0.0006763334028024812,0.00011164323366495097,0.0,0.0005721953258509494,5379,2691,5430,0.19933333333333333,0.4022222222222222,1,0,0
flow,0.2,1.0,0,registered,during_vibration,flow_dump_0.2_1.0.shear.wave,2061,206100,206.1,0.20609999999999998,158683.4518369953,1145.1608505642225,0.007216636878687063,7.216636878687063e+17,94,0.0005923743081702042,5.923743081702042e+26,941.3656806861841,6.016129410582554,104.7914853668847,23.799575711867956,0.0,69.1879793887033,0.0059323494024643795,3.791277124953467e-05,0.0006603806770886852,0.00014998145954321464,0.0,0.0004360125683412496,5376,2679,5445,0.19844444444444445,0.4033333333333333,1,0,0
flow,0.2,1.0,0,registered,during_vibration,flow_dump_0.2_1.0.shear.wave,2062,206200,206.20000000000002,0.2062,158683.45183699526,1171.338729086417,0.007381606056122688,7.381606056122688e+17,105,0.0006616947059348027,6.616947059348027e+26,942.0357980212691,10.42984700145944,110.55434611743357,30.33923062794559,0.0,77.97950731830943,0.005936572384302293,6.572737661500654e-05,0.0006966973861332342,0.0001911934122728249,0.0,0.000491415496799329,5382,2685,5433,0.1988888888888889,0.40244444444444444,1,0,0
flow,0.2,1.0,0,registered,during_vibration,flow_dump_0.2_1.0.shear.wave,2063,206300,206.3,0.20629999999999998,158683.45183699526,1314.0098794150451,0.008280698864332988,8.280698864332988e+17,107,0.0006742984146192752,6.742984146192752e+26,997.04174070357,8.18293766962846,157.3347338963286,43.43331456854828,0.0,108.0171525769695,0.006283211823043548,5.1567681285596415e-05,0.000991500575989158,0.0002737104220115175,0.0,0.0006807083620031671,5408,2727,5365,0.202,0.39740740740740743,1,0,0
flow,0.2,1.0,0,registered,during_vibration,flow_dump_0.2_1.0.shear.wave,2064,206400,206.4,0.2064,158683.45183699526,1256.2992842360404,0.007917015099511142,7.917015099511142e+17,105,0.0006616947059348027,6.616947059348027e+26,1017.9652600109065,12.211000666404223,105.72491664027281,38.37256652072158,0.0,82.02554039773626,0.00641506879404535,7.695194757262878e-05,0.0006662630250120652,0.0002418183249513573,0.0,0.0005169130079297464,5402,2717,5381,0.20125925925925925,0.3985925925925926,1,0,0
flow,0.2,1.0,0,registered,during_vibration,flow_dump_0.2_1.0.shear.wave,2065,206500,206.5,0.2065,158683.4518369953,1179.496536085134,0.007433015367580676,7.433015367580676e+17,98,0.000617581725539149,6.17581725539149e+26,938.1602043735597,4.979811230625719,114.54288034261569,41.14364821808012,0.0,80.66999192025246,0.0059121489576447325,3.138204502723536e-05,0.0007218325478593558,0.0002592812781785475,0.0,0.0005083705388708033,5405,2701,5394,0.20007407407407407,0.39955555555555555,1,0,0
flow,0.2,1.0,0,registered,during_vibration,flow_dump_0.2_1.0.shear.wave,2066,206600,206.6,0.20659999999999998,158683.45183699526,1290.1033122567214,0.008130043160278344,8.130043160278345e+17,98,0.0006175817255391491,6.1758172553914915e+26,1051.4811052944992,0.0,107.49040830189762,20.026265548449523,0.0,111.10553311187516,0.006626280769179476,0.0,0.0006773888963060573,0.00012620260850527217,0.0,0.0007001708862875402,5394,2703,5403,0.20022222222222222,0.4002222222222222,1,0,0
flow,0.2,1.0,0,registered,during_vibration,flow_dump_0.2_1.0.shear.wave,2067,206700,206.70000000000002,0.2067,158683.45183699526,1056.5100812646688,0.00665797264323409,6.65797264323409e+17,89,0.0005608650364590232,5.6086503645902325e+26,868.5023801446489,9.074302107975921,99.89903123090323,23.454017142321508,0.0,55.58035063881921,0.0054731754955570444,5.718493014191131e-05,0.0006295491437476589,0.00014780379977122145,0.0,0.0003502592740162543,5395,2727,5378,0.202,0.3983703703703704,1,0,0
flow,0.2,1.0,0,registered,during_vibration,flow_dump_0.2_1.0.shear.wave,2068,206800,206.8,0.20679999999999998,158683.45183699526,1127.0254183130917,0.007102350026206945,7.102350026206945e+17,102,0.000642789142908094,6.42789142908094e+26,896.3127357318776,0.0,93.78730610564767,41.73788807630814,0.0,95.18748839925767,0.005648432305673555,0.0,0.0005910339422285129,0.00026302609120945164,0.0,0.0005998576870954214,5383,2769,5348,0.2051111111111111,0.39614814814814814,1,0,0
flow,0.2,1.0,0,registered,during_vibration,flow_dump_0.2_1.0.shear.wave,2069,206900,206.9,0.2069,158683.4518369953,1192.5261698434751,0.0075151262216584256,7.515126221658426e+17,105,0.0006616947059348026,6.616947059348026e+26,942.0527711278457,8.781429724609502,104.7699526231234,44.54184910944909,0.0,92.38016725844757,0.005936679346347674,5.533929104107256e-05,0.0006602449808739127,0.00028069624522161204,0.0,0.0005821663581741557,5355,2747,5398,0.20348148148148149,0.39985185185185185,1,0,0
flow,0.2,1.0,0,registered,during_vibration,flow_dump_0.2_1.0.shear.wave,2070,207000,207.0,0.207,158683.45183699526,1141.8462183801746,0.0071957485494651054,7.195748549465106e+17,104,0.0006553928515925665,6.553928515925665e+26,937.865168461231,10.002989064314608,94.93436061474982,10.216567701247957,0.0,88.82713253863083,0.0059102896842995085,6.303738007029239e-05,0.00059826251266748,6.438332153085971e-05,0.0,0.0005597756508969626,5352,2686,5462,0.19896296296296295,0.4045925925925926,1,0,0
flow,0.2,1.0,0,registered,during_vibration,flow_dump_0.2_1.0.shear.wave,2071,207100,207.1,0.20709999999999998,158683.45183699526,1170.6905449943702,0.007377521294387654,7.377521294387653e+17,97,0.000611279871196913,6.112798711969129e+26,969.0328917265276,0.0,96.99277520812886,37.32383905960546,0.0,67.34103900010784,0.006106704136496535,0.0,0.000611234341610888,0.00023520939724670035,0.0,0.00042437341903352795,5351,2680,5469,0.1985185185185185,0.4051111111111111,1,0,0
flow,0.2,1.0,0,registered,during_vibration,flow_dump_0.2_1.0.shear.wave,2072,207200,207.20000000000002,0.2072,158683.45183699526,1140.5990919382095,0.007187889340281491,7.187889340281491e+17,101,0.0006364872885658578,6.364872885658577e+26,935.7408423029835,11.321537172414523,104.38041822529466,24.699412688087072,0.0,64.45688154942974,0.005896902490274831,7.134667819076919e-05,0.0006577901918375054,0.0001556521010991058,0.0,0.0004061978788792792,5354,2686,5460,0.19896296296296295,0.40444444444444444,1,0,0
flow,0.2,1.0,0,registered,during_vibration,flow_dump_0.2_1.0.shear.wave,2073,207300,207.3,0.20729999999999998,158683.45183699526,1202.8647321332735,0.0075802783353168725,7.580278335316873e+17,104,0.0006553928515925665,6.553928515925665e+26,947.5965914101754,10.38196677812916,126.24286462350311,33.58253420114342,0.0,85.06077512032276,0.005971615694266451,6.542564242170538e-05,0.0007955641446039618,0.00021163223897877187,0.0,0.0005360406150459843,5395,2730,5375,0.20222222222222222,0.39814814814814814,1,0,0
flow,0.2,1.0,0,registered,during_vibration,flow_dump_0.2_1.0.shear.wave,2074,207400,207.4,0.2074,158683.45183699526,1121.6444636676679,0.007068440033809305,7.068440033809304e+17,93,0.0005860724538279681,5.860724538279681e+26,916.2610907529205,0.0,106.01611878780331,40.46367322530042,0.0,58.90358090164354,0.005774143933383383,0.0,0.0006680981385299488,0.00025499617481768676,0.0,0.0003712017870782846,5397,2713,5390,0.20096296296296295,0.39925925925925926,1,0,0
flow,0.2,1.0,0,registered,during_vibration,flow_dump_0.2_1.0.shear.wave,2075,207500,207.5,0.2075,158683.45183699526,1174.8609562425065,0.007403802618620632,7.403802618620632e+17,100,0.0006301854342236216,6.301854342236216e+26,964.8502618351355,0.0,111.71458414945255,42.07637536659573,0.0,56.21973489132237,0.006080345812153498,0.0,0.0007040090372133407,0.0002651591888095422,0.0,0.0003542885804442488,5381,2694,5425,0.19955555555555557,0.40185185185185185,1,0,0
flow,0.2,1.0,0,registered,during_vibration,flow_dump_0.2_1.0.shear.wave,2076,207600,207.6,0.20759999999999998,158683.4518369953,1177.073442321754,0.007417745383626275,7.417745383626275e+17,102,0.0006427891429080939,6.427891429080939e+26,983.2072511003776,0.0,99.83954110035987,31.93498473615984,0.0,62.0916653848571,0.006196028884665047,0.0,0.0006291742456101738,0.00020124962222881613,0.0,0.0003912926311222398,5378,2700,5422,0.2,0.4016296296296296,1,0,0
flow,0.2,1.0,0,registered,during_vibration,flow_dump_0.2_1.0.shear.wave,2077,207700,207.70000000000002,0.2077,158683.45183699526,1088.2556477633157,0.006858028579320337,6.858028579320337e+17,95,0.0005986761625124405,5.986761625124405e+26,872.0546528782901,5.975561441228178,104.43158637407517,35.74788708969203,0.0,70.04595998003002,0.0054955614009083486,3.76571178157031e-05,0.000658112646058082,0.00022527797748194566,0.0,0.0004414194370562564,5379,2723,5398,0.2017037037037037,0.39985185185185185,1,0,0
flow,0.2,1.0,0,registered,during_vibration,flow_dump_0.2_1.0.shear.wave,2078,207800,207.8,0.20779999999999998,158683.45183699526,1142.5545219079613,0.0072002121751273095,7.20021217512731e+17,100,0.0006301854342236216,6.301854342236216e+26,890.3238869440631,3.985996395025638,97.24647718411987,37.66565969794424,0.0,113.3325016868084,0.00561069145293507,2.5119168690130222e-05,0.0006128331345099209,0.00023736350112068156,0.0,0.0007142049178715067,5368,2747,5385,0.20348148148148149,0.3988888888888889,1,0,0
flow,0.2,1.0,0,registered,during_vibration,flow_dump_0.2_1.0.shear.wave,2079,207900,207.9,0.2079,158683.45183699526,1286.1817284960507,0.008105329910627719,8.105329910627718e+17,112,0.0007058076863304561,7.058076863304562e+26,1043.243175404818,16.140287248381473,107.03572630752596,36.574371872401215,0.0,83.18816766292403,0.006574366534933151,0.0001017137392811526,0.0006745235566054897,0.00023048636419865373,0.0,0.0005242397156092722,5356,2734,5410,0.20251851851851851,0.40074074074074073,1,0,0
flow,0.2,1.0,0,registered,during_vibration,flow_dump_0.2_1.0.shear.wave,2080,208000,208.0,0.208,158683.4518369953,1158.0989350010007,0.007298170802275192,7.298170802275192e+17,106,0.0006679965602770388,6.679965602770388e+26,946.3115879062774,14.254991871444151,97.97674433910608,22.096060587597538,0.0,77.45955029657543,0.0059635177893556214,8.983288242360226e-05,0.0006174351717515631,0.00013924615536026604,0.0,0.00048813880338413834,5357,2692,5451,0.1994074074074074,0.4037777777777778,1,0,0
flow,0.2,1.0,0,registered,during_vibration,flow_dump_0.2_1.0.shear.wave,2081,208100,208.1,0.20809999999999998,158683.45183699526,1169.5133503750728,0.007370102785364378,7.370102785364378e+17,94,0.0005923743081702043,5.9237430817020434e+26,948.4968500339739,9.778708267977512,102.49462307622593,34.55954130331523,0.0,74.1836276935804,0.005977288992983972,6.162399516001527e-05,0.0006459061854887787,0.00021778919542798892,0.0,0.0004674944163036245,5351,2684,5465,0.1988148148148148,0.4048148148148148,1,0,0
flow,0.2,1.0,0,registered,during_vibration,flow_dump_0.2_1.0.shear.wave,2082,208200,208.20000000000002,0.2082,158683.45183699526,1219.1481257570545,0.007682893910131238,7.682893910131238e+17,100,0.0006301854342236216,6.301854342236216e+26,955.6887604506775,24.022754699852644,116.25343830222018,35.16454937196607,0.0,88.01862293233786,0.006022611364872449,0.00015138790101774184,0.0007326122349647363,0.00022160186815250416,0.0,0.0005546805411238056,5355,2682,5463,0.19866666666666666,0.4046666666666667,1,0,0
flow,0.2,1.0,0,registered,during_vibration,flow_dump_0.2_1.0.shear.wave,2083,208300,208.3,0.20829999999999999,158683.45183699526,1353.0227779304525,0.008526552468245529,8.526552468245528e+17,105,0.0006616947059348027,6.616947059348027e+26,1061.0474283633473,31.322147756891322,118.52964388227231,33.849033805361366,0.0,108.27452412257962,0.0066865663437501305,0.00019738761284992994,0.0007469565509832101,0.00021331168066681698,0.0,0.0006823302799954383,5414,2731,5355,0.2022962962962963,0.39666666666666667,1,0,0
flow,0.2,1.0,0,registered,during_vibration,flow_dump_0.2_1.0.shear.wave,2084,208400,208.4,0.2084,158683.4518369953,1246.316880527449,0.007854107445354199,7.854107445354199e+17,105,0.0006616947059348026,6.616947059348026e+26,1018.5754261851093,11.273181115999003,101.49143063910344,42.210996389382544,0.0,72.76584619785423,0.006418913972399735,7.104194536667362e-05,0.0006395842128727997,0.00026600755088654755,0.0,0.00045855976382844026,5405,2719,5376,0.2014074074074074,0.3982222222222222,1,0,0
flow,0.2,1.0,0,registered,during_vibration,flow_dump_0.2_1.0.shear.wave,2085,208500,208.5,0.2085,158683.45183699526,1144.1417917579383,0.007210214918523688,7.210214918523688e+17,96,0.0006049780168546768,6.049780168546768e+26,941.5561703788815,6.398021091577975,104.64775136539889,38.202611627687446,0.0,53.337237294393,0.005933549840761457,4.031939699767956e-05,0.0006594748863472949,0.00024074729397070588,0.0,0.00033612350044655396,5382,2692,5426,0.1994074074074074,0.4019259259259259,1,0,0
flow,0.2,1.0,0,registered,during_vibration,flow_dump_0.2_1.0.shear.wave,2086,208600,208.6,0.20859999999999998,158683.45183699526,1339.3258635348243,0.008440236508786203,8.440236508786203e+17,103,0.0006490909972503302,6.490909972503302e+26,1063.5901056680166,3.799008495866322,115.93226757749231,46.001839427981935,0.0,110.00264236546725,0.006702589925763466,2.3940798185867456e-05,0.0007305882638385108,0.00028989689155008115,0.0,0.0006932206294482774,5375,2683,5442,0.19874074074074075,0.4031111111111111,1,0,0
flow,0.2,1.0,0,registered,during_vibration,flow_dump_0.2_1.0.shear.wave,2087,208700,208.70000000000002,0.2087,158683.45183699526,1068.5991476072097,0.006734156178458414,6.734156178458414e+17,88,0.000554563182116787,5.54563182116787e+26,879.4629652494043,3.8395351153437804,95.52971374950437,21.07666005855406,0.0,68.69027343440285,0.0055422475063928965,2.4196191038797632e-05,0.0006020143414048969,0.00013282204170983553,0.0,0.0004328760979119846,5384,2726,5390,0.20192592592592593,0.39925925925925926,1,0,0
flow,0.2,1.0,0,registered,during_vibration,flow_dump_0.2_1.0.shear.wave,2088,208800,208.8,0.20879999999999999,158683.4518369953,1182.1055720093912,0.007449457131949006,7.449457131949006e+17,99,0.0006238835798813853,6.238835798813853e+26,939.3336106911795,5.104664314016155,103.41431291306476,42.09050533182658,0.0,92.16247875930381,0.005919543593342631,3.216885097294095e-05,0.0006517019368805718,0.0002652482337922879,0.0,0.0005807945169605716,5376,2760,5364,0.20444444444444446,0.3973333333333333,1,0,0
flow,0.2,1.0,0,registered,during_vibration,flow_dump_0.2_1.0.shear.wave,2089,208900,208.9,0.2089,158683.45183699526,1139.161463891163,0.007178829617730691,7.17882961773069e+17,104,0.0006553928515925665,6.553928515925665e+26,932.6355284385157,6.075929016383604,89.09249592291657,31.399701253935596,0.0,79.95780925941222,0.005877333254614028,3.828961965501604e-05,0.0005614479322924941,0.000197876343692034,0.0,0.000503882467477122,5361,2749,5390,0.20362962962962963,0.39925925925925926,1,0,0
flow,0.2,1.0,0,registered,during_vibration,flow_dump_0.2_1.0.shear.wave,2090,209000,209.0,0.209,158683.45183699526,1160.0075258021998,0.007310198463503282,7.310198463503282e+17,104,0.0006553928515925665,6.553928515925665e+26,951.0404528849585,2.9684916994830006,97.6656985996955,21.478493256371234,0.0,86.85438936169129,0.005993318407655373,1.8707002306279112e-05,0.0006154750068080246,0.00013535433599235435,0.0,0.0005473437107412492,5345,2697,5458,0.19977777777777778,0.4042962962962963,1,0,0
flow,0.2,1.0,0,registered,during_vibration,flow_dump_0.2_1.0.shear.wave,2091,209100,209.1,0.20909999999999998,158683.45183699526,1163.7126451769936,0.00733354758612383,7.33354758612383e+17,97,0.000611279871196913,6.112798711969129e+26,972.0534838928047,5.283378446503226,90.96391217811964,28.694740177591317,0.0,66.71713048197498,0.0061257394683557126,3.3295081404773587e-05,0.0005732413249464771,0.00018083007298749386,0.0,0.0004204416384293742,5339,2679,5482,0.19844444444444445,0.4060740740740741,1,0,0
flow,0.2,1.0,0,registered,during_vibration,flow_dump_0.2_1.0.shear.wave,2092,209200,209.20000000000002,0.2092,158683.45183699526,1140.0302947876062,0.007184304863488109,7.184304863488109e+17,95,0.0005986761625124405,5.986761625124405e+26,909.7202360172445,17.993554188306916,104.47972828643984,40.83633511221488,0.0,67.00044118340051,0.005732924419565427,0.00011339275759384459,0.0006584160293775609,0.00025734463574792464,0.0,0.0004222270212033547,5350,2685,5465,0.1988888888888889,0.4048148148148148,1,0,0
flow,0.2,1.0,0,registered,during_vibration,flow_dump_0.2_1.0.shear.wave,2093,209300,209.3,0.20929999999999999,158683.45183699526,1393.1812261184518,0.008779625159336541,8.779625159336541e+17,106,0.0006679965602770389,6.679965602770389e+26,1083.5040359115972,3.056503070388729,134.28059081083876,41.71862313467075,0.0,130.62147319095575,0.0068280846135399635,1.9261637146187536e-05,0.0008462167242793288,0.00026290468635334113,0.0,0.000823157498017716,5391,2724,5385,0.20177777777777778,0.3988888888888889,1,0,0
flow,0.2,1.0,0,registered,during_vibration,flow_dump_0.2_1.0.shear.wave,2094,209400,209.4,0.2094,158683.45183699526,1265.4330867135839,0.007974574992315377,7.974574992315378e+17,107,0.0006742984146192752,6.742984146192752e+26,1028.3782737971983,0.0,114.16223180609954,47.5207211464181,0.0,75.37185996386762,0.006480690090190258,0.0,0.0007194337562266459,0.00029946866290275125,0.0,0.00047498248299571914,5380,2703,5417,0.20022222222222222,0.40125925925925926,1,0,0
flow,0.2,1.0,0,registered,during_vibration,flow_dump_0.2_1.0.shear.wave,2095,209500,209.5,0.2095,158683.45183699526,1208.8177994936934,0.00761779369871176,7.61779369871176e+17,101,0.0006364872885658578,6.364872885658577e+26,961.283950635733,1.773772863435986,100.7813175578693,54.995953513319634,0.0,89.9828049233353,0.006057871438435778,1.1178058221584834e-05,0.0006351091836683456,0.0003465764884533344,0.0,0.0005670585299327148,5376,2676,5448,0.19822222222222222,0.40355555555555556,1,0,0
flow,0.2,1.0,0,registered,during_vibration,flow_dump_0.2_1.0.shear.wave,2096,209600,209.6,0.20959999999999998,158683.45183699526,1190.3759952791524,0.007501576134743684,7.501576134743684e+17,102,0.000642789142908094,6.42789142908094e+26,975.699929646481,4.6762831463945425,115.16733768181466,32.929866642575476,0.0,61.90257816188635,0.006148718838362247,2.946925525163248e-05,0.0007257677870539283,0.00020751922309077378,0.0,0.0003901010309851003,5370,2678,5452,0.19837037037037036,0.40385185185185185,1,0,0
flow,0.2,1.0,0,registered,during_vibration,flow_dump_0.2_1.0.shear.wave,2097,209700,209.70000000000002,0.2097,158683.45183699526,1110.0708643413823,0.006995504896639649,6.995504896639649e+17,94,0.0005923743081702043,5.9237430817020434e+26,915.8982867336725,0.0,99.33006594855212,30.508401511345593,0.0,64.33411014781217,0.005771857595299305,0.0,0.0006259636074124929,0.00019225950253895917,0.0,0.0004054241913888931,5384,2719,5397,0.2014074074074074,0.3997777777777778,1,0,0
flow,0.2,1.0,0,registered,during_vibration,flow_dump_0.2_1.0.shear.wave,2098,209800,209.8,0.2098,158683.45183699526,1170.510320940764,0.00737638554865286,7.37638554865286e+17,105,0.0006616947059348027,6.616947059348027e+26,921.5366513237443,4.471421056975538,96.67056950130052,39.65672519799962,0.0,108.17495386074336,0.0058073897476743595,2.8178244203867746e-05,0.0006092038481782186,0.0002499109058878823,0.0,0.0006817028027085279,5376,2747,5377,0.20348148148148149,0.3982962962962963,1,0,0
flow,0.2,1.0,0,registered,during_vibration,flow_dump_0.2_1.0.shear.wave,2099,209900,209.9,0.2099,158683.4518369953,1202.621585527458,0.007578746060823212,7.578746060823212e+17,111,0.0006995058319882199,6.995058319882199e+26,959.3589568291849,18.79026458223317,96.73594849025676,42.11815336222834,0.0,85.61826226355484,0.006045740407857204,0.00011841351044931347,0.0006096158570436633,0.0002654224676527295,0.0,0.0005395538178203022,5368,2737,5395,0.20274074074074075,0.3996296296296296,1,0,0
flow,0.2,1.0,0,registered,during_vibration,flow_dump_0.2_1.0.shear.wave,2100,210000,210.0,0.21,158683.45183699526,1178.2977694336923,0.007425460914752962,7.425460914752961e+17,105,0.0006616947059348027,6.616947059348027e+26,982.021877548044,2.7508927425844143,86.81950668484691,24.706517462762932,0.0,81.99897499545314,0.006188558833197103,1.7335725374881684e-05,0.0005471238851927087,0.0001556968743542475,0.0,0.0005167455966340153,5337,2680,5483,0.1985185185185185,0.40614814814814815,1,0,0
flow,0.2,1.0,0,registered,during_vibration,flow_dump_0.2_1.0.shear.wave,2101,210100,210.1,0.21009999999999998,158683.45183699526,1152.1161415125507,0.0072604681091513025,7.260468109151302e+17,95,0.0005986761625124405,5.986761625124405e+26,950.014462714798,0.0,92.06743075017829,23.910117292730845,0.0,86.12413075484346,0.005986852767046456,0.0,0.0005801955382515432,0.0001506780764845731,0.0,0.0005427417273687299,5323,2673,5504,0.198,0.4077037037037037,1,0,0
flow,0.2,1.0,0,registered,during_vibration,flow_dump_0.2_1.0.shear.wave,2102,210200,210.20000000000002,0.2102,158683.45183699526,1158.5312391574755,0.007300895120100841,7.300895120100841e+17,100,0.0006301854342236216,6.301854342236216e+26,946.7700976027505,10.246708334163927,93.88738586819665,38.96633289578808,0.0,68.66071445657703,0.005966407250677299,6.457326340927896e-05,0.0005916646303147021,0.000245560154160344,0.0,0.00043268982153922087,5332,2673,5495,0.198,0.40703703703703703,1,0,0
flow,0.2,1.0,0,registered,during_vibration,flow_dump_0.2_1.0.shear.wave,2103,210300,210.3,0.2103,158683.4518369953,1312.7232320035603,0.008272590599755995,8.272590599755995e+17,105,0.0006616947059348026,6.616947059348026e+26,1069.7980827186132,3.8126023374161084,107.32143002971898,34.47130032772354,0.0,97.31981659008859,0.00674171169289627,2.4026464595265644e-05,0.0006763240198477847,0.00021723311365279326,0.0,0.0006132953087638818,5372,2728,5400,0.20207407407407407,0.4,1,0,0
flow,0.2,1.0,0,registered,during_vibration,flow_dump_0.2_1.0.shear.wave,2104,210400,210.4,0.2104,158683.45183699526,1253.9252802541089,0.00790205447220912,7.90205447220912e+17,103,0.0006490909972503302,6.490909972503302e+26,990.4301987946374,3.385710658934145,117.00369251637849,30.25592771781382,0.0,112.84975056634508,0.006241546848955864,2.133625541755958e-05,0.0007373402277420109,0.0001906684494668901,0.0,0.0007111626906267957,5354,2691,5455,0.19933333333333333,0.4040740740740741,1,0,0
flow,0.2,1.0,0,registered,during_vibration,flow_dump_0.2_1.0.shear.wave,2105,210500,210.5,0.2105,158683.45183699526,1195.1466888062228,0.00753164035046273,7.53164035046273e+17,97,0.000611279871196913,6.112798711969129e+26,966.6781739822495,0.0,106.55752826625155,36.78276870362019,0.0,85.12821785410162,0.0060918650482550156,0.0,0.0006715100222026356,0.0002317996506743793,0.0,0.0005364656293307009,5366,2675,5459,0.19814814814814816,0.4043703703703704,1,0,0
flow,0.2,1.0,0,registered,during_vibration,flow_dump_0.2_1.0.shear.wave,2106,210600,210.6,0.21059999999999998,158683.45183699526,1360.2167079883218,0.008571887567618456,8.571887567618456e+17,103,0.0006490909972503302,6.490909972503302e+26,1081.9033513290321,8.56194750925002,113.36014099843936,50.9381749835357,0.0,105.45309316806441,0.0068179973324527755,5.395614608916579e-05,0.0007143790967875248,0.00032100495920558264,0.0,0.000664550033083407,5375,2673,5452,0.198,0.40385185185185185,1,0,0
flow,0.2,1.0,0,registered,during_vibration,flow_dump_0.2_1.0.shear.wave,2107,210700,210.70000000000002,0.2107,158683.4518369953,1283.8614598468691,0.008090707915565718,8.090707915565718e+17,103,0.0006490909972503301,6.490909972503302e+26,1041.458800870218,7.5386672743625756,107.15922200120907,41.636631373560974,0.0,86.06813832751854,0.006563121666524105,4.750758309761585e-05,0.0006753018084789739,0.0002623879862175638,0.0,0.0005423888712474599,5389,2693,5418,0.19948148148148148,0.4013333333333333,1,0,0
flow,0.2,1.0,0,registered,during_vibration,flow_dump_0.2_1.0.shear.wave,2108,210800,210.8,0.2108,158683.45183699526,1177.6087893939095,0.0074211190628975425,7.421119062897542e+17,108,0.0006806002689615113,6.806002689615113e+26,904.7515686085824,3.7013933956884553,82.58866068194172,44.52645798879769,0.0,142.04070871889945,0.005701612601281022,2.3325642042943744e-05,0.0005204617099379678,0.00028059925262110316,0.0,0.000895119857014506,5368,2748,5384,0.20355555555555555,0.3988148148148148,1,0,0
flow,0.2,1.0,0,registered,during_vibration,flow_dump_0.2_1.0.shear.wave,2109,210900,210.9,0.2109,158683.45183699526,1226.9020987814354,0.007731758318704515,7.731758318704515e+17,106,0.0006679965602770389,6.679965602770389e+26,1001.4403851903852,16.361319461180308,99.64243947726204,24.665690114748955,0.0,84.79226453785913,0.006310931439902738,0.00010310665209115303,0.0006279321398907932,0.0001554395863538836,0.0,0.0005343485004659494,5368,2727,5405,0.202,0.4003703703703704,1,0,0
flow,0.2,1.0,0,registered,during_vibration,flow_dump_0.2_1.0.shear.wave,2110,211000,211.0,0.211,158683.45183699526,1216.7778427373166,0.007667956731790974,7.667956731790975e+17,106,0.0006679965602770389,6.679965602770389e+26,997.1640893033714,10.714620183295068,90.32214635396801,27.50284478480609,0.0,91.07414211187549,0.006283982846098473,6.752197572750982e-05,0.0005691970102008483,0.00017331892183097892,0.0,0.0005739359779331608,5347,2668,5485,0.19762962962962963,0.4062962962962963,1,0,0
flow,0.2,1.0,0,registered,during_vibration,flow_dump_0.2_1.0.shear.wave,2111,211100,211.1,0.21109999999999998,158683.45183699526,1153.974426131307,0.007272178748145122,7.272178748145123e+17,94,0.0005923743081702043,5.9237430817020434e+26,948.0572638866264,5.860202384017802,97.4991099158934,29.640430850890503,0.0,72.9174190938787,0.005974518785112523,3.6930141840105606e-05,0.0006144251891876389,0.0001867896778634366,0.0,0.00045951495414141746,5319,2663,5518,0.19725925925925927,0.40874074074074074,1,0,0
flow,0.2,1.0,0,registered,during_vibration,flow_dump_0.2_1.0.shear.wave,2112,211200,211.20000000000002,0.2112,158683.45183699526,1160.184806810238,0.007311315662593583,7.311315662593583e+17,102,0.000642789142908094,6.42789142908094e+26,943.9999062213502,9.939459184721693,112.46895918128293,26.14223621500126,0.0,67.63424600788224,0.005948949908091596,6.263702402271804e-05,0.0007087629987833555,0.00016474456480727057,0.0,0.00042622116688864517,5327,2673,5500,0.198,0.4074074074074074,1,0,0
flow,0.2,1.0,0,registered,during_vibration,flow_dump_0.2_1.0.shear.wave,2113,211300,211.3,0.2113,158683.45183699526,1250.8636910503747,0.007882760782991424,7.882760782991424e+17,100,0.0006301854342236216,6.301854342236216e+26,1025.5912313046392,8.004336279554712,100.94365802276447,39.31665233936067,0.0,77.00781310405593,0.006463126554356528,5.044216134003074e-05,0.0006361322296319659,0.00024776781626699174,0.0,0.0004852920213959098,5348,2717,5435,0.20125925925925925,0.4025925925925926,1,0,0
flow,0.2,1.0,0,registered,during_vibration,flow_dump_0.2_1.0.shear.wave,2114,211400,211.4,0.21139999999999998,158683.45183699526,1291.5052474540155,0.008138877951688946,8.138877951688946e+17,104,0.0006553928515925665,6.553928515925665e+26,1055.3981757396075,2.308754350021666,112.45107482027426,33.018483620759596,0.0,88.32875892335304,0.006650965576572827,1.4549433625840788e-05,0.000708650294145275,0.00020807767437953922,0.0,0.0005566349729654683,5352,2696,5452,0.19970370370370372,0.40385185185185185,1,0,0
flow,0.2,1.0,0,registered,during_vibration,flow_dump_0.2_1.0.shear.wave,2115,211500,211.5,0.2115,158683.45183699526,1123.3870409890333,0.007079421502268634,7.079421502268634e+17,95,0.0005986761625124405,5.986761625124405e+26,919.6504276190145,0.0,99.33043901597064,41.290792147783066,0.0,63.11538220626502,0.005795503040630279,0.0,0.0006259659584290242,0.0002602085577908798,0.0,0.0003977439454184496,5360,2679,5461,0.19844444444444445,0.4045185185185185,1,0,0
flow,0.2,1.0,0,registered,during_vibration,flow_dump_0.2_1.0.shear.wave,2116,211600,211.6,0.21159999999999998,158683.45183699526,1236.1682654500519,0.007790152351361021,7.790152351361021e+17,101,0.0006364872885658578,6.364872885658577e+26,1006.9388840931028,3.311091233459359,98.3251469005156,37.31167338945531,0.0,90.28146983351948,0.00634558217908861,2.086601466711613e-05,0.000619630753946028,0.0002351327309654384,0.0,0.0005689406726938327,5363,2680,5457,0.1985185185185185,0.4042222222222222,1,0,0
flow,0.2,1.0,0,registered,during_vibration,flow_dump_0.2_1.0.shear.wave,2117,211700,211.70000000000002,0.2117,158683.45183699526,1161.3977291184815,0.007318959322308583,7.318959322308584e+17,103,0.0006490909972503302,6.490909972503302e+26,933.6587728366801,6.341547047768769,106.31124313922163,29.29184101932153,0.0,85.79432507548948,0.00588378159176777,3.996350579947687e-05,0.000669957969205434,0.0001845929155197043,0.0,0.0005406633400161988,5386,2693,5421,0.19948148148148148,0.40155555555555555,1,0,0
flow,0.2,1.0,0,registered,during_vibration,flow_dump_0.2_1.0.shear.wave,2118,211800,211.8,0.2118,158683.4518369953,1261.4256118655771,0.007949320469543062,7.949320469543062e+17,105,0.0006616947059348026,6.616947059348026e+26,919.1756265603885,4.803416569282607,105.08493237615706,58.48925569524352,0.0,173.87238066450573,0.005792510913517278,3.027043156470298e-05,0.0006622299373982843,0.00036859076997723466,0.0,0.0010957184170855634,5379,2745,5376,0.20333333333333334,0.3982222222222222,1,0,0
flow,0.2,1.0,0,registered,during_vibration,flow_dump_0.2_1.0.shear.wave,2119,211900,211.9,0.21189999999999998,158683.45183699526,1264.4604628300895,0.007968445658271815,7.968445658271814e+17,117,0.0007373169580416372,7.373169580416372e+26,1007.9162526049124,10.38812552160269,106.6155638881873,49.0090877421191,0.0,90.53143307326809,0.006351741413088722,6.546445392600678e-05,0.0006718757542387359,0.00030884813239670896,0.0,0.0005705159046216419,5366,2734,5400,0.20251851851851851,0.4,1,0,0
flow,0.2,1.0,0,registered,during_vibration,flow_dump_0.2_1.0.shear.wave,2120,212000,212.0,0.212,158683.45183699526,1190.5990084210043,0.007502981531080039,7.502981531080038e+17,100,0.0006301854342236216,6.301854342236216e+26,995.7582595632707,0.0,84.6225735685036,22.091923301506498,0.0,88.12625198772326,0.006275123511846375,0.0,0.000533279132693878,0.00013922008278594817,0.0,0.0005553588037538369,5360,2667,5473,0.19755555555555557,0.4054074074074074,1,0,0
flow,0.2,1.0,0,registered,during_vibration,flow_dump_0.2_1.0.shear.wave,2121,212100,212.1,0.21209999999999998,158683.45183699526,1164.7347691554435,0.007339988862555728,7.339988862555727e+17,98,0.0006175817255391491,6.1758172553914915e+26,969.6254459278967,4.684228980780716,95.80688420396099,23.754466732475347,0.0,70.86374331032962,0.006110438326763444,2.9519328742561683e-05,0.0006037610292368539,0.0001496971893255555,0.0,0.00044657298848731333,5336,2662,5502,0.19718518518518519,0.40755555555555556,1,0,0
flow,0.2,1.0,0,registered,during_vibration,flow_dump_0.2_1.0.shear.wave,2122,212200,212.20000000000002,0.2122,158683.4518369953,1154.9904350031702,0.007278581488066023,7.278581488066022e+17,97,0.0006112798711969128,6.1127987119691286e+26,960.0590154640736,6.367572369289105,96.29276885212734,25.472736013405495,0.0,66.79834230427483,0.006050152075405297,4.012751358490789e-05,0.0006068230035167268,0.00016052547205471624,0.0,0.00042095342350437535,5336,2674,5490,0.19807407407407407,0.4066666666666667,1,0,0
flow,0.2,1.0,0,registered,during_vibration,flow_dump_0.2_1.0.shear.wave,2123,212300,212.3,0.2123,158683.45183699526,1315.6854210786053,0.008291257883841092,8.291257883841092e+17,109,0.0006869021233037475,6.869021233037475e+26,1045.5669172513715,6.059768319476591,135.28377561144708,38.27861370041605,0.0,90.49634619589473,0.0065890104175790895,3.818777729703901e-05,0.0008525386487711077,0.0002412262479627496,0.0,0.0005702947922311111,5368,2705,5427,0.20037037037037037,0.402,1,0,0
flow,0.2,1.0,0,registered,during_vibration,flow_dump_0.2_1.0.shear.wave,2124,212400,212.4,0.21239999999999998,158683.45183699526,1270.9591233134502,0.0080093992700576,8.0093992700576e+17,104,0.0006553928515925665,6.553928515925665e+26,1042.3709134984224,0.0,109.63134954370848,30.140467874094472,0.0,88.81639239722483,0.0065688696674507645,0.0,0.0006908807961672357,0.00018994083834939342,0.0,0.000559707968090207,5357,2702,5441,0.20014814814814816,0.403037037037037,1,0,0
flow,0.2,1.0,0,registered,during_vibration,flow_dump_0.2_1.0.shear.wave,2125,212500,212.5,0.2125,158683.45183699526,1179.0147266679494,0.007429979074812862,7.429979074812863e+17,98,0.0006175817255391491,6.1758172553914915e+26,931.9909316583788,2.9324019387246296,110.77001048382533,46.894692708570425,0.0,86.4266898784499,0.005873271099596131,1.8479569890733705e-05,0.0006980564715570459,0.0002955235228733376,0.0,0.0005446484108956124,5354,2674,5472,0.19807407407407407,0.4053333333333333,1,0,0
flow,0.2,1.0,0,registered,during_vibration,flow_dump_0.2_1.0.shear.wave,2126,212600,212.6,0.21259999999999998,158683.4518369953,1144.6368673363797,0.007213334812707423,7.213334812707423e+17,92,0.0005797705994857317,5.797705994857318e+26,967.089639860683,7.61153605208698,93.64434695051982,24.23983714165634,0.0,52.0515073314336,0.006094458046287702,4.7966791520931834e-05,0.000590133034456008,0.00015275592294624569,0.0,0.000328021017496535,5369,2676,5455,0.19822222222222222,0.4040740740740741,1,0,0
flow,0.2,1.0,0,registered,during_vibration,flow_dump_0.2_1.0.shear.wave,2127,212700,212.70000000000002,0.2127,158683.45183699526,1179.1926190967652,0.007431100126987846,7.431100126987846e+17,100,0.0006301854342236216,6.301854342236216e+26,944.6268686684701,10.8327354314191,103.82129701148574,39.35507764241078,0.0,80.55664034297949,0.005952900934111398,6.826632081678456e-05,0.0006542666913884273,0.00024800996692986977,0.0,0.0005076562137413664,5392,2708,5400,0.2005925925925926,0.4,1,0,0
flow,0.2,1.0,0,registered,during_vibration,flow_dump_0.2_1.0.shear.wave,2128,212800,212.8,0.2128,158683.45183699526,1146.8793393803114,0.007227466544894819,7.227466544894819e+17,103,0.0006490909972503302,6.490909972503302e+26,902.9888327434157,2.935257004123909,92.03975639402232,27.827428630741128,0.0,121.08806460800909,0.005690504096614907,1.8497562097017524e-05,0.000580021138490033,0.0001753644019499044,0.0,0.0007630793457429616,5377,2746,5377,0.2034074074074074,0.3982962962962963,1,0,0
flow,0.2,1.0,0,registered,during_vibration,flow_dump_0.2_1.0.shear.wave,2129,212900,212.9,0.21289999999999998,158683.45183699526,1183.4913221326972,0.007458189927380818,7.458189927380818e+17,115,0.0007247132493571648,7.247132493571648e+26,952.3575841600981,12.740866022736968,108.63639797243367,26.48305948239954,0.0,83.27341449502875,0.006001618777100906,8.029108186923483e-05,0.0006846107562874827,0.00016689238339485953,0.0,0.0005247769287283332,5364,2740,5396,0.20296296296296296,0.3997037037037037,1,0,0
flow,0.2,1.0,0,registered,during_vibration,flow_dump_0.2_1.0.shear.wave,2130,213000,213.0,0.213,158683.4518369953,1153.7289481932214,0.007270631781935074,7.270631781935073e+17,95,0.0005986761625124404,5.986761625124404e+26,977.2464375679357,7.917765503932004,85.18294296628312,11.90353244767383,0.0,71.47826970739703,0.006158464706022367,4.989660492176201e-05,0.0005368104990165311,7.5014327643323e-05,0.0,0.0004504456443310913,5361,2680,5459,0.1985185185185185,0.4043703703703704,1,0,0
flow,0.2,1.0,0,registered,during_vibration,flow_dump_0.2_1.0.shear.wave,2131,213100,213.1,0.21309999999999998,158683.45183699526,1153.355891157017,0.007268280830831568,7.268280830831567e+17,99,0.0006238835798813854,6.238835798813854e+26,968.8801758248146,5.95841227066944,92.90618938358398,24.054388632816995,0.0,61.55672504513188,0.006105741743128197,3.754904624075176e-05,0.0005854812729875589,0.00015158725345555525,0.0,0.0003879215150195051,5329,2666,5505,0.19748148148148148,0.4077777777777778,1,0,0
flow,0.2,1.0,0,registered,during_vibration,flow_dump_0.2_1.0.shear.wave,2132,213200,213.20000000000002,0.2132,158683.45183699526,1309.5694312064006,0.008252715806507866,8.252715806507867e+17,104,0.0006553928515925665,6.553928515925665e+26,1046.5266464596357,11.457116696697222,128.02010859614867,27.26370151362219,0.0,96.3018579402967,0.006595058491257561,7.220108060458844e-05,0.0008067640772501914,0.0001718118757690521,0.0,0.000606880281626474,5321,2675,5504,0.19814814814814816,0.4077037037037037,1,0,0
flow,0.2,1.0,0,registered,during_vibration,flow_dump_0.2_1.0.shear.wave,2133,213300,213.3,0.2133,158683.45183699526,1365.2791364573727,0.008603790254448405,8.603790254448404e+17,106,0.0006679965602770389,6.679965602770389e+26,1095.1073485856189,6.352779314055947,138.4586472285438,34.83412884804119,0.0,90.52623248111296,0.0069012069998990715,4.003428990555188e-05,0.0008725462272573513,0.0002195196061390442,0.0,0.0005704831312473869,5338,2717,5445,0.20125925925925925,0.4033333333333333,1,0,0
flow,0.2,1.0,0,registered,during_vibration,flow_dump_0.2_1.0.shear.wave,2134,213400,213.4,0.21339999999999998,158683.45183699526,1230.8684895947051,0.0077567539358741255,7.756753935874126e+17,98,0.0006175817255391491,6.1758172553914915e+26,992.5416068718971,0.0,114.69880663560885,35.50507130744683,0.0,88.1230047797525,0.006254852635115776,0.0,0.0007228151726459237,0.00022374778779024032,0.0,0.0005553383403221862,5342,2699,5459,0.19992592592592592,0.4043703703703704,1,0,0
flow,0.2,1.0,0,registered,during_vibration,flow_dump_0.2_1.0.shear.wave,2135,213500,213.5,0.2135,158683.45183699526,1158.4928466181693,0.007300653175910305,7.300653175910305e+17,101,0.0006364872885658578,6.364872885658577e+26,919.3907822943316,4.27927776372851,94.64150912507768,42.23703937858383,0.0,97.94423805644782,0.005793866793613486,2.6967385156987397e-05,0.0005964170052356593,0.00026617167001113056,0.0,0.0006172303218930433,5352,2678,5470,0.19837037037037036,0.4051851851851852,1,0,0
flow,0.2,1.0,0,registered,during_vibration,flow_dump_0.2_1.0.shear.wave,2136,213600,213.6,0.21359999999999998,158683.45183699526,1185.614908594833,0.0074715724599483425,7.471572459948343e+17,103,0.0006490909972503302,6.490909972503302e+26,964.540129107692,0.0,98.11761146013266,43.10942197865623,0.0,79.84774604835198,0.006078391400878389,0.0,0.000618322895829883,0.0002716692980874881,0.0,0.0005031888651525815,5359,2681,5460,0.1985925925925926,0.40444444444444444,1,0,0
flow,0.2,1.0,0,registered,during_vibration,flow_dump_0.2_1.0.shear.wave,2137,213700,213.70000000000002,0.2137,158683.4518369953,1263.2789255128557,0.00796099978219869,7.960999782198689e+17,103,0.0006490909972503301,6.490909972503302e+26,1003.9339631358405,4.986617948413626,104.8345763744267,37.01764097652594,0.0,112.5061270776494,0.006326645604906009,3.142493997128345e-05,0.0006606522303416751,0.00023327978152726123,0.0,0.0007089972254524643,5386,2707,5407,0.2005185185185185,0.4005185185185185,1,0,0
flow,0.2,1.0,0,registered,during_vibration,flow_dump_0.2_1.0.shear.wave,2138,213800,213.8,0.2138,158683.45183699526,1244.7681377874367,0.007844347494193046,7.844347494193046e+17,106,0.0006679965602770389,6.679965602770389e+26,848.7692141698806,6.653861454427638,102.06164830826624,39.0190655436581,0.0,248.26434831120432,0.005348819957872883,4.1931665699222996e-05,0.0006431776415672331,0.00024589246762630134,0.0,0.0015645257614274072,5389,2743,5368,0.2031851851851852,0.3976296296296296,1,0,0
flow,0.2,1.0,0,registered,during_vibration,flow_dump_0.2_1.0.shear.wave,2139,213900,213.9,0.21389999999999998,158683.45183699526,1164.721943371983,0.0073399080363365345,7.339908036336535e+17,109,0.0006869021233037475,6.869021233037475e+26,936.0380359039002,13.709799433679198,103.86011094737168,31.97998767061061,0.0,79.13400941642082,0.005898775361059252,8.639715909231886e-05,0.0006545112911588293,0.0002015332241666981,0.0,0.0004986910008594332,5375,2738,5387,0.2028148148148148,0.399037037037037,1,0,0
flow,0.2,1.0,0,registered,during_vibration,flow_dump_0.2_1.0.shear.wave,2140,214000,214.0,0.214,158683.45183699526,1147.643370241588,0.007232281356095556,7.232281356095556e+17,102,0.000642789142908094,6.42789142908094e+26,958.2807226112784,4.311222886592998,92.52755112764365,30.769566911612173,0.0,61.75430670446085,0.006038945532869143,2.716869866822424e-05,0.0005830951498502246,0.00019390532885067097,0.0,0.0003891666458572937,5356,2673,5471,0.198,0.40525925925925926,1,0,0
flow,0.2,1.0,0,registered,during_vibration,flow_dump_0.2_1.0.shear.wave,2141,214100,214.1,0.21409999999999998,158683.4518369953,1131.1353987191308,0.007128250524075247,7.128250524075247e+17,93,0.000586072453827968,5.8607245382796806e+26,965.244778866543,4.847757337180328,83.0576445633927,22.53666617966482,0.0,55.44855177234976,0.006082832001020959,3.054986062541732e-05,0.0005234171780477284,0.0001420227876238488,0.0,0.0003494286967572919,5330,2669,5501,0.19770370370370371,0.4074814814814815,1,0,0
flow,0.2,1.0,0,registered,during_vibration,flow_dump_0.2_1.0.shear.wave,2142,214200,214.20000000000002,0.2142,158683.45183699526,1189.7750194182647,0.00749778887240517,7.49778887240517e+17,97,0.000611279871196913,6.112798711969129e+26,994.7522387698745,7.125522500796675,103.00351359774098,22.865691116604996,0.0,62.02805343324728,0.00626878371534113,4.490400491234739e-05,0.0006491131394315111,0.00014409625485140926,0.0,0.0003908917578687694,5323,2670,5507,0.19777777777777777,0.4079259259259259,1,0,0
flow,0.2,1.0,0,registered,during_vibration,flow_dump_0.2_1.0.shear.wave,2143,214300,214.3,0.2143,158683.45183699526,1368.4343130671787,0.008623673717867434,8.623673717867434e+17,104,0.0006553928515925665,6.553928515925665e+26,1086.6830666577844,5.009577836090208,143.0303919506555,34.890401308293335,0.0,98.82087531435548,0.006848118402251926,3.1569629839135384e-05,0.0009013566965859863,0.0002198742269870325,0.0,0.0006227547622033548,5356,2714,5430,0.20103703703703704,0.4022222222222222,1,0,0
flow,0.2,1.0,0,registered,during_vibration,flow_dump_0.2_1.0.shear.wave,2144,214400,214.4,0.21439999999999998,158683.45183699526,1292.7860535254488,0.00814694940499177,8.14694940499177e+17,101,0.0006364872885658578,6.364872885658577e+26,1032.4691311396339,0.0,123.18821736454483,35.57583363345051,0.0,101.55287138781955,0.006506470077297155,0.0,0.0007763142025110956,0.00022419372166163328,0.0,0.0006399714035218866,5364,2712,5424,0.2008888888888889,0.4017777777777778,1,0,0
flow,0.2,1.0,0,registered,during_vibration,flow_dump_0.2_1.0.shear.wave,2145,214500,214.5,0.2145,158683.4518369953,1180.1502210011572,0.007437134794707171,7.437134794707172e+17,100,0.0006301854342236215,6.301854342236214e+26,953.3207950264866,4.583311999352818,93.85277816303426,38.24099310635627,0.0,90.15234270592717,0.006007688791681745,2.8883364624944907e-05,0.0005914465375976497,0.00024098916845871642,0.0,0.0005681269323441145,5356,2686,5458,0.19896296296296295,0.4042962962962963,1,0,0
flow,0.2,1.0,0,registered,during_vibration,flow_dump_0.2_1.0.shear.wave,2146,214600,214.6,0.21459999999999999,158683.45183699526,1219.1583188167574,0.007682958145308788,7.682958145308787e+17,102,0.000642789142908094,6.42789142908094e+26,982.3262524504328,4.60577777660706,106.4408611595565,43.61822465456642,0.0,82.16720277559432,0.006190476959497389,2.9024940680886266e-05,0.0006707748030897134,0.00027487569844001416,0.0,0.0005178057436007827,5366,2679,5455,0.19844444444444445,0.4040740740740741,1,0,0
flow,0.2,1.0,0,registered,during_vibration,flow_dump_0.2_1.0.shear.wave,2147,214700,214.70000000000002,0.2147,158683.45183699526,1240.7863498200852,0.00781925484640113,7.819254846401129e+17,101,0.0006364872885658578,6.364872885658577e+26,964.655409605704,8.75940245918045,113.96874617459221,51.32426243838126,0.0,102.07852914222727,0.006079117881785361,5.5200478422780904e-05,0.0007182144379595711,0.0003234380261093841,0.0,0.0006432840221240311,5396,2707,5397,0.2005185185185185,0.3997777777777778,1,0,0
flow,0.2,1.0,0,registered,during_vibration,flow_dump_0.2_1.0.shear.wave,2148,214800,214.8,0.2148,158683.45183699526,1231.6993893161407,0.007761990144891617,7.761990144891617e+17,102,0.000642789142908094,6.42789142908094e+26,963.7039406523804,10.478792293536845,106.32222679363637,27.372904578827132,0.0,123.82152499776026,0.006073121863030356,6.603582271641656e-05,0.0006700271865957011,0.00017250005757969936,0.0,0.0007803052149694457,5383,2745,5372,0.20333333333333334,0.3979259259259259,1,0,0
flow,0.2,1.0,0,registered,during_vibration,flow_dump_0.2_1.0.shear.wave,2149,214900,214.9,0.21489999999999998,158683.4518369953,1337.5719463620642,0.00842918357823512,8.429183578235119e+17,115,0.0007247132493571647,7.247132493571647e+26,1084.263614544783,6.888359885842506,102.72202111487668,27.15556418934878,0.0,116.54238662721336,0.006832871367447774,4.340944065748236e-05,0.0006473392148060658,0.00017113041010252187,0.0,0.0007344331452212762,5377,2734,5389,0.20251851851851851,0.3991851851851852,1,0,0
flow,0.2,1.0,0,registered,during_vibration,flow_dump_0.2_1.0.shear.wave,2150,215000,215.0,0.215,158683.45183699526,1183.210420055864,0.007456419723408184,7.456419723408184e+17,104,0.0006553928515925665,6.553928515925665e+26,954.9902966201821,0.0,104.46355012863121,16.020380231475876,0.0,107.73619307557463,0.006018209747549346,0.0,0.0006583140769835253,0.00010095810272600148,0.0,0.0006789377961493094,5372,2668,5460,0.19762962962962963,0.40444444444444444,1,0,0
flow,0.2,1.0,0,registered,during_vibration,flow_dump_0.2_1.0.shear.wave,2151,215100,215.1,0.21509999999999999,158683.45183699526,1214.0130009300988,0.007650533101442562,7.650533101442563e+17,91,0.0005734687451434957,5.734687451434957e+26,1005.6826937766998,0.0,92.0551744277842,29.809498902299325,0.0,86.46563382331594,0.00633766585068851,0.0,0.000580118300693044,0.00018785512009734072,0.0,0.0005448938299636702,5343,2661,5496,0.1971111111111111,0.4071111111111111,1,0,0
flow,0.2,1.0,0,registered,during_vibration,flow_dump_0.2_1.0.shear.wave,2152,215200,215.20000000000002,0.2152,158683.45183699526,1180.652690894143,0.007440301286784128,7.440301286784128e+17,98,0.0006175817255391491,6.1758172553914915e+26,967.1725978115257,5.532908566005378,109.19949867858189,17.5862492270309,0.0,81.16143661099912,0.006094980835210445,3.4867583871876944e-05,0.0006881593349176392,0.00011082598105501298,0.0,0.0005114675517291542,5330,2668,5502,0.19762962962962963,0.40755555555555556,1,0,0
flow,0.2,1.0,0,registered,during_vibration,flow_dump_0.2_1.0.shear.wave,2153,215300,215.3,0.2153,158683.45183699526,1278.2884225530065,0.008055587446295948,8.055587446295948e+17,105,0.0006616947059348027,6.616947059348027e+26,1035.0075452289038,0.0,126.06588982308608,35.9323100886558,0.0,81.28267741236124,0.0065224667931480145,0.0,0.0007944488751894874,0.00022644018435877372,0.0,0.0005122315935996742,5347,2691,5462,0.19933333333333333,0.4045925925925926,1,0,0
flow,0.2,1.0,0,registered,during_vibration,flow_dump_0.2_1.0.shear.wave,2154,215400,215.4,0.21539999999999998,158683.45183699526,1320.4300579830385,0.00832115789451963,8.321157894519629e+17,101,0.0006364872885658578,6.364872885658577e+26,1024.9484866608411,0.0,138.24219996768198,36.33497058925288,0.0,120.90440076526274,0.0064590760712320595,0.0,0.000871182208146624,0.00022897769218290848,0.0,0.0007619219229580386,5356,2691,5453,0.19933333333333333,0.4039259259259259,1,0,0
flow,0.2,1.0,0,registered,during_vibration,flow_dump_0.2_1.0.shear.wave,2155,215500,215.5,0.2155,158683.45183699526,1242.868685185519,0.00783237742056578,7.83237742056578e+17,93,0.0005860724538279681,5.860724538279681e+26,1003.625087835858,0.0,93.714806229339,33.059941521339915,0.0,112.4688495989821,0.006324699117755605,0.0,0.0005905770585681856,0.0002083389360303313,0.0,0.0007087623082116573,5350,2675,5475,0.19814814814814816,0.40555555555555556,1,0,0
flow,0.2,1.0,0,registered,during_vibration,flow_dump_0.2_1.0.shear.wave,2156,215600,215.6,0.21559999999999999,158683.45183699526,1144.0797345812898,0.007209823843235558,7.209823843235558e+17,98,0.0006175817255391491,6.1758172553914915e+26,931.575290140819,6.966453143853199,82.25728357744575,34.02569997328578,0.0,89.25500774588639,0.005870651787293883,4.390157299457642e-05,0.0005183734196930823,0.0002144250051242777,0.0,0.0005624720581297412,5359,2674,5467,0.19807407407407407,0.40496296296296297,1,0,0
flow,0.2,1.0,0,registered,during_vibration,flow_dump_0.2_1.0.shear.wave,2157,215700,215.70000000000002,0.2157,158683.45183699526,1144.3529532371742,0.007211545627408524,7.211545627408525e+17,98,0.0006175817255391491,6.1758172553914915e+26,909.8714417906635,11.842596611609045,106.08198661263211,27.713142278959285,0.0,88.84378594331018,0.00573387729632522,7.463031888022036e-05,0.0006685132279678598,0.00017464418600766964,0.0,0.0005598805982275541,5394,2709,5397,0.20066666666666666,0.3997777777777778,1,0,0
flow,0.2,1.0,0,registered,during_vibration,flow_dump_0.2_1.0.shear.wave,2158,215800,215.8,0.2158,158683.45183699526,1179.3955186730655,0.0074323787705637915,7.432378770563791e+17,105,0.0006616947059348027,6.616947059348027e+26,940.9516228761237,8.125734249573814,91.96305043850501,39.026892513557584,0.0,99.32821859530547,0.005929740070456114,5.120719366453428e-05,0.0005795377487311809,0.0002459417920505489,0.0,0.0006259519656614138,5387,2730,5383,0.20222222222222222,0.39874074074074073,1,0,0
flow,0.2,1.0,0,registered,during_vibration,flow_dump_0.2_1.0.shear.wave,2159,215900,215.9,0.21589999999999998,158683.45183699526,1340.3876979232637,0.008446928034437725,8.446928034437724e+17,111,0.00069950583198822,6.995058319882199e+26,1095.8309151869407,2.464785706420699,90.6822658503414,24.283916890314845,0.0,127.12581428924584,0.006905766811227509,1.553272050668904e-05,0.0005714664308127928,0.000153033707101734,0.0,0.0008011283647889987,5385,2725,5390,0.20185185185185187,0.39925925925925926,1,0,0
flow,0.2,1.0,0,registered,during_vibration,flow_dump_0.2_1.0.shear.wave,2160,216000,216.0,0.216,158683.4518369953,1206.5958904813415,0.007603791551754214,7.603791551754214e+17,102,0.0006427891429080939,6.427891429080939e+26,988.2653020121309,4.006840182031555,103.7202294774404,19.62008454739914,0.0,90.98343426233922,0.006227903984766531,2.5250523199782097e-05,0.0006536297785101445,0.00012364291500006894,0.0,0.0005733643502776856,5377,2665,5458,0.19740740740740742,0.4042962962962963,1,0,0
flow,0.2,1.0,0,registered,during_vibration,flow_dump_0.2_1.0.shear.wave,2161,216100,216.1,0.2161,158683.45183699526,1136.9513419130747,0.007164901750946202,7.164901750946203e+17,91,0.0005734687451434957,5.734687451434957e+26,946.6506427325928,6.6598713507594125,86.55602001552342,22.46525980134279,0.0,74.61954801285637,0.005965654463485095,4.196953919051778e-05,0.000545463430581511,0.00014157279502855676,0.0,0.0004702415226605227,5360,2657,5483,0.1968148148148148,0.40614814814814815,1,0,0
flow,0.2,1.0,0,registered,during_vibration,flow_dump_0.2_1.0.shear.wave,2162,216200,216.20000000000002,0.2162,158683.45183699526,1194.7907910064496,0.0075293975343678375,7.529397534367837e+17,101,0.0006364872885658578,6.364872885658577e+26,993.2336610242846,14.23194254777136,103.8582046462463,24.440392491259693,0.0,59.02659029688665,0.006259213859581062,8.96876289431293e-05,0.0006544992779268048,0.0001540197935470023,0.0,0.00037197697436983323,5336,2660,5504,0.19703703703703704,0.4077037037037037,1,0,0
flow,0.2,1.0,0,registered,during_vibration,flow_dump_0.2_1.0.shear.wave,2163,216300,216.3,0.2163,158683.45183699526,1340.6955074667253,0.00844886780534577,8.44886780534577e+17,105,0.0006616947059348027,6.616947059348027e+26,1081.8835389361975,3.912878152283671,118.90980555633674,32.71751006649608,0.0,103.27177475541129,0.0068178724776389605,2.4658388174610074e-05,0.0007493522744796648,0.00020618098287970545,0.0,0.000650803682172829,5354,2693,5453,0.19948148148148148,0.4039259259259259,1,0,0
flow,0.2,1.0,0,registered,during_vibration,flow_dump_0.2_1.0.shear.wave,2164,216400,216.4,0.21639999999999998,158683.4518369953,1291.1026404209338,0.008136340780809303,8.136340780809303e+17,96,0.0006049780168546767,6.0497801685467664e+26,1027.2295399529435,0.0,111.09781551008022,38.854220598909336,0.0,113.92106435900044,0.006473450936825766,0.0,0.000700122251085157,0.0002448536387954406,0.0,0.0007179139541029382,5363,2696,5441,0.19970370370370372,0.403037037037037,1,0,0
flow,0.2,1.0,0,registered,during_vibration,flow_dump_0.2_1.0.shear.wave,2165,216500,216.5,0.2165,158683.45183699526,1204.6368932459181,0.007591446236519734,7.591446236519734e+17,99,0.0006238835798813854,6.238835798813854e+26,965.0399525270893,9.90312742068771,103.15362984945548,43.650827281196044,0.0,82.8893561674902,0.006081541215264269,6.240806653777939e-05,0.0006500591501842184,0.0002750811554442084,0.0,0.0005223566490892625,5359,2673,5468,0.198,0.40503703703703703,1,0,0
flow,0.2,1.0,0,registered,during_vibration,flow_dump_0.2_1.0.shear.wave,2166,216600,216.6,0.2166,158683.45183699526,1176.0514677062736,0.007411305048458055,7.411305048458056e+17,99,0.0006238835798813854,6.238835798813854e+26,929.57180371559,3.8164354352813756,104.0213420867218,43.455628947007334,0.0,95.186257521673,0.005858026107665442,2.40506202196921e-05,0.0006555273463144467,0.000273851043974304,0.0,0.0005998499302841696,5355,2682,5463,0.19866666666666666,0.4046666666666667,1,0,0
flow,0.2,1.0,0,registered,during_vibration,flow_dump_0.2_1.0.shear.wave,2167,216700,216.70000000000002,0.2167,158683.45183699526,1179.2090159292725,0.007431203457437981,7.43120345743798e+17,103,0.0006490909972503302,6.490909972503302e+26,944.3628123824951,10.040420562938628,108.78099198749109,30.50234653774411,0.0,85.52244445860339,0.0059512368898590315,6.327326792243259e-05,0.0006855219667091338,0.00019222134497727652,0.0,0.0005389499879701054,5386,2700,5414,0.2,0.401037037037037,1,0,0
flow,0.2,1.0,0,registered,during_vibration,flow_dump_0.2_1.0.shear.wave,2168,216800,216.8,0.2168,158683.4518369953,1189.4031629318067,0.007495445486991294,7.495445486991295e+17,107,0.0006742984146192749,6.742984146192749e+26,984.1419680370333,8.371792471252936,86.99068220198153,36.75223476570654,0.0,73.14648545583277,0.006201919334651073,5.275781673726577e-05,0.0005482026083686479,0.00023160723024515253,0.0,0.0004609584969891579,5382,2734,5384,0.20251851851851851,0.3988148148148148,1,0,0
flow,0.2,1.0,0,registered,during_vibration,flow_dump_0.2_1.0.shear.wave,2169,216900,216.9,0.21689999999999998,158683.45183699526,1296.310161107763,0.008169157817661884,8.169157817661884e+17,115,0.0007247132493571648,7.247132493571648e+26,1029.6014825995346,14.525897625536656,109.76057049639519,41.20429577256993,2.8877188000752634,98.33019581365197,0.006488398573892723,9.154009102636691e-05,0.0006916951277890323,0.00025966347023315513,1.8197983259411454e-05,0.0006196625714612001,5389,2726,5385,0.20192592592592593,0.3988888888888889,1,0,0
flow,0.2,1.0,0,registered,during_vibration,flow_dump_0.2_1.0.shear.wave,2170,217000,217.0,0.217,158683.45183699526,1208.8684285539132,0.007618112755674748,7.618112755674748e+17,102,0.000642789142908094,6.42789142908094e+26,1009.0624561710077,5.482364649141365,96.99119157283636,22.313382530942693,0.0,75.0190336299852,0.006358964621008807,3.454906346991384e-05,0.0006112243617719435,0.00014061568659259893,0.0,0.000472759022831487,5375,2672,5453,0.19792592592592592,0.4039259259259259,1,0,0
flow,0.2,1.0,0,registered,during_vibration,flow_dump_0.2_1.0.shear.wave,2171,217100,217.1,0.2171,158683.45183699526,1175.7469265439768,0.0074093858744120455,7.409385874412046e+17,95,0.0005986761625124405,5.986761625124405e+26,970.539200729121,2.2164333798575364,96.51408894557133,37.55009701820231,0.0,68.92710647122415,0.006116196676425278,1.3967640319132508e-05,0.000608217730508621,0.0002366352419455494,0.0,0.00043436858521346186,5352,2651,5497,0.19637037037037036,0.4071851851851852,1,0,0
flow,0.2,1.0,0,registered,during_vibration,flow_dump_0.2_1.0.shear.wave,2172,217200,217.20000000000002,0.21719999999999998,158683.45183699526,1368.337458869264,0.00862306335681974,8.62306335681974e+17,100,0.0006301854342236216,6.301854342236216e+26,1086.337565862001,11.41377976734632,133.0363678094712,39.182918895417565,0.0,98.36682653502822,0.006845941106561772,7.192797758817928e-05,0.0008383758121554503,0.00024692504758257666,0.0,0.0006198934129317642,5323,2662,5515,0.19718518518518519,0.4085185185185185,1,0,0
flow,0.2,1.0,0,registered,during_vibration,flow_dump_0.2_1.0.shear.wave,2173,217300,217.3,0.2173,158683.45183699526,1316.0994040467658,0.008293866744206606,8.293866744206606e+17,106,0.0006679965602770389,6.679965602770389e+26,1083.909596341286,3.4790421035154298,106.71309991072914,35.8878562378283,0.0,86.10980945340616,0.006830640396294838,2.192441658686133e-05,0.0006724904120459156,0.00022616004266590736,0.0,0.0005426514766130807,5341,2706,5453,0.20044444444444445,0.4039259259259259,1,0,0
flow,0.2,1.0,0,registered,during_vibration,flow_dump_0.2_1.0.shear.wave,2174,217400,217.4,0.21739999999999998,158683.45183699526,1287.346204484082,0.008112668268689322,8.112668268689322e+17,100,0.0006301854342236216,6.301854342236216e+26,1027.5084391748544,0.0,119.6030929919801,47.22085278206244,0.0,93.01381953518425,0.006475208519098413,0.0,0.0007537212709163918,0.00029757893614873725,0.0,0.0005861595425257766,5372,2704,5424,0.2002962962962963,0.4017777777777778,1,0,0
flow,0.2,1.0,0,registered,during_vibration,flow_dump_0.2_1.0.shear.wave,2175,217500,217.5,0.2175,158683.45183699526,1269.020956767023,0.007997185226791022,7.997185226791022e+17,99,0.0006238835798813854,6.238835798813854e+26,1002.0645991817486,2.910144481006022,100.28728934309844,50.441154322519104,0.0,113.31776943865076,0.006314865145554695,1.833930663416256e-05,0.0006319958898179047,0.0003178728073947741,0.0,0.0007141120773894836,5361,2677,5462,0.1982962962962963,0.4045925925925926,1,0,0
flow,0.2,1.0,0,registered,during_vibration,flow_dump_0.2_1.0.shear.wave,2176,217600,217.6,0.2176,158683.45183699526,1182.6537775997956,0.007452911843729336,7.452911843729336e+17,97,0.000611279871196913,6.112798711969129e+26,945.0042179246777,9.722064816627729,102.37078436554748,46.087465686812926,0.0,79.46924480612934,0.00595527893416017,6.126703638016739e-05,0.0006451257719721527,0.0002904364957611046,0.0,0.000500803605455739,5358,2675,5467,0.19814814814814816,0.40496296296296297,1,0,0
flow,0.2,1.0,0,registered,during_vibration,flow_dump_0.2_1.0.shear.wave,2177,217700,217.70000000000002,0.21769999999999998,158683.45183699526,1170.7372392137092,0.007377815554556553,7.377815554556553e+17,103,0.0006490909972503302,6.490909972503302e+26,956.498918215228,12.059678022961716,102.71281698615373,29.54203294068104,0.0,69.92379304868494,0.006027716861098878,7.599833431497196e-05,0.0006472812117275066,0.00018616958856571613,0.0,0.00044064955884948176,5391,2698,5411,0.19985185185185186,0.4008148148148148,1,0,0
flow,0.2,1.0,0,registered,during_vibration,flow_dump_0.2_1.0.shear.wave,2178,217800,217.8,0.2178,158683.45183699526,1280.799261571547,0.008071410388067593,8.071410388067593e+17,108,0.0006806002689615113,6.806002689615113e+26,1017.6338257507376,7.241863235508505,102.03322300630107,49.31901298431678,0.0,104.57133659468306,0.0064129801436137385,4.563716727657008e-05,0.0006429985094546145,0.000310801236130021,0.0,0.0006589933315926484,5382,2736,5382,0.20266666666666666,0.39866666666666667,1,0,0
flow,0.2,1.0,0,registered,during_vibration,flow_dump_0.2_1.0.shear.wave,2179,217900,217.9,0.21789999999999998,158683.4518369953,1255.6271653248493,0.007912779504032151,7.912779504032151e+17,114,0.0007184113950149285,7.184113950149285e+26,991.9524299899051,16.971990852255818,113.12984758674665,34.18007755987349,0.0,99.39281933606779,0.006251139728223648,0.00010695501424868164,0.0007129278212510606,0.00021539787018865934,0.0,0.0006263590701200984,5383,2717,5400,0.20125925925925925,0.4,1,0,0
flow,0.2,1.0,0,registered,during_vibration,flow_dump_0.2_1.0.shear.wave,2180,218000,218.0,0.218,158683.45183699526,1215.1252702137012,0.007657542460457169,7.657542460457169e+17,103,0.0006490909972503302,6.490909972503302e+26,1016.9561177939562,6.162363677771853,91.2395299824675,27.152429103978964,0.0,73.61482965552689,0.006408709326783528,3.8834318301205286e-05,0.0005749782282036042,0.00017111065325117083,0.0,0.0004639099339176615,5379,2671,5450,0.19785185185185186,0.40370370370370373,1,0,0
flow,0.2,1.0,0,registered,during_vibration,flow_dump_0.2_1.0.shear.wave,2181,218100,218.1,0.2181,158683.45183699526,1176.2186335854476,0.007412358503479602,7.412358503479602e+17,96,0.0006049780168546768,6.049780168546768e+26,980.0247432887481,0.0,94.66938841887284,22.243577956783824,0.0,79.28092392104304,0.00617597318399313,0.0,0.0005965926964843208,0.0001401757883338279,0.0,0.0004996168346683242,5360,2651,5489,0.19637037037037036,0.4065925925925926,1,0,0
flow,0.2,1.0,0,registered,during_vibration,flow_dump_0.2_1.0.shear.wave,2182,218200,218.20000000000002,0.21819999999999998,158683.45183699526,1299.9405922903863,0.008192036266174289,8.192036266174289e+17,102,0.000642789142908094,6.42789142908094e+26,1057.756481220193,11.73523773023944,108.72113617502123,34.81566793782614,0.0,86.91206922710626,0.006665827274205975,7.395375884748369e-05,0.0006851447640974125,0.00021940326817184388,0.0,0.0005477072008515742,5328,2666,5506,0.19748148148148148,0.40785185185185185,1,0,0
flow,0.2,1.0,0,registered,during_vibration,flow_dump_0.2_1.0.shear.wave,2183,218300,218.3,0.2183,158683.4518369953,1233.5577441649125,0.007773701226464764,7.773701226464764e+17,104,0.0006553928515925663,6.553928515925663e+26,991.0966300394476,7.2901976953699235,116.6525074651738,29.955450175675743,0.0,88.56295878924423,0.006245746601589773,4.59417640023274e-05,0.000735127110702148,0.00018877488376322277,0.0,0.0005581108664072858,5340,2700,5460,0.2,0.40444444444444444,1,0,0
flow,0.2,1.0,0,registered,during_vibration,flow_dump_0.2_1.0.shear.wave,2184,218400,218.4,0.21839999999999998,158683.45183699526,1309.4264208293105,0.008251814575942018,8.251814575942017e+17,106,0.0006679965602770389,6.679965602770389e+26,1040.40994204272,6.4020182390048745,110.67230758984365,38.57696176645425,0.0,113.3651911912869,0.006556511910967645,4.034458643854832e-05,0.0006974407621503584,0.0002431063940182102,0.0,0.0007144109223672501,5354,2695,5451,0.19962962962962963,0.4037777777777778,1,0,0
flow,0.2,1.0,0,registered,during_vibration,flow_dump_0.2_1.0.shear.wave,2185,218500,218.5,0.2185,158683.45183699526,1113.6126947557689,0.007017824996016016,7.017824996016015e+17,96,0.0006049780168546768,6.049780168546768e+26,867.7716084845379,0.0,101.69234365954509,41.185550705804054,0.0,102.96319190588214,0.0054685702789975905,0.0,0.0006408503374630818,0.00025954534155276114,0.0,0.0006488590380025842,5366,2681,5453,0.1985925925925926,0.4039259259259259,1,0,0
flow,0.2,1.0,0,registered,during_vibration,flow_dump_0.2_1.0.shear.wave,2186,218600,218.6,0.2186,158683.45183699526,1169.206029910157,0.007368166096558089,7.368166096558089e+17,100,0.0006301854342236216,6.301854342236216e+26,905.5056133398112,6.49862925597875,97.4166090487839,44.410016273999965,0.0,115.37516199158247,0.005706364481344758,4.0953414995373e-05,0.0006139052807400066,0.0002798654538950877,0.0,0.0007270774655828608,5370,2674,5456,0.19807407407407407,0.40414814814814815,1,0,0
flow,0.2,1.0,0,registered,during_vibration,flow_dump_0.2_1.0.shear.wave,2187,218700,218.70000000000002,0.21869999999999998,158683.4518369953,1179.0841137476468,0.007430416342082347,7.430416342082348e+17,104,0.0006553928515925663,6.553928515925663e+26,904.1560401244797,8.430807009637036,114.6336472750125,30.498386178404154,0.0,121.36523316011306,0.005697859667517554,5.312971776223667e-05,0.0007224045478464122,0.00019219638736957316,0.0,0.0007648260215865691,5402,2711,5387,0.2008148148148148,0.399037037037037,1,0,0
flow,0.2,1.0,0,registered,during_vibration,flow_dump_0.2_1.0.shear.wave,2188,218800,218.8,0.2188,158683.45183699526,1216.0247567063707,0.00766321089331678,7.66321089331678e+17,109,0.0006869021233037475,6.869021233037475e+26,929.3233965450463,7.320873963954089,110.90767005365201,41.99103231461474,0.0,126.48178382910257,0.005856460681859109,4.613508137870813e-05,0.0006989239821149084,0.0002646213693268362,0.0,0.0007970697786372124,5391,2732,5377,0.20237037037037037,0.3982962962962963,1,0,0
flow,0.2,1.0,0,registered,during_vibration,flow_dump_0.2_1.0.shear.wave,2189,218900,218.9,0.21889999999999998,158683.45183699526,1243.944186287195,0.007839155071853456,7.839155071853455e+17,113,0.0007121095406726924,7.121095406726925e+26,1038.062585868392,5.034862024733748,91.63430752535231,24.909849932079055,0.0,84.30258093663852,0.006541719214267681,3.172896711312859e-05,0.0005774660587764502,0.0001569782459589249,0.0,0.0005312625857372755,5390,2727,5383,0.202,0.39874074074074073,1,0,0
flow,0.2,1.0,0,registered,during_vibration,flow_dump_0.2_1.0.shear.wave,2190,219000,219.0,0.219,158683.45183699526,1271.8330781471534,0.008014906806121292,8.014906806121292e+17,107,0.0006742984146192752,6.742984146192752e+26,1022.398071747652,18.659741245884078,117.65986275331502,32.46872957231774,0.0,80.64667282798449,0.006443003727936875,0.0001175909713953788,0.0007414753169988955,0.000204613204442204,0.0,0.0005082235853479375,5379,2680,5441,0.1985185185185185,0.403037037037037,1,0,0
flow,0.2,1.0,0,registered,during_vibration,flow_dump_0.2_1.0.shear.wave,2191,219100,219.1,0.2191,158683.4518369953,1172.457443980935,0.007388656034438429,7.38865603443843e+17,99,0.0006238835798813853,6.238835798813853e+26,966.5274397155928,1.8403839105643718,99.61346869744246,28.26118482950458,0.0,76.21496682783058,0.006090915142862159,1.1597831338171752e-05,0.000627749570256189,0.00017809787033455367,0.0,0.0004802956196473532,5373,2661,5466,0.1971111111111111,0.4048888888888889,1,0,0
flow,0.2,1.0,0,registered,during_vibration,flow_dump_0.2_1.0.shear.wave,2192,219200,219.20000000000002,0.21919999999999998,158683.45183699526,1206.1694111627903,0.0076011039412087296,7.60110394120873e+17,98,0.0006175817255391491,6.1758172553914915e+26,973.495373605325,14.016615150315829,116.96232531753871,36.09925775326785,0.0,65.5958393363437,0.006134826047301585,8.833066704847173e-05,0.0007370795376803762,0.00022749226422393538,0.0,0.00041337542495436673,5336,2668,5496,0.19762962962962963,0.4071111111111111,1,0,0
flow,0.2,1.0,0,registered,during_vibration,flow_dump_0.2_1.0.shear.wave,2193,219300,219.3,0.2193,158683.45183699526,1250.1756643660785,0.007878424939043418,7.878424939043418e+17,103,0.0006490909972503302,6.490909972503302e+26,997.3528511120294,0.0,119.02506949319636,42.85531572276327,0.0,90.94242803808922,0.006285172395522012,0.0,0.0007500786510206668,0.0002700679574753997,0.0,0.0005731059350253372,5340,2705,5455,0.20037037037037037,0.4040740740740741,1,0,0
flow,0.2,1.0,0,registered,during_vibration,flow_dump_0.2_1.0.shear.wave,2194,219400,219.4,0.21939999999999998,158683.45183699526,1315.570992079818,0.008290536768958209,8.290536768958209e+17,97,0.000611279871196913,6.112798711969129e+26,1026.3729431077595,0.0,115.26002558760233,53.87435420551488,0.0,120.0636691789419,0.006468052788277399,0.0,0.0007263518927354891,0.00033950833298519587,0.0,0.0007566237549601275,5339,2700,5461,0.2,0.4045185185185185,1,0,0
flow,0.2,1.0,0,registered,during_vibration,flow_dump_0.2_1.0.shear.wave,2195,219500,219.5,0.2195,158683.45183699526,1192.7668145438251,0.007516642729508264,7.516642729508264e+17,99,0.0006238835798813854,6.238835798813854e+26,961.8998216692393,7.135539458422803,109.20056625225476,36.91311829788822,0.0,77.61776886602014,0.006061752567982537,4.49671303202596e-05,0.0006881660626114252,0.00023262109483102597,0.0,0.000489135873763016,5351,2675,5474,0.19814814814814816,0.4054814814814815,1,0,0
flow,0.2,1.0,0,registered,during_vibration,flow_dump_0.2_1.0.shear.wave,2196,219600,219.6,0.2196,158683.45183699526,1142.811577446056,0.007201832101686247,7.201832101686248e+17,100,0.0006301854342236216,6.301854342236216e+26,905.473571207219,5.909888878007381,92.45422863036947,43.59610119208754,0.0,95.37778753837252,0.005706162556492347,3.724325888800433e-05,0.0005826330821523938,0.00027473627960192634,0.0,0.0006010569245515761,5377,2685,5438,0.1988888888888889,0.4028148148148148,1,0,0
flow,0.2,1.0,0,registered,during_vibration,flow_dump_0.2_1.0.shear.wave,2197,219700,219.70000000000002,0.21969999999999998,158683.45183699526,1125.548177767894,0.007093040671462663,7.093040671462664e+17,96,0.0006049780168546768,6.049780168546768e+26,867.3098316857847,11.43437652532656,112.65538941313126,35.280737509950974,0.0,98.86784263370085,0.005465660228873224,7.205777535689303e-05,0.000709937854949453,0.00022233406887438068,0.0,0.0006230507434087146,5382,2695,5423,0.19962962962962963,0.40170370370370373,1,0,0
flow,0.2,1.0,0,registered,during_vibration,flow_dump_0.2_1.0.shear.wave,2198,219800,219.8,0.2198,158683.4518369953,1167.6174616668397,0.007358155170876001,7.358155170876001e+17,104,0.0006553928515925663,6.553928515925663e+26,933.7989055459499,4.035498130268657,102.33108388060502,36.38028272687884,0.0,91.071691383138,0.005884664687690169,2.543112141531966e-05,0.0006448755852987291,0.00022926324267416256,0.0,0.0005739205337976247,5387,2739,5374,0.2028888888888889,0.3980740740740741,1,0,0
flow,0.2,1.0,0,registered,during_vibration,flow_dump_0.2_1.0.shear.wave,2199,219900,219.9,0.21989999999999998,158683.45183699526,1229.4809779107209,0.0077480100393435055,7.748010039343506e+17,108,0.0006806002689615113,6.806002689615113e+26,1027.133978749464,6.865315870084236,87.95200584874165,24.03654927837041,0.0,83.49312816406078,0.006472848724040671,4.3264220626713545e-05,0.0005542607299662776,0.00015147483244227334,0.0,0.0005261615322675713,5398,2731,5371,0.2022962962962963,0.39785185185185185,1,0,0
flow,0.2,1.0,0,registered,during_vibration,flow_dump_0.2_1.0.shear.wave,2200,220000,220.0,0.22,158683.45183699526,1168.9815132435826,0.007366751225227934,7.366751225227933e+17,104,0.0006553928515925665,6.553928515925665e+26,981.8325705977916,4.376672405786457,95.67637972465626,20.440086277826694,0.0,66.65580423752219,0.006187365848370639,2.758115200495081e-05,0.0006029386090172661,0.00012881044646560505,0.0,0.00042005516936947636,5381,2692,5427,0.1994074074074074,0.402,1,0,0
flow,0.2,1.0,0,registered,after_removal,flow_dump_0.2_1.0.shear.wave,2240,224000,224.0,0.22399999999999998,158683.4518369953,1349.5727651964162,0.00850481099051677,8.50481099051677e+17,122,0.0007688262297528182,7.688262297528183e+26,1118.6282938094528,33.0254751055334,110.74963746419772,30.252336145747325,7.823105074547121,49.09391759693752,0.007049432570691388,0.0002081217336982197,0.000697928083754841,0.00019064581590286738,4.9300068683804946e-05,0.0003093827177856476,5249,2594,5657,0.19214814814814815,0.41903703703703704,0,0,0
flow,0.2,1.0,0,registered,after_removal,flow_dump_0.2_1.0.shear.wave,2245,224500,224.5,0.22449999999999998,158683.45183699526,1436.1271259841776,0.009050263964886607,9.050263964886607e+17,130,0.0008192410644907081,8.192410644907081e+26,1182.3237668311294,39.09003605921645,113.60351249255632,35.08519707903614,8.682601023623608,57.342012498615276,0.007450832163933833,0.00024633971347794343,0.0007159127884945023,0.00022110180156073732,5.4716486962627044e-05,0.00036136101045696205,5269,2572,5659,0.19051851851851853,0.41918518518518516,0,0,0
flow,0.2,1.0,0,registered,after_removal,flow_dump_0.2_1.0.shear.wave,2250,225000,225.0,0.22499999999999998,158683.45183699526,1361.6626852707996,0.008580999905834814,8.580999905834813e+17,124,0.0007814299384372908,7.814299384372908e+26,1152.5532790755346,27.61197923079768,81.06449752996413,22.027245957328063,0.0,78.40568347717576,0.007263222886400748,0.00017400667121333856,0.0005108566557604015,0.000138812495583693,0.0,0.0004941011968766384,5280,2556,5664,0.18933333333333333,0.41955555555555557,0,0,0
flow,0.2,1.0,0,registered,after_removal,flow_dump_0.2_1.0.shear.wave,2255,225500,225.5,0.22549999999999998,158683.4518369953,1410.7511288800317,0.00889034812734727,8.890348127347269e+17,127,0.0008003355014639992,8.003355014639993e+26,1107.7249691795093,14.620810634329978,61.18022518537761,31.92241999013578,5.460124519774313,189.84257937090467,0.006980721407027368,9.21382189829658e-05,0.00038554886774346133,0.00020117044102952532,3.440890941409018e-05,0.0011963602831498589,5306,2529,5665,0.18733333333333332,0.41962962962962963,0,0,0
flow,0.2,1.0,0,registered,after_removal,flow_dump_0.2_1.0.shear.wave,2260,226000,226.0,0.22599999999999998,158683.45183699526,1548.5894616368325,0.009758985223157317,9.758985223157317e+17,129,0.0008129392101484719,8.129392101484719e+26,1196.240364591394,21.00787051582835,86.80228598857839,33.847773137166065,12.972574539920153,197.71859286394502,0.00753853253595851,0.00013238854003130908,0.0005470153628731526,0.0002133037361194763,8.17512751943788e-05,0.0012459937729804864,5297,2536,5667,0.18785185185185185,0.4197777777777778,0,0,0
flow,0.2,1.0,0,registered,after_removal,flow_dump_0.2_1.0.shear.wave,2265,226500,226.5,0.22649999999999998,158683.45183699526,1415.4575213637017,0.008920007127256756,8.920007127256756e+17,131,0.0008255429188329443,8.255429188329443e+26,1091.7039478952072,10.689741846321002,81.26045098754282,35.54054471053421,5.998309110075274,190.26452681402122,0.006879759264479831,6.73651960716222e-05,0.00051209152590792,0.00022397133600952042,3.780047031140292e-05,0.0011990193344764586,5284,2506,5710,0.18562962962962962,0.422962962962963,0,0,0
flow,0.2,1.0,0,registered,after_removal,flow_dump_0.2_1.0.shear.wave,2270,227000,227.0,0.22699999999999998,158683.45183699526,1431.2855242918445,0.009019752896238398,9.019752896238399e+17,123,0.0007751280840950545,7.751280840950545e+26,1204.0792588748711,4.339086157775105,64.40695829955797,40.85720419895302,0.0,117.603016760688,0.007587932105937172,2.7344288944712105e-05,0.0004058832698302963,0.00025747614969280386,0.0,0.0007411170818334202,5260,2472,5768,0.1831111111111111,0.4272592592592593,0,0,0
flow,0.2,1.0,0,registered,after_removal,flow_dump_0.2_1.0.shear.wave,2275,227500,227.5,0.22749999999999998,158683.45183699526,1443.70329622797,0.00909800788623497,9.098007886234971e+17,126,0.0007940336471217632,7.940336471217631e+26,1258.0865126503836,3.5433786175499318,76.92964822853344,26.270899473564842,0.0,78.87285725793825,0.007928277952654638,2.2329855927194e-05,0.0004847994377356881,0.0001655553819219357,0.0,0.0004970452579955154,5234,2516,5750,0.18637037037037038,0.42592592592592593,0,0,0
flow,0.2,1.0,0,registered,after_removal,flow_dump_0.2_1.0.shear.wave,2280,228000,228.0,0.22799999999999998,158683.45183699526,1344.1776803812324,0.008470811951847474,8.470811951847474e+17,120,0.0007562225210683459,7.56222521068346e+26,1106.423970758857,5.9127363443322905,44.23459965451076,25.947890006829887,0.0,161.65848361670206,0.006972522704480939,3.726120320602833e-05,0.0002787600039098593,0.00016351982331140865,0.0,0.001018748216939236,5231,2519,5750,0.1865925925925926,0.42592592592592593,0,0,0
flow,0.2,1.0,0,registered,after_removal,flow_dump_0.2_1.0.shear.wave,2285,228500,228.5,0.22849999999999998,158683.45183699526,1369.0344431417718,0.008627455650183915,8.627455650183914e+17,121,0.0007625243754105822,7.625243754105822e+26,1187.8061279317997,5.5109282077580035,72.1217449567247,31.096754240132505,0.0,72.49888780535676,0.007485381205041798,3.472906685581182e-05,0.0004545007316251884,0.0001959672157376315,0.0,0.00045687743092348376,5209,2547,5744,0.18866666666666668,0.42548148148148146,0,0,0
flow,0.2,1.0,0,registered,after_removal,flow_dump_0.2_1.0.shear.wave,2290,229000,229.0,0.22899999999999998,158683.45183699526,1337.11471699778,0.008426302185380409,8.42630218538041e+17,115,0.0007247132493571648,7.247132493571648e+26,1096.673962582656,5.367540634568954,57.71102140724992,31.44878043718079,0.0,145.91341193612462,0.006911079573118909,3.38254592550877e-05,0.00036368645085016514,0.00019818563355608113,0.0,0.0009195250686001687,5188,2589,5723,0.19177777777777777,0.42392592592592593,0,0,0
flow,0.2,1.0,0,registered,after_removal,flow_dump_0.2_1.0.shear.wave,2295,229500,229.5,0.22949999999999998,158683.45183699526,1391.2272909932963,0.008767311744783632,8.767311744783633e+17,130,0.0008192410644907081,8.192410644907081e+26,1163.9040239516282,2.68259309783138,90.0257002324585,34.910892006194445,0.0,99.70408170518377,0.007334753627285773,1.6905310962021586e-05,0.0005673288499227745,0.00022000335638057607,0.0,0.0006283206002324868,5190,2616,5694,0.19377777777777777,0.42177777777777775,0,0,0
flow,0.2,1.0,0,registered,after_removal,flow_dump_0.2_1.0.shear.wave,2300,230000,230.0,0.22999999999999998,158683.45183699526,1420.3461493954635,0.00895081454904629,8.950814549046291e+17,132,0.0008318447731751805,8.318447731751806e+26,1109.0775223344924,4.104797467092219,78.83329930132045,51.46350079970617,0.0,176.86702949285183,0.0069892450000002045,2.5867835741995318e-05,0.0004967959695148335,0.00032431548598130526,0.0,0.0011145902578079492,5176,2601,5723,0.19266666666666668,0.42392592592592593,0,0,0
