region,amplitude_A,frequency_THz,is_baseline,coordinate_treatment,analysis_stage,filename,frame,timestep,time_ps,strain_xy,cell_volume_A3,total_line_length_A,dislocation_density_A-2,dislocation_density_m-2,segment_count,segment_number_density_A-3,segment_number_density_m-3,shockley_length_A,perfect_length_A,stair_rod_length_A,hirth_length_A,frank_length_A,other_length_A,shockley_density_A-2,perfect_density_A-2,stair_rod_density_A-2,hirth_density_A-2,frank_density_A-2,other_density_A-2,fcc_count,hcp_count,other_atom_count,hcp_fraction,other_atom_fraction,coherent_correction_applied,has_PE,has_KE
flow,0.1,0.8,0,registered,before,flow_dump_0.1_0.8.shear.wave,1850,185000,185.0,0.185,158683.45183699526,1441.826292300768,0.00908617928088594,9.086179280885939e+17,126,0.0007940336471217632,7.940336471217631e+26,1167.4654380944578,4.603785611908546,121.82863208346481,44.556678307427724,0.0,103.37175820350976,0.007357197140466265,2.9012386349130486e-05,0.0007677462941038811,0.00028078969666728564,0.0,0.0006514337632993802,5939,3062,4499,0.2268148148148148,0.33325925925925926,0,0,0
flow,0.1,0.8,0,registered,before,flow_dump_0.1_0.8.shear.wave,1855,185500,185.5,0.1855,158683.45183699526,1437.2295380341995,0.009057211205050972,9.057211205050972e+17,125,0.000787731792779527,7.87731792779527e+26,1161.7754451855296,6.342864394528773,133.7958539195755,24.720090279973533,0.0,110.59528425459212,0.0073213396339458425,3.997180752687663e-05,0.0008431619829962794,0.0001557824082713225,0.0,0.0006969553723106499,5928,3069,4503,0.22733333333333333,0.33355555555555555,0,0,0
flow,0.1,0.8,0,registered,before,flow_dump_0.1_0.8.shear.wave,1860,186000,186.0,0.186,158683.45183699526,4975.515810919432,0.03135497591790757,3.135497591790757e+18,135,0.0008507503362018892,8.507503362018892e+26,3685.6746195561204,0.0,448.83295727585386,257.259246710078,0.0,583.7489873773791,0.02322658460531955,0.0,0.0028284799207475616,0.001621210300960323,0.0,0.00367870109088013,5915,3025,4560,0.22407407407407406,0.3377777777777778,0,0,0
flow,0.1,0.8,0,registered,before,flow_dump_0.1_0.8.shear.wave,1865,186500,186.5,0.1865,158683.45183699526,1704.3169668455046,0.0107403572780622,1.07403572780622e+18,122,0.0007688262297528183,7.688262297528184e+26,1352.8907364199413,0.0,161.42633713868145,67.77793029904024,0.0,122.22196298784144,0.008525720361879159,0.0,0.001017285263648687,0.0004271266443627903,0.0,0.0007702250081715626,5911,3021,4568,0.22377777777777777,0.3383703703703704,0,0,0
flow,0.1,0.8,0,registered,before,flow_dump_0.1_0.8.shear.wave,1870,187000,187.0,0.187,158683.45183699526,1550.0191724865495,0.009767995052683748,9.767995052683748e+17,129,0.0008129392101484719,8.129392101484719e+26,1208.4069916005535,6.442923376896207,156.38005819092385,52.4617493373733,0.0,126.32744998080318,0.007615204847206551,4.0602364659388584e-05,0.0009854843487496255,0.00033060630286303386,0.0,0.0007960971892051529,5916,3027,4557,0.2242222222222222,0.33755555555555555,0,0,0
flow,0.1,0.8,0,registered,before,flow_dump_0.1_0.8.shear.wave,1875,187500,187.5,0.1875,158683.45183699526,1536.1960074072153,0.009680883479805098,9.680883479805098e+17,131,0.0008255429188329443,8.255429188329443e+26,1202.2306791004264,7.870538299511893,144.28804290422232,62.24720794551858,0.0,119.55953915753562,0.007576282625458617,4.959898595851547e-05,0.0009092822297087389,0.000392272837683547,0.0,0.0007534468009956768,5888,3011,4601,0.22303703703703703,0.3408148148148148,0,0,0
flow,0.1,0.8,0,registered,before,flow_dump_0.1_0.8.shear.wave,1880,188000,188.0,0.188,158683.45183699526,1497.927042607647,0.009439718037810053,9.439718037810053e+17,126,0.0007940336471217632,7.940336471217631e+26,1221.3909315814399,5.9249625163137605,139.40151732368602,37.20419762059687,0.0,94.00543356561074,0.007697027745754433,3.733825076101869e-05,0.0008784880572605878,0.00023445543432477268,0.0,0.0005924085497092422,5867,2993,4640,0.2217037037037037,0.3437037037037037,0,0,0
flow,0.1,0.8,0,registered,before,flow_dump_0.1_0.8.shear.wave,1885,188500,188.5,0.1885,158683.45183699526,1533.7373097756965,0.009665389125459665,9.665389125459665e+17,128,0.0008066373558062356,8.066373558062357e+26,1190.2230546991996,5.014848463179432,151.90362676925645,28.928189075994343,0.0,157.66759076806719,0.007500612325485804,3.160284456334392e-05,0.0009572745299572682,0.0001823012339415852,0.0,0.0009935981915116668,5835,3005,4660,0.2225925925925926,0.3451851851851852,0,0,0
flow,0.1,0.8,0,registered,before,flow_dump_0.1_0.8.shear.wave,1890,189000,189.0,0.189,158683.4518369953,1488.4590490642256,0.009380052121586177,9.380052121586177e+17,121,0.000762524375410582,7.62524375410582e+26,1203.1402573759274,0.0,167.0499310768173,9.040746322285841,0.0,109.22811428919475,0.007582014655263685,0.0,0.0010527243335267016,5.697346646815312e-05,0.0,0.0006883396663276355,5870,3010,4620,0.22296296296296297,0.3422222222222222,0,0,0
flow,0.1,0.8,0,registered,before,flow_dump_0.1_0.8.shear.wave,1895,189500,189.5,0.1895,158683.45183699526,1497.1161961776575,0.009434608201714337,9.434608201714337e+17,129,0.0008129392101484719,8.129392101484719e+26,1212.6033220505008,10.534191187355,132.72377370722762,30.244553758185795,0.0,111.0103554743877,0.007641649510474009,6.638493847597959e-05,0.0008364058896548693,0.0001905967724300198,0.0,0.000699571090679456,5912,3016,4572,0.22340740740740742,0.33866666666666667,0,0,0
flow,0.1,0.8,0,registered,before,flow_dump_0.1_0.8.shear.wave,1900,190000,190.0,0.19,158683.45183699526,1501.7487813824728,0.009463802078903082,9.463802078903082e+17,126,0.0007940336471217632,7.940336471217631e+26,1205.5387239756446,11.467998671675558,139.27213712580374,44.83362218934846,0.0,100.63629942000073,0.007597129442419823,7.226965722585777e-05,0.0008776727220987639,0.00028253495667212355,0.0,0.0006341953004865156,5911,3054,4535,0.2262222222222222,0.3359259259259259,0,0,0
flow,0.1,0.8,0,registered,during_vibration,flow_dump_0.1_0.8.shear.wave,1910,191000,191.0,0.191,158683.45183699526,1313.3676543238635,0.008276651655353432,8.276651655353432e+17,115,0.0007247132493571648,7.247132493571648e+26,1032.162256865361,21.041934853371906,148.00335965478652,28.047215032058276,0.0,84.11288791828466,0.006504536200319308,0.0001326032085247733,0.0009326956147060648,0.00017674946383740932,0.0,0.0005300671679658703,5464,2810,5226,0.20814814814814814,0.38711111111111113,1,0,0
flow,0.1,0.8,0,registered,during_vibration,flow_dump_0.1_0.8.shear.wave,1911,191100,191.1,0.1911,158683.45183699526,1294.8958882549905,0.008160245276143533,8.160245276143533e+17,114,0.0007184113950149286,7.184113950149286e+26,1045.676339650756,23.43478970495369,113.71928238338205,27.62303097021828,0.0,84.44244554568067,0.0065896999816017895,0.000147682631261555,0.0007166423534837026,0.00017407631766539554,0.0,0.000532143992131093,5476,2805,5219,0.20777777777777778,0.3865925925925926,1,0,0
flow,0.1,0.8,0,registered,during_vibration,flow_dump_0.1_0.8.shear.wave,1912,191200,191.20000000000002,0.19119999999999998,158683.45183699526,1417.3317830186327,0.00893181845120537,8.93181845120537e+17,116,0.0007310151036994011,7.310151036994011e+26,1118.2577579693043,13.001206170349025,133.49442520892077,43.269276376498546,0.0,109.3091172935603,0.007047097507798195,8.193170755892229e-05,0.0008412624231671651,0.0002726766772186563,0.0,0.0006888501354624308,5478,2803,5219,0.20762962962962964,0.3865925925925926,1,0,0
flow,0.1,0.8,0,registered,during_vibration,flow_dump_0.1_0.8.shear.wave,1913,191300,191.3,0.1913,158683.45183699526,1375.7520907709236,0.008669789287065298,8.669789287065298e+17,105,0.0006616947059348027,6.616947059348027e+26,1095.5022789718828,7.017602645977035,156.02039640462257,29.090504482934897,0.0,88.12130826550658,0.00690369579366863,4.4223909706638734e-05,0.0009832178125598866,0.0001833241219936254,0.0,0.0005553276491365188,5465,2792,5243,0.2068148148148148,0.38837037037037037,1,0,0
flow,0.1,0.8,0,registered,during_vibration,flow_dump_0.1_0.8.shear.wave,1914,191400,191.4,0.1914,158683.45183699526,1384.8111849662916,0.008726878379157105,8.726878379157106e+17,108,0.0006806002689615113,6.806002689615113e+26,1089.6949828981428,10.4306252195464,166.8992353387896,30.63973316846673,0.0,87.14660834134625,0.00686709905968968,6.573228083203707e-05,0.0010517746709356552,0.00019308713551266109,0.0,0.0005491852321870718,5464,2787,5249,0.20644444444444446,0.38881481481481484,1,0,0
flow,0.1,0.8,0,registered,during_vibration,flow_dump_0.1_0.8.shear.wave,1915,191500,191.5,0.1915,158683.45183699526,1224.938718346554,0.007719385381185496,7.719385381185496e+17,104,0.0006553928515925665,6.553928515925665e+26,957.921011948368,15.421898746085432,108.60616102509002,13.18774258550223,0.0,129.80190404150795,0.006036678688666133,9.718655957854573e-05,0.0006844202074495692,8.31072328767407e-05,0.0,0.0008179926926145055,5464,2790,5246,0.20666666666666667,0.3885925925925926,1,0,0
flow,0.1,0.8,0,registered,during_vibration,flow_dump_0.1_0.8.shear.wave,1916,191600,191.6,0.1916,158683.4518369953,1319.133186580861,0.008312985199842495,8.312985199842495e+17,97,0.0006112798711969128,6.1127987119691286e+26,1051.1818976754041,15.567843509599017,149.85437484857826,25.163610706112426,0.0,77.36545984116742,0.00662439520634585,9.810628222022045e-05,0.0009443604428426063,0.0001585774093946563,0.0,0.00048754585903916243,5451,2778,5271,0.20577777777777778,0.3904444444444444,1,0,0
flow,0.1,0.8,0,registered,during_vibration,flow_dump_0.1_0.8.shear.wave,1917,191700,191.70000000000002,0.19169999999999998,158683.45183699526,1308.972172665136,0.00824895197017616,8.248951970176161e+17,101,0.0006364872885658578,6.364872885658577e+26,1043.240138130067,20.037227025556533,122.89335125006777,25.591154293539734,0.0,97.21030196590529,0.006574347394470072,0.00012627168613737628,0.0007744559992072,0.00016127172680758037,0.0,0.000612605163553934,5435,2777,5288,0.2057037037037037,0.3917037037037037,1,0,0
flow,0.1,0.8,0,registered,during_vibration,flow_dump_0.1_0.8.shear.wave,1918,191800,191.8,0.1918,158683.45183699526,1289.9720871018642,0.008129216198466398,8.129216198466397e+17,96,0.0006049780168546768,6.049780168546768e+26,1016.7600072108401,18.81113918158841,139.649512729263,31.298749721463864,0.0,83.45267825870937,0.006407473466453759,0.00011854505913390273,0.0008800508881840777,0.0001972401618387716,0.0,0.0005259066228558895,5462,2781,5257,0.206,0.3894074074074074,1,0,0
flow,0.1,0.8,0,registered,during_vibration,flow_dump_0.1_0.8.shear.wave,1919,191900,191.9,0.1919,158683.45183699526,1200.3407200661181,0.007564372378911613,7.564372378911612e+17,94,0.0005923743081702043,5.9237430817020434e+26,970.4813225073304,17.040435898019993,111.75341793522279,24.181677677348052,0.0,76.88386604819651,0.006115831936301966,0.00010738634495753518,0.0007042537620748224,0.0001523894104735524,0.0,0.00048451092510373473,5451,2790,5259,0.20666666666666667,0.38955555555555554,1,0,0
flow,0.1,0.8,0,registered,during_vibration,flow_dump_0.1_0.8.shear.wave,1920,192000,192.0,0.192,158683.4518369953,1221.3194071783182,0.007696577009384044,7.696577009384045e+17,99,0.0006238835798813853,6.238835798813853e+26,1011.0428612627886,19.827928767884398,99.8211228279806,20.077737470879903,0.0,70.54975684878451,0.006371444845435831,0.00012495271900344265,0.0006290581763404041,0.00012652697706314327,0.0,0.0004445942915412218,5455,2792,5253,0.2068148148148148,0.38911111111111113,1,0,0
flow,0.1,0.8,0,registered,during_vibration,flow_dump_0.1_0.8.shear.wave,1921,192100,192.1,0.1921,158683.45183699526,1285.6407255066804,0.008101920588589993,8.101920588589993e+17,109,0.0006869021233037475,6.869021233037475e+26,1074.1475623310762,17.89087867934152,104.46742307926152,18.247343191348637,0.0,70.88751822565197,0.006769121479878539,0.00011274571149182969,0.0006583384837542721,0.00011499209892467486,0.0,0.00044672281454067377,5460,2789,5251,0.2065925925925926,0.38896296296296295,1,0,0
flow,0.1,0.8,0,registered,during_vibration,flow_dump_0.1_0.8.shear.wave,1922,192200,192.20000000000002,0.19219999999999998,158683.45183699526,1295.1997110076684,0.008162159922876767,8.162159922876767e+17,105,0.0006616947059348027,6.616947059348027e+26,1086.1883552900817,12.522063927334527,116.1432949248854,20.11317475867341,0.0,60.23282210669333,0.0068450008032712156,7.891222293423258e-05,0.0007319181274440104,0.00012675029768910188,0.0,0.0003795784715382069,5455,2792,5253,0.2068148148148148,0.38911111111111113,1,0,0
flow,0.1,0.8,0,registered,during_vibration,flow_dump_0.1_0.8.shear.wave,1923,192300,192.3,0.1923,158683.45183699526,1312.588078883083,0.008271738884476848,8.271738884476849e+17,117,0.0007373169580416372,7.373169580416372e+26,1061.9860558553946,17.561861216880597,127.66946392165073,27.713219056960078,0.0,77.65747883219669,0.006692481437486631,0.00011067229136734879,0.0008045543655856246,0.00017464466985144732,0.0,0.0004893861201857957,5482,2788,5230,0.20651851851851852,0.3874074074074074,1,0,0
flow,0.1,0.8,0,registered,during_vibration,flow_dump_0.1_0.8.shear.wave,1924,192400,192.4,0.1924,158683.4518369953,1311.584031879991,0.008265411526510603,8.265411526510602e+17,122,0.0007688262297528182,7.688262297528183e+26,1065.8865428168965,5.56229784633902,111.81025701114577,26.32081190480208,0.0,102.00412230080686,0.006717061738181806,3.50527908357627e-05,0.0007046119536522361,0.00016586992279345964,0.0,0.0006428151210473336,5489,2803,5208,0.20762962962962964,0.3857777777777778,1,0,0
flow,0.1,0.8,0,registered,during_vibration,flow_dump_0.1_0.8.shear.wave,1925,192500,192.5,0.1925,158683.45183699526,1327.4784626615321,0.008365575914148634,8.365575914148634e+17,121,0.0007625243754105822,7.625243754105822e+26,1093.460268631859,12.02696562779962,124.63884541604854,16.470869110841576,0.0,80.88151387498327,0.00689082734194046,7.579218556547475e-05,0.000785455849196434,0.00010379701802656135,0.0,0.000509703519419702,5472,2784,5244,0.20622222222222222,0.3884444444444444,1,0,0
flow,0.1,0.8,0,registered,during_vibration,flow_dump_0.1_0.8.shear.wave,1926,192600,192.6,0.1926,158683.45183699526,1310.7570853815216,0.008260200230128429,8.260200230128429e+17,102,0.000642789142908094,6.42789142908094e+26,1080.9661208829416,14.29005130784928,103.03653458637983,43.20898789705218,0.0,69.2553907072995,0.006812091042696404,9.00538218851483e-05,0.0006493212328921498,0.0002722967480026704,0.0,0.00043643738465206104,5484,2787,5229,0.20644444444444446,0.3873333333333333,1,0,0
flow,0.1,0.8,0,registered,during_vibration,flow_dump_0.1_0.8.shear.wave,1927,192700,192.70000000000002,0.19269999999999998,158683.45183699526,1280.1861500233072,0.008067546648395043,8.067546648395043e+17,106,0.0006679965602770389,6.679965602770389e+26,1043.1823706914902,17.21494042892965,123.08656936110654,21.746518566368444,0.0,74.95575097541234,0.006573983352486437,0.00010848604709338811,0.0007756736315992484,0.00013704339245598947,0.0,0.00047236022475997876,5474,2781,5245,0.206,0.38851851851851854,1,0,0
flow,0.1,0.8,0,registered,during_vibration,flow_dump_0.1_0.8.shear.wave,1928,192800,192.8,0.1928,158683.45183699526,1317.5930153251902,0.008303279264927159,8.303279264927159e+17,102,0.000642789142908094,6.42789142908094e+26,1071.9797900648982,9.564481845707338,137.55724265477858,9.774857232121397,0.0,88.71664352768444,0.006755460494809946,6.0273971450610245e-05,0.0008668657069300572,6.15997264929833e-05,0.0,0.0005590793652435606,5470,2787,5243,0.20644444444444446,0.38837037037037037,1,0,0
flow,0.1,0.8,0,registered,during_vibration,flow_dump_0.1_0.8.shear.wave,1929,192900,192.9,0.1929,158683.45183699526,1250.5963353056259,0.007881075946030457,7.881075946030456e+17,108,0.0006806002689615113,6.806002689615113e+26,996.4898140028242,16.729909291822448,135.0657128256787,20.01194393229001,0.0,82.29895525301052,0.006279733661367857,0.00010542945151588932,0.0008511644488577331,0.00012611235576628948,0.0,0.0005186360285226884,5455,2782,5263,0.20607407407407408,0.38985185185185184,1,0,0
flow,0.1,0.8,0,registered,during_vibration,flow_dump_0.1_0.8.shear.wave,1930,193000,193.0,0.193,158683.45183699526,1256.5722525747608,0.0079187353062218,7.9187353062218e+17,106,0.0006679965602770389,6.679965602770389e+26,1036.9741292395972,11.388441809585752,132.04354954100197,21.00178715697711,0.0,55.16434482759837,0.006534859919135175,7.176830146904243e-05,0.0008321192160392462,0.000132350203589917,0.0,0.00034763766598841674,5474,2787,5239,0.20644444444444446,0.38807407407407407,1,0,0
flow,0.1,0.8,0,registered,during_vibration,flow_dump_0.1_0.8.shear.wave,1931,193100,193.1,0.1931,158683.45183699526,1244.3359775831861,0.007841624083533349,7.841624083533349e+17,101,0.0006364872885658578,6.364872885658577e+26,1045.4059818503954,4.812494923131646,115.91143586771678,24.308448298285263,0.0,53.89761664365672,0.006587996226123629,3.0327642028326905e-05,0.0007304569854378057,0.00015318830046157355,0.0,0.00033965492948201105,5445,2782,5273,0.20607407407407408,0.3905925925925926,1,0,0
flow,0.1,0.8,0,registered,during_vibration,flow_dump_0.1_0.8.shear.wave,1932,193200,193.20000000000002,0.19319999999999998,158683.45183699526,1211.8363261977884,0.007636816014329116,7.636816014329116e+17,101,0.0006364872885658578,6.364872885658577e+26,1001.0867930575328,11.426129159870863,114.51140169670781,15.07219119226719,0.0,69.73981109140904,0.006308703153784941,7.200580166108405e-05,0.0007216341740179537,9.498275351200345e-05,0.0,0.00043949013135312945,5419,2785,5296,0.20629629629629628,0.3922962962962963,1,0,0
flow,0.1,0.8,0,registered,during_vibration,flow_dump_0.1_0.8.shear.wave,1933,193300,193.3,0.1933,158683.45183699526,1238.5304254494104,0.007805038339610035,7.805038339610035e+17,99,0.0006238835798813854,6.238835798813854e+26,1024.892337184708,22.387257494874856,108.09517743865716,21.077394874562742,0.0,62.07825845660741,0.006458722225412075,0.00014108123585483738,0.0006812000633165959,0.00013282667241329058,0.0,0.0003912081426132335,5433,2796,5271,0.2071111111111111,0.3904444444444444,1,0,0
flow,0.1,0.8,0,registered,during_vibration,flow_dump_0.1_0.8.shear.wave,1934,193400,193.4,0.1934,158683.45183699526,1262.431728982851,0.007955660873067353,7.955660873067352e+17,106,0.0006679965602770389,6.679965602770389e+26,1029.3138902816183,13.596921654372496,110.27497573157247,26.163264228728178,0.0,83.08267708655907,0.006486586208995269,8.568581976865295e-05,0.0006949368346540033,0.00016487708028688412,0.0,0.0005235749293625416,5437,2788,5275,0.20651851851851852,0.3907407407407407,1,0,0
flow,0.1,0.8,0,registered,during_vibration,flow_dump_0.1_0.8.shear.wave,1935,193500,193.5,0.19349999999999998,158683.4518369953,1300.7038093876824,0.008196845949152952,8.196845949152952e+17,109,0.0006869021233037474,6.869021233037473e+26,1054.7139165088993,11.045494414930795,122.13508368503577,29.170232381314733,0.0,83.63908239750184,0.006646653474568572,6.960709694087748e-05,0.0007696775074599262,0.0001838265555962277,0.0,0.0005270813145873495,5427,2781,5292,0.206,0.392,1,0,0
flow,0.1,0.8,0,registered,during_vibration,flow_dump_0.1_0.8.shear.wave,1936,193600,193.6,0.1936,158683.45183699526,1290.1636989711387,0.008130423708556808,8.130423708556808e+17,111,0.00069950583198822,6.995058319882199e+26,1036.2963492069073,15.346771025074304,125.45172213474726,29.152360446438095,0.0,83.91649615797184,0.0065305886480930865,9.671311562366945e-05,0.0007905784798758682,0.00018371392926582123,0.0,0.0005288295356983636,5424,2771,5305,0.20525925925925925,0.39296296296296296,1,0,0
flow,0.1,0.8,0,registered,during_vibration,flow_dump_0.1_0.8.shear.wave,1937,193700,193.70000000000002,0.19369999999999998,158683.45183699526,1313.5280112135526,0.008277662201115027,8.277662201115027e+17,114,0.0007184113950149286,7.184113950149286e+26,1039.8779340645258,17.655751554959217,120.49669161135334,39.23323103278116,0.0,96.26440294993333,0.006553159274180157,0.00011126397460206356,0.0007593525992561053,0.0002472421073438886,0.0,0.0006066442457328141,5430,2757,5313,0.20422222222222222,0.39355555555555555,1,0,0
flow,0.1,0.8,0,registered,during_vibration,flow_dump_0.1_0.8.shear.wave,1938,193800,193.8,0.1938,158683.45183699526,1319.967772622901,0.008318244639515495,8.318244639515496e+17,115,0.0007247132493571648,7.247132493571648e+26,1058.9322485263162,26.279355476826563,107.99336820231775,24.126201041868548,0.0,102.63659937557182,0.006673236788509526,0.00016560867042280855,0.0006805584763384906,0.00015203980479736322,0.0,0.0006468008994473061,5447,2767,5286,0.20496296296296296,0.39155555555555555,1,0,0
flow,0.1,0.8,0,registered,during_vibration,flow_dump_0.1_0.8.shear.wave,1939,193900,193.9,0.1939,158683.4518369953,1394.8940323062936,0.008790419014448799,8.790419014448799e+17,110,0.0006932039776459837,6.932039776459836e+26,1104.8369710965546,17.242179419968632,139.90580919519655,32.955191069816614,0.0,99.9538815247572,0.0069625216637679305,0.00010865770324734523,0.0008816660311808208,0.00020767881394254795,0.0,0.0006298948023101553,5434,2761,5305,0.20451851851851852,0.39296296296296296,1,0,0
flow,0.1,0.8,0,registered,during_vibration,flow_dump_0.1_0.8.shear.wave,1940,194000,194.0,0.19399999999999998,158683.45183699526,1224.2819539137765,0.0077152465473929715,7.715246547392972e+17,103,0.0006490909972503302,6.490909972503302e+26,993.3604905832148,30.77935869772041,101.29786738554678,17.130352306347206,0.0,81.71388494094731,0.006260013120987729,0.00019396703526047542,0.0006383644054428763,0.00010795298506579032,0.0,0.0005149490006360994,5442,2767,5291,0.20496296296296296,0.3919259259259259,1,0,0
flow,0.1,0.8,0,registered,during_vibration,flow_dump_0.1_0.8.shear.wave,1941,194100,194.1,0.1941,158683.45183699526,1245.6241295398931,0.007849741829535182,7.849741829535182e+17,107,0.0006742984146192752,6.742984146192752e+26,991.3713950234358,14.56581098511435,118.80239379892896,20.85074321807519,0.0,100.03378651433803,0.006247478130497214,9.179161920473484e-05,0.0007486753812298374,0.00013139834668767948,0.0,0.0006303983519157117,5436,2773,5291,0.2054074074074074,0.3919259259259259,1,0,0
flow,0.1,0.8,0,registered,during_vibration,flow_dump_0.1_0.8.shear.wave,1942,194200,194.20000000000002,0.19419999999999998,158683.45183699526,1290.8693566071813,0.008134870660194636,8.134870660194636e+17,105,0.0006616947059348027,6.616947059348027e+26,1032.5132281344588,20.364525432790547,111.7413936559898,22.840468348476463,0.0,103.40974103546642,0.006506747970135472,0.00012833427302621096,0.0007041779868185256,0.00014393730464055526,0.0,0.0006516731255738767,5450,2786,5264,0.20637037037037037,0.38992592592592595,1,0,0
flow,0.1,0.8,0,registered,during_vibration,flow_dump_0.1_0.8.shear.wave,1943,194300,194.3,0.1943,158683.4518369953,1262.3081694387265,0.007954882218817686,7.954882218817686e+17,103,0.0006490909972503301,6.490909972503302e+26,1014.7394622289381,15.318261237077298,122.26542970150834,25.806618225244847,0.0,84.17839804595852,0.0063947402862858755,9.653345109238426e-05,0.000770498929069827,0.0001626295491211915,0.0,0.0005304800032484122,5436,2781,5283,0.206,0.3913333333333333,1,0,0
flow,0.1,0.8,0,registered,during_vibration,flow_dump_0.1_0.8.shear.wave,1944,194400,194.4,0.1944,158683.45183699526,1219.1118093419152,0.007682665049372798,7.682665049372799e+17,101,0.0006364872885658578,6.364872885658577e+26,1009.7412181679941,20.02868991259693,105.22971209091615,26.957595034764275,0.0,57.15459413564328,0.00636324208024686,0.00012621788649500168,0.0006631423180724068,0.0001698828373260747,0.0,0.00036017992723245214,5422,2782,5296,0.20607407407407408,0.3922962962962963,1,0,0
flow,0.1,0.8,0,registered,during_vibration,flow_dump_0.1_0.8.shear.wave,1945,194500,194.5,0.19449999999999998,158683.45183699526,1281.321024481526,0.008074698461927462,8.074698461927461e+17,107,0.0006742984146192752,6.742984146192752e+26,1053.2859929177955,18.327248843769407,111.26056126447808,23.54488416961584,0.0,74.90233728586713,0.0066376549080855935,0.0001154956527073519,0.0007011478511241897,0.00014837643054174232,0.0,0.00047202361946858343,5430,2783,5287,0.20614814814814814,0.3916296296296296,1,0,0
flow,0.1,0.8,0,registered,during_vibration,flow_dump_0.1_0.8.shear.wave,1946,194600,194.6,0.1946,158683.45183699526,1269.6462123899792,0.008001125496653555,8.001125496653555e+17,108,0.0006806002689615113,6.806002689615113e+26,1029.0418608443808,16.808047592558957,111.97500243132161,33.212851090064845,0.0,78.60845043165281,0.0064848719191049975,0.00010592186770568064,0.000705650155293735,0.00020930254985996997,0.0,0.0004953790046891716,5429,2783,5288,0.20614814814814814,0.3917037037037037,1,0,0
flow,0.1,0.8,0,registered,during_vibration,flow_dump_0.1_0.8.shear.wave,1947,194700,194.70000000000002,0.19469999999999998,158683.4518369953,1248.3804786998085,0.007867111940457312,7.867111940457312e+17,106,0.0006679965602770388,6.679965602770388e+26,1040.95854077956,4.0060372727037805,99.39079398031566,23.27354299627997,0.0,80.75156367094877,0.006559969100299544,2.524546338214844e-05,0.0006263463066231573,0.0001466664779903282,0.0,0.0005088845921621327,5450,2799,5251,0.20733333333333334,0.38896296296296295,1,0,0
flow,0.1,0.8,0,registered,during_vibration,flow_dump_0.1_0.8.shear.wave,1948,194800,194.8,0.1948,158683.45183699526,1250.1655899764805,0.007878361451707585,7.878361451707585e+17,106,0.0006679965602770389,6.679965602770389e+26,974.8885512993371,17.30105689633241,138.40508747471387,29.59409043611965,0.0,89.97680386997695,0.006143605650202101,0.00010902874052742822,0.0008722087014901089,0.0001864976473193919,0.0,0.0005670207121685506,5435,2800,5265,0.2074074074074074,0.39,1,0,0
flow,0.1,0.8,0,registered,during_vibration,flow_dump_0.1_0.8.shear.wave,1949,194900,194.9,0.1949,158683.45183699526,1220.2636295900745,0.007689923652805137,7.689923652805137e+17,105,0.0006616947059348027,6.616947059348027e+26,992.7601776439634,16.565595329487596,112.85426497661365,29.540608309549466,0.0,68.54298333046057,0.006256230036284808,0.0001043939688588594,0.0007111911397827492,0.00018616061074783354,0.0,0.0004319478971308875,5440,2799,5261,0.20733333333333334,0.3897037037037037,1,0,0
flow,0.1,0.8,0,registered,during_vibration,flow_dump_0.1_0.8.shear.wave,1950,195000,195.0,0.19499999999999998,158683.45183699526,1302.5986820538358,0.008208787160692137,8.208787160692137e+17,115,0.0007247132493571648,7.247132493571648e+26,1073.0270105128084,9.15642592647847,116.6987086742552,31.123408617014462,0.0,72.59312832327922,0.0067620599255368875,5.770246248414261e-05,0.0007354182639922143,0.00019613518773832465,0.0,0.00045747132094056794,5447,2786,5267,0.20637037037037037,0.39014814814814813,1,0,0
flow,0.1,0.8,0,registered,during_vibration,flow_dump_0.1_0.8.shear.wave,1951,195100,195.1,0.1951,158683.45183699526,1296.7710918665564,0.008172062536165658,8.172062536165658e+17,116,0.0007310151036994011,7.310151036994011e+26,1055.8354774540444,11.077758092194225,115.81633933263991,29.441725652740786,0.0,84.59979133493661,0.006653721388280818,6.981041793553656e-05,0.0007298577009252999,0.0001855374666476519,0.0,0.0005331355623763481,5450,2784,5266,0.20622222222222222,0.3900740740740741,1,0,0
flow,0.1,0.8,0,registered,during_vibration,flow_dump_0.1_0.8.shear.wave,1952,195200,195.20000000000002,0.19519999999999998,158683.45183699526,1272.7332162982048,0.008020579345637107,8.020579345637107e+17,104,0.0006553928515925665,6.553928515925665e+26,995.818273474869,10.738194236993735,119.19251322789698,9.40844559087719,0.0,137.57578976756827,0.006275501710775774,6.767053598017488e-05,0.0007511338570472702,5.92906537005626e-05,0.0,0.0008669825881333268,5438,2786,5276,0.20637037037037037,0.39081481481481484,1,0,0
flow,0.1,0.8,0,registered,during_vibration,flow_dump_0.1_0.8.shear.wave,1953,195300,195.3,0.1953,158683.45183699526,1267.3301891119456,0.00798653025530216,7.98653025530216e+17,102,0.000642789142908094,6.42789142908094e+26,1016.5073321777227,11.806632689938715,115.73482577564914,27.520290659049053,0.0,95.7611078095859,0.0064058811451991335,7.440367948427834e-05,0.0007293440143622265,0.00017342886318933104,0.0,0.0006034725530671892,5428,2787,5285,0.20644444444444446,0.3914814814814815,1,0,0
flow,0.1,0.8,0,registered,during_vibration,flow_dump_0.1_0.8.shear.wave,1954,195400,195.4,0.1954,158683.4518369953,1268.5842775622075,0.00799443333804799,7.99443333804799e+17,103,0.0006490909972503301,6.490909972503302e+26,1006.7793220534647,11.672179354368211,124.73581813788327,17.316840868139852,0.0,108.08011714835193,0.0063445766423562595,7.35563741476852e-05,0.0007860669571646065,0.00010912820881870067,0.0,0.0006811051555607404,5449,2792,5259,0.2068148148148148,0.38955555555555554,1,0,0
flow,0.1,0.8,0,registered,during_vibration,flow_dump_0.1_0.8.shear.wave,1955,195500,195.5,0.19549999999999998,158683.45183699526,1254.2075315948562,0.00790383317904641,7.90383317904641e+17,101,0.0006364872885658578,6.364872885658577e+26,1023.2461710028166,7.389010119311356,115.93281955518955,24.799452553807562,0.0,82.84007836373121,0.006448348325910682,4.656446550520961e-05,0.000730591742321559,0.0001562825377612932,0.0,0.0005220461075476679,5448,2799,5253,0.20733333333333334,0.38911111111111113,1,0,0
flow,0.1,0.8,0,registered,during_vibration,flow_dump_0.1_0.8.shear.wave,1956,195600,195.6,0.1956,158683.45183699526,1281.1765252314096,0.008073787848700666,8.073787848700666e+17,105,0.0006616947059348027,6.616947059348027e+26,1035.1743486547427,11.06302169989415,118.02492564845943,29.31749414300104,0.0,87.59673508531327,0.006523517964041437,6.971755133773143e-05,0.0007437758901898506,0.00018475457776855593,0.0,0.0005520218653630969,5429,2801,5270,0.2074814814814815,0.39037037037037037,1,0,0
flow,0.1,0.8,0,registered,during_vibration,flow_dump_0.1_0.8.shear.wave,1957,195700,195.70000000000002,0.19569999999999999,158683.45183699526,1213.7464348119427,0.007648853240593367,7.648853240593367e+17,106,0.0006679965602770389,6.679965602770389e+26,968.2891758786745,9.472435480582874,116.06886683280057,21.87772224233138,0.0,98.03823437755415,0.006102017347551352,5.969390866486358e-05,0.0007314490924487213,0.00013787021891107384,0.0,0.0006178226730173614,5408,2792,5300,0.2068148148148148,0.3925925925925926,1,0,0
flow,0.1,0.8,0,registered,during_vibration,flow_dump_0.1_0.8.shear.wave,1958,195800,195.8,0.1958,158683.4518369953,1302.3796868433164,0.008207407084773796,8.207407084773796e+17,109,0.0006869021233037474,6.869021233037473e+26,1047.3975573730966,6.729078805597914,129.3415097910972,29.48004181492176,0.0,89.43149905860321,0.006600546844979254,4.2405674490306894e-05,0.0008150913551084138,0.00018577892952066988,0.0,0.0005635842806751526,5415,2804,5281,0.2077037037037037,0.3911851851851852,1,0,0
flow,0.1,0.8,0,registered,during_vibration,flow_dump_0.1_0.8.shear.wave,1959,195900,195.9,0.1959,158683.45183699526,1302.5877901986853,0.008208718521807462,8.208718521807462e+17,105,0.0006616947059348027,6.616947059348027e+26,1027.3157500963036,11.839228040810273,136.52366233428035,22.800751835451976,0.0,104.10839789183898,0.006473994220592047,7.460909063770499e-05,0.0008603522342992755,0.0001436870169604934,0.0,0.0006560759593179412,5436,2800,5264,0.2074074074074074,0.38992592592592595,1,0,0
flow,0.1,0.8,0,registered,during_vibration,flow_dump_0.1_0.8.shear.wave,1960,196000,196.0,0.19599999999999998,158683.45183699526,1258.5164033542655,0.007930987061253584,7.930987061253585e+17,108,0.0006806002689615113,6.806002689615113e+26,994.4674163624279,23.198438198497627,128.75896103011877,22.914369599348227,0.0,89.17721816387329,0.006266988806015997,0.00014619317849430078,0.0008114202176694777,0.00014440301955925816,0.0,0.0005619818395145512,5437,2800,5263,0.2074074074074074,0.38985185185185184,1,0,0
flow,0.1,0.8,0,registered,during_vibration,flow_dump_0.1_0.8.shear.wave,1961,196100,196.1,0.1961,158683.45183699526,1283.4778082732726,0.008088290199230744,8.088290199230744e+17,111,0.00069950583198822,6.995058319882199e+26,1013.6089407131685,15.592445111042133,130.83766007336783,26.848338476683804,0.0,96.59042389901082,0.006387615904362732,9.826131792910073e-05,0.000824519876261379,0.0001691943184111175,0.0,0.0006086987822664181,5436,2815,5249,0.20851851851851852,0.38881481481481484,1,0,0
flow,0.1,0.8,0,registered,during_vibration,flow_dump_0.1_0.8.shear.wave,1962,196200,196.20000000000002,0.19619999999999999,158683.4518369953,1246.3340567169307,0.007854215687198466,7.854215687198467e+17,113,0.0007121095406726923,7.121095406726924e+26,1008.1962766226482,15.00923894807805,116.82863186518985,25.615566974557403,0.0,80.68434230645725,0.00635350608366082,9.458603763860658e-05,0.0007362370210171629,0.00016142557196745716,0.0,0.0005084609729144208,5443,2788,5269,0.20651851851851852,0.3902962962962963,1,0,0
flow,0.1,0.8,0,registered,during_vibration,flow_dump_0.1_0.8.shear.wave,1963,196300,196.3,0.1963,158683.45183699526,1328.66389584942,0.008373046341431154,8.373046341431154e+17,114,0.0007184113950149286,7.184113950149286e+26,1069.0370267287308,11.940947220046304,115.33725400039816,31.486038830936735,0.0,100.86262906930813,0.006736915628901745,7.525011008906227e-05,0.0007268385749440105,0.00019842043052655678,0.0,0.0006356215969697802,5436,2786,5278,0.20637037037037037,0.39096296296296296,1,0,0
flow,0.1,0.8,0,registered,during_vibration,flow_dump_0.1_0.8.shear.wave,1964,196400,196.4,0.1964,158683.45183699526,1242.976767501926,0.007833058539580747,7.833058539580746e+17,110,0.0006932039776459838,6.932039776459838e+26,1005.2498145380412,0.0,117.65055078972046,23.859104973568172,0.0,96.21729720059683,0.006334937908778706,0.0,0.0007414166343606823,0.0001503566042795503,0.0,0.0006063473921618137,5429,2782,5289,0.20607407407407408,0.3917777777777778,1,0,0
flow,0.1,0.8,0,registered,during_vibration,flow_dump_0.1_0.8.shear.wave,1965,196500,196.5,0.19649999999999998,158683.45183699526,1247.8019869738423,0.007863466369862087,7.863466369862086e+17,113,0.0007121095406726924,7.121095406726925e+26,989.5200830237676,0.0,117.6529635928467,17.052752304613875,0.0,123.57618805261458,0.00623581143193327,0.0,0.0007414318394945405,0.0001074639611579096,0.0,0.0007787591372763684,5425,2780,5295,0.20592592592592593,0.39222222222222225,1,0,0
flow,0.1,0.8,0,registered,during_vibration,flow_dump_0.1_0.8.shear.wave,1966,196600,196.6,0.1966,158683.4518369953,1319.0581414705719,0.008312512276488354,8.312512276488355e+17,104,0.0006553928515925663,6.553928515925663e+26,1000.9461671148896,4.997920530444087,164.29263839426042,24.941027844304692,0.0,123.8803875866739,0.006307816949577663,3.1496167196930595e-05,0.0010353482766623143,0.00015717472462046587,0.0,0.0007806761584309862,5429,2780,5291,0.20592592592592593,0.3919259259259259,1,0,0
flow,0.1,0.8,0,registered,during_vibration,flow_dump_0.1_0.8.shear.wave,1967,196700,196.70000000000002,0.19669999999999999,158683.45183699526,1253.1003115151923,0.00789685563937957,7.89685563937957e+17,106,0.0006679965602770389,6.679965602770389e+26,1022.8918062295724,21.606037207559524,114.01497847675313,26.306491003825375,0.0,68.28099859748156,0.006446115170725676,0.00013615809939497624,0.0007185057871936955,0.00016577967456145488,0.0,0.0004302969075037641,5441,2787,5272,0.20644444444444446,0.39051851851851854,1,0,0
flow,0.1,0.8,0,registered,during_vibration,flow_dump_0.1_0.8.shear.wave,1968,196800,196.8,0.1968,158683.45183699526,1286.4014370612986,0.008106714482003653,8.106714482003653e+17,107,0.0006742984146192752,6.742984146192752e+26,1038.8497735213782,4.261781461544832,110.25821207767942,23.880276596579584,0.0,109.15139340411682,0.006546679956196807,2.6857126009098105e-05,0.0006948311925489256,0.00015049002476395695,0.0,0.000687856182484867,5434,2790,5276,0.20666666666666667,0.39081481481481484,1,0,0
flow,0.1,0.8,0,registered,during_vibration,flow_dump_0.1_0.8.shear.wave,1969,196900,196.9,0.1969,158683.45183699526,1267.5028250347707,0.00798761818174204,7.98761818174204e+17,103,0.0006490909972503302,6.490909972503302e+26,1022.8701054860869,5.449716595319658,120.1326421923996,25.713349294508376,0.0,93.33701146645691,0.006445978415801113,3.4343320190171956e-05,0.0007570584128444831,0.00016204178190503416,0.0,0.0005881962510012429,5417,2784,5299,0.20622222222222222,0.39251851851851854,1,0,0
flow,0.1,0.8,0,registered,during_vibration,flow_dump_0.1_0.8.shear.wave,1970,197000,197.0,0.19699999999999998,158683.45183699526,1295.188087151802,0.0081620866710302,8.1620866710302e+17,103,0.0006490909972503302,6.490909972503302e+26,1064.336744539998,4.235811916016834,122.15118433985839,9.60493150517028,0.0,94.85941485075824,0.006707295135180945,2.669346971584659e-05,0.0007697789714414331,6.052887931273876e-05,0.0,0.0005977902153792374,5416,2790,5294,0.20666666666666667,0.39214814814814813,1,0,0
flow,0.1,0.8,0,registered,during_vibration,flow_dump_0.1_0.8.shear.wave,1971,197100,197.1,0.1971,158683.45183699526,1284.4002410359483,0.008094103236141632,8.094103236141632e+17,107,0.0006742984146192752,6.742984146192752e+26,1084.6018138920326,5.102641539861246,106.9707659483765,20.637529996762222,0.0,67.08748965891566,0.006835002650472782,3.2156103744849485e-05,0.0006741141858841104,0.00013005470802312616,0.0,0.00042277558801676485,5424,2778,5298,0.20577777777777778,0.39244444444444443,1,0,0
flow,0.1,0.8,0,registered,during_vibration,flow_dump_0.1_0.8.shear.wave,1972,197200,197.20000000000002,0.1972,158683.45183699526,1204.7062142835134,0.007591883087601513,7.591883087601513e+17,103,0.0006490909972503302,6.490909972503302e+26,960.5180562794161,4.802497617984083,117.31189446592097,30.04348682784942,0.0,92.03027909234339,0.006053044883760728,3.026464046747208e-05,0.0007392824715360208,0.00018932967792199942,0.0,0.0005799614139152951,5450,2770,5280,0.2051851851851852,0.39111111111111113,1,0,0
flow,0.1,0.8,0,registered,during_vibration,flow_dump_0.1_0.8.shear.wave,1973,197300,197.3,0.1973,158683.45183699526,1326.323043093867,0.008358294628329037,8.358294628329037e+17,113,0.0007121095406726924,7.121095406726925e+26,1049.0888173053136,5.51135483219858,135.51775704186952,31.901374365258825,0.0,104.3037395492259,0.006611204918726947,3.4731755380895174e-05,0.000854013165664418,0.00020103781456700943,0.0,0.0006573069739897646,5446,2789,5265,0.2065925925925926,0.39,1,0,0
flow,0.1,0.8,0,registered,during_vibration,flow_dump_0.1_0.8.shear.wave,1974,197400,197.4,0.1974,158683.45183699526,1313.2265102905244,0.008275762186214054,8.275762186214053e+17,115,0.0007247132493571648,7.247132493571648e+26,1033.782022963113,6.473496769231182,119.65460605370983,42.588415686992064,0.0,110.72796881747844,0.0065147437303358325,4.079503372463164e-05,0.000754045898728135,0.0002683859923260319,0.0,0.0006977915310994228,5437,2786,5277,0.20637037037037037,0.3908888888888889,1,0,0
flow,0.1,0.8,0,registered,during_vibration,flow_dump_0.1_0.8.shear.wave,1975,197500,197.5,0.19749999999999998,158683.45183699526,1252.5750971599302,0.007893545815014256,7.893545815014255e+17,115,0.0007247132493571648,7.247132493571648e+26,1031.6284218210185,4.904800812830101,104.1462867795149,26.38727647954288,0.0,85.50831126702441,0.00650117204962708,3.0909340300137094e-05,0.0006563147295692641,0.00016628877286239488,0.0,0.0005388609226553837,5427,2781,5292,0.206,0.392,1,0,0
flow,0.1,0.8,0,registered,during_vibration,flow_dump_0.1_0.8.shear.wave,1976,197600,197.6,0.1976,158683.45183699526,1259.8156865825074,0.007939174954907273,7.939174954907273e+17,110,0.0006932039776459838,6.932039776459838e+26,1028.480541513395,6.336223386357708,109.15827022005374,28.94434365794134,0.0,86.8963078047593,0.006481334566441644,3.992995686069698e-05,0.0006878995191772399,0.0001824030377639749,0.0,0.0005476078746637172,5437,2778,5285,0.20577777777777778,0.3914814814814815,1,0,0
flow,0.1,0.8,0,registered,during_vibration,flow_dump_0.1_0.8.shear.wave,1977,197700,197.70000000000002,0.1977,158683.4518369953,1276.3403831623941,0.008043311185803368,8.043311185803369e+17,105,0.0006616947059348026,6.616947059348026e+26,1010.9638938557108,16.017338843317614,128.71473460471017,27.339433440881738,0.0,93.30498241777337,0.006370947204338643,0.00010093893634082989,0.0008111415091784748,0.00017228912734369855,0.0,0.0005879944086017189,5426,2781,5293,0.206,0.3920740740740741,1,0,0
flow,0.1,0.8,0,registered,during_vibration,flow_dump_0.1_0.8.shear.wave,1978,197800,197.8,0.1978,158683.45183699526,1308.0335975804323,0.008243037206703106,8.243037206703107e+17,112,0.0007058076863304561,7.058076863304562e+26,1045.729629944575,6.396717284563581,124.19168782685739,22.54393939634759,0.0,109.17162312808928,0.006590035809271291,4.031118059578446e-05,0.0007826379272013259,0.00014206862237598316,0.0,0.0006879836672587251,5429,2778,5293,0.20577777777777778,0.3920740740740741,1,0,0
flow,0.1,0.8,0,registered,during_vibration,flow_dump_0.1_0.8.shear.wave,1979,197900,197.9,0.1979,158683.45183699526,1224.2831234374287,0.007715253917560677,7.715253917560677e+17,106,0.0006679965602770389,6.679965602770389e+26,997.1279462355081,14.153213100003537,110.54285608455878,17.91211195881816,0.0,84.54699605854107,0.006283755077749317,8.919148743085179e-05,0.0006966249776196699,0.00011287952052629946,0.0,0.0005328028542345453,5441,2784,5275,0.20622222222222222,0.3907407407407407,1,0,0
flow,0.1,0.8,0,registered,during_vibration,flow_dump_0.1_0.8.shear.wave,1980,198000,198.0,0.19799999999999998,158683.45183699526,1244.8142364042576,0.007844638000961631,7.844638000961631e+17,102,0.000642789142908094,6.42789142908094e+26,1024.2042441240676,0.0,114.06505411451478,22.824544421140764,0.0,83.72039374453466,0.006454385963170017,0.0,0.0007188213565689639,0.00014383695436992933,0.0,0.0005275937268527215,5447,2786,5267,0.20637037037037037,0.39014814814814813,1,0,0
flow,0.1,0.8,0,registered,during_vibration,flow_dump_0.1_0.8.shear.wave,1981,198100,198.1,0.1981,158683.4518369953,1240.0289578499946,0.007814481872525637,7.814481872525637e+17,104,0.0006553928515925663,6.553928515925663e+26,1002.6167456154434,4.432150630413439,121.56820838501253,26.769248808601386,0.0,84.64260441052394,0.006318344691955424,2.7930767695715905e-05,0.0007661051418889682,0.00016869590684288628,0.0,0.0005334053641426425,5434,2795,5271,0.20703703703703705,0.3904444444444444,1,0,0
flow,0.1,0.8,0,registered,during_vibration,flow_dump_0.1_0.8.shear.wave,1982,198200,198.20000000000002,0.1982,158683.45183699526,1227.7946951951058,0.007737383331289868,7.737383331289869e+17,108,0.0006806002689615113,6.806002689615113e+26,981.9284956621963,4.431203150419043,122.65506866635552,18.699678887486193,0.0,100.08024882864841,0.006187970354154287,2.7924796814799044e-05,0.0007729543770723538,0.00011784265259552776,0.0,0.000630691150652899,5406,2789,5305,0.2065925925925926,0.39296296296296296,1,0,0
flow,0.1,0.8,0,registered,during_vibration,flow_dump_0.1_0.8.shear.wave,1983,198300,198.3,0.1983,158683.45183699526,1250.034023505552,0.007877532338971472,7.877532338971473e+17,103,0.0006490909972503302,6.490909972503302e+26,1001.4315203977536,4.961128652819107,114.53198055824137,27.98262055590999,0.0,101.12677334082726,0.006310875575270799,3.1264310143160595e-05,0.0007217638590058672,0.00017634239885740976,0.0,0.0006372861956942298,5408,2778,5314,0.20577777777777778,0.3936296296296296,1,0,0
flow,0.1,0.8,0,registered,during_vibration,flow_dump_0.1_0.8.shear.wave,1984,198400,198.4,0.1984,158683.45183699526,1197.2918199599915,0.007545158654538774,7.545158654538774e+17,99,0.0006238835798813854,6.238835798813854e+26,958.5488784986981,13.295567412723889,107.08225299734062,21.683437505376933,0.0,96.68168354585237,0.006040635412212675,8.378672923236837e-05,0.000674816761027728,0.00013664586479786726,0.0,0.0006092738872681375,5411,2782,5307,0.20607407407407408,0.39311111111111113,1,0,0
flow,0.1,0.8,0,registered,during_vibration,flow_dump_0.1_0.8.shear.wave,1985,198500,198.5,0.19849999999999998,158683.4518369953,1249.7030848877475,0.007875446812005844,7.875446812005844e+17,104,0.0006553928515925663,6.553928515925663e+26,1000.8704057015441,22.15659851802674,127.87773142237889,24.456639878877432,0.0,74.34170936692064,0.006307339512185998,0.0001396276565800113,0.0008058668370394349,0.00015412218221721113,0.0,0.0004684906239831915,5419,2775,5306,0.20555555555555555,0.393037037037037,1,0,0
flow,0.1,0.8,0,registered,during_vibration,flow_dump_0.1_0.8.shear.wave,1986,198600,198.6,0.1986,158683.45183699526,1217.8923246290674,0.0076749800343398475,7.674980034339848e+17,104,0.0006553928515925665,6.553928515925665e+26,951.8060803564263,8.82656549908847,123.32078089337804,31.893980708767145,0.0,102.04491717140729,0.005998143280460977,5.562373011746305e-05,0.0007771495985608954,0.00020099122082074233,0.0,0.0006430722043797681,5405,2769,5326,0.2051111111111111,0.39451851851851855,1,0,0
flow,0.1,0.8,0,registered,during_vibration,flow_dump_0.1_0.8.shear.wave,1987,198700,198.70000000000002,0.1987,158683.45183699526,1208.364127413216,0.007614934723341451,7.614934723341452e+17,108,0.0006806002689615113,6.806002689615113e+26,981.5077643267239,4.438886123578008,108.9946939822135,31.02716905168505,0.0,82.3956139290153,0.0061853189665609255,2.7973213792562156e-05,0.0006868686855525197,0.00019552870001565857,0.0,0.0005192451574197839,5404,2771,5325,0.20525925925925925,0.39444444444444443,1,0,0
flow,0.1,0.8,0,registered,during_vibration,flow_dump_0.1_0.8.shear.wave,1988,198800,198.8,0.1988,158683.45183699526,1240.8195599328512,0.00781946413169447,7.819464131694469e+17,116,0.0007310151036994011,7.310151036994011e+26,982.2251930447064,5.717421582206326,123.82050072507239,28.75690269058409,0.0,100.29954189028226,0.0061898400978425885,3.603035802422199e-05,0.00078029876015216,0.00018122181208992167,0.0,0.0006320731035855785,5406,2776,5318,0.20562962962962963,0.3939259259259259,1,0,0
flow,0.1,0.8,0,registered,during_vibration,flow_dump_0.1_0.8.shear.wave,1989,198900,198.9,0.1989,158683.4518369953,1210.8062485194998,0.007630324614839351,7.630324614839351e+17,99,0.0006238835798813853,6.238835798813853e+26,961.5942739331745,4.081162889802718,118.64766678738833,29.352831465637195,0.0,97.13031344349682,0.006059827050655255,2.5718894078476555e-05,0.0007477003141402986,0.00018497726842865356,0.0,0.000612101087536665,5404,2783,5313,0.20614814814814814,0.39355555555555555,1,0,0
flow,0.1,0.8,0,registered,during_vibration,flow_dump_0.1_0.8.shear.wave,1990,199000,199.0,0.19899999999999998,158683.45183699526,1225.4819041831595,0.00772280845920855,7.72280845920855e+17,107,0.0006742984146192752,6.742984146192752e+26,960.5916610456276,4.8657164501509955,122.01917310673237,21.110623095261627,0.0,116.89473048538663,0.006053508730276287,3.066303633947424e-05,0.0007689470558787339,0.00013303607182018663,0.0,0.0007366535648938659,5411,2771,5318,0.20525925925925925,0.3939259259259259,1,0,0
flow,0.1,0.8,0,registered,during_vibration,flow_dump_0.1_0.8.shear.wave,1991,199100,199.1,0.1991,158683.45183699526,1215.4311250894648,0.007659469913334093,7.659469913334093e+17,109,0.0006869021233037475,6.869021233037475e+26,971.9330210651806,5.210764445697526,118.94029219958581,26.187609346966212,0.0,93.15943803203518,0.006124980329162372,3.283747854848904e-05,0.0007495443968648041,0.00016503049967596473,0.0,0.0005870772090824666,5388,2771,5341,0.20525925925925925,0.3956296296296296,1,0,0
flow,0.1,0.8,0,registered,during_vibration,flow_dump_0.1_0.8.shear.wave,1992,199200,199.20000000000002,0.1992,158683.45183699526,1280.1965451504113,0.008067612156971922,8.067612156971922e+17,108,0.0006806002689615113,6.806002689615113e+26,1056.285302332001,4.406657071263989,122.25405321060029,30.328435615983338,0.0,66.92209692056353,0.006656556119141215,2.7770110999290898e-05,0.0007704272360811988,0.0001911253836798161,0.0,0.0004217333070704062,5393,2782,5325,0.20607407407407408,0.39444444444444443,1,0,0
flow,0.1,0.8,0,registered,during_vibration,flow_dump_0.1_0.8.shear.wave,1993,199300,199.3,0.19929999999999998,158683.45183699526,1194.950251271007,0.007530402429728452,7.530402429728452e+17,104,0.0006553928515925665,6.553928515925665e+26,951.5447904369446,4.341152605077282,126.58607456258805,20.134389746823484,0.0,92.34384391957337,0.00599649666944731,2.735731139461633e-05,0.0007977270036488829,0.0001268839914542959,0.0,0.0005819374537833469,5394,2781,5325,0.206,0.39444444444444443,1,0,0
flow,0.1,0.8,0,registered,during_vibration,flow_dump_0.1_0.8.shear.wave,1994,199400,199.4,0.1994,158683.45183699526,1137.1653253572404,0.007166250243442984,7.166250243442985e+17,92,0.0005797705994857318,5.7977059948573184e+26,915.6009103467192,10.241929413436598,107.982093003993,28.083032685392727,0.0,75.25735990769894,0.005769983572623904,6.454314734694225e-05,0.0006804874216809682,0.00017697518147160373,0.0,0.00047426092031956627,5386,2779,5335,0.20585185185185184,0.3951851851851852,1,0,0
flow,0.1,0.8,0,registered,during_vibration,flow_dump_0.1_0.8.shear.wave,1995,199500,199.5,0.19949999999999998,158683.45183699526,1172.0651576735743,0.007386183903268989,7.38618390326899e+17,98,0.0006175817255391491,6.1758172553914915e+26,964.8072415777124,12.99379199817728,106.88644170090359,20.66857330938839,0.0,66.7091090873924,0.0060800747047574525,8.188498452582769e-05,0.0006735827867590175,0.00013025033845759677,0.0,0.00042039108876909325,5387,2786,5327,0.20637037037037037,0.3945925925925926,1,0,0
flow,0.1,0.8,0,registered,during_vibration,flow_dump_0.1_0.8.shear.wave,1996,199600,199.6,0.1996,158683.4518369953,1168.1305751588093,0.007361388737363429,7.361388737363429e+17,101,0.0006364872885658577,6.364872885658577e+26,956.6740305015837,7.424747634408943,98.81285486725494,26.784503079454023,0.0,78.4344390761075,0.006028820393221027,4.678967811990806e-05,0.0006227042185139674,0.0001687920370358966,0.0,0.0004942824104726298,5404,2777,5319,0.2057037037037037,0.394,1,0,0
flow,0.1,0.8,0,registered,during_vibration,flow_dump_0.1_0.8.shear.wave,1997,199700,199.70000000000002,0.1997,158683.45183699526,1254.3394117802313,0.007904664268765271,7.904664268765271e+17,102,0.000642789142908094,6.42789142908094e+26,1027.8255374165956,9.117169387759242,112.63563633230964,41.15157211117375,0.0,63.609496532392846,0.006477206826030045,5.745507349515368e-05,0.0007098133739113048,0.0002593312133986471,0.0,0.00040085778193011936,5418,2773,5309,0.2054074074074074,0.39325925925925925,1,0,0
flow,0.1,0.8,0,registered,during_vibration,flow_dump_0.1_0.8.shear.wave,1998,199800,199.8,0.19979999999999998,158683.45183699526,1223.0643063000266,0.007707573109490948,7.707573109490948e+17,108,0.0006806002689615113,6.806002689615113e+26,964.6379855915518,27.56085092495647,122.89751343777273,29.765901481884235,0.0,78.20205486386126,0.006079008078186117,0.00017368446807716195,0.0007744822287078617,0.00018758037550418758,0.0,0.0004928179590156189,5409,2778,5313,0.20577777777777778,0.39355555555555555,1,0,0
flow,0.1,0.8,0,registered,during_vibration,flow_dump_0.1_0.8.shear.wave,1999,199900,199.9,0.1999,158683.45183699526,1239.6931990654773,0.007812365969571484,7.812365969571484e+17,108,0.0006806002689615113,6.806002689615113e+26,978.9347092381397,4.437329327449914,130.3768057547375,32.27534552871711,0.0,93.66900921643305,0.006169103948178118,2.796340309012235e-05,0.0008216156394723801,0.00020339452636732017,0.0,0.0005902884524635428,5410,2782,5308,0.20607407407407408,0.3931851851851852,1,0,0
flow,0.1,0.8,0,registered,during_vibration,flow_dump_0.1_0.8.shear.wave,2000,200000,200.0,0.19999999999999998,158683.4518369953,1240.2241790396465,0.007815712128027341,7.815712128027341e+17,108,0.0006806002689615112,6.806002689615112e+26,1009.5054441954494,3.911238399972431,108.80095013914276,46.35470750678974,0.0,71.65183879829152,0.006361756267014192,2.464805469438729e-05,0.0006856477400737827,0.00029212061478475255,0.0,0.0004515394514602227,5402,2772,5326,0.20533333333333334,0.39451851851851855,1,0,0
flow,0.1,0.8,0,registered,during_vibration,flow_dump_0.1_0.8.shear.wave,2001,200100,200.1,0.2001,158683.45183699526,1284.9653636328144,0.00809766455643259,8.09766455643259e+17,110,0.0006932039776459838,6.932039776459838e+26,1045.4383004549895,5.224303826142519,113.43595104937114,26.207028152153477,0.0,94.65978015015729,0.0065881998932623255,3.2922801751937506e-05,0.0007148568406861744,0.00016515287415775514,0.0,0.0005965321465743943,5396,2771,5333,0.20525925925925925,0.395037037037037,1,0,0
flow,0.1,0.8,0,registered,during_vibration,flow_dump_0.1_0.8.shear.wave,2002,200200,200.20000000000002,0.2002,158683.45183699526,1266.125134022923,0.007978936173656768,7.978936173656768e+17,109,0.0006869021233037475,6.869021233037475e+26,1020.8676544494252,0.0,114.87538446108155,28.279754181820053,0.0,102.10234093059549,0.0064333592610406115,0.0,0.0007239279403821215,0.00017821489168807548,0.0,0.0006434340805459557,5398,2771,5331,0.20525925925925925,0.3948888888888889,1,0,0
flow,0.1,0.8,0,registered,during_vibration,flow_dump_0.1_0.8.shear.wave,2003,200300,200.3,0.20029999999999998,158683.45183699526,1226.0283826820057,0.007726252287109442,7.726252287109443e+17,102,0.000642789142908094,6.42789142908094e+26,992.1506937102714,16.616162169567648,125.92455314350076,20.617666034123268,0.0,70.71930762454241,0.0062523891573107475,0.00010471263371959103,0.0007935581920215254,0.00012992952822391584,0.0,0.0004456627758336613,5393,2768,5339,0.20503703703703705,0.3954814814814815,1,0,0
flow,0.1,0.8,0,registered,during_vibration,flow_dump_0.1_0.8.shear.wave,2004,200400,200.4,0.2004,158683.4518369953,1206.3565283913788,0.007602283126728216,7.602283126728216e+17,102,0.0006427891429080939,6.427891429080939e+26,974.4649904340972,15.760150095025331,125.64771474007442,22.737234947654343,0.0,67.74643817452656,0.006140936431324287,9.931817031062987e-05,0.0007918135967267952,0.00014328674278532054,0.0,0.00042692818558117746,5386,2771,5343,0.20525925925925925,0.3957777777777778,1,0,0
flow,0.1,0.8,0,registered,during_vibration,flow_dump_0.1_0.8.shear.wave,2005,200500,200.5,0.20049999999999998,158683.45183699526,1236.3161930918507,0.007791084569812827,7.791084569812827e+17,98,0.0006175817255391491,6.1758172553914915e+26,1003.9282683255774,5.111278754006156,115.85616784282436,36.87488132598713,0.0,74.54559684345531,0.0063266097170412245,3.221053421031341e-05,0.0007301086943951506,0.00023238013100361716,0.0,0.00046977549316251925,5385,2775,5340,0.20555555555555555,0.39555555555555555,1,0,0
flow,0.1,0.8,0,registered,during_vibration,flow_dump_0.1_0.8.shear.wave,2006,200600,200.6,0.2006,158683.45183699526,1162.8870998240513,0.007328345119556678,7.328345119556678e+17,96,0.0006049780168546768,6.049780168546768e+26,934.6320579680015,15.247204086736996,105.3095732657138,21.442232095746505,0.0,86.25603240785225,0.005889915092898821,9.608565928096532e-05,0.0006636455915635814,0.00013512582343981687,0.0,0.0005435729523734915,5367,2774,5359,0.2054814814814815,0.39696296296296296,1,0,0
flow,0.1,0.8,0,registered,during_vibration,flow_dump_0.1_0.8.shear.wave,2007,200700,200.70000000000002,0.2007,158683.45183699526,1168.5925196972364,0.0073642998445587905,7.36429984455879e+17,90,0.0005671668908012594,5.671668908012594e+26,953.0621083322781,6.00677972510712,99.71785308426672,26.061216494371152,0.0,83.74456206121363,0.0060060585858145695,3.785385089352277e-05,0.0006284073854575593,0.00016423399032901095,0.0,0.0005277460320641294,5367,2775,5358,0.20555555555555555,0.3968888888888889,1,0,0
flow,0.1,0.8,0,registered,during_vibration,flow_dump_0.1_0.8.shear.wave,2008,200800,200.8,0.20079999999999998,158683.4518369953,1172.5547430027143,0.007389269198701324,7.389269198701324e+17,96,0.0006049780168546767,6.0497801685467664e+26,971.4668858095093,0.0,108.03563652558684,22.542884611311575,0.0,70.50933605630664,0.006122042812677349,0.0,0.0006808248451550228,0.0001420619752743238,0.0,0.0004443395655946285,5365,2772,5363,0.20533333333333334,0.39725925925925926,1,0,0
flow,0.1,0.8,0,registered,during_vibration,flow_dump_0.1_0.8.shear.wave,2009,200900,200.9,0.2009,158683.45183699526,1249.6356237315767,0.0078750216816259,7.8750216816259e+17,101,0.0006364872885658578,6.364872885658577e+26,1027.5260585960993,0.0,101.7752690627643,32.9446426572121,0.0,87.38965341550139,0.006475319554124693,0.0,0.0006413729212754403,0.00020761233938277254,0.0,0.0005507168668429954,5376,2779,5345,0.20585185185185184,0.3959259259259259,1,0,0
flow,0.1,0.8,0,registered,during_vibration,flow_dump_0.1_0.8.shear.wave,2010,201000,201.0,0.20099999999999998,158683.45183699526,1226.1270121121381,0.007726873835411995,7.726873835411995e+17,112,0.0007058076863304561,7.058076863304562e+26,1001.8048324069318,16.009865740875394,109.7394080949826,22.48447232394731,0.0,76.08843354540039,0.006313228133176848,0.00010089184193775444,0.0006915617654177982,0.00014169386954755736,0.0,0.0004794982253320332,5391,2779,5330,0.20585185185185184,0.39481481481481484,1,0,0
flow,0.1,0.8,0,registered,during_vibration,flow_dump_0.1_0.8.shear.wave,2011,201100,201.1,0.2011,158683.45183699526,1244.1511123757161,0.007840459089922924,7.840459089922925e+17,110,0.0006932039776459838,6.932039776459838e+26,994.2893144878074,7.205400064559929,126.88684802073588,22.00171806277696,0.0,93.76783173983657,0.00626586643394406,4.54073816843961e-05,0.0007996224341721412,0.00013865162251056797,0.0,0.000590911217611764,5397,2777,5326,0.2057037037037037,0.39451851851851855,1,0,0
flow,0.1,0.8,0,registered,during_vibration,flow_dump_0.1_0.8.shear.wave,2012,201200,201.20000000000002,0.2012,158683.45183699526,1256.6155255479036,0.0079190080061955,7.919008006195501e+17,118,0.0007436188123838735,7.436188123838735e+26,1030.6472471983677,3.623021038805926,109.43634177878207,31.952185129025104,0.0,80.95673040292442,0.006494988830070836,2.2831750865412292e-05,0.0006896518856370643,0.00020135801659928228,0.0,0.000510177523022916,5397,2763,5340,0.20466666666666666,0.39555555555555555,1,0,0
flow,0.1,0.8,0,registered,during_vibration,flow_dump_0.1_0.8.shear.wave,2013,201300,201.3,0.20129999999999998,158683.45183699526,1277.2013891736221,0.008048737120273918,8.048737120273917e+17,111,0.00069950583198822,6.995058319882199e+26,1050.5611000984363,13.403019233436579,109.1966593423655,34.01995292770383,0.0,70.02065757168019,0.006620483030439787,8.446387495530783e-05,0.0006881414418343749,0.00021438878808012203,0.0,0.000441259984964328,5374,2760,5366,0.20444444444444446,0.3974814814814815,1,0,0
flow,0.1,0.8,0,registered,during_vibration,flow_dump_0.1_0.8.shear.wave,2014,201400,201.4,0.2014,158683.45183699526,1255.1970865506148,0.00791006921024124,7.91006921024124e+17,107,0.0006742984146192752,6.742984146192752e+26,1034.540948017598,4.268462388728707,116.60130936549324,33.74971920957575,0.0,66.0366475692193,0.006519526365485872,2.6899228239081976e-05,0.0007348044677353619,0.00021268581455011798,0.0,0.0004161533342308073,5377,2763,5360,0.20466666666666666,0.397037037037037,1,0,0
flow,0.1,0.8,0,registered,during_vibration,flow_dump_0.1_0.8.shear.wave,2015,201500,201.5,0.20149999999999998,158683.4518369953,1164.6605234826693,0.007339520977140363,7.339520977140364e+17,97,0.0006112798711969128,6.1127987119691286e+26,945.9011303552046,5.057788207177092,113.11375851266476,27.8657653115741,0.0,72.722081096049,0.00596093114565509,3.187344457551008e-05,0.000712826430249695,0.00017560599412847855,0.0,0.00045828396253159054,5359,2747,5394,0.20348148148148149,0.39955555555555555,1,0,0
flow,0.1,0.8,0,registered,during_vibration,flow_dump_0.1_0.8.shear.wave,2016,201600,201.6,0.2016,158683.45183699526,1137.6838342261951,0.007169517810810295,7.169517810810295e+17,100,0.0006301854342236216,6.301854342236216e+26,946.1084049974702,5.658637491487909,99.32055716966704,19.340481499737166,0.0,67.25575306783306,0.005962237360259488,3.565990924687373e-05,0.0006259036844729866,0.00012188089732005786,0.0,0.00042383595951089046,5362,2755,5383,0.20407407407407407,0.39874074074074073,1,0,0
flow,0.1,0.8,0,registered,during_vibration,flow_dump_0.1_0.8.shear.wave,2017,201700,201.70000000000002,0.2017,158683.45183699526,1163.8655635709301,0.007334511255568667,7.334511255568667e+17,99,0.0006238835798813854,6.238835798813854e+26,963.2944552234954,5.089341527538433,100.4856980597206,19.20965803265794,0.0,75.78641072751802,0.006070541345502255,3.207228900444117e-05,0.0006332462326502876,0.00012105646688597826,0.0,0.0004775949215257068,5367,2755,5378,0.20407407407407407,0.3983703703703704,1,0,0
flow,0.1,0.8,0,registered,during_vibration,flow_dump_0.1_0.8.shear.wave,2018,201800,201.8,0.20179999999999998,158683.45183699526,1232.6614147740702,0.0077680526892010115,7.768052689201011e+17,101,0.0006364872885658578,6.364872885658577e+26,998.9333827506753,12.375139523316015,108.5196428016497,25.187214419632937,0.0,87.64603527879609,0.0062951326756920545,7.798632674078805e-05,0.0006838749822074993,0.00015872615655919845,0.0,0.0005523325480014697,5362,2760,5378,0.20444444444444446,0.3983703703703704,1,0,0
flow,0.1,0.8,0,registered,during_vibration,flow_dump_0.1_0.8.shear.wave,2019,201900,201.9,0.2019,158683.4518369953,1193.9127285026414,0.007523864112365457,7.523864112365457e+17,95,0.0005986761625124404,5.986761625124404e+26,957.2635607044512,5.7504954373326775,108.74704797400435,21.892312588080397,0.0,100.25931179877306,0.006032535526689846,3.623878464176447e-05,0.0006853080564803493,0.000137962165144787,0.0,0.0006318195794087126,5373,2760,5367,0.20444444444444446,0.39755555555555555,1,0,0
flow,0.1,0.8,0,registered,during_vibration,flow_dump_0.1_0.8.shear.wave,2020,202000,202.0,0.20199999999999999,158683.45183699526,1191.838039717973,0.007510789725839008,7.510789725839008e+17,97,0.000611279871196913,6.112798711969129e+26,970.8191152860455,6.641657300162996,109.39754085342634,19.593871809310006,0.0,85.38585446902788,0.006117960657191288,4.185475689667704e-05,0.0006894073678571286,0.00012347772614272005,0.0,0.0005380892177511929,5359,2765,5376,0.2048148148148148,0.3982222222222222,1,0,0
flow,0.1,0.8,0,registered,during_vibration,flow_dump_0.1_0.8.shear.wave,2021,202100,202.1,0.2021,158683.45183699526,1242.0214967597954,0.00782703856250644,7.827038562506441e+17,101,0.0006364872885658578,6.364872885658577e+26,1060.5314829105707,3.5940670567681243,93.80510591551891,18.099274590328243,0.0,65.99156628660864,0.006683314930658194,2.264928708798234e-05,0.000591146114037641,0.00011405899216838564,0.0,0.0004158692385542338,5355,2770,5375,0.2051851851851852,0.39814814814814814,1,0,0
flow,0.1,0.8,0,registered,during_vibration,flow_dump_0.1_0.8.shear.wave,2022,202200,202.20000000000002,0.2022,158683.45183699526,1220.8173715781454,0.007693413254157139,7.693413254157139e+17,102,0.000642789142908094,6.42789142908094e+26,1006.8226059050301,0.0,115.55460400489847,21.6475133349959,0.0,76.7926483332207,0.006344849410884196,0.0,0.0007282082830136559,0.0001364194759087603,0.0,0.00048393608435052556,5373,2775,5352,0.20555555555555555,0.39644444444444443,1,0,0
flow,0.1,0.8,0,registered,during_vibration,flow_dump_0.1_0.8.shear.wave,2023,202300,202.3,0.20229999999999998,158683.4518369953,1277.58955773604,0.008051183302014509,8.051183302014509e+17,112,0.000705807686330456,7.058076863304561e+26,1029.8902657572764,4.788916837434286,120.66176936906298,26.130929102088942,0.0,96.11767667017733,0.006490218443289302,3.0179056366593376e-05,0.0007603928952403343,0.00016467330902866588,0.0,0.0006057195980896135,5371,2772,5357,0.20533333333333334,0.39681481481481484,1,0,0
flow,0.1,0.8,0,registered,during_vibration,flow_dump_0.1_0.8.shear.wave,2024,202400,202.4,0.2024,158683.45183699526,1239.8165523473167,0.007813143323986272,7.813143323986272e+17,110,0.0006932039776459838,6.932039776459838e+26,1001.5636624798661,6.260912158835357,111.25475576509781,43.811019644827155,0.0,76.92620229869016,0.006311708315424752,3.945535647451611e-05,0.0007011112657127113,0.00027609066438655016,0.0,0.00048477772198774214,5376,2780,5344,0.20592592592592593,0.39585185185185184,1,0,0
flow,0.1,0.8,0,registered,during_vibration,flow_dump_0.1_0.8.shear.wave,2025,202500,202.5,0.20249999999999999,158683.45183699526,1266.0656136318992,0.007978561084822143,7.978561084822143e+17,113,0.0007121095406726924,7.121095406726925e+26,1028.2171533705477,15.150880913309297,113.45461870958896,40.4321162298085,0.0,68.81084440864404,0.006479674732729947,9.5478644672242e-05,0.0007149744815617774,0.00025479730722861805,0.0,0.00043363591862955413,5374,2774,5352,0.2054814814814815,0.39644444444444443,1,0,0
flow,0.1,0.8,0,registered,during_vibration,flow_dump_0.1_0.8.shear.wave,2026,202600,202.6,0.2026,158683.45183699526,1266.756875513069,0.007982917316509614,7.982917316509614e+17,110,0.0006932039776459838,6.932039776459838e+26,1028.0849358328296,10.669103203527339,108.04952435927893,28.91250425565998,0.0,91.04080786177323,0.006478841517065759,6.723513435091508e-05,0.0006809123642600798,0.0001822023904884539,0.0,0.0005737259103444087,5377,2775,5348,0.20555555555555555,0.39614814814814814,1,0,0
flow,0.1,0.8,0,registered,during_vibration,flow_dump_0.1_0.8.shear.wave,2027,202700,202.70000000000002,0.2027,158683.4518369953,1172.8161149745754,0.007390916326797135,7.390916326797135e+17,101,0.0006364872885658577,6.364872885658577e+26,939.9263975970671,6.218216704918568,110.53996555646319,20.361302333757813,0.0,95.7702327823682,0.0059232792500795205,3.9186295942856844e-05,0.0006966067619326392,0.00012831396152557605,0.0,0.0006035300573165401,5366,2762,5372,0.2045925925925926,0.3979259259259259,1,0,0
flow,0.1,0.8,0,registered,during_vibration,flow_dump_0.1_0.8.shear.wave,2028,202800,202.8,0.20279999999999998,158683.45183699526,1157.556440278618,0.0072947520795533065,7.294752079553307e+17,100,0.0006301854342236216,6.301854342236216e+26,926.9710837655024,6.03231380453614,123.83352615311999,24.393218177326325,0.0,76.3262983781334,0.005841636749355042,3.801476294284754e-05,0.0007803808445024612,0.0001537225078918993,0.0,0.00048099721486105705,5372,2766,5362,0.2048888888888889,0.3971851851851852,1,0,0
flow,0.1,0.8,0,registered,during_vibration,flow_dump_0.1_0.8.shear.wave,2029,202900,202.9,0.2029,158683.45183699526,1155.6577367803693,0.0072827867266682484,7.282786726668248e+17,101,0.0006364872885658578,6.364872885658577e+26,911.1780725705302,4.971543678849698,102.05409837368418,17.82877918754141,0.0,119.62524296976399,0.005742111493179021,3.132994412017598e-05,0.0006431300629792037,0.00011235436953977851,0.0,0.0007538608568500696,5369,2757,5374,0.20422222222222222,0.3980740740740741,1,0,0
flow,0.1,0.8,0,registered,during_vibration,flow_dump_0.1_0.8.shear.wave,2030,203000,203.0,0.20299999999999999,158683.45183699526,1235.2503085237336,0.007784367520518916,7.784367520518916e+17,105,0.0006616947059348027,6.616947059348027e+26,1000.692712709127,0.0,122.01513958848922,20.534071648480555,0.0,92.00838457763743,0.00630621971683015,0.0,0.0007689216372342788,0.00012940272858176676,0.0,0.0005798234378727241,5371,2757,5372,0.20422222222222222,0.3979259259259259,1,0,0
flow,0.1,0.8,0,registered,during_vibration,flow_dump_0.1_0.8.shear.wave,2031,203100,203.1,0.2031,158683.45183699526,1180.2856025435178,0.007437987949467756,7.437987949467757e+17,104,0.0006553928515925665,6.553928515925665e+26,971.1783491242002,19.4317266199507,107.79638982998894,22.1416949973222,0.0,59.73744197205541,0.00612022449651414,0.0001224559107770834,0.0006793171473275036,0.0001395337367633448,0.0,0.00037645665808568133,5357,2753,5390,0.20392592592592593,0.39925925925925926,1,0,0
flow,0.1,0.8,0,registered,during_vibration,flow_dump_0.1_0.8.shear.wave,2032,203200,203.20000000000002,0.2032,158683.45183699526,1217.3727233408745,0.007671705582705617,7.671705582705618e+17,98,0.0006175817255391491,6.1758172553914915e+26,971.6483048564751,19.069390366813707,114.44828630914942,24.5359945097707,0.0,87.67074729866577,0.006123186089086236,0.00012017252048690243,0.000721236430038807,0.00015462226354248244,0.0,0.0005524882795511909,5342,2747,5411,0.20348148148148149,0.4008148148148148,1,0,0
flow,0.1,0.8,0,registered,during_vibration,flow_dump_0.1_0.8.shear.wave,2033,203300,203.3,0.20329999999999998,158683.45183699526,1213.7381645925684,0.007648801122875492,7.648801122875492e+17,101,0.0006364872885658578,6.364872885658577e+26,1004.5382934294414,5.332675344266288,109.87569958792052,25.741711933802982,0.0,68.2497842971375,0.006330454006390884,3.3605743274000515e-05,0.0006924206545543789,0.00016222051912663014,0.0,0.000430100199529601,5355,2758,5387,0.2042962962962963,0.399037037037037,1,0,0
flow,0.1,0.8,0,registered,during_vibration,flow_dump_0.1_0.8.shear.wave,2034,203400,203.4,0.2034,158683.45183699526,1187.7514503910486,0.007485036635144193,7.485036635144193e+17,99,0.0006238835798813854,6.238835798813854e+26,1009.5175446950419,4.565704678238225,92.37537652851744,25.085754204422084,0.0,56.207070284828966,0.006361832522600093,2.8772405851923762e-05,0.000582136167691943,0.00015808676906140773,0.0,0.0003542087699388256,5364,2766,5370,0.2048888888888889,0.3977777777777778,1,0,0
flow,0.1,0.8,0,registered,during_vibration,flow_dump_0.1_0.8.shear.wave,2035,203500,203.5,0.2035,158683.45183699526,1243.2400437032309,0.007834717667853148,7.834717667853147e+17,104,0.0006553928515925665,6.553928515925665e+26,1020.7076858459994,4.489447101550601,105.17771295375037,30.82101992970705,0.0,82.04417787222376,0.006432351162202491,2.8291841711146448e-05,0.0006628146270840661,0.0001942295782761733,0.0,0.0005170304585792738,5369,2767,5364,0.20496296296296296,0.3973333333333333,1,0,0
flow,0.1,0.8,0,registered,during_vibration,flow_dump_0.1_0.8.shear.wave,2036,203600,203.6,0.2036,158683.45183699526,1257.8957834150149,0.007927076004794538,7.927076004794538e+17,113,0.0007121095406726924,7.121095406726925e+26,1001.2155352658606,7.556161350786497,126.89085540570645,35.39900009088074,0.0,86.83423130178132,0.0063095144684295204,4.761782821909136e-05,0.000799647688128519,0.000223079342433537,0.0,0.0005472166775838745,5364,2769,5367,0.2051111111111111,0.39755555555555555,1,0,0
flow,0.1,0.8,0,registered,during_vibration,flow_dump_0.1_0.8.shear.wave,2037,203700,203.70000000000002,0.2037,158683.45183699526,1270.0561288093777,0.008003708730221095,8.003708730221096e+17,109,0.0006869021233037475,6.869021233037475e+26,1026.0607266902143,7.410894636794944,117.71628710051705,33.77405202621787,0.0,85.09416835563363,0.006466085245890775,4.6702378546741304e-05,0.0007418308950163184,0.00021283915641633297,0.0,0.0005362510543509294,5372,2761,5367,0.20451851851851852,0.39755555555555555,1,0,0
flow,0.1,0.8,0,registered,during_vibration,flow_dump_0.1_0.8.shear.wave,2038,203800,203.8,0.20379999999999998,158683.4518369953,1284.1566016846402,0.008092567856437652,8.092567856437652e+17,108,0.0006806002689615112,6.806002689615112e+26,1027.406868511082,6.70127543264125,113.98442016726067,42.82228828121979,0.0,93.2417492924367,0.0064745684355698736,4.223046168371113e-05,0.0007183132131783288,0.0002698598233494959,0.0,0.0005875959226562426,5360,2763,5377,0.20466666666666666,0.3982962962962963,1,0,0
flow,0.1,0.8,0,registered,during_vibration,flow_dump_0.1_0.8.shear.wave,2039,203900,203.9,0.2039,158683.45183699526,1201.4934765179967,0.007571636882163424,7.571636882163424e+17,103,0.0006490909972503302,6.490909972503302e+26,959.2706690280439,0.0,109.97920412577672,47.1039215959964,0.0,85.13968176817973,0.006045184030994219,0.0,0.0006930729250757092,0.0002968420528460842,0.0,0.000536537873247413,5362,2764,5374,0.20474074074074075,0.3980740740740741,1,0,0
flow,0.1,0.8,0,registered,during_vibration,flow_dump_0.1_0.8.shear.wave,2040,204000,204.0,0.204,158683.45183699526,1184.9542080823062,0.007467408821554558,7.467408821554557e+17,101,0.0006364872885658578,6.364872885658577e+26,956.1822695419966,3.446208065644376,109.81160440558114,25.30841697403041,0.0,90.20570909505369,0.006025721387282511,2.1717501262730483e-05,0.000692016736051237,0.0001594899574029183,0.0,0.000568463239555161,5364,2756,5380,0.20414814814814816,0.3985185185185185,1,0,0
flow,0.1,0.8,0,registered,during_vibration,flow_dump_0.1_0.8.shear.wave,2041,204100,204.1,0.2041,158683.45183699526,1169.6260965050315,0.0073708132950530275,7.370813295053028e+17,99,0.0006238835798813854,6.238835798813854e+26,889.2769043132371,0.0,118.05461883997646,23.539479984265604,0.0,138.7550933675524,0.005604093520896753,0.0,0.000743963012357747,0.00014834237415282668,0.0,0.0008744143876457017,5362,2758,5380,0.2042962962962963,0.3985185185185185,1,0,0
flow,0.1,0.8,0,registered,during_vibration,flow_dump_0.1_0.8.shear.wave,2042,204200,204.20000000000002,0.2042,158683.4518369953,1193.6868999590536,0.007522440973777448,7.522440973777448e+17,98,0.000617581725539149,6.17581725539149e+26,974.6081613567247,4.590938360597723,111.50657820477292,22.91399193766732,0.0,80.06723009929094,0.006141838673624729,2.893142484267157e-05,0.0007026982140476503,0.0001444006395903544,0.0,0.0005045720216720427,5375,2752,5373,0.20385185185185184,0.398,1,0,0
flow,0.1,0.8,0,registered,during_vibration,flow_dump_0.1_0.8.shear.wave,2043,204300,204.3,0.20429999999999998,158683.45183699526,1186.7325319847303,0.007478615559760951,7.478615559760951e+17,102,0.000642789142908094,6.42789142908094e+26,959.2308809844488,4.9521410151332175,112.86261233409056,18.221298157892853,0.0,91.46559949316442,0.00604493329253892,3.120767135958333e-05,0.0007112437436137113,0.00011482796691749784,0.0,0.0005764028853312369,5368,2745,5387,0.20333333333333334,0.399037037037037,1,0,0
flow,0.1,0.8,0,registered,during_vibration,flow_dump_0.1_0.8.shear.wave,2044,204400,204.4,0.2044,158683.45183699526,1231.0882815570446,0.007758139032806383,7.758139032806383e+17,102,0.000642789142908094,6.42789142908094e+26,984.7706397595434,21.74941970012056,107.52657354937745,29.78127853849798,0.0,87.26037000950497,0.006205881132275415,0.00013706167497832265,0.0006776168044279261,0.0001876772794751797,0.0,0.0005499021416495377,5350,2745,5405,0.20333333333333334,0.4003703703703704,1,0,0
flow,0.1,0.8,0,registered,during_vibration,flow_dump_0.1_0.8.shear.wave,2045,204500,204.5,0.2045,158683.45183699526,1141.8709302155671,0.007195904279852279,7.195904279852279e+17,103,0.0006490909972503302,6.490909972503302e+26,923.1500289410579,3.112901775226139,114.00610191013656,21.660788656030213,0.0,79.94110893311625,0.0058175570184176946,1.961705356916367e-05,0.0007184498483638187,0.00013650313504826497,0.0,0.0005037772244533371,5332,2742,5426,0.2031111111111111,0.4019259259259259,1,0,0
flow,0.1,0.8,0,registered,during_vibration,flow_dump_0.1_0.8.shear.wave,2046,204600,204.6,0.2046,158683.4518369953,1216.9775909573052,0.007669215515978462,7.669215515978463e+17,100,0.0006301854342236215,6.301854342236214e+26,1032.2757083157642,0.0,98.67296589076592,24.231873592968157,0.0,61.79704315780684,0.0065052511548346625,0.0,0.0006218226585600491,0.00015270573782236546,0.0,0.0003894359647613838,5345,2760,5395,0.20444444444444446,0.3996296296296296,1,0,0
flow,0.1,0.8,0,registered,during_vibration,flow_dump_0.1_0.8.shear.wave,2047,204700,204.70000000000002,0.2047,158683.45183699526,1225.6718743203126,0.007724005623342263,7.724005623342263e+17,104,0.0006553928515925665,6.553928515925665e+26,996.6136978202871,4.400744592746659,107.52747157664204,37.94204792023289,0.0,79.1879124104043,0.006280514359140868,2.7732851420873083e-05,0.0006776224636649429,0.00023910525943945422,0.0,0.0004990306896761274,5350,2770,5380,0.2051851851851852,0.3985185185185185,1,0,0
flow,0.1,0.8,0,registered,during_vibration,flow_dump_0.1_0.8.shear.wave,2048,204800,204.8,0.20479999999999998,158683.45183699526,1208.8389399638745,0.007617926922875567,7.617926922875567e+17,103,0.0006490909972503302,6.490909972503302e+26,986.1831571244148,0.0,107.481226313259,30.165613745621926,0.0,85.00894278057902,0.006214782610964714,0.0,0.0006773310327510847,0.000190099303969068,0.0,0.0005357139751907019,5372,2765,5363,0.2048148148148148,0.39725925925925926,1,0,0
flow,0.1,0.8,0,registered,during_vibration,flow_dump_0.1_0.8.shear.wave,2049,204900,204.9,0.2049,158683.45183699526,1255.658112788676,0.00791297453044145,7.912974530441449e+17,105,0.0006616947059348027,6.616947059348027e+26,994.6887585450943,8.859197058474674,140.73634698144895,32.092018460697105,0.0,79.28179174296064,0.006268383672210953,5.582936945167494e-05,0.0008868999593355068,0.00020223922588766887,0.0,0.0004996223035556439,5373,2758,5369,0.2042962962962963,0.3977037037037037,1,0,0
flow,0.1,0.8,0,registered,during_vibration,flow_dump_0.1_0.8.shear.wave,2050,205000,205.0,0.205,158683.45183699526,1260.2728836197073,0.00794205614404141,7.94205614404141e+17,109,0.0006869021233037475,6.869021233037475e+26,1019.0292311721333,4.232274398518474,123.80008227588694,36.51529822536087,0.0,76.6959975478081,0.006421773785327742,2.6671176795838812e-05,0.0007801700860594989,0.0002301140906795408,0.0,0.0004833270051787927,5371,2762,5367,0.2045925925925926,0.39755555555555555,1,0,0
flow,0.1,0.8,0,registered,during_vibration,flow_dump_0.1_0.8.shear.wave,2051,205100,205.1,0.2051,158683.45183699526,1267.0952381110053,0.00798504962831667,7.985049628316671e+17,114,0.0007184113950149286,7.184113950149286e+26,1002.9362797123534,3.867448992997446,108.64830162809622,23.99762327488291,0.0,127.64558450267434,0.0063203583492915305,2.4372100229898037e-05,0.0006846857713916083,0.00015122952643816973,0.0,0.0008044038809654581,5350,2762,5388,0.2045925925925926,0.39911111111111114,1,0,0
flow,0.1,0.8,0,registered,during_vibration,flow_dump_0.1_0.8.shear.wave,2052,205200,205.20000000000002,0.2052,158683.45183699526,1203.0389035490039,0.0075813759382093865,7.581375938209386e+17,101,0.0006364872885658578,6.364872885658577e+26,976.1361561532876,5.829495185025493,114.99444642333806,22.39831809015393,0.0,83.68048769719861,0.006151467874268365,3.6736629544798015e-05,0.0007246782515259629,0.00014115093811522452,0.0,0.0005273422447550353,5343,2761,5396,0.20451851851851852,0.3997037037037037,1,0,0
flow,0.1,0.8,0,registered,during_vibration,flow_dump_0.1_0.8.shear.wave,2053,205300,205.3,0.20529999999999998,158683.45183699526,1206.8981386096282,0.007605696275433892,7.605696275433892e+17,100,0.0006301854342236216,6.301854342236216e+26,989.4708210042327,0.0,117.2260063682831,18.50900541655035,0.0,81.69230582056193,0.006235500989861557,0.0,0.0007387412172549751,0.00011664105615476147,0.0,0.0005148130121625971,5346,2768,5386,0.20503703703703705,0.39896296296296296,1,0,0
flow,0.1,0.8,0,registered,during_vibration,flow_dump_0.1_0.8.shear.wave,2054,205400,205.4,0.2054,158683.45183699526,1219.8920022866264,0.0076875817116692086,7.687581711669208e+17,103,0.0006490909972503302,6.490909972503302e+26,1018.9607050603981,0.0,104.2029192125812,17.726486940941967,0.0,79.00189107270509,0.006421341943752946,0.0,0.0006566716189134944,0.00011170973870136871,0.0,0.0004978584103013991,5346,2766,5388,0.2048888888888889,0.39911111111111114,1,0,0
flow,0.1,0.8,0,registered,during_vibration,flow_dump_0.1_0.8.shear.wave,2055,205500,205.5,0.2055,158683.45183699526,1174.343642433267,0.0074005425823455775,7.400542582345577e+17,105,0.0006616947059348027,6.616947059348027e+26,963.0082653680885,6.661389301388709,112.48706734896301,20.519457945854796,0.0,71.6674624689716,0.006068737818719254,4.197910509428231e-05,0.0007088771138184803,0.00012931063515641847,0.0,0.00045163790955713974,5361,2759,5380,0.20437037037037037,0.3985185185185185,1,0,0
flow,0.1,0.8,0,registered,during_vibration,flow_dump_0.1_0.8.shear.wave,2056,205600,205.6,0.20559999999999998,158683.45183699526,1238.8763779741755,0.007807218482030433,7.807218482030433e+17,105,0.0006616947059348027,6.616947059348027e+26,1034.6567462900155,4.970827674563462,92.23861369774697,20.808516510841574,0.0,86.20167380100804,0.006520256109331729,3.1325431965455703e-05,0.0005812743082529956,0.00013113224012934098,0.0,0.0005432303923509124,5347,2762,5391,0.2045925925925926,0.3993333333333333,1,0,0
flow,0.1,0.8,0,registered,during_vibration,flow_dump_0.1_0.8.shear.wave,2057,205700,205.70000000000002,0.2057,158683.4518369953,1134.8551304231742,0.007151691731466326,7.151691731466326e+17,99,0.0006238835798813853,6.238835798813853e+26,927.1849986210048,5.579484065484067,96.15095398891523,20.00763583920362,0.0,85.93205790856648,0.005842984809616058,3.5161095885508535e-05,0.0006059293069052,0.00012608520679116623,0.0,0.0005415313122683935,5336,2764,5400,0.20474074074074075,0.4,1,0,0
flow,0.1,0.8,0,registered,during_vibration,flow_dump_0.1_0.8.shear.wave,2058,205800,205.8,0.20579999999999998,158683.45183699526,1235.5024676951307,0.00778595659088812,7.78595659088812e+17,102,0.000642789142908094,6.42789142908094e+26,1005.0001559496891,14.573948594628828,106.30316606076889,23.480589326946905,0.0,86.14460776309704,0.006333364596719623,9.184290123458908e-05,0.000669907068633514,0.0001479712538082857,0.0,0.0005428707704921087,5340,2772,5388,0.20533333333333334,0.39911111111111114,1,0,0
flow,0.1,0.8,0,registered,during_vibration,flow_dump_0.1_0.8.shear.wave,2059,205900,205.9,0.2059,158683.45183699526,1184.1265147944416,0.007462192819014389,7.462192819014388e+17,103,0.0006490909972503302,6.490909972503302e+26,964.4523003872612,16.825897623657212,91.05654170747599,22.488787774211715,0.0,89.30298730183551,0.006077837917075169,0.00010603435600166624,0.0005738250627482707,0.00014172106488654482,0.0,0.0005627744183027378,5349,2779,5372,0.20585185185185184,0.3979259259259259,1,0,0
flow,0.1,0.8,0,registered,during_vibration,flow_dump_0.1_0.8.shear.wave,2060,206000,206.0,0.206,158683.45183699526,1237.9200719047583,0.00780119198047437,7.80119198047437e+17,104,0.0006553928515925665,6.553928515925665e+26,943.3632937958503,29.067841230544747,132.63527339872942,35.79627809148624,0.0,97.0573853881476,0.0059449380693136385,0.00018318130147814134,0.0008358481736014707,0.00022558293052672772,0.0,0.0006116415055543918,5352,2773,5375,0.2054074074074074,0.39814814814814814,1,0,0
flow,0.1,0.8,0,registered,during_vibration,flow_dump_0.1_0.8.shear.wave,2061,206100,206.1,0.20609999999999998,158683.4518369953,1272.0758930920379,0.00801643699053607,8.01643699053607e+17,106,0.0006679965602770388,6.679965602770388e+26,978.1257543153539,42.83979271168252,130.63395457951307,30.352710729798712,0.0,90.12368075568982,0.006164006032085286,0.0002699701337206158,0.0008232361539103929,0.00019127836191122177,0.0,0.0005679463089085543,5352,2785,5363,0.20629629629629628,0.39725925925925926,1,0,0
flow,0.1,0.8,0,registered,during_vibration,flow_dump_0.1_0.8.shear.wave,2062,206200,206.20000000000002,0.2062,158683.45183699526,1269.0234456479154,0.00799720091135588,7.997200911355881e+17,112,0.0007058076863304561,7.058076863304562e+26,1030.8180271645253,19.93211556261774,113.8106877668593,32.474838472952996,0.0,71.98777668096,0.0064960650605421335,0.00012560928900823666,0.0007172183768964725,0.00020465170184419857,0.0,0.00045365648306483876,5379,2774,5347,0.2054814814814815,0.3960740740740741,1,0,0
flow,0.1,0.8,0,registered,during_vibration,flow_dump_0.1_0.8.shear.wave,2063,206300,206.3,0.20629999999999998,158683.45183699526,1355.274968581686,0.008540745445680549,8.540745445680549e+17,119,0.0007499206667261097,7.499206667261097e+26,1090.7822706104141,21.002717159365798,116.59951972632625,35.73470651716107,0.0,91.15575456841891,0.006873950988480517,0.00013235606432950844,0.0007347931896900064,0.00022519491543370831,0.0,0.0005744502877468096,5369,2765,5366,0.2048148148148148,0.3974814814814815,1,0,0
flow,0.1,0.8,0,registered,during_vibration,flow_dump_0.1_0.8.shear.wave,2064,206400,206.4,0.2064,158683.45183699526,1260.45182100216,0.007943183781362008,7.943183781362007e+17,112,0.0007058076863304561,7.058076863304562e+26,989.0269728645908,11.117868504939768,119.62381552732465,35.811397881312004,0.0,104.87176622399252,0.006232703923535462,7.006318791426594e-05,0.0007538518613157349,0.0002256782132398949,0.0,0.0006608865953566486,5356,2771,5373,0.20525925925925925,0.398,1,0,0
flow,0.1,0.8,0,registered,during_vibration,flow_dump_0.1_0.8.shear.wave,2065,206500,206.5,0.2065,158683.4518369953,1272.8689344577383,0.008021434621710082,8.021434621710081e+17,108,0.0006806002689615112,6.806002689615112e+26,1033.1273320316716,11.386556662484455,118.37746639344871,24.11623591561283,0.0,85.86134345452056,0.006510617963446705,7.175642154659637e-05,0.0007459975506144764,0.00015197700602319767,0.0,0.0005410856800791054,5362,2765,5373,0.2048148148148148,0.398,1,0,0
flow,0.1,0.8,0,registered,during_vibration,flow_dump_0.1_0.8.shear.wave,2066,206600,206.6,0.20659999999999998,158683.45183699526,1266.4139514433496,0.007980756258971797,7.980756258971798e+17,107,0.0006742984146192752,6.742984146192752e+26,1009.3360081763395,12.210284868863704,121.61561492779612,17.406919290939275,0.0,105.8451241794106,0.006360688505901434,7.69474367207899e-05,0.0007664038910164595,0.00010969586991856103,0.0,0.0006670205554145502,5370,2781,5349,0.206,0.3962222222222222,1,0,0
flow,0.1,0.8,0,registered,during_vibration,flow_dump_0.1_0.8.shear.wave,2067,206700,206.70000000000002,0.2067,158683.45183699526,1166.2496466151313,0.007349535399653017,7.349535399653018e+17,103,0.0006490909972503302,6.490909972503302e+26,967.1964834120563,8.583574901553597,93.9994355065998,13.234968697847453,0.0,83.23518409707454,0.006095131358785865,5.4092438765265335e-05,0.000592370750815019,8.340484495789037e-05,0.0,0.00052453600632898,5368,2773,5359,0.2054074074074074,0.39696296296296296,1,0,0
flow,0.1,0.8,0,registered,during_vibration,flow_dump_0.1_0.8.shear.wave,2068,206800,206.8,0.20679999999999998,158683.45183699526,1236.5929209288838,0.007792828468334252,7.792828468334253e+17,108,0.0006806002689615113,6.806002689615113e+26,990.4082378709656,20.567265326448982,120.45381780379816,26.748779296228104,0.0,78.41482063144291,0.006241408454413664,0.0001296119103054069,0.0007590824147657955,0.00016856691095745328,0.0,0.0004941587778919325,5354,2784,5362,0.20622222222222222,0.3971851851851852,1,0,0
flow,0.1,0.8,0,registered,during_vibration,flow_dump_0.1_0.8.shear.wave,2069,206900,206.9,0.2069,158683.4518369953,1221.4866316846633,0.007697630833865483,7.697630833865484e+17,108,0.0006806002689615112,6.806002689615112e+26,967.9421813892525,15.177233198948837,112.76880645073467,22.380969776849106,0.0,103.21744086887806,0.006099830638821455,9.564471293792737e-05,0.0007106525926003576,0.00014104161157169404,0.0,0.0006504612779340489,5351,2781,5368,0.206,0.3976296296296296,1,0,0
flow,0.1,0.8,0,registered,during_vibration,flow_dump_0.1_0.8.shear.wave,2070,207000,207.0,0.207,158683.45183699526,1226.7657127687237,0.007730898833918088,7.730898833918088e+17,104,0.0006553928515925665,6.553928515925665e+26,1004.9004654397767,20.05533359036445,106.82981968285446,33.95209339381326,0.0,61.028000661915094,0.006332736361646851,0.00012638579107143407,0.0006732259630487083,0.0002139611471818116,0.0,0.0003845895709692843,5329,2775,5396,0.20555555555555555,0.3997037037037037,1,0,0
flow,0.1,0.8,0,registered,during_vibration,flow_dump_0.1_0.8.shear.wave,2071,207100,207.1,0.20709999999999998,158683.45183699526,1191.3888841044854,0.007507959212585812,7.507959212585811e+17,100,0.0006301854342236216,6.301854342236216e+26,985.6943139857283,13.510335184269191,100.5651427294695,21.471560279049765,0.0,70.14753192596865,0.00621170199270851,8.514016444605354e-05,0.0006337468813873122,0.00013531064537911642,0.0,0.00044205952866481913,5333,2787,5380,0.20644444444444446,0.3985185185185185,1,0,0
flow,0.1,0.8,0,registered,during_vibration,flow_dump_0.1_0.8.shear.wave,2072,207200,207.20000000000002,0.2072,158683.45183699526,1239.758514822246,0.007812777579956893,7.812777579956893e+17,109,0.0006869021233037475,6.869021233037475e+26,1017.7685760695663,10.53309332368626,97.70778368685731,21.363865021306218,0.0,92.38519672083045,0.006413829320495567,6.637801989905154e-05,0.0006157402208972986,0.000134631965551467,0.0,0.0005821980531135124,5338,2788,5374,0.20651851851851852,0.3980740740740741,1,0,0
flow,0.1,0.8,0,registered,during_vibration,flow_dump_0.1_0.8.shear.wave,2073,207300,207.3,0.20729999999999998,158683.45183699526,1226.5247146044442,0.007729380098590052,7.729380098590052e+17,111,0.00069950583198822,6.995058319882199e+26,946.4196893202005,29.377336764959715,101.01816701197548,37.72466615270146,0.0,111.98485535460703,0.005964199028720356,0.000185131697255597,0.000636601774429161,0.0002377353512038133,0.0,0.0007057122469811249,5353,2783,5364,0.20614814814814814,0.3973333333333333,1,0,0
flow,0.1,0.8,0,registered,during_vibration,flow_dump_0.1_0.8.shear.wave,2074,207400,207.4,0.2074,158683.45183699526,1253.7055932767742,0.007900670036877071,7.900670036877071e+17,109,0.0006869021233037475,6.869021233037475e+26,949.7308931088928,19.548008646659838,139.2983403425269,31.772400614588186,0.0,113.35595056410672,0.005985065752694156,0.0001231887031720244,0.0008778378509538513,0.00020022504077631118,0.0,0.0007143526892807297,5354,2769,5377,0.2051111111111111,0.3982962962962963,1,0,0
flow,0.1,0.8,0,registered,during_vibration,flow_dump_0.1_0.8.shear.wave,2075,207500,207.5,0.2075,158683.45183699526,1257.0033199984264,0.007921451830337423,7.921451830337423e+17,110,0.0006932039776459838,6.932039776459838e+26,1025.5308384614293,18.251720623748252,107.48584421572347,34.142193614533696,0.0,71.59272308299316,0.006462745967455306,0.00011501968486605021,0.0006773601340997824,0.00021515913108321877,0.0,0.00045116691283307543,5341,2766,5393,0.2048888888888889,0.3994814814814815,1,0,0
flow,0.1,0.8,0,registered,during_vibration,flow_dump_0.1_0.8.shear.wave,2076,207600,207.6,0.20759999999999998,158683.4518369953,1306.8720087971044,0.008235717043384997,8.235717043384997e+17,112,0.000705807686330456,7.058076863304561e+26,1042.4139987030374,14.656712452035059,126.94807552442904,34.0817066161104,0.0,88.77151550149297,0.006569141184134552,9.236446700876473e-05,0.0008000082809821542,0.00021477795082955607,0.0,0.0005594251604299729,5336,2757,5407,0.20422222222222222,0.4005185185185185,1,0,0
flow,0.1,0.8,0,registered,during_vibration,flow_dump_0.1_0.8.shear.wave,2077,207700,207.70000000000002,0.2077,158683.45183699526,1234.6368182935812,0.007780501394448111,7.780501394448111e+17,97,0.000611279871196913,6.112798711969129e+26,968.3196485455429,9.395736676964283,126.64395966989184,28.904595068315068,0.0,101.37287833286676,0.0061022093818593765,5.921056397623544e-05,0.0007980917871636961,0.0001821525479418408,0.0,0.00063883711350696,5324,2753,5423,0.20392592592592593,0.40170370370370373,1,0,0
flow,0.1,0.8,0,registered,during_vibration,flow_dump_0.1_0.8.shear.wave,2078,207800,207.8,0.20779999999999998,158683.45183699526,1228.8240005408184,0.007743869863652234,7.743869863652234e+17,106,0.0006679965602770389,6.679965602770389e+26,989.9894924627035,16.261310812540387,113.99587788682248,20.931097817697093,0.0,87.64622156105445,0.006238769581844316,0.00010247641215446037,0.0007183854180581017,0.0001319047296702254,0.0,0.0005523337219251284,5343,2771,5386,0.20525925925925925,0.39896296296296296,1,0,0
flow,0.1,0.8,0,registered,during_vibration,flow_dump_0.1_0.8.shear.wave,2079,207900,207.9,0.2079,158683.45183699526,1221.645410144587,0.0076986314325926085,7.698631432592608e+17,107,0.0006742984146192752,6.742984146192752e+26,970.0304705790574,16.490291623657924,117.28642762428464,26.500646483119382,0.0,91.33757383446816,0.006112990733120073,0.0001039194158732902,0.0007391219832094719,0.00016700321411171278,0.0,0.0005755960862780642,5345,2767,5388,0.20496296296296296,0.39911111111111114,1,0,0
flow,0.1,0.8,0,registered,during_vibration,flow_dump_0.1_0.8.shear.wave,2080,208000,208.0,0.208,158683.4518369953,1222.6925188522475,0.007705230159148771,7.70523015914877e+17,101,0.0006364872885658577,6.364872885658577e+26,974.989443816646,17.007173987715902,114.66712804059908,24.38712833128496,0.0,91.64164467600199,0.006144241460150403,0.00010717673324365426,0.0007226155387544054,0.00015368413056917994,0.0,0.0005775122964311315,5339,2766,5395,0.2048888888888889,0.3996296296296296,1,0,0
flow,0.1,0.8,0,registered,during_vibration,flow_dump_0.1_0.8.shear.wave,2081,208100,208.1,0.20809999999999998,158683.45183699526,1212.2343839570544,0.007639324516347808,7.639324516347808e+17,104,0.0006553928515925665,6.553928515925665e+26,1002.7961268507037,13.770845756148745,100.22710811641758,20.920070047726362,0.0,74.52023318605855,0.006319475126371766,8.678186412465114e-05,0.0006316166364932249,0.00013183523427015017,0.0,0.00046961565508801844,5333,2760,5407,0.20444444444444446,0.4005185185185185,1,0,0
flow,0.1,0.8,0,registered,during_vibration,flow_dump_0.1_0.8.shear.wave,2082,208200,208.20000000000002,0.2082,158683.45183699526,1182.1354513500346,0.007449645427201584,7.449645427201585e+17,99,0.0006238835798813854,6.238835798813854e+26,949.9383072043823,12.314549310586683,99.76771312916047,38.33609663700344,0.0,81.77878506890121,0.005986372846112457,7.760449604560269e-05,0.000628721596197977,0.00024158849705628734,0.0,0.0005153579917892573,5311,2768,5421,0.20503703703703705,0.40155555555555555,1,0,0
flow,0.1,0.8,0,registered,during_vibration,flow_dump_0.1_0.8.shear.wave,2083,208300,208.3,0.20829999999999999,158683.45183699526,1171.455699542277,0.007382343186897862,7.382343186897862e+17,102,0.000642789142908094,6.42789142908094e+26,949.1942666905035,19.799246467112418,104.27527481383424,20.853763896865544,0.0,77.33314767396124,0.0059816840111692705,0.00012477196732177745,0.0006571275933734361,0.00013141738256543096,0.0,0.0004873422324679471,5319,2756,5425,0.20414814814814816,0.40185185185185185,1,0,0
flow,0.1,0.8,0,registered,during_vibration,flow_dump_0.1_0.8.shear.wave,2084,208400,208.4,0.2084,158683.4518369953,1189.4631820331233,0.007495823718625543,7.495823718625544e+17,102,0.0006427891429080939,6.427891429080939e+26,965.041064929081,16.145486557476506,112.51584122003531,26.48216048505556,0.0,69.27862884147547,0.00608154822545959,0.00010174650456974975,0.00070905844256284,0.00016688671804454368,0.0,0.0004365838279888232,5321,2785,5394,0.20629629629629628,0.39955555555555555,1,0,0
flow,0.1,0.8,0,registered,during_vibration,flow_dump_0.1_0.8.shear.wave,2085,208500,208.5,0.2085,158683.45183699526,1197.7417204810579,0.007547993862091031,7.547993862091031e+17,106,0.0006679965602770389,6.679965602770389e+26,975.0914636111996,19.23522041685463,109.83011940526215,28.776678319445605,0.0,64.80823872829622,0.006144884374035706,0.00012121755730782607,0.0006921334148823734,0.00018134643522253307,0.0,0.0004084120806425948,5330,2788,5382,0.20651851851851852,0.39866666666666667,1,0,0
flow,0.1,0.8,0,registered,during_vibration,flow_dump_0.1_0.8.shear.wave,2086,208600,208.6,0.20859999999999998,158683.45183699526,1232.1480808457272,0.007764817733555666,7.764817733555666e+17,109,0.0006869021233037475,6.869021233037475e+26,966.9569136489444,26.895014859104705,117.79556707061268,30.211813010207457,0.0,90.2887722568578,0.00609362162503393,0.00016948846617435655,0.0007423305058401179,0.00019039044500520448,0.0,0.0005689866915020561,5320,2784,5396,0.20622222222222222,0.3997037037037037,1,0,0
flow,0.1,0.8,0,registered,during_vibration,flow_dump_0.1_0.8.shear.wave,2087,208700,208.70000000000002,0.2087,158683.45183699526,1243.0147809640773,0.00783329809488227,7.83329809488227e+17,109,0.0006869021233037475,6.869021233037475e+26,990.3231618555069,20.931397860535462,114.34224417376521,32.74869277081183,0.0,84.66928430345794,0.006240872317756225,0.00013190662049648925,0.0007205681679474759,0.0002063774917403003,0.0,0.0005335734969417791,5340,2772,5388,0.20533333333333334,0.39911111111111114,1,0,0
flow,0.1,0.8,0,registered,during_vibration,flow_dump_0.1_0.8.shear.wave,2088,208800,208.8,0.20879999999999999,158683.4518369953,1321.6846741109775,0.00832906430261332,8.329064302613321e+17,113,0.0007121095406726923,7.121095406726924e+26,1036.4190569801258,17.132146863969623,116.58025094523094,28.715503039180003,0.0,122.83771628247128,0.006531361934606569,0.00010796429410653552,0.0007346717606381912,0.00018096091751695372,0.0,0.0007741053957450718,5332,2773,5395,0.2054074074074074,0.3996296296296296,1,0,0
flow,0.1,0.8,0,registered,during_vibration,flow_dump_0.1_0.8.shear.wave,2089,208900,208.9,0.2089,158683.45183699526,1284.3661112232385,0.008093888155033209,8.09388815503321e+17,108,0.0006806002689615113,6.806002689615113e+26,1024.9683795032693,31.763489499242876,110.6860224637531,25.71597905414402,0.0,91.23224070282949,0.006459201433027495,0.00020016888422537816,0.0006975271912880579,0.00016205835426721308,0.0,0.0005749322922250657,5311,2752,5437,0.20385185185185184,0.40274074074074073,1,0,0
flow,0.1,0.8,0,registered,during_vibration,flow_dump_0.1_0.8.shear.wave,2090,209000,209.0,0.209,158683.45183699526,1201.9510074843845,0.007574520175670663,7.574520175670664e+17,103,0.0006490909972503302,6.490909972503302e+26,944.4984480679708,24.559698442831248,117.9401198828464,26.0265775592933,0.0,88.926163531443,0.005952091646192509,0.00015477164227596814,0.0007432414566075755,0.00016401570080558015,0.0,0.0005603997297890319,5328,2755,5417,0.20407407407407407,0.40125925925925926,1,0,0
flow,0.1,0.8,0,registered,during_vibration,flow_dump_0.1_0.8.shear.wave,2091,209100,209.1,0.20909999999999998,158683.45183699526,1249.428054943626,0.007873713613358238,7.873713613358239e+17,111,0.00069950583198822,6.995058319882199e+26,1001.5226577499551,16.137830528840617,124.54578370029837,19.007212616341246,0.0,88.21457034819073,0.00631144990958951,0.00010169825739244641,0.0007848693878189379,0.00011978068536009707,0.0,0.0005559153731972479,5327,2764,5409,0.20474074074074075,0.40066666666666667,1,0,0
flow,0.1,0.8,0,registered,during_vibration,flow_dump_0.1_0.8.shear.wave,2092,209200,209.20000000000002,0.2092,158683.45183699526,1243.9795419852637,0.007839377878312853,7.839377878312852e+17,105,0.0006616947059348027,6.616947059348027e+26,973.4149838938174,27.994984361443105,111.59391169851747,25.95160917476408,0.0,105.02405285672143,0.00613431944304905,0.00017642031375899518,0.0007032485770044272,0.00016354326096600425,0.0,0.0006618462835343758,5328,2770,5402,0.2051851851851852,0.40014814814814814,1,0,0
flow,0.1,0.8,0,registered,during_vibration,flow_dump_0.1_0.8.shear.wave,2093,209300,209.3,0.20929999999999999,158683.45183699526,1212.286927553851,0.007639655638441437,7.639655638441437e+17,103,0.0006490909972503302,6.490909972503302e+26,996.9100582326196,15.110356726931506,94.22605291887572,33.960739551737184,0.0,72.07972012368725,0.0062823819792921926,9.522326715235153e-05,0.0005937988607385965,0.0002140156340096682,0.0,0.00045423589724862966,5329,2759,5412,0.20437037037037037,0.4008888888888889,1,0,0
flow,0.1,0.8,0,registered,during_vibration,flow_dump_0.1_0.8.shear.wave,2094,209400,209.4,0.2094,158683.45183699526,1225.5814283130853,0.007723435645778881,7.723435645778881e+17,106,0.0006679965602770389,6.679965602770389e+26,944.627826168103,15.711726624990336,113.48096079029085,32.18033345449578,0.0,119.58058127520482,0.005952906968134617,9.901301265572371e-05,0.0007151404855174322,0.0002027957741148236,0.0,0.0007535794053562802,5318,2756,5426,0.20414814814814816,0.4019259259259259,1,0,0
flow,0.1,0.8,0,registered,during_vibration,flow_dump_0.1_0.8.shear.wave,2095,209500,209.5,0.2095,158683.45183699526,1155.0688695603394,0.007279075771220702,7.279075771220703e+17,97,0.000611279871196913,6.112798711969129e+26,923.8452255869659,20.676514434613853,112.70646253731873,23.66981072329908,0.0,74.17085627814207,0.005821938046419417,0.00013030038227208112,0.0007102597103388855,0.00014916369948653164,0.0,0.00046741393270378787,5301,2748,5451,0.20355555555555555,0.4037777777777778,1,0,0
flow,0.1,0.8,0,registered,during_vibration,flow_dump_0.1_0.8.shear.wave,2096,209600,209.6,0.20959999999999998,158683.45183699526,1253.4323663580803,0.007898948200633084,7.898948200633084e+17,98,0.0006175817255391491,6.1758172553914915e+26,1013.3279561140237,14.16657439645878,112.57636032398152,24.931829694386224,0.0,88.42964582923099,0.00638584518034651,8.927568837493616e-05,0.0007094398251408318,0.00015711675921946166,0.0,0.00055727074755135,5324,2769,5407,0.2051111111111111,0.4005185185185185,1,0,0
flow,0.1,0.8,0,registered,during_vibration,flow_dump_0.1_0.8.shear.wave,2097,209700,209.70000000000002,0.2097,158683.45183699526,1184.1305243889483,0.007462218086894941,7.462218086894941e+17,108,0.0006806002689615113,6.806002689615113e+26,959.2109633858329,13.395234684250388,107.82479068010994,20.82359402087598,0.0,82.87594161787922,0.006044807774733595,8.441481786021648e-05,0.0006794961253481619,0.0001312272564014214,0.0,0.0005222721125515472,5330,2776,5394,0.20562962962962963,0.39955555555555555,1,0,0
flow,0.1,0.8,0,registered,during_vibration,flow_dump_0.1_0.8.shear.wave,2098,209800,209.8,0.2098,158683.45183699526,1252.6353951348308,0.007893925804069212,7.893925804069212e+17,105,0.0006616947059348027,6.616947059348027e+26,1001.4386448852564,13.569602313091123,128.97222638728965,22.6586429930422,0.0,85.99627855615168,0.006310920472753305,8.551365725917189e-05,0.0008127641848866136,0.0001427914677348832,0.0,0.0005419360214352397,5325,2782,5393,0.20607407407407408,0.3994814814814815,1,0,0
flow,0.1,0.8,0,registered,during_vibration,flow_dump_0.1_0.8.shear.wave,2099,209900,209.9,0.2099,158683.4518369953,1253.7643405333592,0.007901040253531074,7.901040253531075e+17,109,0.0006869021233037474,6.869021233037473e+26,999.0233049403047,18.630471608732172,100.69372486795493,20.138191016391694,0.0,115.27864809997503,0.006295699352233233,0.00011740651840539735,0.0006345571872950604,0.00012690794650143034,0.0,0.0007264692490959482,5320,2767,5413,0.20496296296296296,0.40096296296296297,1,0,0
flow,0.1,0.8,0,registered,during_vibration,flow_dump_0.1_0.8.shear.wave,2100,210000,210.0,0.21,158683.45183699526,1213.4396292773647,0.007646919796803065,7.646919796803064e+17,107,0.0006742984146192752,6.742984146192752e+26,964.2596811477109,9.21933645311568,120.17021289199458,36.40554800936556,0.0,83.38485077517808,0.006076624058684011,5.8098915459603684e-05,0.0007572951779208666,0.00022942246080430938,0.0,0.0005254791839342748,5323,2764,5413,0.20474074074074075,0.40096296296296297,1,0,0
flow,0.1,0.8,0,registered,during_vibration,flow_dump_0.1_0.8.shear.wave,2101,210100,210.1,0.21009999999999998,158683.45183699526,1247.5938358891842,0.007862154632045393,7.862154632045393e+17,113,0.0007121095406726924,7.121095406726925e+26,1010.0606003551409,16.074633623741597,113.74252030408631,29.887622741877465,0.0,77.82845886433753,0.006365254780269764,0.00010129999970163226,0.0007167887954751973,0.00018834744515501837,0.0,0.0004904636114437782,5307,2757,5436,0.20422222222222222,0.4026666666666667,1,0,0
flow,0.1,0.8,0,registered,during_vibration,flow_dump_0.1_0.8.shear.wave,2102,210200,210.20000000000002,0.2102,158683.45183699526,1234.8433688436564,0.007781803045928994,7.781803045928993e+17,103,0.0006490909972503302,6.490909972503302e+26,991.9554799877056,16.437804121001058,124.18799154021359,32.37953520005849,0.0,69.88255799467763,0.006251158948865533,0.00010358864727675888,0.0007826146337412894,0.000204051114500079,0.0,0.0004403897015453334,5299,2756,5445,0.20414814814814816,0.4033333333333333,1,0,0
flow,0.1,0.8,0,registered,during_vibration,flow_dump_0.1_0.8.shear.wave,2103,210300,210.3,0.2103,158683.4518369953,1266.157478785259,0.007979140005637743,7.979140005637743e+17,110,0.0006932039776459837,6.932039776459836e+26,1003.5001448271814,15.523559868567354,122.22347238796374,21.429947859616227,0.0,103.4803538419306,0.006323911745113844,9.782721316469503e-05,0.0007702345201912774,0.0001350484099730182,0.0,0.0006521181171949103,5302,2772,5426,0.20533333333333334,0.4019259259259259,1,0,0
flow,0.1,0.8,0,registered,during_vibration,flow_dump_0.1_0.8.shear.wave,2104,210400,210.4,0.2104,158683.45183699526,1354.1745403610448,0.008533810707319981,8.533810707319981e+17,110,0.0006932039776459838,6.932039776459838e+26,1130.2937396607133,10.68830188723715,122.36128866781164,22.451911143099533,0.0,68.37929900218333,0.007122946511283277,6.735612165921697e-05,0.0007711030183128678,0.00014148867372864348,0.0,0.0004309163823359776,5322,2779,5399,0.20585185185185184,0.3999259259259259,1,0,0
flow,0.1,0.8,0,registered,during_vibration,flow_dump_0.1_0.8.shear.wave,2105,210500,210.5,0.2105,158683.45183699526,1235.2461618970058,0.007784341389081266,7.784341389081266e+17,111,0.00069950583198822,6.995058319882199e+26,1013.8444960120019,13.666193178906592,97.22539449563602,19.313404819692323,0.0,91.19667339076881,0.006389100339545522,8.612235882633147e-05,0.0006127002744779529,0.00012171026402634393,0.0,0.0005747081522051143,5312,2776,5412,0.20562962962962963,0.4008888888888889,1,0,0
flow,0.1,0.8,0,registered,during_vibration,flow_dump_0.1_0.8.shear.wave,2106,210600,210.6,0.21059999999999998,158683.45183699526,1164.7403187044947,0.007340023835005514,7.340023835005514e+17,100,0.0006301854342236216,6.301854342236216e+26,973.2339315555298,12.785331874503285,96.2815110448518,23.85350138646891,0.0,58.586042843141094,0.00613317847758484,8.057129919026963e-05,0.0006067520584550635,0.0001503212912898567,0.0,0.0003692007084854857,5302,2776,5422,0.20562962962962963,0.4016296296296296,1,0,0
flow,0.1,0.8,0,registered,during_vibration,flow_dump_0.1_0.8.shear.wave,2107,210700,210.70000000000002,0.2107,158683.4518369953,1229.5116543888823,0.0077482033580406106,7.74820335804061e+17,100,0.0006301854342236215,6.301854342236214e+26,999.8856198162458,8.673604118739899,107.55079577544224,23.1913377043155,0.0,90.21029697413951,0.0063011335349785575,5.465978977851895e-05,0.000677769449368431,0.00014614843221420708,0.0,0.0005684921517008995,5305,2772,5423,0.20533333333333334,0.40170370370370373,1,0,0
flow,0.1,0.8,0,registered,during_vibration,flow_dump_0.1_0.8.shear.wave,2108,210800,210.8,0.2108,158683.45183699526,1270.3101386373753,0.008005309463158633,8.005309463158633e+17,105,0.0006616947059348027,6.616947059348027e+26,1000.6268500624675,21.862357642686476,129.60528138667232,32.61983404937094,0.0,85.5958154961784,0.006305804660024308,0.0001377733934420849,0.0008167536052833476,0.000205565442847053,0.0,0.0005394123615618418,5304,2767,5429,0.20496296296296296,0.40214814814814814,1,0,0
flow,0.1,0.8,0,registered,during_vibration,flow_dump_0.1_0.8.shear.wave,2109,210900,210.9,0.2109,158683.45183699526,1275.2845776605363,0.00803665765331693,8.036657653316929e+17,102,0.000642789142908094,6.42789142908094e+26,1050.1563842275523,13.12971979241084,97.64651915876394,22.35755625281974,0.0,91.99439822899002,0.006617932569971484,8.274158168614905e-05,0.0006153541407649083,0.00014089406295362254,0.0,0.0005797352979407685,5304,2787,5409,0.20644444444444446,0.40066666666666667,1,0,0
flow,0.1,0.8,0,registered,during_vibration,flow_dump_0.1_0.8.shear.wave,2110,211000,211.0,0.211,158683.45183699526,1161.5324973473603,0.007319808612056939,7.319808612056938e+17,106,0.0006679965602770389,6.679965602770389e+26,937.6756002815097,28.780971580024598,97.00509104135983,22.224767936098964,0.0,75.8460665083669,0.005909095053242982,0.00018137349072535515,0.0006113119541980129,0.00014005725032329748,0.0,0.0004779708635672888,5338,2785,5377,0.20629629629629628,0.3982962962962963,1,0,0
flow,0.1,0.8,0,registered,during_vibration,flow_dump_0.1_0.8.shear.wave,2111,211100,211.1,0.21109999999999998,158683.45183699526,1168.397215461721,0.007363069065714151,7.36306906571415e+17,100,0.0006301854342236216,6.301854342236216e+26,924.704849937762,13.618183586669648,117.73413229537047,13.046496718248076,0.0,99.29355292367062,0.005827355273867174,8.581980936902409e-05,0.0007419433528349935,8.221712199486217e-05,0.0,0.0006257335076480952,5325,2784,5391,0.20622222222222222,0.3993333333333333,1,0,0
flow,0.1,0.8,0,registered,during_vibration,flow_dump_0.1_0.8.shear.wave,2112,211200,211.20000000000002,0.2112,158683.45183699526,1213.7815005466098,0.007649074219745643,7.649074219745644e+17,110,0.0006932039776459838,6.932039776459838e+26,967.9810424157098,13.017880124339628,113.0741918925817,38.39820171229093,0.0,81.3101844016874,0.006100075535349779,8.203678438828021e-05,0.0007125770871731171,0.00024197987419466267,0.0,0.0005124049386398011,5346,2771,5383,0.20525925925925925,0.39874074074074073,1,0,0
flow,0.1,0.8,0,registered,during_vibration,flow_dump_0.1_0.8.shear.wave,2113,211300,211.3,0.2113,158683.45183699526,1199.3988240083238,0.0075584366871498665,7.558436687149866e+17,97,0.000611279871196913,6.112798711969129e+26,985.8004676237215,18.289773067825756,88.94155690231183,40.623054534008574,0.0,65.74397188045609,0.006212370957473042,0.00011525948582599273,0.0005604967365700833,0.00025600057261004054,0.0,0.00041430893467070786,5337,2760,5403,0.20444444444444446,0.4002222222222222,1,0,0
flow,0.1,0.8,0,registered,during_vibration,flow_dump_0.1_0.8.shear.wave,2114,211400,211.4,0.21139999999999998,158683.45183699526,1238.918026675027,0.007807480946076743,7.807480946076744e+17,108,0.0006806002689615113,6.806002689615113e+26,1002.8193091497326,9.579206335043567,126.12876699860027,28.722568849929438,0.0,71.66817534172095,0.0063196212178435645,6.0366763037670975e-05,0.000794845117991029,0.0001810054452271065,0.0,0.0004516424019773707,5320,2769,5411,0.2051111111111111,0.4008148148148148,1,0,0
flow,0.1,0.8,0,registered,during_vibration,flow_dump_0.1_0.8.shear.wave,2115,211500,211.5,0.2115,158683.45183699526,1244.9611248551207,0.007845563670583526,7.845563670583526e+17,105,0.0006616947059348027,6.616947059348027e+26,1021.9263873536429,7.2256940128714575,100.48081961636395,38.46175485180326,0.0,76.86646902043915,0.006440031241590324,4.5535271190684225e-05,0.0006332154894108371,0.00024238037682286124,0.0,0.00048440129156882006,5309,2768,5423,0.20503703703703705,0.40170370370370373,1,0,0
flow,0.1,0.8,0,registered,during_vibration,flow_dump_0.1_0.8.shear.wave,2116,211600,211.6,0.21159999999999998,158683.45183699526,1229.4950218317979,0.007748098542088527,7.748098542088527e+17,108,0.0006806002689615113,6.806002689615113e+26,999.4862749489184,22.109128219701688,113.48145576974743,25.99529907223488,0.0,68.4228638211953,0.006298616921792342,0.00013932850567438434,0.0007151436048058699,0.00016381858833609245,0.0,0.0004311909214798369,5311,2759,5430,0.20437037037037037,0.4022222222222222,1,0,0
flow,0.1,0.8,0,registered,during_vibration,flow_dump_0.1_0.8.shear.wave,2117,211700,211.70000000000002,0.2117,158683.45183699526,1223.9022435813333,0.007712853668185672,7.712853668185672e+17,99,0.0006238835798813854,6.238835798813854e+26,1028.2819105228318,7.653967001965723,89.06643867214025,22.92632822770237,0.0,75.9735991566937,0.00648008282287126,4.823418518667041e-05,0.0005612837232935427,0.00014447838109327892,0.0,0.0004787745557409239,5296,2746,5458,0.2034074074074074,0.4042962962962963,1,0,0
flow,0.1,0.8,0,registered,during_vibration,flow_dump_0.1_0.8.shear.wave,2118,211800,211.8,0.2118,158683.4518369953,1270.7836457256249,0.008008293435858797,8.008293435858797e+17,109,0.0006869021233037474,6.869021233037473e+26,1015.3798856110099,34.14919378102306,95.88997912647119,34.824158420002895,0.0,90.5404287871181,0.006398776141157053,0.0002152032451128061,0.0006042846813350925,0.00021945677395381709,0.0,0.000570572594300029,5303,2758,5439,0.2042962962962963,0.4028888888888889,1,0,0
flow,0.1,0.8,0,registered,during_vibration,flow_dump_0.1_0.8.shear.wave,2119,211900,211.9,0.21189999999999998,158683.45183699526,1151.9011078135923,0.007259112998101794,7.259112998101793e+17,102,0.000642789142908094,6.42789142908094e+26,948.9242297280265,20.026486571793896,100.05067527130176,22.388330856578804,0.0,60.511385385890826,0.00597998227756472,0.00012620400136219463,0.0006305047824021186,0.0001410880000239522,0.0,0.0003813339367488052,5298,2771,5431,0.20525925925925925,0.4022962962962963,1,0,0
flow,0.1,0.8,0,registered,during_vibration,flow_dump_0.1_0.8.shear.wave,2120,212000,212.0,0.212,158683.45183699526,1245.8415250075723,0.007851111824107158,7.851111824107159e+17,101,0.0006364872885658578,6.364872885658577e+26,999.5949045020847,34.61473913995447,103.41068928187724,30.70235422135084,0.0,77.51883786230515,0.006299301489413658,0.000218137044154496,0.0006516791012846382,0.00019348176426669421,0.0,0.0004885124249876728,5303,2774,5423,0.2054814814814815,0.40170370370370373,1,0,0
flow,0.1,0.8,0,registered,during_vibration,flow_dump_0.1_0.8.shear.wave,2121,212100,212.1,0.21209999999999998,158683.45183699526,1184.8155566074095,0.007466535060155422,7.466535060155423e+17,99,0.0006238835798813854,6.238835798813854e+26,1006.3705286079506,10.597219216533409,81.56876499486894,21.823728360665594,0.0,64.45531542739089,0.00634200048560657,6.678213193534013e-05,0.0005140344758737603,0.00013752995733344413,0.0,0.00040618800940630823,5293,2763,5444,0.20466666666666666,0.40325925925925926,1,0,0
flow,0.1,0.8,0,registered,during_vibration,flow_dump_0.1_0.8.shear.wave,2122,212200,212.20000000000002,0.2122,158683.4518369953,1168.662510766104,0.00736474091808005,7.36474091808005e+17,106,0.0006679965602770388,6.679965602770388e+26,943.8332458929359,26.073501724139803,92.43746247803232,21.459485563960456,0.0,84.85881510703607,0.0059478996389772994,0.00016431141005757385,0.0005825274243024851,0.00013523455228339957,0.0,0.0005347678924592953,5306,2779,5415,0.20585185185185184,0.4011111111111111,1,0,0
flow,0.1,0.8,0,registered,during_vibration,flow_dump_0.1_0.8.shear.wave,2123,212300,212.3,0.2123,158683.45183699526,1214.112745008638,0.007651161674097017,7.651161674097018e+17,106,0.0006679965602770389,6.679965602770389e+26,1000.1191882997657,6.648890453707069,102.10723417138752,21.969553782310555,0.0,83.26787830146722,0.006302605449540638,4.190033917674682e-05,0.0006434649170366885,0.00013844892790004586,0.0,0.000524742040442898,5306,2767,5427,0.20496296296296296,0.402,1,0,0
flow,0.1,0.8,0,registered,during_vibration,flow_dump_0.1_0.8.shear.wave,2124,212400,212.4,0.21239999999999998,158683.45183699526,1222.0588869550495,0.007701237103226036,7.701237103226036e+17,102,0.000642789142908094,6.42789142908094e+26,985.1256605823376,14.438299412650958,112.12733538228677,40.87571384250191,0.0,69.49187773527268,0.006208118421789125,9.098805984812104e-05,0.0007066101353622404,0.00025759279477037566,0.0,0.00043792769145617634,5326,2771,5403,0.20525925925925925,0.4002222222222222,1,0,0
flow,0.1,0.8,0,registered,during_vibration,flow_dump_0.1_0.8.shear.wave,2125,212500,212.5,0.2125,158683.45183699526,1280.6435095266227,0.008070428861366974,8.070428861366973e+17,107,0.0006742984146192752,6.742984146192752e+26,1027.9565525732335,7.790207914403616,118.63521030358719,56.0739747532987,0.0,70.18756398209938,0.006478032464463802,4.909275557230736e-05,0.0007476218151937676,0.00035337002128551934,0.0,0.00044231180485157517,5328,2770,5402,0.2051851851851852,0.40014814814814814,1,0,0
flow,0.1,0.8,0,registered,during_vibration,flow_dump_0.1_0.8.shear.wave,2126,212600,212.6,0.21259999999999998,158683.4518369953,1222.8202442749114,0.0077060350661581995,7.706035066158199e+17,102,0.0006427891429080939,6.427891429080939e+26,1012.6776632582306,14.46237076002214,95.098755703679,32.97457242616744,0.0,67.60688212681134,0.006381747129489504,9.113975397307558e-05,0.0005992985065724905,0.00020780095242722585,0.0,0.000426048723695898,5313,2742,5445,0.2031111111111111,0.4033333333333333,1,0,0
flow,0.1,0.8,0,registered,during_vibration,flow_dump_0.1_0.8.shear.wave,2127,212700,212.70000000000002,0.2127,158683.45183699526,1199.5491446139686,0.007559383985711277,7.559383985711277e+17,101,0.0006364872885658578,6.364872885658577e+26,962.770458143806,11.52528699036785,113.1907228088238,24.368900628852707,0.0,87.69377604211893,0.0060672391922302945,7.26306798657682e-05,0.0007133114480336422,0.00015356926224345828,0.0,0.0005526334033381174,5321,2764,5415,0.20474074074074075,0.4011111111111111,1,0,0
flow,0.1,0.8,0,registered,during_vibration,flow_dump_0.1_0.8.shear.wave,2128,212800,212.8,0.2128,158683.45183699526,1166.3707616585,0.0073502986490149805,7.350298649014981e+17,100,0.0006301854342236216,6.301854342236216e+26,954.8921799804307,3.6309302426232564,104.50903552804255,18.226944035504754,0.0,85.11167187189878,0.006017591430777083,2.2881593515832164e-05,0.0006586007193453139,0.00011486354641584214,0.0,0.0005363613589609093,5303,2748,5449,0.20355555555555555,0.4036296296296296,1,0,0
flow,0.1,0.8,0,registered,during_vibration,flow_dump_0.1_0.8.shear.wave,2129,212900,212.9,0.21289999999999998,158683.45183699526,1239.8049656915532,0.007813070306569338,7.813070306569338e+17,106,0.0006679965602770389,6.679965602770389e+26,1013.2398218393859,8.937375489675091,115.78981371763689,15.530955232596797,0.0,86.30699941225883,0.006385289770985183,5.63220385378045e-05,0.0007296905403632126,9.787381767161641e-05,0.0,0.0005438941390115219,5305,2751,5444,0.20377777777777778,0.40325925925925926,1,0,0
flow,0.1,0.8,0,registered,during_vibration,flow_dump_0.1_0.8.shear.wave,2130,213000,213.0,0.213,158683.4518369953,1170.8896239162648,0.007378775860756042,7.378775860756042e+17,100,0.0006301854342236215,6.301854342236214e+26,980.5803823018647,4.97812491839342,101.45581254287912,22.894024903764375,0.0,60.98127924936305,0.006179474740120654,3.137141813317188e-05,0.0006393597528184462,0.00014427481025105156,0.0,0.0003842951394327177,5288,2745,5467,0.20333333333333334,0.40496296296296297,1,0,0
flow,0.1,0.8,0,registered,during_vibration,flow_dump_0.1_0.8.shear.wave,2131,213100,213.1,0.21309999999999998,158683.45183699526,1224.3565309634969,0.007715716521097583,7.715716521097582e+17,99,0.0006238835798813854,6.238835798813854e+26,1022.1329649657232,0.0,104.66111873975028,22.715884310735262,0.0,74.8465629472878,0.006441333063612021,0.0,0.0006595591255933955,0.00014315219418134254,0.0,0.0004716721377108219,5305,2752,5443,0.20385185185185184,0.4031851851851852,1,0,0
flow,0.1,0.8,0,registered,during_vibration,flow_dump_0.1_0.8.shear.wave,2132,213200,213.20000000000002,0.2132,158683.45183699526,1169.8530611233548,0.007372243593018543,7.372243593018543e+17,99,0.0006238835798813854,6.238835798813854e+26,952.4416853449516,0.0,107.21223169308306,26.246426689597754,0.0,83.9527173957225,0.006002148770517863,0.0,0.0006756358678358907,0.00016540115800202612,0.0,0.0005290577966627637,5284,2754,5462,0.204,0.4045925925925926,1,0,0
flow,0.1,0.8,0,registered,during_vibration,flow_dump_0.1_0.8.shear.wave,2133,213300,213.3,0.2133,158683.45183699526,1173.3197902380166,0.007394090414943131,7.394090414943131e+17,97,0.000611279871196913,6.112798711969129e+26,982.0812781481424,4.528903739312567,104.15299625118521,22.730851700729204,0.0,59.82576039864712,0.006188933167126764,2.854049169515674e-05,0.0006563570116824438,0.0001432465164929678,0.0,0.0003770132279457978,5281,2749,5470,0.20362962962962963,0.4051851851851852,1,0,0
flow,0.1,0.8,0,registered,during_vibration,flow_dump_0.1_0.8.shear.wave,2134,213400,213.4,0.21339999999999998,158683.45183699526,1146.2919621490587,0.0072237649791395174,7.223764979139517e+17,99,0.0006238835798813854,6.238835798813854e+26,933.7330518484067,9.540198526180964,104.25005808247816,19.05686611234995,0.0,79.71178757964276,0.005884249687280355,6.0120941508009055e-05,0.0006569686812054427,0.00012009359445952673,0.0,0.0005023320746861826,5304,2754,5442,0.204,0.4031111111111111,1,0,0
flow,0.1,0.8,0,registered,during_vibration,flow_dump_0.1_0.8.shear.wave,2135,213500,213.5,0.2135,158683.45183699526,1121.5441633468906,0.0070678079557972865,7.067807955797286e+17,97,0.000611279871196913,6.112798711969129e+26,910.5450739670878,15.943597196513837,95.30581669014002,20.31331709888396,0.0,79.43635839426541,0.005738122428181288,0.00010047422722371588,0.0006006033747491277,0.00012801156556482306,0.0,0.0005005963600783338,5310,2752,5438,0.20385185185185184,0.4028148148148148,1,0,0
flow,0.1,0.8,0,registered,during_vibration,flow_dump_0.1_0.8.shear.wave,2136,213600,213.6,0.21359999999999998,158683.45183699526,1176.0501676712279,0.007411296855826558,7.411296855826557e+17,104,0.0006553928515925665,6.553928515925665e+26,947.852333145376,21.435867104363645,101.32603661954165,21.5152335134311,0.0,83.92069728851526,0.005973227341430916,0.0001350857121912325,0.0006385419238524444,0.00013558586774084193,0.0,0.0005288560106111209,5317,2749,5434,0.20362962962962963,0.4025185185185185,1,0,0
flow,0.1,0.8,0,registered,during_vibration,flow_dump_0.1_0.8.shear.wave,2137,213700,213.70000000000002,0.2137,158683.4518369953,1207.600090455752,0.007610119873723426,7.610119873723427e+17,103,0.0006490909972503301,6.490909972503302e+26,958.288349280943,13.917120569099172,114.66238032891222,40.03491994471915,0.0,80.69732033207895,0.006038993595030484,8.770366668980256e-05,0.0007225856193668959,0.0002522942340947076,0.0,0.0005085427585415385,5325,2748,5427,0.20355555555555555,0.402,1,0,0
flow,0.1,0.8,0,registered,during_vibration,flow_dump_0.1_0.8.shear.wave,2138,213800,213.8,0.2138,158683.45183699526,1174.2619591722591,0.007400027826332508,7.400027826332508e+17,96,0.0006049780168546768,6.049780168546768e+26,955.2367683493835,10.391819594998378,102.42528755455024,40.70587227773919,0.0,65.50221139558832,0.006019762976486253,6.548773343847592e-05,0.0006454692431304355,0.0002565224779679835,0.0,0.0004127853953093628,5307,2737,5456,0.20274074074074075,0.40414814814814815,1,0,0
flow,0.1,0.8,0,registered,during_vibration,flow_dump_0.1_0.8.shear.wave,2139,213900,213.9,0.21389999999999998,158683.45183699526,1187.2753870443848,0.007482036553275841,7.482036553275841e+17,103,0.0006490909972503302,6.490909972503302e+26,968.9499713814355,12.597518482122059,98.99537019756721,37.381908305681726,0.0,69.35061867757834,0.006106181584559756,7.938772654796188e-05,0.0006238544035408206,0.00023557534117723647,0.0,0.00043703749745006506,5313,2739,5448,0.2028888888888889,0.40355555555555556,1,0,0
flow,0.1,0.8,0,registered,during_vibration,flow_dump_0.1_0.8.shear.wave,2140,214000,214.0,0.214,158683.45183699526,1172.9204406237995,0.007391573771842707,7.391573771842707e+17,98,0.0006175817255391491,6.1758172553914915e+26,950.0243845140247,3.5081397051225536,109.28399604346234,21.62757341425333,0.0,88.47634694693654,0.005986915292779995,2.2107785433897843e-05,0.0006886918250034186,0.00013629381743264488,0.0,0.00055756505119275,5330,2748,5422,0.20355555555555555,0.4016296296296296,1,0,0
flow,0.1,0.8,0,registered,during_vibration,flow_dump_0.1_0.8.shear.wave,2141,214100,214.1,0.21409999999999998,158683.4518369953,1110.0337066744328,0.006995270734434835,6.995270734434835e+17,98,0.000617581725539149,6.17581725539149e+26,904.1636807420612,9.37911936444974,102.37470154578924,17.20823114846482,0.0,76.90797387366747,0.005697907817576637,5.910584409320937e-05,0.0006451504574714684,0.0001084437661851575,0.0,0.00048466284910836073,5309,2738,5453,0.2028148148148148,0.4039259259259259,1,0,0
flow,0.1,0.8,0,registered,during_vibration,flow_dump_0.1_0.8.shear.wave,2142,214200,214.20000000000002,0.2142,158683.45183699526,1155.8703122239128,0.0072841263461501955,7.284126346150195e+17,97,0.000611279871196913,6.112798711969129e+26,926.6085715195767,9.778811823407034,108.8253507526397,25.753401170242267,0.0,84.90417695804692,0.0058393522499839414,6.162464775124846e-05,0.0006858015091859017,0.00016229418299204247,0.0,0.00053505375623706,5304,2748,5448,0.20355555555555555,0.40355555555555556,1,0,0
flow,0.1,0.8,0,registered,during_vibration,flow_dump_0.1_0.8.shear.wave,2143,214300,214.3,0.2143,158683.45183699526,1202.0053782686973,0.007574862812433875,7.574862812433875e+17,102,0.000642789142908094,6.42789142908094e+26,983.9030658759467,4.23489072206199,111.64890401563196,20.471146833238123,0.0,81.74737082181827,0.00620041380802986,2.6687664485722214e-05,0.0007035951305768247,0.00012900618556159683,0.0,0.0005151600237798695,5302,2754,5444,0.204,0.40325925925925926,1,0,0
flow,0.1,0.8,0,registered,during_vibration,flow_dump_0.1_0.8.shear.wave,2144,214400,214.4,0.21439999999999998,158683.45183699526,1157.128428804341,0.007292054813585606,7.292054813585606e+17,97,0.000611279871196913,6.112798711969129e+26,960.0005973189456,4.318446449264043,108.94396226918066,24.1516328345811,0.0,59.71378993236981,0.006049783932763758,2.7214220508009175e-05,0.0006865489816864546,0.00015220007225069969,0.0,0.0003763076063766859,5300,2749,5451,0.20362962962962963,0.4037777777777778,1,0,0
flow,0.1,0.8,0,registered,during_vibration,flow_dump_0.1_0.8.shear.wave,2145,214500,214.5,0.2145,158683.4518369953,1220.4852916618652,0.0076913205348947584,7.691320534894758e+17,101,0.0006364872885658577,6.364872885658577e+26,1008.5751021992236,8.793604348584667,109.27967016343297,20.00595763697468,0.0,73.8309573136494,0.006355893387265511,5.5416013748035546e-05,0.0006886645639375714,0.00012607463100516267,0.0,0.00046527193893847814,5288,2741,5471,0.20303703703703704,0.40525925925925926,1,0,0
flow,0.1,0.8,0,registered,during_vibration,flow_dump_0.1_0.8.shear.wave,2146,214600,214.6,0.21459999999999999,158683.45183699526,1221.6217200648848,0.00769848214116097,7.69848214116097e+17,106,0.0006679965602770389,6.679965602770389e+26,977.6200827551157,6.81756223946079,101.39046323312294,26.60875467757819,0.0,109.18485715960777,0.006160819363567655,4.2963284202211646e-05,0.0006389479309869972,0.00016768449620639434,0.0,0.0006880670661977153,5314,2755,5431,0.20407407407407407,0.4022962962962963,1,0,0
flow,0.1,0.8,0,registered,during_vibration,flow_dump_0.1_0.8.shear.wave,2147,214700,214.70000000000002,0.2147,158683.45183699526,1197.806986106959,0.007548405156559013,7.548405156559013e+17,106,0.0006679965602770389,6.679965602770389e+26,967.2890410338605,23.884843798860114,75.72990737454948,27.129016539088497,0.0,103.77417736060025,0.006095714643436739,0.00015051880660748036,0.0004772388456254511,0.00017096311067745296,0.0,0.0006539697502118899,5313,2760,5427,0.20444444444444446,0.402,1,0,0
flow,0.1,0.8,0,registered,during_vibration,flow_dump_0.1_0.8.shear.wave,2148,214800,214.8,0.2148,158683.45183699526,1219.4463104785223,0.007684773026813008,7.684773026813009e+17,109,0.0006869021233037475,6.869021233037475e+26,1002.1369460705919,12.540598594589305,86.51759683593782,23.653306365808902,0.0,94.59786261159431,0.0063153210651103,7.9029025707554e-05,0.000545221293300397,0.00014905969142961636,0.0,0.0005961419512651406,5327,2748,5425,0.20355555555555555,0.40185185185185185,1,0,0
flow,0.1,0.8,0,registered,during_vibration,flow_dump_0.1_0.8.shear.wave,2149,214900,214.9,0.21489999999999998,158683.4518369953,1263.2277110522552,0.007960677036127769,7.960677036127768e+17,106,0.0006679965602770388,6.679965602770388e+26,1017.6023462181323,14.871930388328629,106.07492778832435,46.71051019848904,0.0,77.96799645898066,0.006412781764184497,9.372073909512349e-05,0.0006684687442852447,0.00029436283152241716,0.0,0.0004913429570404851,5325,2744,5431,0.20325925925925925,0.4022962962962963,1,0,0
flow,0.1,0.8,0,registered,during_vibration,flow_dump_0.1_0.8.shear.wave,2150,215000,215.0,0.215,158683.45183699526,1172.3412042130415,0.00738792350835239,7.38792350835239e+17,94,0.0005923743081702043,5.9237430817020434e+26,966.6093083913131,11.33564384319352,104.23381187725329,25.066951566331362,0.0,65.09548853494982,0.006091431067331742,7.143557637527231e-05,0.0006568662999865014,0.00015796827757491022,0.0,0.00041022228708396133,5329,2733,5438,0.20244444444444445,0.4028148148148148,1,0,0
flow,0.1,0.8,0,registered,during_vibration,flow_dump_0.1_0.8.shear.wave,2151,215100,215.1,0.21509999999999999,158683.45183699526,1203.6349722502218,0.007585132276342428,7.585132276342428e+17,102,0.000642789142908094,6.42789142908094e+26,984.1780555336971,9.645032603376233,96.67030002669385,30.00025241937371,0.0,83.14133166708113,0.006202146752798625,6.0781590592596386e-05,0.0006092021499884984,0.00018905722097721275,0.0,0.0005239445619854967,5308,2724,5468,0.20177777777777778,0.40503703703703703,1,0,0
flow,0.1,0.8,0,registered,during_vibration,flow_dump_0.1_0.8.shear.wave,2152,215200,215.20000000000002,0.2152,158683.45183699526,1193.7778206643052,0.0075230139428186385,7.523013942818638e+17,104,0.0006553928515925665,6.553928515925665e+26,985.7007569845977,11.138581737606858,88.71315512968637,27.798877707199672,0.0,80.42644910521506,0.0062117425955489115,7.019371968949079e-05,0.0005590573818674891,0.0001751844781884098,0.0,0.0005068357675243395,5303,2735,5462,0.2025925925925926,0.4045925925925926,1,0,0
flow,0.1,0.8,0,registered,during_vibration,flow_dump_0.1_0.8.shear.wave,2153,215300,215.3,0.2153,158683.45183699526,1157.324595092269,0.007293291024958986,7.293291024958986e+17,100,0.0006301854342236216,6.301854342236216e+26,959.8739207965363,3.1644951232985887,86.09024174852524,26.971253021299326,0.0,81.22468440260988,0.006048985635770954,1.9942187333744542e-05,0.0005425281637871093,0.00016996890796782682,0.0,0.0005118661300993533,5300,2744,5456,0.20325925925925925,0.40414814814814815,1,0,0
flow,0.1,0.8,0,registered,during_vibration,flow_dump_0.1_0.8.shear.wave,2154,215400,215.4,0.21539999999999998,158683.45183699526,1169.1061620891014,0.007367536744096321,7.367536744096321e+17,99,0.0006238835798813854,6.238835798813854e+26,957.8217069505972,6.71380288509157,108.26111326360991,18.34666694558438,0.0,77.96287204421779,0.006036052883034725,4.2309407864332346e-05,0.000682245766715607,0.0001156180227565926,0.0,0.0004913106637250604,5293,2733,5474,0.20244444444444445,0.4054814814814815,1,0,0
flow,0.1,0.8,0,registered,during_vibration,flow_dump_0.1_0.8.shear.wave,2155,215500,215.5,0.2155,158683.45183699526,1200.05230881552,0.0075625548532196815,7.562554853219681e+17,98,0.0006175817255391491,6.1758172553914915e+26,978.1099017489535,13.791183072057303,108.49639599332879,21.582252995348927,0.0,78.07257500583125,0.006163906131520881,8.691002692721891e-05,0.0006837284842075391,0.0001360082147539802,0.0,0.0004920019958100603,5288,2735,5477,0.2025925925925926,0.4057037037037037,1,0,0
flow,0.1,0.8,0,registered,during_vibration,flow_dump_0.1_0.8.shear.wave,2156,215600,215.6,0.21559999999999999,158683.45183699526,1174.549183462772,0.007401837871974871,7.401837871974871e+17,101,0.0006364872885658578,6.364872885658577e+26,968.8874487116714,8.384743215228024,92.46510330260398,26.962360710380217,0.0,77.8495275228875,0.006105787575801816,5.2839430439420374e-05,0.0005827016127528352,0.00016991286991964872,0.0,0.0004905963830611464,5282,2734,5484,0.20251851851851851,0.4062222222222222,1,0,0
flow,0.1,0.8,0,registered,during_vibration,flow_dump_0.1_0.8.shear.wave,2157,215700,215.70000000000002,0.2157,158683.45183699526,1182.3540696992518,0.0074510231281948915,7.451023128194892e+17,105,0.0006616947059348027,6.616947059348027e+26,993.1015905405816,3.8231251266098676,91.44453960826651,24.99424218855453,0.0,68.99057223523873,0.006258381570629856,2.4092777680038777e-05,0.0005762701690041459,0.00015751007366684598,0.0,0.00043476853721400053,5269,2743,5488,0.2031851851851852,0.4065185185185185,1,0,0
flow,0.1,0.8,0,registered,during_vibration,flow_dump_0.1_0.8.shear.wave,2158,215800,215.8,0.2158,158683.45183699526,1211.9942267546878,0.007637811080639254,7.637811080639254e+17,101,0.0006364872885658578,6.364872885658577e+26,991.0764149228901,10.943233658417338,113.08834341484308,24.995767166599492,0.0,71.89046759193769,0.006245619208869717,6.89626645484028e-05,0.0007126662680051293,0.00015751968385636044,0.0,0.0004530432553596445,5287,2744,5469,0.20325925925925925,0.4051111111111111,1,0,0
flow,0.1,0.8,0,registered,during_vibration,flow_dump_0.1_0.8.shear.wave,2159,215900,215.9,0.21589999999999998,158683.45183699526,1191.3465756645767,0.007507692590960059,7.507692590960059e+17,101,0.0006364872885658578,6.364872885658577e+26,980.2298803864077,7.002299508086034,110.19752973483402,23.55859357063734,0.0,70.35827246461233,0.0061772659281027695,4.4127471560670496e-05,0.0006944487812631683,0.00014846282519009912,0.0,0.000443387584843356,5305,2752,5443,0.20385185185185184,0.4031851851851852,1,0,0
flow,0.1,0.8,0,registered,during_vibration,flow_dump_0.1_0.8.shear.wave,2160,216000,216.0,0.216,158683.4518369953,1195.8193972002607,0.007535879660776756,7.535879660776756e+17,104,0.0006553928515925663,6.553928515925663e+26,990.8059789193546,9.715169337056556,95.29682438909336,22.024532169815757,0.0,77.97689238494053,0.006243914960566538,6.122358207228999e-05,0.00060054670657773,0.00013879539369007464,0.0,0.0004913990178701235,5318,2745,5437,0.20333333333333334,0.40274074074074073,1,0,0
flow,0.1,0.8,0,registered,during_vibration,flow_dump_0.1_0.8.shear.wave,2161,216100,216.1,0.2161,158683.45183699526,1180.9118979622538,0.0074419347719718405,7.44193477197184e+17,108,0.0006806002689615113,6.806002689615113e+26,960.2804406854445,11.094207467826283,90.95183802057863,27.032510409760036,0.0,91.55290137864444,0.006051547464898076,6.991407950479052e-05,0.0005731652353643484,0.000170354943107292,0.0,0.0005769530490973344,5320,2742,5438,0.2031111111111111,0.4028148148148148,1,0,0
flow,0.1,0.8,0,registered,during_vibration,flow_dump_0.1_0.8.shear.wave,2162,216200,216.20000000000002,0.2162,158683.45183699526,1297.5787324237142,0.008177152169317749,8.177152169317748e+17,111,0.00069950583198822,6.995058319882199e+26,1063.8304731500427,23.5064130977436,103.86164411360869,24.459868432809238,0.0,81.92033362951095,0.006704104686623805,0.00014813399145041376,0.0006545209529491375,0.00015414252809382544,0.0,0.0005162500102005731,5311,2734,5455,0.20251851851851851,0.4040740740740741,1,0,0
flow,0.1,0.8,0,registered,during_vibration,flow_dump_0.1_0.8.shear.wave,2163,216300,216.3,0.2163,158683.45183699526,1169.9255759637065,0.00737270057098009,7.37270057098009e+17,99,0.0006238835798813854,6.238835798813854e+26,944.6662906206992,16.906688464828363,102.30353902148435,34.30710938168212,0.0,71.74194847501222,0.005953149365512233,0.00010654348811491356,0.0006447020016086733,0.0002161984062265263,0.0,0.00045210730951774264,5300,2716,5484,0.2011851851851852,0.4062222222222222,1,0,0
flow,0.1,0.8,0,registered,during_vibration,flow_dump_0.1_0.8.shear.wave,2164,216400,216.4,0.21639999999999998,158683.4518369953,1211.5320687530289,0.007634898628229699,7.6348986282297e+17,104,0.0006553928515925663,6.553928515925663e+26,995.6509085568368,13.473540257843403,94.06218806449402,38.073393869380205,0.0,70.27203800447447,0.006274447001440335,8.49082881791849e-05,0.0005927662082944711,0.00023993298247942333,0.0,0.0004428441478362857,5294,2725,5481,0.20185185185185187,0.406,1,0,0
flow,0.1,0.8,0,registered,during_vibration,flow_dump_0.1_0.8.shear.wave,2165,216500,216.5,0.2165,158683.45183699526,1226.940642091551,0.007732001213030731,7.73200121303073e+17,99,0.0006238835798813854,6.238835798813854e+26,1023.7307933419893,10.419983643580188,90.23750847692133,28.017092376821317,0.0,74.53526425223937,0.006451402345303141,6.566521917032616e-05,0.0005686636346278641,0.0001765596352517046,0.0,0.0004697103786776985,5299,2727,5474,0.202,0.4054814814814815,1,0,0
flow,0.1,0.8,0,registered,during_vibration,flow_dump_0.1_0.8.shear.wave,2166,216600,216.6,0.2166,158683.45183699526,1149.336202562332,0.007242949338806715,7.242949338806715e+17,100,0.0006301854342236216,6.301854342236216e+26,932.0305069746612,9.151963127531426,96.98368093800765,22.921342715143837,0.0,88.24870880698768,0.00587352049747489,5.7674338575219656e-05,0.0006111770308452353,0.00014444696311931364,0.0,0.0005561305087920547,5297,2721,5482,0.20155555555555554,0.4060740740740741,1,0,0
flow,0.1,0.8,0,registered,during_vibration,flow_dump_0.1_0.8.shear.wave,2167,216700,216.70000000000002,0.2167,158683.45183699526,1172.2033902509975,0.0073870550248372625,7.387055024837262e+17,97,0.000611279871196913,6.112798711969129e+26,942.4451070355677,3.949015288229065,103.60491532107491,30.28668430226535,0.0,91.91766830386025,0.0059391517900913675,2.4886119141683534e-05,0.0006529030854931314,0.00019086227298216834,0.0,0.0005792517571289099,5289,2723,5488,0.2017037037037037,0.4065185185185185,1,0,0
flow,0.1,0.8,0,registered,during_vibration,flow_dump_0.1_0.8.shear.wave,2168,216800,216.8,0.2168,158683.4518369953,1196.253178190821,0.007538613285395698,7.538613285395698e+17,105,0.0006616947059348026,6.616947059348026e+26,950.7408073747545,15.119516209993026,110.45441088562097,27.03038443543291,0.0,92.90805928502012,0.005991430085295761,9.52809888804554e-05,0.0006960676088586936,0.00017034154552674708,0.0,0.0005854930568340437,5298,2720,5482,0.20148148148148148,0.4060740740740741,1,0,0
flow,0.1,0.8,0,registered,during_vibration,flow_dump_0.1_0.8.shear.wave,2169,216900,216.9,0.21689999999999998,158683.45183699526,1203.9123798218523,0.007586880458452276,7.586880458452276e+17,101,0.0006364872885658578,6.364872885658577e+26,1005.4778600169147,19.182625153001005,72.70218600314642,22.656672954075027,0.0,83.8930356947154,0.0063363750181699725,0.00012088610961592904,0.0004581585865539933,0.00014277905283626355,0.0,0.00052868169127612,5278,2723,5499,0.2017037037037037,0.4073333333333333,1,0,0
flow,0.1,0.8,0,registered,during_vibration,flow_dump_0.1_0.8.shear.wave,2170,217000,217.0,0.217,158683.45183699526,1168.4849841194025,0.007363622171010673,7.363622171010673e+17,97,0.000611279871196913,6.112798711969129e+26,951.8447217976632,2.688013341220411,105.99756788396238,28.954835039408575,0.0,78.9998460571478,0.005998386793195227,1.6939468546358726e-05,0.0006679812334360264,0.00018246915292183027,0.0,0.0004978455229112295,5274,2731,5495,0.2022962962962963,0.40703703703703703,1,0,0
flow,0.1,0.8,0,registered,during_vibration,flow_dump_0.1_0.8.shear.wave,2171,217100,217.1,0.2171,158683.45183699526,1207.290573070523,0.007608169340245325,7.608169340245325e+17,105,0.0006616947059348027,6.616947059348027e+26,974.4238121802898,14.285667379620342,93.23857422187692,21.918327141853524,0.0,103.42419214688255,0.006140676931966726,9.002619500800271e-05,0.0005875759138240488,0.00013812610507344354,0.0,0.0006517641943731045,5290,2748,5462,0.20355555555555555,0.4045925925925926,1,0,0
flow,0.1,0.8,0,registered,during_vibration,flow_dump_0.1_0.8.shear.wave,2172,217200,217.20000000000002,0.21719999999999998,158683.45183699526,1171.114906141666,0.007380195556526417,7.380195556526417e+17,103,0.0006490909972503302,6.490909972503302e+26,952.4632115681152,13.121633945698525,104.63857554627633,22.268369759642848,0.0,78.62311532193382,0.006002284425640778,8.269062585793438e-05,0.0006594170616717138,0.00014033202266432691,0.0,0.0004954714206916674,5304,2747,5449,0.20348148148148149,0.4036296296296296,1,0,0
flow,0.1,0.8,0,registered,during_vibration,flow_dump_0.1_0.8.shear.wave,2173,217300,217.3,0.2173,158683.45183699526,1213.6008810569667,0.0076479359820305435,7.647935982030543e+17,106,0.0006679965602770389,6.679965602770389e+26,982.8506770399787,12.737642162179386,113.39272406621689,37.06847925759234,0.0,67.55135853099948,0.006193781806874194,8.027076556958127e-05,0.0007145844305346819,0.00023360015696955138,0.0,0.0004256988220825345,5316,2749,5435,0.20362962962962963,0.4025925925925926,1,0,0
flow,0.1,0.8,0,registered,during_vibration,flow_dump_0.1_0.8.shear.wave,2174,217400,217.4,0.21739999999999998,158683.45183699526,1204.9862547981575,0.007593647862134724,7.593647862134724e+17,108,0.0006806002689615113,6.806002689615113e+26,971.3217677340442,22.738513942345442,104.21944957452102,27.365801510009046,0.0,79.34072203723763,0.006121128299703344,0.00014329480282356837,0.0006567757908466636,0.0001724552950746249,0.0,0.0004999936736865226,5324,2743,5433,0.2031851851851852,0.40244444444444444,1,0,0
flow,0.1,0.8,0,registered,during_vibration,flow_dump_0.1_0.8.shear.wave,2175,217500,217.5,0.2175,158683.45183699526,1224.214499245687,0.007714821457899967,7.714821457899967e+17,106,0.0006679965602770389,6.679965602770389e+26,1036.338568710787,11.02670456952554,89.62058260229307,40.18154901158621,0.0,47.047094351494536,0.006530854709256939,6.948868607202045e-05,0.0005647758576260001,0.0002532182691164419,0.0,0.0002964839358285628,5302,2741,5457,0.20303703703703704,0.4042222222222222,1,0,0
flow,0.1,0.8,0,registered,during_vibration,flow_dump_0.1_0.8.shear.wave,2176,217600,217.6,0.2176,158683.45183699526,1244.4423888028068,0.007842294671539778,7.842294671539779e+17,106,0.0006679965602770389,6.679965602770389e+26,1006.0962648463042,6.532407075348539,98.41236382308301,40.917871098211926,0.0,92.48348195985848,0.00634027211532932,4.116627789303977e-05,0.0006201803822882259,0.00025785846365532856,0.0,0.000582817432373859,5295,2728,5477,0.20207407407407407,0.4057037037037037,1,0,0
flow,0.1,0.8,0,registered,during_vibration,flow_dump_0.1_0.8.shear.wave,2177,217700,217.70000000000002,0.21769999999999998,158683.45183699526,1269.5672683677303,0.008000628002924153,8.000628002924154e+17,109,0.0006869021233037475,6.869021233037475e+26,1021.8165342563798,15.13445075821871,99.92588628655541,32.04480622523313,0.0,100.64559084134224,0.006439338963372328,9.537510422804078e-05,0.0006297183803967316,0.00020194170125660354,0.0,0.0006342538536704422,5303,2731,5466,0.2022962962962963,0.4048888888888889,1,0,0
flow,0.1,0.8,0,registered,during_vibration,flow_dump_0.1_0.8.shear.wave,2178,217800,217.8,0.2178,158683.45183699526,1207.7237742034556,0.007610899310685958,7.610899310685958e+17,100,0.0006301854342236216,6.301854342236216e+26,992.7087490091826,9.902487274675426,104.07028677511829,25.81782925412432,0.0,75.2244218903549,0.006255905940519399,6.24040324308522e-05,0.0006558357886115475,0.00016270019939221655,0.0,0.00047405334973194213,5295,2729,5476,0.20214814814814816,0.4056296296296296,1,0,0
flow,0.1,0.8,0,registered,during_vibration,flow_dump_0.1_0.8.shear.wave,2179,217900,217.9,0.21789999999999998,158683.4518369953,1201.392309222905,0.007570999340605557,7.570999340605556e+17,104,0.0006553928515925663,6.553928515925663e+26,1001.5327705573774,2.2930466335216177,96.67994918314075,22.323337369850474,0.0,78.56320547901493,0.006311513639028875,1.4450445884408342e-05,0.0006092629575669521,0.00014067842053739618,0.0,0.0004950938775879262,5287,2727,5486,0.202,0.4063703703703704,1,0,0
flow,0.1,0.8,0,registered,during_vibration,flow_dump_0.1_0.8.shear.wave,2180,218000,218.0,0.218,158683.45183699526,1219.1401474558158,0.007682843632038934,7.682843632038934e+17,106,0.0006679965602770389,6.679965602770389e+26,1004.6772616593513,9.630497446078397,95.39469503602214,25.59042204957009,0.0,83.8472712647934,0.006331329763933974,6.068999214846394e-05,0.0006011634731390558,0.0001612671123127407,0.0,0.0005283932905046962,5288,2730,5482,0.20222222222222222,0.4060740740740741,1,0,0
flow,0.1,0.8,0,registered,during_vibration,flow_dump_0.1_0.8.shear.wave,2181,218100,218.1,0.2181,158683.45183699526,1240.9734783842164,0.007820434103355554,7.820434103355555e+17,104,0.0006553928515925665,6.553928515925665e+26,1017.7711925850604,20.306698250922953,108.31489185681211,25.030057738193975,0.0,69.55063795322815,0.006413845809395095,0.00012796985454905938,0.0006825846715766975,0.00015773577804386089,0.0,0.00043829798979084974,5292,2724,5484,0.20177777777777778,0.4062222222222222,1,0,0
flow,0.1,0.8,0,registered,during_vibration,flow_dump_0.1_0.8.shear.wave,2182,218200,218.20000000000002,0.21819999999999998,158683.45183699526,1228.4972208850425,0.007741810545859529,7.741810545859529e+17,107,0.0006742984146192752,6.742984146192752e+26,983.0343434435721,24.656617711019944,118.65169789725348,26.868079705240348,0.0,75.28648212795628,0.006194939245797202,0.00015538241338704942,0.0007477257176075066,0.00016931872475801763,0.0,0.00047444444430975053,5278,2720,5502,0.20148148148148148,0.40755555555555556,1,0,0
flow,0.1,0.8,0,registered,during_vibration,flow_dump_0.1_0.8.shear.wave,2183,218300,218.3,0.2183,158683.4518369953,1237.6352340742176,0.007799396973955142,7.799396973955142e+17,105,0.0006616947059348026,6.616947059348026e+26,997.7852683556897,14.697983263391858,105.59521645620731,21.694814808971813,0.0,97.86195118995758,0.00628789742600663,9.26245496505212e-05,0.000665445673343923,0.00013671756290792956,0.0,0.0006167117620461427,5284,2732,5484,0.20237037037037037,0.4062222222222222,1,0,0
flow,0.1,0.8,0,registered,during_vibration,flow_dump_0.1_0.8.shear.wave,2184,218400,218.4,0.21839999999999998,158683.45183699526,1239.7113263987737,0.007812480205385531,7.812480205385531e+17,113,0.0007121095406726924,7.121095406726925e+26,1015.789247019887,17.82209892833949,83.85779113400616,32.72559659886094,0.0,89.5165927176796,0.006401355877129131,0.00011231227151931962,0.0005284595851881744,0.00020623194302880256,0.0,0.0005641205285201001,5303,2743,5454,0.2031851851851852,0.404,1,0,0
flow,0.1,0.8,0,registered,during_vibration,flow_dump_0.1_0.8.shear.wave,2185,218500,218.5,0.2185,158683.45183699526,1224.2348784456847,0.007714949884649964,7.714949884649964e+17,105,0.0006616947059348027,6.616947059348027e+26,1000.5252894656214,24.398642991242113,102.80664733473176,20.841355880839128,0.0,75.6629427732505,0.006305164639936073,0.00015375669427903033,0.0006478725169171267,0.00013133918905575636,0.0,0.00047681684446197905,5312,2755,5433,0.20407407407407407,0.40244444444444444,1,0,0
flow,0.1,0.8,0,registered,during_vibration,flow_dump_0.1_0.8.shear.wave,2186,218600,218.6,0.2186,158683.45183699526,1182.3850993901879,0.007451218672787455,7.451218672787455e+17,108,0.0006806002689615113,6.806002689615113e+26,940.9824381645826,12.177792074357122,99.14075874838682,38.121706687192535,0.0,91.96240371566903,0.005929934263915497,7.67426718626372e-05,0.0006247706210111146,0.00024023744282013966,0.0,0.0005795336731780688,5313,2769,5418,0.2051111111111111,0.4013333333333333,1,0,0
flow,0.1,0.8,0,registered,during_vibration,flow_dump_0.1_0.8.shear.wave,2187,218700,218.70000000000002,0.21869999999999998,158683.4518369953,1209.191834578628,0.007620150813335901,7.620150813335901e+17,108,0.0006806002689615112,6.806002689615112e+26,983.9794886795534,9.10493842940382,85.74074664655683,34.894517120870844,0.0,95.47214370224346,0.006200895413406613,5.737799577713184e-05,0.0005403256965611793,0.00021990016423839587,0.0,0.0006016515433525828,5296,2754,5450,0.204,0.40370370370370373,1,0,0
flow,0.1,0.8,0,registered,during_vibration,flow_dump_0.1_0.8.shear.wave,2188,218800,218.8,0.2188,158683.45183699526,1246.6623936537464,0.007856284818749457,7.856284818749457e+17,108,0.0006806002689615113,6.806002689615113e+26,1014.6467149957627,19.928390152016068,100.62680874650546,27.869477457511397,0.0,83.59100230195023,0.00639415580673176,0.0001255858120132599,0.0006341354916445386,0.00017562938753147252,0.0,0.0005267783208284225,5286,2738,5476,0.2028148148148148,0.4056296296296296,1,0,0
flow,0.1,0.8,0,registered,during_vibration,flow_dump_0.1_0.8.shear.wave,2189,218900,218.9,0.21889999999999998,158683.45183699526,1207.38586781794,0.007608769873863126,7.608769873863127e+17,104,0.0006553928515925665,6.553928515925665e+26,968.6245174998398,13.732510321052027,111.23028367983302,41.3902782929551,0.0,72.40827802426001,0.006104130621602825,8.654027979652537e-05,0.0007009570461959219,0.0002608355049868245,0.0,0.00045630642128103015,5287,2750,5463,0.2037037037037037,0.4046666666666667,1,0,0
flow,0.1,0.8,0,registered,during_vibration,flow_dump_0.1_0.8.shear.wave,2190,219000,219.0,0.219,158683.45183699526,1209.7644281435544,0.007623759214579371,7.62375921457937e+17,102,0.000642789142908094,6.42789142908094e+26,989.1363186542817,10.830895758306047,109.47444480618783,23.48428754522697,0.0,76.83848137955152,0.0062333930047750305,6.825472746478878e-05,0.0006898920053657738,0.00014799455944121246,0.0,0.0004842249175325634,5300,2734,5466,0.20251851851851851,0.4048888888888889,1,0,0
flow,0.1,0.8,0,registered,during_vibration,flow_dump_0.1_0.8.shear.wave,2191,219100,219.1,0.2191,158683.4518369953,1279.1866390401622,0.008061247875765796,8.061247875765796e+17,110,0.0006932039776459837,6.932039776459836e+26,1010.418720461182,14.10417097823374,110.79832757700811,37.03098531029093,0.0,106.83443471344637,0.00636751160101506,8.88824311228243e-05,0.0006982349217536791,0.00023336387557494238,0.0,0.0006732550462992834,5292,2739,5469,0.2028888888888889,0.4051111111111111,1,0,0
flow,0.1,0.8,0,registered,during_vibration,flow_dump_0.1_0.8.shear.wave,2192,219200,219.20000000000002,0.21919999999999998,158683.45183699526,1209.038353754542,0.007619183599538186,7.619183599538186e+17,104,0.0006553928515925665,6.553928515925665e+26,991.9330754045048,4.811810410574759,105.7371301613307,25.88915212923792,0.0,80.66718564889338,0.0062510177584456025,3.0323328329897972e-05,0.0006663399928427778,0.00016314966576245197,0.0,0.0005083528541574538,5286,2753,5461,0.20392592592592593,0.4045185185185185,1,0,0
flow,0.1,0.8,0,registered,during_vibration,flow_dump_0.1_0.8.shear.wave,2193,219300,219.3,0.2193,158683.45183699526,1217.6458927795768,0.00767342705671907,7.67342705671907e+17,107,0.0006742984146192752,6.742984146192752e+26,993.9142788639074,4.048994018691812,109.3258479033403,19.904895456955973,0.0,90.45187653668174,0.006263503014069092,2.5516170538381462e-05,0.0006889555693283212,0.00012543775186717594,0.0,0.0005700145509161019,5303,2750,5447,0.2037037037037037,0.4034814814814815,1,0,0
flow,0.1,0.8,0,registered,during_vibration,flow_dump_0.1_0.8.shear.wave,2194,219400,219.4,0.21939999999999998,158683.45183699526,1161.12613528455,0.007317247777526897,7.317247777526897e+17,103,0.0006490909972503302,6.490909972503302e+26,942.7171143997538,20.682880966180065,97.85334417272985,20.278036613548636,0.0,79.59475913233776,0.005940865940880484,0.0001303405032266766,0.0006166575218772525,0.00012778923308511645,0.0,0.0005015945784573684,5297,2745,5458,0.20333333333333334,0.4042962962962963,1,0,0
flow,0.1,0.8,0,registered,during_vibration,flow_dump_0.1_0.8.shear.wave,2195,219500,219.5,0.2195,158683.45183699526,1238.5387065132365,0.007805090525668066,7.805090525668067e+17,103,0.0006490909972503302,6.490909972503302e+26,976.1170663272404,19.858059483917085,108.93404368558699,22.714280190919204,0.0,110.91525682557318,0.006151347572965197,0.00012514259838710795,0.000686486476217366,0.00014314208525191424,0.0,0.0006989717928464834,5289,2730,5481,0.20222222222222222,0.406,1,0,0
flow,0.1,0.8,0,registered,during_vibration,flow_dump_0.1_0.8.shear.wave,2196,219600,219.6,0.2196,158683.45183699526,1271.8309928877795,0.008014893665120452,8.014893665120452e+17,107,0.0006742984146192752,6.742984146192752e+26,1038.2292298154616,16.38246777422583,101.01652844051286,26.988775341922594,0.0,89.21399151565693,0.006542769380149129,0.00010323992567954992,0.0006365914483904742,0.0001700793310801326,0.0,0.0005622135798211675,5297,2752,5451,0.20385185185185184,0.4037777777777778,1,0,0
flow,0.1,0.8,0,registered,during_vibration,flow_dump_0.1_0.8.shear.wave,2197,219700,219.70000000000002,0.21969999999999998,158683.45183699526,1167.2059462427599,0.0073555618606138675,7.355561860613868e+17,110,0.0006932039776459838,6.932039776459838e+26,1016.8217421888244,5.957706728964109,61.78113803693856,25.677072853698455,0.0,56.968286434334196,0.006407862511292837,3.754460001969239e-05,0.0003893357330063763,0.00016181317305899527,0.0,0.00035900584323596545,5297,2751,5452,0.20377777777777778,0.40385185185185185,1,0,0
flow,0.1,0.8,0,registered,during_vibration,flow_dump_0.1_0.8.shear.wave,2198,219800,219.8,0.2198,158683.4518369953,1196.9412217117435,0.007542949235445671,7.54294923544567e+17,105,0.0006616947059348026,6.616947059348026e+26,995.4103446114879,13.493840918677758,86.90724514155738,21.46418095089386,0.0,79.66561008912734,0.006272931002496752,8.503621998681414e-05,0.0005476768001671106,0.00013526414192793431,0.0,0.0005020410708670643,5316,2760,5424,0.20444444444444446,0.4017777777777778,1,0,0
flow,0.1,0.8,0,registered,during_vibration,flow_dump_0.1_0.8.shear.wave,2199,219900,219.9,0.21989999999999998,158683.45183699526,1216.5080337687702,0.007666256434970966,7.666256434970966e+17,108,0.0006806002689615113,6.806002689615113e+26,1001.6467998970221,15.718474552923649,86.41478948473639,29.076443086188423,0.0,83.65152674790012,0.0063122322353180585,9.905553711467136e-05,0.0005445734163478145,0.00018323550911948072,0.0,0.0005271597370709434,5309,2756,5435,0.20414814814814816,0.4025925925925926,1,0,0
flow,0.1,0.8,0,registered,during_vibration,flow_dump_0.1_0.8.shear.wave,2200,220000,220.0,0.22,158683.45183699526,1229.1499711344527,0.00774592408285317,7.74592408285317e+17,104,0.0006553928515925665,6.553928515925665e+26,1015.1024495050241,8.146688347446265,98.56331039863612,36.3442650124659,0.0,70.99325787088065,0.006397027779227855,5.133924333719943e-05,0.000621131625620821,0.000229036264284192,0.0,0.0004473891703831047,5299,2750,5451,0.2037037037037037,0.4037777777777778,1,0,0
flow,0.1,0.8,0,registered,after_removal,flow_dump_0.1_0.8.shear.wave,2240,224000,224.0,0.22399999999999998,158683.4518369953,1444.8357223783091,0.009105144270887745,9.105144270887745e+17,132,0.0008318447731751803,8.318447731751803e+26,1273.5162556490761,21.910838584798935,53.290392127024106,27.961710421389895,0.0,68.15652559601969,0.008025513945570537,0.00013807891327765196,0.00033582828902515747,0.00017621062623538754,0.0,0.0004295124967790104,5292,2682,5526,0.19866666666666666,0.4093333333333333,0,0,0
flow,0.1,0.8,0,registered,after_removal,flow_dump_0.1_0.8.shear.wave,2245,224500,224.5,0.22449999999999998,158683.45183699526,1415.3676320792692,0.008919440658079333,8.919440658079333e+17,124,0.0007814299384372908,7.814299384372908e+26,1210.042794231663,28.237745427180617,35.75088645798905,28.569528081508874,0.0,112.76667788092693,0.00762551343712045,0.00017795015863523902,0.0002252968790640722,0.00018004100459609622,0.0,0.000710639178663472,5306,2639,5555,0.19548148148148148,0.4114814814814815,0,0,0
flow,0.1,0.8,0,registered,after_removal,flow_dump_0.1_0.8.shear.wave,2250,225000,225.0,0.22499999999999998,158683.45183699526,1424.3208348133244,0.00897586243760586,8.975862437605861e+17,121,0.0007625243754105822,7.625243754105822e+26,1206.837006887163,26.19491452237741,22.823414268577302,22.809142851748508,0.0,145.65635628345822,0.007605311032223226,0.0001650765358273506,0.0001438298323130899,0.00014373989592297748,0.0,0.0009179051413192165,5321,2661,5518,0.1971111111111111,0.40874074074074074,0,0,0
flow,0.1,0.8,0,registered,after_removal,flow_dump_0.1_0.8.shear.wave,2255,225500,225.5,0.22549999999999998,158683.4518369953,1495.3513954766456,0.009423486684753483,9.423486684753484e+17,125,0.0007877317927795269,7.877317927795268e+26,1268.3579459151324,12.686502234429586,23.543360861703285,28.597976940074467,0.0,162.16560952530594,0.007993007028975083,7.994848919382953e-05,0.000148366830877159,0.00018022028515897942,0.0,0.0010219440505484317,5322,2696,5482,0.19970370370370372,0.4060740740740741,0,0,0
flow,0.1,0.8,0,registered,after_removal,flow_dump_0.1_0.8.shear.wave,2260,226000,226.0,0.22599999999999998,158683.45183699526,1483.3525324336808,0.00934787159758428,9.347871597584279e+17,124,0.0007814299384372908,7.814299384372908e+26,1291.3479845648349,7.272218594397531,56.292988052393596,54.4450979738986,0.0,73.99424324815597,0.00813788690386789,4.582846232679503e-05,0.00035475021119542804,0.0003431050770802891,0.0,0.0004663009431138745,5317,2705,5478,0.20037037037037037,0.4057777777777778,0,0,0
flow,0.1,0.8,0,registered,after_removal,flow_dump_0.1_0.8.shear.wave,2265,226500,226.5,0.22649999999999998,158683.45183699526,1471.1013829943865,0.009270666638292877,9.270666638292877e+17,116,0.0007310151036994011,7.310151036994011e+26,1287.0698432167221,13.303974292739078,41.1220829951207,87.38584888092674,0.0,42.21963360887794,0.008110926680236587,8.383970816569675e-05,0.00025914537728459946,0.000550692891220266,0.0,0.0002660619813857295,5285,2735,5480,0.2025925925925926,0.4059259259259259,0,0,0
flow,0.1,0.8,0,registered,after_removal,flow_dump_0.1_0.8.shear.wave,2270,227000,227.0,0.22699999999999998,158683.45183699526,1345.0788181318953,0.008476490790694442,8.476490790694442e+17,110,0.0006932039776459838,6.932039776459838e+26,1129.6531204725218,14.503902527097342,22.015290014744018,37.88046966872709,0.0,141.02603544880512,0.007118909422470452,9.140148111975921e-05,0.0001387371509750042,0.00023871720226781507,0.0,0.0008887255338614111,5259,2726,5515,0.20192592592592593,0.4085185185185185,0,0,0
flow,0.1,0.8,0,registered,after_removal,flow_dump_0.1_0.8.shear.wave,2275,227500,227.5,0.22749999999999998,158683.45183699526,1365.0226885998327,0.00860217415740381,8.602174157403809e+17,107,0.0006742984146192752,6.742984146192752e+26,1121.8315332688146,19.893148517853575,33.80473561042883,50.16483289435574,0.0,139.32843830837936,0.007069618919187591,0.0001253637243679855,0.00021303251989472814,0.0003161314700028499,0.0,0.0008780275239506512,5226,2728,5546,0.20207407407407407,0.4108148148148148,0,0,0
flow,0.1,0.8,0,registered,after_removal,flow_dump_0.1_0.8.shear.wave,2280,228000,228.0,0.22799999999999998,158683.45183699526,1357.840230755635,0.008556911354250425,8.556911354250424e+17,112,0.0007058076863304561,7.058076863304562e+26,1187.5253678997901,28.309959080357643,35.044172474650416,73.03426704180039,0.0,33.92646425903671,0.007483611896214952,0.0001784052385590814,0.0002208432704794506,0.00046025131288940916,0.0,0.0002137996361075323,5173,2756,5571,0.20414814814814816,0.4126666666666667,0,0,0
flow,0.1,0.8,0,registered,after_removal,flow_dump_0.1_0.8.shear.wave,2285,228500,228.5,0.22849999999999998,158683.45183699526,1311.2987882103043,0.008263613962452194,8.263613962452193e+17,105,0.0006616947059348027,6.616947059348027e+26,1123.2388686771728,18.336392184241618,41.66588700129711,61.55211705911735,0.0,66.50552328847512,0.007078487741941736,0.00011555327270720925,0.0002625723509222477,0.00038789247616283055,0.0,0.0004191081207181687,5124,2779,5597,0.20585185185185184,0.41459259259259257,0,0,0
flow,0.1,0.8,0,registered,after_removal,flow_dump_0.1_0.8.shear.wave,2290,229000,229.0,0.22899999999999998,158683.45183699526,1293.5789798972264,0.008151946311490832,8.151946311490831e+17,108,0.0006806002689615113,6.806002689615113e+26,1123.3275351790182,13.319915215287764,38.938378485210265,55.96033056537182,0.0,62.032820452338704,0.007079046505321401,8.394016553767944e-05,0.00024538398953665954,0.00035265385216636246,0.0,0.0003909217989287302,5093,2779,5628,0.20585185185185184,0.41688888888888886,0,0,0
flow,0.1,0.8,0,registered,after_removal,flow_dump_0.1_0.8.shear.wave,2295,229500,229.5,0.22949999999999998,158683.45183699526,1430.2513262900932,0.009013235531070331,9.013235531070331e+17,117,0.0007373169580416372,7.373169580416372e+26,1180.102778639215,31.788443185413897,70.99454921896361,88.72704684683754,0.0,58.638508399662435,0.007436835819852562,0.0002003261387209298,0.0004473973082706286,0.0005591449254455393,0.0,0.0003695313387806675,5073,2798,5629,0.20725925925925925,0.416962962962963,0,0,0
flow,0.1,0.8,0,registered,after_removal,flow_dump_0.1_0.8.shear.wave,2300,230000,230.0,0.22999999999999998,158683.45183699526,1377.2214702014844,0.00867904910221017,8.679049102210171e+17,115,0.0007247132493571648,7.247132493571648e+26,1103.0317286624654,26.0689436552628,53.533528443141286,67.9108466047262,0.0,126.67642283588864,0.006951145288895877,0.00016428268577142911,0.0003373604986746359,0.0004279642635609314,0.0,0.0007982963653072958,5080,2819,5601,0.20881481481481481,0.41488888888888886,0,0,0
