region,amplitude_A,frequency_THz,is_baseline,coordinate_treatment,analysis_stage,filename,frame,timestep,time_ps,strain_xy,cell_volume_A3,total_line_length_A,dislocation_density_A-2,dislocation_density_m-2,segment_count,segment_number_density_A-3,segment_number_density_m-3,shockley_length_A,perfect_length_A,stair_rod_length_A,hirth_length_A,frank_length_A,other_length_A,shockley_density_A-2,perfect_density_A-2,stair_rod_density_A-2,hirth_density_A-2,frank_density_A-2,other_density_A-2,fcc_count,hcp_count,other_atom_count,hcp_fraction,other_atom_fraction,coherent_correction_applied,has_PE,has_KE
flow,0.4,1.2,0,registered,before,flow_dump_0.4_1.2.shear.wave,1850,185000,185.0,0.185,158683.45183699526,1441.826292300768,0.00908617928088594,9.086179280885939e+17,126,0.0007940336471217632,7.940336471217631e+26,1167.4654380944578,4.603785611908546,121.82863208346481,44.556678307427724,0.0,103.37175820350976,0.007357197140466265,2.9012386349130486e-05,0.0007677462941038811,0.00028078969666728564,0.0,0.0006514337632993802,5939,3062,4499,0.2268148148148148,0.33325925925925926,0,0,0
flow,0.4,1.2,0,registered,before,flow_dump_0.4_1.2.shear.wave,1855,185500,185.5,0.1855,158683.45183699526,1437.2295380341995,0.009057211205050972,9.057211205050972e+17,125,0.000787731792779527,7.87731792779527e+26,1161.7754451855296,6.342864394528773,133.7958539195755,24.720090279973533,0.0,110.59528425459212,0.0073213396339458425,3.997180752687663e-05,0.0008431619829962794,0.0001557824082713225,0.0,0.0006969553723106499,5928,3069,4503,0.22733333333333333,0.33355555555555555,0,0,0
flow,0.4,1.2,0,registered,before,flow_dump_0.4_1.2.shear.wave,1860,186000,186.0,0.186,158683.45183699526,4975.515810919432,0.03135497591790757,3.135497591790757e+18,135,0.0008507503362018892,8.507503362018892e+26,3685.6746195561204,0.0,448.83295727585386,257.259246710078,0.0,583.7489873773791,0.02322658460531955,0.0,0.0028284799207475616,0.001621210300960323,0.0,0.00367870109088013,5915,3025,4560,0.22407407407407406,0.3377777777777778,0,0,0
flow,0.4,1.2,0,registered,before,flow_dump_0.4_1.2.shear.wave,1865,186500,186.5,0.1865,158683.45183699526,1704.3169668455046,0.0107403572780622,1.07403572780622e+18,122,0.0007688262297528183,7.688262297528184e+26,1352.8907364199413,0.0,161.42633713868145,67.77793029904024,0.0,122.22196298784144,0.008525720361879159,0.0,0.001017285263648687,0.0004271266443627903,0.0,0.0007702250081715626,5911,3021,4568,0.22377777777777777,0.3383703703703704,0,0,0
flow,0.4,1.2,0,registered,before,flow_dump_0.4_1.2.shear.wave,1870,187000,187.0,0.187,158683.45183699526,1550.0191724865495,0.009767995052683748,9.767995052683748e+17,129,0.0008129392101484719,8.129392101484719e+26,1208.4069916005535,6.442923376896207,156.38005819092385,52.4617493373733,0.0,126.32744998080318,0.007615204847206551,4.0602364659388584e-05,0.0009854843487496255,0.00033060630286303386,0.0,0.0007960971892051529,5916,3027,4557,0.2242222222222222,0.33755555555555555,0,0,0
flow,0.4,1.2,0,registered,before,flow_dump_0.4_1.2.shear.wave,1875,187500,187.5,0.1875,158683.45183699526,1536.1960074072153,0.009680883479805098,9.680883479805098e+17,131,0.0008255429188329443,8.255429188329443e+26,1202.2306791004264,7.870538299511893,144.28804290422232,62.24720794551858,0.0,119.55953915753562,0.007576282625458617,4.959898595851547e-05,0.0009092822297087389,0.000392272837683547,0.0,0.0007534468009956768,5888,3011,4601,0.22303703703703703,0.3408148148148148,0,0,0
flow,0.4,1.2,0,registered,before,flow_dump_0.4_1.2.shear.wave,1880,188000,188.0,0.188,158683.45183699526,1497.927042607647,0.009439718037810053,9.439718037810053e+17,126,0.0007940336471217632,7.940336471217631e+26,1221.3909315814399,5.9249625163137605,139.40151732368602,37.20419762059687,0.0,94.00543356561074,0.007697027745754433,3.733825076101869e-05,0.0008784880572605878,0.00023445543432477268,0.0,0.0005924085497092422,5867,2993,4640,0.2217037037037037,0.3437037037037037,0,0,0
flow,0.4,1.2,0,registered,before,flow_dump_0.4_1.2.shear.wave,1885,188500,188.5,0.1885,158683.45183699526,1533.7373097756965,0.009665389125459665,9.665389125459665e+17,128,0.0008066373558062356,8.066373558062357e+26,1190.2230546991996,5.014848463179432,151.90362676925645,28.928189075994343,0.0,157.66759076806719,0.007500612325485804,3.160284456334392e-05,0.0009572745299572682,0.0001823012339415852,0.0,0.0009935981915116668,5835,3005,4660,0.2225925925925926,0.3451851851851852,0,0,0
flow,0.4,1.2,0,registered,before,flow_dump_0.4_1.2.shear.wave,1890,189000,189.0,0.189,158683.4518369953,1488.4590490642256,0.009380052121586177,9.380052121586177e+17,121,0.000762524375410582,7.62524375410582e+26,1203.1402573759274,0.0,167.0499310768173,9.040746322285841,0.0,109.22811428919475,0.007582014655263685,0.0,0.0010527243335267016,5.697346646815312e-05,0.0,0.0006883396663276355,5870,3010,4620,0.22296296296296297,0.3422222222222222,0,0,0
flow,0.4,1.2,0,registered,before,flow_dump_0.4_1.2.shear.wave,1895,189500,189.5,0.1895,158683.45183699526,1497.1161961776575,0.009434608201714337,9.434608201714337e+17,129,0.0008129392101484719,8.129392101484719e+26,1212.6033220505008,10.534191187355,132.72377370722762,30.244553758185795,0.0,111.0103554743877,0.007641649510474009,6.638493847597959e-05,0.0008364058896548693,0.0001905967724300198,0.0,0.000699571090679456,5912,3016,4572,0.22340740740740742,0.33866666666666667,0,0,0
flow,0.4,1.2,0,registered,before,flow_dump_0.4_1.2.shear.wave,1900,190000,190.0,0.19,158683.45183699526,1501.7487813824728,0.009463802078903082,9.463802078903082e+17,126,0.0007940336471217632,7.940336471217631e+26,1205.5387239756446,11.467998671675558,139.27213712580374,44.83362218934846,0.0,100.63629942000073,0.007597129442419823,7.226965722585777e-05,0.0008776727220987639,0.00028253495667212355,0.0,0.0006341953004865156,5911,3054,4535,0.2262222222222222,0.3359259259259259,0,0,0
flow,0.4,1.2,0,registered,during_vibration,flow_dump_0.4_1.2.shear.wave,1910,191000,191.0,0.191,158683.45183699526,1059.1721489891004,0.006674748606282627,6.674748606282627e+17,87,0.0005482613277745507,5.4826132777455075e+26,834.3225480815206,6.2208139824324284,110.63813107387612,14.138553641934182,0.0,93.8521022093368,0.005257779172453115,3.9202663607435565e-05,0.0006972253867248058,8.909910566136259e-05,0.0,0.0005914422778359063,5158,2130,6212,0.15777777777777777,0.46014814814814814,1,0,0
flow,0.4,1.2,0,registered,during_vibration,flow_dump_0.4_1.2.shear.wave,1911,191100,191.1,0.1911,158683.45183699526,1049.5782730546491,0.00661428939756623,6.61428939756623e+17,87,0.0005482613277745507,5.4826132777455075e+26,842.0236245453148,7.235666248375312,103.31568825764853,25.09706257224341,3.6963163801554275,68.20991505091125,0.005306310234606369,4.559811476629599e-05,0.0006510804186675856,0.00015815803274826613,2.3293647430561333e-05,0.00042984894934714846,5185,2145,6170,0.15888888888888889,0.457037037037037,1,0,0
flow,0.4,1.2,0,registered,during_vibration,flow_dump_0.4_1.2.shear.wave,1912,191200,191.20000000000002,0.19119999999999998,158683.45183699526,915.8938982558404,0.005771829939751223,5.771829939751223e+17,80,0.0005041483473788973,5.041483473788973e+26,757.8482443749056,0.0,88.36282733328412,26.011978941893037,0.0,43.67084760575769,0.004775849249570092,0.0,0.0005568496671225255,0.00016392370244512565,0.0,0.0002752073206134802,5101,2099,6300,0.15548148148148147,0.4666666666666667,1,0,0
flow,0.4,1.2,0,registered,during_vibration,flow_dump_0.4_1.2.shear.wave,1913,191300,191.3,0.1913,158683.45183699526,919.8330685312588,0.005796654017056176,5.796654017056175e+17,78,0.0004915446386944248,4.9154463869442485e+26,743.5200075011667,0.0,102.17011014694491,32.01196384543956,0.0,42.13098703770758,0.004685554787810731,0.0,0.0006438611522762772,0.00020173473336289205,0.0,0.0002655033436062752,5023,2002,6475,0.1482962962962963,0.47962962962962963,1,0,0
flow,0.4,1.2,0,registered,during_vibration,flow_dump_0.4_1.2.shear.wave,1914,191400,191.4,0.1914,158683.45183699526,959.2564935667161,0.006045094699301696,6.045094699301696e+17,80,0.0005041483473788973,5.041483473788973e+26,788.3371343948448,7.10379076938634,94.89029898887368,23.97917879997641,0.0,44.94609061363478,0.004967985793532208,4.476705470639485e-05,0.0005979848427191264,0.00015111329204388994,0.0,0.0002832437163000768,5081,2111,6308,0.15637037037037038,0.46725925925925926,1,0,0
flow,0.4,1.2,0,registered,during_vibration,flow_dump_0.4_1.2.shear.wave,1915,191500,191.5,0.1915,158683.45183699526,1063.3075546563016,0.0067008093304433865,6.700809330443387e+17,87,0.0005482613277745507,5.4826132777455075e+26,889.0954524685072,4.595300666326835,97.78233278305666,0.0,0.0,71.83446873841052,0.005602950037801135,2.8958915457972743e-05,0.0006162100184428924,0.0,0.0,0.00045269035874138404,5137,2244,6119,0.16622222222222222,0.45325925925925925,1,0,0
flow,0.4,1.2,0,registered,during_vibration,flow_dump_0.4_1.2.shear.wave,1916,191600,191.6,0.1916,158683.4518369953,1166.976846254924,0.0073541181058607175,7.354118105860718e+17,92,0.0005797705994857317,5.797705994857318e+26,1006.9919041068264,14.131425102517941,97.01359312610896,13.328070565763396,0.0,35.51185335370728,0.006345916303492318,8.905418264428853e-05,0.0006113655330977071,8.399155936848674e-05,0.0,0.00022379052725791593,5104,2133,6263,0.158,0.4639259259259259,1,0,0
flow,0.4,1.2,0,registered,during_vibration,flow_dump_0.4_1.2.shear.wave,1917,191700,191.70000000000002,0.19169999999999998,158683.45183699526,1153.4322433321133,0.007268761991117738,7.268761991117738e+17,85,0.0005356576190900784,5.356576190900784e+26,892.6989704097257,23.61128448213939,127.8111406759097,6.54076220161675,0.0,102.77008556272195,0.005625658882986329,0.0001487948756395447,0.0008054471918546454,4.121893068179303e-05,0.0,0.0006476421099554267,5013,2016,6471,0.14933333333333335,0.47933333333333333,1,0,0
flow,0.4,1.2,0,registered,during_vibration,flow_dump_0.4_1.2.shear.wave,1918,191800,191.8,0.1918,158683.45183699526,973.5744550655847,0.006135324407145313,6.135324407145313e+17,82,0.0005167520560633698,5.167520560633698e+26,794.781626293006,7.728998756491926,110.17819040319719,4.831435122547484,4.575993064269017,51.47821142607327,0.005008598042784141,4.8707024374736956e-05,0.0006943269076121167,3.0447000406258426e-05,2.8837241762106515e-05,0.00032440819020595384,5112,2061,6327,0.15266666666666667,0.4686666666666667,1,0,0
flow,0.4,1.2,0,registered,during_vibration,flow_dump_0.4_1.2.shear.wave,1919,191900,191.9,0.1919,158683.45183699526,1122.4271541351795,0.0070733724351306195,7.07337243513062e+17,107,0.0006742984146192752,6.742984146192752e+26,890.3304550616621,15.728432562604754,109.75498650777277,0.0,0.0,106.61328000314025,0.005610732844255481,9.911829104122027e-05,0.0006916599383060851,0.0,0.0,0.0006718613615278348,5180,2195,6125,0.1625925925925926,0.4537037037037037,1,0,0
flow,0.4,1.2,0,registered,during_vibration,flow_dump_0.4_1.2.shear.wave,1920,192000,192.0,0.192,158683.4518369953,1070.1927820211117,0.006744199030409598,6.744199030409597e+17,87,0.0005482613277745506,5.482613277745507e+26,886.0735419953979,0.0,116.41313027025858,30.87455451729854,0.0,36.83155523815632,0.005583906398164321,0.0,0.0007336185904869392,0.00019456694544944656,0.0,0.00023210709630888841,5103,2122,6275,0.15718518518518518,0.4648148148148148,1,0,0
flow,0.4,1.2,0,registered,during_vibration,flow_dump_0.4_1.2.shear.wave,1921,192100,192.1,0.1921,158683.45183699526,1077.0310896121098,0.006787293048795477,6.787293048795476e+17,92,0.0005797705994857318,5.7977059948573184e+26,877.2554044192569,7.03569543638305,111.14015351515359,41.03650275201841,0.0,40.563333489298,0.005528335779589682,4.433792783642205e-05,0.0007003890590262702,0.0002586060630579956,0.0,0.00025562421928510833,5036,2009,6455,0.14881481481481482,0.47814814814814816,1,0,0
flow,0.4,1.2,0,registered,during_vibration,flow_dump_0.4_1.2.shear.wave,1922,192200,192.20000000000002,0.19219999999999998,158683.45183699526,1027.4630517051796,0.0064749224938755595,6.47492249387556e+17,85,0.0005356576190900784,5.356576190900784e+26,850.412778857922,0.0,89.2676240981332,37.712013338241775,0.0,50.07063541088275,0.005359177463138963,0.0,0.0005625515645439309,0.00023765561501006902,0.0,0.0003155378511825979,5057,2056,6387,0.1522962962962963,0.4731111111111111,1,0,0
flow,0.4,1.2,0,registered,during_vibration,flow_dump_0.4_1.2.shear.wave,1923,192300,192.3,0.1923,158683.45183699526,1104.7607108937434,0.006962041083077706,6.962041083077706e+17,93,0.0005860724538279681,5.860724538279681e+26,930.6455477311176,0.0,92.1303648248482,0.0,0.0,81.9847983377777,0.005864792686052145,0.0,0.0005805921396232764,0.0,0.0,0.0005166562574022849,5124,2168,6208,0.1605925925925926,0.45985185185185184,1,0,0
flow,0.4,1.2,0,registered,during_vibration,flow_dump_0.4_1.2.shear.wave,1924,192400,192.4,0.1924,158683.4518369953,1096.2027388574145,0.006908109989839829,6.908109989839828e+17,95,0.0005986761625124404,5.986761625124404e+26,914.4092254629983,6.7778943467020225,98.7103217372021,7.149792105303005,0.0,69.15550520520887,0.005762473748064849,4.2713302919982435e-05,0.0006220580696631209,4.505694842488995e-05,0.0,0.00043580792076698465,5142,2193,6165,0.16244444444444445,0.45666666666666667,1,0,0
flow,0.4,1.2,0,registered,during_vibration,flow_dump_0.4_1.2.shear.wave,1925,192500,192.5,0.1925,158683.45183699526,1121.0080664246623,0.007064429551080082,7.064429551080082e+17,89,0.0005608650364590232,5.6086503645902325e+26,941.0426840304547,23.21449305273218,123.80301867828929,8.207663482259667,0.0,24.74020718092651,0.005930313924586944,0.00014629435384717277,0.0007801885908397287,5.17234997552917e-05,0.0,0.00015590918205094534,5052,2092,6356,0.15496296296296297,0.4708148148148148,1,0,0
flow,0.4,1.2,0,registered,during_vibration,flow_dump_0.4_1.2.shear.wave,1926,192600,192.6,0.1926,158683.45183699526,963.2153458207877,0.0060700428095692895,6.070042809569289e+17,79,0.000497846493036661,4.97846493036661e+26,779.9232681325684,5.058213940054172,106.67692426840826,6.910714827452501,0.0,64.64622465230434,0.004914962833892287,3.187612748209014e-05,0.0006722624384172725,4.3550318243337744e-05,0.0,0.000407391091534302,5015,2011,6474,0.14896296296296296,0.47955555555555557,1,0,0
flow,0.4,1.2,0,registered,during_vibration,flow_dump_0.4_1.2.shear.wave,1927,192700,192.70000000000002,0.19269999999999998,158683.45183699526,998.4767481038642,0.006292255030660233,6.292255030660233e+17,88,0.000554563182116787,5.54563182116787e+26,824.9108485590957,0.0,96.22375623896882,0.0,0.0,77.34214330579982,0.0051984680129498985,0.0,0.0006063880960808249,0.0,0.0,0.0004873989216295103,5124,2157,6219,0.15977777777777777,0.46066666666666667,1,0,0
flow,0.4,1.2,0,registered,during_vibration,flow_dump_0.4_1.2.shear.wave,1928,192800,192.8,0.1928,158683.45183699526,1026.9684856460144,0.006471805810608087,6.471805810608087e+17,92,0.0005797705994857318,5.7977059948573184e+26,816.1243774795084,17.588578047753984,123.80381243886002,15.196335191547789,0.0,54.25538248834425,0.005143096952024069,0.00011084065694399903,0.0007801935930032281,9.576509091293244e-05,0.0,0.000341909517723859,5148,2112,6240,0.15644444444444444,0.4622222222222222,1,0,0
flow,0.4,1.2,0,registered,during_vibration,flow_dump_0.4_1.2.shear.wave,1929,192900,192.9,0.1929,158683.45183699526,994.7666110338436,0.0062688742872552316,6.268874287255232e+17,85,0.0005356576190900784,5.356576190900784e+26,806.0030513501983,17.95082990443032,105.69230713739914,33.349540410588986,0.0,31.770882231227116,0.005079313829006887,0.00011312351537997793,0.0006660575246747825,0.00021016394604805237,0.0,0.00020021547214553405,5073,2041,6386,0.15118518518518517,0.47303703703703703,1,0,0
flow,0.4,1.2,0,registered,during_vibration,flow_dump_0.4_1.2.shear.wave,1930,193000,193.0,0.193,158683.45183699526,1044.297700425345,0.006581011998012756,6.581011998012756e+17,80,0.0005041483473788973,5.041483473788973e+26,849.6620502066871,4.027773730757165,106.1336863978759,38.04093824631444,0.0,46.43325184371062,0.005354446480528337,2.5382443374717002e-05,0.000668839032483991,0.0002397284518702764,0.0,0.00029261558975543554,5035,2016,6449,0.14933333333333335,0.4777037037037037,1,0,0
flow,0.4,1.2,0,registered,during_vibration,flow_dump_0.4_1.2.shear.wave,1931,193100,193.1,0.1931,158683.45183699526,1087.8381602735155,0.0068553976339699105,6.855397633969911e+17,90,0.0005671668908012594,5.671668908012594e+26,929.1604934806433,6.8137893744548705,92.38655039994046,12.258777401621504,0.0,47.21854961685576,0.005855434090475337,4.293950815649142e-05,0.0005822065838020898,7.725302959891567e-05,0.0,0.0002975644219370787,5079,2125,6296,0.1574074074074074,0.4663703703703704,1,0,0
flow,0.4,1.2,0,registered,during_vibration,flow_dump_0.4_1.2.shear.wave,1932,193200,193.20000000000002,0.19319999999999998,158683.45183699526,1038.4765427530597,0.006544327910258822,6.544327910258822e+17,92,0.0005797705994857318,5.7977059948573184e+26,914.8249654723893,6.388954437480475,71.46284809376888,3.142841264714987,0.0,42.65693348470582,0.005765093681048273,4.026226026418567e-05,0.0004503484595682845,1.98057278710033e-05,0.0,0.0002688177815070748,5157,2178,6165,0.16133333333333333,0.45666666666666667,1,0,0
flow,0.4,1.2,0,registered,during_vibration,flow_dump_0.4_1.2.shear.wave,1933,193300,193.3,0.1933,158683.45183699526,1149.3590588420432,0.00724309337575226,7.24309337575226e+17,94,0.0005923743081702043,5.9237430817020434e+26,975.2773259437862,16.9099520141973,96.48988840376168,12.39924746670004,0.0,48.2826450135985,0.006146055651383374,0.00010656405452767531,0.0006080652222191335,7.813825148848504e-05,0.0,0.00030427019613359546,5112,2081,6307,0.15414814814814815,0.4671851851851852,1,0,0
flow,0.4,1.2,0,registered,during_vibration,flow_dump_0.4_1.2.shear.wave,1934,193400,193.4,0.1934,158683.45183699526,1031.6423855365979,0.006501260046928738,6.501260046928737e+17,79,0.000497846493036661,4.97846493036661e+26,849.9506701851509,11.400759105109534,112.91157128013909,4.896902198879932,4.659845330691981,47.822637436626806,0.005356265321592875,7.18459232713236e-05,0.0007115522757604585,3.085956438551757e-05,2.9365666531370418e-05,0.00030137129538719483,5019,1982,6499,0.14681481481481481,0.4814074074074074,1,0,0
flow,0.4,1.2,0,registered,during_vibration,flow_dump_0.4_1.2.shear.wave,1935,193500,193.5,0.19349999999999998,158683.4518369953,995.1832537376304,0.006271499908887251,6.271499908887251e+17,89,0.0005608650364590231,5.608650364590231e+26,822.7661704158261,5.273975767565302,93.15784238818868,4.718658448548137,4.049894252278351,65.21671246522354,0.005184952563680035,3.323582709167997e-05,0.0005870671535673637,2.973629823351268e-05,2.5521843679317816e-05,0.00041098622263533965,5117,2093,6290,0.15503703703703703,0.4659259259259259,1,0,0
flow,0.4,1.2,0,registered,during_vibration,flow_dump_0.4_1.2.shear.wave,1936,193600,193.6,0.1936,158683.45183699526,1058.4234675218502,0.006670030524727284,6.670030524727283e+17,89,0.0005608650364590232,5.6086503645902325e+26,833.146478754111,29.46272105132642,132.0318740513036,0.0,0.0,63.78239366510961,0.005250367754855407,0.00018566977659139575,0.0008320456388037926,0.0,0.0,0.0004019473544766907,5193,2133,6174,0.158,0.4573333333333333,1,0,0
flow,0.4,1.2,0,registered,during_vibration,flow_dump_0.4_1.2.shear.wave,1937,193700,193.70000000000002,0.19369999999999998,158683.45183699526,1054.2005528335444,0.006643418331461891,6.64341833146189e+17,88,0.000554563182116787,5.54563182116787e+26,840.7853422505734,27.16648268726466,101.47854794368041,30.971154685379872,0.0,53.79902526664626,0.005298506759950339,0.0001711992168860238,0.0006395030280027085,0.00019517570563813068,0.0,0.0003390336209846906,5093,2066,6341,0.15303703703703703,0.4697037037037037,1,0,0
flow,0.4,1.2,0,registered,during_vibration,flow_dump_0.4_1.2.shear.wave,1938,193800,193.8,0.1938,158683.45183699526,1097.4198785278825,0.006915780226757277,6.915780226757277e+17,86,0.0005419594734323146,5.419594734323146e+26,922.1308384724532,0.0,114.81283995808516,27.954595548336055,0.0,32.52160454900807,0.005811134228537552,0.0,0.0007235337940343307,0.00017616578934173877,0.0,0.00020494641484365556,5024,1986,6490,0.1471111111111111,0.48074074074074075,1,0,0
flow,0.4,1.2,0,registered,during_vibration,flow_dump_0.4_1.2.shear.wave,1939,193900,193.9,0.1939,158683.4518369953,1046.5748161548447,0.006595362049660477,6.595362049660476e+17,88,0.0005545631821167869,5.5456318211678696e+26,887.2186212677134,7.9667386756954395,81.35859468960112,9.683060294759413,0.0,60.34780122707505,0.005591122520948767,5.02052267168925e-05,0.0005127100132228991,6.102123556466469e-05,0.0,0.0003803030532072509,5071,2091,6338,0.15488888888888888,0.4694814814814815,1,0,0
flow,0.4,1.2,0,registered,during_vibration,flow_dump_0.4_1.2.shear.wave,1940,194000,194.0,0.19399999999999998,158683.45183699526,1075.4973598802803,0.006777627707425131,6.777627707425132e+17,93,0.0005860724538279681,5.860724538279681e+26,917.7508552682511,0.0,98.91169201029756,0.0,0.0,58.834812601731976,0.0057835322123632295,0.0,0.0006233270757930249,0.0,0.0,0.0003707684192688787,5125,2202,6173,0.16311111111111112,0.45725925925925925,1,0,0
flow,0.4,1.2,0,registered,during_vibration,flow_dump_0.4_1.2.shear.wave,1941,194100,194.1,0.1941,158683.45183699526,1098.0190503156552,0.006919556120089798,6.919556120089798e+17,91,0.0005734687451434957,5.734687451434957e+26,897.1418879776912,19.234838798129033,113.53370512910605,21.844052443513426,0.0,46.26456596721526,0.005653657502354211,0.00012121515240220308,0.0007154728726580231,0.0001376580367431907,0.0,0.0002915525559321694,5117,2138,6245,0.15837037037037038,0.4625925925925926,1,0,0
flow,0.4,1.2,0,registered,during_vibration,flow_dump_0.4_1.2.shear.wave,1942,194200,194.20000000000002,0.19419999999999998,158683.45183699526,978.228411975016,0.006164652965703592,6.164652965703592e+17,85,0.0005356576190900784,5.356576190900784e+26,833.0846935075524,12.88803656933982,85.61131343224801,4.33139491432622,0.0,42.31297355154947,0.005249978393231096,8.121852921739329e-05,0.0005395100272975578,2.729581984878655e-05,0.0,0.0002666501961087582,5039,2000,6461,0.14814814814814814,0.47859259259259257,1,0,0
flow,0.4,1.2,0,registered,during_vibration,flow_dump_0.4_1.2.shear.wave,1943,194300,194.3,0.1943,158683.4518369953,920.410871956298,0.005800295250079217,5.800295250079218e+17,73,0.0004600353669832437,4.600353669832437e+26,792.1993788244545,0.0,80.88914786975057,4.255782765848927,0.0,43.06656249624411,0.004992325095361721,0.0,0.0005097516277427749,2.681932310257911e-05,0.0,0.00027139920387214326,5108,2055,6337,0.15222222222222223,0.4694074074074074,1,0,0
flow,0.4,1.2,0,registered,during_vibration,flow_dump_0.4_1.2.shear.wave,1944,194400,194.4,0.1944,158683.45183699526,1113.2974156521489,0.007015838153027852,7.015838153027852e+17,96,0.0006049780168546768,6.049780168546768e+26,893.1939085948017,26.849245155516364,122.94777310133506,0.0,0.0,70.30648880049607,0.005628777911337089,0.00016920003216905547,0.0007747989577869213,0.0,0.0,0.00044306125173478804,5182,2166,6152,0.16044444444444445,0.4557037037037037,1,0,0
flow,0.4,1.2,0,registered,during_vibration,flow_dump_0.4_1.2.shear.wave,1945,194500,194.5,0.19449999999999998,158683.45183699526,1064.838353119004,0.006710456199382657,6.710456199382657e+17,93,0.0005860724538279681,5.860724538279681e+26,855.3047267911098,29.50758270318391,107.25389468873323,25.647510519040864,0.0,47.12463841693616,0.005390005806463716,0.00018595248818695378,0.0006758984219659393,0.0001616268755319667,0.0,0.00029697260723408073,5141,2122,6237,0.15718518518518518,0.462,1,0,0
flow,0.4,1.2,0,registered,during_vibration,flow_dump_0.4_1.2.shear.wave,1946,194600,194.6,0.1946,158683.45183699526,1007.0358408848579,0.00634619318666774,6.34619318666774e+17,86,0.0005419594734323146,5.419594734323146e+26,800.5046521532325,26.338008315932193,115.87407862004824,32.55542077941326,0.0,31.763681016231516,0.00504466371815214,0.00016597829207161085,0.0007302215655043717,0.0002051595198020726,0.0,0.00020017009113754464,5045,2010,6445,0.14888888888888888,0.4774074074074074,1,0,0
flow,0.4,1.2,0,registered,during_vibration,flow_dump_0.4_1.2.shear.wave,1947,194700,194.70000000000002,0.19469999999999998,158683.4518369953,1054.2686078386257,0.006643847204191172,6.643847204191172e+17,88,0.0005545631821167869,5.5456318211678696e+26,898.9695160937692,0.0,72.39291317752216,21.006071280410033,0.0,61.90010728692417,0.005665174948533509,0.0,0.0004562095942548973,0.0001323772015117754,0.0,0.0003900854598909906,5050,2061,6389,0.15266666666666667,0.47325925925925927,1,0,0
flow,0.4,1.2,0,registered,during_vibration,flow_dump_0.4_1.2.shear.wave,1948,194800,194.8,0.1948,158683.45183699526,1059.5617072344921,0.006677203545602903,6.677203545602903e+17,87,0.0005482613277745507,5.4826132777455075e+26,909.5996015095725,0.0,88.6772875910125,0.0,0.0,61.284818133906924,0.0057321641984694315,0.0,0.0005588313498631519,0.0,0.0,0.00038620799727031815,5106,2182,6212,0.16162962962962962,0.46014814814814814,1,0,0
flow,0.4,1.2,0,registered,during_vibration,flow_dump_0.4_1.2.shear.wave,1949,194900,194.9,0.1949,158683.45183699526,1025.1364789718914,0.006460260771393759,6.46026077139376e+17,86,0.0005419594734323146,5.419594734323146e+26,863.2782607826815,12.8537748754009,73.70513068478026,7.057803675648809,0.0,68.24150895338008,0.00544025385627147,8.100261701267193e-05,0.00046447899785097025,4.447725074003817e-05,0.0,0.00043004804951860985,5166,2192,6142,0.16237037037037036,0.45496296296296296,1,0,0
flow,0.4,1.2,0,registered,during_vibration,flow_dump_0.4_1.2.shear.wave,1950,195000,195.0,0.19499999999999998,158683.45183699526,1030.7726513984542,0.006495779109073686,6.495779109073686e+17,83,0.0005230539104056059,5.2305391040560594e+26,852.4303383208342,26.683890182664243,107.2879230964577,15.15422727736869,0.0,29.21627252112961,0.0053718918290010355,0.00016815798921537698,0.0006761128640349172,9.549973297112039e-05,0.0,0.00018411669385123727,5081,2056,6363,0.1522962962962963,0.4713333333333333,1,0,0
flow,0.4,1.2,0,registered,during_vibration,flow_dump_0.4_1.2.shear.wave,1951,195100,195.1,0.1951,158683.45183699526,939.8684961761472,0.005922914363758676,5.922914363758675e+17,80,0.0005041483473788973,5.041483473788973e+26,782.1739480116269,12.485959405506332,86.3550766562516,8.336183390739468,0.0,50.51732871202289,0.004929146290661115,7.86846974965752e-05,0.0005441971148003404,5.2533413498608936e-05,0.0,0.0003183528473020357,5065,2002,6433,0.1482962962962963,0.4765185185185185,1,0,0
flow,0.4,1.2,0,registered,during_vibration,flow_dump_0.4_1.2.shear.wave,1952,195200,195.20000000000002,0.19519999999999998,158683.45183699526,1032.172926789809,0.006504603440629022,6.504603440629023e+17,89,0.0005608650364590232,5.6086503645902325e+26,824.7297759645046,21.502800511046416,101.1014731744243,0.0,0.0,84.83887713983364,0.005197326919833415,0.00013550751677077698,0.0006371267577307241,0.0,0.0,0.0005346422462941054,5161,2157,6182,0.15977777777777777,0.4579259259259259,1,0,0
flow,0.4,1.2,0,registered,during_vibration,flow_dump_0.4_1.2.shear.wave,1953,195300,195.3,0.1953,158683.45183699526,1026.2549667914402,0.006467309318716121,6.467309318716122e+17,82,0.0005167520560633698,5.167520560633698e+26,881.2075088902616,0.0,112.47204319694423,6.760485003010442,0.0,25.81492970122409,0.0055532413663112535,0.0,0.0007087824338008423,4.260359177184417e-05,0.0,0.0001626819268321817,5155,2122,6223,0.15718518518518518,0.46096296296296296,1,0,0
flow,0.4,1.2,0,registered,during_vibration,flow_dump_0.4_1.2.shear.wave,1954,195400,195.4,0.1954,158683.4518369953,915.4406367451559,0.005768973551731946,5.768973551731946e+17,77,0.00048524278435218855,4.8524278435218856e+26,745.5905802669043,15.16812266868573,93.5206470884213,33.99386505024677,0.0,27.1674216708979,0.00469860323578541,9.558729970322872e-05,0.0005893534959429084,0.0002142243860762895,0.0,0.0001712051342241102,5057,2034,6409,0.15066666666666667,0.47474074074074074,1,0,0
flow,0.4,1.2,0,registered,during_vibration,flow_dump_0.4_1.2.shear.wave,1955,195500,195.5,0.19549999999999998,158683.45183699526,922.7916412182308,0.005815298511190392,5.815298511190392e+17,77,0.00048524278435218865,4.852427843521887e+26,757.011937272224,4.1033216822992475,88.74276788386165,32.86460126729933,0.0,40.06901311254634,0.0047705789640236146,2.5858535561189528e-05,0.0005592439971309741,0.00020710793020219212,0.0,0.00025250908427242003,5030,2001,6469,0.14822222222222223,0.47918518518518516,1,0,0
flow,0.4,1.2,0,registered,during_vibration,flow_dump_0.4_1.2.shear.wave,1956,195600,195.6,0.1956,158683.45183699526,1067.1058842112182,0.006724745850042282,6.724745850042282e+17,85,0.0005356576190900784,5.356576190900784e+26,936.8342917779507,0.0,76.1212204725993,11.364227256592546,0.0,42.78614470407558,0.005903793249596669,0.0,0.00047970484377157026,7.16157048831169e-05,0.0,0.0002696320517909258,5089,2132,6279,0.15792592592592591,0.4651111111111111,1,0,0
flow,0.4,1.2,0,registered,during_vibration,flow_dump_0.4_1.2.shear.wave,1957,195700,195.70000000000002,0.19569999999999999,158683.45183699526,1044.8397538902282,0.006584427939994154,6.584427939994154e+17,86,0.0005419594734323146,5.419594734323146e+26,873.3895827706156,14.602718815855978,103.58355835498163,0.0,0.0,53.263893948774815,0.00550397393464688,9.202420697815648e-05,0.0006527684970036194,0.0,0.0,0.0003356613013654959,5165,2205,6130,0.16333333333333333,0.4540740740740741,1,0,0
flow,0.4,1.2,0,registered,during_vibration,flow_dump_0.4_1.2.shear.wave,1958,195800,195.8,0.1958,158683.4518369953,1139.1514710406777,0.007178766644242466,7.178766644242467e+17,93,0.000586072453827968,5.8607245382796806e+26,952.9254041270354,32.27258851012683,104.68657074275526,18.42749587079173,0.0,30.839411789968047,0.006005197095825158,0.00020337715203774535,0.0006597195204090509,0.00011612739486988879,0.0,0.00019434548110062086,5127,2117,6256,0.15681481481481482,0.46340740740740743,1,0,0
flow,0.4,1.2,0,registered,during_vibration,flow_dump_0.4_1.2.shear.wave,1959,195900,195.9,0.1959,158683.45183699526,950.9822911697021,0.005992951880997533,5.992951880997532e+17,83,0.0005230539104056059,5.2305391040560594e+26,774.9143440988222,7.494453919777466,104.50024070066544,9.686380201041732,0.0,54.3868722493951,0.0048833973242202915,4.7228956977038855e-05,0.0006585452956242183,6.104215713048575e-05,0.0,0.00034273814704549686,5038,1995,6467,0.14777777777777779,0.47903703703703704,1,0,0
flow,0.4,1.2,0,registered,during_vibration,flow_dump_0.4_1.2.shear.wave,1960,196000,196.0,0.19599999999999998,158683.45183699526,874.8622584011623,0.005513254521963947,5.5132545219639475e+17,75,0.0004726390756677162,4.726390756677162e+26,739.5865559097768,0.0,84.20689081778906,0.0,0.0,51.06881167359664,0.004660766748819555,0.0,0.0005306595605462949,0.0,0.0,0.00032182821259809855,5129,2103,6268,0.15577777777777777,0.4642962962962963,1,0,0
flow,0.4,1.2,0,registered,during_vibration,flow_dump_0.4_1.2.shear.wave,1961,196100,196.1,0.1961,158683.45183699526,1045.8869971531703,0.006591027514498103,6.591027514498103e+17,83,0.0005230539104056059,5.2305391040560594e+26,852.8335352498204,17.949955139102922,122.77035299297202,0.0,0.0,52.33315377127468,0.005374432717318744,0.00011311800273630102,0.0007736808821066337,0.0,0.0,0.00032979591233642296,5154,2171,6175,0.16081481481481483,0.45740740740740743,1,0,0
flow,0.4,1.2,0,registered,during_vibration,flow_dump_0.4_1.2.shear.wave,1962,196200,196.20000000000002,0.19619999999999999,158683.4518369953,1056.7882037948548,0.006659725330908616,6.659725330908616e+17,90,0.0005671668908012594,5.671668908012594e+26,843.6044484132551,17.958466457908173,107.02338577353093,40.244265518902196,0.0,47.957637631258464,0.005316272356362859,0.00011317163982767204,0.0006744457883577474,0.00025361349941040097,0.0,0.00030222204694993704,5076,2097,6327,0.15533333333333332,0.4686666666666667,1,0,0
flow,0.4,1.2,0,registered,during_vibration,flow_dump_0.4_1.2.shear.wave,1963,196300,196.3,0.1963,158683.45183699526,999.2187363975435,0.006296930932810644,6.296930932810644e+17,84,0.0005293557647478421,5.293557647478421e+26,805.2025275718713,7.468148839042735,122.5907447241979,30.07523239526426,0.0,33.882082867167185,0.005074269044758373,4.706318618978782e-05,0.0007725490169581581,0.00018952973386385938,0.0,0.00021351995104046482,5015,2007,6478,0.14866666666666667,0.47985185185185186,1,0,0
flow,0.4,1.2,0,registered,during_vibration,flow_dump_0.4_1.2.shear.wave,1964,196400,196.4,0.1964,158683.45183699526,1076.9957132843683,0.006787070112330887,6.787070112330886e+17,92,0.0005797705994857318,5.7977059948573184e+26,921.8433660826239,5.733903546988954,72.3690659358871,19.75657641328703,0.0,57.29280130558133,0.005809322619409433,3.613422496555598e-05,0.0004560593124116491,0.00012450306685779446,0.0,0.0003610508886864544,5034,2095,6371,0.15518518518518518,0.4719259259259259,1,0,0
flow,0.4,1.2,0,registered,during_vibration,flow_dump_0.4_1.2.shear.wave,1965,196500,196.5,0.19649999999999998,158683.45183699526,1033.9516631436861,0.006515812778044396,6.515812778044396e+17,91,0.0005734687451434957,5.734687451434957e+26,856.0450614356504,13.827344802665454,109.25582565568023,0.0,0.0,54.82343124969028,0.005394671287558122,8.713791288627466e-05,0.0006885142993228514,0.0,0.0,0.00034548927827714936,5099,2197,6204,0.16274074074074074,0.45955555555555555,1,0,0
flow,0.4,1.2,0,registered,during_vibration,flow_dump_0.4_1.2.shear.wave,1966,196600,196.6,0.1966,158683.4518369953,1143.7862260285187,0.007207974195087794,7.207974195087794e+17,91,0.0005734687451434956,5.7346874514349555e+26,922.946407164796,36.459304184251486,100.7699197862287,40.57942046342947,0.0,43.03117442981193,0.005816273823642784,0.00022976122438843623,0.0006350373565716403,0.00025572559705289215,0.0,0.00027117619343203426,5118,2174,6208,0.16103703703703703,0.45985185185185184,1,0,0
flow,0.4,1.2,0,registered,during_vibration,flow_dump_0.4_1.2.shear.wave,1967,196700,196.70000000000002,0.19669999999999999,158683.45183699526,1051.4621886935383,0.00662616155951557,6.62616155951557e+17,84,0.0005293557647478421,5.293557647478421e+26,881.4898606593433,39.955612202307435,70.37230872308734,0.0,0.0,59.644407108799776,0.0055550207060332795,0.00025179444825381743,0.0004434760392997755,0.0,0.0,0.0003758703659286945,5015,2019,6466,0.14955555555555555,0.478962962962963,1,0,0
flow,0.4,1.2,0,registered,during_vibration,flow_dump_0.4_1.2.shear.wave,1968,196800,196.8,0.1968,158683.45183699526,876.960798945349,0.005526479218804689,5.5264792188046886e+17,70,0.00044112980395653514,4.411298039565352e+26,721.0243149276489,0.0,99.80876850834831,6.3408443136247,0.0,49.786871195726654,0.004543790209884697,0.0,0.0006289803212175841,3.995907727125964e-05,0.0,0.0003137496104311452,5051,2066,6383,0.15303703703703703,0.4728148148148148,1,0,0
flow,0.4,1.2,0,registered,during_vibration,flow_dump_0.4_1.2.shear.wave,1969,196900,196.9,0.1969,158683.45183699526,1026.8567409698608,0.006471101611935447,6.471101611935447e+17,89,0.0005608650364590232,5.6086503645902325e+26,807.5094775559696,33.42942774934821,90.34655378117797,0.0,0.0,95.57128188336526,0.005088807107532985,0.00021066738442070186,0.0005693508222519942,0.0,0.0,0.0006022762977297667,5132,2183,6185,0.1617037037037037,0.45814814814814814,1,0,0
flow,0.4,1.2,0,registered,during_vibration,flow_dump_0.4_1.2.shear.wave,1970,197000,197.0,0.19699999999999998,158683.45183699526,1030.4126666109967,0.0064935105373777075,6.493510537377708e+17,88,0.000554563182116787,5.54563182116787e+26,831.8254718234155,22.558396170719234,123.00947015292456,9.352963092979984,0.0,43.66636537095769,0.00524204296159308,0.00014215972686233184,0.0007751877636193839,5.894101108027098e-05,0.0,0.00027517907422264286,5110,2119,6271,0.15696296296296297,0.4645185185185185,1,0,0
flow,0.4,1.2,0,registered,during_vibration,flow_dump_0.4_1.2.shear.wave,1971,197100,197.1,0.1971,158683.45183699526,941.8098064705441,0.005935148218467049,5.935148218467049e+17,82,0.0005167520560633698,5.167520560633698e+26,770.5635921271685,17.913441958740457,95.28022636765522,33.15846822913708,3.5820443087622174,21.31203347908089,0.004855979519015733,0.00011288790199208498,0.0006004421082642577,0.0002089598369916891,2.2573521481255705e-05,0.0001343053307220295,5035,2031,6434,0.15044444444444444,0.47659259259259257,1,0,0
flow,0.4,1.2,0,registered,during_vibration,flow_dump_0.4_1.2.shear.wave,1972,197200,197.20000000000002,0.1972,158683.45183699526,1026.298315822741,0.006467582497997256,6.467582497997256e+17,86,0.0005419594734323146,5.419594734323146e+26,876.2169707583724,0.0,81.85158035249698,22.159713233002076,0.0,46.07005147886974,0.005521791721914713,0.0,0.0005158167370632797,0.00013964728506010347,0.0,0.0002903267539591613,5037,2062,6401,0.15274074074074073,0.47414814814814815,1,0,0
flow,0.4,1.2,0,registered,during_vibration,flow_dump_0.4_1.2.shear.wave,1973,197300,197.3,0.1973,158683.45183699526,1011.2166294708514,0.006372539907372356,6.372539907372356e+17,84,0.0005293557647478421,5.293557647478421e+26,875.9180841798748,13.381202368190342,84.87207778569902,5.389932679799179,0.0,31.655332457288168,0.005519908182232171,8.432638824832184e-05,0.0005348514719284173,3.396657066255334e-05,0.0,0.00019948729430089248,5090,2154,6256,0.15955555555555556,0.46340740740740743,1,0,0
flow,0.4,1.2,0,registered,during_vibration,flow_dump_0.4_1.2.shear.wave,1974,197400,197.4,0.1974,158683.45183699526,1000.0468807455304,0.006302149777866004,6.302149777866004e+17,90,0.0005671668908012594,5.671668908012594e+26,820.0835445552258,24.08835844690377,95.45594351355628,7.212121436535703,0.0,53.20691279330915,0.005168047046251817,0.00015180132627596295,0.0006015494521231596,4.544973879156742e-05,0.0,0.0003353022144234989,5128,2197,6175,0.16274074074074074,0.45740740740740743,1,0,0
flow,0.4,1.2,0,registered,during_vibration,flow_dump_0.4_1.2.shear.wave,1975,197500,197.5,0.19749999999999998,158683.45183699526,1073.6773142877762,0.006766158045204941,6.766158045204941e+17,94,0.0005923743081702043,5.9237430817020434e+26,901.3244123459125,24.036282601792536,98.73470394702548,5.325026754764927,0.0,44.256888638280756,0.005680015161705594,0.0001514731518853231,0.0006222117227979698,3.355754297703938e-05,0.0,0.00027890046583901423,5073,2077,6350,0.15385185185185185,0.4703703703703704,1,0,0
flow,0.4,1.2,0,registered,during_vibration,flow_dump_0.4_1.2.shear.wave,1976,197600,197.6,0.1976,158683.45183699526,923.1626068952149,0.005817636282852715,5.817636282852716e+17,79,0.000497846493036661,4.97846493036661e+26,742.3128534689466,12.08175376191782,100.85453335347357,10.371491925766904,0.0,57.54197438511,0.004677947478931037,7.613745240637055e-05,0.0006355705789477947,6.535963142786202e-05,0.0,0.00036262114113965057,5023,2024,6453,0.14992592592592593,0.478,1,0,0
flow,0.4,1.2,0,registered,during_vibration,flow_dump_0.4_1.2.shear.wave,1977,197700,197.70000000000002,0.1977,158683.4518369953,1136.0909216635514,0.007159479507860595,7.159479507860595e+17,90,0.0005671668908012594,5.671668908012594e+26,917.3481022976946,24.688925380138066,95.06716478216455,0.0,0.0,98.98672920355375,0.005780994121806878,0.00015558601161196897,0.0005990994251865694,0.0,0.0,0.0006237999492551755,5139,2163,6198,0.1602222222222222,0.45911111111111114,1,0,0
flow,0.4,1.2,0,registered,during_vibration,flow_dump_0.4_1.2.shear.wave,1978,197800,197.8,0.1978,158683.45183699526,977.1613229892373,0.006157928326345011,6.157928326345011e+17,83,0.0005230539104056059,5.2305391040560594e+26,781.3123633006517,14.50829665372391,127.32958789189978,6.237226589887047,0.0,47.77384855307479,0.0049237167093090515,9.142917226572119e-05,0.0008024125163517166,3.9306093468990874e-05,0.0,0.0003010638349495297,5158,2137,6205,0.1582962962962963,0.4596296296296296,1,0,0
flow,0.4,1.2,0,registered,during_vibration,flow_dump_0.4_1.2.shear.wave,1979,197900,197.9,0.1979,158683.45183699526,933.3047124909529,0.005881550355040634,5.881550355040634e+17,80,0.0005041483473788973,5.041483473788973e+26,754.1428197746794,11.91413660128155,101.80672400173792,35.91992406050656,0.0,29.521108052747497,0.004752498203463328,7.508115347478157e-05,0.0006415711457191961,0.0002263621294134984,0.0,0.00018603772296983133,5069,2045,6386,0.1514814814814815,0.47303703703703703,1,0,0
flow,0.4,1.2,0,registered,during_vibration,flow_dump_0.4_1.2.shear.wave,1980,198000,198.0,0.19799999999999998,158683.45183699526,1051.1944067562747,0.0066244740367514526,6.624474036751452e+17,89,0.0005608650364590232,5.6086503645902325e+26,864.360804733482,12.424522876315052,102.44693823361446,26.392067769149293,0.0,45.57007314371366,0.0054470758905684835,7.82975334383192e-05,0.0006456056825563087,0.00016631896687160596,0.0,0.00028717596331673386,5012,2025,6463,0.15,0.47874074074074074,1,0,0
flow,0.4,1.2,0,registered,during_vibration,flow_dump_0.4_1.2.shear.wave,1981,198100,198.1,0.1981,158683.4518369953,1067.5601724552596,0.00672760870838562,6.727608708385619e+17,88,0.0005545631821167869,5.5456318211678696e+26,918.1298310310747,15.98890054289079,77.50459816793328,14.881508629521093,0.0,41.05533408383969,0.00578592046241978,0.0001007597223137993,0.0004884226885078633,9.37810997759732e-05,0.0,0.0002587247353682036,5104,2160,6236,0.16,0.4619259259259259,1,0,0
flow,0.4,1.2,0,registered,during_vibration,flow_dump_0.4_1.2.shear.wave,1982,198200,198.20000000000002,0.1982,158683.45183699526,1025.3608421223503,0.006461674675287716,6.461674675287716e+17,89,0.0005608650364590232,5.6086503645902325e+26,876.223749321484,18.627150511584436,76.02655124836421,0.0,0.0,54.48339104091757,0.005521834439432091,0.00011738558933491593,0.00047910825210974823,0.0,0.0,0.0003433463944109601,5170,2218,6112,0.1642962962962963,0.4527407407407407,1,0,0
flow,0.4,1.2,0,registered,during_vibration,flow_dump_0.4_1.2.shear.wave,1983,198300,198.3,0.1983,158683.45183699526,1121.1563712518505,0.007065364146499273,7.065364146499273e+17,88,0.000554563182116787,5.54563182116787e+26,923.0277060470655,43.41599044365478,118.97612672028114,20.145638873555654,0.0,15.590909167293024,0.005816786157357034,0.0002736012478998319,0.00074977022079465,0.00012695488181243942,0.0,9.825163863531597e-05,5125,2147,6228,0.15903703703703703,0.4613333333333333,1,0,0
flow,0.4,1.2,0,registered,during_vibration,flow_dump_0.4_1.2.shear.wave,1984,198400,198.4,0.1984,158683.45183699526,928.0145041056076,0.005848212232356112,5.848212232356111e+17,83,0.0005230539104056059,5.2305391040560594e+26,725.3753921477656,31.688660418574383,98.41354037987877,0.0,9.978875427732715,62.55803573165655,0.004571210064757695,0.0001996973222584419,0.0006201877967777782,0.0,6.28854194448917e-05,0.0003942316291173082,5030,2006,6464,0.14859259259259258,0.4788148148148148,1,0,0
flow,0.4,1.2,0,registered,during_vibration,flow_dump_0.4_1.2.shear.wave,1985,198500,198.5,0.19849999999999998,158683.4518369953,1007.8373327263878,0.0063512440715095516,6.351244071509551e+17,78,0.0004915446386944247,4.915446386944247e+26,836.2144031322122,0.0,99.50139152650371,0.0,0.0,72.12153806767209,0.005269701367419196,0.0,0.0006270432762498431,0.0,0.0,0.00045449942784051386,5110,2086,6304,0.15451851851851853,0.46696296296296297,1,0,0
flow,0.4,1.2,0,registered,during_vibration,flow_dump_0.4_1.2.shear.wave,1986,198600,198.6,0.1986,158683.45183699526,1005.8126515268503,0.006338484825500604,6.338484825500604e+17,86,0.0005419594734323146,5.419594734323146e+26,808.1373096017353,33.011978399331994,123.92197287295686,0.0,0.0,40.74139065282644,0.005092763613636789,0.00020803667942163848,0.0007809382228479218,0.0,0.0,0.0002567463095942563,5163,2155,6182,0.15962962962962962,0.4579259259259259,1,0,0
flow,0.4,1.2,0,registered,during_vibration,flow_dump_0.4_1.2.shear.wave,1987,198700,198.70000000000002,0.1987,158683.45183699526,1031.589491852706,0.006500926718637227,6.500926718637226e+17,89,0.0005608650364590232,5.6086503645902325e+26,805.3101084678408,30.45313470495534,122.5601831036266,31.001573061040993,0.0,42.26449251524218,0.005074947003894781,0.0001919112191751272,0.000772356422076855,0.0001953673978108745,0.0,0.000266344675679589,5095,2070,6335,0.15333333333333332,0.46925925925925926,1,0,0
flow,0.4,1.2,0,registered,during_vibration,flow_dump_0.4_1.2.shear.wave,1988,198800,198.8,0.1988,158683.45183699526,1026.9977968466603,0.006471990525525153,6.471990525525153e+17,86,0.0005419594734323146,5.419594734323146e+26,809.9888260219899,35.573137140091355,108.04503781149722,38.36700027336123,0.0,35.02379559972053,0.005104431600429492,0.0002241767287532491,0.0006808840906894599,0.00024178324727125954,0.0,0.0002207148583816925,5020,1995,6485,0.14777777777777779,0.4803703703703704,1,0,0
flow,0.4,1.2,0,registered,during_vibration,flow_dump_0.4_1.2.shear.wave,1989,198900,198.9,0.1989,158683.4518369953,1060.059325924634,0.006680339466106151,6.68033946610615e+17,94,0.0005923743081702042,5.923743081702042e+26,900.510148737318,18.32197260736412,50.31931879804554,16.741217548628512,0.0,74.16666823327786,0.005674883791048047,0.00011546240263405057,0.0003171050176658317,0.00010550071450314571,0.0,0.0004673875402550748,5083,2093,6324,0.15503703703703703,0.46844444444444444,1,0,0
flow,0.4,1.2,0,registered,during_vibration,flow_dump_0.4_1.2.shear.wave,1990,199000,199.0,0.19899999999999998,158683.45183699526,975.9309908608614,0.006150174952479412,6.150174952479411e+17,86,0.0005419594734323146,5.419594734323146e+26,790.7288947872131,30.395076863897444,95.67200143217147,0.0,0.0,59.135017777579186,0.004983058319146443,0.00019154534711735566,0.0006029110176557593,0.0,0.0,0.0003726602685598532,5138,2195,6167,0.1625925925925926,0.45681481481481484,1,0,0
flow,0.4,1.2,0,registered,during_vibration,flow_dump_0.4_1.2.shear.wave,1991,199100,199.1,0.1991,158683.45183699526,1032.0980200682477,0.006504131389380488,6.504131389380488e+17,89,0.0005608650364590232,5.6086503645902325e+26,844.0770115229345,28.94491946303975,90.75171246364972,20.368973586172686,0.0,47.95540303245115,0.005319250380247573,0.0001824066664038346,0.0005719040732544235,0.00012836230464091712,0.0,0.0003022079648337401,5142,2173,6185,0.16096296296296297,0.45814814814814814,1,0,0
flow,0.4,1.2,0,registered,during_vibration,flow_dump_0.4_1.2.shear.wave,1992,199200,199.20000000000002,0.1992,158683.45183699526,1037.956285814799,0.006541049326813366,6.541049326813366e+17,90,0.0005671668908012594,5.671668908012594e+26,843.239618511394,44.11341442837505,85.52208658044717,32.2079202311842,0.0,32.873246063398284,0.0053139732514616385,0.00027799631226632106,0.0005389477326740926,0.0002029696219632858,0.0,0.00020716240844802607,5048,2044,6408,0.1514074074074074,0.4746666666666667,1,0,0
flow,0.4,1.2,0,registered,during_vibration,flow_dump_0.4_1.2.shear.wave,1993,199300,199.3,0.19929999999999998,158683.45183699526,911.4375571435099,0.005743746727161997,5.7437467271619974e+17,72,0.00045373351264100755,4.5373351264100753e+26,768.1016646529697,13.650157728368981,71.1545894333731,4.669136815785017,3.8757972114858297,49.986211301527305,0.004840464810672183,8.60213057527313e-05,0.0004484058583907375,2.942422011704979e-05,2.4424709486828993e-05,0.00031500582274246686,5079,2081,6340,0.15414814814814815,0.4696296296296296,1,0,0
flow,0.4,1.2,0,registered,during_vibration,flow_dump_0.4_1.2.shear.wave,1994,199400,199.4,0.1994,158683.45183699526,972.6409238762793,0.006129441429566376,6.129441429566376e+17,88,0.000554563182116787,5.54563182116787e+26,793.7327339013804,12.625835596737929,93.10804945677131,0.0,0.0,73.17430492139,0.005001988075711437,7.956617687966351e-05,0.0005867533657662986,0.0,0.0,0.0004611338112089785,5157,2184,6159,0.16177777777777777,0.4562222222222222,1,0,0
flow,0.4,1.2,0,registered,during_vibration,flow_dump_0.4_1.2.shear.wave,1995,199500,199.5,0.19949999999999998,158683.45183699526,979.67370259336,0.006173760976662597,6.173760976662597e+17,81,0.0005104502017211335,5.104502017211335e+26,792.4290353511299,33.1553675465304,109.25027664956987,9.714648856969347,0.0,35.12437418916056,0.0049937723573415735,0.0002089402969415403,0.0006884793302945997,6.122030208259238e-05,0.0,0.00022134869000229115,5126,2125,6249,0.1574074074074074,0.4628888888888889,1,0,0
flow,0.4,1.2,0,registered,during_vibration,flow_dump_0.4_1.2.shear.wave,1996,199600,199.6,0.1996,158683.4518369953,918.3587100750627,0.005787362824816983,5.787362824816983e+17,80,0.0005041483473788972,5.041483473788972e+26,727.68058707852,34.972031323471846,98.86695299926707,27.838283389239727,0.0,29.000855284563816,0.0045857370674417695,0.00022038864745264197,0.000623045137062095,0.00017543280705688266,0.0,0.00018275916580359257,5019,2014,6467,0.1491851851851852,0.47903703703703704,1,0,0
flow,0.4,1.2,0,registered,during_vibration,flow_dump_0.4_1.2.shear.wave,1997,199700,199.70000000000002,0.1997,158683.45183699526,1053.067403512514,0.0066362773894927535,6.636277389492754e+17,86,0.0005419594734323146,5.419594734323146e+26,874.9377244947844,26.99122708475952,71.58425404147204,13.939584669195188,0.0,65.61461322230261,0.005513730098293731,0.00017009478160637554,0.00045111354216699094,8.784523217653708e-05,0.0,0.0004134937352491175,5015,2045,6440,0.1514814814814815,0.47703703703703704,1,0,0
flow,0.4,1.2,0,registered,during_vibration,flow_dump_0.4_1.2.shear.wave,1998,199800,199.8,0.19979999999999998,158683.45183699526,1015.735920497664,0.006401019821153504,6.401019821153504e+17,80,0.0005041483473788973,5.041483473788973e+26,861.4573216998388,22.58952790497959,86.75526213567562,5.926381180191649,0.0,39.00742757697828,0.00542877856340531,0.0001423559145170618,0.0005467190254015486,3.7347190974137735e-05,0.0,0.0002458191268554453,5092,2154,6254,0.15955555555555556,0.46325925925925926,1,0,0
flow,0.4,1.2,0,registered,during_vibration,flow_dump_0.4_1.2.shear.wave,1999,199900,199.9,0.1999,158683.45183699526,987.7403086758759,0.006224595553230809,6.224595553230808e+17,83,0.0005230539104056059,5.2305391040560594e+26,791.4414784534908,38.60708636794128,81.86570842751318,16.624578163802198,0.0,59.20145726312824,0.004987548917617982,0.00024329623486889936,0.0005159057701341679,0.00010476567008940226,0.0,0.00037307896052035644,5141,2187,6172,0.162,0.4571851851851852,1,0,0
flow,0.4,1.2,0,registered,during_vibration,flow_dump_0.4_1.2.shear.wave,2000,200000,200.0,0.19999999999999998,158683.4518369953,1007.7433222971829,0.006350651631478051,6.35065163147805e+17,85,0.0005356576190900783,5.356576190900783e+26,806.0875039499081,60.01095306316115,88.32421625876191,15.527140301621053,0.0,37.79350872373097,0.00507984603698908,0.0003781802851428158,0.0005566063457548892,9.784977653228156e-05,0.0,0.0002381691870589863,5064,2082,6354,0.15422222222222223,0.4706666666666667,1,0,0
flow,0.4,1.2,0,registered,during_vibration,flow_dump_0.4_1.2.shear.wave,2001,200100,200.1,0.2001,158683.45183699526,957.81000988007,0.006035979169800032,6.035979169800032e+17,83,0.0005230539104056059,5.2305391040560594e+26,793.2974040854573,16.000231811568113,72.06958698024887,10.51613393087613,0.0,65.92665307191977,0.004999244690620657,0.00010083113031851655,0.000454172039654652,6.627114427582935e-05,0.0,0.0004154601649303782,5024,2029,6447,0.1502962962962963,0.47755555555555557,1,0,0
flow,0.4,1.2,0,registered,during_vibration,flow_dump_0.4_1.2.shear.wave,2002,200200,200.20000000000002,0.2002,158683.45183699526,1104.6522407548573,0.006961357520061964,6.961357520061964e+17,87,0.0005482613277745507,5.4826132777455075e+26,836.2450580682436,26.417763033376573,82.75296317378812,0.0,0.0,159.23645647944878,0.005269894550360937,0.00016648089468405155,0.0005214971203096504,0.0,0.0,0.0010034849547073225,5135,2156,6209,0.1597037037037037,0.4599259259259259,1,0,0
flow,0.4,1.2,0,registered,during_vibration,flow_dump_0.4_1.2.shear.wave,2003,200300,200.3,0.20029999999999998,158683.45183699526,1052.4182094161777,0.006632186262857802,6.632186262857802e+17,90,0.0005671668908012594,5.671668908012594e+26,837.888150774903,35.79568976592489,124.76364303592678,8.798545647400212,0.0,45.172180192022836,0.0052802490812690955,0.00022557922298473425,0.0007862423056191643,5.5447153093432584e-05,0.0,0.00028466849989137587,5157,2137,6206,0.1582962962962963,0.4597037037037037,1,0,0
flow,0.4,1.2,0,registered,during_vibration,flow_dump_0.4_1.2.shear.wave,2004,200400,200.4,0.2004,158683.4518369953,1019.8223215683079,0.006426771725484658,6.426771725484658e+17,86,0.0005419594734323145,5.4195947343231446e+26,790.1270089986093,51.249540277878744,109.89210836269082,26.45802280812467,0.0,42.09564112100425,0.004979265322575999,0.00032296713793775997,0.0006925240602629158,0.00016673460592036527,0.0,0.00026528059878761797,5054,2057,6389,0.15237037037037038,0.47325925925925927,1,0,0
flow,0.4,1.2,0,registered,during_vibration,flow_dump_0.4_1.2.shear.wave,2005,200500,200.5,0.20049999999999998,158683.45183699526,963.497947216929,0.006071823722404684,6.071823722404685e+17,89,0.0005608650364590232,5.6086503645902325e+26,782.7666652846741,23.372858846163084,96.6692843087651,23.272034453067427,0.0,37.41710432425927,0.0049328815085819865,0.00014729235201016699,0.0006091957490820586,0.0001466569713707338,0.0,0.00023579714135973877,5013,2015,6472,0.14925925925925926,0.4794074074074074,1,0,0
flow,0.4,1.2,0,registered,during_vibration,flow_dump_0.4_1.2.shear.wave,2006,200600,200.6,0.2006,158683.45183699526,1067.9230843161656,0.0067298957260721205,6.72989572607212e+17,90,0.0005671668908012594,5.671668908012594e+26,880.3111167911399,46.095466297399405,73.39629043933101,8.279936640241672,0.0,59.84027414805357,0.0055475924338690575,0.0002904869144436696,0.0004625327316091286,5.217895466974773e-05,0.0,0.00037710469148051696,5076,2147,6277,0.15903703703703703,0.46496296296296297,1,0,0
flow,0.4,1.2,0,registered,during_vibration,flow_dump_0.4_1.2.shear.wave,2007,200700,200.70000000000002,0.2007,158683.45183699526,1029.4636521961127,0.006487529986766426,6.487529986766426e+17,89,0.0005608650364590232,5.6086503645902325e+26,861.1163106668829,26.92662451630943,86.92649231084071,0.0,0.0,54.49422470207941,0.005426629561546526,0.00016968766562986873,0.0005477980930244346,0.0,0.0,0.00034341466656559515,5137,2198,6165,0.1628148148148148,0.45666666666666667,1,0,0
flow,0.4,1.2,0,registered,during_vibration,flow_dump_0.4_1.2.shear.wave,2008,200800,200.8,0.20079999999999998,158683.4518369953,1015.6463668566847,0.006400455467152235,6.400455467152234e+17,91,0.0005734687451434956,5.7346874514349555e+26,845.2010028136984,39.50677199526555,95.17503488003393,12.726728633513396,0.0,23.036828534173242,0.005326333609643909,0.00024896592264610033,0.000599779206831225,8.020199010156836e-05,0.0,0.00014517473792943078,5092,2134,6274,0.15807407407407406,0.46474074074074073,1,0,0
flow,0.4,1.2,0,registered,during_vibration,flow_dump_0.4_1.2.shear.wave,2009,200900,200.9,0.2009,158683.45183699526,1015.2576385779919,0.006398005758161205,6.398005758161204e+17,82,0.0005167520560633698,5.167520560633698e+26,834.4367746931771,40.794765548403845,101.59903102946494,9.84553684695749,0.0,28.5815304599884,0.005258499011921781,0.00025708267041171714,0.0006402622948600257,6.204513913064572e-05,0.0,0.00018011664183703458,5029,2026,6445,0.15007407407407408,0.4774074074074074,1,0,0
flow,0.4,1.2,0,registered,during_vibration,flow_dump_0.4_1.2.shear.wave,2010,201000,201.0,0.20099999999999998,158683.45183699526,988.0579420213605,0.00622659723230829,6.22659723230829e+17,80,0.0005041483473788973,5.041483473788973e+26,813.1136944086625,19.648223331252407,86.73967475480164,0.0,0.0,68.55634952664396,0.005124124065840961,0.0001238202415172799,0.0005466207959977038,0.0,0.0,0.00043203212895234495,5130,2109,6261,0.15622222222222223,0.4637777777777778,1,0,0
flow,0.4,1.2,0,registered,during_vibration,flow_dump_0.4_1.2.shear.wave,2011,201100,201.1,0.2011,158683.45183699526,1042.1862091724745,0.00656770568769226,6.56770568769226e+17,89,0.0005608650364590232,5.6086503645902325e+26,837.8762992702748,45.462689451504765,103.33109667854127,0.0,2.6977047130280294,52.81841905912542,0.005280174394813192,0.0002864992469297019,0.0006511775202916955,0.0,1.7000542159866792e-05,0.0003328539834978016,5186,2187,6127,0.162,0.45385185185185184,1,0,0
flow,0.4,1.2,0,registered,during_vibration,flow_dump_0.4_1.2.shear.wave,2012,201200,201.20000000000002,0.2012,158683.45183699526,1056.4334192923968,0.006657489530651244,6.657489530651245e+17,88,0.000554563182116787,5.54563182116787e+26,821.3319134304166,67.29995350177843,126.29353480670346,5.821961440532403,0.0,35.686056112966185,0.005175914085068651,0.00042411450420747786,0.0007958834607179849,3.6689152984350943e-05,0.0,0.0002248883276727812,5098,2103,6299,0.15577777777777777,0.4665925925925926,1,0,0
flow,0.4,1.2,0,registered,during_vibration,flow_dump_0.4_1.2.shear.wave,2013,201300,201.3,0.20129999999999998,158683.45183699526,955.046425803226,0.006018563465485238,6.018563465485238e+17,82,0.0005167520560633698,5.167520560633698e+26,758.0149246592449,25.626796037747418,111.92735251946114,29.048025895536696,0.0,30.429326691235783,0.004776899644443721,0.0001614963358880804,0.0007053498724897699,0.00018305642812317799,0.0,0.0001917611845404886,5021,2020,6459,0.14962962962962964,0.47844444444444445,1,0,0
flow,0.4,1.2,0,registered,during_vibration,flow_dump_0.4_1.2.shear.wave,2014,201400,201.4,0.2014,158683.45183699526,1038.7333634560698,0.006545946356921263,6.545946356921263e+17,90,0.0005671668908012594,5.671668908012594e+26,870.0801367176491,21.12436093505617,72.77975329746155,26.69886827343301,0.0,48.05024423247025,0.005483118287667598,0.00013312264568554881,0.0004586474043444886,0.00016825237896172656,0.0,0.00030280564026190335,5076,2122,6302,0.15718518518518518,0.4668148148148148,1,0,0
flow,0.4,1.2,0,registered,during_vibration,flow_dump_0.4_1.2.shear.wave,2015,201500,201.5,0.20149999999999998,158683.4518369953,996.3969851420158,0.006279148667408285,6.279148667408285e+17,85,0.0005356576190900783,5.356576190900783e+26,847.2146592289372,16.766720539044766,80.3805180346276,0.0,0.0,52.0350873394062,0.005339023379068053,0.00010566143063404038,0.0005065463166077143,0.0,0.0,0.00032791754109847765,5121,2208,6171,0.16355555555555557,0.45711111111111113,1,0,0
flow,0.4,1.2,0,registered,during_vibration,flow_dump_0.4_1.2.shear.wave,2016,201600,201.6,0.2016,158683.45183699526,1028.3553176169548,0.0064805454236861095,6.48054542368611e+17,85,0.0005356576190900784,5.356576190900784e+26,831.0649010448435,38.95386126599314,94.67076886973466,13.707366036509548,0.0,49.95842039987374,0.005237249955329558,0.00024548155976596603,0.0005966013958845786,8.638182417779892e-05,0.0,0.00031483068852820666,5106,2178,6216,0.16133333333333333,0.46044444444444443,1,0,0
flow,0.4,1.2,0,registered,during_vibration,flow_dump_0.4_1.2.shear.wave,2017,201700,201.70000000000002,0.2017,158683.45183699526,890.2571537676805,0.005610270910177712,5.6102709101777126e+17,79,0.000497846493036661,4.97846493036661e+26,729.7616580344423,35.97602421825903,71.70506344248764,23.889415338453553,0.0,28.92499273403817,0.004598851673481851,0.00022671566443623092,0.0004518748654153641,0.00015054761578411799,0.0,0.00018228109106014945,5033,2040,6427,0.1511111111111111,0.4760740740740741,1,0,0
flow,0.4,1.2,0,registered,during_vibration,flow_dump_0.4_1.2.shear.wave,2018,201800,201.8,0.20179999999999998,158683.45183699526,898.0556759711844,0.005659416061188889,5.659416061188888e+17,74,0.00046633722132547996,4.6633722132548e+26,747.5831568499888,18.723105141122318,80.82004389170737,6.368600879313027,0.0,44.560769209052935,0.00471116016317776,0.0001179902814337269,0.0005093161445386777,4.013399510526818e-05,0.0,0.0002808154769334561,5074,2079,6347,0.154,0.47014814814814815,1,0,0
flow,0.4,1.2,0,registered,during_vibration,flow_dump_0.4_1.2.shear.wave,2019,201900,201.9,0.2019,158683.4518369953,1046.3743827228593,0.00659409894736679,6.594098947366789e+17,90,0.0005671668908012594,5.671668908012594e+26,822.0600296725771,38.72419990224402,105.80424777197027,0.0,0.0,79.78590537606787,0.005180502567570962,0.00024403426730357965,0.0006667629582488272,0.0,0.0,0.000502799154243421,5164,2206,6130,0.16340740740740742,0.4540740740740741,1,0,0
flow,0.4,1.2,0,registered,during_vibration,flow_dump_0.4_1.2.shear.wave,2020,202000,202.0,0.20199999999999999,158683.45183699526,1069.6737697411954,0.006740928290619735,6.740928290619735e+17,91,0.0005734687451434957,5.734687451434957e+26,845.5665939971382,52.91791605413036,126.10072271867313,0.0,2.117459715213916,42.97107725603974,0.005328637512030753,0.00033348099906781295,0.0007946683870237953,0.0,1.3343922700831077e-05,0.0002707974697965419,5100,2142,6258,0.15866666666666668,0.46355555555555555,1,0,0
flow,0.4,1.2,0,registered,during_vibration,flow_dump_0.4_1.2.shear.wave,2021,202100,202.1,0.2021,158683.45183699526,977.5265271172862,0.006160229789565158,6.160229789565157e+17,83,0.0005230539104056059,5.2305391040560594e+26,807.4367288401165,24.78661651083574,95.73664610900387,21.815298688382747,0.0,27.75123696894718,0.005088348655722094,0.0001562016468881541,0.000603318398993158,0.00013747683476656483,0.0,0.000174884253195186,5013,2027,6460,0.15014814814814814,0.4785185185185185,1,0,0
flow,0.4,1.2,0,registered,during_vibration,flow_dump_0.4_1.2.shear.wave,2022,202200,202.20000000000002,0.2022,158683.45183699526,996.6065306200605,0.006280469192488999,6.280469192488998e+17,87,0.0005482613277745507,5.4826132777455075e+26,826.2816742956398,19.402726925818513,73.19057991911006,19.66648183128064,0.0,58.065067648211745,0.005207106757070189,0.00012227315892869293,0.00046123637387403054,0.00012393530392496556,0.0,0.00036591759869112283,5034,2055,6411,0.15222222222222223,0.4748888888888889,1,0,0
flow,0.4,1.2,0,registered,during_vibration,flow_dump_0.4_1.2.shear.wave,2023,202300,202.3,0.20229999999999998,158683.4518369953,978.9216679807391,0.006169021764073539,6.169021764073539e+17,75,0.00047263907566771614,4.726390756677161e+26,814.4632866449283,14.649316610941222,87.53436616373637,5.055121910519717,0.0,57.21957665061352,0.00513262899953532,9.231785949545304e-05,0.0005516288255038368,3.185664196234211e-05,0.0,0.00036058943757658675,5075,2159,6266,0.15992592592592592,0.46414814814814814,1,0,0
flow,0.4,1.2,0,registered,during_vibration,flow_dump_0.4_1.2.shear.wave,2024,202400,202.4,0.2024,158683.45183699526,992.1357941125815,0.006252295262216348,6.252295262216348e+17,87,0.0005482613277745507,5.4826132777455075e+26,813.1466768479874,21.193147887381276,84.98064922762825,6.720982581411308,0.0,66.09433756817317,0.005124331916369438,0.000133556131039748,0.0005355356733411818,4.235465326476082e-05,0.0,0.0004165168882012184,5130,2186,6184,0.16192592592592592,0.4580740740740741,1,0,0
flow,0.4,1.2,0,registered,during_vibration,flow_dump_0.4_1.2.shear.wave,2025,202500,202.5,0.20249999999999999,158683.45183699526,991.6927800338623,0.0062495034520206995,6.249503452020699e+17,84,0.0005293557647478421,5.293557647478421e+26,782.3169331691439,55.39264024259512,95.71624693080645,19.64404553884175,0.0,38.62291415247494,0.0049300473622968894,0.0003490763504407266,0.0006031898463434565,0.00012379391367803584,0.0,0.0002433959792615908,5059,2083,6358,0.1542962962962963,0.47096296296296297,1,0,0
flow,0.4,1.2,0,registered,during_vibration,flow_dump_0.4_1.2.shear.wave,2026,202600,202.6,0.2026,158683.45183699526,917.5030672974011,0.005781970688663174,5.781970688663174e+17,79,0.000497846493036661,4.97846493036661e+26,726.0609210192403,23.31569699513038,88.67414975452539,10.804106621825868,0.0,68.64819290667916,0.004575530167853125,0.00014693212635102628,0.0005588115756746603,6.80859062287364e-05,0.0,0.00043261091255562546,5031,2033,6436,0.15059259259259258,0.47674074074074074,1,0,0
flow,0.4,1.2,0,registered,during_vibration,flow_dump_0.4_1.2.shear.wave,2027,202700,202.70000000000002,0.2027,158683.4518369953,1051.4970985541254,0.006626381556372097,6.626381556372096e+17,87,0.0005482613277745506,5.482613277745507e+26,858.5282612490128,24.353231701224235,89.91660119002843,0.0,0.0,78.69900441386002,0.005410320051084598,0.00015347051894384458,0.0005666413236485026,0.0,0.0,0.0004959496626951508,5140,2154,6206,0.15955555555555556,0.4597037037037037,1,0,0
flow,0.4,1.2,0,registered,during_vibration,flow_dump_0.4_1.2.shear.wave,2028,202800,202.8,0.20279999999999998,158683.45183699526,1099.744497385148,0.00693042963619698,6.930429636196979e+17,96,0.0006049780168546768,6.049780168546768e+26,871.7011393332261,55.03660606053138,140.32846970236238,6.089758677822733,0.0,26.58852361120521,0.005493333610039348,0.00034683267488450374,0.0008843295761331956,3.8376772167007865e-05,0.0,0.0001675570029729237,5153,2176,6171,0.16118518518518518,0.45711111111111113,1,0,0
flow,0.4,1.2,0,registered,during_vibration,flow_dump_0.4_1.2.shear.wave,2029,202900,202.9,0.2029,158683.45183699526,983.9188549556441,0.006200513308510311,6.200513308510312e+17,86,0.0005419594734323146,5.419594734323146e+26,793.8927509980925,42.31395255192855,105.50041179435249,22.005667320802125,0.0,20.20607229046852,0.005002996480147184,0.0002666563656265482,0.0006648482281739491,0.00013867651015940247,0.0,0.00012733572440322793,5048,2070,6382,0.15333333333333332,0.47274074074074074,1,0,0
flow,0.4,1.2,0,registered,during_vibration,flow_dump_0.4_1.2.shear.wave,2030,203000,203.0,0.20299999999999999,158683.45183699526,977.3864106248745,0.006159346795839035,6.159346795839035e+17,87,0.0005482613277745507,5.4826132777455075e+26,826.7765634311719,12.843027008976087,80.03090968075335,22.559039996315654,0.0,35.17687050765749,0.005210225476317867,8.093488552397295e-05,0.0005043431356847699,0.00014216378415746227,0.0,0.00022167951415496244,5008,2032,6460,0.15051851851851852,0.4785185185185185,1,0,0
flow,0.4,1.2,0,registered,during_vibration,flow_dump_0.4_1.2.shear.wave,2031,203100,203.1,0.2031,158683.45183699526,1027.7889902528227,0.006476976511127327,6.476976511127327e+17,83,0.0005230539104056059,5.2305391040560594e+26,842.9509284644323,39.24826345703561,79.21549572753068,6.943451884888445,0.0,59.430850718935886,0.005312153968835632,0.00024733683949195085,0.0004992045157229336,4.3756622410892485e-05,0.0,0.00037452456466591846,5083,2146,6271,0.15896296296296297,0.4645185185185185,1,0,0
flow,0.4,1.2,0,registered,during_vibration,flow_dump_0.4_1.2.shear.wave,2032,203200,203.20000000000002,0.2032,158683.45183699526,1024.6154607117899,0.006456977390208954,6.456977390208954e+17,84,0.0005293557647478421,5.293557647478421e+26,841.6844786199122,26.45296914665517,85.47536005746119,0.0,0.0,71.00265288776143,0.005304172986383719,0.00016670275848188954,0.0005386532689323158,0.0,0.0,0.00044744837641103014,5134,2176,6190,0.16118518518518518,0.4585185185185185,1,0,0
flow,0.4,1.2,0,registered,during_vibration,flow_dump_0.4_1.2.shear.wave,2033,203300,203.3,0.20329999999999998,158683.45183699526,1026.4479084510635,0.006468525208951617,6.468525208951616e+17,93,0.0005860724538279681,5.860724538279681e+26,825.6117723984398,49.20776237783324,96.34525315407996,20.13761887368995,0.0,35.145501647020566,0.005202885132890447,0.0003101001510124763,0.0006071537519428862,0.00012690434094146097,0.0,0.00022148183216434664,5087,2130,6283,0.15777777777777777,0.4654074074074074,1,0,0
flow,0.4,1.2,0,registered,during_vibration,flow_dump_0.4_1.2.shear.wave,2034,203400,203.4,0.2034,158683.45183699526,1003.3066708927738,0.006322692500560188,6.322692500560188e+17,83,0.0005230539104056059,5.2305391040560594e+26,804.9815440182717,32.14420102992084,101.87918806541637,9.828556740652331,0.0,54.47318103851249,0.005072876438591559,0.00020256807283812052,0.0006420278036935442,6.193813297399492e-05,0.0,0.00034328205246296945,5040,2020,6440,0.14962962962962964,0.47703703703703704,1,0,0
flow,0.4,1.2,0,registered,during_vibration,flow_dump_0.4_1.2.shear.wave,2035,203500,203.5,0.2035,158683.45183699526,967.2427041077451,0.006095422634877693,6.095422634877692e+17,76,0.0004789409300099524,4.789409300099524e+26,798.1156875936222,11.962522294519887,64.5854371533529,0.0,0.0,92.57905706624985,0.005029608811468711,7.538607306581769e-05,0.0004070080175700812,0.0,0.0,0.000583419732773081,5119,2082,6299,0.15422222222222223,0.4665925925925926,1,0,0
flow,0.4,1.2,0,registered,during_vibration,flow_dump_0.4_1.2.shear.wave,2036,203600,203.6,0.2036,158683.45183699526,1099.4620859381268,0.006928649920393272,6.928649920393272e+17,91,0.0005734687451434957,5.734687451434957e+26,864.2201958436099,51.907356728645496,121.2122195668124,0.0,0.0,62.1223137990589,0.005446189793825286,0.00032711260139441886,0.0007638617522092063,0.0,0.0,0.0003914857729643601,5182,2179,6139,0.16140740740740742,0.4547407407407407,1,0,0
flow,0.4,1.2,0,registered,during_vibration,flow_dump_0.4_1.2.shear.wave,2037,203700,203.70000000000002,0.2037,158683.45183699526,1016.6329970989824,0.00640667306722884,6.406673067228841e+17,85,0.0005356576190900784,5.356576190900784e+26,808.8587687518758,50.22241863356555,106.29162750229366,23.848809447308838,0.0,27.411372763938665,0.0050973101441148475,0.0003164943669435401,0.0006698343543186838,0.00015029172337268729,0.0,0.00017274247847908243,5093,2103,6304,0.15577777777777777,0.46696296296296297,1,0,0
flow,0.4,1.2,0,registered,during_vibration,flow_dump_0.4_1.2.shear.wave,2038,203800,203.8,0.20379999999999998,158683.4518369953,1058.699790669472,0.006671771872954983,6.671771872954984e+17,85,0.0005356576190900783,5.356576190900783e+26,866.6903839141512,20.509625124009194,98.51985195958045,35.53132429959027,2.3613898075414124,35.08721556459911,0.005461756559243766,0.0001292486701453743,0.0006208577568679511,0.00022391323032277605,1.4881134612367189e-05,0.00022111452176274703,4997,2017,6486,0.1494074074074074,0.48044444444444445,1,0,0
flow,0.4,1.2,0,registered,during_vibration,flow_dump_0.4_1.2.shear.wave,2039,203900,203.9,0.2039,158683.45183699526,1120.6052782482395,0.0070618912386614914,7.061891238661491e+17,92,0.0005797705994857318,5.7977059948573184e+26,897.139985547443,50.1861331003523,85.58337297331128,21.83407751343667,0.0,65.86170911369612,0.005653645513515889,0.00031626570079849983,0.0005393339505950834,0.000137595176186773,0.0,0.0004150508975652445,5059,2123,6318,0.15725925925925927,0.468,1,0,0
flow,0.4,1.2,0,registered,during_vibration,flow_dump_0.4_1.2.shear.wave,2040,204000,204.0,0.204,158683.45183699526,1028.8090489651574,0.006483404772552989,6.48340477255299e+17,91,0.0005734687451434957,5.734687451434957e+26,872.1588798748642,19.33713100530744,79.03163772889344,0.0,0.0,58.28140035609208,0.005496218224259287,0.00012185978299218725,0.0004980458693958667,0.0,0.0,0.0003672808959056462,5131,2177,6192,0.16125925925925927,0.45866666666666667,1,0,0
flow,0.4,1.2,0,registered,during_vibration,flow_dump_0.4_1.2.shear.wave,2041,204100,204.1,0.2041,158683.45183699526,1058.3424535670897,0.006669519986584695,6.669519986584695e+17,90,0.0005671668908012594,5.671668908012594e+26,849.5112360750193,27.796867367981072,94.97869865148672,16.89140103436381,0.0,69.16425043823868,0.005353496071837815,0.0001751718093234757,0.0005985419245168167,0.00010644714895485888,0.0,0.00043586303195172754,5118,2179,6203,0.16140740740740742,0.4594814814814815,1,0,0
flow,0.4,1.2,0,registered,during_vibration,flow_dump_0.4_1.2.shear.wave,2042,204200,204.20000000000002,0.2042,158683.4518369953,929.9152419061375,0.005860190405117832,5.860190405117832e+17,84,0.000529355764747842,5.29355764747842e+26,749.0967553113746,41.48486911576553,86.09429819892128,6.696428602137331,0.0,46.54289067793862,0.004720698640214046,0.000261431602574288,0.0005425537269466516,4.219991766385393e-05,0.0,0.00029330651771899296,5031,2026,6443,0.15007407407407408,0.47725925925925927,1,0,0
flow,0.4,1.2,0,registered,during_vibration,flow_dump_0.4_1.2.shear.wave,2043,204300,204.3,0.20429999999999998,158683.45183699526,982.3667124298086,0.006190731932394105,6.190731932394106e+17,83,0.0005230539104056059,5.2305391040560594e+26,777.5672090591744,26.259819521454876,93.5348230315868,0.0,0.0,85.00486081759244,0.0049001152927900535,0.00016548555767761976,0.0005894428306719013,0.0,0.0,0.0005356882512545301,5082,2063,6355,0.15281481481481482,0.47074074074074074,1,0,0
flow,0.4,1.2,0,registered,during_vibration,flow_dump_0.4_1.2.shear.wave,2044,204400,204.4,0.2044,158683.45183699526,1003.1725996992125,0.0063218476034268755,6.321847603426876e+17,92,0.0005797705994857318,5.7977059948573184e+26,815.4858953370224,18.336138382498312,107.70986582567029,0.0,0.0,61.64070015402175,0.005139073330562003,0.00011555167328559113,0.0006787718856551805,0.0,0.0,0.00038845071392410254,5174,2204,6122,0.16325925925925927,0.4534814814814815,1,0,0
flow,0.4,1.2,0,registered,during_vibration,flow_dump_0.4_1.2.shear.wave,2045,204500,204.5,0.2045,158683.45183699526,1061.6437943818605,0.0066903245555334605,6.69032455553346e+17,94,0.0005923743081702043,5.9237430817020434e+26,851.5351687291732,31.39867382136918,131.67473652848088,0.0,0.0,47.0352153028373,0.005366250600622789,0.00019786986896165397,0.0008297950101548169,0.0,0.0,0.00029640907579420053,5131,2141,6228,0.1585925925925926,0.4613333333333333,1,0,0
flow,0.4,1.2,0,registered,during_vibration,flow_dump_0.4_1.2.shear.wave,2046,204600,204.6,0.2046,158683.4518369953,1003.5717207855945,0.006324362806378169,6.32436280637817e+17,76,0.0004789409300099523,4.7894093000995234e+26,854.5901536410764,31.230619140148995,94.86912151438256,6.645825509117195,0.0,16.236000980869434,0.005385502670555331,0.0001968108128390734,0.0005978513853595468,4.18810243423744e-05,0.0,0.00010231691328184349,5009,2032,6459,0.15051851851851852,0.47844444444444445,1,0,0
flow,0.4,1.2,0,registered,during_vibration,flow_dump_0.4_1.2.shear.wave,2047,204700,204.70000000000002,0.2047,158683.45183699526,979.3165115430595,0.006171510010691253,6.171510010691254e+17,83,0.0005230539104056059,5.2305391040560594e+26,832.6753089089702,23.454662964139835,63.81237678338099,17.530156263032815,0.0,41.84400662353544,0.005247398511120877,0.00014780786964625157,0.000402136303720763,0.00011047249136627274,0.0,0.00026369483483708783,5015,2070,6415,0.15333333333333332,0.4751851851851852,1,0,0
flow,0.4,1.2,0,registered,during_vibration,flow_dump_0.4_1.2.shear.wave,2048,204800,204.8,0.20479999999999998,158683.45183699526,1016.2589345434308,0.00640431577948887,6.40431577948887e+17,86,0.0005419594734323146,5.419594734323146e+26,839.7070615436278,24.668254612795046,81.8803372736665,6.5824433437442735,0.0,63.42083776959718,0.005291711591995124,0.00015545574744703103,0.0005159979589918211,4.148159916829873e-05,0.0,0.00039966888188659456,5101,2153,6246,0.15948148148148147,0.46266666666666667,1,0,0
flow,0.4,1.2,0,registered,during_vibration,flow_dump_0.4_1.2.shear.wave,2049,204900,204.9,0.2049,158683.45183699526,1006.941110959524,0.006345596212476436,6.345596212476436e+17,84,0.0005293557647478421,5.293557647478421e+26,873.5475153170395,6.167175434344909,68.98021494437226,7.2231933536516415,0.0,51.02301191011578,0.005504969202550343,3.8864641290258986e-05,0.00043470326707557985,4.5519512400521375e-05,0.0,0.0003215395891597333,5138,2201,6161,0.16303703703703704,0.45637037037037037,1,0,0
flow,0.4,1.2,0,registered,during_vibration,flow_dump_0.4_1.2.shear.wave,2050,205000,205.0,0.205,158683.45183699526,975.7074997427624,0.0061487665440063686,6.148766544006368e+17,83,0.0005230539104056059,5.2305391040560594e+26,801.017573396115,22.44134570950741,95.58598795805813,13.702924018540438,0.0,42.9596686605414,0.0050478960731138245,0.00014142209190508333,0.0006023689732704273,8.6353831227572e-05,0.0,0.00027072557448946195,5062,2091,6347,0.15488888888888888,0.47014814814814815,1,0,0
flow,0.4,1.2,0,registered,during_vibration,flow_dump_0.4_1.2.shear.wave,2051,205100,205.1,0.2051,158683.45183699526,990.4307276494699,0.006241550181721987,6.241550181721987e+17,84,0.0005293557647478421,5.293557647478421e+26,784.0011129651076,26.492323690279857,83.71672094609653,4.345821882937699,0.0,91.87474816504837,0.004940660818057189,0.0001669507650835175,0.000527570581411936,2.7386736503576105e-05,0.0,0.000578981280665769,5047,2046,6407,0.15155555555555555,0.47459259259259257,1,0,0
flow,0.4,1.2,0,registered,during_vibration,flow_dump_0.4_1.2.shear.wave,2052,205200,205.20000000000002,0.2052,158683.45183699526,1062.1848659770542,0.006693734309915092,6.693734309915091e+17,92,0.0005797705994857318,5.7977059948573184e+26,859.716074256995,32.89224785487549,80.87132436726556,0.0,0.0,88.70521949791811,0.005417805475646717,0.00020728215497015697,0.000509639306626246,0.0,0.0,0.0005590073726719719,5151,2145,6204,0.15888888888888889,0.45955555555555555,1,0,0
flow,0.4,1.2,0,registered,during_vibration,flow_dump_0.4_1.2.shear.wave,2053,205300,205.3,0.20529999999999998,158683.45183699526,1107.976435880373,0.006982306113548134,6.982306113548134e+17,96,0.0006049780168546768,6.049780168546768e+26,869.4060127020285,42.5441336870213,125.88665346522266,13.906744786880683,0.0,56.232891239219825,0.005478870056312553,0.00026810693361223326,0.0007933193537693992,8.763828002157489e-05,0.0,0.00035437148983237434,5142,2144,6214,0.15881481481481483,0.4602962962962963,1,0,0
flow,0.4,1.2,0,registered,during_vibration,flow_dump_0.4_1.2.shear.wave,2054,205400,205.4,0.2054,158683.45183699526,955.2271554623086,0.006019702397472099,6.019702397472099e+17,77,0.00048524278435218865,4.852427843521887e+26,783.925805585335,16.42872525938119,99.73628559241556,29.062736500818758,0.0,26.073602524358144,0.004940186241918967,0.00010353143361323715,0.0006285235444390753,0.00018314913221495165,0.0,0.00016431204528586754,5034,2057,6409,0.15237037037037038,0.47474074074074074,1,0,0
flow,0.4,1.2,0,registered,during_vibration,flow_dump_0.4_1.2.shear.wave,2055,205500,205.5,0.2055,158683.45183699526,916.1197183958749,0.005773253025381264,5.773253025381263e+17,82,0.0005167520560633698,5.167520560633698e+26,772.8330096873245,20.473368923519402,69.2779684822797,14.478879585132162,0.0,39.05649171761893,0.00487028105792155,0.00012902018885088475,0.00043657966650135805,9.124379018428041e-05,0.0,0.0002461283219231897,4980,2027,6493,0.15014814814814814,0.480962962962963,1,0,0
flow,0.4,1.2,0,registered,during_vibration,flow_dump_0.4_1.2.shear.wave,2056,205600,205.6,0.20559999999999998,158683.45183699526,1073.8188916077947,0.006767050244853862,6.767050244853862e+17,90,0.0005671668908012594,5.671668908012594e+26,895.8917047898342,42.371084046120146,72.508785571202,7.139615553006919,0.0,55.90770164763138,0.005645779030003223,0.0002670163999812979,0.000456939805202154,4.4992817274613876e-05,0.0,0.00035232219239257265,5053,2155,6292,0.15962962962962962,0.4660740740740741,1,0,0
flow,0.4,1.2,0,registered,during_vibration,flow_dump_0.4_1.2.shear.wave,2057,205700,205.70000000000002,0.2057,158683.4518369953,1013.6965017852683,0.006388167701485154,6.388167701485155e+17,83,0.0005230539104056058,5.230539104056058e+26,845.4259878668299,7.567199164782815,82.91746561478807,0.0,0.0,77.78584913886745,0.005327751432677923,4.768738691515284e-05,0.0005225337907317743,0.0,0.0,0.000490195091160303,5112,2195,6193,0.1625925925925926,0.4587407407407407,1,0,0
flow,0.4,1.2,0,registered,during_vibration,flow_dump_0.4_1.2.shear.wave,2058,205800,205.8,0.20579999999999998,158683.45183699526,1032.8597908760348,0.00650893195805333,6.50893195805333e+17,94,0.0005923743081702043,5.9237430817020434e+26,836.750723581954,33.47447109049036,96.51276329309863,12.17365413563805,0.0,53.94817877485391,0.005273081180774233,0.00021095124099566737,0.0006082093764398297,7.671659517555251e-05,0.0,0.00033997356466804873,5092,2137,6271,0.1582962962962963,0.4645185185185185,1,0,0
flow,0.4,1.2,0,registered,during_vibration,flow_dump_0.4_1.2.shear.wave,2059,205900,205.9,0.2059,158683.45183699526,959.6961319668933,0.006047865236462867,6.047865236462867e+17,78,0.0004915446386944248,4.9154463869442485e+26,760.4118717815855,20.02630053864912,99.45225471233823,10.18325854082605,0.0,69.62244639349433,0.0047920048560747535,0.00012620282900841344,0.0006267336232041309,6.417341205361867e-05,0.0,0.0004387505161219504,5008,2021,6471,0.1497037037037037,0.47933333333333333,1,0,0
flow,0.4,1.2,0,registered,during_vibration,flow_dump_0.4_1.2.shear.wave,2060,206000,206.0,0.206,158683.45183699526,933.9632742782269,0.005885700515499398,5.885700515499398e+17,74,0.00046633722132547996,4.6633722132548e+26,769.3970573411517,11.763879766708095,79.65483776382254,0.0,0.0,73.14749940654438,0.004848628186709104,7.413425678937418e-05,0.0005019731852420664,0.0,0.0,0.0004609648867588528,5100,2091,6309,0.15488888888888888,0.4673333333333333,1,0,0
flow,0.4,1.2,0,registered,during_vibration,flow_dump_0.4_1.2.shear.wave,2061,206100,206.1,0.20609999999999998,158683.4518369953,1005.3541391599136,0.0063355953473500535,6.335595347350053e+17,89,0.0005608650364590231,5.608650364590231e+26,788.3439097086314,47.39972833470458,113.35907753773648,0.0,0.0,56.25142357884101,0.0049680284905728135,0.000298706183826875,0.0007143723950130764,0.0,0.0,0.00035448827793728785,5163,2170,6167,0.16074074074074074,0.45681481481481484,1,0,0
flow,0.4,1.2,0,registered,during_vibration,flow_dump_0.4_1.2.shear.wave,2062,206200,206.20000000000002,0.2062,158683.45183699526,982.8081590452829,0.006193513864664698,6.193513864664698e+17,86,0.0005419594734323146,5.419594734323146e+26,783.3312204554824,48.01850429684745,110.02698029037592,14.815204110474767,0.0,26.61624989210254,0.004936439253036576,0.0003026056198107765,0.000693374003506044,9.336325835471125e-05,0.0,0.00016773172995659063,5069,2092,6339,0.15496296296296297,0.46955555555555556,1,0,0
flow,0.4,1.2,0,registered,during_vibration,flow_dump_0.4_1.2.shear.wave,2063,206300,206.3,0.20629999999999998,158683.45183699526,966.4509408613708,0.006090433058225506,6.090433058225507e+17,77,0.00048524278435218865,4.852427843521887e+26,799.8817161510892,20.7808665597666,83.84336539649213,30.415725900565334,0.0,31.529266853457408,0.005040738066202098,0.00013095799416509653,0.0005283686762915816,0.00019167547433874418,0.0,0.00019869284722798497,4954,2011,6535,0.14896296296296296,0.4840740740740741,1,0,0
flow,0.4,1.2,0,registered,during_vibration,flow_dump_0.4_1.2.shear.wave,2064,206400,206.4,0.2064,158683.45183699526,968.6425438046257,0.006104244220749915,6.104244220749915e+17,85,0.0005356576190900784,5.356576190900784e+26,799.066596082531,40.5537113112168,72.21455897468977,14.219917760196875,0.0,42.58775967599145,0.00503560129825861,0.00025556358172038556,0.000455085632047322,8.961185048333856e-05,0.0,0.0002683818582402591,5046,2107,6347,0.1560740740740741,0.47014814814814815,1,0,0
flow,0.4,1.2,0,registered,during_vibration,flow_dump_0.4_1.2.shear.wave,2065,206500,206.5,0.2065,158683.4518369953,1053.2679507858734,0.006637541209198196,6.637541209198196e+17,85,0.0005356576190900783,5.356576190900783e+26,898.3225778917199,24.870859776361726,80.48186912701955,0.0,0.0,49.59264399077243,0.0056610980382157654,0.00015673253567681316,0.0005071850164293949,0.0,0.0,0.00031252561887622394,5111,2188,6201,0.16207407407407406,0.4593333333333333,1,0,0
flow,0.4,1.2,0,registered,during_vibration,flow_dump_0.4_1.2.shear.wave,2066,206600,206.6,0.20659999999999998,158683.45183699526,1030.1958249556988,0.006492144032850691,6.49214403285069e+17,92,0.0005797705994857318,5.7977059948573184e+26,819.736747122872,38.37184334984826,82.98001705826357,13.707333367703619,0.0,75.39988405701158,0.005165861579346862,0.00024181376763384913,0.0005229279808174536,8.638161830374242e-05,0.0,0.0004751590867487856,5096,2183,6221,0.1617037037037037,0.4608148148148148,1,0,0
flow,0.4,1.2,0,registered,during_vibration,flow_dump_0.4_1.2.shear.wave,2067,206700,206.70000000000002,0.2067,158683.45183699526,970.4847056905487,0.006115853256629821,6.11585325662982e+17,77,0.00048524278435218865,4.852427843521887e+26,809.4766999174593,10.60039361712797,90.04989384123444,19.427387305668024,0.0,40.93033100905905,0.005101204256313883,6.680213654551097e-05,0.0005674813145212936,0.00012242856505052877,0.0,0.00025793698419860446,5017,2037,6446,0.15088888888888888,0.4774814814814815,1,0,0
flow,0.4,1.2,0,registered,during_vibration,flow_dump_0.4_1.2.shear.wave,2068,206800,206.8,0.20679999999999998,158683.45183699526,963.1820638294276,0.006069833071307519,6.069833071307519e+17,76,0.0004789409300099524,4.789409300099524e+26,771.0726946417096,29.720210887515705,90.68560085088548,16.028821627018218,0.0,55.674735822298516,0.004859187808907638,0.0001872924400336669,0.0005714874475004529,0.00010101129917115452,0.0,0.0003508540756946061,5058,2059,6383,0.15251851851851853,0.4728148148148148,1,0,0
flow,0.4,1.2,0,registered,during_vibration,flow_dump_0.4_1.2.shear.wave,2069,206900,206.9,0.2069,158683.4518369953,1011.741121599176,0.006375845180368706,6.375845180368705e+17,85,0.0005356576190900783,5.356576190900783e+26,809.5726598498308,25.858838595985134,110.92191988999447,0.0,0.0,65.38770326336555,0.0051018089818303785,0.00016295863429129434,0.0006990137825079393,0.0,0.0,0.00041206378173909333,5162,2188,6150,0.16207407407407406,0.45555555555555555,1,0,0
flow,0.4,1.2,0,registered,during_vibration,flow_dump_0.4_1.2.shear.wave,2070,207000,207.0,0.207,158683.45183699526,1071.584924726405,0.006752972110961964,6.752972110961964e+17,92,0.0005797705994857318,5.7977059948573184e+26,855.8344826438038,53.7110809487973,120.01274884295762,0.0,0.0,42.02661229084616,0.00539334425068434,0.0003384794087033792,0.0007563028624196969,0.0,0.0,0.0002648455891545468,5110,2137,6253,0.1582962962962963,0.4631851851851852,1,0,0
flow,0.4,1.2,0,registered,during_vibration,flow_dump_0.4_1.2.shear.wave,2071,207100,207.1,0.20709999999999998,158683.45183699526,993.4658656274868,0.006260677179168039,6.260677179168038e+17,79,0.000497846493036661,4.97846493036661e+26,846.8940394244352,20.40886393346505,94.57801191073064,11.968287741607597,0.0,19.61666261724855,0.005337002879760846,0.00012861368779921482,0.0005960168550397065,7.542240607358231e-05,0.0,0.00012362135049469064,4978,2013,6509,0.1491111111111111,0.48214814814814816,1,0,0
flow,0.4,1.2,0,registered,during_vibration,flow_dump_0.4_1.2.shear.wave,2072,207200,207.20000000000002,0.2072,158683.45183699526,953.8228284919095,0.00601085253345577,6.01085253345577e+17,81,0.0005104502017211335,5.104502017211335e+26,795.6043826463451,21.79517351253361,82.45356081701428,11.276087763028247,0.0,42.693623752988636,0.005013782933482034,0.0001373500088397517,0.0005196103302675393,7.106026263287622e-05,0.0,0.0002690489982335707,5021,2065,6414,0.15296296296296297,0.4751111111111111,1,0,0
flow,0.4,1.2,0,registered,during_vibration,flow_dump_0.4_1.2.shear.wave,2073,207300,207.3,0.20729999999999998,158683.45183699526,1038.1277884502952,0.006542130111441572,6.542130111441572e+17,85,0.0005356576190900784,5.356576190900784e+26,877.2071571316761,21.175250368094453,82.04573086118566,5.876611348752759,0.0,51.823038740586725,0.0055280317322109395,0.00013344334348011505,0.0005170402452895068,3.70335487457722e-05,0.0,0.0003265812417152421,5120,2159,6221,0.15992592592592592,0.4608148148148148,1,0,0
flow,0.4,1.2,0,registered,during_vibration,flow_dump_0.4_1.2.shear.wave,2074,207400,207.4,0.2074,158683.45183699526,999.3824815031411,0.006297962830615375,6.297962830615375e+17,82,0.0005167520560633698,5.167520560633698e+26,850.5449851142362,5.190100359957791,79.53444611231583,7.603209224982872,0.0,56.50974069164836,0.005360010607709387,3.2707256490041754e-05,0.0005012144945902499,4.7914317069388766e-05,0.0,0.0003561161547563068,5136,2202,6162,0.16311111111111112,0.45644444444444443,1,0,0
flow,0.4,1.2,0,registered,during_vibration,flow_dump_0.4_1.2.shear.wave,2075,207500,207.5,0.2075,158683.45183699526,987.2739199731593,0.006221656439559424,6.221656439559424e+17,77,0.00048524278435218865,4.852427843521887e+26,849.2639697509129,10.571643783117619,88.30333524471018,8.481847620253063,0.0,30.653123574165626,0.005351937835479557,6.662095927921426e-05,0.0005564747566458171,5.345136825587768e-05,0.0,0.00019317151989895896,5068,2098,6334,0.1554074074074074,0.4691851851851852,1,0,0
flow,0.4,1.2,0,registered,during_vibration,flow_dump_0.4_1.2.shear.wave,2076,207600,207.6,0.20759999999999998,158683.4518369953,894.8822495271094,0.005639417589972526,5.639417589972527e+17,71,0.00044743165829877127,4.4743165829877125e+26,717.9398341623178,22.943346588277592,97.99180995038196,6.343796992484485,0.0,49.66346183364728,0.00452435226138015,0.0001445856283227676,0.0006175301130394005,3.997768462335339e-05,0.0,0.00031297190260685265,5041,2037,6422,0.15088888888888888,0.4757037037037037,1,0,0
flow,0.4,1.2,0,registered,during_vibration,flow_dump_0.4_1.2.shear.wave,2077,207700,207.70000000000002,0.2077,158683.45183699526,990.6799085651612,0.006243120483557538,6.243120483557539e+17,86,0.0005419594734323146,5.419594734323146e+26,743.6850005525012,46.93148543454129,90.42205123152806,0.0,0.0,109.64137134659038,0.004686594549987722,0.0002957553852732597,0.0005698265961873107,0.0,0.0,0.0006909439521092439,5151,2161,6188,0.16007407407407406,0.4583703703703704,1,0,0
flow,0.4,1.2,0,registered,during_vibration,flow_dump_0.4_1.2.shear.wave,2078,207800,207.8,0.20779999999999998,158683.45183699526,1028.7283249349982,0.006482896061473007,6.482896061473007e+17,88,0.000554563182116787,5.54563182116787e+26,815.4152767948417,39.81866379975661,131.61442754587497,6.807514172801403,0.0,35.07244262172357,0.005138628302795319,0.0002509314193685402,0.000829414951730906,4.2899962749703104e-05,0.0,0.0002210214248285392,5154,2144,6202,0.15881481481481483,0.45940740740740743,1,0,0
flow,0.4,1.2,0,registered,during_vibration,flow_dump_0.4_1.2.shear.wave,2079,207900,207.9,0.2079,158683.45183699526,979.3897927037372,0.006171971817891873,6.171971817891873e+17,77,0.00048524278435218865,4.852427843521887e+26,793.8178847248564,38.22886786327309,111.12599494175967,29.885661392892672,0.0,6.331383780955298,0.0050025246837981045,0.00024091275694294203,0.000700299833759048,0.00018833508501940192,0.0,3.98994583723771e-05,5044,2072,6384,0.15348148148148147,0.4728888888888889,1,0,0
flow,0.4,1.2,0,registered,during_vibration,flow_dump_0.4_1.2.shear.wave,2080,208000,208.0,0.208,158683.4518369953,1030.5122755239747,0.006494138258238483,6.494138258238483e+17,79,0.000497846493036661,4.97846493036661e+26,851.1587908012539,34.38806791631731,83.79913805865391,18.102000252800863,0.0,43.0642784949492,0.005363878721743408,0.00021670859511955812,0.0005280899620505802,0.00011407616889627417,0.0,0.00027138481042866526,5008,2029,6463,0.1502962962962963,0.47874074074074074,1,0,0
flow,0.4,1.2,0,registered,during_vibration,flow_dump_0.4_1.2.shear.wave,2081,208100,208.1,0.20809999999999998,158683.45183699526,1096.0203804713606,0.0069069607938528335,6.906960793852833e+17,90,0.0005671668908012594,5.671668908012594e+26,940.047651552349,11.91707915159957,67.5226839812293,6.448158873738386,0.0,70.08480691244415,0.0059240433748441275,7.509969699828043e-05,0.0004255181192465537,4.0635357997897236e-05,0.0,0.00044166424476597293,5094,2166,6240,0.16044444444444445,0.4622222222222222,1,0,0
flow,0.4,1.2,0,registered,during_vibration,flow_dump_0.4_1.2.shear.wave,2082,208200,208.20000000000002,0.2082,158683.45183699526,975.7213573086921,0.0061488538723683955,6.148853872368396e+17,79,0.000497846493036661,4.97846493036661e+26,821.1831578106743,14.075938019622571,100.94137119296012,0.0,0.0,39.52089028543506,0.005174976648820446,8.870451113000634e-05,0.0006361178183636334,0.0,0.0,0.00024905489405431,5142,2199,6159,0.1628888888888889,0.4562222222222222,1,0,0
flow,0.4,1.2,0,registered,during_vibration,flow_dump_0.4_1.2.shear.wave,2083,208300,208.3,0.20829999999999999,158683.45183699526,1106.3221362383517,0.006971880958165704,6.971880958165704e+17,91,0.0005734687451434957,5.734687451434957e+26,910.5986946871551,36.330879617080384,106.67298478019418,14.78395649875808,0.0,37.93562065516377,0.005738460338148879,0.00022895191147215925,0.0006722376123363645,9.316634045712993e-05,0.0,0.00023906475575116967,5097,2157,6246,0.15977777777777777,0.46266666666666667,1,0,0
flow,0.4,1.2,0,registered,during_vibration,flow_dump_0.4_1.2.shear.wave,2084,208400,208.4,0.2084,158683.4518369953,982.806606237068,0.006193504079093504,6.193504079093504e+17,77,0.00048524278435218855,4.8524278435218856e+26,789.7193537959798,14.309702190360527,99.43366301351647,14.382519883976205,0.0,64.96136735323495,0.004976696338867173,9.017765888443056e-05,0.0006266164610261813,9.063654538313414e-05,0.0,0.0004093770749325855,5017,2033,6450,0.15059259259259258,0.4777777777777778,1,0,0
flow,0.4,1.2,0,registered,during_vibration,flow_dump_0.4_1.2.shear.wave,2085,208500,208.5,0.2085,158683.45183699526,959.7341078412991,0.0060481045548918914,6.048104554891891e+17,75,0.0004726390756677162,4.726390756677162e+26,776.7563280890763,16.878046331906795,99.74383457271803,0.0,0.0,66.3558988475978,0.004895005239027604,0.00010636298956519087,0.0006285711170133739,0.0,0.0,0.0004181652092857213,5122,2114,6264,0.1565925925925926,0.464,1,0,0
flow,0.4,1.2,0,registered,during_vibration,flow_dump_0.4_1.2.shear.wave,2086,208600,208.6,0.20859999999999998,158683.45183699526,1007.9261463894907,0.006351803762278028,6.351803762278028e+17,84,0.0005293557647478421,5.293557647478421e+26,791.9986899455441,41.2280224510757,112.09263764480572,0.0,0.0,62.60679634806507,0.0049910603832787215,0.0002598129923051236,0.0007063914752746297,0.0,0.0,0.0003945389114195523,5168,2178,6154,0.16133333333333333,0.45585185185185184,1,0,0
flow,0.4,1.2,0,registered,during_vibration,flow_dump_0.4_1.2.shear.wave,2087,208700,208.70000000000002,0.2087,158683.45183699526,995.1729540341069,0.006271435001655878,6.271435001655878e+17,82,0.0005167520560633698,5.167520560633698e+26,817.9013461434948,32.42630324748127,108.33856358869814,14.63797188858878,0.0,21.86876916584376,0.0051542951497152295,0.00020434583992280815,0.0006827338473830717,9.224636670763486e-05,0.0,0.00013781379792713396,5089,2097,6314,0.15533333333333332,0.4677037037037037,1,0,0
flow,0.4,1.2,0,registered,during_vibration,flow_dump_0.4_1.2.shear.wave,2088,208800,208.8,0.20879999999999999,158683.4518369953,973.9911817905505,0.006137950558266563,6.137950558266563e+17,78,0.0004915446386944247,4.915446386944247e+26,804.9072820584455,19.450817037666702,88.81492027777762,23.7113596773163,0.0,37.10680273934413,0.005072408450537564,0.00012257621580886205,0.0005596986910078761,0.00014942553494282041,0.0,0.0002338416659694385,4995,2021,6484,0.1497037037037037,0.4802962962962963,1,0,0
flow,0.4,1.2,0,registered,during_vibration,flow_dump_0.4_1.2.shear.wave,2089,208900,208.9,0.2089,158683.45183699526,1131.1864652292768,0.007128572337783954,7.128572337783954e+17,88,0.000554563182116787,5.54563182116787e+26,933.5571920185845,31.673319132741845,81.18884412727796,25.743449597236683,0.0,59.023660353435595,0.005883141444248166,0.00019960064370970262,0.0005116402699046259,0.00016223146962848515,0.0,0.0003719585102929737,5073,2112,6315,0.15644444444444444,0.4677777777777778,1,0,0
flow,0.4,1.2,0,registered,during_vibration,flow_dump_0.4_1.2.shear.wave,2090,209000,209.0,0.209,158683.45183699526,1032.0266194557328,0.0065036814331204725,6.503681433120472e+17,86,0.0005419594734323146,5.419594734323146e+26,863.6101012372233,24.290070782304674,79.1110289279112,0.0,0.0,65.01541850829342,0.005442345066480853,0.00015307248803269176,0.0004985461811681321,0.0,0.0,0.00040971769743879376,5131,2172,6197,0.1608888888888889,0.459037037037037,1,0,0
flow,0.4,1.2,0,registered,during_vibration,flow_dump_0.4_1.2.shear.wave,2091,209100,209.1,0.20909999999999998,158683.45183699526,1052.6064956553057,0.006633372815311435,6.633372815311436e+17,88,0.000554563182116787,5.54563182116787e+26,824.1109488360504,40.14697350584156,92.27828125418834,14.75793501340939,0.0,81.31235704581584,0.005193427161406872,0.00025300037931542995,0.0005815242874158016,9.300235684669385e-05,0.0,0.0005124186303266361,5107,2197,6196,0.16274074074074074,0.45896296296296296,1,0,0
flow,0.4,1.2,0,registered,during_vibration,flow_dump_0.4_1.2.shear.wave,2092,209200,209.20000000000002,0.2092,158683.45183699526,1035.9405902433602,0.006528346706923868,6.528346706923868e+17,80,0.0005041483473788973,5.041483473788973e+26,868.0553462734815,12.170852124504048,87.41371271064651,18.03622219107566,0.0,50.26445694365218,0.005470358353214902,7.66989373095207e-05,0.0005508684850165767,0.00011366164513236734,0.0,0.0003167592862504998,5033,2058,6409,0.15244444444444444,0.47474074074074074,1,0,0
flow,0.4,1.2,0,registered,during_vibration,flow_dump_0.4_1.2.shear.wave,2093,209300,209.3,0.20929999999999999,158683.45183699526,889.0036266210949,0.00560237136468589,5.60237136468589e+17,71,0.0004474316582987713,4.474316582987713e+26,740.941451392194,10.068845325424554,74.49019391115974,0.0,0.0,63.50313599231608,0.004669305102798702,6.345239663533155e-05,0.00046942635195305974,0.0,0.0,0.000400187513298794,5071,2078,6351,0.15392592592592594,0.47044444444444444,1,0,0
flow,0.4,1.2,0,registered,during_vibration,flow_dump_0.4_1.2.shear.wave,2094,209400,209.4,0.2094,158683.45183699526,1164.8889760715995,0.007340960652079909,7.340960652079909e+17,89,0.0005608650364590232,5.6086503645902325e+26,901.6190423376175,46.31910976400674,124.63888428451625,0.0,0.0,92.31193968545935,0.0056818718769981735,0.0002918962829948218,0.000785456094139856,0.0,0.0,0.0005817363979470597,5157,2196,6147,0.16266666666666665,0.4553333333333333,1,0,0
flow,0.4,1.2,0,registered,during_vibration,flow_dump_0.4_1.2.shear.wave,2095,209500,209.5,0.2095,158683.45183699526,1041.6480373949423,0.00656431420753915,6.56431420753915e+17,86,0.0005419594734323146,5.419594734323146e+26,848.3600809914651,30.19462666492548,117.40179020082763,7.770995922912146,0.0,37.92054361481168,0.005346241660175932,0.00019028213916056207,0.0007398489813633908,4.8971684400303834e-05,0.0,0.0002389697424389588,5108,2129,6263,0.1577037037037037,0.4639259259259259,1,0,0
flow,0.4,1.2,0,registered,during_vibration,flow_dump_0.4_1.2.shear.wave,2096,209600,209.6,0.20959999999999998,158683.45183699526,917.0980562284611,0.005779418367899721,5.779418367899721e+17,74,0.00046633722132547996,4.6633722132548e+26,762.175317337011,29.836458547327275,95.77999727892575,12.53867876995034,0.0,16.767604295246578,0.004803117833105509,0.00018802501585342524,0.0006035915917515711,7.901692725231661e-05,0.0,0.00010566699993689827,4996,2019,6485,0.14955555555555555,0.4803703703703704,1,0,0
flow,0.4,1.2,0,registered,during_vibration,flow_dump_0.4_1.2.shear.wave,2097,209700,209.70000000000002,0.2097,158683.45183699526,1060.3919183576058,0.006682435415174069,6.68243541517407e+17,86,0.0005419594734323146,5.419594734323146e+26,895.115261520316,29.59370028277365,76.08682432706695,0.0,0.0,59.59613222744874,0.0056408859976137095,0.00018649518862983426,0.00047948808427249103,0.0,0.0,0.00037556614465803157,5042,2074,6384,0.15362962962962962,0.4728888888888889,1,0,0
flow,0.4,1.2,0,registered,during_vibration,flow_dump_0.4_1.2.shear.wave,2098,209800,209.8,0.2098,158683.45183699526,1078.2746226519632,0.006795129612882392,6.795129612882392e+17,87,0.0005482613277745507,5.4826132777455075e+26,906.7062205250833,27.01468068448793,85.99940791670758,0.0,0.0,58.55431352568428,0.005713930532948584,0.0001702425827756651,0.0005419557422096473,0.0,0.0,0.00036900075494849426,5131,2176,6193,0.16118518518518518,0.4587407407407407,1,0,0
flow,0.4,1.2,0,registered,during_vibration,flow_dump_0.4_1.2.shear.wave,2099,209900,209.9,0.2099,158683.4518369953,990.2544451684797,0.006240439275203698,6.240439275203698e+17,82,0.0005167520560633696,5.1675205606336965e+26,844.9905726765081,5.482818169247151,80.6140496607068,0.0,0.0,59.167004662017575,0.005325007509570118,3.4551921487561774e-05,0.000508017998899571,0.0,0.0,0.0003728618452464458,5142,2232,6126,0.16533333333333333,0.4537777777777778,1,0,0
flow,0.4,1.2,0,registered,during_vibration,flow_dump_0.4_1.2.shear.wave,2100,210000,210.0,0.21,158683.45183699526,987.45204295859,0.006222778944668613,6.222778944668613e+17,80,0.0005041483473788973,5.041483473788973e+26,826.4203847298536,12.621865661172114,89.66694208751795,19.91017468408312,0.0,38.8326757959632,0.005207980890022352,7.954115892397968e-05,0.0005650680083492683,0.0001254710207875708,0.0,0.0002447178665854419,5068,2113,6319,0.15651851851851853,0.4680740740740741,1,0,0
flow,0.4,1.2,0,registered,during_vibration,flow_dump_0.4_1.2.shear.wave,2101,210100,210.1,0.21009999999999998,158683.45183699526,833.2225820258122,0.005250847346588637,5.250847346588637e+17,69,0.0004348279496142989,4.3482794961429895e+26,686.2493672436084,4.9264586017655585,89.1018731147392,12.602585265393184,0.0,40.342297800305836,0.004324643554820989,3.104582453138324e-05,0.0005615070259894997,7.941965667812019e-05,0.0,0.0002542312845686439,5026,2053,6421,0.15207407407407408,0.4756296296296296,1,0,0
flow,0.4,1.2,0,registered,during_vibration,flow_dump_0.4_1.2.shear.wave,2102,210200,210.20000000000002,0.2102,158683.45183699526,927.1696702730518,0.0058428882125999525,5.842888212599953e+17,82,0.0005167520560633698,5.167520560633698e+26,753.1756992954478,17.16860045352169,92.67075191612076,0.0,0.0,64.15461860796157,0.004746403551071816,0.00010819401931814433,0.0005839975803609008,0.0,0.0,0.00040429306184909097,5128,2168,6204,0.1605925925925926,0.45955555555555555,1,0,0
flow,0.4,1.2,0,registered,during_vibration,flow_dump_0.4_1.2.shear.wave,2103,210300,210.3,0.2103,158683.4518369953,942.8709506907788,0.005941835394779073,5.941835394779072e+17,84,0.000529355764747842,5.29355764747842e+26,737.7170009120447,18.36554928198311,126.03785263659081,10.941689441029194,0.0,49.80885841913119,0.004648985085539047,0.00011573701649021846,0.000794272188924028,6.895293311534996e-05,0.0,0.0003138881707104307,5146,2139,6215,0.15844444444444444,0.4603703703703704,1,0,0
flow,0.4,1.2,0,registered,during_vibration,flow_dump_0.4_1.2.shear.wave,2104,210400,210.4,0.2104,158683.45183699526,915.4799431638205,0.005769221255057086,5.769221255057087e+17,74,0.00046633722132547996,4.6633722132548e+26,764.0989398428858,16.429992976262557,105.29930326739868,19.864227040754603,2.7087154581859374,7.078764578332789,0.004815240221946979,0.00010353942258037073,0.0006635808715301046,0.00012518146543194546,1.706993027205141e-05,4.4609343295634405e-05,5038,2074,6388,0.15362962962962962,0.4731851851851852,1,0,0
flow,0.4,1.2,0,registered,during_vibration,flow_dump_0.4_1.2.shear.wave,2105,210500,210.5,0.2105,158683.45183699526,1033.3862886061597,0.0065122498700600955,6.512249870060096e+17,82,0.0005167520560633698,5.167520560633698e+26,881.0860858400606,33.53409931724314,64.51060067156286,25.12125367392708,0.0,29.134249103365793,0.005552476175935097,0.0002113270093953492,0.0004065364089623549,0.00015831048154745485,0.0,0.0001835997942198373,5021,2044,6435,0.1514074074074074,0.4766666666666667,1,0,0
flow,0.4,1.2,0,registered,during_vibration,flow_dump_0.4_1.2.shear.wave,2106,210600,210.6,0.21059999999999998,158683.45183699526,1065.5875349637713,0.0067151774342442275,6.715177434244228e+17,82,0.0005167520560633698,5.167520560633698e+26,880.3083315640791,26.567052947211714,88.847114444512,16.617290256633925,0.0,53.247745751334584,0.005547574881773811,0.0001674216979758056,0.000559901573957306,0.00010471974275996807,0.0,0.0003355595377773379,5109,2167,6224,0.1605185185185185,0.461037037037037,1,0,0
flow,0.4,1.2,0,registered,during_vibration,flow_dump_0.4_1.2.shear.wave,2107,210700,210.70000000000002,0.2107,158683.4518369953,974.6550750942887,0.006142134317165507,6.142134317165507e+17,80,0.0005041483473788972,5.041483473788972e+26,814.3655474414336,8.337094475176434,91.82424224056125,0.0,0.0,60.128190937117445,0.00513201306131137,5.253915502002417e-05,0.0005786629996862309,0.0,0.0,0.0003789191011478818,5129,2217,6154,0.16422222222222221,0.45585185185185184,1,0,0
flow,0.4,1.2,0,registered,during_vibration,flow_dump_0.4_1.2.shear.wave,2108,210800,210.8,0.2108,158683.45183699526,1137.291832021814,0.007167047470016449,7.167047470016449e+17,96,0.0006049780168546768,6.049780168546768e+26,917.4584509421798,19.984637664329817,91.72704427201478,20.996022177834224,0.0,87.12567696545527,0.005781689522891288,0.0001259402756429743,0.00057805047224609,0.0001323138735310725,0.0,0.0005490533257050241,5084,2178,6238,0.16133333333333333,0.4620740740740741,1,0,0
flow,0.4,1.2,0,registered,during_vibration,flow_dump_0.4_1.2.shear.wave,2109,210900,210.9,0.2109,158683.45183699526,942.6013998935597,0.005940136724917165,5.940136724917165e+17,74,0.00046633722132547996,4.6633722132548e+26,757.1290374904743,18.154159751388324,89.3084233126221,5.0859588929619655,0.0,72.92382044611317,0.004771316912542472,0.00011440487045893645,0.0005628086752509176,3.205097213404726e-05,0.0,0.00045955529453079244,5018,2036,6446,0.15081481481481482,0.4774814814814815,1,0,0
flow,0.4,1.2,0,registered,during_vibration,flow_dump_0.4_1.2.shear.wave,2110,211000,211.0,0.211,158683.45183699526,933.8916072505992,0.005885248880330147,5.885248880330148e+17,73,0.0004600353669832438,4.600353669832438e+26,768.4824376609143,8.52650195681371,86.87846641226417,0.0,0.0,70.00420122060721,0.004842864386705705,5.373277338063208e-05,0.0005474954408069502,0.0,0.0,0.0004411562794368614,5100,2120,6280,0.15703703703703703,0.4651851851851852,1,0,0
flow,0.4,1.2,0,registered,during_vibration,flow_dump_0.4_1.2.shear.wave,2111,211100,211.1,0.21109999999999998,158683.45183699526,966.7610832625315,0.0060923875304629725,6.092387530462972e+17,84,0.0005293557647478421,5.293557647478421e+26,784.0318597424383,27.163136847586394,104.81737650603554,0.0,0.0,50.7487101664712,0.004940854579769421,0.00017117813189171887,0.0006605438392763684,0.0,0.0,0.00031981097952546374,5153,2189,6158,0.16214814814814815,0.45614814814814814,1,0,0
flow,0.4,1.2,0,registered,during_vibration,flow_dump_0.4_1.2.shear.wave,2112,211200,211.20000000000002,0.2112,158683.45183699526,956.9205033041032,0.006030373628921828,6.030373628921828e+17,82,0.0005167520560633698,5.167520560633698e+26,761.1975537339622,42.28914550009113,103.83479054545806,14.787766666514283,0.0,34.81124685807764,0.004796956109297955,0.00026650003519920843,0.0006543517256740828,9.319035157934902e-05,0.0,0.0002193754071712334,5082,2093,6325,0.15503703703703703,0.4685185185185185,1,0,0
flow,0.4,1.2,0,registered,during_vibration,flow_dump_0.4_1.2.shear.wave,2113,211300,211.3,0.2113,158683.45183699526,1045.2240285200426,0.006586849582738661,6.586849582738661e+17,71,0.0004474316582987713,4.474316582987713e+26,887.9979499503563,21.079119495606758,94.9999550428079,12.350700250638026,0.0,28.796303780633572,0.005596033736791511,0.00013283754072390553,0.0005986758791987643,7.783231400414117e-05,0.0,0.00018147011202033884,5010,2027,6463,0.15014814814814814,0.47874074074074074,1,0,0
flow,0.4,1.2,0,registered,during_vibration,flow_dump_0.4_1.2.shear.wave,2114,211400,211.4,0.21139999999999998,158683.45183699526,1033.792905131488,0.00651481230817586,6.51481230817586e+17,87,0.0005482613277745507,5.4826132777455075e+26,886.3626134403222,20.052189084132216,74.02570430796348,0.0,0.0,53.35239829906957,0.005585728084304735,0.00012636597485118025,0.0004664992061302338,0.0,0.0,0.0003362190428897077,5080,2140,6280,0.15851851851851853,0.4651851851851852,1,0,0
flow,0.4,1.2,0,registered,during_vibration,flow_dump_0.4_1.2.shear.wave,2115,211500,211.5,0.2115,158683.45183699526,1015.3441958810042,0.006398551229677045,6.398551229677046e+17,81,0.0005104502017211335,5.104502017211335e+26,859.4356427134197,17.320431345381177,84.48053518345749,0.0,0.0,54.10758663874587,0.005416038236906137,0.00010915083548329463,0.000532384027480311,0.0,0.0,0.00034097812980730295,5119,2168,6213,0.1605925925925926,0.4602222222222222,1,0,0
flow,0.4,1.2,0,registered,during_vibration,flow_dump_0.4_1.2.shear.wave,2116,211600,211.6,0.21159999999999998,158683.45183699526,1033.117783162509,0.006510557787864112,6.510557787864111e+17,88,0.000554563182116787,5.54563182116787e+26,803.7875211326009,36.51449988240877,91.68805488745718,13.775584817966536,0.0,87.35212244207602,0.005065351880284765,0.00023010905963854152,0.0005778047668237146,8.68117290019457e-05,0.0,0.0005504803521151464,5103,2224,6173,0.16474074074074074,0.45725925925925925,1,0,0
flow,0.4,1.2,0,registered,during_vibration,flow_dump_0.4_1.2.shear.wave,2117,211700,211.70000000000002,0.2117,158683.45183699526,1038.8795408180042,0.006546867545364306,6.546867545364306e+17,80,0.0005041483473788973,5.041483473788973e+26,858.0560995025501,11.393318793803413,95.54563487574592,15.03692080135967,0.0,58.84756684454576,0.005407344556532415,7.179903551321152e-05,0.0006021146740234354,9.476048464591051e-05,0.0,0.0003708487946493367,5045,2058,6397,0.15244444444444444,0.47385185185185186,1,0,0
flow,0.4,1.2,0,registered,during_vibration,flow_dump_0.4_1.2.shear.wave,2118,211800,211.8,0.2118,158683.4518369953,896.0807611317215,0.005646970435532271,5.6469704355322714e+17,68,0.00042852609527206263,4.2852609527206266e+26,753.6631284655667,0.0,94.12726059878922,0.0,0.0,48.290372067365375,0.004749475258704062,0.0,0.0005931762859272796,0.0,0.0,0.0003043188909009289,5068,2087,6345,0.1545925925925926,0.47,1,0,0
flow,0.4,1.2,0,registered,during_vibration,flow_dump_0.4_1.2.shear.wave,2119,211900,211.9,0.21189999999999998,158683.45183699526,1077.5792228473306,0.006790747304603977,6.790747304603977e+17,88,0.000554563182116787,5.54563182116787e+26,844.9619261755724,27.524230039649236,111.44778902433465,0.0,0.0,93.64527760777408,0.0053248269834938085,0.00017345368859207204,0.000702327733195629,0.0,0.0,0.0005901388993224669,5148,2201,6151,0.16303703703703704,0.4556296296296296,1,0,0
flow,0.4,1.2,0,registered,during_vibration,flow_dump_0.4_1.2.shear.wave,2120,212000,212.0,0.212,158683.45183699526,961.2150784019962,0.006057437415650544,6.057437415650545e+17,79,0.000497846493036661,4.97846493036661e+26,792.4436975429941,22.949723418321533,97.36846452474471,7.11287367531958,0.0,41.340319240616026,0.00499386475633904,0.00014462581417686973,0.0006136018809621353,4.482429385659037e-05,0.0,0.00026052067031590747,5119,2137,6244,0.1582962962962963,0.4625185185185185,1,0,0
flow,0.4,1.2,0,registered,during_vibration,flow_dump_0.4_1.2.shear.wave,2121,212100,212.1,0.21209999999999998,158683.45183699526,931.4870654840198,0.005870095808357341,5.87009580835734e+17,81,0.0005104502017211335,5.104502017211335e+26,770.6591049713323,30.86051270156408,96.78177337000062,15.311845626458556,0.0,17.873828814664343,0.004856581427047466,0.00019447845597198748,0.0006099046387610598,9.649302084874847e-05,0.0,0.00011263826572807929,5014,2032,6454,0.15051851851851852,0.4780740740740741,1,0,0
flow,0.4,1.2,0,registered,during_vibration,flow_dump_0.4_1.2.shear.wave,2122,212200,212.20000000000002,0.2122,158683.4518369953,958.8942195337078,0.006042811701113702,6.042811701113702e+17,83,0.0005230539104056058,5.230539104056058e+26,798.0532830077187,30.503020384531794,72.02262371334808,6.001451350922527,0.0,52.31384107718674,0.005029215546858059,0.00019222559146158145,0.00045387608398720757,3.7820272255530526e-05,0.0,0.0003296742065513245,5055,2082,6363,0.15422222222222223,0.4713333333333333,1,0,0
flow,0.4,1.2,0,registered,during_vibration,flow_dump_0.4_1.2.shear.wave,2123,212300,212.3,0.2123,158683.45183699526,1035.3316254985232,0.006524509099802348,6.524509099802349e+17,80,0.0005041483473788973,5.041483473788973e+26,859.978196173473,31.038902100462565,80.45075046223124,6.012457912246109,0.0,57.851318850110125,0.005419457329784269,0.00019560263998004483,0.0005069889111365742,3.788963400180064e-05,0.0,0.00036457058489965837,5133,2165,6202,0.16037037037037036,0.45940740740740743,1,0,0
flow,0.4,1.2,0,registered,during_vibration,flow_dump_0.4_1.2.shear.wave,2124,212400,212.4,0.21239999999999998,158683.45183699526,1027.1046543357106,0.006472663925856526,6.472663925856526e+17,84,0.0005293557647478421,5.293557647478421e+26,851.5518246137225,24.610489732624202,71.00069628735208,0.0,0.0,79.94164370201153,0.00536635556358116,0.00015509172158609765,0.00044743604620024453,0.0,0.0,0.0005037805944890218,5129,2235,6136,0.16555555555555557,0.45451851851851854,1,0,0
flow,0.4,1.2,0,registered,during_vibration,flow_dump_0.4_1.2.shear.wave,2125,212500,212.5,0.2125,158683.45183699526,1075.967331469507,0.006780589399925426,6.780589399925426e+17,81,0.0005104502017211335,5.104502017211335e+26,855.1568738395043,31.87486163818639,94.95400141747578,13.607243465588429,0.0,80.37435110875171,0.005389074058698628,0.00020087073522278347,0.0005983862861454236,8.575086631948381e-05,0.0,0.0005065074535391052,5064,2105,6331,0.1559259259259259,0.46896296296296297,1,0,0
flow,0.4,1.2,0,registered,during_vibration,flow_dump_0.4_1.2.shear.wave,2126,212600,212.6,0.21259999999999998,158683.4518369953,917.9921002780976,0.0057850525032760725,5.785052503276073e+17,74,0.0004663372213254799,4.663372213254799e+26,724.8726158467473,17.393445494017694,95.4130226154523,6.477267276834988,0.0,73.83574904504516,0.004568041641741948,0.00010961096001292433,0.0006012789708750702,4.081879491434711e-05,0.0,0.0004653021357317813,5034,2037,6429,0.15088888888888888,0.4762222222222222,1,0,0
flow,0.4,1.2,0,registered,during_vibration,flow_dump_0.4_1.2.shear.wave,2127,212700,212.70000000000002,0.2127,158683.45183699526,926.8659117353349,0.0058409739705400495,5.84097397054005e+17,89,0.0005608650364590232,5.6086503645902325e+26,728.3006023502096,19.97540160554232,79.2178400231823,0.0,0.0,99.372067756401,0.00458964431337392,0.00012588207134579915,0.0004992192891326653,0.0,0.0,0.0006262282966876671,5124,2158,6218,0.15985185185185186,0.4605925925925926,1,0,0
flow,0.4,1.2,0,registered,during_vibration,flow_dump_0.4_1.2.shear.wave,2128,212800,212.8,0.2128,158683.45183699526,973.1242208659294,0.006132487096799192,6.132487096799192e+17,79,0.000497846493036661,4.97846493036661e+26,759.1584886789835,31.923229178538687,124.23920065174606,7.617209768978681,0.0,50.18609258768258,0.004784106218327136,0.0002011755404169759,0.0007829373461031624,4.800254645836242e-05,0.0,0.00031626544549355625,5136,2122,6242,0.15718518518518518,0.4623703703703704,1,0,0
flow,0.4,1.2,0,registered,during_vibration,flow_dump_0.4_1.2.shear.wave,2129,212900,212.9,0.21289999999999998,158683.45183699526,945.3348757426493,0.005957362691566148,5.957362691566148e+17,81,0.0005104502017211335,5.104502017211335e+26,784.8600065808363,17.149306653201,103.97491244685766,11.790431253761163,0.0,27.560218807993216,0.004946073440518988,0.00010807243259881515,0.0006552347534868603,7.430158039335238e-05,0.0,0.0001736804845681323,5038,2061,6401,0.15266666666666667,0.47414814814814815,1,0,0
flow,0.4,1.2,0,registered,during_vibration,flow_dump_0.4_1.2.shear.wave,2130,213000,213.0,0.213,158683.4518369953,896.5685085629993,0.005650044148799984,5.6500441487999846e+17,74,0.0004663372213254799,4.663372213254799e+26,756.7517182205077,20.303450458471836,86.68660992648334,8.331232819963681,0.0,24.49549713757296,0.004768939101462623,0.00012794938743409862,0.000546286389178946,5.250221572266899e-05,0.0,0.00015436705500164894,5029,2040,6431,0.1511111111111111,0.4763703703703704,1,0,0
flow,0.4,1.2,0,registered,during_vibration,flow_dump_0.4_1.2.shear.wave,2131,213100,213.1,0.21309999999999998,158683.45183699526,1042.7208405564397,0.006571074856800797,6.571074856800796e+17,89,0.0005608650364590232,5.6086503645902325e+26,862.7335009116356,34.51352525524622,82.82607835008079,5.407419792459237,0.0,57.24031624701785,0.0054368208589126435,0.00021749920899565272,0.0005219578815008536,3.40767718994033e-05,0.0,0.00036072013549224365,5098,2178,6224,0.16133333333333333,0.461037037037037,1,0,0
flow,0.4,1.2,0,registered,during_vibration,flow_dump_0.4_1.2.shear.wave,2132,213200,213.20000000000002,0.2132,158683.45183699526,1011.3665230992262,0.006373484515185203,6.373484515185203e+17,87,0.0005482613277745507,5.4826132777455075e+26,843.1972639900198,8.725058741957312,99.17110117534176,0.0,0.0,60.27309919190755,0.005313706339437203,5.4984049319269745e-05,0.0006249618345661746,0.0,0.0,0.0003798322918625567,5144,2220,6136,0.16444444444444445,0.45451851851851854,1,0,0
flow,0.4,1.2,0,registered,during_vibration,flow_dump_0.4_1.2.shear.wave,2133,213300,213.3,0.2133,158683.45183699526,1006.9363766789882,0.006345566377730084,6.345566377730084e+17,86,0.0005419594734323146,5.419594734323146e+26,809.5359469577885,24.814161211596307,78.06354565286996,24.727168766841835,0.0,69.79555408989154,0.005101577622532247,0.00015637522958024768,0.0004919450941428936,0.00015582701586452997,0.0,0.0004398414156101657,5099,2173,6228,0.16096296296296297,0.4613333333333333,1,0,0
flow,0.4,1.2,0,registered,during_vibration,flow_dump_0.4_1.2.shear.wave,2134,213400,213.4,0.21339999999999998,158683.45183699526,956.1138237495354,0.006025290051868082,6.025290051868082e+17,74,0.00046633722132547996,4.6633722132548e+26,747.6699957196838,23.659768330670147,97.41425942608981,7.46535167533027,0.0,79.90444859776154,0.004711707409085822,0.00014910041379093657,0.0006138904737600293,4.704555887150047e-05,0.0,0.0005035461963597941,5040,2045,6415,0.1514814814814815,0.4751851851851852,1,0,0
flow,0.4,1.2,0,registered,during_vibration,flow_dump_0.4_1.2.shear.wave,2135,213500,213.5,0.2135,158683.45183699526,913.5637189316985,0.005757145489059191,5.7571454890591904e+17,79,0.000497846493036661,4.97846493036661e+26,700.9405676844544,10.46996496564931,93.86562824986295,0.0,0.0,108.28755803173208,0.0044172253601117975,6.598019418183816e-05,0.0005915275169731292,0.0,0.0,0.000682412417792427,5103,2108,6289,0.15614814814814815,0.46585185185185185,1,0,0
flow,0.4,1.2,0,registered,during_vibration,flow_dump_0.4_1.2.shear.wave,2136,213600,213.6,0.21359999999999998,158683.45183699526,1080.7158779373758,0.006810514048103276,6.810514048103276e+17,80,0.0005041483473788973,5.041483473788973e+26,825.4404327724318,52.4166824777681,126.61185399971943,0.0,0.0,76.24690868745665,0.005201805375524291,0.0003303222980781399,0.0007978894619067097,0.0,0.0,0.00048049691259413694,5145,2173,6182,0.16096296296296297,0.4579259259259259,1,0,0
flow,0.4,1.2,0,registered,during_vibration,flow_dump_0.4_1.2.shear.wave,2137,213700,213.70000000000002,0.2137,158683.4518369953,975.385029499619,0.006146734383504372,6.146734383504372e+17,83,0.0005230539104056058,5.230539104056058e+26,773.6111783518213,35.192331611614435,98.61214757369382,23.169272042255862,0.0,44.80009992023355,0.0048751849634989,0.00022177694778006924,0.0006214393903845208,0.00014600937762594224,0.0,0.0002823237042149401,5095,2086,6319,0.15451851851851853,0.4680740740740741,1,0,0
flow,0.4,1.2,0,registered,during_vibration,flow_dump_0.4_1.2.shear.wave,2138,213800,213.8,0.2138,158683.45183699526,891.9260525724768,0.00562078806735747,5.62078806735747e+17,74,0.00046633722132547996,4.6633722132548e+26,730.4623965366359,21.865592109056728,87.46842149470622,12.72093589518935,0.0,39.40870653688837,0.004603267625454672,0.00013779377657802507,0.0005512132518049619,8.016548510840755e-05,0.0,0.0002483479284114027,4998,2026,6476,0.15007407407407408,0.4797037037037037,1,0,0
flow,0.4,1.2,0,registered,during_vibration,flow_dump_0.4_1.2.shear.wave,2139,213900,213.9,0.21389999999999998,158683.45183699526,992.6560187026134,0.006255573641807979,6.255573641807978e+17,82,0.0005167520560633698,5.167520560633698e+26,834.246110172437,14.990612787252584,67.884736526157,18.42555535855351,0.0,57.10900385821332,0.005257297471883845,9.446865828612944e-05,0.0004277997216489239,0.00011611516604441422,0.0,0.00035989262394466644,5082,2134,6284,0.15807407407407406,0.4654814814814815,1,0,0
flow,0.4,1.2,0,registered,during_vibration,flow_dump_0.4_1.2.shear.wave,2140,214000,214.0,0.214,158683.45183699526,975.3469746796372,0.006146494567571829,6.146494567571828e+17,76,0.0004789409300099524,4.789409300099524e+26,824.5012222293994,18.273636024027187,78.32327771672585,0.0,0.0,54.24883870948443,0.005195886607485409,0.00011515779252645987,0.0004935818877773219,0.0,0.0,0.00034186827978263657,5127,2183,6190,0.1617037037037037,0.4585185185185185,1,0,0
flow,0.4,1.2,0,registered,during_vibration,flow_dump_0.4_1.2.shear.wave,2141,214100,214.1,0.21409999999999998,158683.4518369953,1058.176613125087,0.006668474884275141,6.668474884275141e+17,88,0.0005545631821167869,5.5456318211678696e+26,810.4413712610892,33.81065058671741,101.82334409350239,14.159127832280724,0.0,97.94211935149694,0.005107283474609568,0.00021306979521373652,0.0006416758831166502,8.922876121213592e-05,0.0,0.0006172169701230486,5114,2209,6177,0.16362962962962962,0.45755555555555555,1,0,0
flow,0.4,1.2,0,registered,during_vibration,flow_dump_0.4_1.2.shear.wave,2142,214200,214.20000000000002,0.2142,158683.45183699526,1058.0470996765957,0.006667658709387389,6.66765870938739e+17,82,0.0005167520560633698,5.167520560633698e+26,862.2406195144807,20.741151150557627,96.49565923598489,13.73523446719123,0.0,64.83443530838122,0.005433714792139776,0.00013070771344111926,0.0006081015891632376,8.655744696870158e-05,0.0,0.0004085771676745552,5056,2072,6372,0.15348148148148147,0.472,1,0,0
flow,0.4,1.2,0,registered,during_vibration,flow_dump_0.4_1.2.shear.wave,2143,214300,214.3,0.2143,158683.45183699526,908.3585386616509,0.005724343201172268,5.724343201172268e+17,69,0.0004348279496142989,4.3482794961429895e+26,752.9869104300064,19.492063446290473,69.34060640049137,0.0,0.0,66.53895838486274,0.004745213831140369,0.00012283614466814945,0.00043697440153822885,0.0,0.0,0.00041931882382552214,5064,2078,6358,0.15392592592592594,0.47096296296296297,1,0,0
flow,0.4,1.2,0,registered,during_vibration,flow_dump_0.4_1.2.shear.wave,2144,214400,214.4,0.21439999999999998,158683.45183699526,967.808436511304,0.006098987798081604,6.098987798081604e+17,87,0.0005482613277745507,5.4826132777455075e+26,745.7312986462833,36.252704009630385,116.16613090244452,0.0,0.0,69.6583029529455,0.004699490022515533,0.00022845926018089352,0.0007320620364483506,0.0,0.0,0.00043897647893682547,5148,2176,6176,0.16118518518518518,0.4574814814814815,1,0,0
flow,0.4,1.2,0,registered,during_vibration,flow_dump_0.4_1.2.shear.wave,2145,214500,214.5,0.2145,158683.4518369953,1044.7171096514564,0.006583655053865499,6.583655053865499e+17,87,0.0005482613277745506,5.482613277745507e+26,852.4839200690636,28.52158727663338,104.29875606722317,6.7033701719097465,0.0,52.70947606662657,0.0053722294933737785,0.00017973888862672123,0.000657275568812066,4.224366242546616e-05,0.0,0.0003321674406274665,5117,2125,6258,0.1574074074074074,0.46355555555555555,1,0,0
flow,0.4,1.2,0,registered,during_vibration,flow_dump_0.4_1.2.shear.wave,2146,214600,214.6,0.21459999999999999,158683.45183699526,928.8508721428046,0.00585348290190303,5.85348290190303e+17,78,0.0004915446386944248,4.9154463869442485e+26,751.9292934608955,31.777902943084236,103.57297937353695,13.23107992685497,0.0,28.33961643843309,0.004738548883051154,0.00020025971564903642,0.0006527018298034658,8.338033848952544e-05,0.0,0.00017859213490984842,5004,2028,6468,0.15022222222222223,0.4791111111111111,1,0,0
flow,0.4,1.2,0,registered,during_vibration,flow_dump_0.4_1.2.shear.wave,2147,214700,214.70000000000002,0.2147,158683.45183699526,937.3531570169001,0.005907063062755778,5.907063062755777e+17,78,0.0004915446386944248,4.9154463869442485e+26,816.0129112909773,24.344872899654668,62.27997008086762,0.0,0.0,34.715402745400624,0.005142394508339861,0.00015341784299387754,0.0003924792998884572,0.0,0.0,0.000218771411533582,5046,2089,6365,0.15474074074074073,0.4714814814814815,1,0,0
flow,0.4,1.2,0,registered,during_vibration,flow_dump_0.4_1.2.shear.wave,2148,214800,214.8,0.2148,158683.45183699526,1010.9989478580741,0.00637116810955565,6.37116810955565e+17,77,0.00048524278435218865,4.852427843521887e+26,844.2100965616231,15.790010582675869,89.18198977745129,4.782528931171464,0.0,57.03432200515244,0.00532008906277652,9.950634675439173e-05,0.0005620119095282973,3.0138800711773217e-05,0.0,0.00035942198978466846,5132,2189,6179,0.16214814814814815,0.4577037037037037,1,0,0
flow,0.4,1.2,0,registered,during_vibration,flow_dump_0.4_1.2.shear.wave,2149,214900,214.9,0.21489999999999998,158683.4518369953,1017.5357354450106,0.00641236199279466,6.41236199279466e+17,84,0.000529355764747842,5.29355764747842e+26,844.5590949583653,26.43057418355515,78.90082954827935,0.0,0.0,67.64523675481061,0.005322288399838462,0.00016656162868643342,0.0004972215352948636,0.0,0.0,0.00042629042897490005,5116,2241,6143,0.166,0.455037037037037,1,0,0
flow,0.4,1.2,0,registered,during_vibration,flow_dump_0.4_1.2.shear.wave,2150,215000,215.0,0.215,158683.45183699526,1054.3405469472266,0.006644300553975087,6.644300553975087e+17,83,0.0005230539104056059,5.2305391040560594e+26,853.003442793912,22.791392831770242,91.74051355864637,19.056313811746122,0.0,67.7488839511518,0.005375503449913256,0.00014362803788250266,0.0005781353537285361,0.00012009011394156828,0.0,0.00042694359850922346,5059,2116,6325,0.15674074074074074,0.4685185185185185,1,0,0
flow,0.4,1.2,0,registered,during_vibration,flow_dump_0.4_1.2.shear.wave,2151,215100,215.1,0.21509999999999999,158683.45183699526,924.1365235402991,0.0058237737636915145,5.823773763691515e+17,75,0.0004726390756677162,4.726390756677162e+26,737.5846668906242,11.027579519937365,89.57791080660606,23.118591756788653,0.0,62.82777456634282,0.0046481511358115336,6.949419988207245e-05,0.0005645069461850588,0.00014568999784890497,0.0,0.00039593148396394555,5035,2036,6429,0.15081481481481482,0.4762222222222222,1,0,0
flow,0.4,1.2,0,registered,during_vibration,flow_dump_0.4_1.2.shear.wave,2152,215200,215.20000000000002,0.2152,158683.45183699526,896.0751144757062,0.005646934851128544,5.6469348511285434e+17,79,0.000497846493036661,4.97846493036661e+26,711.9864381247238,17.382875266036592,100.96146776997982,0.0,0.0,65.74433331496563,0.004486834826709587,0.00010954434797582321,0.0006362444640647891,0.0,0.0,0.00041431121237834126,5122,2146,6232,0.15896296296296297,0.4616296296296296,1,0,0
flow,0.4,1.2,0,registered,during_vibration,flow_dump_0.4_1.2.shear.wave,2153,215300,215.3,0.2153,158683.45183699526,983.0066784483954,0.00619476490502722,6.19476490502722e+17,80,0.0005041483473788973,5.041483473788973e+26,768.853774118036,34.993745379220044,114.69871224665322,7.76844337384895,0.0,56.69200333063718,0.004845204494970448,0.00022052548626914635,0.0007228145778204738,4.8955598607906165e-05,0.0,0.00035726474735924593,5107,2125,6268,0.1574074074074074,0.4642962962962963,1,0,0
flow,0.4,1.2,0,registered,during_vibration,flow_dump_0.4_1.2.shear.wave,2154,215400,215.4,0.21539999999999998,158683.45183699526,920.8865553061331,0.005803292937262906,5.803292937262906e+17,74,0.00046633722132547996,4.6633722132548e+26,769.3128339457289,27.278079577776992,105.28150325419651,13.234985392022509,0.0,5.7791531364081425,0.0048480974231389405,0.000171902484235079,0.0006634686984396146,8.340495016214993e-05,0.0,3.64193812871217e-05,5018,2059,6423,0.15251851851851853,0.4757777777777778,1,0,0
flow,0.4,1.2,0,registered,during_vibration,flow_dump_0.4_1.2.shear.wave,2155,215500,215.5,0.2155,158683.45183699526,859.7306332510962,0.005417897224306912,5.417897224306912e+17,74,0.00046633722132547996,4.6633722132548e+26,706.783774637961,31.346428302294626,74.62537235938765,13.369802181535405,0.0,33.6052557699178,0.004454048399224337,0.00019754062531041161,0.00047027822684400156,8.425454593254812e-05,0.0,0.00021177542699561512,4984,2041,6475,0.15118518518518517,0.47962962962962963,1,0,0
flow,0.4,1.2,0,registered,during_vibration,flow_dump_0.4_1.2.shear.wave,2156,215600,215.6,0.21559999999999999,158683.45183699526,1046.6105306549298,0.00659558711723792,6.59558711723792e+17,84,0.0005293557647478421,5.293557647478421e+26,872.9273395011352,27.71527276326966,73.1286159534595,6.511345768959874,0.0,66.3279566681053,0.005501060944891936,0.00017465761200947204,0.00046084588598803336,4.103355260792119e-05,0.0,0.000417989121740555,5093,2174,6233,0.16103703703703703,0.4617037037037037,1,0,0
flow,0.4,1.2,0,registered,during_vibration,flow_dump_0.4_1.2.shear.wave,2157,215700,215.70000000000002,0.2157,158683.45183699526,1002.7396709151694,0.006319119349289274,6.319119349289275e+17,86,0.0005419594734323146,5.419594734323146e+26,828.7001229645535,0.0,101.31098927510735,0.0,0.0,72.72855867550844,0.005222347468315858,0.0,0.000638447097679582,0.0,0.0,0.0004583247832938343,5121,2220,6159,0.16444444444444445,0.4562222222222222,1,0,0
flow,0.4,1.2,0,registered,during_vibration,flow_dump_0.4_1.2.shear.wave,2158,215800,215.8,0.2158,158683.45183699526,1033.160944428764,0.006510829783877276,6.510829783877276e+17,88,0.000554563182116787,5.54563182116787e+26,837.8665883278925,28.68834741399301,97.65484468093885,13.902582140336918,0.0,55.04858186560277,0.005280113197868773,0.00018078978672245296,0.0006154066069929778,8.761204762937787e-05,0.0,0.00034690814466369464,5088,2178,6234,0.16133333333333333,0.4617777777777778,1,0,0
flow,0.4,1.2,0,registered,during_vibration,flow_dump_0.4_1.2.shear.wave,2159,215900,215.9,0.21589999999999998,158683.45183699526,892.3767898263312,0.0056236285478778805,5.62362854787788e+17,78,0.0004915446386944248,4.9154463869442485e+26,700.4100520559218,23.193229590197355,88.45070294101453,9.94738384426285,0.0,70.37542139493468,0.004413882127894505,0.0001461603546034667,0.000557403446402678,6.268696407285822e-05,0.0,0.00044349565490437256,5035,2056,6409,0.1522962962962963,0.47474074074074074,1,0,0
flow,0.4,1.2,0,registered,during_vibration,flow_dump_0.4_1.2.shear.wave,2160,216000,216.0,0.216,158683.4518369953,938.4064028533935,0.005913700464603925,5.913700464603924e+17,76,0.0004789409300099523,4.7894093000995234e+26,759.0995930112218,22.371814551829672,89.06397889717552,0.0,0.0,67.8710163931662,0.004783735066407511,0.00014098391667715117,0.0005612682221500002,0.0,0.0,0.00042771325936925977,5088,2117,6295,0.15681481481481482,0.4662962962962963,1,0,0
flow,0.4,1.2,0,registered,during_vibration,flow_dump_0.4_1.2.shear.wave,2161,216100,216.1,0.2161,158683.45183699526,1059.7964579353934,0.00667868291032672,6.67868291032672e+17,87,0.0005482613277745507,5.4826132777455075e+26,831.1150359065736,38.18955323160487,106.5242807107661,0.0,0.0,83.96758808644894,0.005237565897925649,0.00024066500186065027,0.000671300500950731,0.0,0.0,0.0005291515095896903,5133,2173,6194,0.16096296296296297,0.45881481481481484,1,0,0
flow,0.4,1.2,0,registered,during_vibration,flow_dump_0.4_1.2.shear.wave,2162,216200,216.20000000000002,0.2162,158683.45183699526,972.9608761846148,0.006131457722409968,6.131457722409967e+17,86,0.0005419594734323146,5.419594734323146e+26,769.3143838659909,31.463027699391596,99.959793166378,16.709079689772597,0.0,55.51459176308178,0.004848107190510674,0.00019827541772730927,0.0006299320566145733,0.0001052981863977644,0.0,0.0003498448711596478,5083,2088,6329,0.15466666666666667,0.4688148148148148,1,0,0
flow,0.4,1.2,0,registered,during_vibration,flow_dump_0.4_1.2.shear.wave,2163,216300,216.3,0.2163,158683.45183699526,954.4161850600593,0.006014591780121259,6.01459178012126e+17,80,0.0005041483473788973,5.041483473788973e+26,768.2150855388513,18.42825659688534,89.50784905536102,11.513214926249884,0.0,66.75177894271181,0.004841179572574376,0.00011613218885492507,0.0005640654272337506,7.255460347608664e-05,0.0,0.0004206599879821204,4992,2030,6478,0.15037037037037038,0.47985185185185186,1,0,0
flow,0.4,1.2,0,registered,during_vibration,flow_dump_0.4_1.2.shear.wave,2164,216400,216.4,0.21639999999999998,158683.4518369953,1005.5874944967769,0.006337065918692949,6.33706591869295e+17,85,0.0005356576190900783,5.356576190900783e+26,860.6737005956389,15.63352716785694,69.08046151072013,5.852324627381062,0.0,54.34748059517957,0.005423840297347139,9.852021106722709e-05,0.0004353350063350133,3.6880497365237285e-05,0.0,0.00034248990657833076,5059,2148,6293,0.15911111111111112,0.46614814814814814,1,0,0
flow,0.4,1.2,0,registered,during_vibration,flow_dump_0.4_1.2.shear.wave,2165,216500,216.5,0.2165,158683.45183699526,1000.6816677816789,0.006306150113306152,6.306150113306152e+17,82,0.0005167520560633698,5.167520560633698e+26,840.1563916381217,20.082337642615812,89.8429115205589,0.0,0.0,50.60002698038251,0.005294543204802208,0.00012655596667537227,0.0005661769420849782,0.0,0.0,0.0003188739997435932,5132,2195,6173,0.1625925925925926,0.45725925925925925,1,0,0
flow,0.4,1.2,0,registered,during_vibration,flow_dump_0.4_1.2.shear.wave,2166,216600,216.6,0.2166,158683.45183699526,1078.959176563057,0.006799443571919513,6.799443571919514e+17,91,0.0005734687451434957,5.734687451434957e+26,839.7481549915725,48.15886765312415,92.61085523375537,14.257336764667077,0.0,84.18396191993801,0.005291970556918492,0.00030349016923701964,0.0005836201201930509,8.984765959914127e-05,0.0,0.0005305150659718097,5104,2207,6189,0.16348148148148148,0.45844444444444443,1,0,0
flow,0.4,1.2,0,registered,during_vibration,flow_dump_0.4_1.2.shear.wave,2167,216700,216.70000000000002,0.2167,158683.45183699526,976.7192821020324,0.0061551426490605325,6.155142649060532e+17,82,0.0005167520560633698,5.167520560633698e+26,783.4756718756557,8.606043389449674,94.90290315886084,5.153124206281776,0.0,84.58153947178424,0.004937349564846038,5.423403190327671e-05,0.0005980642723624902,3.247423815543936e-05,0.0,0.0005330205417932874,5049,2071,6380,0.1534074074074074,0.4725925925925926,1,0,0
flow,0.4,1.2,0,registered,during_vibration,flow_dump_0.4_1.2.shear.wave,2168,216800,216.8,0.2168,158683.4518369953,933.2502383998935,0.005881207067253352,5.881207067253352e+17,75,0.00047263907566771614,4.726390756677161e+26,738.8020754477105,20.38389773012433,91.87008741853838,6.773527537828424,0.0,75.42065026569195,0.004655823067213283,0.0001284563544222829,0.0005789519093201367,4.268578392652063e-05,0.0,0.0004752899523711297,5068,2075,6357,0.1537037037037037,0.4708888888888889,1,0,0
flow,0.4,1.2,0,registered,during_vibration,flow_dump_0.4_1.2.shear.wave,2169,216900,216.9,0.21689999999999998,158683.45183699526,1048.4579605790243,0.0066072293515270514,6.607229351527052e+17,94,0.0005923743081702043,5.9237430817020434e+26,809.3240386285477,45.16502510237336,105.60579260753525,0.0,0.0,88.36310424056876,0.0051002422071074645,0.0002846234095585993,0.0006655123227090933,0.0,0.0,0.0005568514121518997,5154,2174,6172,0.16103703703703703,0.4571851851851852,1,0,0
flow,0.4,1.2,0,registered,during_vibration,flow_dump_0.4_1.2.shear.wave,2170,217000,217.0,0.217,158683.45183699526,1009.876460041909,0.006364094354837243,6.364094354837243e+17,86,0.0005419594734323146,5.419594734323146e+26,805.2404781850205,37.10905608141299,99.68627729149365,10.2331547572775,0.0,57.60749372670435,0.005074508203994638,0.0002338558662029397,0.0006282083994107628,6.448785074192441e-05,0.0,0.0003630340344869774,5123,2126,6251,0.15748148148148147,0.463037037037037,1,0,0
flow,0.4,1.2,0,registered,during_vibration,flow_dump_0.4_1.2.shear.wave,2171,217100,217.1,0.2171,158683.45183699526,1001.085608871908,0.006308695691219619,6.30869569121962e+17,82,0.0005167520560633698,5.167520560633698e+26,813.5456188052016,29.663316365051397,109.98702773051781,16.915218633947294,0.0,30.974427337189553,0.005126845990474809,0.00018693389904022575,0.0006931222282932188,0.00010659724399821571,0.0,0.00019519632941314815,5018,2019,6463,0.14955555555555555,0.47874074074074074,1,0,0
flow,0.4,1.2,0,registered,during_vibration,flow_dump_0.4_1.2.shear.wave,2172,217200,217.20000000000002,0.21719999999999998,158683.45183699526,1018.679736084518,0.006419571318192262,6.419571318192262e+17,89,0.0005608650364590232,5.6086503645902325e+26,879.3569204227889,20.760677349693346,64.13155970564382,3.730986607591896,0.0,50.69959199879998,0.005541579227341819,0.00013083076470393005,0.0004041477480053927,2.351213415387816e-05,0.0,0.0003195014439872422,5060,2080,6360,0.15407407407407409,0.4711111111111111,1,0,0
flow,0.4,1.2,0,registered,during_vibration,flow_dump_0.4_1.2.shear.wave,2173,217300,217.3,0.2173,158683.45183699526,1084.1677406653378,0.006832267184224286,6.832267184224287e+17,85,0.0005356576190900784,5.356576190900784e+26,907.9569264438294,23.47595283296247,85.65716185196227,0.0,0.0,67.07769953658381,0.005721812299473495,0.00014794203529853712,0.0005397989573604188,0.0,0.0,0.0004227138920918369,5145,2186,6169,0.16192592592592592,0.45696296296296296,1,0,0
flow,0.4,1.2,0,registered,during_vibration,flow_dump_0.4_1.2.shear.wave,2174,217400,217.4,0.21739999999999998,158683.45183699526,1065.8310406588007,0.006716711971665808,6.716711971665807e+17,93,0.0005860724538279681,5.860724538279681e+26,893.5004980842772,17.9938598509794,88.61115547527086,0.0,0.0,65.7255272482733,0.005630709993642624,0.00011339468383548445,0.0005584145949024042,0.0,0.0,0.0004141926992852958,5120,2237,6143,0.16570370370370371,0.455037037037037,1,0,0
flow,0.4,1.2,0,registered,during_vibration,flow_dump_0.4_1.2.shear.wave,2175,217500,217.5,0.2175,158683.45183699526,1034.526374588623,0.006519434525859204,6.519434525859204e+17,78,0.0004915446386944248,4.9154463869442485e+26,822.0480118824844,24.820397829243404,90.19398696698856,33.6189939395535,0.0,63.84498397035301,0.005180426833208283,0.0001564145318362479,0.0005683893684115135,0.00021186200293958824,0.0,0.00040234178946357076,5052,2111,6337,0.15637037037037038,0.4694074074074074,1,0,0
flow,0.4,1.2,0,registered,during_vibration,flow_dump_0.4_1.2.shear.wave,2176,217600,217.6,0.2176,158683.45183699526,990.8275811993428,0.006244051094988485,6.244051094988485e+17,81,0.0005104502017211335,5.104502017211335e+26,776.6516426210877,17.104090512506446,102.60358216975077,10.24707070274147,0.0,84.22119519325645,0.0048943455264565915,0.00010778748706624,0.0006465928298254343,6.457554700327285e-05,0.0,0.0005307497046369471,5030,2029,6441,0.1502962962962963,0.4771111111111111,1,0,0
flow,0.4,1.2,0,registered,during_vibration,flow_dump_0.4_1.2.shear.wave,2177,217700,217.70000000000002,0.21769999999999998,158683.45183699526,903.4181394832148,0.00569320952515726,5.69320952515726e+17,83,0.0005230539104056059,5.2305391040560594e+26,721.1615054694213,28.074005939921527,92.29702156262307,0.0,0.0,61.88560651124894,0.004544654764696079,0.0001769182962364598,0.0005816423861098859,0.0,0.0,0.00038999407811483595,5126,2138,6236,0.15837037037037038,0.4619259259259259,1,0,0
flow,0.4,1.2,0,registered,during_vibration,flow_dump_0.4_1.2.shear.wave,2178,217800,217.8,0.2178,158683.45183699526,980.8100216165187,0.006180921893632855,6.180921893632855e+17,81,0.0005104502017211335,5.104502017211335e+26,751.533318089976,48.466691006068515,112.28283828472397,6.3908328572536925,0.0,62.13634137849664,0.004736053503940506,0.00030543002717041385,0.0007075900920031946,4.027409779199006e-05,0.0,0.0003915741727267509,5121,2111,6268,0.15637037037037038,0.4642962962962963,1,0,0
flow,0.4,1.2,0,registered,during_vibration,flow_dump_0.4_1.2.shear.wave,2179,217900,217.9,0.21789999999999998,158683.4518369953,941.2440577621393,0.005931582952512372,5.931582952512372e+17,77,0.00048524278435218855,4.8524278435218856e+26,759.5637545887284,25.634338958523422,107.44982930541266,18.161024969419557,0.0,30.435109940055185,0.004786660145060221,0.0001615438702761258,0.0006771331733808549,0.00011444813406299696,0.0,0.00019179762973217334,5029,2069,6402,0.15325925925925926,0.4742222222222222,1,0,0
flow,0.4,1.2,0,registered,during_vibration,flow_dump_0.4_1.2.shear.wave,2180,218000,218.0,0.218,158683.45183699526,1030.7454045022853,0.006495607403102751,6.495607403102751e+17,83,0.0005230539104056059,5.2305391040560594e+26,847.2827894395361,31.486880157362947,77.89047625968749,32.25306070880173,0.0,41.832197936896634,0.0053394527257315545,0.00019842573244314903,0.0004908544360359585,0.0002032540906781705,0.0,0.00026362041821391695,5004,2050,6446,0.15185185185185185,0.4774814814814815,1,0,0
flow,0.4,1.2,0,registered,during_vibration,flow_dump_0.4_1.2.shear.wave,2181,218100,218.1,0.2181,158683.45183699526,1047.6884774010746,0.006602380180620811,6.602380180620812e+17,81,0.0005104502017211335,5.104502017211335e+26,890.4270278468906,19.152251784099906,81.14217959118531,4.912703147610076,0.0,52.05431503128889,0.005611341431881416,0.00012069470106923131,0.000511346196795222,3.095913966288408e-05,0.0,0.0003280387112120598,5101,2179,6220,0.16140740740740742,0.46074074074074073,1,0,0
flow,0.4,1.2,0,registered,during_vibration,flow_dump_0.4_1.2.shear.wave,2182,218200,218.20000000000002,0.21819999999999998,158683.45183699526,1017.6591348972356,0.0064131396381684955,6.413139638168495e+17,86,0.0005419594734323146,5.419594734323146e+26,843.0076799931614,12.740411316164177,87.63008112904953,5.272881658048506,0.0,69.00808080081178,0.005312511608703383,8.028821637464464e-05,0.0005522320072736126,3.322893217287068e-05,0.0,0.00043487887364398336,5138,2230,6132,0.16518518518518518,0.45422222222222225,1,0,0
flow,0.4,1.2,0,registered,during_vibration,flow_dump_0.4_1.2.shear.wave,2183,218300,218.3,0.2183,158683.4518369953,1114.3731997229554,0.007022617587545771,7.02261758754577e+17,81,0.0005104502017211334,5.1045020172113336e+26,901.4453567387064,38.80564827687178,99.62493542898119,16.323565796303825,0.0,58.17369348209237,0.005680777335652491,0.0002445475430968957,0.0006278218319281276,0.00010286873399421582,0.0,0.0003666021428740424,5092,2175,6233,0.16111111111111112,0.4617037037037037,1,0,0
flow,0.4,1.2,0,registered,during_vibration,flow_dump_0.4_1.2.shear.wave,2184,218400,218.4,0.21839999999999998,158683.45183699526,889.2613572093323,0.005603995545312501,5.603995545312501e+17,75,0.0004726390756677162,4.726390756677162e+26,710.3882825951002,18.94893795147355,80.63890987477065,7.874434965391066,0.0,71.4107918225968,0.00447676348334566,0.00011941344691025822,0.0005081746643475183,4.962354217930638e-05,0.0,0.0004500204085297581,5036,2048,6416,0.1517037037037037,0.47525925925925927,1,0,0
flow,0.4,1.2,0,registered,during_vibration,flow_dump_0.4_1.2.shear.wave,2185,218500,218.5,0.2185,158683.45183699526,946.1531850678665,0.005962519557740561,5.962519557740561e+17,78,0.0004915446386944248,4.9154463869442485e+26,713.9257053208516,27.422271381861627,87.14123826887703,0.0,0.0,117.66397009627626,0.004499055806110262,0.0001728111599817646,0.0005491513907725634,0.0,0.0,0.0007415012008759708,5104,2110,6286,0.1562962962962963,0.4656296296296296,1,0,0
flow,0.4,1.2,0,registered,during_vibration,flow_dump_0.4_1.2.shear.wave,2186,218600,218.6,0.2186,158683.45183699526,978.2789843774165,0.0061649716656172575,6.164971665617257e+17,78,0.0004915446386944248,4.9154463869442485e+26,754.3879673841235,68.16697189305218,98.69963645051752,0.0,0.0,57.0244086497233,0.004754043087990391,0.00042957832782132495,0.0006219907325428297,0.0,0.0,0.0003593595172627112,5133,2151,6216,0.15933333333333333,0.46044444444444443,1,0,0
flow,0.4,1.2,0,registered,during_vibration,flow_dump_0.4_1.2.shear.wave,2187,218700,218.70000000000002,0.21869999999999998,158683.4518369953,942.6619104655329,0.005940518053727905,5.940518053727904e+17,84,0.000529355764747842,5.29355764747842e+26,769.6333213511765,24.974474784312957,96.59064670208967,15.156804674609841,0.0,36.3066629533441,0.004850117088086592,0.00015738550236459145,0.0006087001863389679,9.551597535311618e-05,0.0,0.00022879930158463825,5095,2090,6315,0.15481481481481482,0.4677777777777778,1,0,0
flow,0.4,1.2,0,registered,during_vibration,flow_dump_0.4_1.2.shear.wave,2188,218800,218.8,0.2188,158683.45183699526,1064.239589006518,0.0067066828751604106,6.706682875160411e+17,71,0.0004474316582987713,4.474316582987713e+26,866.7672803719289,38.048450615934,104.35780741193342,18.41563984741733,0.0,36.650410759304016,0.0054622411495201155,0.0002397757937293839,0.0006576477017851434,0.00011605267993750519,0.0,0.00023096555018826094,5005,2024,6471,0.14992592592592593,0.47933333333333333,1,0,0
flow,0.4,1.2,0,registered,during_vibration,flow_dump_0.4_1.2.shear.wave,2189,218900,218.9,0.21889999999999998,158683.45183699526,962.4462037723201,0.006065195788411358,6.065195788411357e+17,80,0.0005041483473788973,5.041483473788973e+26,830.3929585035953,13.51809889426971,66.21202222989032,4.538014176462978,0.0,47.785109968101764,0.00523301547130826,8.518909021563215e-05,0.00041725851979767517,2.8597904343072725e-05,0.0,0.0003011348027467172,5078,2111,6311,0.15637037037037038,0.4674814814814815,1,0,0
flow,0.4,1.2,0,registered,during_vibration,flow_dump_0.4_1.2.shear.wave,2190,219000,219.0,0.219,158683.45183699526,960.9632485472964,0.0060558504205872,6.0558504205872e+17,80,0.0005041483473788973,5.041483473788973e+26,812.660830600968,10.808109884638858,78.94387707682174,0.0,0.0,58.550430984867894,0.005121270184088,6.811113420787756e-05,0.0004974928145495311,0.0,0.0,0.00036897628774179163,5140,2172,6188,0.1608888888888889,0.4583703703703704,1,0,0
flow,0.4,1.2,0,registered,during_vibration,flow_dump_0.4_1.2.shear.wave,2191,219100,219.1,0.2191,158683.4518369953,1044.0419417184016,0.006579400243894838,6.579400243894838e+17,87,0.0005482613277745506,5.482613277745507e+26,836.162308577776,48.72430928192492,95.02389880402687,6.695847752787341,0.0,57.43557730188634,0.005269373075125115,0.00030705350002075885,0.0005988267692943714,4.21962572358555e-05,0.0,0.0003619506422187362,5111,2204,6185,0.16325925925925927,0.45814814814814814,1,0,0
flow,0.4,1.2,0,registered,during_vibration,flow_dump_0.4_1.2.shear.wave,2192,219200,219.20000000000002,0.21919999999999998,158683.45183699526,1007.6579851424498,0.006350113849158944,6.350113849158944e+17,79,0.000497846493036661,4.97846493036661e+26,821.0797801350333,10.337240410604457,96.66419714852923,10.29698908340987,0.0,69.27977836487315,0.005174325177766317,6.514378336830738e-05,0.0006091636905392366,6.48901253672454e-05,0.0,0.0004365910721178385,5051,2054,6395,0.15214814814814814,0.4737037037037037,1,0,0
flow,0.4,1.2,0,registered,during_vibration,flow_dump_0.4_1.2.shear.wave,2193,219300,219.3,0.2193,158683.45183699526,919.821142197932,0.005796578859040714,5.796578859040714e+17,74,0.00046633722132547996,4.6633722132548e+26,714.9980038112037,17.454203083319854,94.08741710711294,4.697241415186581,0.0,88.58427678110887,0.00450581327500786,0.00010999384549089197,0.0005929251980462498,2.9601331208825343e-05,0.0,0.0005582452092868857,5069,2066,6365,0.15303703703703703,0.4714814814814815,1,0,0
flow,0.4,1.2,0,registered,during_vibration,flow_dump_0.4_1.2.shear.wave,2194,219400,219.4,0.21939999999999998,158683.45183699526,1045.6529838473973,0.006589552796730977,6.589552796730976e+17,82,0.0005167520560633698,5.167520560633698e+26,853.5210797984153,12.07959691015919,105.94232283649174,0.0,0.0,74.10998430233134,0.005378765522917787,7.612386024074987e-05,0.0006676330871937365,0.0,0.0,0.00046703032637870456,5144,2164,6192,0.1602962962962963,0.45866666666666667,1,0,0
flow,0.4,1.2,0,registered,during_vibration,flow_dump_0.4_1.2.shear.wave,2195,219500,219.5,0.2195,158683.45183699526,893.1277278038098,0.005628360849632003,5.628360849632003e+17,73,0.0004600353669832438,4.600353669832438e+26,701.7518715429036,47.1886962168781,88.7994995002178,6.948277577997609,0.0,48.43938296581251,0.0044223380788550384,0.00029737629015879897,0.0005596015115138502,4.378703322596677e-05,0.0,0.0003052579358783486,5125,2101,6274,0.15562962962962962,0.46474074074074073,1,0,0
flow,0.4,1.2,0,registered,during_vibration,flow_dump_0.4_1.2.shear.wave,2196,219600,219.6,0.2196,158683.45183699526,873.8483053837671,0.005506864737738451,5.506864737738451e+17,73,0.0004600353669832438,4.600353669832438e+26,695.0150554390748,25.263328453059092,106.55366988751791,14.293859912881533,0.0,32.72239169123346,0.004379883645038278,0.00015920581611125018,0.0006714857072618591,9.007782315930867e-05,0.0,0.00020621174616775387,5007,1997,6496,0.14792592592592593,0.48118518518518516,1,0,0
flow,0.4,1.2,0,registered,during_vibration,flow_dump_0.4_1.2.shear.wave,2197,219700,219.70000000000002,0.21969999999999998,158683.45183699526,901.0136986773729,0.005678057089424315,5.6780570894243155e+17,73,0.0004600353669832438,4.600353669832438e+26,791.6541232238384,15.403417685876192,61.302514996812654,4.861253791837513,0.0,27.792388979007853,0.00498888897398735,9.707009462901702e-05,0.00038631952032266455,3.0634913316803505e-05,0.0,0.0001751435871684786,5042,2047,6411,0.15162962962962964,0.4748888888888889,1,0,0
flow,0.4,1.2,0,registered,during_vibration,flow_dump_0.4_1.2.shear.wave,2198,219800,219.8,0.2198,158683.4518369953,913.0018935471763,0.00575360494732016,5.7536049473201594e+17,77,0.00048524278435218855,4.8524278435218856e+26,785.7553740014325,11.622914775675934,73.31579416454214,0.0,0.0,42.30781060552562,0.004951715915586369,7.324591594853484e-05,0.00046202545581031643,0.0,0.0,0.000266617659974939,5142,2157,6201,0.15977777777777777,0.4593333333333333,1,0,0
flow,0.4,1.2,0,registered,during_vibration,flow_dump_0.4_1.2.shear.wave,2199,219900,219.9,0.21989999999999998,158683.45183699526,1106.5457129084339,0.006973289905774884,6.973289905774884e+17,89,0.0005608650364590232,5.6086503645902325e+26,924.8969943161004,20.860261162200015,93.92341374377689,0.0,0.0,66.86504368635632,0.0058285661397521425,0.00013145832738519164,0.000591891672738869,0.0,0.0,0.00042137376589867885,5133,2223,6144,0.16466666666666666,0.45511111111111113,1,0,0
flow,0.4,1.2,0,registered,during_vibration,flow_dump_0.4_1.2.shear.wave,2200,220000,220.0,0.22,158683.45183699526,1036.1669210316377,0.006529773010584756,6.529773010584756e+17,74,0.00046633722132547996,4.6633722132548e+26,823.2941430570346,30.444022020995344,99.44459088543114,23.927794854551646,0.0,59.056370213624874,0.005188279770361618,0.00019185379236814448,0.0006266853268832583,0.00015078947790429366,0.0,0.00037216464306744144,5052,2098,6350,0.1554074074074074,0.4703703703703704,1,0,0
flow,0.4,1.2,0,registered,after_removal,flow_dump_0.4_1.2.shear.wave,2240,224000,224.0,0.22399999999999998,158683.4518369953,1371.73237476326,0.008644457622287844,8.644457622287844e+17,113,0.0007121095406726923,7.121095406726924e+26,1144.1260077640206,7.272800818516746,99.34650559274934,51.19250095232426,0.0,69.79455963564915,0.007210115450093079,4.583213141838885e-05,0.0006260672076556618,0.0003226076844163362,0.0,0.00043983514870438005,5192,2579,5729,0.19103703703703703,0.4243703703703704,0,0,0
flow,0.4,1.2,0,registered,after_removal,flow_dump_0.4_1.2.shear.wave,2245,224500,224.5,0.22449999999999998,158683.45183699526,1409.1080290598425,0.008879993551610683,8.879993551610683e+17,115,0.0007247132493571648,7.247132493571648e+26,1215.4746249053646,0.0,86.18734080189057,57.673002395944124,7.775056851254847,41.99800410538818,0.007659744042837808,0.0,0.0005431400678781867,0.00036344686057868017,4.89972757792138e-05,0.00026466530453679495,5206,2565,5729,0.19,0.4243703703703704,0,0,0
flow,0.4,1.2,0,registered,after_removal,flow_dump_0.4_1.2.shear.wave,2250,225000,225.0,0.22499999999999998,158683.45183699526,1319.849486374285,0.008317499216806029,8.317499216806029e+17,105,0.0006616947059348027,6.616947059348027e+26,1143.8167408456634,6.100047730788515,68.81388209734375,50.58872424729481,21.247629169495077,29.282462283700077,0.00720816649502072,3.844161228011778e-05,0.0004336550617012767,0.00031880277156600534,0.00013389946414400745,0.00018453381209390356,5181,2558,5761,0.18948148148148147,0.42674074074074075,0,0,0
flow,0.4,1.2,0,registered,after_removal,flow_dump_0.4_1.2.shear.wave,2255,225500,225.5,0.22549999999999998,158683.4518369953,1318.857494890858,0.00831124783096873,8.311247830968731e+17,120,0.0007562225210683458,7.562225210683458e+26,1115.4550555522783,16.838165388916188,48.73968262942449,50.01331320609068,11.74043867795298,76.07083943619514,0.007029435285401463,0.00010611166567143303,0.00030715038061745375,0.00031517661499742237,7.3986534462416e-05,0.00047938734981854025,5184,2572,5744,0.19051851851851853,0.42548148148148146,0,0,0
flow,0.4,1.2,0,registered,after_removal,flow_dump_0.4_1.2.shear.wave,2260,226000,226.0,0.22599999999999998,158683.45183699526,1255.7823383648208,0.007913757381927894,7.913757381927894e+17,110,0.0006932039776459838,6.932039776459838e+26,1068.7576157558028,10.474907336216084,56.870980041354315,41.38348039189715,9.716878471195322,68.57847636835474,0.006735154821648731,6.601134028125532e-05,0.00035839263252083786,0.0002607926656045244,6.123435278668385e-05,0.00043217156908586005,5229,2567,5704,0.19014814814814815,0.4225185185185185,0,0,0
flow,0.4,1.2,0,registered,after_removal,flow_dump_0.4_1.2.shear.wave,2265,226500,226.5,0.22649999999999998,158683.45183699526,1314.2349826943778,0.008282117432411303,8.282117432411304e+17,119,0.0007499206667261097,7.499206667261097e+26,1072.4244643898692,11.161862741988626,62.05043786839984,52.669545849370365,25.08578151767516,90.84289032707476,0.006758262767635645,7.034043318804566e-05,0.00039103282131863407,0.0003319158062144641,0.00015808694118555022,0.0005724786628689644,5196,2549,5755,0.18881481481481482,0.4262962962962963,0,0,0
flow,0.4,1.2,0,registered,after_removal,flow_dump_0.4_1.2.shear.wave,2270,227000,227.0,0.22699999999999998,158683.45183699526,1389.8343310297414,0.008758533513988743,8.758533513988742e+17,110,0.0006932039776459838,6.932039776459838e+26,1200.9865668598886,13.695655663273683,59.68562825327962,47.12188648175637,0.0,68.34459377154305,0.007568442411333354,8.630802711137329e-05,0.00037613013557702673,0.00029695526493941845,0.0,0.0004306976750275688,5210,2563,5727,0.18985185185185185,0.4242222222222222,0,0,0
flow,0.4,1.2,0,registered,after_removal,flow_dump_0.4_1.2.shear.wave,2275,227500,227.5,0.22749999999999998,158683.45183699526,1426.8122542880658,0.008991563000241091,8.99156300024109e+17,118,0.0007436188123838735,7.436188123838735e+26,1239.8202920588913,18.16676714885922,59.46198510924478,61.05931550215853,0.0,48.30389446891219,0.007813166891103897,0.0001144843204414327,0.0003747207690586794,0.00038478691253124883,0.0,0.0003044041071058342,5240,2581,5679,0.19118518518518518,0.4206666666666667,0,0,0
flow,0.4,1.2,0,registered,after_removal,flow_dump_0.4_1.2.shear.wave,2280,228000,228.0,0.22799999999999998,158683.45183699526,1466.7690186915877,0.009243364709499135,9.243364709499135e+17,125,0.000787731792779527,7.87731792779527e+26,1239.7845752795608,20.727290823604392,88.44789378947794,38.69535618524537,7.453090540125534,71.66081207357378,0.007812941809162983,0.00013062036767952422,0.0005573857435388692,0.00024385249840036557,4.696829098336976e-05,0.00045159599973402435,5241,2585,5674,0.19148148148148147,0.4202962962962963,0,0,0
flow,0.4,1.2,0,registered,after_removal,flow_dump_0.4_1.2.shear.wave,2285,228500,228.5,0.22849999999999998,158683.45183699526,1374.539757449861,0.008662149339061722,8.662149339061723e+17,118,0.0007436188123838735,7.436188123838735e+26,1155.468097284613,5.568695022951417,53.28270297496358,51.190119275563944,0.0,109.03014289176892,0.0072815916461884565,3.509310491097559e-05,0.0003357798331088568,0.00032259267543630245,0.0,0.0006870920794171291,5246,2610,5644,0.19333333333333333,0.4180740740740741,0,0,0
flow,0.4,1.2,0,registered,after_removal,flow_dump_0.4_1.2.shear.wave,2290,229000,229.0,0.22899999999999998,158683.45183699526,1414.415269178061,0.008913439005794969,8.91343900579497e+17,125,0.000787731792779527,7.87731792779527e+26,1189.4125240500798,15.45860608741025,60.92224839722772,36.95470805554665,0.0,111.66718258779636,0.007495504479395133,9.741788389686548e-05,0.00038392313560086283,0.0002328831874259183,0.0,0.0007037103194761889,5251,2626,5623,0.1945185185185185,0.4165185185185185,0,0,0
flow,0.4,1.2,0,registered,after_removal,flow_dump_0.4_1.2.shear.wave,2295,229500,229.5,0.22949999999999998,158683.45183699526,1449.6965388624908,0.009135776428355401,9.135776428355401e+17,122,0.0007688262297528183,7.688262297528184e+26,1196.9853951579596,34.41041692040079,71.64302582295603,35.81063599292912,0.0,110.84706496824546,0.0075432276100695205,0.0002168494352879863,0.00045148391337333684,0.00022567341193028092,0.0,0.0006985420576942777,5221,2603,5676,0.19281481481481483,0.42044444444444445,0,0,0
flow,0.4,1.2,0,registered,after_removal,flow_dump_0.4_1.2.shear.wave,2300,230000,230.0,0.22999999999999998,158683.45183699526,1308.9456013353758,0.008248784521526333,8.248784521526333e+17,113,0.0007121095406726924,7.121095406726925e+26,1127.2051966709314,5.235630797154106,55.91004254035844,38.66158237797319,0.0,81.93314894895897,0.007103482963231937,3.299418267339126e-05,0.0003523369443575694,0.0002436396607863535,0.0,0.0005163307704770838,5186,2609,5705,0.19325925925925927,0.4225925925925926,0,0,0
