region,amplitude_A,frequency_THz,is_baseline,coordinate_treatment,analysis_stage,filename,frame,timestep,time_ps,strain_xy,cell_volume_A3,total_line_length_A,dislocation_density_A-2,dislocation_density_m-2,segment_count,segment_number_density_A-3,segment_number_density_m-3,shockley_length_A,perfect_length_A,stair_rod_length_A,hirth_length_A,frank_length_A,other_length_A,shockley_density_A-2,perfect_density_A-2,stair_rod_density_A-2,hirth_density_A-2,frank_density_A-2,other_density_A-2,fcc_count,hcp_count,other_atom_count,hcp_fraction,other_atom_fraction,coherent_correction_applied,has_PE,has_KE
flow,0.2,1.5,0,registered,before,flow_dump_0.2_1.5.shear.wave,1850,185000,185.0,0.185,158683.45183699526,1441.826292300768,0.00908617928088594,9.086179280885939e+17,126,0.0007940336471217632,7.940336471217631e+26,1167.4654380944578,4.603785611908546,121.82863208346481,44.556678307427724,0.0,103.37175820350976,0.007357197140466265,2.9012386349130486e-05,0.0007677462941038811,0.00028078969666728564,0.0,0.0006514337632993802,5939,3062,4499,0.2268148148148148,0.33325925925925926,0,0,0
flow,0.2,1.5,0,registered,before,flow_dump_0.2_1.5.shear.wave,1855,185500,185.5,0.1855,158683.45183699526,1437.2295380341995,0.009057211205050972,9.057211205050972e+17,125,0.000787731792779527,7.87731792779527e+26,1161.7754451855296,6.342864394528773,133.7958539195755,24.720090279973533,0.0,110.59528425459212,0.0073213396339458425,3.997180752687663e-05,0.0008431619829962794,0.0001557824082713225,0.0,0.0006969553723106499,5928,3069,4503,0.22733333333333333,0.33355555555555555,0,0,0
flow,0.2,1.5,0,registered,before,flow_dump_0.2_1.5.shear.wave,1860,186000,186.0,0.186,158683.45183699526,4975.515810919432,0.03135497591790757,3.135497591790757e+18,135,0.0008507503362018892,8.507503362018892e+26,3685.6746195561204,0.0,448.83295727585386,257.259246710078,0.0,583.7489873773791,0.02322658460531955,0.0,0.0028284799207475616,0.001621210300960323,0.0,0.00367870109088013,5915,3025,4560,0.22407407407407406,0.3377777777777778,0,0,0
flow,0.2,1.5,0,registered,before,flow_dump_0.2_1.5.shear.wave,1865,186500,186.5,0.1865,158683.45183699526,1704.3169668455046,0.0107403572780622,1.07403572780622e+18,122,0.0007688262297528183,7.688262297528184e+26,1352.8907364199413,0.0,161.42633713868145,67.77793029904024,0.0,122.22196298784144,0.008525720361879159,0.0,0.001017285263648687,0.0004271266443627903,0.0,0.0007702250081715626,5911,3021,4568,0.22377777777777777,0.3383703703703704,0,0,0
flow,0.2,1.5,0,registered,before,flow_dump_0.2_1.5.shear.wave,1870,187000,187.0,0.187,158683.45183699526,1550.0191724865495,0.009767995052683748,9.767995052683748e+17,129,0.0008129392101484719,8.129392101484719e+26,1208.4069916005535,6.442923376896207,156.38005819092385,52.4617493373733,0.0,126.32744998080318,0.007615204847206551,4.0602364659388584e-05,0.0009854843487496255,0.00033060630286303386,0.0,0.0007960971892051529,5916,3027,4557,0.2242222222222222,0.33755555555555555,0,0,0
flow,0.2,1.5,0,registered,before,flow_dump_0.2_1.5.shear.wave,1875,187500,187.5,0.1875,158683.45183699526,1536.1960074072153,0.009680883479805098,9.680883479805098e+17,131,0.0008255429188329443,8.255429188329443e+26,1202.2306791004264,7.870538299511893,144.28804290422232,62.24720794551858,0.0,119.55953915753562,0.007576282625458617,4.959898595851547e-05,0.0009092822297087389,0.000392272837683547,0.0,0.0007534468009956768,5888,3011,4601,0.22303703703703703,0.3408148148148148,0,0,0
flow,0.2,1.5,0,registered,before,flow_dump_0.2_1.5.shear.wave,1880,188000,188.0,0.188,158683.45183699526,1497.927042607647,0.009439718037810053,9.439718037810053e+17,126,0.0007940336471217632,7.940336471217631e+26,1221.3909315814399,5.9249625163137605,139.40151732368602,37.20419762059687,0.0,94.00543356561074,0.007697027745754433,3.733825076101869e-05,0.0008784880572605878,0.00023445543432477268,0.0,0.0005924085497092422,5867,2993,4640,0.2217037037037037,0.3437037037037037,0,0,0
flow,0.2,1.5,0,registered,before,flow_dump_0.2_1.5.shear.wave,1885,188500,188.5,0.1885,158683.45183699526,1533.7373097756965,0.009665389125459665,9.665389125459665e+17,128,0.0008066373558062356,8.066373558062357e+26,1190.2230546991996,5.014848463179432,151.90362676925645,28.928189075994343,0.0,157.66759076806719,0.007500612325485804,3.160284456334392e-05,0.0009572745299572682,0.0001823012339415852,0.0,0.0009935981915116668,5835,3005,4660,0.2225925925925926,0.3451851851851852,0,0,0
flow,0.2,1.5,0,registered,before,flow_dump_0.2_1.5.shear.wave,1890,189000,189.0,0.189,158683.4518369953,1488.4590490642256,0.009380052121586177,9.380052121586177e+17,121,0.000762524375410582,7.62524375410582e+26,1203.1402573759274,0.0,167.0499310768173,9.040746322285841,0.0,109.22811428919475,0.007582014655263685,0.0,0.0010527243335267016,5.697346646815312e-05,0.0,0.0006883396663276355,5870,3010,4620,0.22296296296296297,0.3422222222222222,0,0,0
flow,0.2,1.5,0,registered,before,flow_dump_0.2_1.5.shear.wave,1895,189500,189.5,0.1895,158683.45183699526,1497.1161961776575,0.009434608201714337,9.434608201714337e+17,129,0.0008129392101484719,8.129392101484719e+26,1212.6033220505008,10.534191187355,132.72377370722762,30.244553758185795,0.0,111.0103554743877,0.007641649510474009,6.638493847597959e-05,0.0008364058896548693,0.0001905967724300198,0.0,0.000699571090679456,5912,3016,4572,0.22340740740740742,0.33866666666666667,0,0,0
flow,0.2,1.5,0,registered,before,flow_dump_0.2_1.5.shear.wave,1900,190000,190.0,0.19,158683.45183699526,1501.7487813824728,0.009463802078903082,9.463802078903082e+17,126,0.0007940336471217632,7.940336471217631e+26,1205.5387239756446,11.467998671675558,139.27213712580374,44.83362218934846,0.0,100.63629942000073,0.007597129442419823,7.226965722585777e-05,0.0008776727220987639,0.00028253495667212355,0.0,0.0006341953004865156,5911,3054,4535,0.2262222222222222,0.3359259259259259,0,0,0
flow,0.2,1.5,0,registered,during_vibration,flow_dump_0.2_1.5.shear.wave,1910,191000,191.0,0.191,158683.45183699526,1251.143808283399,0.007884526040992695,7.884526040992695e+17,107,0.0006742984146192752,6.742984146192752e+26,1038.347742764254,17.483675212890162,101.08494012465717,34.404115405339574,0.0,59.823334776257354,0.006543516231490088,0.00011017957455859957,0.0006370225688592586,0.0002168097240579351,0.0,0.00037699794202680824,5465,2717,5318,0.20125925925925925,0.3939259259259259,1,0,0
flow,0.2,1.5,0,registered,during_vibration,flow_dump_0.2_1.5.shear.wave,1911,191100,191.1,0.1911,158683.45183699526,1183.8007968259526,0.007460140191820322,7.460140191820323e+17,104,0.0006553928515925665,6.553928515925665e+26,988.139093727083,4.412255460719059,100.86948992849031,24.245306372738348,0.0,66.13465133692168,0.006227108638537378,2.780539123418786e-05,0.0006356648331050089,0.00015279038924388856,0.0,0.00041677093969985803,5444,2747,5309,0.20348148148148149,0.39325925925925925,1,0,0
flow,0.2,1.5,0,registered,during_vibration,flow_dump_0.2_1.5.shear.wave,1912,191200,191.20000000000002,0.19119999999999998,158683.45183699526,1229.0602940527797,0.00774535895094663,7.74535895094663e+17,107,0.0006742984146192752,6.742984146192752e+26,1025.361014250322,0.0,102.62527517556724,19.54581139095773,0.0,81.52819323593272,0.006461675760013122,0.0,0.000646729535988335,0.00012317485638663707,0.0,0.0005137787985585359,5478,2793,5229,0.2068888888888889,0.3873333333333333,1,0,0
flow,0.2,1.5,0,registered,during_vibration,flow_dump_0.2_1.5.shear.wave,1913,191300,191.3,0.1913,158683.45183699526,1268.2392353766156,0.007992258932452463,7.992258932452463e+17,110,0.0006932039776459838,6.932039776459838e+26,1056.2465928464765,11.47297877720911,89.70020575463555,38.542105174894964,0.0,72.27735282339869,0.006656312177601776,7.230104112553918e-05,0.0005652776311343321,0.00024288673285533676,0.0,0.000455481349735474,5468,2741,5291,0.20303703703703704,0.3919259259259259,1,0,0
flow,0.2,1.5,0,registered,during_vibration,flow_dump_0.2_1.5.shear.wave,1914,191400,191.4,0.1914,158683.45183699526,1277.6188309146094,0.008051367777321988,8.051367777321988e+17,105,0.0006616947059348027,6.616947059348027e+26,1043.6353042697888,32.82216859424622,90.66826879577955,35.58569769577481,0.0,74.90739155902067,0.006576837673923583,0.00020684052567725972,0.0005713782234137238,0.0002242558835456238,0.0,0.00047205547076180284,5470,2723,5307,0.2017037037037037,0.39311111111111113,1,0,0
flow,0.2,1.5,0,registered,during_vibration,flow_dump_0.2_1.5.shear.wave,1915,191500,191.5,0.1915,158683.45183699526,1288.3458617171816,0.00811896796296448,8.11896796296448e+17,106,0.0006679965602770389,6.679965602770389e+26,1066.6405382824125,18.95133261065805,101.9172490074512,34.93648796980149,0.0,65.90025384685768,0.006721813307780196,0.00011942853770363823,0.0006422676582063761,0.00022016465841497685,0.0,0.00041529380085928894,5488,2743,5269,0.2031851851851852,0.3902962962962963,1,0,0
flow,0.2,1.5,0,registered,during_vibration,flow_dump_0.2_1.5.shear.wave,1916,191600,191.6,0.1916,158683.4518369953,1230.4974005408203,0.007754415386708543,7.754415386708544e+17,107,0.0006742984146192749,6.742984146192749e+26,1018.3791733334906,8.93116580969012,105.99867165242011,27.87107960079317,0.0,69.31731014442688,0.006417677215514585,5.62829060390273e-05,0.0006679881892240745,0.00017563948400506961,0.0,0.00043682759192579097,5485,2738,5277,0.2028148148148148,0.3908888888888889,1,0,0
flow,0.2,1.5,0,registered,during_vibration,flow_dump_0.2_1.5.shear.wave,1917,191700,191.70000000000002,0.19169999999999998,158683.45183699526,1213.8859494967294,0.007649732441815496,7.649732441815496e+17,106,0.0006679965602770389,6.679965602770389e+26,953.0431719148302,25.000727922131425,87.73002152662065,30.177874803209473,0.0,117.93415332993726,0.006005939251270049,0.00015755094581515014,0.000552861817102011,0.0001901765713680665,0.0,0.0007432038562602168,5470,2734,5296,0.20251851851851851,0.3922962962962963,1,0,0
flow,0.2,1.5,0,registered,during_vibration,flow_dump_0.2_1.5.shear.wave,1918,191800,191.8,0.1918,158683.45183699526,1198.8529134736468,0.00755499643847644,7.554996438476439e+17,102,0.000642789142908094,6.42789142908094e+26,998.2006486026285,8.732287306053813,105.46846594610219,13.01241575018497,0.0,73.43909586867743,0.006290515091819482,5.502960267730941e-05,0.0006646469100914365,8.200234869828608e-05,0.0,0.0004628024851899266,5485,2749,5266,0.20362962962962963,0.3900740740740741,1,0,0
flow,0.2,1.5,0,registered,during_vibration,flow_dump_0.2_1.5.shear.wave,1919,191900,191.9,0.1919,158683.45183699526,1217.2551100620644,0.007670964400953844,7.670964400953843e+17,107,0.0006742984146192752,6.742984146192752e+26,1003.1857273380193,12.600243511566028,88.19236934319702,29.448009567239584,0.0,83.82876030204244,0.006321930331894494,7.940489928659608e-05,0.0005557754656975262,0.0001855770669615224,0.0,0.000528276637113705,5484,2784,5232,0.20622222222222222,0.38755555555555554,1,0,0
flow,0.2,1.5,0,registered,during_vibration,flow_dump_0.2_1.5.shear.wave,1920,192000,192.0,0.192,158683.4518369953,1274.084939896743,0.008029097710866056,8.029097710866056e+17,108,0.0006806002689615112,6.806002689615112e+26,1055.0498630419447,3.053938274353675,109.36810443993006,32.609171627342405,0.0,74.00386251317185,0.006648770560686603,1.924547417515708e-05,0.0006892218638669171,0.00020549824981649372,0.0,0.0004663615623208839,5499,2716,5285,0.2011851851851852,0.3914814814814815,1,0,0
flow,0.2,1.5,0,registered,during_vibration,flow_dump_0.2_1.5.shear.wave,1921,192100,192.1,0.1921,158683.45183699526,1259.7791475132838,0.007938944691015226,7.938944691015226e+17,103,0.0006490909972503302,6.490909972503302e+26,1027.0844845113368,9.28755255994222,97.95996400891066,19.68290133629167,0.0,105.76424509680244,0.006472536818561213,5.852880342861896e-05,0.0006173294245548571,0.0001240387772539167,0.0,0.0006665108672166198,5493,2713,5294,0.20096296296296295,0.39214814814814813,1,0,0
flow,0.2,1.5,0,registered,during_vibration,flow_dump_0.2_1.5.shear.wave,1922,192200,192.20000000000002,0.19219999999999998,158683.45183699526,1319.2590731153673,0.008313778518446602,8.313778518446602e+17,102,0.000642789142908094,6.42789142908094e+26,1041.7653968933892,15.685241553414915,138.5942340819485,32.22569795354427,0.0,90.98850263307041,0.006565053790004039,9.884610759241171e-05,0.0008734006758582298,0.0002030816545801357,0.0,0.0005733962904117861,5484,2760,5256,0.20444444444444446,0.3893333333333333,1,0,0
flow,0.2,1.5,0,registered,during_vibration,flow_dump_0.2_1.5.shear.wave,1923,192300,192.3,0.1923,158683.45183699526,1282.9983006317577,0.008085268411917928,8.085268411917928e+17,100,0.0006301854342236216,6.301854342236216e+26,1011.6551578910046,21.33964301521014,139.63225471094208,34.17608809176469,0.0,76.19515692283657,0.006375303449601092,0.00013447932199717275,0.0008799421306663836,0.00021537272914173475,0.0,0.0004801707805115475,5488,2747,5265,0.20348148148148149,0.39,1,0,0
flow,0.2,1.5,0,registered,during_vibration,flow_dump_0.2_1.5.shear.wave,1924,192400,192.4,0.1924,158683.4518369953,1173.9268068555689,0.007397915745250261,7.397915745250262e+17,102,0.0006427891429080939,6.427891429080939e+26,959.7831227372202,5.456832645540156,107.37827754502113,40.666213263747345,0.0,60.642360664040375,0.006048413439626585,3.438816450215356e-05,0.0006766822646089369,0.0002562725526384502,0.0,0.00038215932387413744,5468,2730,5302,0.20222222222222222,0.3927407407407407,1,0,0
flow,0.2,1.5,0,registered,during_vibration,flow_dump_0.2_1.5.shear.wave,1925,192500,192.5,0.1925,158683.45183699526,1233.6040608157973,0.007773993107252262,7.773993107252261e+17,98,0.0006175817255391491,6.1758172553914915e+26,1043.3624764850815,0.0,91.36575178258397,40.12213219810768,0.0,58.75370035002445,0.006575118352963843,0.0,0.0005757736596027531,0.0002528438330124204,0.0,0.00037025726167324707,5474,2773,5253,0.2054074074074074,0.38911111111111113,1,0,0
flow,0.2,1.5,0,registered,during_vibration,flow_dump_0.2_1.5.shear.wave,1926,192600,192.6,0.1926,158683.45183699526,1263.5726034844972,0.0079628504979995,7.9628504979995e+17,110,0.0006932039776459838,6.932039776459838e+26,1046.771501375438,0.0,105.56083170689058,31.99753013477971,0.0,79.24274026738894,0.006596601531271927,0.0,0.0006652289856621348,0.00020164377422069569,0.0,0.0004993762068447416,5501,2760,5239,0.20444444444444446,0.38807407407407407,1,0,0
flow,0.2,1.5,0,registered,during_vibration,flow_dump_0.2_1.5.shear.wave,1927,192700,192.70000000000002,0.19269999999999998,158683.45183699526,1212.3190284872126,0.007639857933847732,7.639857933847731e+17,107,0.0006742984146192752,6.742984146192752e+26,999.4241821043191,5.599124179255657,94.74709139294838,37.75296162878176,0.0,74.79566918190767,0.006298225621729982,3.5284865021762054e-05,0.0005970823693089033,0.00023791366517261558,0.0,0.00047135141261446837,5492,2714,5294,0.20103703703703704,0.39214814814814813,1,0,0
flow,0.2,1.5,0,registered,during_vibration,flow_dump_0.2_1.5.shear.wave,1928,192800,192.8,0.1928,158683.45183699526,1302.494313921558,0.008208129447924551,8.208129447924552e+17,104,0.0006553928515925665,6.553928515925665e+26,1042.5556866510044,19.033467811265663,131.76826169310758,32.88020001677924,0.0,76.25669774940145,0.006570034080944692,0.00011994614177423776,0.000830384392119628,0.00020720623124933555,0.0,0.0004805586018366602,5459,2713,5328,0.20096296296296295,0.39466666666666667,1,0,0
flow,0.2,1.5,0,registered,during_vibration,flow_dump_0.2_1.5.shear.wave,1929,192900,192.9,0.1929,158683.45183699526,1358.5286247837053,0.008561249513145387,8.561249513145388e+17,107,0.0006742984146192752,6.742984146192752e+26,1057.2080479147664,10.502753693122266,154.04462661308594,30.43573707898638,0.0,106.33745948374364,0.006662371127398745,6.618682396644e-05,0.0009707667991198321,0.00019180158187037013,0.0,0.0006701231807899976,5474,2751,5275,0.20377777777777778,0.3907407407407407,1,0,0
flow,0.2,1.5,0,registered,during_vibration,flow_dump_0.2_1.5.shear.wave,1930,193000,193.0,0.193,158683.45183699526,1157.628087011711,0.007295203586829354,7.295203586829354e+17,105,0.0006616947059348027,6.616947059348027e+26,953.4713342169713,3.1876722977687937,112.36319066406874,26.515183505978808,0.0,62.090706326922444,0.006008637467732979,2.0088246511320367e-05,0.0007080964609938775,0.00016709482431234265,0.0,0.0003912865872788299,5461,2713,5326,0.20096296296296295,0.39451851851851855,1,0,0
flow,0.2,1.5,0,registered,during_vibration,flow_dump_0.2_1.5.shear.wave,1931,193100,193.1,0.1931,158683.45183699526,1171.79739488941,0.007384496501204914,7.384496501204914e+17,103,0.0006490909972503302,6.490909972503302e+26,950.9915821658212,5.5668794125954175,103.33476215741153,27.912866936935202,0.0,83.99130421664657,0.00599301043150177,3.508166319896983e-05,0.0006512006196056305,0.0001759028217107868,0.0,0.0005293009651877572,5461,2714,5325,0.20103703703703704,0.39444444444444443,1,0,0
flow,0.2,1.5,0,registered,during_vibration,flow_dump_0.2_1.5.shear.wave,1932,193200,193.20000000000002,0.19319999999999998,158683.45183699526,1184.7335072277558,0.007466017996915974,7.466017996915974e+17,103,0.0006490909972503302,6.490909972503302e+26,963.1710158739803,3.6368050619067347,101.9315177075544,38.39697884688465,0.0,77.59718973742929,0.00606976344870151,2.2918615771243606e-05,0.0006423575774760795,0.00024197216787499217,0.0,0.0004890061870921463,5471,2766,5263,0.2048888888888889,0.38985185185185184,1,0,0
flow,0.2,1.5,0,registered,during_vibration,flow_dump_0.2_1.5.shear.wave,1933,193300,193.3,0.1933,158683.45183699526,1300.557516461365,0.00819592403244,8.19592403244e+17,114,0.0007184113950149286,7.184113950149286e+26,1056.0404286011192,6.064407359790561,113.24197391884992,38.2922373470805,0.0,86.9184692345255,0.006655012960556958,3.821701185338541e-05,0.0007136344250639047,0.00024131210219963906,0.0,0.0005477475327661195,5485,2717,5298,0.20125925925925925,0.39244444444444443,1,0,0
flow,0.2,1.5,0,registered,during_vibration,flow_dump_0.2_1.5.shear.wave,1934,193400,193.4,0.1934,158683.45183699526,1237.8472730392139,0.0078007332126274285,7.800733212627429e+17,105,0.0006616947059348027,6.616947059348027e+26,1005.6975259038475,16.558685691132485,102.32392741300228,37.226908482978985,0.0,76.04022554825251,0.00633775932059338,0.00010435042532438795,0.0006448304862822918,0.00023459855487149134,0.0,0.0004791944255558763,5467,2703,5330,0.20022222222222222,0.39481481481481484,1,0,0
flow,0.2,1.5,0,registered,during_vibration,flow_dump_0.2_1.5.shear.wave,1935,193500,193.5,0.19349999999999998,158683.4518369953,1239.192699532681,0.007809211894417443,7.809211894417443e+17,102,0.0006427891429080939,6.427891429080939e+26,1037.0870624990378,9.780118755754458,108.77212236515149,28.283111660435956,0.0,55.27028425230124,0.006535571608086562,6.163288384853708e-05,0.0006854660716410788,0.00017823605002927005,0.0,0.00034830528081199446,5465,2722,5313,0.20162962962962963,0.39355555555555555,1,0,0
flow,0.2,1.5,0,registered,during_vibration,flow_dump_0.2_1.5.shear.wave,1936,193600,193.6,0.1936,158683.45183699526,1382.9297542500215,0.00871502187682816,8.71502187682816e+17,113,0.0007121095406726924,7.121095406726925e+26,1139.3834970610574,7.337434081953001,119.84041498612419,39.80930030588869,0.0,76.55910781499824,0.007180228838426509,4.623944083022752e-05,0.0007552168395556968,0.00025087241199405017,0.0,0.0004824643460216773,5478,2735,5287,0.2025925925925926,0.3916296296296296,1,0,0
flow,0.2,1.5,0,registered,during_vibration,flow_dump_0.2_1.5.shear.wave,1937,193700,193.70000000000002,0.19369999999999998,158683.45183699526,1233.4706647284636,0.00777315246454006,7.77315246454006e+17,108,0.0006806002689615113,6.806002689615113e+26,1019.2896916116101,6.56165735639942,103.91652854953884,26.653029581700203,0.0,77.04975762921451,0.0064234151690792385,4.1350608903691895e-05,0.000654866826670025,0.00016796351020318773,0.0,0.0004855563496839135,5460,2725,5315,0.20185185185185187,0.3937037037037037,1,0,0
flow,0.2,1.5,0,registered,during_vibration,flow_dump_0.2_1.5.shear.wave,1938,193800,193.8,0.1938,158683.45183699526,1053.8385086478509,0.006641136781738197,6.641136781738198e+17,86,0.0005419594734323146,5.419594734323146e+26,887.047269017689,0.0,93.94724801451173,20.569631519981534,0.0,52.27436009566799,0.0055900426840279,0.0,0.0005920418728413934,0.00012962682171239456,0.0,0.00032942540315650487,5469,2764,5267,0.20474074074074075,0.39014814814814813,1,0,0
flow,0.2,1.5,0,registered,during_vibration,flow_dump_0.2_1.5.shear.wave,1939,193900,193.9,0.1939,158683.4518369953,1262.2172938115934,0.007954309533852235,7.954309533852234e+17,109,0.0006869021233037474,6.869021233037473e+26,1055.0377559863105,6.775272835599914,97.31797502130082,32.45931251002031,0.0,70.62697745836206,0.006648694263785482,4.269678253886039e-05,0.0006132837034656201,0.00020455385948727378,0.0,0.00044508092457499826,5489,2794,5217,0.20696296296296296,0.3864444444444444,1,0,0
flow,0.2,1.5,0,registered,during_vibration,flow_dump_0.2_1.5.shear.wave,1940,194000,194.0,0.19399999999999998,158683.45183699526,1244.5788267375942,0.007843154483531563,7.843154483531564e+17,107,0.0006742984146192752,6.742984146192752e+26,1046.3518087450454,5.527522134161268,94.37383604795863,35.75000826887296,0.0,62.57565154155639,0.0065939566894466835,3.4833639362970983e-05,0.0005947301684923168,0.0002252913448441777,0.0,0.0003943426413854175,5478,2721,5301,0.20155555555555554,0.39266666666666666,1,0,0
flow,0.2,1.5,0,registered,during_vibration,flow_dump_0.2_1.5.shear.wave,1941,194100,194.1,0.1941,158683.45183699526,1301.8052330763799,0.008203786960808214,8.203786960808214e+17,105,0.0006616947059348027,6.616947059348027e+26,1080.3504976225443,3.0845844038503327,131.11454788853908,24.23409844893954,0.0,63.0215047125066,0.006808211474579687,1.9438601619398328e-05,0.0008262647829417283,0.00015271975854062959,0.0,0.00039715234312676984,5459,2711,5330,0.2008148148148148,0.39481481481481484,1,0,0
flow,0.2,1.5,0,registered,during_vibration,flow_dump_0.2_1.5.shear.wave,1942,194200,194.20000000000002,0.19419999999999998,158683.45183699526,1361.6052587021572,0.008580638011963855,8.580638011963855e+17,111,0.00069950583198822,6.995058319882199e+26,1109.4775519162015,3.7287879586000265,144.15053652005693,35.47483329229429,0.0,68.77354901500547,0.006991765928156721,2.3498278588181693e-05,0.000908415684504601,0.00022355723222315066,0.0,0.0004334008884912075,5466,2742,5292,0.2031111111111111,0.392,1,0,0
flow,0.2,1.5,0,registered,during_vibration,flow_dump_0.2_1.5.shear.wave,1943,194300,194.3,0.1943,158683.4518369953,1248.858481326794,0.007870124243387781,7.870124243387781e+17,108,0.0006806002689615112,6.806002689615112e+26,986.1383422535149,20.757078016960904,131.75103002181737,39.433795653861544,0.0,70.77823538064023,0.006214500194175935,0.00013080808223332095,0.0008302758006370837,0.00024850603637214294,0.0,0.0004460341299693045,5481,2721,5298,0.20155555555555554,0.39244444444444443,1,0,0
flow,0.2,1.5,0,registered,during_vibration,flow_dump_0.2_1.5.shear.wave,1944,194400,194.4,0.1944,158683.45183699526,1198.7307813594048,0.007554226779681977,7.554226779681976e+17,104,0.0006553928515925665,6.553928515925665e+26,985.9477966320198,12.228518316422011,104.1783709788415,35.19509730460505,0.0,61.18099812751657,0.0062132994034237235,7.706234125145915e-05,0.0006565169195201077,0.00022179437677445147,0.0,0.0003855537387122361,5454,2706,5340,0.20044444444444445,0.39555555555555555,1,0,0
flow,0.2,1.5,0,registered,during_vibration,flow_dump_0.2_1.5.shear.wave,1945,194500,194.5,0.19449999999999998,158683.45183699526,1171.239907865658,0.007380983299183543,7.380983299183543e+17,99,0.0006238835798813854,6.238835798813854e+26,968.4731910802745,7.783766585376788,108.11470855821811,19.376586120383948,0.0,67.49165552140485,0.006103176984548593,4.905216325500988e-05,0.0006813231455872098,0.00012210842338045556,0.0,0.000425322582412276,5455,2759,5286,0.20437037037037037,0.39155555555555555,1,0,0
flow,0.2,1.5,0,registered,during_vibration,flow_dump_0.2_1.5.shear.wave,1946,194600,194.6,0.1946,158683.45183699526,1270.0067555496819,0.008003397587130092,8.003397587130092e+17,112,0.0007058076863304561,7.058076863304562e+26,1039.8446993867653,5.749602143124118,89.77779969092742,31.76640199211806,0.0,102.86825233674712,0.0065529498340818,3.623315523177738e-05,0.0005657666168186842,0.00020018723833125038,0.0,0.0006482607426665806,5474,2747,5279,0.20348148148148149,0.391037037037037,1,0,0
flow,0.2,1.5,0,registered,during_vibration,flow_dump_0.2_1.5.shear.wave,1947,194700,194.70000000000002,0.19469999999999998,158683.4518369953,1227.023836577197,0.007732525492561349,7.732525492561349e+17,101,0.0006364872885658577,6.364872885658577e+26,1032.0597552592449,0.0,100.7189766173403,32.858286992552515,0.0,61.38681770805852,0.006503890250127717,0.0,0.0006347163201415737,0.0002070681385624608,0.0,0.0003868507837295916,5459,2695,5346,0.19962962962962963,0.396,1,0,0
flow,0.2,1.5,0,registered,during_vibration,flow_dump_0.2_1.5.shear.wave,1948,194800,194.8,0.1948,158683.45183699526,1347.9169678544736,0.008494376396847587,8.494376396847588e+17,107,0.0006742984146192752,6.742984146192752e+26,1080.9256014707223,6.491744040214895,112.5099698080722,45.91426096512195,0.0,102.0753915703423,0.006811835695262565,4.0910025368514316e-05,0.0007090214417798653,0.00028934498483362055,0.0,0.0006432642496030237,5441,2697,5362,0.19977777777777778,0.3971851851851852,1,0,0
flow,0.2,1.5,0,registered,during_vibration,flow_dump_0.2_1.5.shear.wave,1949,194900,194.9,0.1949,158683.45183699526,1372.5200120515267,0.008649421197753016,8.649421197753016e+17,109,0.0006869021233037475,6.869021233037475e+26,1104.9273412751736,8.74081023267631,148.43841393038102,37.44185608472013,0.0,72.9715905285753,0.00696309116347047,5.5083312919453954e-05,0.0009354372633818284,0.00023595312334887702,0.0,0.0004598563346323854,5459,2753,5288,0.20392592592592593,0.3917037037037037,1,0,0
flow,0.2,1.5,0,registered,during_vibration,flow_dump_0.2_1.5.shear.wave,1950,195000,195.0,0.19499999999999998,158683.45183699526,1239.9147243203383,0.007813761989460745,7.813761989460745e+17,105,0.0006616947059348027,6.616947059348027e+26,992.9579236393357,14.466862287275138,119.28993585922377,39.37462517871838,0.0,73.8253773557853,0.006257476202744405,9.116805892359818e-05,0.000751747800279529,0.00024813315265642986,0.0,0.00046523677485678285,5459,2703,5338,0.20022222222222222,0.39540740740740743,1,0,0
flow,0.2,1.5,0,registered,during_vibration,flow_dump_0.2_1.5.shear.wave,1951,195100,195.1,0.1951,158683.45183699526,1192.8982378584124,0.007517470940093966,7.517470940093966e+17,107,0.0006742984146192752,6.742984146192752e+26,998.7338547345619,6.064813107262907,104.04813494653493,29.091285277993094,0.0,54.96014979205912,0.006293875279197313,3.821956881485587e-05,0.0006556961910144009,0.0001833290424503533,0.0,0.00034635085861704063,5466,2718,5316,0.20133333333333334,0.3937777777777778,1,0,0
flow,0.2,1.5,0,registered,during_vibration,flow_dump_0.2_1.5.shear.wave,1952,195200,195.20000000000002,0.19519999999999998,158683.45183699526,1235.2668628188997,0.007784471843275791,7.78447184327579e+17,111,0.00069950583198822,6.995058319882199e+26,1017.0846139018888,4.731970134804397,110.1030393173127,27.192348462454014,0.0,76.15489100243985,0.006409519090539263,2.9820186541349183e-05,0.0006938533164152119,0.0001713622192337161,0.0,0.00047991703054625135,5468,2756,5276,0.20414814814814816,0.39081481481481484,1,0,0
flow,0.2,1.5,0,registered,during_vibration,flow_dump_0.2_1.5.shear.wave,1953,195300,195.3,0.1953,158683.45183699526,1272.4349564086715,0.008018699755257137,8.018699755257137e+17,110,0.0006932039776459838,6.932039776459838e+26,1043.9530590861118,16.074595520412053,89.77410729757501,39.468357772327394,0.0,83.16483673224447,0.006578840118492595,0.00010129975957999952,0.0005657433478936031,0.0002487238418084739,0.0,0.0005240926874824607,5476,2729,5295,0.20214814814814816,0.39222222222222225,1,0,0
flow,0.2,1.5,0,registered,during_vibration,flow_dump_0.2_1.5.shear.wave,1954,195400,195.4,0.1954,158683.4518369953,1226.8139487967371,0.007731202810340675,7.731202810340675e+17,104,0.0006553928515925663,6.553928515925663e+26,998.2984162654875,11.096176235078502,106.40050812415022,34.282039117281975,0.0,76.73680905473876,0.006291131209390199,6.992648638924775e-05,0.0006705205041383157,0.00021604041707195518,0.0,0.00048358419335095673,5463,2689,5348,0.1991851851851852,0.39614814814814814,1,0,0
flow,0.2,1.5,0,registered,during_vibration,flow_dump_0.2_1.5.shear.wave,1955,195500,195.5,0.19549999999999998,158683.45183699526,1220.9271188151345,0.007694104865259108,7.694104865259108e+17,99,0.0006238835798813854,6.238835798813854e+26,1026.2931503108287,0.0,100.73571933331183,21.786909545900688,0.0,72.11133962509393,0.006467549945693581,0.0,0.0006348218302989199,0.00013729793052574192,0.0,0.0004544351587408687,5450,2710,5340,0.20074074074074075,0.39555555555555555,1,0,0
flow,0.2,1.5,0,registered,during_vibration,flow_dump_0.2_1.5.shear.wave,1956,195600,195.6,0.1956,158683.45183699526,1310.6062986238605,0.00825924999394491,8.25924999394491e+17,102,0.000642789142908094,6.42789142908094e+26,1046.4817948921163,16.152248392161493,117.90230203020228,39.87908653803405,0.0,90.19086677134568,0.006594775843212032,0.00010178911666702084,0.000743003134008676,0.0002513121946641237,0.0,0.0005683697053930529,5470,2749,5281,0.20362962962962963,0.3911851851851852,1,0,0
flow,0.2,1.5,0,registered,during_vibration,flow_dump_0.2_1.5.shear.wave,1957,195700,195.70000000000002,0.19569999999999999,158683.45183699526,1154.385097806937,0.007274766741227424,7.274766741227424e+17,99,0.0006238835798813854,6.238835798813854e+26,934.4670541349223,15.079374045628647,120.43839198802928,29.67847550148276,0.0,54.72180213687472,0.005888875262776845,9.502801880764899e-05,0.0007589852035217098,0.0001870294297099703,0.0,0.000344848826411255,5469,2724,5307,0.20177777777777778,0.39311111111111113,1,0,0
flow,0.2,1.5,0,registered,during_vibration,flow_dump_0.2_1.5.shear.wave,1958,195800,195.8,0.1958,158683.4518369953,1242.3293701532389,0.00782897873578777,7.82897873578777e+17,104,0.0006553928515925663,6.553928515925663e+26,1030.300654849396,18.01304535105182,94.6445077807465,29.550119818245122,0.0,69.82104235379947,0.006492804655571482,0.00011351558806242376,0.0005964359023269065,0.00018622055089020844,0.0,0.00044000203893674987,5468,2744,5288,0.20325925925925925,0.3917037037037037,1,0,0
flow,0.2,1.5,0,registered,during_vibration,flow_dump_0.2_1.5.shear.wave,1959,195900,195.9,0.1959,158683.45183699526,1259.295320056797,0.00793589568085767,7.93589568085767e+17,106,0.0006679965602770389,6.679965602770389e+26,1046.3148258517085,13.486567151581955,85.49748571337638,31.539163468527214,0.0,82.45727787160274,0.006593723628639719,8.499038176605705e-05,0.0005387927015931197,0.00019875521425463606,0.0,0.000519633754604138,5501,2779,5220,0.20585185185185184,0.38666666666666666,1,0,0
flow,0.2,1.5,0,registered,during_vibration,flow_dump_0.2_1.5.shear.wave,1960,196000,196.0,0.19599999999999998,158683.45183699526,1276.711966700191,0.008045652851134538,8.045652851134538e+17,106,0.0006679965602770389,6.679965602770389e+26,1035.181032942758,16.69202624730447,106.03538439804015,44.8970050518214,0.0,73.90651806026727,0.0065235600874508914,0.00010519071808729655,0.0006682195475994756,0.000282934386239222,0.0,0.00046574811175765466,5485,2725,5290,0.20185185185185187,0.39185185185185184,1,0,0
flow,0.2,1.5,0,registered,during_vibration,flow_dump_0.2_1.5.shear.wave,1961,196100,196.1,0.1961,158683.45183699526,1228.5225638321303,0.007741970253420679,7.74197025342068e+17,105,0.0006616947059348027,6.616947059348027e+26,1008.6038546620942,17.57143901536295,92.85457453599214,29.587874353458247,0.0,79.90482126522267,0.006356074581098504,0.00011073264925830388,0.0005851560037361384,0.00018645847447188043,0.0,0.0005035485448558522,5462,2701,5337,0.20007407407407407,0.3953333333333333,1,0,0
flow,0.2,1.5,0,registered,during_vibration,flow_dump_0.2_1.5.shear.wave,1962,196200,196.20000000000002,0.19619999999999999,158683.4518369953,1349.95705695199,0.008507232741185318,8.507232741185318e+17,107,0.0006742984146192749,6.742984146192749e+26,1086.906733421404,15.611788605598724,117.10674324726375,52.175822455801445,0.0,78.15596922192263,0.0068495279176174545,9.838321781426619e-05,0.0007379896384379106,0.00032880443330283814,0.0,0.0004925275340128531,5453,2741,5306,0.20303703703703704,0.393037037037037,1,0,0
flow,0.2,1.5,0,registered,during_vibration,flow_dump_0.2_1.5.shear.wave,1963,196300,196.3,0.1963,158683.45183699526,1217.9548719898676,0.007675374198697102,7.675374198697102e+17,101,0.0006364872885658578,6.364872885658577e+26,992.9928988341428,4.228970335962714,104.65943168341983,34.11459524013934,0.0,81.95897589620309,0.00625769661132767,2.6650355074874777e-05,0.0006595484940101338,0.00021498521014770303,0.0,0.0005164935281367208,5467,2734,5299,0.20251851851851851,0.39251851851851854,1,0,0
flow,0.2,1.5,0,registered,during_vibration,flow_dump_0.2_1.5.shear.wave,1964,196400,196.4,0.1964,158683.45183699526,1211.9582901387575,0.007637584613320109,7.637584613320109e+17,103,0.0006490909972503302,6.490909972503302e+26,1010.983595078757,17.350257936023972,84.31984873021915,40.33093075444308,0.0,58.97365763931421,0.006371071358576646,0.00010933879831305103,0.0005313714048572325,0.0002541596511013153,0.0,0.0003716434004718643,5463,2736,5301,0.20266666666666666,0.39266666666666666,1,0,0
flow,0.2,1.5,0,registered,during_vibration,flow_dump_0.2_1.5.shear.wave,1965,196500,196.5,0.19649999999999998,158683.45183699526,1238.4624358194753,0.007804609878865401,7.804609878865402e+17,106,0.0006679965602770389,6.679965602770389e+26,992.7636317823675,13.858702760168715,127.76798763589545,34.685417369334104,0.0,69.38669627170977,0.006256251803761909,8.733552616693025e-05,0.0008051752476820509,0.00021858244806121358,0.0,0.0004372648531932996,5473,2770,5257,0.2051851851851852,0.3894074074074074,1,0,0
flow,0.2,1.5,0,registered,during_vibration,flow_dump_0.2_1.5.shear.wave,1966,196600,196.6,0.1966,158683.4518369953,1296.389808619992,0.008169659744682672,8.169659744682673e+17,113,0.0007121095406726923,7.121095406726924e+26,1020.712483374989,16.591396856424907,104.69988556603538,45.14361600018127,0.0,109.24242682236074,0.006432381395531385,0.0001045565663234256,0.0006598034284859549,0.0002844884925149866,0.0,0.000688429861826916,5489,2774,5237,0.2054814814814815,0.38792592592592595,1,0,0
flow,0.2,1.5,0,registered,during_vibration,flow_dump_0.2_1.5.shear.wave,1967,196700,196.70000000000002,0.19669999999999999,158683.45183699526,1297.4641652465773,0.00817643018365503,8.176430183655031e+17,115,0.0007247132493571648,7.247132493571648e+26,1045.4295885911133,30.6880591520535,104.49718191833932,26.37805283106507,0.0,90.4712827540059,0.006588144992365128,0.0001933916788221702,0.0006585260196235344,0.00016623064677318372,0.0,0.0005701368460710126,5465,2738,5297,0.2028148148148148,0.39237037037037037,1,0,0
flow,0.2,1.5,0,registered,during_vibration,flow_dump_0.2_1.5.shear.wave,1968,196800,196.8,0.1968,158683.45183699526,1259.805818604935,0.00793911276834996,7.93911276834996e+17,105,0.0006616947059348027,6.616947059348027e+26,1028.9924881880913,18.81456960717171,101.67306758866417,38.60366468820779,0.0,71.72202853279954,0.006484560779816572,0.00011856667717626057,0.0006407288624720995,0.00024327467194161317,0.0,0.00045198177694341255,5422,2707,5371,0.2005185185185185,0.39785185185185185,1,0,0
flow,0.2,1.5,0,registered,during_vibration,flow_dump_0.2_1.5.shear.wave,1969,196900,196.9,0.1969,158683.45183699526,1248.3932313669031,0.00786719230590782,7.867192305907821e+17,108,0.0006806002689615113,6.806002689615113e+26,1027.8497441999152,11.606053169896127,107.36127278845025,32.12711852675186,0.0,69.4490426818898,0.0064773593736526195,7.31396565649343e-05,0.0006765751031099021,0.00020246042139134877,0.0,0.0004376577511890155,5450,2741,5309,0.20303703703703704,0.39325925925925925,1,0,0
flow,0.2,1.5,0,registered,during_vibration,flow_dump_0.2_1.5.shear.wave,1970,197000,197.0,0.19699999999999998,158683.45183699526,1191.3559072053001,0.007507751396970487,7.507751396970487e+17,96,0.0006049780168546768,6.049780168546768e+26,959.0971982852606,12.349977668818639,107.76107617647817,44.26056476202192,0.0,67.88709031272036,0.006044090843640559,7.782776039876504e-05,0.0006790946058267866,0.0002789236322353751,0.0,0.00042781455486899894,5428,2715,5357,0.2011111111111111,0.39681481481481484,1,0,0
flow,0.2,1.5,0,registered,during_vibration,flow_dump_0.2_1.5.shear.wave,1971,197100,197.1,0.1971,158683.45183699526,1199.2613615382927,0.007557570418686206,7.557570418686205e+17,102,0.000642789142908094,6.42789142908094e+26,969.1305669787846,10.757510636800301,101.79774799650465,39.30336718568619,0.0,78.27216874051597,0.0061073196717091,6.779226511817227e-05,0.0006415145802416409,0.00024768409516362093,0.0,0.0004932598064536663,5440,2736,5324,0.20266666666666666,0.39437037037037037,1,0,0
flow,0.2,1.5,0,registered,during_vibration,flow_dump_0.2_1.5.shear.wave,1972,197200,197.20000000000002,0.1972,158683.45183699526,1273.407106060878,0.008024826100764198,8.024826100764198e+17,107,0.0006742984146192752,6.742984146192752e+26,1009.5832439814753,19.81117141747592,106.49825724032665,34.974155591491545,0.0,102.54027783010855,0.006362246549933585,0.00012484711662200663,0.0006711365048305421,0.00022040203428028602,0.0,0.0006461938950977776,5469,2774,5257,0.2054814814814815,0.3894074074074074,1,0,0
flow,0.2,1.5,0,registered,during_vibration,flow_dump_0.2_1.5.shear.wave,1973,197300,197.3,0.1973,158683.45183699526,1296.3101052071972,0.008169157465384661,8.169157465384662e+17,115,0.0007247132493571648,7.247132493571648e+26,1063.9721909168052,12.77560348158005,96.13271930380128,36.67494998641195,0.0,86.75464151859845,0.006704997771347649,8.050999227508336e-05,0.0006058143945756354,0.0002311201928231662,0.0,0.000546715114363126,5458,2754,5288,0.204,0.3917037037037037,1,0,0
flow,0.2,1.5,0,registered,during_vibration,flow_dump_0.2_1.5.shear.wave,1974,197400,197.4,0.1974,158683.45183699526,1230.6851772182765,0.007755598727978743,7.755598727978743e+17,103,0.0006490909972503302,6.490909972503302e+26,1012.8966242653089,28.01314483198713,94.808711822528,23.883360443519276,0.0,71.08333585493287,0.0063831269898627415,0.00017653475839915012,0.0005974706922806201,0.00015050945871818462,0.0,0.000447956828718044,5446,2699,5355,0.19992592592592592,0.39666666666666667,1,0,0
flow,0.2,1.5,0,registered,during_vibration,flow_dump_0.2_1.5.shear.wave,1975,197500,197.5,0.19749999999999998,158683.45183699526,1333.5098143448195,0.008403584613943511,8.403584613943511e+17,120,0.0007562225210683459,7.56222521068346e+26,1056.7635932228711,10.86053397725355,114.87845853319021,53.353499535786106,0.0,97.65372907571837,0.006659570238668697,6.844150320355924e-05,0.0007239473127367878,0.0003362259827230916,0.0,0.0006153995766113748,5424,2711,5365,0.2008148148148148,0.39740740740740743,1,0,0
flow,0.2,1.5,0,registered,during_vibration,flow_dump_0.2_1.5.shear.wave,1976,197600,197.6,0.1976,158683.45183699526,1253.9460013048008,0.007902185053252398,7.902185053252398e+17,104,0.0006553928515925665,6.553928515925665e+26,1043.8899503791365,7.884446290108304,116.9882749303241,27.558116963951612,0.0,57.625212741280954,0.00657844241661351,4.968663208944724e-05,0.0007372430683603872,0.000173667239053132,0.0,0.0003631456971359271,5438,2750,5312,0.2037037037037037,0.3934814814814815,1,0,0
flow,0.2,1.5,0,registered,during_vibration,flow_dump_0.2_1.5.shear.wave,1977,197700,197.70000000000002,0.1977,158683.4518369953,1321.0121618533337,0.00832482622832228,8.32482622832228e+17,103,0.0006490909972503301,6.490909972503302e+26,1039.2219848525488,25.331703955946708,135.08759773628643,42.11409764115237,0.0,79.25677766739982,0.006549025577790372,0.00015963670857102507,0.0008513023643766757,0.000265396909089256,0.0,0.0004994646684949538,5451,2736,5313,0.20266666666666666,0.39355555555555555,1,0,0
flow,0.2,1.5,0,registered,during_vibration,flow_dump_0.2_1.5.shear.wave,1978,197800,197.8,0.1978,158683.45183699526,1215.4491517956444,0.007659583515010707,7.659583515010707e+17,102,0.000642789142908094,6.42789142908094e+26,1013.2627797671662,4.466983057888327,102.59868935284936,27.374162586937796,0.0,67.746537030803,0.006385434448502055,2.8150276580049163e-05,0.0006465619960059984,0.00017250798536357412,0.0,0.0004269288085590325,5429,2754,5317,0.204,0.39385185185185184,1,0,0
flow,0.2,1.5,0,registered,during_vibration,flow_dump_0.2_1.5.shear.wave,1979,197900,197.9,0.1979,158683.45183699526,1267.6242447142788,0.007988383350876581,7.988383350876581e+17,108,0.0006806002689615113,6.806002689615113e+26,1029.0390609678389,15.663229123629344,90.43594056572917,25.687530547364087,0.0,106.7984835097175,0.006484854274690853,9.870738846618434e-05,0.0005699141247483568,0.0001618790759212318,0.0,0.0006730284870499561,5459,2784,5257,0.20622222222222222,0.3894074074074074,1,0,0
flow,0.2,1.5,0,registered,during_vibration,flow_dump_0.2_1.5.shear.wave,1980,198000,198.0,0.19799999999999998,158683.45183699526,1260.0524694146561,0.007940667125826218,7.940667125826218e+17,108,0.0006806002689615113,6.806002689615113e+26,1030.1330735558054,13.772828368458068,99.80396002282245,39.2084762105832,0.0,77.13413125698682,0.006491748582668791,8.679435825864162e-05,0.0006289500188421934,0.0002470861060601291,0.0,0.0004860880599964606,5452,2726,5322,0.20192592592592593,0.3942222222222222,1,0,0
flow,0.2,1.5,0,registered,during_vibration,flow_dump_0.2_1.5.shear.wave,1981,198100,198.1,0.1981,158683.4518369953,1240.9253016982223,0.007820130500897728,7.820130500897728e+17,103,0.0006490909972503301,6.490909972503302e+26,1019.1985380248357,29.22177045260622,95.22162802179555,29.537197062960914,0.0,67.7461681360239,0.006422840732452612,0.0001841513410145864,0.000600072830023954,0.000186139113568707,0.0,0.0004269264838378669,5427,2702,5371,0.20014814814814816,0.39785185185185185,1,0,0
flow,0.2,1.5,0,registered,during_vibration,flow_dump_0.2_1.5.shear.wave,1982,198200,198.20000000000002,0.1982,158683.45183699526,1303.6792698375793,0.008215596867509289,8.215596867509289e+17,106,0.0006679965602770389,6.679965602770389e+26,1052.5082160879488,19.2808067332155,101.96278340244014,43.38338256846824,0.0,86.54408104550637,0.006632753471793133,0.00012150483563353136,0.0006425546093311582,0.00027339575781999654,0.0,0.0005453881929314673,5436,2733,5331,0.20244444444444445,0.3948888888888889,1,0,0
flow,0.2,1.5,0,registered,during_vibration,flow_dump_0.2_1.5.shear.wave,1983,198300,198.3,0.1983,158683.45183699526,1307.0136707848242,0.00823660977659744,8.23660977659744e+17,104,0.0006553928515925665,6.553928515925665e+26,1089.3491515219962,13.653135958083833,96.23783566059805,37.229872530191386,0.0,70.54367511395562,0.00686491968073023,8.604007412259203e-05,0.0006064768225451551,0.0002346172338652874,0.0,0.00044455596533418207,5447,2744,5309,0.20325925925925925,0.39325925925925925,1,0,0
flow,0.2,1.5,0,registered,during_vibration,flow_dump_0.2_1.5.shear.wave,1984,198400,198.4,0.1984,158683.45183699526,1210.7353927033853,0.0076298780918068985,7.629878091806898e+17,104,0.0006553928515925665,6.553928515925665e+26,1000.0955395202262,24.942071691261873,99.62077714028906,30.819580627318196,0.0,55.257423724289914,0.006302456418376609,0.00015718130279194562,0.000627795626998477,0.00019422050800216434,0.0,0.0003482242356377029,5426,2729,5345,0.20214814814814816,0.3959259259259259,1,0,0
flow,0.2,1.5,0,registered,during_vibration,flow_dump_0.2_1.5.shear.wave,1985,198500,198.5,0.19849999999999998,158683.4518369953,1241.268954554356,0.007822296151141375,7.822296151141375e+17,100,0.0006301854342236215,6.301854342236214e+26,1017.5945607833244,11.813555632182547,110.91616381895678,25.91595831585999,0.0,75.02871600403147,0.006412732701508346,7.444730685791867e-05,0.0006989775085866761,0.000163318594446015,0.0,0.00047282003974241345,5437,2785,5278,0.20629629629629628,0.39096296296296296,1,0,0
flow,0.2,1.5,0,registered,during_vibration,flow_dump_0.2_1.5.shear.wave,1986,198600,198.6,0.1986,158683.45183699526,1281.8814443014548,0.008078230146003154,8.078230146003154e+17,109,0.0006869021233037475,6.869021233037475e+26,1046.0822103669866,12.854747407436928,107.55231722577511,32.355248098642114,0.0,83.03692120261455,0.006592257719737253,8.100874576790615e-05,0.0006777790373268178,0.0002038980607245579,0.0,0.000523286582446623,5450,2755,5295,0.20407407407407407,0.39222222222222225,1,0,0
flow,0.2,1.5,0,registered,during_vibration,flow_dump_0.2_1.5.shear.wave,1987,198700,198.70000000000002,0.1987,158683.45183699526,1284.9984537180153,0.008097873085329698,8.097873085329699e+17,108,0.0006806002689615113,6.806002689615113e+26,1045.4565608916628,11.826841314930057,103.97258535723304,38.74160748682951,0.0,85.00085866735975,0.006588314967874466,7.453103129543065e-05,0.0006552200885070047,0.0002441439673660876,0.0,0.000535663030286708,5439,2700,5361,0.2,0.39711111111111114,1,0,0
flow,0.2,1.5,0,registered,during_vibration,flow_dump_0.2_1.5.shear.wave,1988,198800,198.8,0.1988,158683.45183699526,1238.519115604239,0.007804967066613131,7.804967066613132e+17,106,0.0006679965602770389,6.679965602770389e+26,1005.9128677290278,29.328755808877357,97.83326134896984,33.41603888844081,0.0,72.02819182892341,0.006339116373409458,0.0001848255471465594,0.0006165309628471361,0.00021058300976945497,0.0,0.00045391117344052413,5424,2685,5391,0.1988888888888889,0.3993333333333333,1,0,0
flow,0.2,1.5,0,registered,during_vibration,flow_dump_0.2_1.5.shear.wave,1989,198900,198.9,0.1989,158683.4518369953,1272.9524335050294,0.008021960820543825,8.021960820543826e+17,104,0.0006553928515925663,6.553928515925663e+26,1025.3656392225746,23.38516933188386,104.58006993577588,30.713837359395264,0.0,88.9077176554005,0.006461704905914594,0.00014736993089806147,0.0006590483678361363,0.00019355412933004193,0.0,0.000560283486564997,5455,2749,5296,0.20362962962962963,0.3922962962962963,1,0,0
flow,0.2,1.5,0,registered,during_vibration,flow_dump_0.2_1.5.shear.wave,1990,199000,199.0,0.19899999999999998,158683.45183699526,1210.1994267898008,0.007626500512687086,7.626500512687086e+17,102,0.000642789142908094,6.42789142908094e+26,972.7558603649089,29.726484533080665,104.64802768037232,25.651013291230512,0.0,77.41804092020854,0.006130165742576328,0.0001873319756342121,0.00065947662764401,0.0001616489494920999,0.0,0.00048787721734043726,5444,2745,5311,0.20333333333333334,0.39340740740740743,1,0,0
flow,0.2,1.5,0,registered,during_vibration,flow_dump_0.2_1.5.shear.wave,1991,199100,199.1,0.1991,158683.45183699526,1194.6548105331794,0.0075285406052319,7.5285406052319e+17,109,0.0006869021233037475,6.869021233037475e+26,971.7447729834945,16.41137971881953,99.51457076545805,37.68291150002795,0.0,69.30117556537927,0.006123794017171381,0.00010342212454313022,0.0006271263298940749,0.00023747221946455416,0.0,0.0004367259141587597,5445,2749,5306,0.20362962962962963,0.393037037037037,1,0,0
flow,0.2,1.5,0,registered,during_vibration,flow_dump_0.2_1.5.shear.wave,1992,199200,199.20000000000002,0.1992,158683.45183699526,1195.8700322508769,0.007536198755490352,7.536198755490351e+17,103,0.0006490909972503302,6.490909972503302e+26,970.2086879998058,6.730369043972837,107.48108729267324,27.05940759962752,0.0,84.39048031479784,0.006114113833346878,4.241380538461244e-05,0.0006773301566636026,0.00017052444528005235,0.0,0.0005318165148152086,5453,2770,5277,0.2051851851851852,0.3908888888888889,1,0,0
flow,0.2,1.5,0,registered,during_vibration,flow_dump_0.2_1.5.shear.wave,1993,199300,199.3,0.19929999999999998,158683.45183699526,1277.1092802818457,0.008048156663454318,8.048156663454318e+17,110,0.0006932039776459838,6.932039776459838e+26,1049.2319940994407,5.199815757288608,90.72535470591161,35.809958230273146,0.0,96.14215748893088,0.006612107198028724,3.2768481508897514e-05,0.00057173797050437,0.00022566914076874436,0.0,0.0006058738726435771,5461,2732,5307,0.20237037037037037,0.39311111111111113,1,0,0
flow,0.2,1.5,0,registered,during_vibration,flow_dump_0.2_1.5.shear.wave,1994,199400,199.4,0.1994,158683.45183699526,1201.7799049723378,0.007573441912562154,7.573441912562154e+17,104,0.0006553928515925665,6.553928515925665e+26,981.3456146513105,17.676208825297415,94.49652038544502,32.29073091174674,0.0,75.97083019853788,0.006184297122924829,0.00011139289333997463,0.0005955033073172299,0.0002034914828101724,0.0,0.0004787571061699462,5421,2703,5376,0.20022222222222222,0.3982222222222222,1,0,0
flow,0.2,1.5,0,registered,during_vibration,flow_dump_0.2_1.5.shear.wave,1995,199500,199.5,0.19949999999999998,158683.45183699526,1211.6746844906093,0.007635797371834843,7.635797371834843e+17,101,0.0006364872885658578,6.364872885658577e+26,1000.8107932935457,16.685889432439026,100.51453725238048,25.11893165521722,0.0,68.54453285702692,0.006306963843473803,0.00010515204477388927,0.0006334279730417778,0.00015829584852376539,0.0,0.0004319576620216081,5426,2704,5370,0.2002962962962963,0.3977777777777778,1,0,0
flow,0.2,1.5,0,registered,during_vibration,flow_dump_0.2_1.5.shear.wave,1996,199600,199.6,0.1996,158683.4518369953,1317.6631641566653,0.008303721332645392,8.303721332645393e+17,106,0.0006679965602770388,6.679965602770388e+26,1095.9860846283837,20.351154603599742,99.7334502778841,31.329447510882336,0.0,70.26302713591497,0.0069067446664458475,0.00012825001200821558,0.0006285056766998835,0.0001974336148363154,0.0,0.00044278736265512673,5442,2740,5318,0.20296296296296296,0.3939259259259259,1,0,0
flow,0.2,1.5,0,registered,during_vibration,flow_dump_0.2_1.5.shear.wave,1997,199700,199.70000000000002,0.1997,158683.45183699526,1221.816689515946,0.007699710810242744,7.699710810242744e+17,101,0.0006364872885658578,6.364872885658577e+26,997.3276851532074,23.75775204472049,96.5222953133207,34.00555053137833,0.0,70.2034064733189,0.006285013803315134,0.00014971789288479315,0.0006082694458428564,0.0002142980262762996,0.0,0.00044241164192365884,5444,2716,5340,0.2011851851851852,0.39555555555555555,1,0,0
flow,0.2,1.5,0,registered,during_vibration,flow_dump_0.2_1.5.shear.wave,1998,199800,199.8,0.19979999999999998,158683.45183699526,1198.8657534285671,0.007555077354002108,7.555077354002108e+17,101,0.0006364872885658578,6.364872885658577e+26,1001.5134340523721,12.097946021716126,94.09553466717504,25.80474936922133,0.0,65.35408931808254,0.006311391783190845,7.623949366909112e-05,0.0005929763537273755,0.0001626177718627447,0.0,0.00041185195155205197,5446,2762,5292,0.2045925925925926,0.392,1,0,0
flow,0.2,1.5,0,registered,during_vibration,flow_dump_0.2_1.5.shear.wave,1999,199900,199.9,0.1999,158683.45183699526,1268.7480656464463,0.007995465506697857,7.995465506697857e+17,108,0.0006806002689615113,6.806002689615113e+26,999.7245700388884,0.0,111.74379464912093,39.67612233287518,0.0,117.60357862556222,0.006300118622739803,0.0,0.0007041931175275147,0.0002500331438065248,0.0,0.0007411206226240175,5455,2771,5274,0.20525925925925925,0.39066666666666666,1,0,0
flow,0.2,1.5,0,registered,during_vibration,flow_dump_0.2_1.5.shear.wave,2000,200000,200.0,0.19999999999999998,158683.4518369953,1255.8874914879596,0.007914420041593545,7.914420041593545e+17,108,0.0006806002689615112,6.806002689615112e+26,1035.812143172433,0.0,95.94850421998432,36.67949765755183,0.0,87.44734643798952,0.006527537252192197,0.0,0.0006046534979497779,0.00023114885158428606,0.0,0.0005510804398672789,5454,2721,5325,0.20155555555555554,0.39444444444444443,1,0,0
flow,0.2,1.5,0,registered,during_vibration,flow_dump_0.2_1.5.shear.wave,2001,200100,200.1,0.2001,158683.45183699526,1188.518023207865,0.007489867465378488,7.489867465378488e+17,100,0.0006301854342236216,6.301854342236216e+26,962.7714670114907,11.875599806446786,100.22747160676818,22.943090384225385,0.0,90.70039439893404,0.006067245549967494,7.483830020691624e-05,0.000631618927156469,0.0001445840137621487,0.0,0.0005715806742854599,5430,2690,5380,0.19925925925925925,0.3985185185185185,1,0,0
flow,0.2,1.5,0,registered,during_vibration,flow_dump_0.2_1.5.shear.wave,2002,200200,200.20000000000002,0.2002,158683.45183699526,1246.8444990541168,0.007857432420457526,7.857432420457526e+17,99,0.0006238835798813854,6.238835798813854e+26,1012.7394001022345,3.945003548265621,105.53019459334547,47.18344932205407,0.0,77.44645148821756,0.006382136186087967,2.4860837740774984e-05,0.000665035915035107,0.0002973432249918689,0.0,0.0004880562566018103,5437,2734,5329,0.20251851851851851,0.3947407407407407,1,0,0
flow,0.2,1.5,0,registered,during_vibration,flow_dump_0.2_1.5.shear.wave,2003,200300,200.3,0.20029999999999998,158683.45183699526,1225.6278674682285,0.007723728298570369,7.723728298570369e+17,107,0.0006742984146192752,6.742984146192752e+26,1022.1539340486135,9.162484367967046,92.23591789480255,54.07541660159416,0.0,48.0001145552512,0.006441465207718085,5.774064189994458e-05,0.0005812573196955046,0.00034077539891898853,0.0,0.00030248973033784556,5439,2739,5322,0.2028888888888889,0.3942222222222222,1,0,0
flow,0.2,1.5,0,registered,during_vibration,flow_dump_0.2_1.5.shear.wave,2004,200400,200.4,0.2004,158683.4518369953,1186.6504625066063,0.007478098369863869,7.47809836986387e+17,98,0.000617581725539149,6.17581725539149e+26,973.4803618664222,10.446991102449921,93.01707332215183,40.70960158398993,0.0,68.99643463159302,0.0061347314455095945,6.583541624227713e-05,0.0005861800474173069,0.00025654597951277325,0.0,0.00043480548118192164,5436,2730,5334,0.20222222222222222,0.39511111111111114,1,0,0
flow,0.2,1.5,0,registered,during_vibration,flow_dump_0.2_1.5.shear.wave,2005,200500,200.5,0.20049999999999998,158683.45183699526,1228.6110523082816,0.007742527894908351,7.742527894908351e+17,103,0.0006490909972503302,6.490909972503302e+26,1001.5348269192968,5.278156576902479,128.57967178493925,22.225347076840393,0.0,70.99304995030262,0.006311526597922168,3.326217394315553e-05,0.0008102903629612269,0.00014006089998389363,0.0,0.00044738786009790717,5454,2753,5293,0.20392592592592593,0.3920740740740741,1,0,0
flow,0.2,1.5,0,registered,during_vibration,flow_dump_0.2_1.5.shear.wave,2006,200600,200.6,0.2006,158683.45183699526,1259.482075996318,0.00793707258958608,7.93707258958608e+17,111,0.00069950583198822,6.995058319882199e+26,1005.7907558237035,16.135853757354006,104.69238001045028,42.47478601949191,0.0,90.38830038531763,0.006338346841968652,0.0001016858000664699,0.0006597561295679001,0.0002676699147124892,0.0,0.0005696139032705654,5459,2746,5295,0.2034074074074074,0.39222222222222225,1,0,0
flow,0.2,1.5,0,registered,during_vibration,flow_dump_0.2_1.5.shear.wave,2007,200700,200.70000000000002,0.2007,158683.45183699526,1241.2418006394093,0.00782212503112456,7.822125031124561e+17,108,0.0006806002689615113,6.806002689615113e+26,1010.8889673715763,3.6692289428521994,96.88657710164642,42.45563549691379,0.0,87.34139172642134,0.006370475028549253,2.3122946346171934e-05,0.0006105650966124144,0.0002675492309086242,0.0,0.0005504127287081026,5432,2696,5372,0.19970370370370372,0.3979259259259259,1,0,0
flow,0.2,1.5,0,registered,during_vibration,flow_dump_0.2_1.5.shear.wave,2008,200800,200.8,0.20079999999999998,158683.4518369953,1211.2135210773245,0.007632891187176352,7.632891187176352e+17,103,0.0006490909972503301,6.490909972503302e+26,998.2877243398531,3.073315746241013,103.12567083488916,30.787402895002423,0.0,75.93940726133798,0.006291063830432212,1.936758818051186e-05,0.0006498829565468689,0.00019401772862004683,0.0,0.00047855908339670706,5417,2682,5401,0.19866666666666666,0.4000740740740741,1,0,0
flow,0.2,1.5,0,registered,during_vibration,flow_dump_0.2_1.5.shear.wave,2009,200900,200.9,0.2009,158683.45183699526,1224.7715987901943,0.007718332218083579,7.718332218083579e+17,99,0.0006238835798813854,6.238835798813854e+26,997.9038108400073,0.0,111.64395834194579,41.64661170517415,0.0,73.57721790306678,0.0062886444634761675,0.0,0.0007035639636616302,0.0002624508808136773,0.0,0.00046367291013210167,5446,2734,5320,0.20251851851851851,0.3940740740740741,1,0,0
flow,0.2,1.5,0,registered,during_vibration,flow_dump_0.2_1.5.shear.wave,2010,201000,201.0,0.20099999999999998,158683.45183699526,1277.0221577503585,0.008047607629950958,8.047607629950958e+17,105,0.0006616947059348027,6.616947059348027e+26,1017.3773069999147,9.599871792768896,132.46152005463028,33.66881289893618,0.0,83.91464600410814,0.00641136359981,6.049699374217164e-05,0.0008347532053354815,0.00021217595476509968,0.0,0.0005288178762982038,5455,2731,5314,0.2022962962962963,0.3936296296296296,1,0,0
flow,0.2,1.5,0,registered,during_vibration,flow_dump_0.2_1.5.shear.wave,2011,201100,201.1,0.2011,158683.45183699526,1209.4089484579094,0.007621519033378813,7.621519033378813e+17,105,0.0006616947059348027,6.616947059348027e+26,998.9507186433677,0.0,95.38845804779689,37.840202195098016,0.0,77.22956957164598,0.0062952419239626954,0.0,0.000601124168547726,0.00023846344251427483,0.0,0.0004866894983541112,5450,2751,5299,0.20377777777777778,0.39251851851851854,1,0,0
flow,0.2,1.5,0,registered,during_vibration,flow_dump_0.2_1.5.shear.wave,2012,201200,201.20000000000002,0.2012,158683.45183699526,1242.1342352221905,0.007827749023875221,7.827749023875222e+17,110,0.0006932039776459838,6.932039776459838e+26,1023.8282877009336,4.232054030555515,104.15947192662624,27.48622159332801,0.0,82.42819997074646,0.006452016740552399,2.6669788069034555e-05,0.0006563978204458408,0.00017321416489958098,0.0,0.0005194505099083638,5459,2757,5284,0.20422222222222222,0.3914074074074074,1,0,0
flow,0.2,1.5,0,registered,during_vibration,flow_dump_0.2_1.5.shear.wave,2013,201300,201.3,0.20129999999999998,158683.45183699526,1196.4334971738297,0.00753974962936176,7.53974962936176e+17,103,0.0006490909972503302,6.490909972503302e+26,976.5697900003063,10.252652172622067,105.27838312715885,39.1720502205082,0.0,65.16062165323461,0.00615420057161014,6.461072061347595e-05,0.000663449035853494,0.0002468565547764047,0.0,0.00041063274650824776,5458,2738,5304,0.2028148148148148,0.3928888888888889,1,0,0
flow,0.2,1.5,0,registered,during_vibration,flow_dump_0.2_1.5.shear.wave,2014,201400,201.4,0.2014,158683.45183699526,1211.9079227199063,0.007637267205182914,7.637267205182913e+17,100,0.0006301854342236216,6.301854342236216e+26,1009.1289190017774,10.517380580194253,91.75358216623192,28.64238417677457,0.0,71.86565679492824,0.0063593834600874895,6.627900047824801e-05,0.000578217710189996,0.00018050013309640472,0.0,0.0004528869013307762,5434,2701,5365,0.20007407407407407,0.39740740740740743,1,0,0
flow,0.2,1.5,0,registered,during_vibration,flow_dump_0.2_1.5.shear.wave,2015,201500,201.5,0.20149999999999998,158683.4518369953,1182.688751100508,0.0074531322416366615,7.453132241636662e+17,98,0.000617581725539149,6.17581725539149e+26,964.9691445750207,10.818131198302556,104.6778358354109,30.876083933443383,0.0,71.3475555583303,0.00608109499386406,6.817428706690402e-05,0.0006596644742952739,0.00019457658360722002,0.0,0.0004496219028032034,5428,2704,5368,0.2002962962962963,0.3976296296296296,1,0,0
flow,0.2,1.5,0,registered,during_vibration,flow_dump_0.2_1.5.shear.wave,2016,201600,201.6,0.2016,158683.45183699526,1289.1587536632885,0.008124090689604823,8.124090689604823e+17,109,0.0006869021233037475,6.869021233037475e+26,1080.8895814383895,3.802113562940749,109.59379179447023,25.171708492170083,0.0,69.70155837531769,0.0068116087022654015,2.3960365866293368e-05,0.000690644112702114,0.00015862844046288628,0.0,0.00043924906830812685,5430,2747,5323,0.20348148148148149,0.3942962962962963,1,0,0
flow,0.2,1.5,0,registered,during_vibration,flow_dump_0.2_1.5.shear.wave,2017,201700,201.70000000000002,0.2017,158683.45183699526,1234.2071983470676,0.0077777939921226625,7.777793992122662e+17,103,0.0006490909972503302,6.490909972503302e+26,1015.1879735968575,16.021837419230888,106.01722599802108,36.72198473249592,0.0,60.258176600461546,0.006397566739597342,0.00010096728571098286,0.0006681051160074674,0.00023141659894201143,0.0,0.0003797382518648553,5426,2748,5326,0.20355555555555555,0.39451851851851855,1,0,0
flow,0.2,1.5,0,registered,during_vibration,flow_dump_0.2_1.5.shear.wave,2018,201800,201.8,0.20179999999999998,158683.45183699526,1143.782354716389,0.007207949798642639,7.20794979864264e+17,98,0.0006175817255391491,6.1758172553914915e+26,938.9235865717085,10.134806861992804,96.02437702101469,26.37465377824175,0.0,72.32493048343147,0.005916959681064923,6.386807663097475e-05,0.0006051316372904089,0.0001662092264373896,0.0,0.0004557811772189451,5444,2751,5305,0.20377777777777778,0.39296296296296296,1,0,0
flow,0.2,1.5,0,registered,during_vibration,flow_dump_0.2_1.5.shear.wave,2019,201900,201.9,0.2019,158683.4518369953,1230.6783009822902,0.007755555394941133,7.755555394941133e+17,108,0.0006806002689615112,6.806002689615112e+26,1020.4839162089783,5.487319391121124,80.10549273555708,40.77930513388557,0.0,83.82226751274843,0.006430940998543767,3.458028753217364e-05,0.0005048131472325419,0.00025698524113135235,0.0,0.0005282357205012993,5459,2774,5267,0.2054814814814815,0.39014814814814813,1,0,0
flow,0.2,1.5,0,registered,during_vibration,flow_dump_0.2_1.5.shear.wave,2020,202000,202.0,0.20199999999999999,158683.45183699526,1250.82597899291,0.007882523127098336,7.882523127098336e+17,104,0.0006553928515925665,6.553928515925665e+26,1043.4343606769912,6.034118322639794,95.08559894090999,41.26355623625398,0.0,65.00834481611443,0.006575571356670767,3.80261347530947e-05,0.000599215594569905,0.00026003692104354547,0.0,0.00040967312006101993,5455,2721,5324,0.20155555555555554,0.39437037037037037,1,0,0
flow,0.2,1.5,0,registered,during_vibration,flow_dump_0.2_1.5.shear.wave,2021,202100,202.1,0.2021,158683.45183699526,1217.9386585779764,0.007675272024136973,7.675272024136973e+17,103,0.0006490909972503302,6.490909972503302e+26,991.3874183877714,8.91414891505891,106.6531382444937,34.4312042632522,0.0,76.5527487673998,0.006247579107405329,5.617566804770424e-05,0.0006721125423591821,0.00021698043409479798,0.0,0.0004824242722299566,5421,2690,5389,0.19925925925925925,0.3991851851851852,1,0,0
flow,0.2,1.5,0,registered,during_vibration,flow_dump_0.2_1.5.shear.wave,2022,202200,202.20000000000002,0.2022,158683.45183699526,1244.6406375333786,0.007843544006163375,7.843544006163374e+17,100,0.0006301854342236216,6.301854342236216e+26,1015.728329809421,0.0,102.72368028271642,41.505902322194416,0.0,84.68272511904716,0.006400971985741839,0.0,0.0006473496706401212,0.00026156415077755314,0.0,0.0005336581990038632,5439,2729,5332,0.20214814814814816,0.39496296296296296,1,0,0
flow,0.2,1.5,0,registered,during_vibration,flow_dump_0.2_1.5.shear.wave,2023,202300,202.3,0.20229999999999998,158683.4518369953,1254.1589200903709,0.007903526836425786,7.903526836425786e+17,109,0.0006869021233037474,6.869021233037473e+26,1020.1828372095835,11.693053058124253,117.41467576055847,34.922364463339704,0.0,69.94598959876389,0.006429043642544075,7.368791718833877e-05,0.0007399301842839326,0.000220075654134453,0.0,0.0004407894382749793,5443,2739,5318,0.2028888888888889,0.3939259259259259,1,0,0
flow,0.2,1.5,0,registered,during_vibration,flow_dump_0.2_1.5.shear.wave,2024,202400,202.4,0.2024,158683.45183699526,1333.9985432099095,0.008406664512064154,8.406664512064155e+17,111,0.00069950583198822,6.995058319882199e+26,1112.6468005370405,9.921488502138455,102.59455486075791,35.1475835484795,0.0,73.68811576149362,0.007011738071339581,6.252377539864792e-05,0.0006465359410390589,0.00022149495200409573,0.0,0.00046437177228277353,5419,2745,5336,0.20333333333333334,0.39525925925925925,1,0,0
flow,0.2,1.5,0,registered,during_vibration,flow_dump_0.2_1.5.shear.wave,2025,202500,202.5,0.20249999999999999,158683.45183699526,1158.0572534817852,0.007297908131412335,7.297908131412334e+17,96,0.0006049780168546768,6.049780168546768e+26,937.4086540089037,4.55799059040719,113.79916292438374,21.445962725478978,0.0,80.84548323261193,0.0059074127967158165,2.8723792794029365e-05,0.0007171457490178743,0.00013514933332499574,0.0,0.0005094764595596206,5423,2767,5310,0.20496296296296296,0.3933333333333333,1,0,0
flow,0.2,1.5,0,registered,during_vibration,flow_dump_0.2_1.5.shear.wave,2026,202600,202.6,0.2026,158683.45183699526,1219.4789853961274,0.0076849789393844,7.684978939384401e+17,104,0.0006553928515925665,6.553928515925665e+26,971.4947941886799,7.119408131187537,107.0581345822464,31.360664157025674,0.0,102.44598433698792,0.006122218687217811,4.4865473045676006e-05,0.0006746647702888386,0.0001976303375933639,0.0,0.0006455996712387107,5430,2751,5319,0.20377777777777778,0.394,1,0,0
flow,0.2,1.5,0,registered,during_vibration,flow_dump_0.2_1.5.shear.wave,2027,202700,202.70000000000002,0.2027,158683.4518369953,1216.553599491792,0.007666543583520447,7.666543583520447e+17,99,0.0006238835798813853,6.238835798813853e+26,1022.2984415319023,0.0,95.52274795856535,36.44443213712427,0.0,62.28797786420051,0.006442375872829134,0.0,0.0006019704440050205,0.0002296675029136696,0.0,0.00039252976377262525,5418,2696,5386,0.19970370370370372,0.39896296296296296,1,0,0
flow,0.2,1.5,0,registered,during_vibration,flow_dump_0.2_1.5.shear.wave,2028,202800,202.8,0.20279999999999998,158683.45183699526,1244.0776072574122,0.007839995871373965,7.839995871373965e+17,105,0.0006616947059348027,6.616947059348027e+26,999.6881773875326,11.78439762961999,106.09495894740775,34.55063119588787,0.0,91.9594420969642,0.006299889281551831,7.42635573728589e-05,0.0006685949777320946,0.00021773304522880801,0.0,0.0005795150094883737,5392,2688,5420,0.1991111111111111,0.4014814814814815,1,0,0
flow,0.2,1.5,0,registered,during_vibration,flow_dump_0.2_1.5.shear.wave,2029,202900,202.9,0.2029,158683.45183699526,1289.7988831974292,0.008128124692689141,8.12812469268914e+17,105,0.0006616947059348027,6.616947059348027e+26,1051.8566699422759,0.0,122.3299228053191,33.959442611605496,0.0,81.6528478382281,0.0066286475228858575,0.0,0.0007709053552161213,0.0002140074608818677,0.0,0.0005145643537052908,5437,2739,5324,0.2028888888888889,0.39437037037037037,1,0,0
flow,0.2,1.5,0,registered,during_vibration,flow_dump_0.2_1.5.shear.wave,2030,203000,203.0,0.20299999999999999,158683.45183699526,1261.5647878492045,0.007950197536319821,7.950197536319821e+17,106,0.0006679965602770389,6.679965602770389e+26,1019.4298094063162,0.0,126.62413147074837,32.588722654335584,0.0,82.92212431780338,0.0064242981710122314,0.0,0.0007979668327408251,0.00020536938336715644,0.0,0.0005225631491996006,5430,2734,5336,0.20251851851851851,0.39525925925925925,1,0,0
flow,0.2,1.5,0,registered,during_vibration,flow_dump_0.2_1.5.shear.wave,2031,203100,203.1,0.2031,158683.45183699526,1195.2264767882361,0.0075321431627036394,7.532143162703639e+17,106,0.0006679965602770389,6.679965602770389e+26,981.705095019536,5.6875245344256475,115.2805353185827,28.987115026230907,0.0,63.56620688946123,0.00618656251584428,3.584195118384528e-05,0.0007264811420727258,0.0001826725766969539,0.0,0.00040058497690583693,5426,2747,5327,0.20348148148148149,0.3945925925925926,1,0,0
flow,0.2,1.5,0,registered,during_vibration,flow_dump_0.2_1.5.shear.wave,2032,203200,203.20000000000002,0.2032,158683.45183699526,1191.2992847730313,0.007507394570649826,7.507394570649825e+17,98,0.0006175817255391491,6.1758172553914915e+26,944.304188118273,6.922081627382852,112.86767800267825,40.626016845164294,0.0,86.57932017953223,0.005950867448284983,4.3621950160836154e-05,0.000711275666719297,0.00025601924066346026,0.0,0.0005456102648212449,5425,2763,5312,0.20466666666666666,0.3934814814814815,1,0,0
flow,0.2,1.5,0,registered,during_vibration,flow_dump_0.2_1.5.shear.wave,2033,203300,203.3,0.20329999999999998,158683.45183699526,1224.204184305475,0.007714756454649203,7.714756454649203e+17,107,0.0006742984146192752,6.742984146192752e+26,997.3125568413082,4.560175474051039,105.86862218998793,27.063143272066256,0.0,89.39968652806193,0.0062849184668971,2.8737561612507638e-05,0.0006671686364545409,0.00017054798694363156,0.0,0.0005633838027414237,5437,2726,5337,0.20192592592592593,0.3953333333333333,1,0,0
flow,0.2,1.5,0,registered,during_vibration,flow_dump_0.2_1.5.shear.wave,2034,203400,203.4,0.2034,158683.45183699526,1182.9937192793243,0.007455054106678581,7.45505410667858e+17,98,0.0006175817255391491,6.1758172553914915e+26,951.0365276783807,9.441586159607265,98.7331260877412,29.628513445565847,0.0,94.15396590802955,0.005993293671575257,5.9499500737518406e-05,0.0006222017793585877,0.00018671457611094325,0.0,0.0005933445788962766,5412,2686,5402,0.19896296296296295,0.40014814814814814,1,0,0
flow,0.2,1.5,0,registered,during_vibration,flow_dump_0.2_1.5.shear.wave,2035,203500,203.5,0.2035,158683.45183699526,1220.9164985854593,0.007694037938118613,7.694037938118612e+17,101,0.0006364872885658578,6.364872885658577e+26,992.2370457887448,4.277286481993411,102.8690925811034,30.78734200372526,0.0,90.74573172989162,0.006252933335531436,2.695483638953844e-05,0.0006482660377641258,0.0001940173448920875,0.0,0.0005718663835414203,5426,2720,5354,0.20148148148148148,0.3965925925925926,1,0,0
flow,0.2,1.5,0,registered,during_vibration,flow_dump_0.2_1.5.shear.wave,2036,203600,203.6,0.2036,158683.45183699526,1203.9015837866812,0.007586812423411154,7.586812423411154e+17,102,0.000642789142908094,6.42789142908094e+26,995.8518917759204,6.290274850273153,97.88362295998806,26.673303926909167,0.0,77.20249027359047,0.006275713568412234,3.964039587905314e-05,0.0006168483343842133,0.00016809127617357884,0.0,0.00048651884856207534,5418,2741,5341,0.20303703703703704,0.3956296296296296,1,0,0
flow,0.2,1.5,0,registered,during_vibration,flow_dump_0.2_1.5.shear.wave,2037,203700,203.70000000000002,0.2037,158683.45183699526,1265.7894458025833,0.007976820715387783,7.976820715387782e+17,101,0.0006364872885658578,6.364872885658577e+26,1026.834408558278,6.806960708171335,118.65735667992152,40.41666249439867,0.0,73.07405736181404,0.006470960876330541,4.2896474896220835e-05,0.0007477613784316349,0.0002546999200390219,0.0,0.00046050206569036613,5416,2742,5342,0.2031111111111111,0.3957037037037037,1,0,0
flow,0.2,1.5,0,registered,during_vibration,flow_dump_0.2_1.5.shear.wave,2038,203800,203.8,0.20379999999999998,158683.4518369953,1254.4256556685336,0.00790520776518726,7.90520776518726e+17,100,0.0006301854342236215,6.301854342236214e+26,1021.8583798186064,2.688795872454811,122.59209088669536,29.5259627942885,0.0,77.76042629648785,0.006439602668010348,1.694439994421616e-05,0.0007725575002781378,0.0001860683168438919,0.0,0.0004900348801106611,5422,2752,5326,0.20385185185185184,0.39451851851851855,1,0,0
flow,0.2,1.5,0,registered,during_vibration,flow_dump_0.2_1.5.shear.wave,2039,203900,203.9,0.2039,158683.45183699526,1185.9208588083297,0.007473500513629775,7.473500513629775e+17,102,0.000642789142908094,6.42789142908094e+26,949.4818673734516,4.634673397700118,92.4284024154394,37.57206442099877,0.0,101.80385120074034,0.005983496428781937,2.9207036676143168e-05,0.0005824703291076931,0.00023677367731824995,0.0,0.0006415530417457551,5436,2763,5301,0.20466666666666666,0.39266666666666666,1,0,0
flow,0.2,1.5,0,registered,during_vibration,flow_dump_0.2_1.5.shear.wave,2040,204000,204.0,0.204,158683.45183699526,1199.6242677280632,0.007559857400634036,7.559857400634036e+17,101,0.0006364872885658578,6.364872885658577e+26,993.3877276183689,8.128624896534292,92.08409558929236,40.99550467267049,0.0,65.02831495119683,0.006260184764815985,5.122541010063404e-05,0.0005803005576402768,0.0002583476991336336,0.0,0.000409798968943504,5420,2720,5360,0.20148148148148148,0.397037037037037,1,0,0
flow,0.2,1.5,0,registered,during_vibration,flow_dump_0.2_1.5.shear.wave,2041,204100,204.1,0.2041,158683.45183699526,1183.4745807568124,0.007458084425668503,7.458084425668503e+17,93,0.0005860724538279681,5.860724538279681e+26,963.7340349453373,9.94881677699464,99.8038672626664,43.55677303092574,0.0,66.43108874088797,0.006073311512881103,6.269599420621618e-05,0.0006289494342812011,0.0002744884392587367,0.0,0.0004186390450412443,5412,2703,5385,0.20022222222222222,0.3988888888888889,1,0,0
flow,0.2,1.5,0,registered,during_vibration,flow_dump_0.2_1.5.shear.wave,2042,204200,204.20000000000002,0.2042,158683.4518369953,1189.6708646771156,0.007497132504397393,7.497132504397393e+17,97,0.0006112798711969128,6.1127987119691286e+26,994.7711459313794,2.987943636389235,96.97639440480394,27.09604158511818,0.0,67.83933911942474,0.006268902865518958,1.8829585579336566e-05,0.0006111311121743255,0.00017075530732059004,0.0,0.0004275136338041819,5436,2726,5338,0.20192592592592593,0.39540740740740743,1,0,0
flow,0.2,1.5,0,registered,during_vibration,flow_dump_0.2_1.5.shear.wave,2043,204300,204.3,0.20429999999999998,158683.45183699526,1265.2451336360905,0.007973390539397837,7.973390539397838e+17,109,0.0006869021233037475,6.869021233037475e+26,1044.664135999633,10.112009147890848,116.90646210849957,31.671931588133667,0.0,61.89059479193447,0.006583321221627731,6.372440875736829e-05,0.0007367274958739216,0.00019959189960568852,0.0,0.00039002551353313437,5432,2741,5327,0.20303703703703704,0.3945925925925926,1,0,0
flow,0.2,1.5,0,registered,during_vibration,flow_dump_0.2_1.5.shear.wave,2044,204400,204.4,0.2044,158683.45183699526,1302.238106528296,0.00820651486625081,8.206514866250811e+17,108,0.0006806002689615113,6.806002689615113e+26,1081.041084289343,0.0,129.72295884438086,28.89972967692307,0.0,62.574333717648784,0.006812563451164543,0.0,0.0008174951914811915,0.0001821218869539705,0.0,0.00039433433665110303,5413,2736,5351,0.20266666666666666,0.3963703703703704,1,0,0
flow,0.2,1.5,0,registered,during_vibration,flow_dump_0.2_1.5.shear.wave,2045,204500,204.5,0.2045,158683.45183699526,1153.224079853589,0.007267450175196705,7.267450175196705e+17,95,0.0005986761625124405,5.986761625124405e+26,938.8928562202224,4.725722757889262,112.68882227575003,30.906955648920253,0.0,66.00972295080672,0.005916766022865972,2.978081648200895e-05,0.0007101485439799205,0.00019477113266145023,0.0,0.0004159836592073509,5420,2763,5317,0.20466666666666666,0.39385185185185184,1,0,0
flow,0.2,1.5,0,registered,during_vibration,flow_dump_0.2_1.5.shear.wave,2046,204600,204.6,0.2046,158683.4518369953,1201.7186281921167,0.007573055755218638,7.573055755218638e+17,101,0.0006364872885658577,6.364872885658577e+26,965.8732028136116,3.510641144728421,108.13105191893061,37.98203338524422,0.0,86.22169892960132,0.006086792237200558,2.2123549141939916e-05,0.0006814261390658825,0.00023935724201576219,0.0,0.0005433565877944916,5433,2762,5305,0.2045925925925926,0.39296296296296296,1,0,0
flow,0.2,1.5,0,registered,during_vibration,flow_dump_0.2_1.5.shear.wave,2047,204700,204.70000000000002,0.2047,158683.45183699526,1205.1994791427765,0.0075949915708967315,7.594991570896731e+17,96,0.0006049780168546768,6.049780168546768e+26,983.0308109035847,10.472648501233465,106.43121270054633,32.20598468947486,0.0,73.0588223479374,0.006194916984244744,6.59971054322117e-05,0.0006707139999064042,0.00020295742446136024,0.0,0.00046040605685201356,5412,2701,5387,0.20007407407407407,0.399037037037037,1,0,0
flow,0.2,1.5,0,registered,during_vibration,flow_dump_0.2_1.5.shear.wave,2048,204800,204.8,0.20479999999999998,158683.45183699526,1234.0069723120878,0.0077765321968146965,7.776532196814697e+17,110,0.0006932039776459838,6.932039776459838e+26,999.7682759587364,14.962714757250026,105.51310719331849,40.492709480323185,0.0,73.27016492245991,0.006300394051080578,9.429284896461799e-05,0.0006649282327290494,0.00025517915706748425,0.0,0.0004617379069729677,5411,2699,5390,0.19992592592592592,0.39925925925925926,1,0,0
flow,0.2,1.5,0,registered,during_vibration,flow_dump_0.2_1.5.shear.wave,2049,204900,204.9,0.2049,158683.45183699526,1409.7382684853487,0.00888396522867096,8.883965228670959e+17,105,0.0006616947059348027,6.616947059348027e+26,1109.568879752139,5.771405733544335,144.66668566938688,43.31670580189864,0.0,106.4145915283795,0.006992341462876191,3.6370558282743364e-05,0.0009116683812625475,0.0002729755705490636,0.0,0.0006706092557004117,5435,2738,5327,0.2028148148148148,0.3945925925925926,1,0,0
flow,0.2,1.5,0,registered,during_vibration,flow_dump_0.2_1.5.shear.wave,2050,205000,205.0,0.205,158683.45183699526,1307.8954944817503,0.008242166901091,8.242166901091e+17,101,0.0006364872885658578,6.364872885658577e+26,1075.886666867417,0.0,111.26104102534202,40.92269387976216,0.0,79.82509270922901,0.0067800810633524815,0.0,0.0007011508745072734,0.0002578888561221826,0.0,0.0005030461071090633,5419,2734,5347,0.20251851851851851,0.3960740740740741,1,0,0
flow,0.2,1.5,0,registered,during_vibration,flow_dump_0.2_1.5.shear.wave,2051,205100,205.1,0.2051,158683.45183699526,1231.8584750052196,0.007762992679732126,7.762992679732127e+17,107,0.0006742984146192752,6.742984146192752e+26,998.0254737894455,4.501115605854431,120.06872153874474,37.29692096714187,0.0,71.96624310403251,0.006289411165662374,2.8365374925660942e-05,0.0007566555941956896,0.00023503976334882397,0.0,0.00045352078159957446,5420,2742,5338,0.2031111111111111,0.39540740740740743,1,0,0
flow,0.2,1.5,0,registered,during_vibration,flow_dump_0.2_1.5.shear.wave,2052,205200,205.20000000000002,0.2052,158683.45183699526,1221.0642445626972,0.007694969011746818,7.694969011746819e+17,102,0.000642789142908094,6.42789142908094e+26,1003.1136665177621,4.427186393806926,106.23812412028563,32.24397209831838,0.0,75.04129543252452,0.006321476215101451,2.7899483799701268e-05,0.0006694971837984521,0.00020319681557873107,0.0,0.00047289931346848537,5413,2761,5326,0.20451851851851852,0.39451851851851855,1,0,0
flow,0.2,1.5,0,registered,during_vibration,flow_dump_0.2_1.5.shear.wave,2053,205300,205.3,0.20529999999999998,158683.45183699526,1190.2941973693128,0.007501060656230375,7.501060656230376e+17,105,0.0006616947059348027,6.616947059348027e+26,973.9239179977839,7.137045239361937,108.31013394807995,34.07652168875251,0.0,66.84657849533428,0.006137526671642042,4.497661953240933e-05,0.0006825546879288938,0.00021474527617257157,0.0,0.0004212574009544564,5412,2733,5355,0.20244444444444445,0.39666666666666667,1,0,0
flow,0.2,1.5,0,registered,during_vibration,flow_dump_0.2_1.5.shear.wave,2054,205400,205.4,0.2054,158683.45183699526,1164.156126626514,0.007336342341622191,7.33634234162219e+17,95,0.0005986761625124405,5.986761625124405e+26,974.808235491229,0.0,86.63902386055865,38.12585554359354,0.0,64.58301173113254,0.006143099511678025,0.0,0.0005459865087227687,0.00024026358830886565,0.0,0.0004069927329125301,5399,2687,5414,0.19903703703703704,0.401037037037037,1,0,0
flow,0.2,1.5,0,registered,during_vibration,flow_dump_0.2_1.5.shear.wave,2055,205500,205.5,0.2055,158683.45183699526,1189.1308950876557,0.007493729694695381,7.493729694695382e+17,98,0.0006175817255391491,6.1758172553914915e+26,980.0746163267468,3.330926810003273,103.08630137749651,36.03113163430056,0.0,66.60791893910852,0.006176287476614203,2.0991015581290154e-05,0.0006496348559608476,0.00022706294334530166,0.0,0.0004197534031937389,5406,2697,5397,0.19977777777777778,0.3997777777777778,1,0,0
flow,0.2,1.5,0,registered,during_vibration,flow_dump_0.2_1.5.shear.wave,2056,205600,205.6,0.20559999999999998,158683.45183699526,1178.904357257501,0.0074292835428643785,7.429283542864379e+17,104,0.0006553928515925665,6.553928515925665e+26,963.8526776587325,0.0,103.97882767908844,27.88176710226765,0.0,83.19108481741213,0.006074059181979687,0.0,0.0006552594267100947,0.00017570683508264426,0.0,0.00052425809909195,5410,2721,5369,0.20155555555555554,0.3977037037037037,1,0,0
flow,0.2,1.5,0,registered,during_vibration,flow_dump_0.2_1.5.shear.wave,2057,205700,205.70000000000002,0.2057,158683.4518369953,1148.5518196931266,0.007238006272216436,7.238006272216436e+17,96,0.0006049780168546767,6.0497801685467664e+26,893.7814064498451,7.289230134445756,117.51368846269891,52.51310279093608,0.0,77.45439185520091,0.005632480237245947,4.5935666574316055e-05,0.0007405541479108529,0.0003309299248473572,0.0,0.00048810629563796314,5397,2712,5391,0.2008888888888889,0.3993333333333333,1,0,0
flow,0.2,1.5,0,registered,during_vibration,flow_dump_0.2_1.5.shear.wave,2058,205800,205.8,0.20579999999999998,158683.45183699526,1199.6311895538242,0.007559901020971764,7.559901020971764e+17,100,0.0006301854342236216,6.301854342236216e+26,977.8892430835874,4.137260557476178,102.0617094001856,30.212457887026478,0.0,85.33051862554804,0.006162515572752392,2.6072413409093878e-05,0.0006431780265596105,0.00019039450892498663,0.0,0.0005377404993256782,5409,2758,5333,0.2042962962962963,0.395037037037037,1,0,0
flow,0.2,1.5,0,registered,during_vibration,flow_dump_0.2_1.5.shear.wave,2059,205900,205.9,0.2059,158683.45183699526,1197.9349425568028,0.00754921151946808,7.549211519468079e+17,106,0.0006679965602770389,6.679965602770389e+26,990.7411824485416,7.678789343948336,90.07049090625603,39.41334048017747,0.0,70.03113937787924,0.0062435066226455855,4.8390611970278003e-05,0.0005676111142249371,0.0002483771308470408,0.0,0.00044132603978023794,5429,2769,5302,0.2051111111111111,0.3927407407407407,1,0,0
flow,0.2,1.5,0,registered,during_vibration,flow_dump_0.2_1.5.shear.wave,2060,206000,206.0,0.206,158683.45183699526,1228.6442121876107,0.0077427368636378896,7.742736863637889e+17,105,0.0006616947059348027,6.616947059348027e+26,1006.5758622203379,13.992709055794236,95.97295884216103,33.85270148164119,0.0,78.24998058767667,0.006343294468123399,8.818001432290494e-05,0.0006048076074167302,0.00021333479382850692,0.0,0.0004931199799463498,5413,2719,5368,0.2014074074074074,0.3976296296296296,1,0,0
flow,0.2,1.5,0,registered,during_vibration,flow_dump_0.2_1.5.shear.wave,2061,206100,206.1,0.20609999999999998,158683.4518369953,1185.0273724997032,0.007467869893056027,7.467869893056027e+17,97,0.0006112798711969128,6.1127987119691286e+26,978.7846096703498,0.0,98.40445867693272,37.83500471233947,0.0,70.00329944008143,0.006168158042565073,0.0,0.0006201305652086326,0.00023843068873498414,0.0,0.00044115059654733916,5401,2686,5413,0.19896296296296295,0.40096296296296297,1,0,0
flow,0.2,1.5,0,registered,during_vibration,flow_dump_0.2_1.5.shear.wave,2062,206200,206.20000000000002,0.2062,158683.45183699526,1194.6789691122385,0.007528692849078246,7.528692849078246e+17,96,0.0006049780168546768,6.049780168546768e+26,972.4431060503745,3.229425911448777,111.55091456500696,40.21408778840505,0.0,67.24143479700362,0.006128194810441225,2.0351371702993623e-05,0.0007029776153319102,0.00025342332374842874,0.0,0.0004237457278536907,5408,2711,5381,0.2008148148148148,0.3985925925925926,1,0,0
flow,0.2,1.5,0,registered,during_vibration,flow_dump_0.2_1.5.shear.wave,2063,206300,206.3,0.20629999999999998,158683.45183699526,1211.2471875465844,0.007633103348361848,7.633103348361847e+17,104,0.0006553928515925665,6.553928515925665e+26,1012.7176772962499,9.402428367994911,89.7567764986701,36.42663125048287,0.0,62.943674133186555,0.006381999292128748,5.925273403841371e-05,0.0005656341317232697,0.00022955532431889292,0.0,0.00039666186615252305,5417,2722,5361,0.20162962962962963,0.39711111111111114,1,0,0
flow,0.2,1.5,0,registered,during_vibration,flow_dump_0.2_1.5.shear.wave,2064,206400,206.4,0.2064,158683.45183699526,1294.7578877178228,0.008159375616859152,8.159375616859153e+17,102,0.000642789142908094,6.42789142908094e+26,1075.1093852790552,9.418557649702036,109.25016286436062,34.719374162402204,0.0,66.26040776230276,0.006775182747999723,5.9354378422376905e-05,0.0006884786132367848,0.0002187964388250582,0.0,0.0004175634383752099,5393,2720,5387,0.20148148148148148,0.399037037037037,1,0,0
flow,0.2,1.5,0,registered,during_vibration,flow_dump_0.2_1.5.shear.wave,2065,206500,206.5,0.2065,158683.4518369953,1132.9105237455137,0.00713943710343077,7.13943710343077e+17,97,0.0006112798711969128,6.1127987119691286e+26,943.8558708901343,6.060180275564399,99.89891202008397,21.878215663782992,0.0,61.21734489594815,0.005948042218414137,3.819037338429977e-05,0.0006295483924984397,0.00013787332838119122,0.0,0.00038578279075270283,5412,2761,5327,0.20451851851851852,0.3945925925925926,1,0,0
flow,0.2,1.5,0,registered,during_vibration,flow_dump_0.2_1.5.shear.wave,2066,206600,206.6,0.20659999999999998,158683.45183699526,1251.813462739378,0.007888746105833903,7.888746105833902e+17,112,0.0007058076863304561,7.058076863304562e+26,1010.7777434689261,7.313775976259896,93.07061828914215,38.3563743989049,0.0,102.29495060614485,0.0063697741117153765,4.6090350894136346e-05,0.0005865174800000398,0.00024171628455817685,0.0,0.0006446478786661732,5415,2773,5312,0.2054074074074074,0.3934814814814815,1,0,0
flow,0.2,1.5,0,registered,during_vibration,flow_dump_0.2_1.5.shear.wave,2067,206700,206.70000000000002,0.2067,158683.45183699526,1253.569851316411,0.007899814610814732,7.899814610814732e+17,106,0.0006679965602770389,6.679965602770389e+26,1007.7515988715421,17.29538226585014,99.67922526607205,37.80196721549504,0.0,91.0416776974521,0.006350703789244117,0.00010899297983268296,0.0006281639585737381,0.00023822249124203849,0.0,0.0005737313919221586,5396,2696,5408,0.19970370370370372,0.4005925925925926,1,0,0
flow,0.2,1.5,0,registered,during_vibration,flow_dump_0.2_1.5.shear.wave,2068,206800,206.8,0.20679999999999998,158683.45183699526,1201.270269078335,0.007570230261390574,7.570230261390574e+17,104,0.0006553928515925665,6.553928515925665e+26,981.8698017903254,13.24016400658006,94.80174012974749,23.417310628577248,0.0,87.94125252310485,0.006187600473922974,8.34375850367862e-05,0.0005974267576881985,0.0001475724806681938,0.0,0.0005541929640744199,5379,2687,5434,0.19903703703703704,0.4025185185185185,1,0,0
flow,0.2,1.5,0,registered,during_vibration,flow_dump_0.2_1.5.shear.wave,2069,206900,206.9,0.2069,158683.4518369953,1240.9543844170137,0.007820313775955427,7.820313775955428e+17,103,0.0006490909972503301,6.490909972503302e+26,1015.1705752819139,0.0,112.86901142164955,32.10968780145397,0.0,80.80510991199633,0.006397457097950765,0.0,0.0007112840697314311,0.00020235057549944192,0.0,0.0005092220327737886,5414,2720,5366,0.20148148148148148,0.3974814814814815,1,0,0
flow,0.2,1.5,0,registered,during_vibration,flow_dump_0.2_1.5.shear.wave,2070,207000,207.0,0.207,158683.45183699526,1187.1310029245874,0.007481126665583545,7.481126665583546e+17,97,0.000611279871196913,6.112798711969129e+26,974.7648831845519,0.0,106.42372846961047,36.80272883480696,0.0,69.13966243561741,0.006142826311755946,0.0,0.0006706668353731827,0.00023192543651377027,0.0,0.00043570808194064175,5406,2731,5363,0.2022962962962963,0.39725925925925926,1,0,0
flow,0.2,1.5,0,registered,during_vibration,flow_dump_0.2_1.5.shear.wave,2071,207100,207.1,0.20709999999999998,158683.45183699526,1178.2411724417996,0.007425104248753845,7.425104248753844e+17,104,0.0006553928515925665,6.553928515925665e+26,968.1380850541667,4.710254585395891,96.09698204302543,40.48634816167844,0.0,68.80950259753216,0.006101065195182855,2.968333831201514e-05,0.0006055891835636356,0.00025513906896396056,0.0,0.0004336274627313722,5399,2738,5363,0.2028148148148148,0.39725925925925926,1,0,0
flow,0.2,1.5,0,registered,during_vibration,flow_dump_0.2_1.5.shear.wave,2072,207200,207.20000000000002,0.2072,158683.45183699526,1218.423189540231,0.007678325467685405,7.678325467685405e+17,102,0.000642789142908094,6.42789142908094e+26,985.8542129217464,4.491231914051381,101.04521846650483,25.67031182094042,0.0,101.36221441698778,0.006212709652512774,2.830308933955457e-05,0.0006367722487553506,0.00016177056601535104,0.0,0.0006387699110623729,5412,2771,5317,0.20525925925925925,0.39385185185185184,1,0,0
flow,0.2,1.5,0,registered,during_vibration,flow_dump_0.2_1.5.shear.wave,2073,207300,207.3,0.20729999999999998,158683.45183699526,1263.4390084184504,0.007962008601352431,7.962008601352431e+17,113,0.0007121095406726924,7.121095406726925e+26,1030.2915999060842,4.394985365839627,102.03267672140102,42.462849250369445,0.0,84.25689717475619,0.006492747592637655,2.769655761178108e-05,0.0006429950668467451,0.0002675946909321625,0.0,0.0005309746933240876,5415,2740,5345,0.20296296296296296,0.3959259259259259,1,0,0
flow,0.2,1.5,0,registered,during_vibration,flow_dump_0.2_1.5.shear.wave,2074,207400,207.4,0.2074,158683.45183699526,1269.2459530713154,0.007998603120728214,7.998603120728214e+17,101,0.0006364872885658578,6.364872885658577e+26,1023.5244435230953,11.5262477819313,99.70139646383578,42.00479419067449,0.0,92.48907111177839,0.006450101958800925,7.263673463425431e-05,0.000628303678232638,0.0002647080946652406,0.0,0.0005828526543951548,5393,2696,5411,0.19970370370370372,0.4008148148148148,1,0,0
flow,0.2,1.5,0,registered,during_vibration,flow_dump_0.2_1.5.shear.wave,2075,207500,207.5,0.2075,158683.45183699526,1192.0330732216146,0.007512018798570813,7.512018798570813e+17,105,0.0006616947059348027,6.616947059348027e+26,989.0526505522912,4.8439458326856855,95.72237181462403,30.034569084884,0.0,72.37953593712973,0.006232865740583195,3.052584107926731e-05,0.000603228444469138,0.00018927347960476985,0.0,0.00045612529283444326,5407,2695,5398,0.19962962962962963,0.39985185185185185,1,0,0
flow,0.2,1.5,0,registered,during_vibration,flow_dump_0.2_1.5.shear.wave,2076,207600,207.6,0.20759999999999998,158683.4518369953,1204.169169875719,0.0075884987119682785,7.588498711968279e+17,109,0.0006869021233037474,6.869021233037473e+26,966.5375746190606,9.308947833180513,104.23289126063551,31.171498233607345,0.0,92.91825792923518,0.0060909790115475865,5.866363332417902e-05,0.0006568604983946711,0.00019643824149746694,0.0,0.0005855573272043754,5404,2719,5377,0.2014074074074074,0.3982962962962963,1,0,0
flow,0.2,1.5,0,registered,during_vibration,flow_dump_0.2_1.5.shear.wave,2077,207700,207.70000000000002,0.2077,158683.45183699526,1232.1846327056535,0.007765048078052859,7.765048078052859e+17,96,0.0006049780168546768,6.049780168546768e+26,976.059838170636,4.375036544847081,117.86420416120104,41.987672271151546,0.0,91.89788155781775,0.006150986929458001,2.757084304758671e-05,0.0007427630467874807,0.0002646001948223475,0.0,0.0005791270639374433,5394,2714,5392,0.20103703703703704,0.39940740740740743,1,0,0
flow,0.2,1.5,0,registered,during_vibration,flow_dump_0.2_1.5.shear.wave,2078,207800,207.8,0.20779999999999998,158683.45183699526,1169.8005741336056,0.007371912827654281,7.371912827654281e+17,99,0.0006238835798813854,6.238835798813854e+26,963.4757454318031,0.0,110.61200330678562,36.66115567899173,0.0,59.05166971602456,0.006071683809988683,0.0,0.0006970607333423136,0.00023103326310705197,0.0,0.00037213502121622826,5408,2753,5339,0.20392592592592593,0.3954814814814815,1,0,0
flow,0.2,1.5,0,registered,during_vibration,flow_dump_0.2_1.5.shear.wave,2079,207900,207.9,0.2079,158683.45183699526,1182.9716046885553,0.007454914743748716,7.454914743748717e+17,105,0.0006616947059348027,6.616947059348027e+26,957.2037504496277,4.712333231513018,99.37409600384998,36.97873875162615,0.0,84.70268625193832,0.006032158611175778,2.969643763707433e-05,0.0006262410784076606,0.0002330346253723539,0.0,0.0005337839911558494,5411,2778,5311,0.20577777777777778,0.39340740740740743,1,0,0
flow,0.2,1.5,0,registered,during_vibration,flow_dump_0.2_1.5.shear.wave,2080,208000,208.0,0.208,158683.4518369953,1252.9775464337545,0.007896081991718033,7.896081991718034e+17,106,0.0006679965602770388,6.679965602770388e+26,1012.0900647170572,9.902049276946478,104.3381102919459,40.51939853252297,0.0,86.1279236152826,0.006378044169071319,6.240127223296214e-05,0.0006575235734040204,0.0002553473475869796,0.0,0.0005427656294227577,5417,2723,5360,0.2017037037037037,0.397037037037037,1,0,0
flow,0.2,1.5,0,registered,during_vibration,flow_dump_0.2_1.5.shear.wave,2081,208100,208.1,0.20809999999999998,158683.45183699526,1247.1356351863903,0.007859267117956875,7.859267117956874e+17,102,0.000642789142908094,6.42789142908094e+26,1032.622998096621,3.65520679264343,90.90078820141662,28.006406799183015,0.0,91.95023529652633,0.00650743972444817,2.303458079799131e-05,0.0005728435268397919,0.00017649229629786536,0.0,0.0005794569895730562,5393,2681,5426,0.1985925925925926,0.4019259259259259,1,0,0
flow,0.2,1.5,0,registered,during_vibration,flow_dump_0.2_1.5.shear.wave,2082,208200,208.20000000000002,0.2082,158683.45183699526,1250.4528094236318,0.00788017146682779,7.88017146682779e+17,102,0.000642789142908094,6.42789142908094e+26,1007.9870607736937,4.281817347130457,112.35587292602116,44.83200560104594,0.0,80.99605277574018,0.006352187635854622,2.6983389241676426e-05,0.0007080503456745869,0.0002825247691681097,0.0,0.000510425326888792,5404,2698,5398,0.19985185185185186,0.39985185185185185,1,0,0
flow,0.2,1.5,0,registered,during_vibration,flow_dump_0.2_1.5.shear.wave,2083,208300,208.3,0.20829999999999999,158683.45183699526,1219.6852742963215,0.007686278941985844,7.686278941985844e+17,104,0.0006553928515925665,6.553928515925665e+26,930.0697085128866,2.712701108681622,135.1331533147259,47.67165063137344,0.0,104.09806072865402,0.0058611638311743056,1.7095047260934276e-05,0.0008515894489964776,0.00030041979853288853,0.0,0.0006560108160212376,5411,2721,5368,0.20155555555555554,0.3976296296296296,1,0,0
flow,0.2,1.5,0,registered,during_vibration,flow_dump_0.2_1.5.shear.wave,2084,208400,208.4,0.2084,158683.4518369953,1189.9101051963994,0.00749864016330268,7.49864016330268e+17,101,0.0006364872885658577,6.364872885658577e+26,948.0219181161372,4.383387280707444,113.15891420845318,37.64871366834125,0.0,86.69717192276075,0.005974296041215284,2.76234681686292e-05,0.000713110994867276,0.00023725670971044426,0.0,0.0005463529493410494,5393,2718,5389,0.20133333333333334,0.3991851851851852,1,0,0
flow,0.2,1.5,0,registered,during_vibration,flow_dump_0.2_1.5.shear.wave,2085,208500,208.5,0.2085,158683.45183699526,1201.0399622976606,0.0075687789016047335,7.568778901604733e+17,102,0.000642789142908094,6.42789142908094e+26,992.9217423271175,4.232155616034458,107.83763977526394,25.639930198767736,0.0,70.40849438047643,0.006257248193384895,2.6670428245926134e-05,0.000679577098474252,0.00016157910545773794,0.0,0.00044370407604191957,5406,2771,5323,0.20525925925925925,0.3942962962962963,1,0,0
flow,0.2,1.5,0,registered,during_vibration,flow_dump_0.2_1.5.shear.wave,2086,208600,208.6,0.20859999999999998,158683.45183699526,1231.5426257773142,0.007761002243903759,7.761002243903758e+17,111,0.00069950583198822,6.995058319882199e+26,982.7638169330094,14.13068510567797,99.64329226215798,32.95156210272294,0.0,102.05326937374585,0.006193234427131922,8.904951929198933e-05,0.0006279375140169927,0.0002076559447205109,0.0,0.0006431248387423425,5405,2776,5319,0.20562962962962963,0.394,1,0,0
flow,0.2,1.5,0,registered,during_vibration,flow_dump_0.2_1.5.shear.wave,2087,208700,208.70000000000002,0.2087,158683.45183699526,1241.8222428422598,0.007825782893341012,7.825782893341012e+17,103,0.0006490909972503302,6.490909972503302e+26,998.2221393962009,4.594197779760121,107.63796390292909,39.57682165993567,0.0,91.79112010343465,0.006290650523670274,2.89519652274733e-05,0.0006783187702111387,0.0002494073654295739,0.0,0.0005784542688025557,5399,2704,5397,0.2002962962962963,0.3997777777777778,1,0,0
flow,0.2,1.5,0,registered,during_vibration,flow_dump_0.2_1.5.shear.wave,2088,208800,208.8,0.20879999999999999,158683.4518369953,1213.8617203291758,0.007649579753130738,7.649579753130738e+17,107,0.0006742984146192749,6.742984146192749e+26,960.1265978982993,11.63929566573871,121.2438464454079,30.511976415463145,0.0,90.34000390426688,0.006050577970061882,7.334914593170664e-05,0.0007640610601914146,0.0001922820310639954,0.0,0.0005693095458817408,5382,2690,5428,0.19925925925925925,0.4020740740740741,1,0,0
flow,0.2,1.5,0,registered,during_vibration,flow_dump_0.2_1.5.shear.wave,2089,208900,208.9,0.2089,158683.45183699526,1242.5897251089737,0.007830619454796092,7.830619454796092e+17,106,0.0006679965602770389,6.679965602770389e+26,1024.362902486647,7.626950344991731,91.22332652699235,29.687109072577172,0.0,89.68943667776455,0.00645538580506117,4.8063930149606145e-05,0.0005748761163873589,0.0001870838372174606,0.0,0.0005652097659804906,5395,2731,5374,0.2022962962962963,0.3980740740740741,1,0,0
flow,0.2,1.5,0,registered,during_vibration,flow_dump_0.2_1.5.shear.wave,2090,209000,209.0,0.209,158683.45183699526,1202.8256439991524,0.007580032007589131,7.580032007589132e+17,100,0.0006301854342236216,6.301854342236216e+26,1020.5950994072629,5.09740305446449,81.75900864438735,29.27096417760192,0.0,66.1031687154358,0.006431641658864662,3.2123091572905194e-05,0.0005152333636425608,0.00018446135270406137,0.0,0.00041657254080494226,5408,2715,5377,0.2011111111111111,0.3982962962962963,1,0,0
flow,0.2,1.5,0,registered,during_vibration,flow_dump_0.2_1.5.shear.wave,2091,209100,209.1,0.20909999999999998,158683.45183699526,1162.6511968697482,0.007326858493499756,7.326858493499756e+17,105,0.0006616947059348027,6.616947059348027e+26,949.9188307651433,3.448088238385525,96.19830046966587,39.37052359932177,0.0,73.71545379723183,0.0059862501084292676,2.1729349837483443e-05,0.000606227677530508,0.0002481073051004993,0.0,0.00046454405260199855,5394,2737,5369,0.20274074074074075,0.3977037037037037,1,0,0
flow,0.2,1.5,0,registered,during_vibration,flow_dump_0.2_1.5.shear.wave,2092,209200,209.20000000000002,0.2092,158683.45183699526,1207.984186855269,0.007612540393286561,7.612540393286561e+17,101,0.0006364872885658578,6.364872885658577e+26,991.3248424651902,7.595648495314875,101.62377987548888,31.553313352586105,0.0,75.88660266668887,0.006247184763055891,4.786667045230003e-05,0.000640418258482807,0.00019884438476293472,0.0,0.0004782263165326277,5396,2762,5342,0.2045925925925926,0.3957037037037037,1,0,0
flow,0.2,1.5,0,registered,during_vibration,flow_dump_0.2_1.5.shear.wave,2093,209300,209.3,0.20929999999999999,158683.45183699526,1229.395325261713,0.007747470268825431,7.747470268825431e+17,108,0.0006806002689615113,6.806002689615113e+26,968.3143042196676,4.746353583095005,111.19322909919008,41.79168111548202,0.0,103.34975724427787,0.006102175702696153,2.991082893741568e-05,0.0007007235336259973,0.00026336508710695164,0.0,0.0006512951164589113,5394,2741,5365,0.20303703703703704,0.39740740740740743,1,0,0
flow,0.2,1.5,0,registered,during_vibration,flow_dump_0.2_1.5.shear.wave,2094,209400,209.4,0.2094,158683.45183699526,1208.4600136920542,0.007615538984704109,7.615538984704109e+17,98,0.0006175817255391491,6.1758172553914915e+26,983.6970843326916,0.0,109.39226814055631,34.677383934480794,0.0,80.69327728432525,0.006199115742347078,0.0,0.0006893741399886333,0.00021853182252490019,0.0,0.000508517279843496,5380,2700,5420,0.2,0.4014814814814815,1,0,0
flow,0.2,1.5,0,registered,during_vibration,flow_dump_0.2_1.5.shear.wave,2095,209500,209.5,0.2095,158683.45183699526,1170.851429720972,0.007378535166500589,7.378535166500589e+17,100,0.0006301854342236216,6.301854342236216e+26,958.8507255123222,5.7544446661423425,103.84000140466037,26.296224945051364,0.0,76.11003319279565,0.006042537608126174,3.626367210648715e-05,0.0006543845637497737,0.00016571497935439223,0.0,0.00047963434316376183,5387,2697,5416,0.19977777777777778,0.4011851851851852,1,0,0
flow,0.2,1.5,0,registered,during_vibration,flow_dump_0.2_1.5.shear.wave,2096,209600,209.6,0.20959999999999998,158683.45183699526,1223.0346225068988,0.007707386046550331,7.707386046550331e+17,102,0.000642789142908094,6.42789142908094e+26,999.1015844391134,0.0,116.34160346040451,26.2651358004484,0.0,81.32629880693233,0.00629619265823271,0.0,0.0007331678389496741,0.00016551906009347966,0.0,0.0005125064892744665,5399,2720,5381,0.20148148148148148,0.3985925925925926,1,0,0
flow,0.2,1.5,0,registered,during_vibration,flow_dump_0.2_1.5.shear.wave,2097,209700,209.70000000000002,0.2097,158683.45183699526,1162.4361446675694,0.007325503265845648,7.325503265845649e+17,95,0.0005986761625124405,5.986761625124405e+26,958.614598722166,3.2258765891265098,101.20165973357668,24.58970590570066,0.0,74.80430371699913,0.0060410495714883095,2.032900439070505e-05,0.0006377581188335521,0.00015496074493615125,0.0,0.00047140582619692765,5381,2714,5405,0.20103703703703704,0.4003703703703704,1,0,0
flow,0.2,1.5,0,registered,during_vibration,flow_dump_0.2_1.5.shear.wave,2098,209800,209.8,0.2098,158683.45183699526,1233.1057571851547,0.007770852870353745,7.770852870353745e+17,105,0.0006616947059348027,6.616947059348027e+26,1011.4618318188196,4.2938147266997175,111.95414112461619,21.88171342497088,0.0,83.51425609004814,0.0063740851368536255,2.7058994980210426e-05,0.0007055186903774886,0.00013789537076272125,0.0,0.0005262946773796972,5395,2753,5352,0.20392592592592593,0.39644444444444443,1,0,0
flow,0.2,1.5,0,registered,during_vibration,flow_dump_0.2_1.5.shear.wave,2099,209900,209.9,0.2099,158683.4518369953,1203.6418904251784,0.007585175873673317,7.585175873673317e+17,111,0.0006995058319882199,6.995058319882199e+26,959.6521757237555,6.574959922405389,109.23297323398823,24.83016718114261,0.0,103.35161436388687,0.00604758823062118,4.143443973703949e-05,0.000688370286689981,0.0001564760968689347,0.0,0.0006513068197561832,5399,2774,5327,0.2054814814814815,0.3945925925925926,1,0,0
flow,0.2,1.5,0,registered,during_vibration,flow_dump_0.2_1.5.shear.wave,2100,210000,210.0,0.21,158683.45183699526,1253.2526382048811,0.007897815579990423,7.897815579990423e+17,111,0.00069950583198822,6.995058319882199e+26,1000.725306018718,8.242060532720654,111.50118956626474,33.34734077549341,0.0,99.43674131168422,0.006306425115119725,5.194026495709939e-05,0.0007026642556326689,0.00021015008426807395,0.0,0.0006266358600128565,5399,2713,5388,0.20096296296296295,0.39911111111111114,1,0,0
flow,0.2,1.5,0,registered,during_vibration,flow_dump_0.2_1.5.shear.wave,2101,210100,210.1,0.21009999999999998,158683.45183699526,1261.9433421865328,0.007952583130614284,7.952583130614285e+17,102,0.000642789142908094,6.42789142908094e+26,1060.0252696087302,3.2104574874978025,91.77362043741313,39.61557617252625,0.0,67.31841848036622,0.006680124848163892,2.02318354581528e-05,0.0005783439884562503,0.0002496515907230241,0.0,0.00042423086781297057,5374,2698,5428,0.19985185185185186,0.4020740740740741,1,0,0
flow,0.2,1.5,0,registered,during_vibration,flow_dump_0.2_1.5.shear.wave,2102,210200,210.20000000000002,0.2102,158683.45183699526,1189.471842805693,0.007495878297552771,7.49587829755277e+17,102,0.000642789142908094,6.42789142908094e+26,959.2905248519322,0.0,113.97032807961082,26.8764112617617,0.0,89.33457861238783,0.006045309159504208,0.0,0.0007182244068945816,0.0001693712290136593,0.0,0.0005629735021403188,5383,2704,5413,0.2002962962962963,0.40096296296296297,1,0,0
flow,0.2,1.5,0,registered,during_vibration,flow_dump_0.2_1.5.shear.wave,2103,210300,210.3,0.2103,158683.4518369953,1241.2020261580728,0.00782187437813664,7.82187437813664e+17,107,0.0006742984146192749,6.742984146192749e+26,993.5641850876593,0.0,105.17335983272389,36.39426271773008,0.0,106.07021851995998,0.0062612967740850525,0.0,0.0006627871943494229,0.0002293513425402129,0.0,0.000668439067161954,5382,2716,5402,0.2011851851851852,0.40014814814814814,1,0,0
flow,0.2,1.5,0,registered,during_vibration,flow_dump_0.2_1.5.shear.wave,2104,210400,210.4,0.2104,158683.45183699526,1269.9859297250237,0.008003266345816539,8.003266345816539e+17,108,0.0006806002689615113,6.806002689615113e+26,1034.2457974200606,7.7720159130018125,105.25421254646201,27.437189441651295,0.0,95.27671440384817,0.006517666369411167,4.897811222927944e-05,0.0006632967163745753,0.00017290517142162787,0.0,0.0006004199763798904,5373,2715,5412,0.2011111111111111,0.4008888888888889,1,0,0
flow,0.2,1.5,0,registered,during_vibration,flow_dump_0.2_1.5.shear.wave,2105,210500,210.5,0.2105,158683.45183699526,1188.136917199882,0.007487465790827228,7.487465790827228e+17,108,0.0006806002689615113,6.806002689615113e+26,967.4001677146093,5.383660353827153,97.52520007389346,27.26166173955041,0.0,90.56622731800203,0.006096414947592354,3.392704337789061e-05,0.0006145896055631213,0.00017179902140996065,0.0,0.0005707351728839033,5392,2757,5351,0.20422222222222222,0.3963703703703704,1,0,0
flow,0.2,1.5,0,registered,during_vibration,flow_dump_0.2_1.5.shear.wave,2106,210600,210.6,0.21059999999999998,158683.45183699526,1293.451239143369,0.008151141307866455,8.151141307866455e+17,118,0.0007436188123838735,7.436188123838735e+26,1034.783533745116,3.572676532365906,103.95501655745201,33.96211304700544,0.0,117.17789926142926,0.0065210551054061955,2.251448711889551e-05,0.0006551093724898167,0.00021402428957678846,0.0,0.0007384380532747558,5389,2758,5353,0.2042962962962963,0.3965185185185185,1,0,0
flow,0.2,1.5,0,registered,during_vibration,flow_dump_0.2_1.5.shear.wave,2107,210700,210.70000000000002,0.2107,158683.4518369953,1256.4221232345792,0.007917789212987478,7.917789212987478e+17,104,0.0006553928515925663,6.553928515925663e+26,1026.7983154037831,8.609537087996376,94.85391844880701,35.86873571445164,0.0,90.29161657954073,0.006470733422528161,5.42560486826337e-05,0.0005977555778547343,0.00022603954791264026,0.0,0.0005690046160093062,5370,2697,5433,0.19977777777777778,0.40244444444444444,1,0,0
flow,0.2,1.5,0,registered,during_vibration,flow_dump_0.2_1.5.shear.wave,2108,210800,210.8,0.2108,158683.45183699526,1297.5374298903268,0.008176891886768376,8.176891886768376e+17,109,0.0006869021233037475,6.869021233037475e+26,1010.7960524081836,18.82198694519707,116.34092061154304,47.29332684147563,0.0,104.28514308392684,0.006369889491983738,0.00011861342016010354,0.0007331635357356114,0.0002980356571147498,0.0,0.0006571897817741695,5368,2685,5447,0.1988888888888889,0.4034814814814815,1,0,0
flow,0.2,1.5,0,registered,during_vibration,flow_dump_0.2_1.5.shear.wave,2109,210900,210.9,0.2109,158683.45183699526,1274.6185097389587,0.008032460190293111,8.032460190293111e+17,108,0.0006806002689615113,6.806002689615113e+26,1041.4702310903692,5.548716764942518,105.50647187005603,30.489369326618945,0.0,91.60372068697158,0.006563193698106599,3.49672048389919e-05,0.0006648864178883358,0.0001921395644829973,0.0,0.0005772733049761854,5381,2716,5403,0.2011851851851852,0.4002222222222222,1,0,0
flow,0.2,1.5,0,registered,during_vibration,flow_dump_0.2_1.5.shear.wave,2110,211000,211.0,0.211,158683.45183699526,1112.4082677685485,0.007010234872576695,7.010234872576695e+17,97,0.000611279871196913,6.112798711969129e+26,943.3962707110123,0.0,81.05980736950973,28.45145943011212,0.0,59.5007302579147,0.005945145885029646,0.0,0.000510827099052376,0.0001792969531526096,0.0,0.00037496493534206556,5368,2707,5425,0.2005185185185185,0.40185185185185185,1,0,0
flow,0.2,1.5,0,registered,during_vibration,flow_dump_0.2_1.5.shear.wave,2111,211100,211.1,0.21109999999999998,158683.45183699526,1207.6893034775592,0.007610682081192288,7.610682081192288e+17,104,0.0006553928515925665,6.553928515925665e+26,980.9223488411938,16.73169097387317,91.72996135702985,40.13711406205594,0.0,78.16818824340609,0.006181629763441425,0.00010544067941665714,0.0005780688552909589,0.0002529382465367975,0.0,0.0004926045365064466,5390,2736,5374,0.20266666666666666,0.3980740740740741,1,0,0
flow,0.2,1.5,0,registered,during_vibration,flow_dump_0.2_1.5.shear.wave,2112,211200,211.20000000000002,0.2112,158683.45183699526,1228.9494368724534,0.007744660345143423,7.744660345143423e+17,104,0.0006553928515925665,6.553928515925665e+26,997.0147047792941,7.67128930660909,83.18701182086822,32.49334906233656,0.0,108.58308190334552,0.006283041446586753,4.8343347827404745e-05,0.0005242324316609939,0.00020476835288228275,0.0,0.0006842747661859886,5392,2757,5351,0.20422222222222222,0.3963703703703704,1,0,0
flow,0.2,1.5,0,registered,during_vibration,flow_dump_0.2_1.5.shear.wave,2113,211300,211.3,0.2113,158683.45183699526,1263.9926002222223,0.007965497256264857,7.965497256264856e+17,113,0.0007121095406726924,7.121095406726925e+26,1028.8327267521274,6.943615832524309,102.36570065046689,34.06066815903453,0.0,91.78988882806858,0.006483553986517621,4.3757655585013456e-05,0.0006450937351401974,0.00021464536953747857,0.0,0.0005784465094845436,5402,2725,5373,0.20185185185185187,0.398,1,0,0
flow,0.2,1.5,0,registered,during_vibration,flow_dump_0.2_1.5.shear.wave,2114,211400,211.4,0.21139999999999998,158683.45183699526,1242.346778985546,0.00782908844371324,7.829088443713239e+17,102,0.000642789142908094,6.42789142908094e+26,1022.0826823592558,3.5340623520953494,103.8444164333654,32.031793913896024,0.0,80.85382392693357,0.0064410161899501155,2.2271146179285613e-05,0.0006544123866175896,0.00020185969956590125,0.0,0.0005095290214003488,5374,2701,5425,0.20007407407407407,0.40185185185185185,1,0,0
flow,0.2,1.5,0,registered,during_vibration,flow_dump_0.2_1.5.shear.wave,2115,211500,211.5,0.2115,158683.45183699526,1250.5293564288459,0.007880653854904983,7.880653854904983e+17,101,0.0006364872885658578,6.364872885658577e+26,1018.0891593562305,2.656187265559854,116.60079356830087,23.86457751548376,0.0,89.31863872327054,0.00641584958967268,1.6738905253260907e-05,0.0007348012172565855,0.00015039109144158409,0.0,0.0005628730512808703,5356,2697,5447,0.19977777777777778,0.4034814814814815,1,0,0
flow,0.2,1.5,0,registered,during_vibration,flow_dump_0.2_1.5.shear.wave,2116,211600,211.6,0.21159999999999998,158683.45183699526,1246.3759011545485,0.007854479384749369,7.854479384749368e+17,106,0.0006679965602770389,6.679965602770389e+26,1022.7607866215099,3.297105147597794,107.20226300977696,31.61011736549897,0.0,81.50562901016443,0.00644528950423969,2.077787639119854e-05,0.0006755730466457118,0.00019920235537836608,0.0,0.0005136366020943988,5374,2712,5414,0.2008888888888889,0.401037037037037,1,0,0
flow,0.2,1.5,0,registered,during_vibration,flow_dump_0.2_1.5.shear.wave,2117,211700,211.70000000000002,0.2117,158683.45183699526,1196.9224346576084,0.007542830842166993,7.542830842166993e+17,102,0.000642789142908094,6.42789142908094e+26,979.7921045654783,3.0900533629869935,101.31950483208557,40.038384923131616,0.0,72.68238697392577,0.00617450712864472,1.9473066203281208e-05,0.0006385007614793017,0.000252316069883962,0.0,0.00045803381595572714,5368,2707,5425,0.2005185185185185,0.40185185185185185,1,0,0
flow,0.2,1.5,0,registered,during_vibration,flow_dump_0.2_1.5.shear.wave,2118,211800,211.8,0.2118,158683.4518369953,1271.2488326428731,0.00801122497605321,8.01122497605321e+17,103,0.0006490909972503301,6.490909972503302e+26,1029.787325623065,32.291458813948886,99.83355665072227,15.012068593694034,0.0,94.32442296144276,0.006489569729557531,0.00020349606994382567,0.0006291365324802393,9.460386965311866e-05,0.0,0.0005944187744184934,5388,2764,5348,0.20474074074074075,0.39614814814814814,1,0,0
flow,0.2,1.5,0,registered,during_vibration,flow_dump_0.2_1.5.shear.wave,2119,211900,211.9,0.21189999999999998,158683.45183699526,1275.8109427670872,0.00803997472954925,8.039974729549249e+17,110,0.0006932039776459838,6.932039776459838e+26,1020.6931920288645,20.83172327856662,107.61811564225374,33.240875523314216,0.0,93.42703629408804,0.0064322598242780435,0.00013127848579929833,0.000678193689363416,0.00020947915575633125,0.0,0.0005887635743521592,5399,2758,5343,0.2042962962962963,0.3957777777777778,1,0,0
flow,0.2,1.5,0,registered,during_vibration,flow_dump_0.2_1.5.shear.wave,2120,212000,212.0,0.212,158683.45183699526,1364.396462752104,0.00859822777332608,8.59822777332608e+17,114,0.0007184113950149286,7.184113950149286e+26,1122.8650061699152,5.374689752171785,96.23195175349441,41.75464347878922,0.0,98.1701715977339,0.007076131714876976,3.3870511952896254e-05,0.0006064397430196248,0.0002631316813153329,0.0,0.0006186541221612538,5396,2717,5387,0.20125925925925925,0.399037037037037,1,0,0
flow,0.2,1.5,0,registered,during_vibration,flow_dump_0.2_1.5.shear.wave,2121,212100,212.1,0.21209999999999998,158683.45183699526,1271.3182123422962,0.008011662196813284,8.011662196813284e+17,107,0.0006742984146192752,6.742984146192752e+26,1037.2096873826429,2.9891566896134147,103.01443247808436,43.4232843090176,0.0,84.68165148293815,0.006536344372241776,1.883723006406473e-05,0.0006491819486250154,0.00027364721277694034,0.0,0.0005336514331054877,5359,2685,5456,0.1988888888888889,0.40414814814814815,1,0,0
flow,0.2,1.5,0,registered,during_vibration,flow_dump_0.2_1.5.shear.wave,2122,212200,212.20000000000002,0.2122,158683.4518369953,1187.565599641123,0.007483865430788766,7.483865430788765e+17,101,0.0006364872885658577,6.364872885658577e+26,943.5025486141573,8.819436529537962,105.46698059832944,36.90708872165227,0.0,92.86954517744601,0.005945815632895062,5.5578804389745495e-05,0.000664637549646125,0.0002325830973198416,0.0,0.0005852503465379905,5350,2695,5455,0.19962962962962963,0.4040740740740741,1,0,0
flow,0.2,1.5,0,registered,during_vibration,flow_dump_0.2_1.5.shear.wave,2123,212300,212.3,0.2123,158683.45183699526,1242.6836730273824,0.00783121150089366,7.831211500893659e+17,104,0.0006553928515925665,6.553928515925665e+26,1044.810065838701,3.971402265419856,88.40256768058026,37.48020132463208,0.0,68.01943591804985,0.006584240850217724,2.5027198611102865e-05,0.0005571001050026957,0.00023619476946552023,0.0,0.0004286485775966205,5362,2706,5432,0.20044444444444445,0.4023703703703704,1,0,0
flow,0.2,1.5,0,registered,during_vibration,flow_dump_0.2_1.5.shear.wave,2124,212400,212.4,0.21239999999999998,158683.45183699526,1228.6242061963742,0.007742610788795144,7.742610788795144e+17,104,0.0006553928515925665,6.553928515925665e+26,965.4155464698579,3.8644244999213493,111.32130544854243,41.739135140253154,0.0,106.28379463780014,0.006083908153583424,2.435304031507337e-05,0.0007015306521243013,0.0002630339500247886,0.0,0.0006697849927475631,5353,2701,5446,0.20007407407407407,0.4034074074074074,1,0,0
flow,0.2,1.5,0,registered,during_vibration,flow_dump_0.2_1.5.shear.wave,2125,212500,212.5,0.2125,158683.45183699526,1189.9086046429359,0.007498630707033323,7.498630707033322e+17,106,0.0006679965602770389,6.679965602770389e+26,922.0664922284104,16.937559405577357,96.33853086789779,20.03632825834631,0.0,134.52969388270418,0.0058107287278801245,0.00010673803228692153,0.0006071113890745194,0.00012626602223732988,0.0,0.0008477865355544283,5390,2747,5363,0.20348148148148149,0.39725925925925926,1,0,0
flow,0.2,1.5,0,registered,during_vibration,flow_dump_0.2_1.5.shear.wave,2126,212600,212.6,0.21259999999999998,158683.4518369953,1265.595712651767,0.007975599837290074,7.975599837290074e+17,111,0.0006995058319882199,6.995058319882199e+26,1020.4980445021678,5.387716466531863,94.39026534101698,38.893719263292994,0.0,106.42596707875755,0.006431030032989552,3.395260440935138e-05,0.0005948337035041164,0.00024510255362509924,0.0,0.0006706809427619567,5390,2748,5362,0.20355555555555555,0.3971851851851852,1,0,0
flow,0.2,1.5,0,registered,during_vibration,flow_dump_0.2_1.5.shear.wave,2127,212700,212.70000000000002,0.2127,158683.45183699526,1237.0777143705895,0.007795883565989953,7.795883565989953e+17,101,0.0006364872885658578,6.364872885658577e+26,1029.7219544290947,0.0,83.32313671682827,33.298275411556375,0.0,90.73434781310975,0.006489157769814954,0.0,0.0005250902709276862,0.00020984088149129398,0.0,0.0005717946437560167,5380,2690,5430,0.19925925925925925,0.4022222222222222,1,0,0
flow,0.2,1.5,0,registered,during_vibration,flow_dump_0.2_1.5.shear.wave,2128,212800,212.8,0.2128,158683.45183699526,1261.3575937013215,0.007948891828979298,7.948891828979299e+17,98,0.0006175817255391491,6.1758172553914915e+26,1032.4956364255968,5.815238874132444,86.1975413340444,44.801782319067996,0.0,92.04739474848007,0.006506637109748592,3.664678835009238e-05,0.0005432043501460334,0.0002823343064473404,0.0,0.0005800692742872402,5352,2682,5466,0.19866666666666666,0.4048888888888889,1,0,0
flow,0.2,1.5,0,registered,during_vibration,flow_dump_0.2_1.5.shear.wave,2129,212900,212.9,0.21289999999999998,158683.45183699526,1176.2814877197693,0.007412754601078904,7.412754601078904e+17,100,0.0006301854342236216,6.301854342236216e+26,951.092537385265,0.0,128.15329484420423,17.25839057766801,0.0,79.77726491263252,0.005993646636589793,0.0,0.0008076033975858265,0.00010875986360188574,0.0,0.0005027447033014021,5362,2706,5432,0.20044444444444445,0.4023703703703704,1,0,0
flow,0.2,1.5,0,registered,during_vibration,flow_dump_0.2_1.5.shear.wave,2130,213000,213.0,0.213,158683.4518369953,1232.9503553201102,0.0077698735504357205,7.769873550435721e+17,94,0.0005923743081702042,5.923743081702042e+26,996.3640115167995,0.0,123.71420791667538,27.009596409851163,0.0,85.86253947678404,0.006278940872425037,0.0,0.0007796289183560146,0.00017021054241746824,0.0,0.0005410932172371999,5351,2706,5443,0.20044444444444445,0.4031851851851852,1,0,0
flow,0.2,1.5,0,registered,during_vibration,flow_dump_0.2_1.5.shear.wave,2131,213100,213.1,0.21309999999999998,158683.45183699526,1167.2360812310933,0.00735575176692095,7.35575176692095e+17,104,0.0006553928515925665,6.553928515925665e+26,964.7774348726468,0.0,92.44539443660403,29.741963248964154,0.0,80.27128867287838,0.006079886867243708,0.0,0.0005825774103500528,0.0001874295202471147,0.0,0.0005058579690800754,5370,2723,5407,0.2017037037037037,0.4005185185185185,1,0,0
flow,0.2,1.5,0,registered,during_vibration,flow_dump_0.2_1.5.shear.wave,2132,213200,213.20000000000002,0.2132,158683.45183699526,1211.2321131149827,0.0076330083514896015,7.633008351489601e+17,101,0.0006364872885658578,6.364872885658577e+26,956.68906648525,5.2129373627213695,124.03633195897434,20.405594107427767,0.0,104.88818320060975,0.006028915147799985,3.2851171955071074e-05,0.0007816588971507152,0.0001285930818318034,0.0,0.0006609900527520303,5384,2750,5366,0.2037037037037037,0.3974814814814815,1,0,0
flow,0.2,1.5,0,registered,during_vibration,flow_dump_0.2_1.5.shear.wave,2133,213300,213.3,0.2133,158683.45183699526,1229.6844856019786,0.007749292515171337,7.749292515171337e+17,103,0.0006490909972503302,6.490909972503302e+26,1005.1189469722435,0.0,97.1014403775559,32.07314853794878,0.0,95.39094971423003,0.006334113200440926,0.0,0.0006119191336806917,0.00020212031038305966,0.0,0.000601139870666657,5371,2723,5406,0.2017037037037037,0.40044444444444444,1,0,0
flow,0.2,1.5,0,registered,during_vibration,flow_dump_0.2_1.5.shear.wave,2134,213400,213.4,0.21339999999999998,158683.45183699526,1222.930866468106,0.007706732191106731,7.706732191106732e+17,103,0.0006490909972503302,6.490909972503302e+26,995.046381348767,12.21522748037341,100.81366222331043,34.50835235666058,0.0,80.34724305899448,0.006270637359029161,7.697858433859434e-05,0.000635313015038704,0.00021746661014223882,0.0,0.000506336622558033,5364,2685,5451,0.1988888888888889,0.4037777777777778,1,0,0
flow,0.2,1.5,0,registered,during_vibration,flow_dump_0.2_1.5.shear.wave,2135,213500,213.5,0.2135,158683.45183699526,1228.0069582016022,0.007738720981839054,7.738720981839054e+17,104,0.0006553928515925665,6.553928515925665e+26,1009.2561477594877,14.074411000388032,99.16085022960053,27.083765326877586,0.0,78.43178388524719,0.006360185237186723,8.869488807721249e-05,0.0006248972345992432,0.00017067794412929018,0.0,0.0004942656778465774,5352,2685,5463,0.1988888888888889,0.4046666666666667,1,0,0
flow,0.2,1.5,0,registered,during_vibration,flow_dump_0.2_1.5.shear.wave,2136,213600,213.6,0.21359999999999998,158683.45183699526,1299.6654954633755,0.008190302646040456,8.190302646040456e+17,105,0.0006616947059348027,6.616947059348027e+26,1053.9389549440195,0.0,130.6217532964224,21.590257050064707,0.0,93.51453017286924,0.006641769779665869,0.0,0.0008231592632015674,0.00013605865514094634,0.0,0.0005893149480320757,5363,2702,5435,0.20014814814814816,0.4025925925925926,1,0,0
flow,0.2,1.5,0,registered,during_vibration,flow_dump_0.2_1.5.shear.wave,2137,213700,213.70000000000002,0.2137,158683.4518369953,1209.3309727889405,0.007621027642070731,7.62102764207073e+17,98,0.000617581725539149,6.17581725539149e+26,976.5526259886091,4.443078298861149,107.53101802411626,28.99754103852421,0.0,91.80670943882946,0.006154092406508494,2.7999632270573626e-05,0.0006776448128603577,0.00018273827990779665,0.0,0.0005785525105235059,5338,2714,5448,0.20103703703703704,0.40355555555555556,1,0,0
flow,0.2,1.5,0,registered,during_vibration,flow_dump_0.2_1.5.shear.wave,2138,213800,213.8,0.2138,158683.45183699526,1214.4277750680885,0.0076531469476451,7.6531469476451e+17,107,0.0006742984146192752,6.742984146192752e+26,993.5131727931795,10.152010767356597,113.71148859383453,20.085649031818498,0.0,76.96545388189901,0.006260975302035578,6.397649313669498e-05,0.0007165932381572001,0.00012657683456779805,0.0,0.0004850250797478265,5375,2750,5375,0.2037037037037037,0.39814814814814814,1,0,0
flow,0.2,1.5,0,registered,during_vibration,flow_dump_0.2_1.5.shear.wave,2139,213900,213.9,0.21389999999999998,158683.45183699526,1201.9664075687417,0.007574617224759141,7.574617224759141e+17,108,0.0006806002689615113,6.806002689615113e+26,969.2849123658339,11.695902672934412,84.97628588828921,41.38578938778603,0.0,94.62351725389831,0.0061082923338566806,7.37058750458039e-05,0.0005355081762122214,0.0002608072165602929,0.0,0.0005963036230841426,5371,2759,5370,0.20437037037037037,0.3977777777777778,1,0,0
flow,0.2,1.5,0,registered,during_vibration,flow_dump_0.2_1.5.shear.wave,2140,214000,214.0,0.214,158683.45183699526,1262.0365313227885,0.007953170394977246,7.953170394977245e+17,111,0.00069950583198822,6.995058319882199e+26,1018.2112222595209,4.866514689791181,90.16549664348013,33.422005444350475,0.0,115.37129228564541,0.006416618812309807,3.0668066729416885e-05,0.0005682098265426002,0.0002106206101357225,0.0,0.0007270530792596982,5367,2706,5427,0.20044444444444445,0.402,1,0,0
flow,0.2,1.5,0,registered,during_vibration,flow_dump_0.2_1.5.shear.wave,2141,214100,214.1,0.21409999999999998,158683.4518369953,1218.3142684501731,0.007677639062841061,7.677639062841061e+17,103,0.0006490909972503301,6.490909972503302e+26,997.3495633165411,8.10375362837211,98.18878889342994,32.90254576210407,0.0,81.76961684972576,0.006285151676313737,5.1068674991369255e-05,0.0006187714456469765,0.00020734705088154128,0.0,0.0005153002150074359,5354,2696,5450,0.19970370370370372,0.40370370370370373,1,0,0
flow,0.2,1.5,0,registered,during_vibration,flow_dump_0.2_1.5.shear.wave,2142,214200,214.20000000000002,0.2142,158683.45183699526,1214.2822574609172,0.007652229916880476,7.652229916880476e+17,97,0.000611279871196913,6.112798711969129e+26,1005.9472238321554,2.4778703434908644,101.04669979563634,16.129830129562436,0.0,88.68063336007198,0.006339332880567135,1.561517798362625e-05,0.0006367815838757702,0.00010164784004151558,0.0,0.0005588524344124275,5346,2693,5461,0.19948148148148148,0.4045185185185185,1,0,0
flow,0.2,1.5,0,registered,during_vibration,flow_dump_0.2_1.5.shear.wave,2143,214300,214.3,0.2143,158683.45183699526,1188.6510319501756,0.007490705667098773,7.490705667098774e+17,103,0.0006490909972503302,6.490909972503302e+26,974.8011841440857,0.0,109.22011538350435,22.267067824372994,0.0,82.36266459821265,0.006143055075115412,0.0,0.0006882892583890774,0.0001403238180578933,0.0,0.0005190375155363914,5359,2708,5433,0.2005925925925926,0.40244444444444444,1,0,0
flow,0.2,1.5,0,registered,during_vibration,flow_dump_0.2_1.5.shear.wave,2144,214400,214.4,0.21439999999999998,158683.45183699526,1273.0503447889046,0.00802257784319327,8.02257784319327e+17,105,0.0006616947059348027,6.616947059348027e+26,1052.1318957437911,0.0,101.23668074079156,22.865259688723448,0.0,96.8165086155982,0.006630381955798232,0.0,0.0006379788161199388,0.00014409353605574057,0.0,0.0006101235352193575,5342,2712,5446,0.2008888888888889,0.4034074074074074,1,0,0
flow,0.2,1.5,0,registered,during_vibration,flow_dump_0.2_1.5.shear.wave,2145,214500,214.5,0.2145,158683.4518369953,1212.7907331384317,0.0076428305478522685,7.642830547852269e+17,108,0.0006806002689615112,6.806002689615112e+26,971.8998150496562,2.4080639973195037,119.42175934171185,13.901323155846336,0.0,105.1597715938975,0.00612477106968925,1.5175268557890611e-05,0.000752578532665055,8.760411369249907e-05,0.0,0.0006627015632475715,5381,2745,5374,0.20333333333333334,0.3980740740740741,1,0,0
flow,0.2,1.5,0,registered,during_vibration,flow_dump_0.2_1.5.shear.wave,2146,214600,214.6,0.21459999999999999,158683.45183699526,1288.956823597145,0.008122818155740669,8.12281815574067e+17,113,0.0007121095406726924,7.121095406726925e+26,989.4522094794593,12.878011809220986,112.53016331069843,44.76408554572979,0.0,129.33235345203576,0.0062353837027433485,8.115535463930854e-05,0.0007091486982920754,0.0002820967468725907,0.0,0.0008150336531933406,5374,2750,5376,0.2037037037037037,0.3982222222222222,1,0,0
flow,0.2,1.5,0,registered,during_vibration,flow_dump_0.2_1.5.shear.wave,2147,214700,214.70000000000002,0.2147,158683.45183699526,1216.295061897617,0.007664914317259965,7.664914317259965e+17,102,0.000642789142908094,6.42789142908094e+26,995.1385901997882,0.0,93.91563269433917,34.67903964646635,0.0,92.56179935702289,0.0062712184457773615,0.0,0.0005918426376986828,0.00021854225658066585,0.0,0.0005833109772032521,5358,2696,5446,0.19970370370370372,0.4034074074074074,1,0,0
flow,0.2,1.5,0,registered,during_vibration,flow_dump_0.2_1.5.shear.wave,2148,214800,214.8,0.2148,158683.45183699526,1199.0974863839213,0.007556537701333046,7.556537701333046e+17,99,0.0006238835798813854,6.238835798813854e+26,974.9572131060462,0.0,92.69630523728952,25.924081917085644,0.0,105.51988612349975,0.006144038346906857,0.0,0.0005841586136688667,0.00016336978819767354,0.0,0.0006649709525596479,5349,2678,5473,0.19837037037037036,0.4054074074074074,1,0,0
flow,0.2,1.5,0,registered,during_vibration,flow_dump_0.2_1.5.shear.wave,2149,214900,214.9,0.21489999999999998,158683.4518369953,1194.4937905863806,0.0075275258809809785,7.527525880980978e+17,97,0.0006112798711969128,6.1127987119691286e+26,945.3213230901873,3.311009140052982,125.56438154418096,18.482214843602964,0.0,101.81486196835674,0.005957277284724381,2.086549732642668e-05,0.0007912884430644016,0.00011647222586630196,0.0,0.0006416224299994697,5367,2694,5439,0.19955555555555557,0.4028888888888889,1,0,0
flow,0.2,1.5,0,registered,during_vibration,flow_dump_0.2_1.5.shear.wave,2150,215000,215.0,0.215,158683.45183699526,1170.014913768231,0.007373263564811459,7.373263564811459e+17,99,0.0006238835798813854,6.238835798813854e+26,959.4549048989414,3.6255755056667804,88.46386466189249,28.098284236326748,0.0,90.37228446540362,0.00604634505861723,2.2847848743491463e-05,0.0005574863896505441,0.00017707129452408313,0.0,0.0005695129732761103,5343,2694,5463,0.19955555555555557,0.4046666666666667,1,0,0
flow,0.2,1.5,0,registered,during_vibration,flow_dump_0.2_1.5.shear.wave,2151,215100,215.1,0.21509999999999999,158683.45183699526,1171.8898679835468,0.00738507925317474,7.38507925317474e+17,100,0.0006301854342236216,6.301854342236216e+26,949.9810633338917,5.060823409839598,105.19922525028574,24.988727536689527,0.0,86.66002845284022,0.0059866422890128635,3.189257198058836e-05,0.0006629501944433989,0.0001574753211340446,0.0,0.0005461188766038452,5341,2716,5443,0.2011851851851852,0.4031851851851852,1,0,0
flow,0.2,1.5,0,registered,during_vibration,flow_dump_0.2_1.5.shear.wave,2152,215200,215.20000000000002,0.2152,158683.45183699526,1239.6168981606718,0.007811885132383218,7.811885132383218e+17,111,0.00069950583198822,6.995058319882199e+26,996.4560660640843,5.382797290448062,94.89744367163478,31.95506936681741,0.0,110.92552176768704,0.006279520986773568,3.392160447818746e-05,0.0005980298674692084,0.00020137619264573779,0.0,0.0006990364810165165,5367,2755,5378,0.20407407407407407,0.3983703703703704,1,0,0
flow,0.2,1.5,0,registered,during_vibration,flow_dump_0.2_1.5.shear.wave,2153,215300,215.3,0.2153,158683.45183699526,1226.5002082437695,0.007729225663074622,7.729225663074623e+17,102,0.000642789142908094,6.42789142908094e+26,1006.2043044842919,5.820706617933556,102.47755681935737,32.88105192199557,0.0,79.116588400191,0.006340952965391107,3.668124527510766e-05,0.0006457986364238258,0.00020721159983192226,0.0,0.0004985812161526591,5367,2722,5411,0.20162962962962963,0.4008148148148148,1,0,0
flow,0.2,1.5,0,registered,during_vibration,flow_dump_0.2_1.5.shear.wave,2154,215400,215.4,0.21539999999999998,158683.45183699526,1212.917563943625,0.007643629817112706,7.643629817112707e+17,98,0.0006175817255391491,6.1758172553914915e+26,1023.3825803642643,0.0,90.54768768303995,20.803813015314695,0.0,78.18348288100636,0.006449207957837442,0.0,0.000570618338804814,0.0001311025993856312,0.0,0.0004927009210848207,5349,2682,5469,0.19866666666666666,0.4051111111111111,1,0,0
flow,0.2,1.5,0,registered,during_vibration,flow_dump_0.2_1.5.shear.wave,2155,215500,215.5,0.2155,158683.45183699526,1246.630356157472,0.007856082923114446,7.856082923114446e+17,100,0.0006301854342236216,6.301854342236216e+26,1021.637550322682,6.804193855847587,104.03564015658023,27.70381301239001,0.0,86.44915880997202,0.006438211032692564,4.2879038595890095e-05,0.0006556174506680695,0.00017458539432863018,0.0,0.0005447900068292904,5353,2675,5472,0.19814814814814816,0.4053333333333333,1,0,0
flow,0.2,1.5,0,registered,during_vibration,flow_dump_0.2_1.5.shear.wave,2156,215600,215.6,0.21559999999999999,158683.45183699526,1187.1455739643886,0.007481218490153987,7.481218490153988e+17,96,0.0006049780168546768,6.049780168546768e+26,965.2405408713021,0.0,104.8261977743914,17.517642347253453,0.0,99.56119297144244,0.0060828052937922485,0.0,0.0006605994296246608,0.00011039363049178019,0.0,0.0006274201362453023,5366,2702,5432,0.20014814814814816,0.4023703703703704,1,0,0
flow,0.2,1.5,0,registered,during_vibration,flow_dump_0.2_1.5.shear.wave,2157,215700,215.70000000000002,0.2157,158683.45183699526,1198.1291815211875,0.007550435585129219,7.550435585129219e+17,97,0.000611279871196913,6.112798711969129e+26,995.5128407522955,0.0,103.80494989169433,28.515254148921194,0.0,70.29613672827645,0.006273576918246764,0.0,0.0006541636742205867,0.0001796989781783483,0.0,0.0004429960144835197,5349,2703,5448,0.20022222222222222,0.40355555555555556,1,0,0
flow,0.2,1.5,0,registered,during_vibration,flow_dump_0.2_1.5.shear.wave,2158,215800,215.8,0.2158,158683.45183699526,1177.9845096902789,0.007423486797478684,7.423486797478684e+17,105,0.0006616947059348027,6.616947059348027e+26,930.991841867417,11.684147445842019,113.53706992401705,29.21390544024144,0.0,92.55754501276081,0.005866974981258674,7.363179531690772e-05,0.0007154940771054437,0.00018410177685226374,0.0,0.0005832841669453908,5367,2732,5401,0.20237037037037037,0.4000740740740741,1,0,0
flow,0.2,1.5,0,registered,during_vibration,flow_dump_0.2_1.5.shear.wave,2159,215900,215.9,0.21589999999999998,158683.45183699526,1181.8493118980828,0.007447842218053817,7.447842218053816e+17,108,0.0006806002689615113,6.806002689615113e+26,954.729152136048,4.325562408347442,109.08188629717881,22.9875538543834,0.0,90.72515720212499,0.006016564053048055,2.725906424565807e-05,0.0006874181588211935,0.00014486421607463488,0.0,0.0005717367258642747,5369,2741,5390,0.20303703703703704,0.39925925925925926,1,0,0
flow,0.2,1.5,0,registered,during_vibration,flow_dump_0.2_1.5.shear.wave,2160,216000,216.0,0.216,158683.4518369953,1199.794861153222,0.007560932455551128,7.560932455551128e+17,103,0.0006490909972503301,6.490909972503302e+26,967.9017543155161,4.458068718236895,90.72858959640352,31.46807014100446,0.0,105.23837838206161,0.006099575873291285,2.809409971000861e-05,0.000571758356313063,0.00019830719445988274,0.0,0.0006631969317768927,5370,2702,5428,0.20014814814814816,0.4020740740740741,1,0,0
flow,0.2,1.5,0,registered,during_vibration,flow_dump_0.2_1.5.shear.wave,2161,216100,216.1,0.2161,158683.45183699526,1176.5529225307027,0.007414465143720819,7.414465143720819e+17,100,0.0006301854342236216,6.301854342236216e+26,975.5121506404861,7.286804872337617,92.10631161551646,33.2950971177263,0.0,68.35255828463633,0.006147535482417937,4.5920382925768826e-05,0.0005804405598016045,0.00020982085234652,0.0,0.0004307478662289895,5342,2669,5489,0.19770370370370371,0.4065925925925926,1,0,0
flow,0.2,1.5,0,registered,during_vibration,flow_dump_0.2_1.5.shear.wave,2162,216200,216.20000000000002,0.2162,158683.45183699526,1203.5150434019793,0.007584376502209371,7.584376502209371e+17,100,0.0006301854342236216,6.301854342236216e+26,979.5190505043519,6.4840485372230185,116.99773142909304,33.14557382369273,0.0,67.36863910761882,0.006172786381723945,4.0861529429569264e-05,0.0007373026618382165,0.00020887857832674908,0.0,0.0004245473508908922,5357,2688,5455,0.1991111111111111,0.4040740740740741,1,0,0
flow,0.2,1.5,0,registered,during_vibration,flow_dump_0.2_1.5.shear.wave,2163,216300,216.3,0.2163,158683.45183699526,1152.3948492281506,0.007262224484579071,7.262224484579071e+17,100,0.0006301854342236216,6.301854342236216e+26,974.9327048903704,0.0,97.46333427796574,19.93426570337838,0.0,60.06454435643587,0.00614388389970148,0.0,0.0006141997363284182,0.0001256228388821255,0.0,0.00037851800966704516,5346,2694,5460,0.19955555555555557,0.40444444444444444,1,0,0
flow,0.2,1.5,0,registered,during_vibration,flow_dump_0.2_1.5.shear.wave,2164,216400,216.4,0.21639999999999998,158683.4518369953,1129.8288503236695,0.007120016846395967,7.120016846395967e+17,99,0.0006238835798813853,6.238835798813853e+26,909.1427526731502,5.930050744372274,100.08999743023212,23.019389841407328,0.0,91.64665963450777,0.005729285203645877,3.737031603310351e-05,0.0006307525849201199,0.00014506484182770098,0.0,0.0005775438999691672,5336,2696,5468,0.19970370370370372,0.40503703703703703,1,0,0
flow,0.2,1.5,0,registered,during_vibration,flow_dump_0.2_1.5.shear.wave,2165,216500,216.5,0.2165,158683.45183699526,1173.8178691040105,0.00739722923540757,7.39722923540757e+17,107,0.0006742984146192752,6.742984146192752e+26,971.0321094072744,4.758964723982982,103.11196623191563,12.759156241153333,0.0,82.15567249968407,0.006119302915119025,2.9990302510381127e-05,0.0006497965921351116,8.040634416158244e-05,0.0,0.0005177330814814706,5358,2734,5408,0.20251851851851851,0.4005925925925926,1,0,0
flow,0.2,1.5,0,registered,during_vibration,flow_dump_0.2_1.5.shear.wave,2166,216600,216.6,0.2166,158683.45183699526,1274.7200733523223,0.008033100229391,8.033100229391e+17,110,0.0006932039776459838,6.932039776459838e+26,1034.5841370624876,9.945632332735578,99.6346166285355,26.361225255948536,0.0,104.19446207261544,0.006519798536555946,6.26759263023346e-05,0.0006278828414375771,0.0001661246018458663,0.0,0.0006566183232492783,5364,2743,5393,0.2031851851851852,0.3994814814814815,1,0,0
flow,0.2,1.5,0,registered,during_vibration,flow_dump_0.2_1.5.shear.wave,2167,216700,216.70000000000002,0.2167,158683.45183699526,1227.3640832690935,0.0077346696776541095,7.73466967765411e+17,103,0.0006490909972503302,6.490909972503302e+26,986.5425656716842,5.355511766943819,97.57205171515804,35.58065441728813,0.0,102.31329969801936,0.006217047551278961,3.3749655083412054e-05,0.0006148848577820653,0.0002242241015391934,0.0,0.0006447635119704786,5344,2697,5459,0.19977777777777778,0.4043703703703704,1,0,0
flow,0.2,1.5,0,registered,during_vibration,flow_dump_0.2_1.5.shear.wave,2168,216800,216.8,0.2168,158683.4518369953,1238.580543315214,0.0078053541751002715,7.805354175100271e+17,101,0.0006364872885658577,6.364872885658577e+26,1005.6444263086571,14.378256234128909,85.0125953213297,51.913877601061756,0.0,81.63138785003623,0.006337424694678858,9.060967648283019e-05,0.0005357369929704917,0.0003271536949825704,0.0,0.0005144291159855194,5339,2666,5495,0.19748148148148148,0.40703703703703703,1,0,0
flow,0.2,1.5,0,registered,during_vibration,flow_dump_0.2_1.5.shear.wave,2169,216900,216.9,0.21689999999999998,158683.45183699526,1203.9162913837702,0.007586905108545734,7.586905108545733e+17,100,0.0006301854342236216,6.301854342236216e+26,990.3416554903171,7.284791821722035,111.41318991106091,21.636972294972587,0.0,73.23968186569772,0.0062409888619490575,4.590769697400588e-05,0.0007021096946234073,0.0001363530478099177,0.0,0.00046154580718934623,5359,2694,5447,0.19955555555555557,0.4034814814814815,1,0,0
flow,0.2,1.5,0,registered,during_vibration,flow_dump_0.2_1.5.shear.wave,2170,217000,217.0,0.217,158683.45183699526,1137.2264726481715,0.007166635584763855,7.166635584763854e+17,92,0.0005797705994857318,5.7977059948573184e+26,933.9150611668257,2.2826482302724638,102.84861600455977,25.575610539670855,0.0,72.60453670684302,0.005885396683493962,1.438491666174034e-05,0.0006481369973613202,0.0001611737723347671,0.0,0.0004575432149120674,5321,2701,5478,0.20007407407407407,0.4057777777777778,1,0,0
flow,0.2,1.5,0,registered,during_vibration,flow_dump_0.2_1.5.shear.wave,2171,217100,217.1,0.2171,158683.45183699526,1260.4828995085122,0.007943379633582213,7.943379633582213e+17,108,0.0006806002689615113,6.806002689615113e+26,1054.572920512767,10.19094664811781,89.80622435877285,33.474386369424295,0.0,72.43842161943031,0.006645764938338109,6.422186138593884e-05,0.0005659457449351726,0.0002109507070958493,0.0,0.0004564963818271447,5337,2706,5457,0.20044444444444445,0.4042222222222222,1,0,0
flow,0.2,1.5,0,registered,during_vibration,flow_dump_0.2_1.5.shear.wave,2172,217200,217.20000000000002,0.21719999999999998,158683.45183699526,1185.990289966375,0.00747393805867459,7.47393805867459e+17,106,0.0006679965602770389,6.679965602770389e+26,921.529815979989,7.256902572800869,114.35944340629707,26.670352087501392,0.0,116.17377591978669,0.005807346672333635,4.5731942989590324e-05,0.00072067655500569,0.00016807267411158937,0.0,0.0007321102142340849,5369,2755,5376,0.20407407407407407,0.3982222222222222,1,0,0
flow,0.2,1.5,0,registered,during_vibration,flow_dump_0.2_1.5.shear.wave,2173,217300,217.3,0.2173,158683.45183699526,1256.130932558931,0.007915954171763726,7.915954171763726e+17,105,0.0006616947059348027,6.616947059348027e+26,1007.7246662588273,14.973078127741339,95.99368706829972,36.76811163227713,0.0,100.67138947178596,0.006350534063841732,9.435815741594887e-05,0.0006049382336786291,0.00023170728394569158,0.0,0.0006344164328817276,5353,2716,5431,0.2011851851851852,0.4022962962962963,1,0,0
flow,0.2,1.5,0,registered,during_vibration,flow_dump_0.2_1.5.shear.wave,2174,217400,217.4,0.21739999999999998,158683.45183699526,1244.4297865781678,0.007842215254155713,7.842215254155713e+17,98,0.0006175817255391491,6.1758172553914915e+26,1017.1051381107537,4.061455818675933,85.86260641533534,45.33864465942769,0.0,92.06194157397447,0.00640964843111402,2.5594702986723472e-05,0.0005410936390742001,0.00028571753471811923,0.0,0.0005801609462626478,5353,2684,5463,0.1988148148148148,0.4046666666666667,1,0,0
flow,0.2,1.5,0,registered,during_vibration,flow_dump_0.2_1.5.shear.wave,2175,217500,217.5,0.2175,158683.45183699526,1207.9504616589118,0.007612327862011455,7.612327862011455e+17,102,0.000642789142908094,6.42789142908094e+26,979.214894392464,3.628540085707674,113.49954757891669,32.78206586582669,0.0,78.82541373599591,0.006170869634209527,2.2866531095095078e-05,0.0007152576167520422,0.00020658780412403355,0.0,0.0004967462758307521,5355,2664,5481,0.19733333333333333,0.406,1,0,0
flow,0.2,1.5,0,registered,during_vibration,flow_dump_0.2_1.5.shear.wave,2176,217600,217.6,0.2176,158683.45183699526,1181.986826819976,0.0074487088170614715,7.448708817061472e+17,99,0.0006238835798813854,6.238835798813854e+26,985.916992300388,0.0,99.96692947261967,16.88614131464226,0.0,79.21676373232651,0.00621310527901267,0.0,0.0006299770285770498,0.00010641400296729269,0.0,0.0004992125065044623,5348,2692,5460,0.1994074074074074,0.40444444444444444,1,0,0
flow,0.2,1.5,0,registered,during_vibration,flow_dump_0.2_1.5.shear.wave,2177,217700,217.70000000000002,0.21769999999999998,158683.45183699526,1138.1961191984649,0.007172746156087256,7.172746156087256e+17,96,0.0006049780168546768,6.049780168546768e+26,950.3693296110521,0.0,98.61608781255761,23.42715966503579,0.0,65.7835421098198,0.00598908908653753,0.0,0.0006214642211959142,0.00014763454786136693,0.0,0.0004145583004924469,5332,2688,5480,0.1991111111111111,0.4059259259259259,1,0,0
flow,0.2,1.5,0,registered,during_vibration,flow_dump_0.2_1.5.shear.wave,2178,217800,217.8,0.2178,158683.45183699526,1180.1131802455006,0.007436901369260299,7.436901369260298e+17,105,0.0006616947059348027,6.616947059348027e+26,964.4609259924089,5.350713910654292,108.39090427646194,19.309965562426072,0.0,82.60067050354947,0.006077892274382424,3.371941969192048e-05,0.0006830636907735317,0.00012168859032800653,0.0,0.0005205373940844161,5368,2729,5403,0.20214814814814816,0.4002222222222222,1,0,0
flow,0.2,1.5,0,registered,during_vibration,flow_dump_0.2_1.5.shear.wave,2179,217900,217.9,0.21789999999999998,158683.4518369953,1197.3957822595405,0.007545813809807614,7.545813809807615e+17,104,0.0006553928515925663,6.553928515925663e+26,925.3644974073486,20.822773384585744,98.58011733232695,39.43966795770273,0.0,113.18872617757727,0.005831512276137732,0.00013122208487105236,0.0006212375404688801,0.0002485430427756035,0.0,0.0007132988655543512,5360,2740,5400,0.20296296296296296,0.4,1,0,0
flow,0.2,1.5,0,registered,during_vibration,flow_dump_0.2_1.5.shear.wave,2180,218000,218.0,0.218,158683.45183699526,1240.9431348583057,0.007820242882875037,7.820242882875036e+17,108,0.0006806002689615113,6.806002689615113e+26,1002.5008348722262,13.260708770221708,86.34707772895777,32.875673505244535,0.0,105.95883998165503,0.00631761423933497,8.356705514475154e-05,0.0005441467067256406,0.00020717770583296538,0.0,0.0006677371758367052,5358,2692,5450,0.1994074074074074,0.40370370370370373,1,0,0
flow,0.2,1.5,0,registered,during_vibration,flow_dump_0.2_1.5.shear.wave,2181,218100,218.1,0.2181,158683.45183699526,1205.4348859055815,0.007596475070027107,7.596475070027107e+17,101,0.0006364872885658578,6.364872885658577e+26,977.8084365810873,7.9727360609231726,104.40097269254542,39.45734068393189,0.0,75.79539988709456,0.0061620063419437305,5.0243021365031956e-05,0.000657919723096202,0.00024865441372212986,0.0,0.00047765156990001726,5354,2664,5482,0.19733333333333333,0.4060740740740741,1,0,0
flow,0.2,1.5,0,registered,during_vibration,flow_dump_0.2_1.5.shear.wave,2182,218200,218.20000000000002,0.21819999999999998,158683.45183699526,1225.3537124151721,0.00772200061335882,7.72200061335882e+17,100,0.0006301854342236216,6.301854342236216e+26,1017.3628179755252,0.0,95.70977055773346,26.695754462914465,0.0,85.58536941899901,0.006411272292088737,0.0,0.0006031490331836845,0.00016823275618138935,0.0,0.0005393465319050095,5361,2678,5461,0.19837037037037036,0.4045185185185185,1,0,0
flow,0.2,1.5,0,registered,during_vibration,flow_dump_0.2_1.5.shear.wave,2183,218300,218.3,0.2183,158683.4518369953,1109.709817352492,0.006993229631104959,6.993229631104959e+17,93,0.000586072453827968,5.8607245382796806e+26,933.1329363437056,0.0,90.80845769820736,20.71823278467937,0.0,65.05019052589954,0.005880467846781211,0.0,0.0005722616734572216,0.00013056328523759238,0.0,0.0004099368256289331,5342,2680,5478,0.1985185185185185,0.4057777777777778,1,0,0
flow,0.2,1.5,0,registered,during_vibration,flow_dump_0.2_1.5.shear.wave,2184,218400,218.4,0.21839999999999998,158683.45183699526,1179.0276743311024,0.007430060669100125,7.430060669100124e+17,102,0.000642789142908094,6.42789142908094e+26,965.5285242434359,4.330817281410716,106.05693206643052,22.70967954414516,0.0,80.40172119568001,0.006084620123056422,2.7292179690289763e-05,0.0006683553378670866,0.00014311309264606416,0.0,0.0005066799358402616,5343,2694,5463,0.19955555555555557,0.4046666666666667,1,0,0
flow,0.2,1.5,0,registered,during_vibration,flow_dump_0.2_1.5.shear.wave,2185,218500,218.5,0.2185,158683.45183699526,1148.4628866894095,0.007237445829380794,7.237445829380795e+17,98,0.0006175817255391491,6.1758172553914915e+26,960.3398448238898,4.239389264729274,93.63423303942406,16.8847351851325,0.0,73.36468437623421,0.006051921821125884,2.6716013646363776e-05,0.0005900692980614523,0.00010640514174393585,0.0,0.00046233355480316103,5362,2735,5403,0.2025925925925926,0.4002222222222222,1,0,0
flow,0.2,1.5,0,registered,during_vibration,flow_dump_0.2_1.5.shear.wave,2186,218600,218.6,0.2186,158683.45183699526,1193.04519251149,0.007518397026912576,7.518397026912576e+17,107,0.0006742984146192752,6.742984146192752e+26,952.2694171690723,10.132846973392207,95.482483191761,33.98945106756034,0.0,101.17099410970427,0.006001063161565669,6.385572569848678e-05,0.0006017167013094956,0.0002141965698003305,0.0,0.0006375648685385944,5363,2727,5410,0.202,0.40074074074074073,1,0,0
flow,0.2,1.5,0,registered,during_vibration,flow_dump_0.2_1.5.shear.wave,2187,218700,218.70000000000002,0.21869999999999998,158683.4518369953,1185.577516894173,0.0074713368228971734,7.471336822897174e+17,101,0.0006364872885658577,6.364872885658577e+26,976.9611946464618,9.898468938779288,92.08210186349422,28.946209030772557,0.0,77.68954241466614,0.006156667146679085,6.237870946333655e-05,0.0005802879934706985,0.00018241479307185118,0.0,0.0004895881802122083,5361,2686,5453,0.19896296296296295,0.4039259259259259,1,0,0
flow,0.2,1.5,0,registered,during_vibration,flow_dump_0.2_1.5.shear.wave,2188,218800,218.8,0.2188,158683.45183699526,1197.028925005181,0.00754350192882625,7.54350192882625e+17,102,0.000642789142908094,6.42789142908094e+26,977.6644418480316,8.88239101482657,98.69833997004123,35.07496339925409,0.0,76.7087887730276,0.006161098908109964,5.597553438622477e-05,0.0006219825623117106,0.0002210373104013657,0.0,0.00048340761361698474,5343,2655,5502,0.19666666666666666,0.40755555555555556,1,0,0
flow,0.2,1.5,0,registered,during_vibration,flow_dump_0.2_1.5.shear.wave,2189,218900,218.9,0.21889999999999998,158683.45183699526,1230.3612849826418,0.007753557606287192,7.753557606287192e+17,99,0.0006238835798813854,6.238835798813854e+26,1028.2265058769747,3.738474487205489,90.56838877538578,31.438732177582263,0.0,76.3891836654933,0.006479733670863185,2.3559321680535222e-05,0.0005707487940735026,0.00019812231088769822,0.0,0.0004813935087822688,5364,2680,5456,0.1985185185185185,0.40414814814814815,1,0,0
flow,0.2,1.5,0,registered,during_vibration,flow_dump_0.2_1.5.shear.wave,2190,219000,219.0,0.219,158683.45183699526,1160.30646772773,0.007312082351974761,7.312082351974761e+17,93,0.0005860724538279681,5.860724538279681e+26,945.9392776867223,0.0,92.88990461955366,48.76610415184121,0.0,72.71118126961312,0.005961171544581861,0.0,0.0005853786487766422,0.0003073168852032241,0.0,0.00045821527341303607,5336,2671,5493,0.19785185185185186,0.4068888888888889,1,0,0
flow,0.2,1.5,0,registered,during_vibration,flow_dump_0.2_1.5.shear.wave,2191,219100,219.1,0.2191,158683.4518369953,1171.7969419881197,0.00738449364708695,7.38449364708695e+17,104,0.0006553928515925663,6.553928515925663e+26,921.0009529354685,8.321650475205566,102.22129383182133,36.92282053482448,0.0,103.33022421079973,0.005804013854460074,5.2441829181746256e-05,0.0006441837044030672,0.00023268223691499213,0.0,0.0006511720221270699,5356,2696,5448,0.19970370370370372,0.40355555555555556,1,0,0
flow,0.2,1.5,0,registered,during_vibration,flow_dump_0.2_1.5.shear.wave,2192,219200,219.20000000000002,0.21919999999999998,158683.45183699526,1155.0560706477484,0.007278995114337814,7.278995114337814e+17,100,0.0006301854342236216,6.301854342236216e+26,937.1330646314094,4.134346770003733,99.27360575296959,19.9877233220574,0.0,94.52733017130869,0.0059056760726005795,2.6054051144858295e-05,0.0006256078034837975,0.0001259597210085235,0.0,0.0005956974661000581,5367,2741,5392,0.20303703703703704,0.39940740740740743,1,0,0
flow,0.2,1.5,0,registered,during_vibration,flow_dump_0.2_1.5.shear.wave,2193,219300,219.3,0.2193,158683.45183699526,1216.4648759066608,0.007665984460410231,7.665984460410231e+17,106,0.0006679965602770389,6.679965602770389e+26,1022.9435233256476,2.0376614023989044,78.253742201249,29.50177828575925,0.0,83.72817069160614,0.006446441084332146,1.2841045356714672e-05,0.0004931436850871744,0.00018591590959380204,0.0,0.0005276427360403932,5373,2707,5420,0.2005185185185185,0.4014814814814815,1,0,0
flow,0.2,1.5,0,registered,during_vibration,flow_dump_0.2_1.5.shear.wave,2194,219400,219.4,0.21939999999999998,158683.45183699526,1187.8778471529445,0.007485833169126991,7.485833169126991e+17,101,0.0006364872885658578,6.364872885658577e+26,972.7962881239163,10.292528829160496,100.7738406275571,33.65948099412102,0.0,70.35570857818986,0.006130420512424975,6.486201749463651e-05,0.0006350620651425911,0.00021211714646021893,0.0,0.00044337142760457156,5359,2660,5481,0.19703703703703704,0.406,1,0,0
flow,0.2,1.5,0,registered,during_vibration,flow_dump_0.2_1.5.shear.wave,2195,219500,219.5,0.2195,158683.45183699526,1254.5548353357115,0.007906021836633794,7.906021836633795e+17,104,0.0006553928515925665,6.553928515925665e+26,1023.0000445204128,8.64457459603373,90.61967822120495,34.264809655854876,0.0,98.02572834220516,0.006446797272668806,5.447684995480004e-05,0.000571072012690349,0.00021593183951564647,0.0,0.0006177438618041932,5341,2659,5500,0.19696296296296295,0.4074074074074074,1,0,0
flow,0.2,1.5,0,registered,during_vibration,flow_dump_0.2_1.5.shear.wave,2196,219600,219.6,0.2196,158683.45183699526,1196.8976183458487,0.007542674453384972,7.542674453384972e+17,99,0.0006238835798813854,6.238835798813854e+26,971.4657640117349,0.0,103.60776399920246,34.60186618701896,0.0,87.22222414789215,0.006122035743271174,0.0,0.0006529210374477591,0.00021805592068014195,0.0,0.0005496617519858947,5347,2690,5463,0.19925925925925925,0.4046666666666667,1,0,0
flow,0.2,1.5,0,registered,during_vibration,flow_dump_0.2_1.5.shear.wave,2197,219700,219.70000000000002,0.21969999999999998,158683.45183699526,1201.62869748145,0.007572489024979124,7.572489024979123e+17,94,0.0005923743081702043,5.9237430817020434e+26,1004.3768564683882,4.361103913618326,84.90325356156082,38.11301989366106,0.0,69.87446364422142,0.006329436654176872,2.7483041634979e-05,0.0005350479371269045,0.00024018269991260324,0.0,0.0004403386921277634,5327,2685,5488,0.1988888888888889,0.4065185185185185,1,0,0
flow,0.2,1.5,0,registered,during_vibration,flow_dump_0.2_1.5.shear.wave,2198,219800,219.8,0.2198,158683.4518369953,1161.8112828129372,0.007321565477453735,7.321565477453734e+17,100,0.0006301854342236215,6.301854342236214e+26,948.605888895189,3.782486941447041,87.03835098734064,33.46679647473134,0.0,88.91775951422918,0.0059779761400049905,2.3836681756409813e-05,0.0005485030101106523,0.00021090287668502133,0.0,0.0005603467688966606,5350,2717,5433,0.20125925925925925,0.40244444444444444,1,0,0
flow,0.2,1.5,0,registered,during_vibration,flow_dump_0.2_1.5.shear.wave,2199,219900,219.9,0.21989999999999998,158683.45183699526,1201.61538991028,0.007572405162603962,7.572405162603963e+17,112,0.0007058076863304561,7.058076863304562e+26,948.8034657054336,12.25682095075284,90.83849092716235,38.304946266624626,0.0,111.4116660603059,0.005979221240284558,7.72407003305136e-05,0.0005724509384915232,0.00024139219195945332,0.0,0.00070210009153791,5370,2733,5397,0.20244444444444445,0.3997777777777778,1,0,0
flow,0.2,1.5,0,registered,during_vibration,flow_dump_0.2_1.5.shear.wave,2200,220000,220.0,0.22,158683.45183699526,1176.259832293405,0.0074126181317362375,7.412618131736238e+17,102,0.000642789142908094,6.42789142908094e+26,967.8634782407751,6.008879730275549,92.40171560338405,29.161574749487002,0.0,80.82418396948292,0.006099334663043476,3.786708482021215e-05,0.0005823021527052617,0.00018377199646150066,0.0,0.0005093422347057847,5365,2697,5438,0.19977777777777778,0.4028148148148148,1,0,0
flow,0.2,1.5,0,registered,after_removal,flow_dump_0.2_1.5.shear.wave,2240,224000,224.0,0.22399999999999998,158683.4518369953,1378.4631942421731,0.008686874266247842,8.686874266247843e+17,113,0.0007121095406726923,7.121095406726924e+26,1145.313906485269,21.77187226850439,100.52690960570203,32.23801695464705,4.541012613167846,74.07147631488253,0.007217601414807714,0.0001372031677938866,0.0006335059418102808,0.00020315928713072725,2.861680005444121e-05,0.00046678765465078944,5390,2634,5476,0.19511111111111112,0.4056296296296296,0,0,0
flow,0.2,1.5,0,registered,after_removal,flow_dump_0.2_1.5.shear.wave,2245,224500,224.5,0.22449999999999998,158683.45183699526,1412.5545064607388,0.008901712750184941,8.901712750184941e+17,125,0.000787731792779527,7.87731792779527e+26,1148.934966975401,28.120753974010718,124.28526808805813,25.93214051283433,0.0,85.28137691043428,0.007240420810580955,0.00017721289553807577,0.0007832276563767214,0.00016342057229428472,0.0,0.0005374308153949036,5371,2666,5463,0.19748148148148148,0.4046666666666667,0,0,0
flow,0.2,1.5,0,registered,after_removal,flow_dump_0.2_1.5.shear.wave,2250,225000,225.0,0.22499999999999998,158683.45183699526,1494.09158302826,0.009415547530205222,9.415547530205221e+17,130,0.0008192410644907081,8.192410644907081e+26,1167.2268087642583,28.798218037163846,121.90705295221514,54.166808628873895,0.0,121.99269464574844,0.007355693333185562,0.0001814821753861663,0.0007682404909961373,0.00034135133816294707,0.0,0.0007687801924744066,5406,2669,5425,0.19770370370370371,0.40185185185185185,0,0,0
flow,0.2,1.5,0,registered,after_removal,flow_dump_0.2_1.5.shear.wave,2255,225500,225.5,0.22549999999999998,158683.4518369953,1311.696840256411,0.008266122428467386,8.266122428467386e+17,111,0.0006995058319882199,6.995058319882199e+26,1106.7276714747804,12.215709983511772,94.17861259617779,28.900794827633067,0.0,69.67405137430839,0.00697443658215632,7.698162500309194e-05,0.0005934998987350053,0.0001821285993785974,0.0,0.00043907572319437443,5387,2641,5472,0.19562962962962963,0.4053333333333333,0,0,0
flow,0.2,1.5,0,registered,after_removal,flow_dump_0.2_1.5.shear.wave,2260,226000,226.0,0.22599999999999998,158683.45183699526,1306.7864177786903,0.008235177661253949,8.23517766125395e+17,104,0.0006553928515925665,6.553928515925665e+26,1112.3195493891633,11.96585592260238,100.98750424064086,32.176835707335464,0.0,49.33667251894812,0.007009675782272329,7.540708110442475e-05,0.0006364085421104808,0.0002027737318216933,0.0,0.0003109125239450194,5375,2656,5469,0.19674074074074074,0.4051111111111111,0,0,0
flow,0.2,1.5,0,registered,after_removal,flow_dump_0.2_1.5.shear.wave,2265,226500,226.5,0.22649999999999998,158683.45183699526,1278.1881371962488,0.008054955462585,8.054955462585001e+17,106,0.0006679965602770389,6.679965602770389e+26,1091.2034294450934,19.62995693167059,90.15624724366648,28.295996396100257,0.0,48.902507179717944,0.006876605070111613,0.00012370512932775821,0.0005681515381722216,0.00017831724775666473,0.0,0.00030817647721674324,5387,2660,5453,0.19703703703703704,0.4039259259259259,0,0,0
flow,0.2,1.5,0,registered,after_removal,flow_dump_0.2_1.5.shear.wave,2270,227000,227.0,0.22699999999999998,158683.45183699526,1309.6646978361875,0.008253316162932461,8.253316162932461e+17,112,0.0007058076863304561,7.058076863304562e+26,1105.926687191604,16.767731746506215,94.61527567623847,21.389261309927193,0.0,70.96574191191134,0.006969388895873323,0.00010566780311617224,0.00059625168586218,0.00013479200926318978,0.0,0.0004472157688175931,5414,2681,5405,0.1985925925925926,0.4003703703703704,0,0,0
flow,0.2,1.5,0,registered,after_removal,flow_dump_0.2_1.5.shear.wave,2275,227500,227.5,0.22749999999999998,158683.45183699526,1443.5863302006194,0.009097270783367617,9.097270783367616e+17,116,0.0007310151036994011,7.310151036994011e+26,1192.2308375085927,11.018566173648342,109.69720158392583,45.38202747380201,10.902523827197793,74.35517363345284,0.007513265080301445,6.943739908662289e-05,0.0006912957861328245,0.00028599092689526244,6.870611712176022e-05,0.00046857547382970257,5433,2663,5404,0.19725925925925927,0.4002962962962963,0,0,0
flow,0.2,1.5,0,registered,after_removal,flow_dump_0.2_1.5.shear.wave,2280,228000,228.0,0.22799999999999998,158683.45183699526,1417.618878402209,0.008933627684494995,8.933627684494995e+17,110,0.0006932039776459838,6.932039776459838e+26,1210.2316394645093,10.08090531280795,122.26586628162744,27.683006118338596,0.0,47.35746122492529,0.007626703512271072,6.352839691919092e-05,0.0007705016803341464,0.00017445427231300382,0.0,0.0002984398226575787,5447,2661,5392,0.1971111111111111,0.39940740740740743,0,0,0
flow,0.2,1.5,0,registered,after_removal,flow_dump_0.2_1.5.shear.wave,2285,228500,228.5,0.22849999999999998,158683.45183699526,1347.561133227386,0.00849213397885776,8.49213397885776e+17,108,0.0006806002689615113,6.806002689615113e+26,1153.6026925215149,12.458046396165747,95.84033810290231,26.815526229495468,0.0,58.844529977307886,0.007269836137082099,7.850879377745735e-05,0.000603971850835162,0.00016898754040869517,0.0,0.0003708296567543469,5443,2660,5397,0.19703703703703704,0.3997777777777778,0,0,0
flow,0.2,1.5,0,registered,after_removal,flow_dump_0.2_1.5.shear.wave,2290,229000,229.0,0.22899999999999998,158683.45183699526,1369.4842794527378,0.008630290453093471,8.630290453093471e+17,116,0.0007310151036994011,7.310151036994011e+26,1159.8822190728506,18.438549025296503,79.72096837412776,29.65477888604627,0.0,81.78776409441672,0.007309408798746821,0.00011619705023960012,0.0005023899307157731,0.00018688009709108555,0.0,0.0005154145763001912,5448,2669,5383,0.19770370370370371,0.39874074074074073,0,0,0
flow,0.2,1.5,0,registered,after_removal,flow_dump_0.2_1.5.shear.wave,2295,229500,229.5,0.22949999999999998,158683.45183699526,1411.256636464334,0.008893533762512439,8.893533762512439e+17,115,0.0007247132493571648,7.247132493571648e+26,1175.3915446719152,3.2017754186975522,94.46908694058513,51.3768623412074,5.549730335229578,81.26763675669925,0.007407146309618442,2.0177122325184348e-05,0.000595330425743617,0.00032376950303541016,3.497359221130656e-05,0.0005121368095784807,5453,2659,5388,0.19696296296296295,0.39911111111111114,0,0,0
flow,0.2,1.5,0,registered,after_removal,flow_dump_0.2_1.5.shear.wave,2300,230000,230.0,0.22999999999999998,158683.45183699526,1461.3315160015704,0.00920909835956113,9.20909835956113e+17,121,0.0007625243754105822,7.625243754105822e+26,1238.7370336661463,9.856318206884715,103.3992774005662,33.513930820439846,0.0,75.82495590753379,0.007806340354497814,6.211308169051832e-05,0.0006516071852708452,0.000211199910466193,0.0,0.00047783782763576146,5418,2664,5418,0.19733333333333333,0.4013333333333333,0,0,0
