region,amplitude_A,frequency_THz,is_baseline,coordinate_treatment,analysis_stage,filename,frame,timestep,time_ps,strain_xy,cell_volume_A3,total_line_length_A,dislocation_density_A-2,dislocation_density_m-2,segment_count,segment_number_density_A-3,segment_number_density_m-3,shockley_length_A,perfect_length_A,stair_rod_length_A,hirth_length_A,frank_length_A,other_length_A,shockley_density_A-2,perfect_density_A-2,stair_rod_density_A-2,hirth_density_A-2,frank_density_A-2,other_density_A-2,fcc_count,hcp_count,other_atom_count,hcp_fraction,other_atom_fraction,coherent_correction_applied,has_PE,has_KE
flow,0.5,1.0,0,registered,before,flow_dump_0.5_1.0.shear.wave,1850,185000,185.0,0.185,158683.45183699526,1441.826292300768,0.00908617928088594,9.086179280885939e+17,126,0.0007940336471217632,7.940336471217631e+26,1167.4654380944578,4.603785611908546,121.82863208346481,44.556678307427724,0.0,103.37175820350976,0.007357197140466265,2.9012386349130486e-05,0.0007677462941038811,0.00028078969666728564,0.0,0.0006514337632993802,5939,3062,4499,0.2268148148148148,0.33325925925925926,0,0,0
flow,0.5,1.0,0,registered,before,flow_dump_0.5_1.0.shear.wave,1855,185500,185.5,0.1855,158683.45183699526,1437.2295380341995,0.009057211205050972,9.057211205050972e+17,125,0.000787731792779527,7.87731792779527e+26,1161.7754451855296,6.342864394528773,133.7958539195755,24.720090279973533,0.0,110.59528425459212,0.0073213396339458425,3.997180752687663e-05,0.0008431619829962794,0.0001557824082713225,0.0,0.0006969553723106499,5928,3069,4503,0.22733333333333333,0.33355555555555555,0,0,0
flow,0.5,1.0,0,registered,before,flow_dump_0.5_1.0.shear.wave,1860,186000,186.0,0.186,158683.45183699526,4975.515810919432,0.03135497591790757,3.135497591790757e+18,135,0.0008507503362018892,8.507503362018892e+26,3685.6746195561204,0.0,448.83295727585386,257.259246710078,0.0,583.7489873773791,0.02322658460531955,0.0,0.0028284799207475616,0.001621210300960323,0.0,0.00367870109088013,5915,3025,4560,0.22407407407407406,0.3377777777777778,0,0,0
flow,0.5,1.0,0,registered,before,flow_dump_0.5_1.0.shear.wave,1865,186500,186.5,0.1865,158683.45183699526,1704.3169668455046,0.0107403572780622,1.07403572780622e+18,122,0.0007688262297528183,7.688262297528184e+26,1352.8907364199413,0.0,161.42633713868145,67.77793029904024,0.0,122.22196298784144,0.008525720361879159,0.0,0.001017285263648687,0.0004271266443627903,0.0,0.0007702250081715626,5911,3021,4568,0.22377777777777777,0.3383703703703704,0,0,0
flow,0.5,1.0,0,registered,before,flow_dump_0.5_1.0.shear.wave,1870,187000,187.0,0.187,158683.45183699526,1550.0191724865495,0.009767995052683748,9.767995052683748e+17,129,0.0008129392101484719,8.129392101484719e+26,1208.4069916005535,6.442923376896207,156.38005819092385,52.4617493373733,0.0,126.32744998080318,0.007615204847206551,4.0602364659388584e-05,0.0009854843487496255,0.00033060630286303386,0.0,0.0007960971892051529,5916,3027,4557,0.2242222222222222,0.33755555555555555,0,0,0
flow,0.5,1.0,0,registered,before,flow_dump_0.5_1.0.shear.wave,1875,187500,187.5,0.1875,158683.45183699526,1536.1960074072153,0.009680883479805098,9.680883479805098e+17,131,0.0008255429188329443,8.255429188329443e+26,1202.2306791004264,7.870538299511893,144.28804290422232,62.24720794551858,0.0,119.55953915753562,0.007576282625458617,4.959898595851547e-05,0.0009092822297087389,0.000392272837683547,0.0,0.0007534468009956768,5888,3011,4601,0.22303703703703703,0.3408148148148148,0,0,0
flow,0.5,1.0,0,registered,before,flow_dump_0.5_1.0.shear.wave,1880,188000,188.0,0.188,158683.45183699526,1497.927042607647,0.009439718037810053,9.439718037810053e+17,126,0.0007940336471217632,7.940336471217631e+26,1221.3909315814399,5.9249625163137605,139.40151732368602,37.20419762059687,0.0,94.00543356561074,0.007697027745754433,3.733825076101869e-05,0.0008784880572605878,0.00023445543432477268,0.0,0.0005924085497092422,5867,2993,4640,0.2217037037037037,0.3437037037037037,0,0,0
flow,0.5,1.0,0,registered,before,flow_dump_0.5_1.0.shear.wave,1885,188500,188.5,0.1885,158683.45183699526,1533.7373097756965,0.009665389125459665,9.665389125459665e+17,128,0.0008066373558062356,8.066373558062357e+26,1190.2230546991996,5.014848463179432,151.90362676925645,28.928189075994343,0.0,157.66759076806719,0.007500612325485804,3.160284456334392e-05,0.0009572745299572682,0.0001823012339415852,0.0,0.0009935981915116668,5835,3005,4660,0.2225925925925926,0.3451851851851852,0,0,0
flow,0.5,1.0,0,registered,before,flow_dump_0.5_1.0.shear.wave,1890,189000,189.0,0.189,158683.4518369953,1488.4590490642256,0.009380052121586177,9.380052121586177e+17,121,0.000762524375410582,7.62524375410582e+26,1203.1402573759274,0.0,167.0499310768173,9.040746322285841,0.0,109.22811428919475,0.007582014655263685,0.0,0.0010527243335267016,5.697346646815312e-05,0.0,0.0006883396663276355,5870,3010,4620,0.22296296296296297,0.3422222222222222,0,0,0
flow,0.5,1.0,0,registered,before,flow_dump_0.5_1.0.shear.wave,1895,189500,189.5,0.1895,158683.45183699526,1497.1161961776575,0.009434608201714337,9.434608201714337e+17,129,0.0008129392101484719,8.129392101484719e+26,1212.6033220505008,10.534191187355,132.72377370722762,30.244553758185795,0.0,111.0103554743877,0.007641649510474009,6.638493847597959e-05,0.0008364058896548693,0.0001905967724300198,0.0,0.000699571090679456,5912,3016,4572,0.22340740740740742,0.33866666666666667,0,0,0
flow,0.5,1.0,0,registered,before,flow_dump_0.5_1.0.shear.wave,1900,190000,190.0,0.19,158683.45183699526,1501.7487813824728,0.009463802078903082,9.463802078903082e+17,126,0.0007940336471217632,7.940336471217631e+26,1205.5387239756446,11.467998671675558,139.27213712580374,44.83362218934846,0.0,100.63629942000073,0.007597129442419823,7.226965722585777e-05,0.0008776727220987639,0.00028253495667212355,0.0,0.0006341953004865156,5911,3054,4535,0.2262222222222222,0.3359259259259259,0,0,0
flow,0.5,1.0,0,registered,during_vibration,flow_dump_0.5_1.0.shear.wave,1910,191000,191.0,0.191,158683.45183699526,675.9607433320334,0.004259806145548195,4.2598061455481946e+17,61,0.0003844131148764092,3.844131148764092e+26,565.3193542854312,0.0,90.3451301862876,10.181778016920132,0.0,10.11448084339434,0.003562560227553819,0.0,0.0005693418509643528,6.416408200761338e-05,0.0,6.373998502240965e-05,4062,1388,8050,0.10281481481481482,0.5962962962962963,1,0,0
flow,0.5,1.0,0,registered,during_vibration,flow_dump_0.5_1.0.shear.wave,1911,191100,191.1,0.1911,158683.45183699526,588.8665818176968,0.0037109514256256503,3.7109514256256506e+17,51,0.000321394571454047,3.21394571454047e+26,519.1103833006104,0.0,35.02863355343456,22.832594843015606,0.0,11.894970120636623,0.003271358023102858,0.0,0.0002207453464613128,0.00014388768695597812,0.0,7.496036910550395e-05,3992,1305,8203,0.09666666666666666,0.6076296296296296,1,0,0
flow,0.5,1.0,0,registered,during_vibration,flow_dump_0.5_1.0.shear.wave,1912,191200,191.20000000000002,0.19119999999999998,158683.45183699526,626.9880221501331,0.003951187189916913,3.951187189916913e+17,55,0.0003466019888229919,3.466019888229919e+26,550.3815136375051,0.0,24.40271347922128,0.0,0.0,52.2037950334067,0.0034684241316030526,0.0,0.00015378234590137686,0.0,0.0,0.00032898071241248343,4330,1523,7647,0.11281481481481481,0.5664444444444444,1,0,0
flow,0.5,1.0,0,registered,during_vibration,flow_dump_0.5_1.0.shear.wave,1913,191300,191.3,0.1913,158683.45183699526,791.5425313749897,0.004988185738410126,4.9881857384101254e+17,62,0.0003907149692186454,3.907149692186454e+26,636.8267954578432,28.21350840816242,90.1078868618968,5.557889724330912,0.0,30.836450922756345,0.004013189706208384,0.00017779742047169633,0.000567846778090374,3.5025011492944804e-05,0.0,0.00019432682214672603,4509,1523,7468,0.11281481481481481,0.5531851851851852,1,0,0
flow,0.5,1.0,0,registered,during_vibration,flow_dump_0.5_1.0.shear.wave,1914,191400,191.4,0.1914,158683.45183699526,880.634477771941,0.005549630207670029,5.549630207670029e+17,84,0.0005293557647478421,5.293557647478421e+26,731.2300722127883,8.183073753570929,78.70123037963899,9.712144274151562,0.0,52.807957151790966,0.004608105405747862,5.156853886678017e-05,0.0004959636904072607,6.120451856648662e-05,0.0,0.0003327880540816379,4392,1590,7518,0.11777777777777777,0.5568888888888889,1,0,0
flow,0.5,1.0,0,registered,during_vibration,flow_dump_0.5_1.0.shear.wave,1915,191500,191.5,0.1915,158683.45183699526,687.9794121658523,0.004335546045926495,4.3355460459264954e+17,62,0.0003907149692186454,3.907149692186454e+26,577.8121620338385,0.0,79.66448164988857,5.07995963391128,0.0,25.422808848213926,0.003641288082309841,0.0,0.0005020339596073476,3.2013165677348495e-05,0.0,0.00016021083833195823,4203,1443,7854,0.1068888888888889,0.5817777777777777,1,0,0
flow,0.5,1.0,0,registered,during_vibration,flow_dump_0.5_1.0.shear.wave,1916,191600,191.6,0.1916,158683.4518369953,600.4141055306294,0.0037837222380780696,3.78372223807807e+17,51,0.00032139457145404697,3.2139457145404694e+26,514.7036274052759,0.0,52.2317763410012,11.752390816606585,0.0,21.726310967745555,0.003243587289328669,0.0,0.0003291570465372492,7.406185509928922e-05,0.0,0.00013691604711286163,4166,1328,8006,0.09837037037037037,0.593037037037037,1,0,0
flow,0.5,1.0,0,registered,during_vibration,flow_dump_0.5_1.0.shear.wave,1917,191700,191.70000000000002,0.19169999999999998,158683.45183699526,712.1671366603873,0.004487973562561195,4.487973562561195e+17,69,0.0004348279496142989,4.3482794961429895e+26,627.6445989949503,0.0,51.16084893990598,6.659507288301988,0.0,26.702181437229132,0.003955324841557436,0.0,0.00032240821804443764,4.196724492193961e-05,0.0,0.0001682732580373817,4482,1482,7536,0.10977777777777778,0.5582222222222222,1,0,0
flow,0.5,1.0,0,registered,during_vibration,flow_dump_0.5_1.0.shear.wave,1918,191800,191.8,0.1918,158683.45183699526,814.4435801486969,0.005132504812066475,5.1325048120664755e+17,75,0.0004726390756677162,4.726390756677162e+26,684.0682401290692,14.922242316845463,72.42863829487536,0.0,0.0,43.02445940790688,0.004310898409443261,9.403779754031358e-05,0.0004564347287408165,0.0,0.0,0.0002711338763420838,4514,1610,7376,0.11925925925925926,0.5463703703703704,1,0,0
flow,0.5,1.0,0,registered,during_vibration,flow_dump_0.5_1.0.shear.wave,1919,191900,191.9,0.1919,158683.45183699526,850.4855220820162,0.005359635880341589,5.359635880341589e+17,84,0.0005293557647478421,5.293557647478421e+26,742.3914070944204,0.0,67.44908613099133,7.427602873920687,0.0,33.21742598268368,0.004678442512436828,0.0,0.00042505431631445224,4.680767142342328e-05,0.0,0.00020933138016688524,4408,1533,7559,0.11355555555555556,0.5599259259259259,1,0,0
flow,0.5,1.0,0,registered,during_vibration,flow_dump_0.5_1.0.shear.wave,1920,192000,192.0,0.192,158683.4518369953,713.9429850751667,0.0044991647006050245,4.4991647006050246e+17,64,0.00040331867790311776,4.033186779031178e+26,619.4116710962418,0.0,68.77654105922197,5.521942632777234,0.0,20.23283028692533,0.0039034421291296415,0.0,0.00043341974391804527,3.479847815794649e-05,0.0,0.0001275043493993888,4131,1379,7990,0.10214814814814815,0.5918518518518519,1,0,0
flow,0.5,1.0,0,registered,during_vibration,flow_dump_0.5_1.0.shear.wave,1921,192100,192.1,0.1921,158683.45183699526,571.659165559223,0.003602512794758521,3.602512794758521e+17,54,0.00034030013448075566,3.403001344807557e+26,507.7227907717097,0.0,23.05067507998463,14.325020163879111,0.0,26.56067954364967,0.0031995950736769885,0.0,0.00014526199684427728,9.027419052236292e-05,0.0,0.0001673815337148933,4078,1296,8126,0.096,0.601925925925926,1,0,0
flow,0.5,1.0,0,registered,during_vibration,flow_dump_0.5_1.0.shear.wave,1922,192200,192.20000000000002,0.19219999999999998,158683.45183699526,646.8134188208832,0.0040761239520130345,4.076123952013034e+17,54,0.00034030013448075566,3.403001344807557e+26,573.7680689251872,0.0,26.42811540439598,0.0,0.0,46.61723449130001,0.0036158027965926794,0.0,0.00016654613381831263,0.0,0.0,0.0002937750216020429,4398,1526,7576,0.11303703703703703,0.5611851851851852,1,0,0
flow,0.5,1.0,0,registered,during_vibration,flow_dump_0.5_1.0.shear.wave,1923,192300,192.3,0.1923,158683.45183699526,856.496809888842,0.005397518140509466,5.3975181405094656e+17,71,0.0004474316582987713,4.474316582987713e+26,723.8014374729622,30.901305155139397,75.3507377685093,0.0,0.0,26.443329492231285,0.004561291231655802,0.00019473552407268157,0.0004748493739971828,0.0,0.0,0.0001666420107838007,4536,1550,7414,0.11481481481481481,0.5491851851851852,1,0,0
flow,0.5,1.0,0,registered,during_vibration,flow_dump_0.5_1.0.shear.wave,1924,192400,192.4,0.1924,158683.4518369953,825.9880707132527,0.005205256510059625,5.205256510059625e+17,81,0.0005104502017211334,5.1045020172113336e+26,679.3316779422477,7.006139688517912,100.30207329086238,0.0,0.0,39.348179791624716,0.004281049284458967,4.415167181840008e-05,0.0006320890561033162,0.0,0.0,0.0002479664976789415,4423,1565,7512,0.11592592592592593,0.5564444444444444,1,0,0
flow,0.5,1.0,0,registered,during_vibration,flow_dump_0.5_1.0.shear.wave,1925,192500,192.5,0.1925,158683.45183699526,698.0162603270883,0.004398796801093746,4.398796801093746e+17,66,0.0004159223865875903,4.159223865875903e+26,552.3434937005065,15.279903997366333,88.78444965304652,10.353068148457906,0.0,31.25534482771101,0.0034807882441824593,9.629172935475554e-05,0.0005595066695691039,6.524352746682692e-05,0.0,0.00019696663052060087,4164,1414,7922,0.10474074074074075,0.5868148148148148,1,0,0
flow,0.5,1.0,0,registered,during_vibration,flow_dump_0.5_1.0.shear.wave,1926,192600,192.6,0.1926,158683.45183699526,567.0724949078565,0.0035736082643978,3.5736082643978e+17,52,0.00032769642579628326,3.276964257962832e+26,496.6022694602638,0.0,38.45995836415912,10.188013881192717,0.0,21.822253202241,0.003129515168162523,0.0,0.00024236905561940024,6.420337951595716e-05,0.0,0.00013752066109992063,4139,1304,8057,0.09659259259259259,0.5968148148148148,1,0,0
flow,0.5,1.0,0,registered,during_vibration,flow_dump_0.5_1.0.shear.wave,1927,192700,192.70000000000002,0.19269999999999998,158683.45183699526,765.7646388704177,0.004825737214596489,4.825737214596489e+17,72,0.00045373351264100755,4.5373351264100753e+26,671.4111638387213,0.0,52.77675069978001,0.0,0.0,41.57672433191651,0.004231135358262917,0.0,0.0003325913955665269,0.0,0.0,0.0002620104607670462,4430,1483,7587,0.10985185185185185,0.562,1,0,0
flow,0.5,1.0,0,registered,during_vibration,flow_dump_0.5_1.0.shear.wave,1928,192800,192.8,0.1928,158683.45183699526,804.2101873241619,0.00506801546105937,5.0680154610593696e+17,73,0.0004600353669832438,4.600353669832438e+26,661.8576093983361,26.123163315680102,76.14804102813686,0.0,0.0,40.08137358200906,0.0041709302497289855,0.00016462437017386448,0.0004798738630059458,0.0,0.0,0.00025258697815057574,4516,1638,7346,0.12133333333333333,0.5441481481481482,1,0,0
flow,0.5,1.0,0,registered,during_vibration,flow_dump_0.5_1.0.shear.wave,1929,192900,192.9,0.1929,158683.45183699526,816.5385589472902,0.005145707063305283,5.145707063305283e+17,74,0.00046633722132547996,4.6633722132548e+26,707.3663430046339,6.755084426129772,72.60277128025935,0.0,0.0,29.814360236267362,0.004457719660215504,4.256955812297814e-05,0.0004575320894508852,0.0,0.0,0.00018788575551591626,4439,1544,7517,0.11437037037037037,0.5568148148148148,1,0,0
flow,0.5,1.0,0,registered,during_vibration,flow_dump_0.5_1.0.shear.wave,1930,193000,193.0,0.193,158683.45183699526,698.2814002452388,0.004400467674238243,4.400467674238243e+17,64,0.0004033186779031178,4.0331867790311785e+26,572.4112795991659,0.0,76.36436330158648,9.018443379287053,0.0,40.487313965199206,0.0036072525078869925,0.0,0.00048123709446420667,5.683291656997157e-05,0.0,0.0002551451553170716,4184,1373,7943,0.1017037037037037,0.5883703703703703,1,0,0
flow,0.5,1.0,0,registered,during_vibration,flow_dump_0.5_1.0.shear.wave,1931,193100,193.1,0.1931,158683.45183699526,552.492469453594,0.0034817270676789414,3.4817270676789414e+17,49,0.00030879086276957456,3.0879086276957458e+26,496.1801054757674,0.0,22.27984561158861,5.998593303149103,0.0,28.033925063089185,0.0031268547522236884,0.0,0.00014040434181174217,3.7802261254759256e-05,0.0,0.00017666571238875327,4110,1310,8080,0.09703703703703703,0.5985185185185186,1,0,0
flow,0.5,1.0,0,registered,during_vibration,flow_dump_0.5_1.0.shear.wave,1932,193200,193.20000000000002,0.19319999999999998,158683.45183699526,632.2369089080644,0.0039842649097242885,3.9842649097242886e+17,54,0.00034030013448075566,3.403001344807557e+26,551.3610227816265,19.263758619108582,34.8861964987337,0.0,0.0,26.725931008595502,0.003474596855556194,0.00012139740090161975,0.00021984772888965085,0.0,0.0,0.0001684229243768231,4422,1534,7544,0.11362962962962964,0.5588148148148148,1,0,0
flow,0.5,1.0,0,registered,during_vibration,flow_dump_0.5_1.0.shear.wave,1933,193300,193.3,0.1933,158683.45183699526,636.3897588095424,0.004010435564908573,4.010435564908573e+17,54,0.00034030013448075566,3.403001344807557e+26,523.3520562603795,15.635800355819232,55.5123775754054,0.0,0.0,41.88952461793839,0.003298088428262725,9.8534536366658e-05,0.0003498309176714249,0.0,0.0,0.00026398168260776593,4567,1545,7388,0.11444444444444445,0.5472592592592592,1,0,0
flow,0.5,1.0,0,registered,during_vibration,flow_dump_0.5_1.0.shear.wave,1934,193400,193.4,0.1934,158683.45183699526,788.6851715880033,0.0049701790732291735,4.970179073229174e+17,78,0.0004915446386944248,4.9154463869442485e+26,641.4005112654798,33.940074519630315,75.54250778306607,0.0,3.15490312201473,34.647174897812455,0.004042012597030893,0.00021388540598735306,0.00047605788069612806,0.0,1.988173993880312e-05,0.00021834144957599705,4458,1569,7473,0.11622222222222223,0.5535555555555556,1,0,0
flow,0.5,1.0,0,registered,during_vibration,flow_dump_0.5_1.0.shear.wave,1935,193500,193.5,0.19349999999999998,158683.4518369953,701.5240822767512,0.00442090258407902,4.42090258407902e+17,62,0.0003907149692186453,3.907149692186453e+26,566.5202195297612,17.32258121606711,98.11673547292668,4.24586768412582,0.0,15.318678373870359,0.0035701279054082395,0.00010916438365521201,0.0006183173754861051,2.675683970176872e-05,0.0,9.653607982769492e-05,4220,1426,7854,0.10562962962962963,0.5817777777777777,1,0,0
flow,0.5,1.0,0,registered,during_vibration,flow_dump_0.5_1.0.shear.wave,1936,193600,193.6,0.1936,158683.45183699526,609.3836729326003,0.0038402471453581615,3.840247145358161e+17,52,0.00032769642579628326,3.276964257962832e+26,522.0018249527762,21.25707400985885,35.115468464136455,7.857180522005152,0.0,23.152124983823718,0.003289579467233882,0.00013395898415226562,0.00022129256742037723,4.9514807190331984e-05,0.0,0.00014590131936130507,4188,1331,7981,0.09859259259259259,0.5911851851851851,1,0,0
flow,0.5,1.0,0,registered,during_vibration,flow_dump_0.5_1.0.shear.wave,1937,193700,193.70000000000002,0.19369999999999998,158683.45183699526,701.2466733509355,0.004419154393435294,4.4191543934352934e+17,63,0.0003970168235608816,3.970168235608816e+26,595.1429764707223,18.03789777607943,64.18676552503237,0.0,0.0,23.879033579101307,0.003750504350523407,0.00011367220442499914,0.0004044956470380231,0.0,0.0,0.000150482191448864,4447,1485,7568,0.11,0.5605925925925926,1,0,0
flow,0.5,1.0,0,registered,during_vibration,flow_dump_0.5_1.0.shear.wave,1938,193800,193.8,0.1938,158683.45183699526,740.5060387391285,0.004666561195680316,4.666561195680316e+17,69,0.0004348279496142989,4.3482794961429895e+26,621.084414033507,5.26498732337084,69.32017579851954,0.0,0.0,44.836461583731065,0.003913983511472292,3.317918322560316e-05,0.00043684565086047825,0.0,0.0,0.0002825528501219429,4577,1646,7277,0.12192592592592592,0.5390370370370371,1,0,0
flow,0.5,1.0,0,registered,during_vibration,flow_dump_0.5_1.0.shear.wave,1939,193900,193.9,0.1939,158683.4518369953,854.199375881584,0.005383040046034825,5.383040046034825e+17,81,0.0005104502017211334,5.1045020172113336e+26,729.46266391612,7.473551260617088,72.69787239488974,0.0,0.0,44.56528830995697,0.0045969674560989975,4.709723146364473e-05,0.00045813140282307017,0.0,0.0,0.00028084395564911114,4521,1561,7418,0.11562962962962962,0.5494814814814815,1,0,0
flow,0.5,1.0,0,registered,during_vibration,flow_dump_0.5_1.0.shear.wave,1940,194000,194.0,0.19399999999999998,158683.45183699526,717.1645215448536,0.004519466354195194,4.5194663541951936e+17,67,0.00042222424092982645,4.2222424092982644e+26,591.3451179334616,0.0,78.59885338355966,8.886444111265158,0.0,38.33410611656724,0.0037265707992091717,0.0,0.0004953185254899732,5.6001076409615785e-05,0.0,0.00024157595308643316,4263,1412,7825,0.1045925925925926,0.5796296296296296,1,0,0
flow,0.5,1.0,0,registered,during_vibration,flow_dump_0.5_1.0.shear.wave,1941,194100,194.1,0.1941,158683.45183699526,565.3604616025239,0.003562819279878536,3.5628192798785363e+17,49,0.00030879086276957456,3.0879086276957458e+26,502.5676673466805,17.599723591366587,21.152792994630225,6.06075136726929,0.0,17.979526302577227,0.0031671082367362045,0.00011091089453641069,0.0001333018203836343,3.819397232104006e-05,0.0,0.00011330435590124655,4164,1335,8001,0.09888888888888889,0.5926666666666667,1,0,0
flow,0.5,1.0,0,registered,during_vibration,flow_dump_0.5_1.0.shear.wave,1942,194200,194.20000000000002,0.19419999999999998,158683.45183699526,605.0062046826445,0.003812660978059176,3.8126609780591763e+17,51,0.000321394571454047,3.21394571454047e+26,533.5343778169178,13.257604107992222,33.864685859215534,0.0,0.0,24.34953689851884,0.003362255935577841,8.354749001559947e-05,0.0002134103176303628,0.0,0.0,0.0001534472348353719,4426,1522,7552,0.11274074074074074,0.5594074074074074,1,0,0
flow,0.5,1.0,0,registered,during_vibration,flow_dump_0.5_1.0.shear.wave,1943,194300,194.3,0.1943,158683.4518369953,704.8539645359559,0.004441887017053325,4.4418870170533254e+17,58,0.0003655075518497005,3.655075518497005e+26,581.124564806646,15.073944921929552,49.93641142731605,0.0,0.0,58.71904338006432,0.003662162362106893,9.499380526089128e-05,0.0003146919911889258,0.0,0.0,0.000370038858496615,4599,1554,7347,0.11511111111111111,0.5442222222222223,1,0,0
flow,0.5,1.0,0,registered,during_vibration,flow_dump_0.5_1.0.shear.wave,1944,194400,194.4,0.1944,158683.45183699526,809.2329762163426,0.005099668345049695,5.0996683450496954e+17,78,0.0004915446386944248,4.9154463869442485e+26,652.6807489913461,32.18994803007469,91.44707643257802,0.0,0.0,32.915202762343995,0.004113099012125101,0.0002028563637696843,0.0005762861557014489,0.0,0.0,0.00020742681345346298,4467,1564,7469,0.11585185185185186,0.5532592592592592,1,0,0
flow,0.5,1.0,0,registered,during_vibration,flow_dump_0.5_1.0.shear.wave,1945,194500,194.5,0.19449999999999998,158683.45183699526,708.6275469409809,0.004465667583718218,4.465667583718218e+17,65,0.00040962053224535404,4.096205322453541e+26,565.5829752324493,11.631362706204275,90.84764795504633,9.82985848378609,0.0,30.735702563495323,0.0035642215283634886,7.329915357621779e-05,0.0005725086447474557,6.194633636961488e-05,0.0,0.0001936919206614438,4212,1405,7883,0.10407407407407407,0.583925925925926,1,0,0
flow,0.5,1.0,0,registered,during_vibration,flow_dump_0.5_1.0.shear.wave,1946,194600,194.6,0.1946,158683.45183699526,526.1559574564656,0.003315758205190481,3.315758205190481e+17,45,0.0002835834454006297,2.835834454006297e+26,443.24190913396455,18.226083210304676,34.25148286483306,0.0,0.0,30.436482247363188,0.0027932459497369447,0.00011485812162081711,0.00021584785601977755,0.0,0.0,0.0001918062778129412,4200,1304,7996,0.09659259259259259,0.5922962962962963,1,0,0
flow,0.5,1.0,0,registered,during_vibration,flow_dump_0.5_1.0.shear.wave,1947,194700,194.70000000000002,0.19469999999999998,158683.4518369953,745.7366504522245,0.004699523748817041,4.699523748817041e+17,72,0.00045373351264100744,4.537335126410075e+26,645.2109033538118,6.14618036546743,53.42911365883481,0.0,0.0,40.95045307411039,0.004066025132958369,3.873233342428789e-05,0.0003367024919127604,0.0,0.0,0.00025806379052162293,4456,1465,7579,0.10851851851851851,0.5614074074074074,1,0,0
flow,0.5,1.0,0,registered,during_vibration,flow_dump_0.5_1.0.shear.wave,1948,194800,194.8,0.1948,158683.45183699526,721.8554924080528,0.00454902816929875,4.5490281692987494e+17,65,0.00040962053224535404,4.096205322453541e+26,602.616194342944,16.21408369798251,64.70539500780117,0.0,0.0,38.3198193593249,0.0037975994810219454,0.00010217879375751251,0.00040776397449602137,0.0,0.0,0.00024148592002326904,4550,1630,7320,0.12074074074074075,0.5422222222222223,1,0,0
flow,0.5,1.0,0,registered,during_vibration,flow_dump_0.5_1.0.shear.wave,1949,194900,194.9,0.1949,158683.45183699526,839.9866376458456,0.005293473439868871,5.293473439868871e+17,76,0.0004789409300099524,4.789409300099524e+26,701.2680113563941,17.812515682260745,75.0935762118745,7.11400329840709,0.0,38.698531096909065,0.004419288862437649,0.00011225187929840556,0.00047322877932484756,4.483141257674948e-05,0.0,0.00024387250623121963,4491,1553,7456,0.11503703703703703,0.5522962962962963,1,0,0
flow,0.5,1.0,0,registered,during_vibration,flow_dump_0.5_1.0.shear.wave,1950,195000,195.0,0.19499999999999998,158683.45183699526,754.3274028689709,0.004753661419237592,4.7536614192375917e+17,69,0.0004348279496142989,4.3482794961429895e+26,617.4261103254564,15.221640318541368,72.76347021644067,8.537470301806975,0.0,40.37871170672571,0.0038909294143644945,9.592456013735777e-05,0.00045854479073965216,5.380189429315502e-05,0.0,0.0002544607597029337,4263,1412,7825,0.1045925925925926,0.5796296296296296,1,0,0
flow,0.5,1.0,0,registered,during_vibration,flow_dump_0.5_1.0.shear.wave,1951,195100,195.1,0.1951,158683.45183699526,603.1561455728859,0.0038010021750249498,3.80100217502495e+17,51,0.000321394571454047,3.21394571454047e+26,549.7216000209729,9.994402885020012,22.87148335959679,0.0,0.0,20.56865930729613,0.0034642654521132086,6.298327121902153e-05,0.0001441327567230584,0.0,0.0,0.00012962069496966149,4214,1348,7938,0.09985185185185186,0.588,1,0,0
flow,0.5,1.0,0,registered,during_vibration,flow_dump_0.5_1.0.shear.wave,1952,195200,195.20000000000002,0.19519999999999998,158683.45183699526,659.252508496143,0.004154513283296537,4.154513283296537e+17,58,0.00036550755184970053,3.6550755184970054e+26,565.6664192829372,2.7111823584531085,39.99762816610609,0.0,0.0,50.8772786886466,0.00356474738061539,1.7085476318211947e-05,0.00025205922673772523,0.0,0.0,0.00032062119962520964,4500,1538,7462,0.11392592592592593,0.5527407407407408,1,0,0
flow,0.5,1.0,0,registered,during_vibration,flow_dump_0.5_1.0.shear.wave,1953,195300,195.3,0.1953,158683.45183699526,716.8612042361402,0.004517554892696203,4.5175548926962035e+17,60,0.00037811126053417294,3.78111260534173e+26,586.7907027985278,18.242685935988156,69.6340490706557,0.0,0.0,42.19376643096863,0.0036978695384147437,0.00011496274957975851,0.0004388236345034014,0.0,0.0,0.00026589897019830037,4636,1564,7300,0.11585185185185186,0.5407407407407407,1,0,0
flow,0.5,1.0,0,registered,during_vibration,flow_dump_0.5_1.0.shear.wave,1954,195400,195.4,0.1954,158683.4518369953,829.3488604546568,0.005226435717484835,5.226435717484835e+17,74,0.0004663372213254799,4.663372213254799e+26,670.6167438128393,22.776167700568987,97.1889685351376,0.0,0.0,38.766980406111024,0.004226129038973253,0.0001435320913233309,0.0006124707233806158,0.0,0.0,0.00024430386380763704,4489,1551,7460,0.11488888888888889,0.5525925925925926,1,0,0
flow,0.5,1.0,0,registered,during_vibration,flow_dump_0.5_1.0.shear.wave,1955,195500,195.5,0.19549999999999998,158683.45183699526,729.9801054352108,0.004600228297182934,4.6002282971829344e+17,69,0.0004348279496142989,4.3482794961429895e+26,563.9115706160038,29.82504215151912,93.94633852744195,5.852464842594085,0.0,36.444689297651784,0.003553688579923708,0.00018795307138992894,0.0005920361413863536,3.688138098108633e-05,0.0,0.00022966912350185664,4236,1428,7836,0.10577777777777778,0.5804444444444444,1,0,0
flow,0.5,1.0,0,registered,during_vibration,flow_dump_0.5_1.0.shear.wave,1956,195600,195.6,0.1956,158683.45183699526,615.8129225197341,0.0038807633397861608,3.8807633397861606e+17,50,0.0003150927171118108,3.150927171118108e+26,480.722727705279,16.42749544600788,47.77028644818306,0.0,0.0,70.89241292026401,0.0030294446090011504,0.00010352368350849044,0.0003010413870833503,0.0,0.0,0.00044675366019316856,4217,1311,7972,0.0971111111111111,0.5905185185185186,1,0,0
flow,0.5,1.0,0,registered,during_vibration,flow_dump_0.5_1.0.shear.wave,1957,195700,195.70000000000002,0.19569999999999999,158683.45183699526,699.7010868159329,0.004409414332218386,4.409414332218386e+17,64,0.0004033186779031178,4.0331867790311785e+26,616.1016326137852,21.326358493030042,41.13613938512995,0.0,0.0,21.13695632398745,0.0038825827487460043,0.0001343956048733876,0.0002592339586070154,0.0,0.0,0.00013320201999197757,4447,1472,7581,0.10903703703703704,0.5615555555555556,1,0,0
flow,0.5,1.0,0,registered,during_vibration,flow_dump_0.5_1.0.shear.wave,1958,195800,195.8,0.1958,158683.4518369953,744.0415494319043,0.004688841469091608,4.6888414690916077e+17,70,0.00044112980395653504,4.41129803956535e+26,608.4635229606016,14.134212329589129,66.45282980239584,0.0,0.0,54.99098433931763,0.003834448494261612,8.907174734330989e-05,0.0004187760540441124,0.0,0.0,0.0003465451734425725,4573,1636,7291,0.12118518518518519,0.540074074074074,1,0,0
flow,0.5,1.0,0,registered,during_vibration,flow_dump_0.5_1.0.shear.wave,1959,195900,195.9,0.1959,158683.45183699526,854.4628970049282,0.0053847007177702435,5.384700717770243e+17,77,0.00048524278435218865,4.852427843521887e+26,719.86250888386,21.762085628583648,76.4381068062205,6.498140173887159,0.0,29.90205551237687,0.00453646867742281,0.00013714149381460622,0.00048170181528909634,4.0950332871270396e-05,0.0,0.00018843839837246054,4515,1575,7410,0.11666666666666667,0.5488888888888889,1,0,0
flow,0.5,1.0,0,registered,during_vibration,flow_dump_0.5_1.0.shear.wave,1960,196000,196.0,0.19599999999999998,158683.45183699526,741.0391109511918,0.004669920539114633,4.6699205391146336e+17,68,0.0004285260952720627,4.2852609527206266e+26,613.1742881779696,19.55564086607234,70.51816278810902,7.2464415851972905,0.0,30.544577533843196,0.003864135050501939,0.00012323680030706997,0.0004443951903727652,4.566601936943664e-05,0.0,0.0001924874785634205,4285,1426,7789,0.10562962962962963,0.576962962962963,1,0,0
flow,0.5,1.0,0,registered,during_vibration,flow_dump_0.5_1.0.shear.wave,1961,196100,196.1,0.1961,158683.45183699526,569.1007628479828,0.003586390113523503,3.5863901135235034e+17,50,0.0003150927171118108,3.150927171118108e+26,519.9054215875464,14.958990909428074,18.130538679920924,0.0,0.0,16.105811671087434,0.0032763682385836294,9.42693818180514e-05,0.00011425601390714135,0.0,0.0,0.00010149647921468107,4196,1335,7969,0.09888888888888889,0.5902962962962963,1,0,0
flow,0.5,1.0,0,registered,during_vibration,flow_dump_0.5_1.0.shear.wave,1962,196200,196.20000000000002,0.19619999999999999,158683.4518369953,647.9621547751764,0.00408336311867468,4.0833631186746797e+17,54,0.0003403001344807556,3.403001344807556e+26,545.0807881195005,12.803073063721069,44.02730348028068,0.0,0.0,46.050990111674324,0.003435019731480413,8.068310158057814e-05,0.0002774536536141584,0.0,0.0,0.0002902066319995318,4479,1550,7471,0.11481481481481481,0.5534074074074075,1,0,0
flow,0.5,1.0,0,registered,during_vibration,flow_dump_0.5_1.0.shear.wave,1963,196300,196.3,0.1963,158683.45183699526,727.2265835434334,0.0045828760032927945,4.582876003292794e+17,61,0.0003844131148764092,3.844131148764092e+26,587.2053362772159,21.824332035740476,73.89651028091552,0.0,0.0,44.3004049495616,0.0037004824982028507,0.00013753376160583608,0.00046568504418989065,0.0,0.0,0.00027917469929421756,4653,1580,7267,0.11703703703703704,0.5382962962962963,1,0,0
flow,0.5,1.0,0,registered,during_vibration,flow_dump_0.5_1.0.shear.wave,1964,196400,196.4,0.1964,158683.45183699526,854.2322096600271,0.005383246959724079,5.3832469597240794e+17,80,0.0005041483473788973,5.041483473788973e+26,677.3203704038689,25.240642635441976,102.21740894132617,0.0,0.0,49.453787679390246,0.004268374317314663,0.00015906285339299257,0.0006441592223890313,0.0,0.0,0.0003116505666273933,4504,1552,7444,0.11496296296296296,0.5514074074074075,1,0,0
flow,0.5,1.0,0,registered,during_vibration,flow_dump_0.5_1.0.shear.wave,1965,196500,196.5,0.19649999999999998,158683.45183699526,688.9787838659483,0.0043418439408142535,4.3418439408142534e+17,70,0.00044112980395653514,4.411298039565352e+26,563.5345303962082,10.575769303699165,84.86383522684133,10.884699543264299,0.0,19.119949395935347,0.0035513125273773914,6.664695770900506e-05,0.0005347995285230888,6.859379108065668e-05,0.0,0.00012049113612411188,4258,1413,7829,0.10466666666666667,0.579925925925926,1,0,0
flow,0.5,1.0,0,registered,during_vibration,flow_dump_0.5_1.0.shear.wave,1966,196600,196.6,0.1966,158683.4518369953,556.2973009166419,0.003505704561355826,3.505704561355826e+17,48,0.00030248900842733833,3.0248900842733832e+26,459.6660419862373,18.688106143610376,51.85773668590691,0.0,3.9111302679903357,22.174285832897056,0.0028967484426695037,0.00011776972284928233,0.0003267999031126247,0.0,2.464737326238639e-05,0.0001397391194620293,4230,1331,7939,0.09859259259259259,0.5880740740740741,1,0,0
flow,0.5,1.0,0,registered,during_vibration,flow_dump_0.5_1.0.shear.wave,1967,196700,196.70000000000002,0.19669999999999999,158683.45183699526,691.0531985025088,0.004354916599699261,4.354916599699261e+17,66,0.0004159223865875903,4.159223865875903e+26,594.4556611063932,9.443066458153684,55.44209138289258,0.0,0.0,31.712379555069475,0.0037461729892102245,5.950882936334096e-05,0.0003493879843239387,0.0,0.0,0.00019984679680175757,4468,1486,7546,0.11007407407407407,0.558962962962963,1,0,0
flow,0.5,1.0,0,registered,during_vibration,flow_dump_0.5_1.0.shear.wave,1968,196800,196.8,0.1968,158683.45183699526,732.617341419918,0.004616847774224663,4.616847774224663e+17,68,0.0004285260952720627,4.2852609527206266e+26,602.1466324129533,13.320251054220405,72.42731296551338,0.0,0.0,44.723144987230825,0.0037946403701344844,8.39422819457154e-05,0.00045642637670822186,0.0,0.0,0.0002818387454362404,4595,1627,7278,0.12051851851851852,0.5391111111111111,1,0,0
flow,0.5,1.0,0,registered,during_vibration,flow_dump_0.5_1.0.shear.wave,1969,196900,196.9,0.1969,158683.45183699526,838.9872301355203,0.005287175319310265,5.287175319310265e+17,74,0.00046633722132547996,4.6633722132548e+26,708.5929496215836,23.173033641519627,76.40584792705047,5.7243167657934855,0.0,25.09108217957337,0.004465449556450745,0.00014603308267659637,0.000481498524531323,3.607381046685125e-05,0.0,0.00015812034518475018,4537,1579,7384,0.11696296296296296,0.546962962962963,1,0,0
flow,0.5,1.0,0,registered,during_vibration,flow_dump_0.5_1.0.shear.wave,1970,197000,197.0,0.19699999999999998,158683.45183699526,771.0386737937945,0.004858973414479477,4.8589734144794765e+17,71,0.0004474316582987713,4.474316582987713e+26,608.7291052347783,21.113632401147562,70.00441093163843,19.8253374987027,0.0,51.36618772752735,0.0038361221550693545,0.00013305503602755104,0.0004411576010052341,0.0001249363892024981,0.0,0.00032370223317483885,4300,1431,7769,0.106,0.5754814814814815,1,0,0
flow,0.5,1.0,0,registered,during_vibration,flow_dump_0.5_1.0.shear.wave,1971,197100,197.1,0.1971,158683.45183699526,584.6296009924068,0.0036842505896138252,3.684250589613825e+17,49,0.00030879086276957456,3.0879086276957458e+26,524.0847760395527,9.653646864972302,22.402567951649715,5.818829504859766,0.0,22.66978063137247,0.00330270592158475,6.083587641444073e-05,0.00014117772012334565,3.666941598193272e-05,0.0,0.00014286165550935707,4189,1350,7961,0.1,0.5897037037037037,1,0,0
flow,0.5,1.0,0,registered,during_vibration,flow_dump_0.5_1.0.shear.wave,1972,197200,197.20000000000002,0.1972,158683.45183699526,636.8499281669122,0.0040133354851714775,4.013335485171478e+17,52,0.00032769642579628326,3.276964257962832e+26,545.7105134505176,29.04968194086409,34.774101770713855,0.0,0.0,27.315631004816733,0.0034389881687920992,0.00018306686427961536,0.0002191413242411372,0.0,0.0,0.00017213912785862655,4511,1524,7465,0.11288888888888889,0.552962962962963,1,0,0
flow,0.5,1.0,0,registered,during_vibration,flow_dump_0.5_1.0.shear.wave,1973,197300,197.3,0.1973,158683.45183699526,733.2752851550838,0.004620994039809065,4.620994039809065e+17,61,0.0003844131148764092,3.844131148764092e+26,607.9553714561434,17.93686435625112,54.436548307388,0.0,0.0,52.9465010353014,0.003831246197496729,0.00011303550652954314,0.0003430511983272646,0.0,0.0,0.0003336611374555284,4640,1553,7307,0.11503703703703703,0.5412592592592592,1,0,0
flow,0.5,1.0,0,registered,during_vibration,flow_dump_0.5_1.0.shear.wave,1974,197400,197.4,0.1974,158683.45183699526,826.8509514148719,0.005210694258555957,5.210694258555957e+17,76,0.0004789409300099524,4.789409300099524e+26,660.5259138108005,34.59116056374269,109.84820755529462,0.0,0.0,21.88566948503397,0.004162538098108137,0.00021798845540161202,0.0006922474037691985,0.0,0.0,0.00013792030127700796,4520,1542,7438,0.11422222222222222,0.550962962962963,1,0,0
flow,0.5,1.0,0,registered,during_vibration,flow_dump_0.5_1.0.shear.wave,1975,197500,197.5,0.19749999999999998,158683.45183699526,634.163223311406,0.003996404262511499,3.996404262511499e+17,57,0.0003592056975074643,3.592056975074643e+26,528.7397845488658,31.894444437277738,57.667492973508175,0.0,0.0,15.86150135175447,0.0033320411071723114,0.00020099414317027045,0.000363412141000979,0.0,0.0,9.995687116793951e-05,4270,1403,7827,0.10392592592592592,0.5797777777777777,1,0,0
flow,0.5,1.0,0,registered,during_vibration,flow_dump_0.5_1.0.shear.wave,1976,197600,197.6,0.1976,158683.45183699526,547.9578052943003,0.0034531502746561137,3.453150274656114e+17,49,0.00030879086276957456,3.0879086276957458e+26,458.3413312671393,18.63281386103458,39.113448253984444,5.0436490252492945,0.0,26.82656288689256,0.0028884003086721496,0.00011742127893823992,0.0002464872537192034,3.178434151048273e-05,0.0,0.0001690570918160368,4199,1307,7994,0.09681481481481481,0.5921481481481482,1,0,0
flow,0.5,1.0,0,registered,during_vibration,flow_dump_0.5_1.0.shear.wave,1977,197700,197.70000000000002,0.1977,158683.4518369953,686.3505680523199,0.004325281307576805,4.3252813075768045e+17,62,0.0003907149692186453,3.907149692186453e+26,595.8061389773242,14.89778851705741,49.811035890586645,0.0,0.0,25.835604667351518,0.003754683504045244,9.388369325593506e-05,0.0003139018928183774,0.0,0.0,0.00016281221745724738,4456,1473,7571,0.10911111111111112,0.5608148148148148,1,0,0
flow,0.5,1.0,0,registered,during_vibration,flow_dump_0.5_1.0.shear.wave,1978,197800,197.8,0.1978,158683.45183699526,710.4670489878068,0.004477259857679561,4.477259857679561e+17,63,0.0003970168235608816,3.970168235608816e+26,575.4595996272442,16.26533312310366,74.62731454927041,0.0,0.0,44.11480168818852,0.0036264625766924633,0.00010250176016974935,0.0004702904662417477,0.0,0.0,0.0002780050545756004,4572,1638,7290,0.12133333333333333,0.54,1,0,0
flow,0.5,1.0,0,registered,during_vibration,flow_dump_0.5_1.0.shear.wave,1979,197900,197.9,0.1979,158683.45183699526,895.2165749315401,0.005641524459974159,5.641524459974159e+17,83,0.0005230539104056059,5.2305391040560594e+26,768.0622730015948,13.408090093129736,70.80748282819727,6.027837738521088,0.0,36.91089127009722,0.004840216570222918,8.449583077448402e-05,0.00044621844312369124,3.798655542679445e-05,0.0,0.000232607060426271,4545,1587,7368,0.11755555555555555,0.5457777777777778,1,0,0
flow,0.5,1.0,0,registered,during_vibration,flow_dump_0.5_1.0.shear.wave,1980,198000,198.0,0.19799999999999998,158683.45183699526,717.7989940713403,0.004523464707641264,4.523464707641264e+17,66,0.0004159223865875903,4.159223865875903e+26,590.3861596453734,20.71020217552104,68.81786407725573,8.542934106091701,0.0,29.3418340670986,0.00372052758375736,0.0001305126775083972,0.00043368015555867573,5.3836326391911854e-05,0.0,0.00018490796442491983,4312,1414,7774,0.10474074074074075,0.5758518518518518,1,0,0
flow,0.5,1.0,0,registered,during_vibration,flow_dump_0.5_1.0.shear.wave,1981,198100,198.1,0.1981,158683.4518369953,568.7215697758606,0.0035840004940154036,3.5840004940154035e+17,52,0.00032769642579628315,3.2769642579628316e+26,509.98037321733403,20.026398368334736,14.525366558610632,10.598831113831324,0.0,13.590600517749806,0.003213822029414902,0.0001262034455168425,9.153674431995311e-05,6.679228987732622e-05,0.0,8.564598488637936e-05,4173,1358,7969,0.1005925925925926,0.5902962962962963,1,0,0
flow,0.5,1.0,0,registered,during_vibration,flow_dump_0.5_1.0.shear.wave,1982,198200,198.20000000000002,0.1982,158683.45183699526,616.9184091431509,0.003887729955464224,3.887729955464224e+17,53,0.00033399828013851943,3.3399828013851945e+26,557.4866169732528,18.103437171076326,25.75602709097634,0.0,0.0,15.572327907845487,0.003513199457911471,0.00011408522414594786,0.00016231073116202286,0.0,0.0,9.81345422447823e-05,4481,1512,7507,0.112,0.556074074074074,1,0,0
flow,0.5,1.0,0,registered,during_vibration,flow_dump_0.5_1.0.shear.wave,1983,198300,198.3,0.1983,158683.45183699526,741.9060082036249,0.004675383599329151,4.6753835993291514e+17,65,0.00040962053224535404,4.096205322453541e+26,623.8421865447523,14.799870796866998,66.53797369725883,0.0,0.0,36.72597716474673,0.003931362592147183,9.326663004577125e-05,0.00041931261846766974,0.0,0.0,0.0002314417586685273,4624,1561,7315,0.11562962962962962,0.5418518518518518,1,0,0
flow,0.5,1.0,0,registered,during_vibration,flow_dump_0.5_1.0.shear.wave,1984,198400,198.4,0.1984,158683.45183699526,946.5507175501605,0.005965024749540285,5.965024749540285e+17,82,0.0005167520560633698,5.167520560633698e+26,740.3517333310052,18.16399515509911,115.73725436596368,4.981484589705998,0.0,67.31625010838646,0.004665588785474104,0.0001144668517405189,0.0007293593189846456,3.139259029242154e-05,0.0,0.00042421720304859433,4511,1545,7444,0.11444444444444445,0.5514074074074075,1,0,0
flow,0.5,1.0,0,registered,during_vibration,flow_dump_0.5_1.0.shear.wave,1985,198500,198.5,0.19849999999999998,158683.4518369953,714.4707250267488,0.0045024904409104735,4.5024904409104736e+17,64,0.00040331867790311776,4.033186779031178e+26,600.9502896329136,25.689825902625547,64.96086733038572,7.5763902454578655,0.0,15.293351915365996,0.0037871011921912874,0.0001618935409157532,0.0004093739238614219,4.774530776681475e-05,0.0,9.637647617519574e-05,4291,1401,7808,0.10377777777777777,0.5783703703703704,1,0,0
flow,0.5,1.0,0,registered,during_vibration,flow_dump_0.5_1.0.shear.wave,1986,198600,198.6,0.1986,158683.45183699526,531.168187282844,0.0033473445474861297,3.34734454748613e+17,46,0.0002898852997428659,2.8988529974286592e+26,452.26273349760544,14.77700810502488,43.2178917587334,0.0,1.566228648603712,19.34432527287654,0.0028500938709235053,9.31225526919108e-05,0.00027235285884206887,0.0,9.870144810138063e-06,0.00012190512021850679,4212,1294,7994,0.09585185185185185,0.5921481481481482,1,0,0
flow,0.5,1.0,0,registered,during_vibration,flow_dump_0.5_1.0.shear.wave,1987,198700,198.70000000000002,0.1987,158683.45183699526,699.1382531955949,0.004405867436724102,4.4058674367241024e+17,64,0.0004033186779031178,4.0331867790311785e+26,620.7108895588038,0.0,44.829434138719854,0.0,0.0,33.5979294980711,0.003911629614639452,0.0,0.00028250856418708415,0.0,0.0,0.00021172925789756563,4465,1480,7555,0.10962962962962963,0.5596296296296296,1,0,0
flow,0.5,1.0,0,registered,during_vibration,flow_dump_0.5_1.0.shear.wave,1988,198800,198.8,0.1988,158683.45183699526,678.1063046261557,0.004273327160306093,4.2733271603060934e+17,63,0.0003970168235608816,3.970168235608816e+26,553.8759327412205,16.282447361744776,70.22676893476412,0.0,0.0,37.721155588426186,0.0034904454518053948,0.00010260961160884394,0.00044255886875276267,0.0,0.0,0.00023771322813909146,4571,1621,7308,0.12007407407407407,0.5413333333333333,1,0,0
flow,0.5,1.0,0,registered,during_vibration,flow_dump_0.5_1.0.shear.wave,1989,198900,198.9,0.1989,158683.4518369953,818.4255231663203,0.005157598436962622,5.1575984369626214e+17,75,0.00047263907566771614,4.726390756677161e+26,705.3052468653495,15.718286309651358,61.19661691800705,7.0316917213602865,0.0,29.173681351952357,0.004444730932560388,9.905435083298846e-05,0.00038565216605490897,4.4312697007520763e-05,0.0,0.00018384829050681665,4529,1558,7413,0.1154074074074074,0.5491111111111111,1,0,0
flow,0.5,1.0,0,registered,during_vibration,flow_dump_0.5_1.0.shear.wave,1990,199000,199.0,0.19899999999999998,158683.45183699526,750.8295865024596,0.004731618689979948,4.731618689979948e+17,69,0.0004348279496142989,4.3482794961429895e+26,599.3373837238088,21.133569800750074,59.33618027013389,16.940011495099146,0.0,54.08244121266763,0.0037769368940843775,0.00013318067861580902,0.00037392796528705415,0.00010675348499792196,0.0,0.0003408196669947844,4279,1387,7834,0.10274074074074074,0.5802962962962963,1,0,0
flow,0.5,1.0,0,registered,during_vibration,flow_dump_0.5_1.0.shear.wave,1991,199100,199.1,0.1991,158683.45183699526,550.8898609600216,0.0034716276623848173,3.471627662384817e+17,50,0.0003150927171118108,3.150927171118108e+26,494.581380480412,16.223577562640045,12.9822004922933,0.0,0.0,27.1027024246762,0.0031167798201696666,0.00010223862270972922,8.181193654413968e-05,0.0,0.0,0.00017079728296128172,4187,1341,7972,0.09933333333333333,0.5905185185185186,1,0,0
flow,0.5,1.0,0,registered,during_vibration,flow_dump_0.5_1.0.shear.wave,1992,199200,199.20000000000002,0.1992,158683.45183699526,624.9608328840205,0.003938412138437727,3.9384121384377274e+17,58,0.00036550755184970053,3.6550755184970054e+26,514.6788938796788,11.11358264051298,25.619742897771488,0.0,0.0,73.54861346605718,0.0032434314222529862,7.003617902091775e-05,0.0001614518880272967,0.0,0.0,0.00046349264913652543,4477,1522,7501,0.11274074074074074,0.5556296296296296,1,0,0
flow,0.5,1.0,0,registered,during_vibration,flow_dump_0.5_1.0.shear.wave,1993,199300,199.3,0.19929999999999998,158683.45183699526,741.9451033721879,0.00467562997138692,4.6756299713869203e+17,62,0.0003907149692186454,3.907149692186454e+26,611.5698012937313,6.550897918611455,65.13845321945506,0.0,0.0,58.68595094038994,0.0038540238078634405,4.1282804493947786e-05,0.0004104930442675735,0.0,0.0,0.00036983031476195785,4609,1559,7332,0.11548148148148148,0.5431111111111111,1,0,0
flow,0.5,1.0,0,registered,during_vibration,flow_dump_0.5_1.0.shear.wave,1994,199400,199.4,0.1994,158683.45183699526,808.4894550106181,0.005094982782710856,5.094982782710856e+17,75,0.0004726390756677162,4.726390756677162e+26,619.7218499183663,31.577149078281252,110.72498011146634,4.352601300030416,0.0,42.112874602473894,0.003905396830886717,0.00019899459403440703,0.0006977726967094628,2.7429459402619673e-05,0.0,0.00026538920167764934,4522,1538,7440,0.11392592592592593,0.5511111111111111,1,0,0
flow,0.5,1.0,0,registered,during_vibration,flow_dump_0.5_1.0.shear.wave,1995,199500,199.5,0.19949999999999998,158683.45183699526,648.8667499147069,0.004089063745482697,4.089063745482697e+17,59,0.00037180940619193677,3.7180940619193676e+26,526.5258269212592,21.223118042773965,69.92544600720252,3.838921668366944,0.0,27.353437275104234,0.0033180890686832516,0.00013374499859364689,0.0004406599755532933,2.4192325185302925e-05,0.0,0.00017237737746720157,4328,1421,7751,0.10525925925925926,0.5741481481481482,1,0,0
flow,0.5,1.0,0,registered,during_vibration,flow_dump_0.5_1.0.shear.wave,1996,199600,199.6,0.1996,158683.4518369953,563.2841126221864,0.0035497344310407982,3.549734431040798e+17,49,0.0003087908627695745,3.087908627695745e+26,477.49548405193434,15.668279644490003,44.17536338608302,0.0,0.0,25.94498553967921,0.003009106989570866,9.873921611300061e-05,0.00027838670557445,0.0,0.0,0.00016350151978248323,4255,1313,7932,0.09725925925925925,0.5875555555555556,1,0,0
flow,0.5,1.0,0,registered,during_vibration,flow_dump_0.5_1.0.shear.wave,1997,199700,199.70000000000002,0.1997,158683.45183699526,618.7326571247711,0.0038991630819850904,3.8991630819850906e+17,57,0.0003592056975074643,3.592056975074643e+26,551.4603890044968,0.0,42.5826367354494,0.0,0.0,24.689631384825088,0.0034752230470192613,0.0,0.0002683495742151592,0.0,0.0,0.00015559046075067155,4446,1479,7575,0.10955555555555556,0.5611111111111111,1,0,0
flow,0.5,1.0,0,registered,during_vibration,flow_dump_0.5_1.0.shear.wave,1998,199800,199.8,0.19979999999999998,158683.45183699526,840.7812129732808,0.005298480737846303,5.298480737846303e+17,79,0.000497846493036661,4.97846493036661e+26,648.7895579767395,14.73090376376058,92.93835790966874,0.0,0.0,84.32239332311183,0.004088577293133231,9.283200984871842e-05,0.0005856839943533495,0.0,0.0,0.0005313874405110024,4585,1640,7275,0.12148148148148148,0.5388888888888889,1,0,0
flow,0.5,1.0,0,registered,during_vibration,flow_dump_0.5_1.0.shear.wave,1999,199900,199.9,0.1999,158683.45183699526,832.9414121667076,0.005249075455091132,5.249075455091132e+17,72,0.00045373351264100755,4.5373351264100753e+26,720.1462057745525,13.261108290903014,55.370417006558434,0.0,0.0,44.163681094693516,0.0045382564939052995,8.356957286589185e-05,0.00034893630284421026,0.0,0.0,0.0002783130854757298,4536,1570,7394,0.1162962962962963,0.5477037037037037,1,0,0
flow,0.5,1.0,0,registered,during_vibration,flow_dump_0.5_1.0.shear.wave,2000,200000,200.0,0.19999999999999998,158683.4518369953,827.0727809369198,0.00521209219589271,5.21209219589271e+17,77,0.00048524278435218855,4.8524278435218856e+26,674.4439887920025,23.50225563192908,68.57335962859983,10.069991364911058,0.0,50.483185519477416,0.004250247779363994,0.00014810779170641781,0.0004321393241372174,6.345961880924594e-05,0.0,0.00031813768187583517,4295,1403,7802,0.10392592592592592,0.577925925925926,1,0,0
flow,0.5,1.0,0,registered,during_vibration,flow_dump_0.5_1.0.shear.wave,2001,200100,200.1,0.2001,158683.45183699526,554.796167097602,0.003496244634680033,3.4962446346800326e+17,51,0.000321394571454047,3.21394571454047e+26,512.925542740125,10.079145525383794,13.467082504106429,0.0,0.0,18.324396327986978,0.003232382058760725,6.351730699517059e-05,8.486759235575647e-05,0.0,0.0,0.00011547767656838211,4194,1362,7944,0.10088888888888889,0.5884444444444444,1,0,0
flow,0.5,1.0,0,registered,during_vibration,flow_dump_0.5_1.0.shear.wave,2002,200200,200.20000000000002,0.2002,158683.45183699526,622.6446377270569,0.003923815813930349,3.923815813930349e+17,55,0.0003466019888229919,3.466019888229919e+26,554.5171812170106,11.611293590676281,17.4016853706135,0.0,0.0,39.114477548756554,0.003494486506297005,7.317268093338286e-05,0.00010966288651502912,0.0,0.0,0.00024649374018493247,4475,1519,7506,0.11251851851851852,0.556,1,0,0
flow,0.5,1.0,0,registered,during_vibration,flow_dump_0.5_1.0.shear.wave,2003,200300,200.3,0.20029999999999998,158683.45183699526,717.2654805245387,0.00452010258297971,4.52010258297971e+17,63,0.0003970168235608816,3.970168235608816e+26,594.7321482702414,4.6981997876623005,64.2599750810513,0.0,0.0,53.575157385583395,0.003747915371044294,2.9607370732572936e-05,0.0004049570029965141,0.0,0.0,0.0003376228382063274,4627,1584,7289,0.11733333333333333,0.5399259259259259,1,0,0
flow,0.5,1.0,0,registered,during_vibration,flow_dump_0.5_1.0.shear.wave,2004,200400,200.4,0.2004,158683.4518369953,767.7541827214286,0.0048382750301530515,4.8382750301530515e+17,71,0.00044743165829877127,4.4743165829877125e+26,628.2018088121848,8.860669486771618,84.11501025722946,0.0,0.0,46.57669416524266,0.003958836296663711,5.583864848033166e-05,0.0005300805426367652,0.0,0.0,0.0002935195423722426,4498,1528,7474,0.11318518518518518,0.5536296296296296,1,0,0
flow,0.5,1.0,0,registered,during_vibration,flow_dump_0.5_1.0.shear.wave,2005,200500,200.5,0.20049999999999998,158683.45183699526,695.1753181390836,0.004380893597230227,4.380893597230227e+17,63,0.0003970168235608816,3.970168235608816e+26,541.2322044985714,21.26279813448197,92.93293511612258,0.0,0.0,39.74738038990773,0.0034107665180774017,0.00013399505675187732,0.0005856498206982935,0.0,0.0,0.00025048220170265464,4276,1415,7809,0.10481481481481482,0.5784444444444444,1,0,0
flow,0.5,1.0,0,registered,during_vibration,flow_dump_0.5_1.0.shear.wave,2006,200600,200.6,0.2006,158683.45183699526,571.6381404316759,0.0036023802974671924,3.602380297467192e+17,49,0.00030879086276957456,3.0879086276957458e+26,505.18513978673604,0.0,39.091311116160625,0.0,7.340850242066399,20.020839286713063,0.0031836031667982524,0.0,0.0002463477487010837,0.0,4.626096897367191e-05,0.00012616841299418615,4223,1310,7967,0.09703703703703703,0.5901481481481482,1,0,0
flow,0.5,1.0,0,registered,during_vibration,flow_dump_0.5_1.0.shear.wave,2007,200700,200.70000000000002,0.2007,158683.45183699526,647.7693334522506,0.004082147986783525,4.082147986783525e+17,59,0.00037180940619193677,3.7180940619193676e+26,574.5500499864734,0.0,45.42581031922609,0.0,0.0,27.793473146551204,0.003620730727339292,0.0,0.00028626684000981363,0.0,0.0,0.00017515041943441935,4463,1467,7570,0.10866666666666666,0.5607407407407408,1,0,0
flow,0.5,1.0,0,registered,during_vibration,flow_dump_0.5_1.0.shear.wave,2008,200800,200.8,0.20079999999999998,158683.4518369953,775.4650497993262,0.0048868677913303064,4.8868677913303066e+17,72,0.00045373351264100744,4.537335126410075e+26,645.7857331167162,10.519539713453467,74.45606652698173,0.0,0.0,44.70371044217464,0.0040696476263957755,6.629260702155304e-05,0.0004692112861488883,0.0,0.0,0.00028171627176408866,4595,1637,7268,0.12125925925925926,0.5383703703703704,1,0,0
flow,0.5,1.0,0,registered,during_vibration,flow_dump_0.5_1.0.shear.wave,2009,200900,200.9,0.2009,158683.45183699526,806.7139241668973,0.005083793645953579,5.0837936459535795e+17,74,0.00046633722132547996,4.6633722132548e+26,692.1775858536652,10.616782884095276,65.88139383028171,0.0,0.0,38.038161598855304,0.004362002325010501,6.690541931871495e-05,0.00041517494778193505,0.0,0.0,0.0002397109538424292,4542,1586,7372,0.11748148148148148,0.546074074074074,1,0,0
flow,0.5,1.0,0,registered,during_vibration,flow_dump_0.5_1.0.shear.wave,2010,201000,201.0,0.20099999999999998,158683.45183699526,821.524427400845,0.0051771272800691355,5.1771272800691354e+17,72,0.00045373351264100755,4.5373351264100753e+26,674.5316188169986,0.0,66.4010466758013,10.317745574854783,0.0,70.27401633319036,0.004250800011017527,0.0,0.00041844972432292807,6.502092975298712e-05,0.0,0.00044285661497569444,4292,1411,7797,0.10451851851851852,0.5775555555555556,1,0,0
flow,0.5,1.0,0,registered,during_vibration,flow_dump_0.5_1.0.shear.wave,2011,201100,201.1,0.2011,158683.45183699526,568.4881525808183,0.0035825295328512745,3.582529532851274e+17,49,0.00030879086276957456,3.0879086276957458e+26,516.2684276421284,0.0,22.45402950564535,0.0,0.0,29.76569543304487,0.0032534484324960103,0.0,0.00014150202334085128,0.0,0.0,0.0001875790770144145,4214,1362,7924,0.10088888888888889,0.5869629629629629,1,0,0
flow,0.5,1.0,0,registered,during_vibration,flow_dump_0.5_1.0.shear.wave,2012,201200,201.20000000000002,0.2012,158683.45183699526,665.2947846107659,0.004192590827266463,4.1925908272664634e+17,59,0.00037180940619193677,3.7180940619193676e+26,587.2881258418118,7.287255665001997,29.14460541441323,0.0,0.0,41.5747976895388,0.003701004225979991,4.59232237554783e-05,0.00018366505818358115,0.0,0.0,0.0002619983193474123,4497,1532,7471,0.11348148148148147,0.5534074074074075,1,0,0
flow,0.5,1.0,0,registered,during_vibration,flow_dump_0.5_1.0.shear.wave,2013,201300,201.3,0.20129999999999998,158683.45183699526,740.8840226476534,0.0046689431952155495,4.6689431952155494e+17,63,0.0003970168235608816,3.970168235608816e+26,623.9274334595693,6.507183629290101,83.79815902759609,0.0,0.0,26.651246531197707,0.0039318998057874845,4.100732340997024e-05,0.0005280837923394573,0.0,0.0,0.00016795227367863614,4630,1580,7290,0.11703703703703704,0.54,1,0,0
flow,0.5,1.0,0,registered,during_vibration,flow_dump_0.5_1.0.shear.wave,2014,201400,201.4,0.2014,158683.45183699526,777.4646774535671,0.0048994691535460405,4.89946915354604e+17,71,0.0004474316582987713,4.474316582987713e+26,621.6131849909743,14.289937251020818,90.51268822989368,0.0,0.0,51.04886698167829,0.003917315749026656,9.00531031156286e-05,0.0005703977773490283,0.0,0.0,0.0003217025240547283,4502,1537,7461,0.11385185185185186,0.5526666666666666,1,0,0
flow,0.5,1.0,0,registered,during_vibration,flow_dump_0.5_1.0.shear.wave,2015,201500,201.5,0.20149999999999998,158683.4518369953,650.6808937246423,0.0041004962155287775,4.1004962155287776e+17,61,0.0003844131148764091,3.844131148764091e+26,542.4075309298228,12.960273642478858,64.85260523872785,0.0,0.0,30.460483913612787,0.0034181732540517276,8.167375673042496e-05,0.0004086916719290082,0.0,0.0,0.00019195753281761713,4293,1419,7788,0.10511111111111111,0.5768888888888889,1,0,0
flow,0.5,1.0,0,registered,during_vibration,flow_dump_0.5_1.0.shear.wave,2016,201600,201.6,0.2016,158683.45183699526,565.2173198608536,0.0035619172214722368,3.561917221472237e+17,51,0.000321394571454047,3.21394571454047e+26,502.75881998559487,0.0,50.085128700818686,0.0,0.0,12.373371174440132,0.0031683128528237773,0.0,0.00031562918578471394,0.0,0.0,7.797518286374598e-05,4252,1326,7922,0.09822222222222222,0.5868148148148148,1,0,0
flow,0.5,1.0,0,registered,during_vibration,flow_dump_0.5_1.0.shear.wave,2017,201700,201.70000000000002,0.2017,158683.45183699526,698.9461818610192,0.004404657031150288,4.404657031150288e+17,64,0.0004033186779031178,4.0331867790311785e+26,631.7250832045452,0.0,40.62665550696486,0.0,0.0,26.594443149509218,0.003981039458692098,0.0,0.00025602326541710135,0.0,0.0,0.00016759430704108884,4481,1498,7521,0.11096296296296296,0.5571111111111111,1,0,0
flow,0.5,1.0,0,registered,during_vibration,flow_dump_0.5_1.0.shear.wave,2018,201800,201.8,0.20179999999999998,158683.45183699526,786.9877350783705,0.004959482075590274,4.959482075590274e+17,72,0.00045373351264100755,4.5373351264100753e+26,667.1174195161489,7.031512944443421,75.37888677509824,0.0,0.0,37.45991584268003,0.004204076806959262,4.431157038143093e-05,0.0004750267649365849,0.0,0.0,0.00023606693331299639,4607,1652,7241,0.12237037037037037,0.5363703703703704,1,0,0
flow,0.5,1.0,0,registered,during_vibration,flow_dump_0.5_1.0.shear.wave,2019,201900,201.9,0.2019,158683.4518369953,838.089022894377,0.005281514948107436,5.2815149481074355e+17,79,0.000497846493036661,4.97846493036661e+26,729.3967536490063,24.946494152165673,51.48553489593787,0.0,0.0,32.26024019726725,0.004596552099195989,0.0001572091724963956,0.00032445434164632024,0.0,0.0,0.0002032993347687319,4569,1586,7345,0.11748148148148148,0.544074074074074,1,0,0
flow,0.5,1.0,0,registered,during_vibration,flow_dump_0.5_1.0.shear.wave,2020,202000,202.0,0.20199999999999999,158683.45183699526,767.479940086707,0.004836546793014605,4.836546793014605e+17,69,0.0004348279496142989,4.3482794961429895e+26,647.5702770445166,5.488156619370558,51.61854316989102,16.43101544297525,0.0,46.37194780995368,0.004080893562296096,3.458556362265278e-05,0.00032529254041508527,0.00010354586601666391,0.0,0.0002922292606641078,4314,1409,7777,0.10437037037037038,0.5760740740740741,1,0,0
flow,0.5,1.0,0,registered,during_vibration,flow_dump_0.5_1.0.shear.wave,2021,202100,202.1,0.2021,158683.45183699526,562.8673737776048,0.0035471082035434943,3.5471082035434944e+17,49,0.00030879086276957456,3.0879086276957458e+26,513.9957730627506,0.0,15.529362390386904,0.0,0.0,33.34223832446743,0.0032391264943665552,0.0,9.786377981201949e-05,0.0,0.0,0.00021011792936491985,4248,1370,7882,0.10148148148148148,0.5838518518518518,1,0,0
flow,0.5,1.0,0,registered,during_vibration,flow_dump_0.5_1.0.shear.wave,2022,202200,202.20000000000002,0.2022,158683.45183699526,619.8761323189328,0.003906369096102658,3.906369096102658e+17,54,0.00034030013448075566,3.403001344807557e+26,533.8154919556084,17.281502755389667,26.987846713549438,0.0,0.0,41.79129089438516,0.003364027475933413,0.0001089055131794195,0.00017007347899938692,0.0,0.0,0.000263362627990438,4488,1545,7467,0.11444444444444445,0.5531111111111111,1,0,0
flow,0.5,1.0,0,registered,during_vibration,flow_dump_0.5_1.0.shear.wave,2023,202300,202.3,0.20229999999999998,158683.4518369953,767.5123999683192,0.004836751350460491,4.836751350460491e+17,64,0.00040331867790311776,4.033186779031178e+26,633.1267459636866,11.763214642611386,58.407951828363444,5.9976922364043155,0.0,58.21679529725345,0.003989872533237144,7.413006527419719e-05,0.0003680784048506958,3.779658286338097e-05,0.0,0.0003668737642350735,4616,1578,7306,0.11688888888888889,0.5411851851851852,1,0,0
flow,0.5,1.0,0,registered,during_vibration,flow_dump_0.5_1.0.shear.wave,2024,202400,202.4,0.2024,158683.45183699526,845.1256898648805,0.005325858998410375,5.325858998410376e+17,76,0.0004789409300099524,4.789409300099524e+26,683.8595075801011,20.794542217854076,87.81979022770376,0.0,4.730977470693823,47.92087236852759,0.004309583007323181,0.000131044176170398,0.0005534275263807286,0.0,2.981393091671358e-05,0.0003019903576193531,4484,1541,7475,0.11414814814814815,0.5537037037037037,1,0,0
flow,0.5,1.0,0,registered,during_vibration,flow_dump_0.5_1.0.shear.wave,2025,202500,202.5,0.20249999999999999,158683.45183699526,733.4000291306307,0.004621780158173033,4.621780158173033e+17,65,0.00040962053224535404,4.096205322453541e+26,623.4476141719603,0.0,71.29856829307376,5.766263267590247,0.0,32.88758339800649,0.003928876054526377,0.0,0.00044931319219293226,3.633815121134079e-05,0.0,0.00020725276024238288,4287,1420,7793,0.10518518518518519,0.5772592592592592,1,0,0
flow,0.5,1.0,0,registered,during_vibration,flow_dump_0.5_1.0.shear.wave,2026,202600,202.6,0.2026,158683.45183699526,536.4003873002187,0.003380317109885071,3.380317109885071e+17,45,0.0002835834454006297,2.835834454006297e+26,486.1785190268355,0.0,38.539715133945165,0.0,0.0,11.682153139437837,0.003063826211231236,0.0,0.00024287167116539914,0.0,0.0,7.361922748843477e-05,4222,1323,7955,0.098,0.5892592592592593,1,0,0
flow,0.5,1.0,0,registered,during_vibration,flow_dump_0.5_1.0.shear.wave,2027,202700,202.70000000000002,0.2027,158683.4518369953,653.8056109739315,0.004120187728494471,4.120187728494471e+17,59,0.00037180940619193666,3.718094061919367e+26,575.5067355932456,4.832219640335843,44.485301304166725,0.0,0.0,28.981354436183345,0.003626759620684484,3.0451944323089553e-05,0.00028033988918934943,0.0,0.0,0.0001826362742975488,4485,1499,7516,0.11103703703703703,0.5567407407407408,1,0,0
flow,0.5,1.0,0,registered,during_vibration,flow_dump_0.5_1.0.shear.wave,2028,202800,202.8,0.20279999999999998,158683.45183699526,780.7005255376679,0.004919860996845648,4.9198609968456486e+17,70,0.00044112980395653514,4.411298039565352e+26,632.0382662923345,14.091919287217092,81.27839383405089,0.0,0.0,53.29194612406555,0.003983013092893797,8.880522275059132e-05,0.0005122045991130989,0.0,0.0,0.00033583808208816095,4608,1650,7242,0.12222222222222222,0.5364444444444444,1,0,0
flow,0.5,1.0,0,registered,during_vibration,flow_dump_0.5_1.0.shear.wave,2029,202900,202.9,0.2029,158683.45183699526,797.1741651290353,0.005023675474036941,5.023675474036941e+17,71,0.0004474316582987713,4.474316582987713e+26,675.3012475589136,23.499874231820744,68.24219209484312,0.0,0.0,30.130851243457627,0.004255650099246673,0.00014809278446980452,0.0004300523545766051,0.0,0.0,0.00018988023574385694,4572,1596,7332,0.11822222222222223,0.5431111111111111,1,0,0
flow,0.5,1.0,0,registered,during_vibration,flow_dump_0.5_1.0.shear.wave,2030,203000,203.0,0.20299999999999999,158683.45183699526,818.4929804737399,0.0051580235430882995,5.1580235430882995e+17,72,0.00045373351264100755,4.5373351264100753e+26,695.7231635246769,0.0,69.64976240835875,10.941411612229595,0.0,42.17864292847442,0.004384346039052302,0.0,0.0004389226576688364,6.895118227872283e-05,0.0,0.00026580366408843735,4362,1454,7684,0.1077037037037037,0.5691851851851852,1,0,0
flow,0.5,1.0,0,registered,during_vibration,flow_dump_0.5_1.0.shear.wave,2031,203100,203.1,0.2031,158683.45183699526,544.7339165535686,0.003432833797396447,3.4328337973964474e+17,46,0.0002898852997428659,2.8988529974286592e+26,503.7427841727015,0.0,23.461027322697493,0.0,0.0,17.530105058169724,0.0031745136518088997,0.0,0.0001478479769068637,0.0,0.0,0.00011047216868068393,4294,1397,7809,0.10348148148148148,0.5784444444444444,1,0,0
flow,0.5,1.0,0,registered,during_vibration,flow_dump_0.5_1.0.shear.wave,2032,203200,203.20000000000002,0.2032,158683.45183699526,615.1128474072206,0.003876351568398476,3.876351568398476e+17,56,0.00035290384316522807,3.529038431652281e+26,553.5426552343225,0.0,24.61483062262318,0.0,0.0,36.9553615502746,0.00348834518550138,0.0,0.00015511907724258687,0.0,0.0,0.0002328873056545073,4484,1547,7469,0.1145925925925926,0.5532592592592592,1,0,0
flow,0.5,1.0,0,registered,during_vibration,flow_dump_0.5_1.0.shear.wave,2033,203300,203.3,0.20329999999999998,158683.45183699526,769.9102579427041,0.004851862302148435,4.851862302148435e+17,66,0.0004159223865875903,4.159223865875903e+26,632.511420877259,14.436267626769894,82.3002882989653,0.0,0.0,40.66228113971007,0.003985994844169353,9.097525582944396e-05,0.0005186444291841269,0.0,0.0,0.00025624777296551167,4603,1590,7307,0.11777777777777777,0.5412592592592592,1,0,0
flow,0.5,1.0,0,registered,during_vibration,flow_dump_0.5_1.0.shear.wave,2034,203400,203.4,0.2034,158683.45183699526,796.3284278495157,0.00501834576088961,5.0183457608896096e+17,73,0.0004600353669832438,4.600353669832438e+26,645.729179744932,16.504942578765142,81.17634653285408,0.0,0.0,52.91795899296478,0.00406929123528423,0.00010401174405835051,0.0005115615118849383,0.0,0.0,0.0003334812696620931,4479,1550,7471,0.11481481481481481,0.5534074074074075,1,0,0
flow,0.5,1.0,0,registered,during_vibration,flow_dump_0.5_1.0.shear.wave,2035,203500,203.5,0.2035,158683.45183699526,689.9071932514869,0.004347694641531883,4.3476946415318835e+17,67,0.00042222424092982645,4.2222424092982644e+26,591.6902464605299,3.5067649189994983,73.37424013789176,0.0,0.0,21.335941734065624,0.0037287457489161074,2.209912173199862e-05,0.00046239377382125606,0.0,0.0,0.00013445599706252034,4301,1428,7771,0.10577777777777778,0.5756296296296296,1,0,0
flow,0.5,1.0,0,registered,during_vibration,flow_dump_0.5_1.0.shear.wave,2036,203600,203.6,0.2036,158683.45183699526,549.3969712916191,0.0034622196891455157,3.4622196891455155e+17,51,0.000321394571454047,3.21394571454047e+26,494.0584616545745,0.0,37.93991236256511,3.312094095351825,0.0,14.08650317912753,0.0031134844618964253,0.0,0.00023909180146609242,2.087233455668783e-05,0.0,8.877109122630908e-05,4231,1306,7963,0.09674074074074074,0.5898518518518518,1,0,0
flow,0.5,1.0,0,registered,during_vibration,flow_dump_0.5_1.0.shear.wave,2037,203700,203.70000000000002,0.2037,158683.45183699526,648.7739421063571,0.004088478884192654,4.088478884192655e+17,57,0.0003592056975074643,3.592056975074643e+26,583.6959445530416,0.0,38.93140480806918,0.0,0.0,26.14659274524634,0.003678366822727255,0.0,0.0002453400424390867,0.0,0.0,0.0001647720190263126,4495,1489,7516,0.1102962962962963,0.5567407407407408,1,0,0
flow,0.5,1.0,0,registered,during_vibration,flow_dump_0.5_1.0.shear.wave,2038,203800,203.8,0.20379999999999998,158683.4518369953,782.9289367306894,0.0049339041195986776,4.933904119598678e+17,73,0.0004600353669832437,4.600353669832437e+26,624.5402915257966,10.471433961084163,88.56945571648535,0.0,0.0,59.34775552732352,0.003935761948053313,6.5989451577098e-05,0.0005581518090964313,0.0,0.0,0.00037400091087183703,4614,1634,7252,0.12103703703703704,0.5371851851851852,1,0,0
flow,0.5,1.0,0,registered,during_vibration,flow_dump_0.5_1.0.shear.wave,2039,203900,203.9,0.2039,158683.45183699526,816.2134759266017,0.00514365843745977,5.14365843745977e+17,72,0.00045373351264100755,4.5373351264100753e+26,703.8888081506984,13.534296407477706,53.02885328026744,0.0,0.0,45.76151808815817,0.004435804742095954,8.52911645845754e-05,0.0003341801093080606,0.0,0.0,0.0002883824214711807,4559,1586,7355,0.11748148148148148,0.5448148148148149,1,0,0
flow,0.5,1.0,0,registered,during_vibration,flow_dump_0.5_1.0.shear.wave,2040,204000,204.0,0.204,158683.45183699526,772.443676552111,0.004867827537212828,4.867827537212828e+17,70,0.00044112980395653514,4.411298039565352e+26,658.4187307329462,7.382899957714168,65.31917352009113,8.66155915912324,0.0,32.66131318223619,0.004149258937279075,4.65259601568166e-05,0.0004116319172788671,5.4583884197456655e-05,0.0,0.0002058268383006121,4330,1435,7735,0.10629629629629629,0.572962962962963,1,0,0
flow,0.5,1.0,0,registered,during_vibration,flow_dump_0.5_1.0.shear.wave,2041,204100,204.1,0.2041,158683.45183699526,523.8922302802006,0.0033014925262550977,3.3014925262550976e+17,47,0.00029618715408510216,2.9618715408510217e+26,486.8237645852689,5.982982584465454,13.08826665846521,0.0,0.0,17.99721645200093,0.003067892454755458,3.770388477943728e-05,8.248035007399447e-05,0.0,0.0,0.00011341583664620713,4271,1370,7859,0.10148148148148148,0.5821481481481482,1,0,0
flow,0.5,1.0,0,registered,during_vibration,flow_dump_0.5_1.0.shear.wave,2042,204200,204.20000000000002,0.2042,158683.4518369953,614.377518995532,0.003871717635854306,3.871717635854306e+17,52,0.00032769642579628315,3.2769642579628316e+26,546.5959941190721,0.0,30.226907575245498,0.0,0.0,37.55461730121454,0.003444568338988195,0.0,0.00019048556875543357,0.0,0.0,0.00023666372811067813,4495,1536,7469,0.11377777777777778,0.5532592592592592,1,0,0
flow,0.5,1.0,0,registered,during_vibration,flow_dump_0.5_1.0.shear.wave,2043,204300,204.3,0.20429999999999998,158683.45183699526,788.4183893163886,0.004968497850212367,4.9684978502123674e+17,70,0.00044112980395653514,4.411298039565352e+26,656.7971776012637,5.545655986861103,86.48966227268461,0.0,0.0,39.58589345557953,0.0041390401456350145,3.494791626134891e-05,0.0005450452537516614,0.0,0.0,0.0002494645345643441,4601,1597,7302,0.1182962962962963,0.5408888888888889,1,0,0
flow,0.5,1.0,0,registered,during_vibration,flow_dump_0.5_1.0.shear.wave,2044,204400,204.4,0.2044,158683.45183699526,787.5730860551079,0.004963170872184759,4.9631708721847584e+17,72,0.00045373351264100755,4.5373351264100753e+26,610.1078793342135,15.767614602955387,93.25325427013034,0.0,0.0,68.44433784780811,0.003844810988614843,9.936521055234157e-05,0.0005876684253498789,0.0,0.0,0.0004313262476676921,4454,1566,7480,0.116,0.554074074074074,1,0,0
flow,0.5,1.0,0,registered,during_vibration,flow_dump_0.5_1.0.shear.wave,2045,204500,204.5,0.2045,158683.45183699526,676.3637276025862,0.004262345693723431,4.262345693723431e+17,61,0.0003844131148764092,3.844131148764092e+26,558.1857979261607,0.0,81.47073300292169,6.52295540042048,0.0,30.18424127308335,0.003517605594435563,0.0,0.0005134166925396294,4.110671481435298e-05,0.0,0.00019021669193388592,4273,1439,7788,0.10659259259259259,0.5768888888888889,1,0,0
flow,0.5,1.0,0,registered,during_vibration,flow_dump_0.5_1.0.shear.wave,2046,204600,204.6,0.2046,158683.4518369953,558.4458109614161,0.0035192441587108244,3.5192441587108243e+17,46,0.00028988529974286587,2.898852997428659e+26,496.8764460781823,0.0,56.389505596659454,5.179859286574207,0.0,0.0,0.0031312429892726918,0.0,0.00035535845070086173,3.2642718737270245e-05,0.0,0.0,4237,1373,7890,0.1017037037037037,0.5844444444444444,1,0,0
flow,0.5,1.0,0,registered,during_vibration,flow_dump_0.5_1.0.shear.wave,2047,204700,204.70000000000002,0.2047,158683.45183699526,686.8708040466374,0.004328559759036583,4.328559759036583e+17,59,0.00037180940619193677,3.7180940619193676e+26,618.7888871132361,0.0,44.68949000809937,0.0,0.0,23.392426925301834,0.0038995174351820626,0.0,0.000281626656659863,0.0,0.0,0.00014741566719465672,4509,1520,7471,0.11259259259259259,0.5534074074074075,1,0,0
flow,0.5,1.0,0,registered,during_vibration,flow_dump_0.5_1.0.shear.wave,2048,204800,204.8,0.20479999999999998,158683.45183699526,801.3904235586928,0.0050502457205298685,5.050245720529869e+17,72,0.00045373351264100755,4.5373351264100753e+26,645.4271577711162,11.313227365196221,96.8581547091216,0.0,0.0,47.791883713258734,0.004067387936797087,7.129431099606738e-05,0.0006103859828346652,0.0,0.0,0.0003011774899020478,4630,1673,7197,0.12392592592592593,0.5331111111111111,1,0,0
flow,0.5,1.0,0,registered,during_vibration,flow_dump_0.5_1.0.shear.wave,2049,204900,204.9,0.2049,158683.45183699526,808.0873903386581,0.005092449029712004,5.0924490297120045e+17,72,0.00045373351264100755,4.5373351264100753e+26,687.8613223627946,11.239899457586983,65.38045737991798,0.0,0.0,43.605711138358615,0.004334801861188322,7.083220920309302e-05,0.000412018119237026,0.0,0.0,0.00027479684008356337,4567,1619,7314,0.11992592592592592,0.5417777777777778,1,0,0
flow,0.5,1.0,0,registered,during_vibration,flow_dump_0.5_1.0.shear.wave,2050,205000,205.0,0.205,158683.45183699526,798.2345635406708,0.005030357950371807,5.0303579503718074e+17,76,0.0004789409300099524,4.789409300099524e+26,661.2179991476996,6.893056115220595,68.10824110123741,12.303025843380157,0.0,49.7122413331328,0.004166899519093673,4.3439035610980814e-05,0.0004292082149259041,7.753187683374962e-05,0.0,0.00031327930390749766,4339,1453,7708,0.10762962962962963,0.570962962962963,1,0,0
flow,0.5,1.0,0,registered,during_vibration,flow_dump_0.5_1.0.shear.wave,2051,205100,205.1,0.2051,158683.45183699526,498.00970555734267,0.003138384625442319,3.1383846254423194e+17,39,0.0002457723193472124,2.4577231934721242e+26,460.27469604659854,5.9100642758570405,12.770029131022893,0.0,0.0,19.054916103864187,0.0029005840919027115,3.724436421970483e-05,8.047486352981959e-05,0.0,0.0,0.00012008130579008332,4266,1374,7860,0.10177777777777777,0.5822222222222222,1,0,0
flow,0.5,1.0,0,registered,during_vibration,flow_dump_0.5_1.0.shear.wave,2052,205200,205.20000000000002,0.2052,158683.45183699526,636.3688775521082,0.00401030397426574,4.01030397426574e+17,56,0.00035290384316522807,3.529038431652281e+26,575.4762294766947,0.0,24.25631328320174,0.0,0.0,36.636334792211606,0.0036265673755814334,0.0,0.0001528597531903869,0.0,0.0,0.00023087684549391848,4471,1528,7501,0.11318518518518518,0.5556296296296296,1,0,0
flow,0.5,1.0,0,registered,during_vibration,flow_dump_0.5_1.0.shear.wave,2053,205300,205.3,0.20529999999999998,158683.45183699526,758.0201666460868,0.004776932678681262,4.7769326786812614e+17,68,0.0004285260952720627,4.2852609527206266e+26,619.0765560673428,8.109853076781558,81.49404222890806,0.0,0.0,49.3397152730543,0.003901330283029627,5.11071128268136e-05,0.0005135635838866258,0.0,0.0,0.0003109316989381958,4604,1610,7286,0.11925925925925926,0.5397037037037037,1,0,0
flow,0.5,1.0,0,registered,during_vibration,flow_dump_0.5_1.0.shear.wave,2054,205400,205.4,0.2054,158683.45183699526,830.168369862902,0.005231600146407689,5.231600146407689e+17,74,0.00046633722132547996,4.6633722132548e+26,665.0371150017911,27.556351188393187,85.32149960371214,0.0,0.0,52.253404069005484,0.004190967030922283,0.00017365611139276172,0.000537683662763759,0.0,0.0,0.00032929334132888576,4479,1588,7433,0.11762962962962963,0.5505925925925926,1,0,0
flow,0.5,1.0,0,registered,during_vibration,flow_dump_0.5_1.0.shear.wave,2055,205500,205.5,0.2055,158683.45183699526,674.4387236857748,0.004250214599431451,4.250214599431451e+17,57,0.0003592056975074643,3.592056975074643e+26,571.0221154317378,0.0,78.943152314466,4.828805548908218,0.0,19.644650390662665,0.0035984981976464065,0.0,0.0004974882472027326,3.0430429216201584e-05,0.0,0.0001237977253661099,4295,1447,7758,0.10718518518518519,0.5746666666666667,1,0,0
flow,0.5,1.0,0,registered,during_vibration,flow_dump_0.5_1.0.shear.wave,2056,205600,205.6,0.20559999999999998,158683.45183699526,534.240643007198,0.0033667067159339785,3.366706715933978e+17,47,0.00029618715408510216,2.9618715408510217e+26,484.2360143915226,0.0,39.92521539893423,4.018950107341046,0.0,6.060463109400083,0.0030515848299603756,0.0,0.0002516028920264899,2.5326838185177875e-05,0.0,3.8192155761935315e-05,4231,1360,7909,0.10074074074074074,0.5858518518518518,1,0,0
flow,0.5,1.0,0,registered,during_vibration,flow_dump_0.5_1.0.shear.wave,2057,205700,205.70000000000002,0.2057,158683.4518369953,706.4948152980294,0.004452227419553259,4.452227419553259e+17,60,0.0003781112605341729,3.781112605341729e+26,631.1767724396504,3.128594042499662,45.021830989040964,0.0,0.0,27.1676178268382,0.00397758408411745,1.971594395182085e-05,0.0002837210211137128,0.0,0.0,0.0001712063703702743,4476,1516,7508,0.1122962962962963,0.5561481481481482,1,0,0
flow,0.5,1.0,0,registered,during_vibration,flow_dump_0.5_1.0.shear.wave,2058,205800,205.8,0.20579999999999998,158683.45183699526,757.6838935078853,0.004774813534345109,4.774813534345109e+17,68,0.0004285260952720627,4.2852609527206266e+26,613.2863838876866,15.297376402172944,75.80569528843809,0.0,0.0,53.29443792958753,0.0038648414613369647,9.640183790485539e-05,0.000477716450019679,0.0,0.0,0.00033585378508360967,4570,1621,7309,0.12007407407407407,0.5414074074074074,1,0,0
flow,0.5,1.0,0,registered,during_vibration,flow_dump_0.5_1.0.shear.wave,2059,205900,205.9,0.2059,158683.45183699526,804.3935499579079,0.005069170985669047,5.069170985669047e+17,72,0.00045373351264100755,4.5373351264100753e+26,669.3427030858574,8.691897663722063,65.02807248590754,0.0,0.0,61.33087672242079,0.004218100219885736,5.4775073034399705e-05,0.00040979744096256783,0.0,0.0,0.0003864982517863415,4539,1583,7378,0.11725925925925926,0.5465185185185185,1,0,0
flow,0.5,1.0,0,registered,during_vibration,flow_dump_0.5_1.0.shear.wave,2060,206000,206.0,0.206,158683.45183699526,786.8425631451508,0.004958567223212543,4.958567223212543e+17,74,0.00046633722132547996,4.6633722132548e+26,652.3523131126989,5.043011969240984,70.47369825293254,13.838589633781027,0.0,45.134950176497284,0.004111029257057101,3.178032687631051e-05,0.0004441149813486877,8.720877617406805e-05,0.0,0.0002844338817563747,4322,1435,7743,0.10629629629629629,0.5735555555555556,1,0,0
flow,0.5,1.0,0,registered,during_vibration,flow_dump_0.5_1.0.shear.wave,2061,206100,206.1,0.20609999999999998,158683.4518369953,498.2803055097115,0.003140089906927163,3.140089906927163e+17,40,0.0002520741736894486,2.520741736894486e+26,455.1084352687801,6.924984110522494,0.0,0.0,0.0,36.24688613040897,0.0028680270689868913,4.364024118681297e-05,0.0,0.0,0.0,0.00022842259675345938,4242,1363,7895,0.10096296296296296,0.5848148148148148,1,0,0
flow,0.5,1.0,0,registered,during_vibration,flow_dump_0.5_1.0.shear.wave,2062,206200,206.20000000000002,0.2062,158683.45183699526,575.7503055210211,0.003628294562891475,3.628294562891475e+17,51,0.000321394571454047,3.21394571454047e+26,514.9152023537455,0.0,24.8720728159874,0.0,0.0,35.96303035128834,0.0032449206038363907,0.0,0.00015674018007584556,0.0,0.0,0.00022663377897923925,4442,1541,7517,0.11414814814814815,0.5568148148148148,1,0,0
flow,0.5,1.0,0,registered,during_vibration,flow_dump_0.5_1.0.shear.wave,2063,206300,206.3,0.20629999999999998,158683.45183699526,730.6532550830099,0.004604470388213891,4.604470388213891e+17,63,0.0003970168235608816,3.970168235608816e+26,628.0980308537834,6.418791572239135,65.60299394676431,0.0,0.0,30.53343871022293,0.0039581823030859315,4.045028954142442e-05,0.0004134205122671129,0.0,0.0,0.00019241728331942175,4574,1590,7336,0.11777777777777777,0.5434074074074075,1,0,0
flow,0.5,1.0,0,registered,during_vibration,flow_dump_0.5_1.0.shear.wave,2064,206400,206.4,0.2064,158683.45183699526,789.6539884349788,0.004976284415883118,4.976284415883118e+17,69,0.0004348279496142989,4.3482794961429895e+26,623.8166830213834,15.48800312583294,92.64436825960519,0.0,0.0,57.704934028157446,0.003931201872657698,9.76031397510984e-05,0.000583831314400524,0.0,0.0,0.00036364808907379836,4455,1570,7475,0.1162962962962963,0.5537037037037037,1,0,0
flow,0.5,1.0,0,registered,during_vibration,flow_dump_0.5_1.0.shear.wave,2065,206500,206.5,0.2065,158683.4518369953,680.1099500021228,0.004285953841618933,4.285953841618933e+17,59,0.00037180940619193666,3.718094061919367e+26,583.2257532744145,0.0,81.79924191776043,0.0,0.0,15.084954809947693,0.0036754037457763563,0.0,0.0005154869078710691,0.0,0.0,9.506318797150594e-05,4281,1444,7775,0.10696296296296297,0.575925925925926,1,0,0
flow,0.5,1.0,0,registered,during_vibration,flow_dump_0.5_1.0.shear.wave,2066,206600,206.6,0.20659999999999998,158683.45183699526,530.0348348959823,0.0033402023258257015,3.340202325825702e+17,44,0.0002772815910583935,2.772815910583935e+26,476.7008511223093,0.0,38.29518875082112,3.861233353126953,0.0,11.177561669724975,0.003004099328592825,0.0,0.00024133070151611757,2.4332930172790392e-05,0.0,7.043936554396942e-05,4221,1342,7937,0.0994074074074074,0.587925925925926,1,0,0
flow,0.5,1.0,0,registered,during_vibration,flow_dump_0.5_1.0.shear.wave,2067,206700,206.70000000000002,0.2067,158683.45183699526,697.3181336155563,0.0043943973082452474,4.3943973082452474e+17,61,0.0003844131148764092,3.844131148764092e+26,623.7908985779754,0.0,51.62388627034736,0.0,0.0,21.90334876723344,0.003931039382851046,0.0,0.0003253262118558971,0.0,0.0,0.0001380317135383043,4489,1516,7495,0.1122962962962963,0.5551851851851852,1,0,0
flow,0.5,1.0,0,registered,during_vibration,flow_dump_0.5_1.0.shear.wave,2068,206800,206.8,0.20679999999999998,158683.45183699526,821.1512054476178,0.0051747752896825734,5.1747752896825734e+17,77,0.00048524278435218865,4.852427843521887e+26,643.6619834361476,12.58000179522524,76.24277002040859,0.0,0.0,88.66645019583629,0.004056264065249462,7.927733893857957e-05,0.000480470831317229,0.0,0.0,0.0005587630541773021,4576,1641,7283,0.12155555555555556,0.5394814814814815,1,0,0
flow,0.5,1.0,0,registered,during_vibration,flow_dump_0.5_1.0.shear.wave,2069,206900,206.9,0.2069,158683.4518369953,746.1140131898477,0.00470190183382373,4.70190183382373e+17,69,0.0004348279496142988,4.348279496142988e+26,644.1905168946977,0.0,55.64305952347448,0.0,0.0,46.28043677167542,0.004059594806120242,0.0,0.0003506544562733158,0.0,0.0,0.00029165257143017135,4538,1589,7373,0.1177037037037037,0.5461481481481482,1,0,0
flow,0.5,1.0,0,registered,during_vibration,flow_dump_0.5_1.0.shear.wave,2070,207000,207.0,0.207,158683.45183699526,719.5724232440532,0.004534640599973973,4.5346405999739725e+17,65,0.00040962053224535404,4.096205322453541e+26,589.8558381488816,9.372679255865517,61.81989960812011,9.500202641464096,0.0,49.0238035897219,0.0037171855749319124,5.9065259466963416e-05,0.00038958000278203864,5.986889326823448e-05,0.0,0.00030894086952482433,4330,1444,7726,0.10696296296296297,0.5722962962962963,1,0,0
flow,0.5,1.0,0,registered,during_vibration,flow_dump_0.5_1.0.shear.wave,2071,207100,207.1,0.20709999999999998,158683.45183699526,532.5009882352879,0.003355743664955625,3.355743664955625e+17,46,0.0002898852997428659,2.8988529974286592e+26,475.23119984494986,7.691959817999203,17.75008140427206,0.0,4.753267500673666,27.07447966739306,0.002994837800309024,4.847361037936477e-05,0.00011185842757255818,0.0,2.995439943893063e-05,0.00017061942725574709,4217,1365,7918,0.10111111111111111,0.5865185185185186,1,0,0
flow,0.5,1.0,0,registered,during_vibration,flow_dump_0.5_1.0.shear.wave,2072,207200,207.20000000000002,0.2072,158683.45183699526,604.608642366829,0.003810155598252945,3.810155598252945e+17,52,0.00032769642579628326,3.276964257962832e+26,536.2817602773046,0.0,38.15359227496127,0.0,0.0,30.173289814563304,0.003379569539665613,0.0,0.0002404383811498748,0.0,0.0,0.00019014767743745755,4415,1532,7553,0.11348148148148147,0.5594814814814815,1,0,0
flow,0.5,1.0,0,registered,during_vibration,flow_dump_0.5_1.0.shear.wave,2073,207300,207.3,0.20729999999999998,158683.45183699526,726.2027363783151,0.004576423867589507,4.5764238675895066e+17,62,0.0003907149692186454,3.907149692186454e+26,617.639831181592,6.397387860053737,76.42262572310835,0.0,0.0,25.74289161356089,0.0038922762520697584,4.0315406464848896e-05,0.00048160425575826353,0.0,0.0,0.00016222795329663497,4594,1587,7319,0.11755555555555555,0.5421481481481482,1,0,0
flow,0.5,1.0,0,registered,during_vibration,flow_dump_0.5_1.0.shear.wave,2074,207400,207.4,0.2074,158683.45183699526,784.4035601942912,0.004943196981875941,4.943196981875941e+17,70,0.00044112980395653514,4.411298039565352e+26,635.452191586455,5.794221948419468,90.92558184127486,0.0,0.0,52.23156481814158,0.0040045271528326215,3.651434274552761e-05,0.0005729997727467924,0.0,0.0,0.0003291557135509979,4466,1573,7461,0.11651851851851852,0.5526666666666666,1,0,0
flow,0.5,1.0,0,registered,during_vibration,flow_dump_0.5_1.0.shear.wave,2075,207500,207.5,0.2075,158683.45183699526,680.2757114131348,0.004286998445886694,4.2869984458866944e+17,59,0.00037180940619193677,3.7180940619193676e+26,576.4330688064886,6.413490656333639,78.15213031254592,0.0,0.0,19.277021637766634,0.0036325972376667175,4.041688394150754e-05,0.0004925033417651281,0.0,0.0,0.00012148098251334115,4278,1451,7771,0.10748148148148148,0.5756296296296296,1,0,0
flow,0.5,1.0,0,registered,during_vibration,flow_dump_0.5_1.0.shear.wave,2076,207600,207.6,0.20759999999999998,158683.4518369953,577.0357215852607,0.0036363950676974828,3.636395067697483e+17,47,0.0002961871540851021,2.961871540851021e+26,508.66971940623216,0.0,50.077855904173894,6.094100292459,0.0,12.19404598239586,0.003205562480004241,0.0,0.00031558335367959774,3.840413239005574e-05,0.0,7.684510162358941e-05,4237,1374,7889,0.10177777777777777,0.5843703703703703,1,0,0
flow,0.5,1.0,0,registered,during_vibration,flow_dump_0.5_1.0.shear.wave,2077,207700,207.70000000000002,0.2077,158683.45183699526,682.259025729208,0.00429949700382146,4.29949700382146e+17,64,0.0004033186779031178,4.0331867790311785e+26,597.3696007515236,0.0,48.449620960348355,0.0,0.0,36.43980401733604,0.003764536212415904,0.0,0.00030532245422867005,0.0,0.0,0.0002296383371768858,4487,1540,7473,0.11407407407407408,0.5535555555555556,1,0,0
flow,0.5,1.0,0,registered,during_vibration,flow_dump_0.5_1.0.shear.wave,2078,207800,207.8,0.20779999999999998,158683.45183699526,730.9888915227486,0.004606585520169072,4.606585520169072e+17,66,0.0004159223865875903,4.159223865875903e+26,576.6367665954638,0.0,81.44631569702354,0.0,0.0,72.90580923026157,0.003633880911462675,0.0,0.0005132628182344294,0.0,0.0,0.00045944179047196907,4567,1639,7294,0.12140740740740741,0.5402962962962963,1,0,0
flow,0.5,1.0,0,registered,during_vibration,flow_dump_0.5_1.0.shear.wave,2079,207900,207.9,0.2079,158683.45183699526,800.9657196273992,0.005047569298216281,5.047569298216281e+17,73,0.0004600353669832438,4.600353669832438e+26,673.4020292768964,7.1485022421113005,83.59537283731233,0.0,0.0,36.81981527107935,0.0042436815022692895,4.504881989493442e-05,0.000526805863305672,0.0,0.0,0.00023203311274638672,4529,1591,7380,0.11785185185185185,0.5466666666666666,1,0,0
flow,0.5,1.0,0,registered,during_vibration,flow_dump_0.5_1.0.shear.wave,2080,208000,208.0,0.208,158683.4518369953,736.7111198176449,0.00464264616939653,4.64264616939653e+17,70,0.00044112980395653504,4.41129803956535e+26,601.7878497522402,0.0,66.29195657061975,12.119640522788934,0.0,56.51167297199631,0.0037923793740661494,0.0,0.00041776225436989463,7.637620925487943e-05,0.0,0.0003561283317056079,4323,1453,7724,0.10762962962962963,0.5721481481481482,1,0,0
flow,0.5,1.0,0,registered,during_vibration,flow_dump_0.5_1.0.shear.wave,2081,208100,208.1,0.20809999999999998,158683.45183699526,573.2012817904646,0.003612230986626604,3.612230986626604e+17,51,0.000321394571454047,3.21394571454047e+26,509.29801377733145,8.059436650262466,14.951600439489965,0.0,4.983173175314945,35.90905774806592,0.003209521899614956,5.078939585043422e-05,9.422280815298075e-05,0.0,3.1403231512973516e-05,0.00022629365149526024,4233,1388,7879,0.10281481481481482,0.5836296296296296,1,0,0
flow,0.5,1.0,0,registered,during_vibration,flow_dump_0.5_1.0.shear.wave,2082,208200,208.20000000000002,0.2082,158683.45183699526,598.5466778269471,0.0037719539806948077,3.7719539806948077e+17,52,0.00032769642579628326,3.276964257962832e+26,536.9265834753651,0.0,20.157029553984763,0.0,0.0,41.463064797597355,0.0033836331215362854,0.0,0.00012702666422136262,0.0,0.0,0.00026129419493716046,4422,1535,7543,0.11370370370370371,0.5587407407407408,1,0,0
flow,0.5,1.0,0,registered,during_vibration,flow_dump_0.5_1.0.shear.wave,2083,208300,208.3,0.20829999999999999,158683.45183699526,762.2718993259939,0.004803726478732162,4.803726478732162e+17,65,0.00040962053224535404,4.096205322453541e+26,636.5270146622867,7.994908002182685,67.83765867376115,0.0,0.0,49.912317987763274,0.004011300531300187,5.0382745709334024e-05,0.00042750304388038005,0.0,0.0,0.0003145401578422608,4590,1608,7302,0.11911111111111111,0.5408888888888889,1,0,0
flow,0.5,1.0,0,registered,during_vibration,flow_dump_0.5_1.0.shear.wave,2084,208400,208.4,0.2084,158683.4518369953,737.4323278372476,0.004647191117286519,4.647191117286519e+17,63,0.00039701682356088153,3.970168235608816e+26,618.3875453338011,13.861606959363895,87.9017299816576,0.0,0.0,17.281445562424977,0.0038969882377466085,8.73538280072391e-05,0.0005539438987749842,0.0,0.0,0.00010890515275768662,4461,1597,7442,0.1182962962962963,0.5512592592592592,1,0,0
flow,0.5,1.0,0,registered,during_vibration,flow_dump_0.5_1.0.shear.wave,2085,208500,208.5,0.2085,158683.45183699526,687.7245060338762,0.00433393966461184,4.33393966461184e+17,58,0.00036550755184970053,3.6550755184970054e+26,594.252459434419,0.0,80.38587034105797,0.0,0.0,13.08617625839925,0.0037448924418713443,0.0,0.0005065800460632336,0.0,0.0,8.246717667726179e-05,4282,1455,7763,0.10777777777777778,0.575037037037037,1,0,0
flow,0.5,1.0,0,registered,during_vibration,flow_dump_0.5_1.0.shear.wave,2086,208600,208.6,0.20859999999999998,158683.45183699526,575.6269276566003,0.0036275170535608387,3.627517053560839e+17,48,0.0003024890084273384,3.024890084273384e+26,510.9084653079304,0.0,45.13669974434746,4.919030490385523,0.0,14.662732113936794,0.0032196707305860222,0.0,0.00028444490727812835,3.099901365542835e-05,0.0,9.2402402041259e-05,4246,1381,7873,0.1022962962962963,0.5831851851851851,1,0,0
flow,0.5,1.0,0,registered,during_vibration,flow_dump_0.5_1.0.shear.wave,2087,208700,208.70000000000002,0.2087,158683.45183699526,691.9090943576463,0.004360310330710461,4.360310330710461e+17,63,0.0003970168235608816,3.970168235608816e+26,611.208598541928,0.0,41.099285582738744,0.0,0.0,39.601210232979795,0.003851747560733561,0.0,0.00025900171131238846,0.0,0.0,0.000249561058664513,4487,1537,7476,0.11385185185185186,0.5537777777777778,1,0,0
flow,0.5,1.0,0,registered,during_vibration,flow_dump_0.5_1.0.shear.wave,2088,208800,208.8,0.20879999999999999,158683.4518369953,771.1321513527422,0.004859562496440232,4.8595624964402323e+17,72,0.00045373351264100744,4.537335126410075e+26,622.0580752973943,0.0,69.63127995256905,0.0,0.0,79.44279610277866,0.003920119382935986,0.0,0.0004388061839245627,0.0,0.0,0.0005006369295796819,4585,1647,7268,0.122,0.5383703703703704,1,0,0
flow,0.5,1.0,0,registered,during_vibration,flow_dump_0.5_1.0.shear.wave,2089,208900,208.9,0.2089,158683.45183699526,788.3061335448261,0.004967790430690905,4.9677904306909056e+17,69,0.0004348279496142989,4.3482794961429895e+26,658.8482188726755,7.058516061947881,81.43473198707768,0.0,0.0,40.96466662312507,0.004151965508977367,4.448174009473033e-05,0.000513189819381608,0.0,0.0,0.0002581533622371997,4542,1596,7362,0.11822222222222223,0.5453333333333333,1,0,0
flow,0.5,1.0,0,registered,during_vibration,flow_dump_0.5_1.0.shear.wave,2090,209000,209.0,0.209,158683.45183699526,733.6551087009801,0.004623387632471054,4.623387632471054e+17,68,0.0004285260952720627,4.2852609527206266e+26,618.338141048892,7.0647092035725,64.6759183076963,7.008742084954173,0.0,36.56759805586501,0.0038966768991392296,4.452076837116952e-05,0.00040757821662547073,4.416807174168217e-05,0.0,0.00023044367659350154,4319,1452,7729,0.10755555555555556,0.5725185185185185,1,0,0
flow,0.5,1.0,0,registered,during_vibration,flow_dump_0.5_1.0.shear.wave,2091,209100,209.1,0.20909999999999998,158683.45183699526,532.0897296789724,0.0033531519734367266,3.3531519734367264e+17,43,0.0002709797367161573,2.709797367161573e+26,480.05272929643667,0.0,21.66634477621193,3.7352474779452343,0.0,26.635408128378536,0.0030252223766190963,0.0,0.0001365381489083581,2.353898553821605e-05,0.0,0.0001678524623710561,4251,1397,7852,0.10348148148148148,0.5816296296296296,1,0,0
flow,0.5,1.0,0,registered,during_vibration,flow_dump_0.5_1.0.shear.wave,2092,209200,209.20000000000002,0.2092,158683.45183699526,624.6068303576177,0.003936181266079553,3.9361812660795526e+17,53,0.00033399828013851943,3.3399828013851945e+26,572.3188651249927,0.0,23.170846776593336,0.0,0.0,29.117118456031687,0.0036066701253316385,0.0,0.00014601930137236475,0.0,0.0,0.00018349183937554954,4436,1546,7518,0.11451851851851852,0.5568888888888889,1,0,0
flow,0.5,1.0,0,registered,during_vibration,flow_dump_0.5_1.0.shear.wave,2093,209300,209.3,0.20929999999999999,158683.45183699526,711.0659166112353,0.004481033834212688,4.481033834212688e+17,67,0.00042222424092982645,4.2222424092982644e+26,583.5403218428914,11.101083438374289,59.15691409243532,0.0,0.0,57.267597237534254,0.0036773861110755445,6.995741086964555e-05,0.00037279825594670836,0.0,0.0,0.00036089205632078996,4583,1603,7314,0.11874074074074074,0.5417777777777778,1,0,0
flow,0.5,1.0,0,registered,during_vibration,flow_dump_0.5_1.0.shear.wave,2094,209400,209.4,0.2094,158683.45183699526,777.1123317765337,0.004897248722411259,4.897248722411259e+17,72,0.00045373351264100755,4.5373351264100753e+26,647.254734097766,6.00522402966314,86.78373661792627,5.286952805799741,0.0,31.78168422537867,0.004078905056606954,3.7844047127433926e-05,0.0005468984674411627,3.331760649642704e-05,0.0,0.0002002835447392828,4456,1611,7433,0.11933333333333333,0.5505925925925926,1,0,0
flow,0.5,1.0,0,registered,during_vibration,flow_dump_0.5_1.0.shear.wave,2095,209500,209.5,0.2095,158683.45183699526,718.2860787561242,0.004526534244377106,4.526534244377106e+17,65,0.00040962053224535404,4.096205322453541e+26,599.8763304493052,0.0,70.35999116152597,11.402165628129799,1.9447508233397426,34.70284069382353,0.0037803332578466814,0.0,0.0004433984158209642,7.185478697452631e-05,1.2255536420631013e-05,0.0002186922473143035,4283,1476,7741,0.10933333333333334,0.5734074074074074,1,0,0
flow,0.5,1.0,0,registered,during_vibration,flow_dump_0.5_1.0.shear.wave,2096,209600,209.6,0.20959999999999998,158683.45183699526,548.2329363353377,0.003454884110401759,3.454884110401759e+17,42,0.00026467788237392105,2.6467788237392104e+26,490.7222726960745,0.0,43.34769394797079,6.908022811615539,0.0,7.2549468796770675,0.003092460285021782,0.0,0.00027317085333194627,4.3533353551646216e-05,0.0,4.571961849638601e-05,4240,1403,7857,0.10392592592592592,0.582,1,0,0
flow,0.5,1.0,0,registered,during_vibration,flow_dump_0.5_1.0.shear.wave,2097,209700,209.70000000000002,0.2097,158683.45183699526,666.0107233037395,0.004197102568627553,4.197102568627553e+17,61,0.0003844131148764092,3.844131148764092e+26,599.7797116934506,0.0,40.695440758566924,0.0,0.0,25.535570851721815,0.0037797243805205577,0.0,0.00025645674005359166,0.0,0.0,0.00016092144805340366,4484,1521,7495,0.11266666666666666,0.5551851851851852,1,0,0
flow,0.5,1.0,0,registered,during_vibration,flow_dump_0.5_1.0.shear.wave,2098,209800,209.8,0.2098,158683.45183699526,761.2088730183634,0.00479702744177951,4.7970274417795104e+17,67,0.00042222424092982645,4.2222424092982644e+26,633.4990319952924,0.0,78.53420667895512,0.0,0.0,49.175634344115714,0.003992218625581973,0.0,0.0004949111313738497,0.0,0.0,0.000309897684823686,4579,1674,7247,0.124,0.5368148148148149,1,0,0
flow,0.5,1.0,0,registered,during_vibration,flow_dump_0.5_1.0.shear.wave,2099,209900,209.9,0.2099,158683.4518369953,724.3228975600266,0.00456457739716977,4.56457739716977e+17,67,0.0004222242409298264,4.222242409298264e+26,586.120568838526,6.722524304384805,83.35010163191103,0.0,0.0,48.1297027852046,0.003693646451809025,4.236436897837588e-05,0.0005252601998948883,0.0,0.0,0.00030330637648748007,4555,1611,7334,0.11933333333333333,0.5432592592592592,1,0,0
flow,0.5,1.0,0,registered,during_vibration,flow_dump_0.5_1.0.shear.wave,2100,210000,210.0,0.21,158683.45183699526,715.9277891841216,0.004511672646997531,4.511672646997531e+17,64,0.0004033186779031178,4.0331867790311785e+26,609.1116088917715,7.7438686062711835,65.27677292834204,6.159912139488485,0.0,27.635626618248494,0.003838532637401098,4.880073200213677e-05,0.00041136471492563974,3.881886906402909e-05,0.0,0.00017415569360462803,4326,1461,7713,0.10822222222222222,0.5713333333333334,1,0,0
flow,0.5,1.0,0,registered,during_vibration,flow_dump_0.5_1.0.shear.wave,2101,210100,210.1,0.21009999999999998,158683.45183699526,526.3559140614925,0.0033170183025901293,3.317018302590129e+17,43,0.0002709797367161573,2.709797367161573e+26,485.52611766934484,0.0,12.110980526519581,3.7803248822421285,0.0,24.93849098338609,0.003059714872903653,0.0,7.632163521978568e-05,2.382305677422117e-05,0.0,0.00015715873769247033,4230,1408,7862,0.10429629629629629,0.5823703703703703,1,0,0
flow,0.5,1.0,0,registered,during_vibration,flow_dump_0.5_1.0.shear.wave,2102,210200,210.20000000000002,0.2102,158683.45183699526,602.5855715627273,0.003797406500721465,3.797406500721465e+17,52,0.00032769642579628326,3.276964257962832e+26,546.0391309890956,0.0,25.531819263029394,0.0,0.0,31.014621310602287,0.003441059068654522,0.0,0.00016089780608791206,0.0,0.0,0.0001954496259790309,4425,1543,7532,0.1142962962962963,0.5579259259259259,1,0,0
flow,0.5,1.0,0,registered,during_vibration,flow_dump_0.5_1.0.shear.wave,2103,210300,210.3,0.2103,158683.4518369953,710.933896994806,0.004480201865819632,4.480201865819632e+17,59,0.00037180940619193666,3.718094061919367e+26,599.6854520164435,8.934609047586836,69.61377134640162,0.0,0.0,32.70006458437411,0.003779130369765712,5.6304604822718074e-05,0.00043869584723876007,0.0,0.0,0.00020607104399244266,4571,1607,7322,0.11903703703703704,0.5423703703703704,1,0,0
flow,0.5,1.0,0,registered,during_vibration,flow_dump_0.5_1.0.shear.wave,2104,210400,210.4,0.2104,158683.45183699526,839.7306814630658,0.005291860441286998,5.291860441286998e+17,73,0.0004600353669832438,4.600353669832438e+26,702.6144497312063,12.31805417388429,87.53271955759335,0.0,0.0,37.26545800038259,0.004427773920956512,7.762658318359365e-05,0.0005516184488317646,0.0,0.0,0.00023484148831513235,4463,1608,7429,0.11911111111111111,0.5502962962962963,1,0,0
flow,0.5,1.0,0,registered,during_vibration,flow_dump_0.5_1.0.shear.wave,2105,210500,210.5,0.2105,158683.45183699526,668.415802143467,0.004212259025157111,4.212259025157111e+17,55,0.0003466019888229919,3.466019888229919e+26,589.301275676293,5.2089224084660675,65.20435816704563,0.0,0.0,8.701245891662282,0.0037136908030059885,3.2825870298163415e-05,0.000410908367647722,0.0,0.0,5.4833984205236984e-05,4309,1471,7720,0.10896296296296297,0.5718518518518518,1,0,0
flow,0.5,1.0,0,registered,during_vibration,flow_dump_0.5_1.0.shear.wave,2106,210600,210.6,0.21059999999999998,158683.45183699526,545.2471024984821,0.003436067820471775,3.436067820471775e+17,44,0.0002772815910583935,2.772815910583935e+26,487.29614444533405,0.0,36.37573920091628,4.487175574875765,0.0,17.088043277356018,0.003070869323827795,0.0,0.00022923461003534638,2.827752688090713e-05,0.0,0.0001076863597277264,4264,1422,7814,0.10533333333333333,0.5788148148148148,1,0,0
flow,0.5,1.0,0,registered,during_vibration,flow_dump_0.5_1.0.shear.wave,2107,210700,210.70000000000002,0.2107,158683.4518369953,666.4151807330328,0.004199651400434595,4.1996514004345946e+17,59,0.00037180940619193666,3.718094061919367e+26,595.7356260124625,0.0,45.071582537311,0.0,0.0,25.607972183259207,0.0037542391416114465,0.0,0.0002840345481242113,0.0,0.0,0.00016137771069893624,4510,1535,7455,0.11370370370370371,0.5522222222222222,1,0,0
flow,0.5,1.0,0,registered,during_vibration,flow_dump_0.5_1.0.shear.wave,2108,210800,210.8,0.2108,158683.45183699526,793.3583553742493,0.004999628796764596,4.999628796764596e+17,68,0.0004285260952720627,4.2852609527206266e+26,649.434036025757,2.564935694332218,78.20665561216066,0.0,0.0,63.15272804199946,0.004092638699924908,1.6163851142884154e-05,0.0004928469522612669,0.0,0.0,0.0003979792934355371,4588,1647,7265,0.122,0.5381481481481482,1,0,0
flow,0.5,1.0,0,registered,during_vibration,flow_dump_0.5_1.0.shear.wave,2109,210900,210.9,0.2109,158683.45183699526,802.4120653010295,0.005056683957980023,5.056683957980023e+17,72,0.00045373351264100755,4.5373351264100753e+26,642.7387660914559,5.608881702665755,78.46262871661729,6.362102045166532,0.0,69.23968674512359,0.004050446084016989,3.534635551303345e-05,0.0004944600574810827,4.009304039908262e-05,0.0,0.00043633842056983247,4577,1611,7312,0.11933333333333333,0.5416296296296297,1,0,0
flow,0.5,1.0,0,registered,during_vibration,flow_dump_0.5_1.0.shear.wave,2110,211000,211.0,0.211,158683.45183699526,763.1752319262224,0.004809419149201396,4.809419149201396e+17,69,0.0004348279496142989,4.3482794961429895e+26,634.7086001814455,4.679006808180585,61.55863553641717,12.791063145917711,0.0,49.43792625426153,0.003999841148108112,2.9486419371485637e-05,0.0003879335546573072,8.060741682791915e-05,0.0,0.00031155061023657184,4322,1464,7714,0.10844444444444444,0.5714074074074074,1,0,0
flow,0.5,1.0,0,registered,during_vibration,flow_dump_0.5_1.0.shear.wave,2111,211100,211.1,0.21109999999999998,158683.45183699526,542.0313964615585,0.0034158029094196324,3.4158029094196326e+17,46,0.0002898852997428659,2.8988529974286592e+26,488.63445952920387,0.0,19.24172019227017,6.4445860420454135,0.0,27.710630698039104,0.00307930319055036,0.0,0.00012125851794575204,4.06128425329788e-05,0.0,0.0001746283583905419,4239,1396,7865,0.1034074074074074,0.5825925925925926,1,0,0
flow,0.5,1.0,0,registered,during_vibration,flow_dump_0.5_1.0.shear.wave,2112,211200,211.20000000000002,0.2112,158683.45183699526,554.607298023459,0.00349505440928503,3.49505440928503e+17,48,0.0003024890084273384,3.024890084273384e+26,489.01814509569743,0.0,30.688372140725388,0.0,0.0,34.90078078703619,0.003081721121103621,0.0,0.00019339365123119122,0.0,0.0,0.00021993963695021831,4458,1545,7497,0.11444444444444445,0.5553333333333333,1,0,0
flow,0.5,1.0,0,registered,during_vibration,flow_dump_0.5_1.0.shear.wave,2113,211300,211.3,0.2113,158683.45183699526,739.5237965362501,0.0046603712483889795,4.660371248388979e+17,65,0.00040962053224535404,4.096205322453541e+26,620.2799112705645,12.641529207411118,55.65331238438978,0.0,0.0,50.949043673884496,0.003908913652242302,7.966507572822971e-05,0.0003507190683093953,0.0,0.0,0.00032107345210905165,4588,1602,7310,0.11866666666666667,0.5414814814814815,1,0,0
flow,0.5,1.0,0,registered,during_vibration,flow_dump_0.5_1.0.shear.wave,2114,211400,211.4,0.21139999999999998,158683.45183699526,822.9145129663461,0.005185887396826169,5.1858873968261696e+17,69,0.0004348279496142989,4.3482794961429895e+26,683.2502836277234,15.826785196983131,83.02975418108296,0.0,0.0,40.80768996055625,0.004305743766713495,9.973809501724802e-05,0.0005232414169208633,0.0,0.0,0.0002571641181745607,4475,1584,7441,0.11733333333333333,0.5511851851851852,1,0,0
flow,0.5,1.0,0,registered,during_vibration,flow_dump_0.5_1.0.shear.wave,2115,211500,211.5,0.2115,158683.45183699526,645.5284663816595,0.004068026368904346,4.068026368904346e+17,56,0.00035290384316522807,3.529038431652281e+26,565.5673057258191,0.0,60.58842144388822,0.0,0.0,19.372739211952172,0.0035641227814150905,0.0,0.00038181940676540487,0.0,0.0,0.0001220841807238506,4271,1450,7779,0.10740740740740741,0.5762222222222222,1,0,0
flow,0.5,1.0,0,registered,during_vibration,flow_dump_0.5_1.0.shear.wave,2116,211600,211.6,0.21159999999999998,158683.45183699526,528.6567251491931,0.00333151767893382,3.33151767893382e+17,42,0.00026467788237392105,2.6467788237392104e+26,494.0755097732613,0.0,25.881357126615885,0.0,0.0,8.699858249316073,0.0031135918966571983,0.0,0.00016310054279133055,0.0,0.0,5.4825239485292055e-05,4231,1406,7863,0.10414814814814814,0.5824444444444444,1,0,0
flow,0.5,1.0,0,registered,during_vibration,flow_dump_0.5_1.0.shear.wave,2117,211700,211.70000000000002,0.2117,158683.45183699526,647.5861172887813,0.0040809933852081984,4.0809933852081984e+17,54,0.00034030013448075566,3.403001344807557e+26,591.4857060041019,0.0,42.94078282925427,0.0,0.0,13.159628455425203,0.0037274567647526033,0.0,0.00027060655873155837,0.0,0.0,8.293006172403659e-05,4507,1524,7469,0.11288888888888889,0.5532592592592592,1,0,0
flow,0.5,1.0,0,registered,during_vibration,flow_dump_0.5_1.0.shear.wave,2118,211800,211.8,0.2118,158683.4518369953,748.9325757713186,0.004719664004666637,4.719664004666637e+17,64,0.00040331867790311776,4.033186779031178e+26,617.1487395311647,8.18905878347555,72.52017269801333,0.0,0.0,51.07460475866526,0.003889181464020077,5.1606255653473015e-05,0.00045701156521669545,0.0,0.0,0.0003218647197763931,4603,1659,7238,0.1228888888888889,0.5361481481481482,1,0,0
flow,0.5,1.0,0,registered,during_vibration,flow_dump_0.5_1.0.shear.wave,2119,211900,211.9,0.21189999999999998,158683.45183699526,783.3060583092919,0.004936280684856346,4.9362806848563456e+17,73,0.0004600353669832438,4.600353669832438e+26,642.0045771826672,6.390291657988732,63.04671082840311,0.0,0.0,71.864478640233,0.004045819332454117,4.027068723305216e-05,0.00039731118839768316,0.0,0.0,0.00045287947677149414,4576,1632,7292,0.12088888888888889,0.5401481481481482,1,0,0
flow,0.5,1.0,0,registered,during_vibration,flow_dump_0.5_1.0.shear.wave,2120,212000,212.0,0.212,158683.45183699526,764.2245695463184,0.00481603192203907,4.81603192203907e+17,74,0.00046633722132547996,4.6633722132548e+26,612.8049963203196,5.181494943410927,51.942018130906526,11.408490304536425,0.0,82.88756984714517,0.0038618078270052543,3.2653026408409145e-05,0.00032733103250276555,7.189464416400264e-05,0.0,0.0005223453919586395,4320,1459,7721,0.10807407407407407,0.571925925925926,1,0,0
flow,0.5,1.0,0,registered,during_vibration,flow_dump_0.5_1.0.shear.wave,2121,212100,212.1,0.21209999999999998,158683.45183699526,539.9178969435484,0.0034024839433047464,3.402483943304746e+17,44,0.0002772815910583935,2.772815910583935e+26,463.08026643254027,10.63030336182715,27.800419054594077,0.0,4.157688282109941,34.24921981247699,0.0029182643878218075,6.699062340001867e-05,0.00017519419153518012,0.0,2.6201145954279165e-05,0.00021583359459346075,4262,1405,7833,0.10407407407407407,0.5802222222222222,1,0,0
flow,0.5,1.0,0,registered,during_vibration,flow_dump_0.5_1.0.shear.wave,2122,212200,212.20000000000002,0.2122,158683.4518369953,542.5827740208025,0.003419277610485565,3.419277610485565e+17,45,0.0002835834454006297,2.835834454006297e+26,492.49796235948764,7.1030802883860815,22.279253638045212,0.0,0.0,20.702477734883526,0.003103650422637625,4.4762577358618294e-05,0.0001404006112806972,0.0,0.0,0.0001304639992086243,4463,1536,7501,0.11377777777777778,0.5556296296296296,1,0,0
flow,0.5,1.0,0,registered,during_vibration,flow_dump_0.5_1.0.shear.wave,2123,212300,212.3,0.2123,158683.45183699526,702.9068523974508,0.004429616599968466,4.4296165999684666e+17,61,0.0003844131148764092,3.844131148764092e+26,610.7790913708186,6.393401915496765,58.94078696910293,0.0,0.0,26.793572142032318,0.003849040869102284,4.029028762283463e-05,0.0003714362542960611,0.0,0.0,0.00016884918894728568,4584,1602,7314,0.11866666666666667,0.5417777777777778,1,0,0
flow,0.5,1.0,0,registered,during_vibration,flow_dump_0.5_1.0.shear.wave,2124,212400,212.4,0.21239999999999998,158683.45183699526,757.3812492700422,0.004772906314440706,4.772906314440706e+17,67,0.00042222424092982645,4.2222424092982644e+26,610.6183060323987,12.84379596467858,77.27124898444838,0.0,0.0,56.64789828851703,0.003848027623319194,8.09397313708057e-05,0.0004869521559426618,0.0,0.0,0.00035698680380804655,4477,1598,7425,0.11837037037037038,0.55,1,0,0
flow,0.5,1.0,0,registered,during_vibration,flow_dump_0.5_1.0.shear.wave,2125,212500,212.5,0.2125,158683.45183699526,671.7955960194937,0.004233557993870613,4.233557993870613e+17,61,0.0003844131148764092,3.844131148764092e+26,570.6783281018378,0.0,62.70659687295483,5.289086152906655,0.0,33.121584891794555,0.0035963316999686706,0.0,0.00039516783979068635,3.3331050539156244e-05,0.0,0.00020872740357210097,4289,1461,7750,0.10822222222222222,0.5740740740740741,1,0,0
flow,0.5,1.0,0,registered,during_vibration,flow_dump_0.5_1.0.shear.wave,2126,212600,212.6,0.21259999999999998,158683.4518369953,541.8274745852758,0.0034145178234581026,3.4145178234581024e+17,44,0.00027728159105839346,2.7728159105839348e+26,490.59580587047344,0.0,36.179643111726364,4.392928410424712,0.0,10.659097192651503,0.003091663309507718,0.0,0.00022799884104418935,2.7683594978367805e-05,0.0,6.717207792782871e-05,4249,1403,7848,0.10392592592592592,0.5813333333333334,1,0,0
flow,0.5,1.0,0,registered,during_vibration,flow_dump_0.5_1.0.shear.wave,2127,212700,212.70000000000002,0.2127,158683.45183699526,670.3743430942236,0.0042246014649520835,4.224601464952083e+17,56,0.00035290384316522807,3.529038431652281e+26,598.1334826665181,0.0,43.33670060268309,4.645487961761859,0.0,24.258671863260666,0.003769350084978868,0.0,0.00027310157487120927,2.9275188483635038e-05,0.0,0.00015287461661837274,4504,1530,7466,0.11333333333333333,0.553037037037037,1,0,0
flow,0.5,1.0,0,registered,during_vibration,flow_dump_0.5_1.0.shear.wave,2128,212800,212.8,0.2128,158683.45183699526,743.9523476769134,0.004688279332624584,4.6882793326245843e+17,66,0.0004159223865875903,4.159223865875903e+26,598.7238713760883,0.0,80.59164061267163,0.0,0.0,64.63683568815344,0.0037730706286318795,0.0,0.0005078767803429053,0.0,0.0,0.00040733192364979855,4582,1669,7249,0.12362962962962963,0.536962962962963,1,0,0
flow,0.5,1.0,0,registered,during_vibration,flow_dump_0.5_1.0.shear.wave,2129,212900,212.9,0.21289999999999998,158683.45183699526,799.0625265033185,0.00503557565236318,5.0355756523631795e+17,73,0.0004600353669832438,4.600353669832438e+26,647.8061050606792,0.0,75.99071121354271,0.0,0.0,75.26571022909695,0.0040823797161037715,0.0,0.00047888239343068243,0.0,0.0,0.0004743135428287274,4572,1633,7295,0.12096296296296297,0.5403703703703704,1,0,0
flow,0.5,1.0,0,registered,during_vibration,flow_dump_0.5_1.0.shear.wave,2130,213000,213.0,0.213,158683.4518369953,774.9208408776376,0.004883438265974079,4.8834382659740794e+17,73,0.0004600353669832437,4.600353669832437e+26,621.4389393685552,0.0,68.51878942240475,5.911288227249054,0.0,79.05182385942864,0.003916217678494397,0.0,0.0004317954306463502,3.7252077383099266e-05,0.0,0.0004981730794502327,4320,1474,7706,0.10918518518518519,0.5708148148148148,1,0,0
flow,0.5,1.0,0,registered,during_vibration,flow_dump_0.5_1.0.shear.wave,2131,213100,213.1,0.21309999999999998,158683.45183699526,531.8872817907136,0.003351876176333026,3.351876176333026e+17,44,0.0002772815910583935,2.772815910583935e+26,480.75479846317813,8.996842312259357,14.277880950752877,0.0,8.456639823654328,19.401120240869044,0.003029646714246076,5.669678979192615e-05,8.997712606743376e-05,0.0,5.3292512393423735e-05,0.00012226303383416751,4242,1408,7850,0.10429629629629629,0.5814814814814815,1,0,0
flow,0.5,1.0,0,registered,during_vibration,flow_dump_0.5_1.0.shear.wave,2132,213200,213.20000000000002,0.2132,158683.45183699526,522.4637850769542,0.0032924906726483727,3.2924906726483725e+17,42,0.00026467788237392105,2.6467788237392104e+26,484.7822671304253,0.0,13.25076820023515,0.0,0.0,24.430749746293746,0.0030550272351549876,0.0,8.350441112061745e-05,0.0,0.0,0.00015395902637276758,4444,1537,7519,0.11385185185185186,0.556962962962963,1,0,0
flow,0.5,1.0,0,registered,during_vibration,flow_dump_0.5_1.0.shear.wave,2133,213300,213.3,0.2133,158683.45183699526,728.7179664988313,0.004592274481446205,4.5922744814462054e+17,66,0.0004159223865875903,4.159223865875903e+26,625.7904678973208,7.436712901866176,50.88202759574055,5.969973589148099,0.0,38.63878451475545,0.003943640377448764,4.686508149258946e-05,0.0003206511265460006,3.7621903985808475e-05,0.0,0.0002434959919730411,4571,1601,7328,0.1185925925925926,0.5428148148148149,1,0,0
flow,0.5,1.0,0,registered,during_vibration,flow_dump_0.5_1.0.shear.wave,2134,213400,213.4,0.21339999999999998,158683.45183699526,743.1252100008663,0.00468306683146916,4.68306683146916e+17,66,0.0004159223865875903,4.159223865875903e+26,617.0712185999306,0.0,80.13219039502731,4.68188982358306,0.0,41.23991118232536,0.003888692938402966,0.0,0.000504981391993802,2.950458771461846e-05,0.0,0.0002598879133577729,4478,1594,7428,0.11807407407407407,0.5502222222222222,1,0,0
flow,0.5,1.0,0,registered,during_vibration,flow_dump_0.5_1.0.shear.wave,2135,213500,213.5,0.2135,158683.45183699526,635.0725222635734,0.004002134532061606,4.002134532061606e+17,58,0.00036550755184970053,3.6550755184970054e+26,547.5279975952473,5.224396192179301,50.38371820070372,0.0,0.0,31.936410275443237,0.0034504416891415093,3.292338382924748e-05,0.0003175108533211106,0.0,0.0,0.00020125860576973928,4291,1490,7719,0.11037037037037037,0.5717777777777778,1,0,0
flow,0.5,1.0,0,registered,during_vibration,flow_dump_0.5_1.0.shear.wave,2136,213600,213.6,0.21359999999999998,158683.45183699526,556.5034281891905,0.0035070035454033903,3.50700354540339e+17,48,0.0003024890084273384,3.024890084273384e+26,509.0453383841493,0.0,37.74857136620258,5.425365202149315,0.0,4.284153236689105,0.0032079295760912554,0.0,0.00023788599837731744,3.418986125738193e-05,0.0,2.6998109677434572e-05,4273,1423,7804,0.10540740740740741,0.5780740740740741,1,0,0
flow,0.5,1.0,0,registered,during_vibration,flow_dump_0.5_1.0.shear.wave,2137,213700,213.70000000000002,0.2137,158683.4518369953,684.8013422546975,0.004315518312256954,4.3155183122569536e+17,61,0.0003844131148764091,3.844131148764091e+26,596.3614867361599,0.0,51.409314426285576,0.0,0.0,37.03054109225226,0.003758183224730714,0.0,0.00032397401134867464,0.0,0.0,0.00023336107617756647,4491,1554,7455,0.11511111111111111,0.5522222222222222,1,0,0
flow,0.5,1.0,0,registered,during_vibration,flow_dump_0.5_1.0.shear.wave,2138,213800,213.8,0.2138,158683.45183699526,725.6313673084802,0.004572823182935748,4.5728231829357485e+17,65,0.00040962053224535404,4.096205322453541e+26,585.7600180707688,0.0,73.34897844963685,0.0,0.0,66.52237078807485,0.003691374313387638,0.0,0.0004622345783414346,0.0,0.0,0.0004192142912066771,4570,1684,7246,0.12474074074074074,0.5367407407407407,1,0,0
flow,0.5,1.0,0,registered,during_vibration,flow_dump_0.5_1.0.shear.wave,2139,213900,213.9,0.21389999999999998,158683.45183699526,755.515696766807,0.0047611498742975225,4.7611498742975226e+17,64,0.0004033186779031178,4.0331867790311785e+26,629.6408461295847,0.0,67.73586292317327,0.0,0.0,58.138987714049165,0.003967904900231008,0.0,0.0004268615418875166,0.0,0.0,0.0003663834321789987,4548,1622,7330,0.12014814814814814,0.542962962962963,1,0,0
flow,0.5,1.0,0,registered,during_vibration,flow_dump_0.5_1.0.shear.wave,2140,214000,214.0,0.214,158683.45183699526,768.5741223795868,0.004843442170448188,4.8434421704481875e+17,70,0.00044112980395653514,4.411298039565352e+26,632.5237679490124,6.495092985892361,63.14968745112334,7.892511879603759,2.6206368009153778,55.89242531304001,0.0039860726536170964,4.0931129936373765e-05,0.0003979601320747215,4.973746025963187e-05,1.65148714032726e-05,0.00035222592315709456,4304,1475,7721,0.10925925925925926,0.571925925925926,1,0,0
flow,0.5,1.0,0,registered,during_vibration,flow_dump_0.5_1.0.shear.wave,2141,214100,214.1,0.21409999999999998,158683.4518369953,510.71272367623504,0.003218437195334366,3.218437195334366e+17,42,0.000264677882373921,2.64677882373921e+26,454.89647104847444,9.51466743662958,9.908237281885242,0.0,4.78612485564882,31.607223053596904,0.0028666913013447592,5.996004830045763e-05,6.244026813875526e-05,0.0,3.0161461704055194e-05,0.00019918411584633826,4230,1406,7864,0.10414814814814814,0.5825185185185185,1,0,0
flow,0.5,1.0,0,registered,during_vibration,flow_dump_0.5_1.0.shear.wave,2142,214200,214.20000000000002,0.2142,158683.45183699526,529.0720932846469,0.0033341352684218566,3.3341352684218566e+17,44,0.0002772815910583935,2.772815910583935e+26,494.1755496493051,0.0,13.707478538764144,0.0,0.0,21.189065096577806,0.003114222333384442,0.0,8.638253315062056e-05,0.0,0.0,0.0001335304018867947,4419,1543,7538,0.1142962962962963,0.5583703703703704,1,0,0
flow,0.5,1.0,0,registered,during_vibration,flow_dump_0.5_1.0.shear.wave,2143,214300,214.3,0.2143,158683.45183699526,664.1071118767529,0.004185106286690468,4.1851062866904685e+17,61,0.0003844131148764092,3.844131148764092e+26,579.2748508003854,6.260543705289111,47.21026502388039,0.0,0.0,31.361452347197794,0.0036505057338646445,3.945303453393579e-05,0.00029751221363886316,0.0,0.0,0.00019763530465302258,4551,1602,7347,0.11866666666666667,0.5442222222222223,1,0,0
flow,0.5,1.0,0,registered,during_vibration,flow_dump_0.5_1.0.shear.wave,2144,214400,214.4,0.21439999999999998,158683.45183699526,798.94642411161,0.005034843992001847,5.034843992001847e+17,71,0.0004474316582987713,4.474316582987713e+26,670.9832307812005,13.718244597625189,78.22158499696219,0.0,0.0,36.02336373582196,0.0042284385864661935,8.645037928540281e-05,0.0004929410350697055,0.0,0.0,0.00022701399118054425,4456,1609,7435,0.11918518518518519,0.5507407407407408,1,0,0
flow,0.5,1.0,0,registered,during_vibration,flow_dump_0.5_1.0.shear.wave,2145,214500,214.5,0.2145,158683.4518369953,675.5707357888685,0.004257348374818796,4.257348374818796e+17,61,0.0003844131148764091,3.844131148764091e+26,580.9545773150744,0.0,73.79496570139261,5.313229406932537,0.0,15.507963365468889,0.0036610911256950065,0.0,0.00046504512504049356,3.348319780937496e-05,0.0,9.772892627392026e-05,4265,1484,7751,0.10992592592592593,0.5741481481481482,1,0,0
flow,0.5,1.0,0,registered,during_vibration,flow_dump_0.5_1.0.shear.wave,2146,214600,214.6,0.21459999999999999,158683.45183699526,553.1006277891461,0.003485559592926607,3.4855595929266074e+17,46,0.0002898852997428659,2.8988529974286592e+26,508.45644341741024,0.0,34.80356463978188,3.700823626701466,0.0,6.139796105252614,0.0032042184457879894,0.0,0.0002193269949505083,2.3322051441779013e-05,0.0,3.8692100746331194e-05,4232,1423,7845,0.10540740740740741,0.5811111111111111,1,0,0
flow,0.5,1.0,0,registered,during_vibration,flow_dump_0.5_1.0.shear.wave,2147,214700,214.70000000000002,0.2147,158683.45183699526,660.1059750410955,0.0041598917051487985,4.159891705148799e+17,55,0.0003466019888229919,3.466019888229919e+26,583.187481131946,0.0,41.69627672804583,4.773021347668331,0.0,30.44919583343515,0.0036751625603091555,0.0,0.0002627638625537185,3.007888530538983e-05,0.0,0.0001918863969805342,4469,1544,7487,0.11437037037037037,0.5545925925925926,1,0,0
flow,0.5,1.0,0,registered,during_vibration,flow_dump_0.5_1.0.shear.wave,2148,214800,214.8,0.2148,158683.45183699526,735.5847443602711,0.004635547915329491,4.635547915329491e+17,67,0.00042222424092982645,4.2222424092982644e+26,595.4494503826736,0.0,68.32522554966731,0.0,0.0,71.81006842793026,0.0037524357044762197,0.0,0.0004305756193144398,0.0,0.0,0.0004525365915388321,4545,1698,7257,0.12577777777777777,0.5375555555555556,1,0,0
flow,0.5,1.0,0,registered,during_vibration,flow_dump_0.5_1.0.shear.wave,2149,214900,214.9,0.21489999999999998,158683.4518369953,780.7047275909836,0.004919887477573581,4.919887477573581e+17,69,0.0004348279496142988,4.348279496142988e+26,622.5785508687258,6.003365789740938,57.828266094404,0.0,0.0,94.29454483811287,0.003923399344175209,3.7832336770111275e-05,0.00036442530979101113,0.0,0.0,0.0005942304868372491,4547,1636,7317,0.12118518518518519,0.542,1,0,0
flow,0.5,1.0,0,registered,during_vibration,flow_dump_0.5_1.0.shear.wave,2150,215000,215.0,0.215,158683.45183699526,796.0006806824678,0.005016280345981793,5.016280345981793e+17,72,0.00045373351264100755,4.5373351264100753e+26,655.9376753343774,0.0,54.128506542623235,6.5109629610860935,0.0,79.42353584438084,0.004133623687542276,0.0,0.00034110996399439167,4.103114020845957e-05,0.0,0.0005005155542366651,4298,1490,7712,0.11037037037037037,0.5712592592592592,1,0,0
flow,0.5,1.0,0,registered,during_vibration,flow_dump_0.5_1.0.shear.wave,2151,215100,215.1,0.21509999999999999,158683.45183699526,530.0522752738002,0.003340312232546384,3.340312232546384e+17,43,0.0002709797367161573,2.709797367161573e+26,471.9022308221312,8.970709914973748,16.08141511434829,0.0,4.46170468421504,28.636214738131937,0.0029738591224174045,5.653210723061879e-05,0.00010134273566765888,0.0,2.8117013037996215e-05,0.00018046125419270546,4245,1426,7829,0.10562962962962963,0.579925925925926,1,0,0
flow,0.5,1.0,0,registered,during_vibration,flow_dump_0.5_1.0.shear.wave,2152,215200,215.20000000000002,0.2152,158683.45183699526,550.2479951695676,0.003467582717666112,3.467582717666112e+17,47,0.00029618715408510216,2.9618715408510217e+26,516.7928299162904,0.0,12.521981145043885,0.0,0.0,20.93318410823329,0.003256753139244517,0.0,7.891170125229483e-05,0.0,0.0,0.00013191787716930012,4451,1544,7505,0.11437037037037037,0.5559259259259259,1,0,0
flow,0.5,1.0,0,registered,during_vibration,flow_dump_0.5_1.0.shear.wave,2153,215300,215.3,0.2153,158683.45183699526,692.9318478371382,0.0043667555741662345,4.366755574166234e+17,62,0.0003907149692186454,3.907149692186454e+26,608.40491239477,6.529183745144644,55.426586180929846,0.0,0.0,22.57116551629377,0.0038340791390128258,4.1145964935597896e-05,0.0003492902727996226,0.0,0.0,0.00014224019741818824,4560,1602,7338,0.11866666666666667,0.5435555555555556,1,0,0
flow,0.5,1.0,0,registered,during_vibration,flow_dump_0.5_1.0.shear.wave,2154,215400,215.4,0.21539999999999998,158683.45183699526,799.3782178062313,0.005037565092971246,5.037565092971246e+17,71,0.0004474316582987713,4.474316582987713e+26,661.6278714352919,12.206417735282052,76.65227087824326,0.0,0.0,48.89165775741429,0.0041694824745489995,7.692306660823636e-05,0.0004830514460763239,0.0,0.0,0.0003081081057376882,4460,1620,7420,0.12,0.5496296296296296,1,0,0
flow,0.5,1.0,0,registered,during_vibration,flow_dump_0.5_1.0.shear.wave,2155,215500,215.5,0.2155,158683.45183699526,697.1636241635981,0.004393423612184508,4.393423612184508e+17,66,0.0004159223865875903,4.159223865875903e+26,584.0132892174242,4.594298361440417,72.47946353814797,5.840287077505129,0.0,30.23628596908062,0.00368036668257848,2.8952599078572025e-05,0.00045675502202082927,3.680463847928176e-05,0.0,0.00019054467002734666,4235,1495,7770,0.11074074074074074,0.5755555555555556,1,0,0
flow,0.5,1.0,0,registered,during_vibration,flow_dump_0.5_1.0.shear.wave,2156,215600,215.6,0.21559999999999999,158683.45183699526,580.1451033607502,0.003655989938741022,3.655989938741022e+17,50,0.0003150927171118108,3.150927171118108e+26,528.9415218964848,4.443046865468279,38.65976237354888,5.29841933893032,0.0,2.8023528863178413,0.003333312426552395,2.7999434181910284e-05,0.00024362819138356928,3.338986691802638e-05,0.0,1.766001970512028e-05,4218,1425,7857,0.10555555555555556,0.582,1,0,0
flow,0.5,1.0,0,registered,during_vibration,flow_dump_0.5_1.0.shear.wave,2157,215700,215.70000000000002,0.2157,158683.45183699526,672.7885071347649,0.00423981517509384,4.2398151750938394e+17,57,0.0003592056975074643,3.592056975074643e+26,611.538504004787,0.0,46.75484667053867,0.0,0.0,14.49515645943913,0.0038538265769072063,0.0,0.0002946422335113226,0.0,0.0,9.134636467530981e-05,4445,1531,7524,0.1134074074074074,0.5573333333333333,1,0,0
flow,0.5,1.0,0,registered,during_vibration,flow_dump_0.5_1.0.shear.wave,2158,215800,215.8,0.2158,158683.45183699526,742.364517240253,0.004678273056492581,4.6782730564925805e+17,65,0.00040962053224535404,4.096205322453541e+26,592.5307179543881,0.0,63.89549595821072,0.0,0.0,85.93830332765431,0.0037340422778492036,0.0,0.0004026601086535868,0.0,0.0,0.0005415706699897914,4563,1715,7222,0.12703703703703703,0.534962962962963,1,0,0
flow,0.5,1.0,0,registered,during_vibration,flow_dump_0.5_1.0.shear.wave,2159,215900,215.9,0.21589999999999998,158683.45183699526,739.7436254394042,0.004661756578116871,4.661756578116871e+17,62,0.0003907149692186454,3.907149692186454e+26,594.6876289475052,0.0,55.53712961821958,0.0,0.0,89.51886687367947,0.0037476348167569955,0.0,0.0003499869014399126,0.0,0.0,0.0005641348599199627,4529,1618,7353,0.11985185185185185,0.5446666666666666,1,0,0
flow,0.5,1.0,0,registered,during_vibration,flow_dump_0.5_1.0.shear.wave,2160,216000,216.0,0.216,158683.4518369953,764.222840997014,0.00481602102897313,4.8160210289731296e+17,70,0.00044112980395653504,4.41129803956535e+26,651.062198078847,0.0,67.62974499313847,7.301585837547916,0.0,38.22931208748043,0.004102899140029037,0.0,0.0004261928021493376,4.601353041556178e-05,0.0,0.00024091555637919195,4293,1491,7716,0.11044444444444444,0.5715555555555556,1,0,0
flow,0.5,1.0,0,registered,during_vibration,flow_dump_0.5_1.0.shear.wave,2161,216100,216.1,0.2161,158683.45183699526,500.8131837684134,0.00315605173678012,3.1560517367801197e+17,40,0.00025207417368944865,2.5207417368944864e+26,458.0288451937221,6.76939800968754,8.85917805533905,0.0,0.0,27.15576250966463,0.002886431066953497,4.2659760241674626e-05,5.582924969668219e-05,0.0,0.0,0.0001711316598882655,4248,1427,7825,0.1057037037037037,0.5796296296296296,1,0,0
flow,0.5,1.0,0,registered,during_vibration,flow_dump_0.5_1.0.shear.wave,2162,216200,216.20000000000002,0.2162,158683.45183699526,533.4665173575987,0.003361828288847615,3.361828288847615e+17,46,0.0002898852997428659,2.8988529974286592e+26,488.1665726336162,0.0,23.359417475410567,0.0,0.0,21.940527248572096,0.0030763546354857256,0.0,0.00014720764644952464,0.0,0.0,0.00013826600691236609,4444,1528,7528,0.11318518518518518,0.5576296296296296,1,0,0
flow,0.5,1.0,0,registered,during_vibration,flow_dump_0.5_1.0.shear.wave,2163,216300,216.3,0.2163,158683.45183699526,692.5989976604014,0.004364658000834651,4.3646580008346515e+17,59,0.00037180940619193677,3.7180940619193676e+26,600.1994832441907,0.0,41.90278886764458,0.0,0.0,50.49672554856613,0.003782369719690336,0.0,0.00026406527197737336,0.0,0.0,0.00031822300916694196,4564,1589,7347,0.1177037037037037,0.5442222222222223,1,0,0
flow,0.5,1.0,0,registered,during_vibration,flow_dump_0.5_1.0.shear.wave,2164,216400,216.4,0.21639999999999998,158683.4518369953,780.3670205515864,0.004917759297000952,4.917759297000952e+17,68,0.00042852609527206263,4.2852609527206266e+26,661.6826587916385,6.971589809316605,74.83641000802089,0.0,0.0,36.87636194261054,0.004169827736488491,4.393394351213159e-05,0.00047160815536641617,0.0,0.0,0.0002323894616339145,4450,1607,7443,0.11903703703703704,0.5513333333333333,1,0,0
flow,0.5,1.0,0,registered,during_vibration,flow_dump_0.5_1.0.shear.wave,2165,216500,216.5,0.2165,158683.45183699526,625.8767678271566,0.003944184227036335,3.944184227036335e+17,57,0.0003592056975074643,3.592056975074643e+26,548.9238971230478,2.4084464328408317,51.845310598427005,0.0,0.0,22.699113672841072,0.0034592384446421047,1.517767861084132e-05,0.00032672159571928253,0.0,0.0,0.00014304650806410698,4225,1476,7799,0.10933333333333334,0.5777037037037037,1,0,0
flow,0.5,1.0,0,registered,during_vibration,flow_dump_0.5_1.0.shear.wave,2166,216600,216.6,0.2166,158683.45183699526,605.211357238853,0.0038139538195863395,3.813953819586339e+17,50,0.0003150927171118108,3.150927171118108e+26,541.6377220373907,0.0,38.140780680503916,4.856581283681139,0.0,20.576273237277064,0.0034133220305402633,0.0,0.0002403576443477128,3.0605467850989126e-05,0.0,0.0001296686768473733,4206,1395,7899,0.10333333333333333,0.5851111111111111,1,0,0
flow,0.5,1.0,0,registered,during_vibration,flow_dump_0.5_1.0.shear.wave,2167,216700,216.70000000000002,0.2167,158683.45183699526,641.4317593122339,0.004042209517670017,4.0422095176700166e+17,56,0.00035290384316522807,3.529038431652281e+26,584.2387121844429,0.0,40.333433678087886,0.0,0.0,16.85961344970329,0.003681787265282026,0.0,0.00025417542416155455,0.0,0.0,0.00010624682822643679,4448,1523,7529,0.11281481481481481,0.5577037037037037,1,0,0
flow,0.5,1.0,0,registered,during_vibration,flow_dump_0.5_1.0.shear.wave,2168,216800,216.8,0.2168,158683.4518369953,759.5022646239364,0.004786272644258592,4.786272644258592e+17,69,0.0004348279496142988,4.348279496142988e+26,627.6041097493595,0.0,57.36546945039417,0.0,0.0,74.53268542418256,0.003955069684229295,0.0,0.00036150883275038544,0.0,0.0,0.0004696941272789107,4561,1696,7243,0.12562962962962962,0.5365185185185185,1,0,0
flow,0.5,1.0,0,registered,during_vibration,flow_dump_0.5_1.0.shear.wave,2169,216900,216.9,0.21689999999999998,158683.45183699526,788.762272935348,0.0049706649546897306,4.9706649546897306e+17,70,0.00044112980395653514,4.411298039565352e+26,632.2031979442928,7.402169085690255,55.27272473832825,0.0,0.0,93.88418116703699,0.003984052468140864,4.664739139462381e-05,0.00034832066039946097,0.0,0.0,0.0005916444347547836,4530,1614,7356,0.11955555555555555,0.5448888888888889,1,0,0
flow,0.5,1.0,0,registered,during_vibration,flow_dump_0.5_1.0.shear.wave,2170,217000,217.0,0.217,158683.45183699526,770.4907446118443,0.004855520444584966,4.8555204445849664e+17,70,0.00044112980395653514,4.411298039565352e+26,660.7338727552097,0.0,65.66708861209135,7.207665581083894,0.0,36.88211766345919,0.00416384862508497,0.0,0.00041382442751211824,4.542165863954006e-05,0.0,0.00023242573334833735,4290,1497,7713,0.11088888888888888,0.5713333333333334,1,0,0
flow,0.5,1.0,0,registered,during_vibration,flow_dump_0.5_1.0.shear.wave,2171,217100,217.1,0.2171,158683.45183699526,522.4190332768487,0.0032922086533225554,3.2922086533225555e+17,42,0.00026467788237392105,2.6467788237392104e+26,470.13763273821485,5.821458802354121,14.045156804199728,0.0,0.0,32.41478493207998,0.002962738882319975,3.6685985431764555e-05,8.85105323939346e-05,0.0,0.0,0.0002042732531768813,4250,1417,7833,0.10496296296296297,0.5802222222222222,1,0,0
flow,0.5,1.0,0,registered,during_vibration,flow_dump_0.5_1.0.shear.wave,2172,217200,217.20000000000002,0.21719999999999998,158683.45183699526,562.1855972350804,0.003542811747078552,3.542811747078552e+17,50,0.0003150927171118108,3.150927171118108e+26,503.5953621342415,0.0,19.73171910662287,0.0,0.0,38.85851599421618,0.0031735846195956896,0.0,0.00012434641973185664,0.0,0.0,0.00024488070775100667,4437,1514,7549,0.11214814814814815,0.5591851851851852,1,0,0
flow,0.5,1.0,0,registered,during_vibration,flow_dump_0.5_1.0.shear.wave,2173,217300,217.3,0.2173,158683.45183699526,644.6666913207137,0.004062595587994494,4.062595587994494e+17,55,0.0003466019888229919,3.466019888229919e+26,581.368538027751,0.0,46.06438640070249,0.0,0.0,17.23376689226022,0.0036636998458097034,0.0,0.00029029105346171387,0.0,0.0,0.00010860468872307681,4546,1583,7371,0.11725925925925926,0.546,1,0,0
flow,0.5,1.0,0,registered,during_vibration,flow_dump_0.5_1.0.shear.wave,2174,217400,217.4,0.21739999999999998,158683.45183699526,757.0467866063798,0.0047707985794513885,4.770798579451389e+17,65,0.00040962053224535404,4.096205322453541e+26,648.8199835721554,0.0,67.87020360428835,0.0,0.0,40.35659942993612,0.004088769030803818,0.0,0.0004277081372921406,0.0,0.0,0.0002543214113554305,4463,1619,7418,0.11992592592592592,0.5494814814814815,1,0,0
flow,0.5,1.0,0,registered,during_vibration,flow_dump_0.5_1.0.shear.wave,2175,217500,217.5,0.2175,158683.45183699526,669.3600166293818,0.0042182093273151755,4.218209327315176e+17,61,0.0003844131148764092,3.844131148764092e+26,598.0920053992717,0.0,39.37175657361365,0.0,0.0,31.896254656496502,0.0037690887012821663,0.0,0.00024811507512489446,0.0,0.0,0.0002010055509081146,4217,1479,7804,0.10955555555555556,0.5780740740740741,1,0,0
flow,0.5,1.0,0,registered,during_vibration,flow_dump_0.5_1.0.shear.wave,2176,217600,217.6,0.2176,158683.45183699526,542.8056861067863,0.0034206823699825598,3.42068236998256e+17,47,0.00029618715408510216,2.9618715408510217e+26,493.15419800573625,4.600363401047232,33.10053204658281,4.93166182247936,0.0,7.0189308309406915,0.0031077859240944677,2.8990820074754064e-05,0.00020859473160808693,3.107861447043213e-05,0.0,4.4232279734819245e-05,4211,1380,7909,0.10222222222222223,0.5858518518518518,1,0,0
flow,0.5,1.0,0,registered,during_vibration,flow_dump_0.5_1.0.shear.wave,2177,217700,217.70000000000002,0.21769999999999998,158683.45183699526,657.1870022057531,0.004141496763511526,4.1414967635115264e+17,57,0.0003592056975074643,3.592056975074643e+26,583.4357146420745,0.0,46.909366170214845,0.0,0.0,26.84192139346397,0.003676726891732847,0.0,0.00029561599289131706,0.0,0.0,0.0001691538788873641,4456,1523,7521,0.11281481481481481,0.5571111111111111,1,0,0
flow,0.5,1.0,0,registered,during_vibration,flow_dump_0.5_1.0.shear.wave,2178,217800,217.8,0.2178,158683.45183699526,758.3437864325472,0.004778972083437801,4.778972083437801e+17,68,0.0004285260952720627,4.2852609527206266e+26,603.5560014126308,0.0,69.54974512927522,0.0,0.0,85.23803989064106,0.0038035220082849154,0.0,0.0004382923633443452,0.0,0.0,0.0005371577118085402,4538,1671,7291,0.12377777777777778,0.540074074074074,1,0,0
flow,0.5,1.0,0,registered,during_vibration,flow_dump_0.5_1.0.shear.wave,2179,217900,217.9,0.21789999999999998,158683.4518369953,795.2676058357108,0.005011660615075572,5.0116606150755725e+17,73,0.0004600353669832437,4.600353669832437e+26,628.1610039949704,6.691471497811904,73.79323374874605,0.0,0.0,86.62189659418232,0.003958579150649164,4.2168678714435816e-05,0.0004650342105271873,0.0,0.0,0.0005458785751847842,4514,1615,7371,0.11962962962962963,0.546,1,0,0
flow,0.5,1.0,0,registered,during_vibration,flow_dump_0.5_1.0.shear.wave,2180,218000,218.0,0.218,158683.45183699526,720.5984743041917,0.004541106624302662,4.5411066243026624e+17,65,0.00040962053224535404,4.096205322453541e+26,610.1949482617922,0.0,58.27262152853233,8.85346107073008,0.0,43.27744344313717,0.0038453596843141783,0.0,0.00036722557301306906,5.579322209239966e-05,0.0,0.00027272814488301625,4288,1482,7730,0.10977777777777778,0.5725925925925925,1,0,0
flow,0.5,1.0,0,registered,during_vibration,flow_dump_0.5_1.0.shear.wave,2181,218100,218.1,0.2181,158683.45183699526,514.8646279616216,0.003244601891383779,3.244601891383779e+17,42,0.00026467788237392105,2.6467788237392104e+26,466.0731108845907,7.778053854485296,11.384099620235546,0.0,0.0,29.62936360231012,0.0029371248576275993,4.90161624570353e-05,7.174093762423102e-05,0.0,0.0,0.00018671993367491374,4227,1384,7889,0.10251851851851852,0.5843703703703703,1,0,0
flow,0.5,1.0,0,registered,during_vibration,flow_dump_0.5_1.0.shear.wave,2182,218200,218.20000000000002,0.21819999999999998,158683.45183699526,587.7144604986917,0.003703690924888695,3.703690924888695e+17,53,0.00033399828013851943,3.3399828013851945e+26,533.3007916094917,0.0,12.041542188697047,0.0,0.0,42.37212670050287,0.0033607839093222867,0.0,7.588404492906108e-05,0.0,0.0,0.0002670229706373471,4416,1512,7572,0.112,0.5608888888888889,1,0,0
flow,0.5,1.0,0,registered,during_vibration,flow_dump_0.5_1.0.shear.wave,2183,218300,218.3,0.2183,158683.4518369953,699.8098661315272,0.004410099843620709,4.4100998436207085e+17,62,0.0003907149692186453,3.907149692186453e+26,610.8143037524262,0.0,53.257505108842324,7.145629694020679,0.0,28.592427576238123,0.0038492627724022173,0.0,0.0003356210398268254,4.5030717515276246e-05,0.0,0.0001801853138763907,4534,1570,7396,0.1162962962962963,0.5478518518518518,1,0,0
flow,0.5,1.0,0,registered,during_vibration,flow_dump_0.5_1.0.shear.wave,2184,218400,218.4,0.21839999999999998,158683.45183699526,802.4435864892839,0.005056882599917096,5.0568825999170963e+17,71,0.0004474316582987713,4.474316582987713e+26,658.7163955783029,13.599984605168611,84.13331780047844,0.0,0.0,45.99388850533379,0.004151134777777317,8.570512203842751e-05,0.0005301959141076845,0.0,0.0,0.00028984678599366616,4443,1621,7436,0.12007407407407407,0.5508148148148149,1,0,0
flow,0.5,1.0,0,registered,during_vibration,flow_dump_0.5_1.0.shear.wave,2185,218500,218.5,0.2185,158683.45183699526,661.6871896449215,0.004169856289265928,4.169856289265928e+17,59,0.00037180940619193677,3.7180940619193676e+26,593.6231182712773,0.0,42.322216947235894,0.0,0.0,25.741854426408118,0.0037409264255296518,0.0,0.0002667084466420017,0.0,0.0,0.00016222141709427255,4220,1468,7812,0.10874074074074074,0.5786666666666667,1,0,0
flow,0.5,1.0,0,registered,during_vibration,flow_dump_0.5_1.0.shear.wave,2186,218600,218.6,0.2186,158683.45183699526,565.7944413604407,0.003565554157100407,3.565554157100407e+17,47,0.00029618715408510216,2.9618715408510217e+26,520.3595615162154,5.869587715181625,34.90698299437264,0.0,0.0,4.658309134671102,0.0032792301622650956,3.6989286830053674e-05,0.00021997872235745297,0.0,0.0,2.9355985647805713e-05,4211,1381,7908,0.1022962962962963,0.5857777777777777,1,0,0
flow,0.5,1.0,0,registered,during_vibration,flow_dump_0.5_1.0.shear.wave,2187,218700,218.70000000000002,0.21869999999999998,158683.4518369953,689.428346890397,0.004344677021511984,4.344677021511984e+17,59,0.00037180940619193666,3.718094061919367e+26,607.473167224734,0.0,58.40284640330764,0.0,0.0,23.552333262355365,0.003828207416667176,0.0,0.00036804623120563896,0.0,0.0,0.00014842337363916858,4435,1500,7565,0.1111111111111111,0.5603703703703704,1,0,0
flow,0.5,1.0,0,registered,during_vibration,flow_dump_0.5_1.0.shear.wave,2188,218800,218.8,0.2188,158683.45183699526,798.8212582700743,0.005034055215099865,5.034055215099865e+17,75,0.0004726390756677162,4.726390756677162e+26,628.3684187334535,9.001132585087994,82.46743366862916,0.0,0.0,78.98427328290362,0.003959886248119519,5.672382646638067e-05,0.0005196977549577278,0.0,0.0,0.0004977473855562381,4535,1662,7303,0.12311111111111112,0.540962962962963,1,0,0
flow,0.5,1.0,0,registered,during_vibration,flow_dump_0.5_1.0.shear.wave,2189,218900,218.9,0.21889999999999998,158683.45183699526,791.6451773527057,0.004988832598410507,4.9888325984105075e+17,69,0.0004348279496142989,4.3482794961429895e+26,646.7986522836994,4.408634136104848,70.86350767998442,0.0,0.0,69.57438325291677,0.004076030895446564,2.7782570173943144e-05,0.00044657150357919927,0.0,0.0,0.00043844762921080023,4514,1608,7378,0.11911111111111111,0.5465185185185185,1,0,0
flow,0.5,1.0,0,registered,during_vibration,flow_dump_0.5_1.0.shear.wave,2190,219000,219.0,0.219,158683.45183699526,745.2474033669985,0.004696440584948584,4.6964405849485843e+17,66,0.0004159223865875903,4.159223865875903e+26,655.51427349648,0.0,54.225125572635896,8.011526813250503,0.0,27.49647748463221,0.004130955470831611,0.0,0.0003417188430482196,5.048747503602456e-05,0.0,0.00017327879603272982,4288,1488,7724,0.11022222222222222,0.5721481481481482,1,0,0
flow,0.5,1.0,0,registered,during_vibration,flow_dump_0.5_1.0.shear.wave,2191,219100,219.1,0.2191,158683.4518369953,560.9732292214488,0.003535171580447459,3.535171580447459e+17,50,0.00031509271711181074,3.150927171118107e+26,485.7937357144491,8.883510943695583,27.743554353381768,0.0,11.484976492550016,27.067451717372194,0.0030614013628432533,5.5982592014830944e-05,0.00017483583847092534,0.0,7.237664898005717e-05,0.00017057513813839104,4232,1418,7850,0.10503703703703704,0.5814814814814815,1,0,0
flow,0.5,1.0,0,registered,during_vibration,flow_dump_0.5_1.0.shear.wave,2192,219200,219.20000000000002,0.21919999999999998,158683.45183699526,564.0945467565109,0.0035548416689092886,3.5548416689092883e+17,48,0.0003024890084273384,3.024890084273384e+26,523.8326488740206,0.0,9.969590524718154,0.0,0.0,30.292307357772223,0.0033011170529118456,0.0,6.282690733851213e-05,0.0,0.0,0.00019089770865893097,4433,1517,7550,0.11237037037037037,0.5592592592592592,1,0,0
flow,0.5,1.0,0,registered,during_vibration,flow_dump_0.5_1.0.shear.wave,2193,219300,219.3,0.2193,158683.45183699526,710.6062436931493,0.00447813704243784,4.47813704243784e+17,63,0.0003970168235608816,3.970168235608816e+26,614.941161665529,7.444944805753835,54.685984422269286,5.277729029723142,0.0,28.25642376987399,0.0038752696298616964,4.6916957751848766e-05,0.0003446231083909398,3.325947960310691e-05,0.0,0.00017806786683024703,4529,1552,7419,0.11496296296296296,0.5495555555555556,1,0,0
flow,0.5,1.0,0,registered,during_vibration,flow_dump_0.5_1.0.shear.wave,2194,219400,219.4,0.21939999999999998,158683.45183699526,772.2947980213156,0.004866889326397069,4.8668893263970694e+17,68,0.0004285260952720627,4.2852609527206266e+26,620.9020121786842,13.496599646923322,79.66900280846724,0.0,0.0,58.22718338724059,0.003912834041551445,8.505360509038752e-05,0.0005020624512901686,0.0,0.0,0.00036693922846506657,4452,1608,7440,0.11911111111111111,0.5511111111111111,1,0,0
flow,0.5,1.0,0,registered,during_vibration,flow_dump_0.5_1.0.shear.wave,2195,219500,219.5,0.2195,158683.45183699526,677.9073248779866,0.0042720732189160775,4.2720732189160774e+17,63,0.0003970168235608816,3.970168235608816e+26,582.0568756784018,0.0,62.67838077006543,6.618770188747005,0.0,26.55329824077237,0.0036680376494223816,0.0,0.00039499002602017176,4.1710525654218936e-05,0.0,0.00016733501781930464,4234,1467,7799,0.10866666666666666,0.5777037037037037,1,0,0
flow,0.5,1.0,0,registered,during_vibration,flow_dump_0.5_1.0.shear.wave,2196,219600,219.6,0.2196,158683.45183699526,571.1820164329821,0.0035995058704654257,3.599505870465426e+17,51,0.000321394571454047,3.21394571454047e+26,512.5371572748957,7.749102497811727,31.79476464868629,5.2061263381999385,0.0,13.894865673388479,0.0032299345101302075,4.883371522426834e-05,0.00020036597566170224,3.2808249870615614e-05,0.0,8.756341957863212e-05,4232,1397,7871,0.10348148148148148,0.583037037037037,1,0,0
flow,0.5,1.0,0,registered,during_vibration,flow_dump_0.5_1.0.shear.wave,2197,219700,219.70000000000002,0.21969999999999998,158683.45183699526,687.1669181521521,0.004330425826998218,4.3304258269982176e+17,60,0.00037811126053417294,3.78111260534173e+26,620.511226102744,2.664246773428305,44.836394813454184,0.0,0.0,19.155050462525786,0.003910371364621895,1.678969509791799e-05,0.0002825524293453836,0.0,0.0,0.00012071233793302196,4436,1520,7544,0.11259259259259259,0.5588148148148148,1,0,0
flow,0.5,1.0,0,registered,during_vibration,flow_dump_0.5_1.0.shear.wave,2198,219800,219.8,0.2198,158683.4518369953,793.2905590660171,0.004999201554305174,4.999201554305174e+17,71,0.00044743165829877127,4.4743165829877125e+26,637.7099918656709,7.695323468865288,74.98558346004596,0.0,0.0,72.89966027143468,0.004018755481326099,4.849480761718097e-05,0.00047254822473280673,0.0,0.0,0.00045940304062908554,4512,1667,7321,0.12348148148148148,0.5422962962962963,1,0,0
flow,0.5,1.0,0,registered,during_vibration,flow_dump_0.5_1.0.shear.wave,2199,219900,219.9,0.21989999999999998,158683.45183699526,746.6151152360716,0.00470505970592963,4.70505970592963e+17,66,0.0004159223865875903,4.159223865875903e+26,608.6416588564449,0.0,65.5104969021219,0.0,0.0,72.46295947750485,0.003835571080730341,0.0,0.00041283760936468907,0.0,0.0,0.0004566510158346009,4497,1604,7399,0.11881481481481482,0.548074074074074,1,0,0
flow,0.5,1.0,0,registered,during_vibration,flow_dump_0.5_1.0.shear.wave,2200,220000,220.0,0.22,158683.45183699526,757.939667319656,0.004776425383651447,4.776425383651447e+17,71,0.0004474316582987713,4.474316582987713e+26,634.6742821244903,0.0,60.37840191579812,11.71997441461006,0.0,51.167008864757534,0.003999624880711873,0.0,0.00038049589429035586,7.385757165560776e-05,0.0,0.0003224470369936112,4344,1494,7662,0.11066666666666666,0.5675555555555556,1,0,0
flow,0.5,1.0,0,registered,after_removal,flow_dump_0.5_1.0.shear.wave,2240,224000,224.0,0.22399999999999998,158683.4518369953,1151.955759835177,0.007259457407181329,7.259457407181329e+17,105,0.0006616947059348026,6.616947059348026e+26,928.0446468070896,4.775341207907174,64.98083338181371,24.05036187329172,12.066438906149532,118.03813765892478,0.005848402187270332,3.0093504726709356e-05,0.0004094997470093107,0.00015156187740355574,7.604094041604642e-05,0.0007438591503553712,5121,2489,5890,0.18437037037037038,0.4362962962962963,0,0,0
flow,0.5,1.0,0,registered,after_removal,flow_dump_0.5_1.0.shear.wave,2245,224500,224.5,0.22449999999999998,158683.45183699526,1236.0510427184765,0.0077894136307810335,7.789413630781033e+17,109,0.0006869021233037475,6.869021233037475e+26,1042.4672338802684,0.0,86.52611050983414,27.5673463341477,10.813044290381676,68.67730770384426,0.006569476664467346,0.0,0.000545274945233209,0.00017372540119977832,6.814223011413429e-05,0.0004327943897665637,5075,2491,5934,0.18451851851851853,0.43955555555555553,0,0,0
flow,0.5,1.0,0,registered,after_removal,flow_dump_0.5_1.0.shear.wave,2250,225000,225.0,0.22499999999999998,158683.45183699526,1204.904966261281,0.007593135593615635,7.593135593615635e+17,100,0.0006301854342236216,6.301854342236216e+26,988.0670590326063,6.725811355105634,62.493713272303374,22.16804151392664,9.894401868707945,115.55593921863051,0.006226654686385198,4.238508349323409e-05,0.00039382627834753004,0.0001396997686734113,6.235307938014729e-05,0.0007282166973361109,5075,2481,5944,0.1837777777777778,0.4402962962962963,0,0,0
flow,0.5,1.0,0,registered,after_removal,flow_dump_0.5_1.0.shear.wave,2255,225500,225.5,0.22549999999999998,158683.4518369953,1209.7519333162365,0.007623680473997581,7.623680473997581e+17,97,0.0006112798711969128,6.1127987119691286e+26,1011.7214270804274,5.7078932401924884,83.84845919409004,22.376042392908495,13.773798337959434,72.32431307065815,0.006375721068380211,3.597031180072777e-05,0.0005284007766620924,0.00014101055991581202,8.680047086515562e-05,0.0004557772863735785,5040,2458,6002,0.18207407407407408,0.4445925925925926,0,0,0
flow,0.5,1.0,0,registered,after_removal,flow_dump_0.5_1.0.shear.wave,2260,226000,226.0,0.22599999999999998,158683.45183699526,1287.8203396495578,0.008115656199440685,8.115656199440685e+17,104,0.0006553928515925665,6.553928515925665e+26,1040.085510856945,16.77820231882106,84.56072996060539,34.91731591936389,14.06518142440498,97.41339916941753,0.0065544673928908115,0.00010573378713778023,0.0005328894032849052,0.00022004383894567707,8.863672463372669e-05,0.0006138850525477836,5015,2445,6040,0.1811111111111111,0.4474074074074074,0,0,0
flow,0.5,1.0,0,registered,after_removal,flow_dump_0.5_1.0.shear.wave,2265,226500,226.5,0.22649999999999998,158683.45183699526,1153.2505996750772,0.007267617299248905,7.267617299248905e+17,98,0.0006175817255391491,6.1758172553914915e+26,915.2228971824092,12.025371210879293,58.97034111405695,28.40305151509608,10.036224512354936,128.5927141402805,0.005767601388722975,7.578213778228206e-05,0.0003716225002127706,0.00017899189352316717,6.32468250228415e-05,0.000810372553984867,4997,2426,6077,0.1797037037037037,0.45014814814814813,0,0,0
flow,0.5,1.0,0,registered,after_removal,flow_dump_0.5_1.0.shear.wave,2270,227000,227.0,0.22699999999999998,158683.45183699526,1226.699512089415,0.007730481646879728,7.730481646879727e+17,103,0.0006490909972503302,6.490909972503302e+26,1048.6695151742786,18.185505344047222,83.7577166638472,26.736053886459228,0.0,49.35072102078288,0.006608562537771774,0.0001146024058181439,0.0005278289304538561,0.00016848671727864455,0.0,0.0003110010555573087,5056,2450,5994,0.1814814814814815,0.444,0,0,0
flow,0.5,1.0,0,registered,after_removal,flow_dump_0.5_1.0.shear.wave,2275,227500,227.5,0.22749999999999998,158683.45183699526,1320.435366630324,0.008321191348841578,8.321191348841577e+17,108,0.0006806002689615113,6.806002689615113e+26,1115.9287962559893,10.608746796011765,57.37894818371617,26.64535228380551,0.0,109.8735231108014,0.00703242073031224,6.685477706213128e-05,0.00036159377376449855,0.00016791512899011344,0.0,0.0006924069387125951,5090,2425,5985,0.17962962962962964,0.44333333333333336,0,0,0
flow,0.5,1.0,0,registered,after_removal,flow_dump_0.5_1.0.shear.wave,2280,228000,228.0,0.22799999999999998,158683.45183699526,1232.297034133293,0.007765756415477703,7.765756415477702e+17,100,0.0006301854342236216,6.301854342236216e+26,998.2504927210302,20.82668505480332,56.4682188553423,31.645587907948,0.0,125.1060495941695,0.006290829202193466,0.0001312467356469984,0.00035585449019188384,0.00019942588557032,0.0,0.0007884001018750365,5116,2405,5979,0.17814814814814814,0.4428888888888889,0,0,0
flow,0.5,1.0,0,registered,after_removal,flow_dump_0.5_1.0.shear.wave,2285,228500,228.5,0.22849999999999998,158683.45183699526,1207.285945429934,0.007608140177528385,7.608140177528384e+17,100,0.0006301854342236216,6.301854342236216e+26,987.038125465468,12.602051081711094,43.18870379801333,24.51124057018953,0.0,139.9458245145523,0.006220170496917254,7.941629033036366e-05,0.00027216892056506405,0.00015446626782084538,0.0,0.0008819182018948589,5110,2380,6010,0.17629629629629628,0.4451851851851852,0,0,0
flow,0.5,1.0,0,registered,after_removal,flow_dump_0.5_1.0.shear.wave,2290,229000,229.0,0.22899999999999998,158683.45183699526,1235.1840618260346,0.007783950043479363,7.783950043479363e+17,102,0.000642789142908094,6.42789142908094e+26,1059.2855089395287,10.308947954908223,64.16873294507893,26.100319287828835,0.0,75.32055269868977,0.006675462984178469,6.496548843352554e-05,0.0004043820083457418,0.0001644804104377558,0.0,0.00047465915208386985,5117,2379,6004,0.17622222222222222,0.4447407407407407,0,0,0
flow,0.5,1.0,0,registered,after_removal,flow_dump_0.5_1.0.shear.wave,2295,229500,229.5,0.22949999999999998,158683.45183699526,1221.5046673904703,0.00769774449225644,7.69774449225644e+17,107,0.0006742984146192752,6.742984146192752e+26,1033.3265924213651,9.783107072441862,53.52166635143541,32.48651429766135,0.0,92.38678724756578,0.006511873673398732,6.165171578502958e-05,0.0003372857455005112,0.0002047252811908361,0.0,0.0005822080763813258,5121,2366,6013,0.17525925925925925,0.4454074074074074,0,0,0
flow,0.5,1.0,0,registered,after_removal,flow_dump_0.5_1.0.shear.wave,2300,230000,230.0,0.22999999999999998,158683.45183699526,1085.709107039603,0.006841980650602927,6.841980650602926e+17,91,0.0005734687451434957,5.734687451434957e+26,870.5629754406825,26.21442289582989,39.27782625134304,26.974213760771757,7.764038517194275,114.91563017378196,0.005486161066970945,0.0001651994747553021,0.0002475231399156258,0.0001699875661167274,4.892783984286997e-05,0.000724181563001459,5076,2365,6059,0.1751851851851852,0.44881481481481483,0,0,0
