region,amplitude_A,frequency_THz,is_baseline,coordinate_treatment,analysis_stage,filename,frame,timestep,time_ps,strain_xy,cell_volume_A3,total_line_length_A,dislocation_density_A-2,dislocation_density_m-2,segment_count,segment_number_density_A-3,segment_number_density_m-3,shockley_length_A,perfect_length_A,stair_rod_length_A,hirth_length_A,frank_length_A,other_length_A,shockley_density_A-2,perfect_density_A-2,stair_rod_density_A-2,hirth_density_A-2,frank_density_A-2,other_density_A-2,fcc_count,hcp_count,other_atom_count,hcp_fraction,other_atom_fraction,coherent_correction_applied,has_PE,has_KE
flow,0.3,0.8,0,registered,before,flow_dump_0.3_0.8.shear.wave,1850,185000,185.0,0.185,158683.45183699526,1441.826292300768,0.00908617928088594,9.086179280885939e+17,126,0.0007940336471217632,7.940336471217631e+26,1167.4654380944578,4.603785611908546,121.82863208346481,44.556678307427724,0.0,103.37175820350976,0.007357197140466265,2.9012386349130486e-05,0.0007677462941038811,0.00028078969666728564,0.0,0.0006514337632993802,5939,3062,4499,0.2268148148148148,0.33325925925925926,0,0,0
flow,0.3,0.8,0,registered,before,flow_dump_0.3_0.8.shear.wave,1855,185500,185.5,0.1855,158683.45183699526,1437.2295380341995,0.009057211205050972,9.057211205050972e+17,125,0.000787731792779527,7.87731792779527e+26,1161.7754451855296,6.342864394528773,133.7958539195755,24.720090279973533,0.0,110.59528425459212,0.0073213396339458425,3.997180752687663e-05,0.0008431619829962794,0.0001557824082713225,0.0,0.0006969553723106499,5928,3069,4503,0.22733333333333333,0.33355555555555555,0,0,0
flow,0.3,0.8,0,registered,before,flow_dump_0.3_0.8.shear.wave,1860,186000,186.0,0.186,158683.45183699526,4975.515810919432,0.03135497591790757,3.135497591790757e+18,135,0.0008507503362018892,8.507503362018892e+26,3685.6746195561204,0.0,448.83295727585386,257.259246710078,0.0,583.7489873773791,0.02322658460531955,0.0,0.0028284799207475616,0.001621210300960323,0.0,0.00367870109088013,5915,3025,4560,0.22407407407407406,0.3377777777777778,0,0,0
flow,0.3,0.8,0,registered,before,flow_dump_0.3_0.8.shear.wave,1865,186500,186.5,0.1865,158683.45183699526,1704.3169668455046,0.0107403572780622,1.07403572780622e+18,122,0.0007688262297528183,7.688262297528184e+26,1352.8907364199413,0.0,161.42633713868145,67.77793029904024,0.0,122.22196298784144,0.008525720361879159,0.0,0.001017285263648687,0.0004271266443627903,0.0,0.0007702250081715626,5911,3021,4568,0.22377777777777777,0.3383703703703704,0,0,0
flow,0.3,0.8,0,registered,before,flow_dump_0.3_0.8.shear.wave,1870,187000,187.0,0.187,158683.45183699526,1550.0191724865495,0.009767995052683748,9.767995052683748e+17,129,0.0008129392101484719,8.129392101484719e+26,1208.4069916005535,6.442923376896207,156.38005819092385,52.4617493373733,0.0,126.32744998080318,0.007615204847206551,4.0602364659388584e-05,0.0009854843487496255,0.00033060630286303386,0.0,0.0007960971892051529,5916,3027,4557,0.2242222222222222,0.33755555555555555,0,0,0
flow,0.3,0.8,0,registered,before,flow_dump_0.3_0.8.shear.wave,1875,187500,187.5,0.1875,158683.45183699526,1536.1960074072153,0.009680883479805098,9.680883479805098e+17,131,0.0008255429188329443,8.255429188329443e+26,1202.2306791004264,7.870538299511893,144.28804290422232,62.24720794551858,0.0,119.55953915753562,0.007576282625458617,4.959898595851547e-05,0.0009092822297087389,0.000392272837683547,0.0,0.0007534468009956768,5888,3011,4601,0.22303703703703703,0.3408148148148148,0,0,0
flow,0.3,0.8,0,registered,before,flow_dump_0.3_0.8.shear.wave,1880,188000,188.0,0.188,158683.45183699526,1497.927042607647,0.009439718037810053,9.439718037810053e+17,126,0.0007940336471217632,7.940336471217631e+26,1221.3909315814399,5.9249625163137605,139.40151732368602,37.20419762059687,0.0,94.00543356561074,0.007697027745754433,3.733825076101869e-05,0.0008784880572605878,0.00023445543432477268,0.0,0.0005924085497092422,5867,2993,4640,0.2217037037037037,0.3437037037037037,0,0,0
flow,0.3,0.8,0,registered,before,flow_dump_0.3_0.8.shear.wave,1885,188500,188.5,0.1885,158683.45183699526,1533.7373097756965,0.009665389125459665,9.665389125459665e+17,128,0.0008066373558062356,8.066373558062357e+26,1190.2230546991996,5.014848463179432,151.90362676925645,28.928189075994343,0.0,157.66759076806719,0.007500612325485804,3.160284456334392e-05,0.0009572745299572682,0.0001823012339415852,0.0,0.0009935981915116668,5835,3005,4660,0.2225925925925926,0.3451851851851852,0,0,0
flow,0.3,0.8,0,registered,before,flow_dump_0.3_0.8.shear.wave,1890,189000,189.0,0.189,158683.4518369953,1488.4590490642256,0.009380052121586177,9.380052121586177e+17,121,0.000762524375410582,7.62524375410582e+26,1203.1402573759274,0.0,167.0499310768173,9.040746322285841,0.0,109.22811428919475,0.007582014655263685,0.0,0.0010527243335267016,5.697346646815312e-05,0.0,0.0006883396663276355,5870,3010,4620,0.22296296296296297,0.3422222222222222,0,0,0
flow,0.3,0.8,0,registered,before,flow_dump_0.3_0.8.shear.wave,1895,189500,189.5,0.1895,158683.45183699526,1497.1161961776575,0.009434608201714337,9.434608201714337e+17,129,0.0008129392101484719,8.129392101484719e+26,1212.6033220505008,10.534191187355,132.72377370722762,30.244553758185795,0.0,111.0103554743877,0.007641649510474009,6.638493847597959e-05,0.0008364058896548693,0.0001905967724300198,0.0,0.000699571090679456,5912,3016,4572,0.22340740740740742,0.33866666666666667,0,0,0
flow,0.3,0.8,0,registered,before,flow_dump_0.3_0.8.shear.wave,1900,190000,190.0,0.19,158683.45183699526,1501.7487813824728,0.009463802078903082,9.463802078903082e+17,126,0.0007940336471217632,7.940336471217631e+26,1205.5387239756446,11.467998671675558,139.27213712580374,44.83362218934846,0.0,100.63629942000073,0.007597129442419823,7.226965722585777e-05,0.0008776727220987639,0.00028253495667212355,0.0,0.0006341953004865156,5911,3054,4535,0.2262222222222222,0.3359259259259259,0,0,0
flow,0.3,0.8,0,registered,during_vibration,flow_dump_0.3_0.8.shear.wave,1910,191000,191.0,0.191,158683.45183699526,1154.3263740230618,0.007274396672495019,7.274396672495018e+17,105,0.0006616947059348027,6.616947059348027e+26,914.4281159659764,0.0,112.89966141456041,32.32103837771541,0.0,94.67755826480939,0.00576259279326307,0.0,0.0007114772215223461,0.00020368247604618924,0.0,0.0005966441816634114,5390,2593,5517,0.19207407407407406,0.4086666666666667,1,0,0
flow,0.3,0.8,0,registered,during_vibration,flow_dump_0.3_0.8.shear.wave,1911,191100,191.1,0.1911,158683.45183699526,1196.7395014920864,0.00754167802400351,7.54167802400351e+17,103,0.0006490909972503302,6.490909972503302e+26,969.1823445658589,3.79261007357512,122.75251982984777,17.211525223944555,0.0,83.80050179886014,0.006107645966521034,2.3900476260568185e-05,0.0007735685001101633,0.00010846452496902315,0.0,0.0005280985561427206,5403,2545,5552,0.18851851851851853,0.41125925925925927,1,0,0
flow,0.3,0.8,0,registered,during_vibration,flow_dump_0.3_0.8.shear.wave,1912,191200,191.20000000000002,0.19119999999999998,158683.45183699526,1172.847313048519,0.007391112932514888,7.391112932514888e+17,101,0.0006364872885658578,6.364872885658577e+26,980.7513271269477,0.0,103.85657207072468,12.607584350430606,0.0,75.63182950041627,0.0061805520095088865,0.0,0.0006544889896736648,7.945116018387048e-05,0.0,0.0004766207731484674,5345,2484,5671,0.184,0.4200740740740741,1,0,0
flow,0.3,0.8,0,registered,during_vibration,flow_dump_0.3_0.8.shear.wave,1913,191300,191.3,0.1913,158683.45183699526,1145.0417543030114,0.007215886351396207,7.215886351396207e+17,102,0.000642789142908094,6.42789142908094e+26,962.7639378087298,5.320169529345559,92.39385020311656,21.11457146231559,0.0,63.449225299503816,0.006067198102028382,3.352693344993912e-05,0.0005822525860984326,0.0001330609538542504,0.0,0.0003998477759652021,5347,2431,5722,0.18007407407407408,0.42385185185185187,1,0,0
flow,0.3,0.8,0,registered,during_vibration,flow_dump_0.3_0.8.shear.wave,1914,191400,191.4,0.1914,158683.45183699526,1154.0980821185617,0.007272958010165347,7.272958010165348e+17,98,0.0006175817255391491,6.1758172553914915e+26,923.5303788290183,0.0,131.05338091849555,29.05285658720667,0.0,70.46146578384106,0.005819953928010707,0.0,0.000825879317605958,0.0001830868704384544,0.0,0.00044403789411022736,5339,2424,5737,0.17955555555555555,0.424962962962963,1,0,0
flow,0.3,0.8,0,registered,during_vibration,flow_dump_0.3_0.8.shear.wave,1915,191500,191.5,0.1915,158683.45183699526,1242.2244787960349,0.007828317725732913,7.828317725732913e+17,98,0.0006175817255391491,6.1758172553914915e+26,984.7965520370456,7.258166354043895,150.66773517648485,11.023036190385422,0.0,88.4789890380757,0.006206044427673909,4.573990715490432e-05,0.0009494861211568273,6.946556848100733e-05,0.0,0.0005575817012662678,5336,2472,5692,0.1831111111111111,0.42162962962962963,1,0,0
flow,0.3,0.8,0,registered,during_vibration,flow_dump_0.3_0.8.shear.wave,1916,191600,191.6,0.1916,158683.4518369953,1208.7990827329445,0.00761767574841176,7.617675748411759e+17,102,0.0006427891429080939,6.427891429080939e+26,949.9954283980738,22.007182228074296,118.91855841408514,32.71171120865772,0.0,85.16620248405414,0.005986732815554955,0.00013868605688437366,0.0007494074337142734,0.0002061444393222567,0.0,0.0005367050029359053,5351,2550,5599,0.18888888888888888,0.41474074074074074,1,0,0
flow,0.3,0.8,0,registered,during_vibration,flow_dump_0.3_0.8.shear.wave,1917,191700,191.70000000000002,0.19169999999999998,158683.45183699526,1112.6160316077292,0.007011544170028795,7.011544170028795e+17,98,0.0006175817255391491,6.1758172553914915e+26,895.7745878979403,23.989375450851878,109.18485445714303,25.518972974423797,0.0,58.148240827370245,0.005645040976409492,0.0001511775498524858,0.0006880670491671761,0.00016081685064828124,0.0,0.0003664417439513604,5356,2514,5630,0.18622222222222223,0.41703703703703704,1,0,0
flow,0.3,0.8,0,registered,during_vibration,flow_dump_0.3_0.8.shear.wave,1918,191800,191.8,0.1918,158683.45183699526,1076.2166852254268,0.0067821607909749225,6.782160790974922e+17,97,0.000611279871196913,6.112798711969129e+26,858.434105375736,18.466332205534414,99.44571402048392,35.96987438051973,0.0,63.900659243153164,0.005409726694485743,0.00011637213579462353,0.0006266924047167676,0.00022667690905456945,0.0,0.00040269264692322155,5369,2453,5678,0.1817037037037037,0.4205925925925926,1,0,0
flow,0.3,0.8,0,registered,during_vibration,flow_dump_0.3_0.8.shear.wave,1919,191900,191.9,0.1919,158683.45183699526,1153.3959977013021,0.007268533576431823,7.268533576431823e+17,93,0.0005860724538279681,5.860724538279681e+26,932.197244143612,8.050502130429313,109.16004172071061,26.464602202514826,0.0,77.52360750403535,0.005874571250827056,5.073309180782788e-05,0.0006879106829163466,0.0001667760683054722,0.0,0.0004885424825751213,5374,2430,5696,0.18,0.4219259259259259,1,0,0
flow,0.3,0.8,0,registered,during_vibration,flow_dump_0.3_0.8.shear.wave,1920,192000,192.0,0.192,158683.4518369953,1191.1936529943894,0.007506728894566912,7.506728894566912e+17,94,0.0005923743081702042,5.923743081702042e+26,924.1773648838073,19.59116805717737,131.3308547832716,25.108029588762523,0.0,90.98623568137086,0.005824031139889443,0.00012346068749060263,0.0008276279174855539,0.00015822714528893847,0.0,0.0005733820044123745,5368,2474,5658,0.18325925925925926,0.4191111111111111,1,0,0
flow,0.3,0.8,0,registered,during_vibration,flow_dump_0.3_0.8.shear.wave,1921,192100,192.1,0.1921,158683.45183699526,1148.1241371506699,0.0072353110791291576,7.235311079129157e+17,91,0.0005734687451434957,5.734687451434957e+26,896.3738567851694,9.940920396980719,116.01225222087896,16.561700571090405,4.032417615300641,105.20298956124924,0.005648817481648644,6.264623236953751e-05,0.0007310923154107492,0.0001043694246587421,2.5411708458692154e-05,0.0006629739165827898,5361,2531,5608,0.18748148148148147,0.4154074074074074,1,0,0
flow,0.3,0.8,0,registered,during_vibration,flow_dump_0.3_0.8.shear.wave,1922,192200,192.20000000000002,0.19219999999999998,158683.45183699526,1173.0483311360636,0.007392379719222748,7.392379719222748e+17,98,0.0006175817255391491,6.1758172553914915e+26,900.9246627553576,7.458315981795048,128.52433084398064,30.81300120862383,0.0,105.32802034630616,0.005677495998012549,4.7001220955644887e-05,0.0008099416124121434,0.00019417904546389586,0.0,0.000663761842378514,5373,2589,5538,0.19177777777777777,0.4102222222222222,1,0,0
flow,0.3,0.8,0,registered,during_vibration,flow_dump_0.3_0.8.shear.wave,1923,192300,192.3,0.1923,158683.45183699526,1189.9385189603586,0.007498819222704467,7.498819222704467e+17,97,0.000611279871196913,6.112798711969129e+26,990.2239786932028,12.533704337843382,110.55210808295581,15.214118063483895,0.0,61.41460978287214,0.006240247279914182,7.898557910574321e-05,0.0006966832823659425,9.587715598166043e-05,0.0,0.0003870259253369356,5368,2535,5597,0.18777777777777777,0.41459259259259257,1,0,0
flow,0.3,0.8,0,registered,during_vibration,flow_dump_0.3_0.8.shear.wave,1924,192400,192.4,0.1924,158683.4518369953,1220.3902663711594,0.007690721699353902,7.690721699353902e+17,103,0.0006490909972503301,6.490909972503302e+26,1019.6151160952215,9.431661416635546,110.81010391220971,13.631303787984187,0.0,66.90208115910828,0.006425465946774354,5.943695645292648e-05,0.000698309134502805,8.590249096664911e-05,0.0,0.00042160717065716614,5389,2488,5623,0.1842962962962963,0.4165185185185185,1,0,0
flow,0.3,0.8,0,registered,during_vibration,flow_dump_0.3_0.8.shear.wave,1925,192500,192.5,0.1925,158683.45183699526,1200.4659225859118,0.007565161386954633,7.565161386954633e+17,106,0.0006679965602770389,6.679965602770389e+26,994.8870307234055,27.512039076302212,99.48240294538797,16.395884381884677,0.0,62.18856545893199,0.006269633154598789,0.00017337686291676754,0.0006269236129774861,0.00010332447518678291,0.0,0.00039190328127481174,5380,2448,5672,0.18133333333333335,0.42014814814814816,1,0,0
flow,0.3,0.8,0,registered,during_vibration,flow_dump_0.3_0.8.shear.wave,1926,192600,192.6,0.1926,158683.45183699526,1203.485921936727,0.007584192982977119,7.584192982977119e+17,102,0.000642789142908094,6.42789142908094e+26,1007.4135803887001,19.05678869408527,100.52816175904584,19.375945946915866,0.0,57.111445147980405,0.0063485736460002625,0.00012009310658089929,0.0006335138326982678,0.00012210438910050596,0.0,0.00035990800859718577,5332,2430,5738,0.18,0.42503703703703705,1,0,0
flow,0.3,0.8,0,registered,during_vibration,flow_dump_0.3_0.8.shear.wave,1927,192700,192.70000000000002,0.19269999999999998,158683.45183699526,1172.1832845557544,0.007386928321674391,7.386928321674391e+17,100,0.0006301854342236216,6.301854342236216e+26,929.2371837066621,8.00768096866253,110.40250468458123,12.14984349487913,0.0,112.38607170096952,0.005855917381109181,5.046323908360827e-05,0.0006957405035402824,7.656654398569449e-05,0.0,0.0007082406539556255,5348,2489,5663,0.18437037037037038,0.41948148148148146,1,0,0
flow,0.3,0.8,0,registered,during_vibration,flow_dump_0.3_0.8.shear.wave,1928,192800,192.8,0.1928,158683.45183699526,1195.2464805175928,0.007532269223292347,7.532269223292347e+17,103,0.0006490909972503302,6.490909972503302e+26,982.1452457817958,14.437768422962709,103.10906032028336,19.653676346530638,0.0,75.90072964602015,0.006189336281836665,9.098471362844847e-05,0.0006497782795032737,0.00012385460562528932,0.0,0.0004783153426986692,5389,2478,5633,0.18355555555555556,0.4172592592592593,1,0,0
flow,0.3,0.8,0,registered,during_vibration,flow_dump_0.3_0.8.shear.wave,1929,192900,192.9,0.1929,158683.45183699526,1316.3477287341357,0.008295431650215993,8.295431650215992e+17,104,0.0006553928515925665,6.553928515925665e+26,1043.6298931912306,7.618231551303433,141.16276757583253,42.95799688180365,0.0,80.97883953396544,0.0065768035740946746,4.8008985581742485e-05,0.0008895871998098419,0.00027071503918336417,0.0,0.0005103168515463699,5386,2541,5573,0.18822222222222224,0.4128148148148148,1,0,0
flow,0.3,0.8,0,registered,during_vibration,flow_dump_0.3_0.8.shear.wave,1930,193000,193.0,0.193,158683.45183699526,1153.6342101381945,0.007270034756511628,7.270034756511629e+17,101,0.0006364872885658578,6.364872885658577e+26,935.4254942612174,24.51430843970471,92.20115142492241,34.01606481854225,0.0,67.47719119380805,0.005894915212848511,0.00015448560108767103,0.0005810382264663262,0.00021436428578251905,0.0,0.0004252314303266026,5387,2442,5671,0.18088888888888888,0.4200740740740741,1,0,0
flow,0.3,0.8,0,registered,during_vibration,flow_dump_0.3_0.8.shear.wave,1931,193100,193.1,0.1931,158683.45183699526,1195.4131918867615,0.007533319814058043,7.533319814058043e+17,99,0.0006238835798813854,6.238835798813854e+26,936.5700355883353,16.300455008214996,124.48734731537128,42.52917890618899,0.0,75.52617506865117,0.005902127945580678,0.00010272309317394574,0.0007845011302328404,0.00026801269076170796,0.0,0.000475954954308872,5387,2409,5704,0.17844444444444443,0.4225185185185185,1,0,0
flow,0.3,0.8,0,registered,during_vibration,flow_dump_0.3_0.8.shear.wave,1932,193200,193.20000000000002,0.19319999999999998,158683.45183699526,1126.0910805223384,0.007096461965543171,7.09646196554317e+17,95,0.0005986761625124405,5.986761625124405e+26,912.6788692301918,10.168942742919327,113.6347108994794,35.49036469921272,0.0,54.11819295053454,0.005751569295125524,6.408319598041762e-05,0.0007161093963106414,0.00022365510888728058,0.0,0.0003410449692393035,5365,2402,5733,0.17792592592592593,0.4246666666666667,1,0,0
flow,0.3,0.8,0,registered,during_vibration,flow_dump_0.3_0.8.shear.wave,1933,193300,193.3,0.1933,158683.45183699526,1133.2088266343067,0.007141316964785813,7.141316964785812e+17,93,0.0005860724538279681,5.860724538279681e+26,971.8452372934274,9.453613582489435,90.86679383532358,22.358522760683133,0.0,38.684659162383376,0.006124427128619172,5.957529580463432e-05,0.0005726292992962169,0.00014090015374539826,0.0,0.0002437850873203937,5383,2467,5650,0.18274074074074073,0.4185185185185185,1,0,0
flow,0.3,0.8,0,registered,during_vibration,flow_dump_0.3_0.8.shear.wave,1934,193400,193.4,0.1934,158683.45183699526,1169.2486267182185,0.007368434535437937,7.368434535437937e+17,94,0.0005923743081702043,5.9237430817020434e+26,947.2482645036259,10.98452193056839,103.23243247193857,29.259946584535637,0.0,78.52346122755009,0.005969420588837895,6.922285722554135e-05,0.000650555752832893,0.00018439192143735565,0.0,0.0004948434151042536,5405,2565,5530,0.19,0.4096296296296296,1,0,0
flow,0.3,0.8,0,registered,during_vibration,flow_dump_0.3_0.8.shear.wave,1935,193500,193.5,0.19349999999999998,158683.4518369953,1210.2974775597293,0.007627118414357318,7.627118414357318e+17,105,0.0006616947059348026,6.616947059348026e+26,967.3991347530599,21.127792425887048,106.03430289453051,9.202302637050284,0.0,106.53394484920184,0.006096408438019128,0.0001331442704409417,0.0006682127321218872,5.79915708318671e-05,0.0,0.000671361402943496,5384,2549,5567,0.18881481481481482,0.4123703703703704,1,0,0
flow,0.3,0.8,0,registered,during_vibration,flow_dump_0.3_0.8.shear.wave,1936,193600,193.6,0.1936,158683.45183699526,1281.6046346249577,0.00807648573174135,8.076485731741349e+17,108,0.0006806002689615113,6.806002689615113e+26,1049.2472817864734,26.455823288459115,107.75635079886746,15.30593883065361,0.0,82.83923992050403,0.006612203538805634,0.00016672074486781007,0.0006790648271853718,9.645579708195636e-05,0.0,0.000522040823800576,5382,2519,5599,0.1865925925925926,0.41474074074074074,1,0,0
flow,0.3,0.8,0,registered,during_vibration,flow_dump_0.3_0.8.shear.wave,1937,193700,193.70000000000002,0.19369999999999998,158683.45183699526,1260.7628082406766,0.007945143577641433,7.945143577641432e+17,112,0.0007058076863304561,7.058076863304562e+26,1089.6478248115857,14.974695969389103,91.20883216477785,10.480937453093196,0.0,54.450517841830944,0.006866801876297139,9.436835281836188e-05,0.0005747847750278996,6.604934119948154e-05,0.0,0.0003431392322985529,5351,2455,5694,0.18185185185185185,0.42177777777777775,1,0,0
flow,0.3,0.8,0,registered,during_vibration,flow_dump_0.3_0.8.shear.wave,1938,193800,193.8,0.1938,158683.45183699526,1158.9331898403261,0.007303428154756928,7.303428154756928e+17,102,0.000642789142908094,6.42789142908094e+26,937.6259810280891,23.664230829025378,107.26377103611593,14.125862158075348,0.0,76.2533447890206,0.005908782359935355,0.0001491285358055737,0.0006759606612685784,8.901912577869738e-05,0.0,0.0004805374719687248,5364,2444,5692,0.18103703703703702,0.42162962962962963,1,0,0
flow,0.3,0.8,0,registered,during_vibration,flow_dump_0.3_0.8.shear.wave,1939,193900,193.9,0.1939,158683.4518369953,1193.211338539187,0.0075194440549786615,7.519444054978661e+17,98,0.000617581725539149,6.17581725539149e+26,993.2961941334094,18.49437168662893,98.45600179588875,22.766474578391005,0.0,60.19829634486851,0.006259607934126332,0.00011654883652031303,0.0006204553824366381,0.00014347100667924374,0.0,0.0003793608952161321,5379,2439,5682,0.18066666666666667,0.42088888888888887,1,0,0
flow,0.3,0.8,0,registered,during_vibration,flow_dump_0.3_0.8.shear.wave,1940,194000,194.0,0.19399999999999998,158683.45183699526,1121.4061959441376,0.007066938505321161,7.066938505321161e+17,95,0.0005986761625124405,5.986761625124405e+26,925.8548673519614,0.0,96.67961216657918,12.044372946415102,0.0,86.82734347918196,0.005834602516102494,0.0,0.0006092608337376703,7.590188395187841e-05,0.0,0.0005471732715291183,5391,2475,5634,0.18333333333333332,0.41733333333333333,1,0,0
flow,0.3,0.8,0,registered,during_vibration,flow_dump_0.3_0.8.shear.wave,1941,194100,194.1,0.1941,158683.45183699526,1221.5510875921577,0.007698037025606012,7.698037025606012e+17,104,0.0006553928515925665,6.553928515925665e+26,1025.7663184148303,9.829246175509239,97.5266949844407,27.16714968921901,0.0,61.26167832815888,0.006464229927822155,6.194247769204161e-05,0.0006145990262716445,0.00017120342023518607,0.0,0.00038606217358498634,5409,2509,5582,0.18585185185185185,0.4134814814814815,1,0,0
flow,0.3,0.8,0,registered,during_vibration,flow_dump_0.3_0.8.shear.wave,1942,194200,194.20000000000002,0.19419999999999998,158683.45183699526,1243.3474777806882,0.007835394701760676,7.835394701760676e+17,104,0.0006553928515925665,6.553928515925665e+26,1065.324627617249,5.649373086135968,94.81883322391445,26.225571836279045,0.0,51.32907201710938,0.0067135206304409405,3.560152631377837e-05,0.0005975344758778969,0.00016526973375408292,0.0,0.0003234683353739762,5406,2491,5603,0.18451851851851853,0.41503703703703704,1,0,0
flow,0.3,0.8,0,registered,during_vibration,flow_dump_0.3_0.8.shear.wave,1943,194300,194.3,0.1943,158683.4518369953,1207.4598335532964,0.007609235995153658,7.609235995153658e+17,106,0.0006679965602770388,6.679965602770388e+26,999.0064661127693,18.48850635022611,99.93443926381399,31.48431374739487,0.0,58.54610807909204,0.006295593236394811,0.00011651187402463424,0.0006297722800136075,0.00019840955930134773,0.0,0.00036894904541925693,5384,2430,5686,0.18,0.42118518518518516,1,0,0
flow,0.3,0.8,0,registered,during_vibration,flow_dump_0.3_0.8.shear.wave,1944,194400,194.4,0.1944,158683.45183699526,1227.5440306550756,0.007735803679869835,7.735803679869836e+17,97,0.000611279871196913,6.112798711969129e+26,987.9366065435537,15.394781176285308,117.39182691696207,43.192588189001185,0.0,63.62822782927363,0.006225832593800606,9.701566860354993e-05,0.0007397861941996997,0.0002721933994312778,0.0,0.00040097582383470323,5372,2415,5713,0.17888888888888888,0.42318518518518516,1,0,0
flow,0.3,0.8,0,registered,during_vibration,flow_dump_0.3_0.8.shear.wave,1945,194500,194.5,0.19449999999999998,158683.45183699526,1129.0644956062833,0.0071151999943011995,7.1151999943012e+17,95,0.0005986761625124405,5.986761625124405e+26,943.0344847302232,15.236436662613475,105.18634300164227,25.932785916148344,0.0,39.67444529565565,0.00594286596247565,9.601780454249781e-05,0.0006628690123888474,0.00016342463953196163,0.0,0.0002500225753622408,5391,2444,5665,0.18103703703703702,0.41962962962962963,1,0,0
flow,0.3,0.8,0,registered,during_vibration,flow_dump_0.3_0.8.shear.wave,1946,194600,194.6,0.1946,158683.45183699526,1222.6087358766715,0.007704702171040334,7.704702171040334e+17,103,0.0006490909972503302,6.490909972503302e+26,1014.1466961220749,9.57820555589997,110.09964948999455,22.59130723252411,0.0,66.19287747617756,0.00639100476062141,6.0360456273279275e-05,0.0006938319542172075,0.00014236712758007448,0.0,0.00041713787234835933,5388,2524,5588,0.18696296296296297,0.4139259259259259,1,0,0
flow,0.3,0.8,0,registered,during_vibration,flow_dump_0.3_0.8.shear.wave,1947,194700,194.70000000000002,0.19469999999999998,158683.4518369953,1201.6750596613533,0.007572781192683862,7.572781192683862e+17,100,0.0006301854342236215,6.301854342236214e+26,969.9488517926312,7.396568947569478,103.32691874391261,15.888271972242237,4.987668690074717,100.12677951492266,0.006112476383416424,4.661210013989026e-05,0.0006511511915562142,0.00010012557571890469,3.1431561592182965e-05,0.0006309843802602434,5390,2584,5526,0.19140740740740741,0.4093333333333333,1,0,0
flow,0.3,0.8,0,registered,during_vibration,flow_dump_0.3_0.8.shear.wave,1948,194800,194.8,0.1948,158683.45183699526,1244.5926065221358,0.007843241321726611,7.843241321726611e+17,100,0.0006301854342236216,6.301854342236216e+26,1020.9590375580425,18.660541104228066,106.94365649171695,30.49056289659329,0.0,67.53880847155486,0.006433935144080458,0.00011759601198615704,0.0006739433460369447,0.00019214708618712288,0.0,0.0004256197334359281,5402,2555,5543,0.18925925925925927,0.4105925925925926,1,0,0
flow,0.3,0.8,0,registered,during_vibration,flow_dump_0.3_0.8.shear.wave,1949,194900,194.9,0.1949,158683.45183699526,1268.6330563346519,0.007994740734766928,7.994740734766929e+17,112,0.0007058076863304561,7.058076863304562e+26,1063.6860640148914,7.455556477694527,95.12503501750778,26.279963427030616,0.0,76.08643739752752,0.006703194641288393,4.6983830962746604e-05,0.0005994641149804535,0.00016561250163644184,0.0,0.0004794856458988928,5387,2488,5625,0.1842962962962963,0.4166666666666667,1,0,0
flow,0.3,0.8,0,registered,during_vibration,flow_dump_0.3_0.8.shear.wave,1950,195000,195.0,0.19499999999999998,158683.45183699526,1173.328893247411,0.007394147780782411,7.394147780782412e+17,107,0.0006742984146192752,6.742984146192752e+26,950.7439020587527,20.338948958956486,95.5289790491338,15.09336584750381,0.0,91.62369733306467,0.005991449587543555,0.0001281730938135207,0.0006020097114301763,9.511619310505169e-05,0.0,0.0005773991948901104,5349,2446,5705,0.18118518518518517,0.4225925925925926,1,0,0
flow,0.3,0.8,0,registered,during_vibration,flow_dump_0.3_0.8.shear.wave,1951,195100,195.1,0.1951,158683.45183699526,1175.3868001627347,0.007407116410412661,7.407116410412662e+17,98,0.0006175817255391491,6.1758172553914915e+26,913.908293731783,21.486695326571784,118.6331167065904,22.676949812049152,0.0,98.6817445857409,0.005759316949259328,0.000135406024244063,0.0007476086216504425,0.00014290683464173468,0.0,0.0006218779806170965,5343,2411,5746,0.17859259259259258,0.42562962962962964,1,0,0
flow,0.3,0.8,0,registered,during_vibration,flow_dump_0.3_0.8.shear.wave,1952,195200,195.20000000000002,0.19519999999999998,158683.45183699526,1079.1723042984363,0.006800786671864164,6.800786671864164e+17,93,0.0005860724538279681,5.860724538279681e+26,872.3587426474442,9.575645839631346,104.85470540953601,9.595888070942738,0.0,82.78732233088198,0.005497477730340521,6.034432531419695e-05,0.0006607790805889837,6.04718889074832e-05,0.0,0.0005217136467129778,5379,2453,5668,0.1817037037037037,0.41985185185185186,1,0,0
flow,0.3,0.8,0,registered,during_vibration,flow_dump_0.3_0.8.shear.wave,1953,195300,195.3,0.1953,158683.45183699526,1096.2820954145545,0.0069086100833040285,6.908610083304028e+17,96,0.0006049780168546768,6.049780168546768e+26,883.518778101811,13.60586958470643,110.9207074056318,18.334805903569205,3.7612111280383274,66.1407232907977,0.005567806648228133,8.574220832228188e-05,0.0006990061416080936,0.0001155432761974658,2.370260467929551e-05,0.0004168092042687575,5400,2472,5628,0.1831111111111111,0.41688888888888886,1,0,0
flow,0.3,0.8,0,registered,during_vibration,flow_dump_0.3_0.8.shear.wave,1954,195400,195.4,0.1954,158683.4518369953,1255.0049167675902,0.007908858184259638,7.908858184259638e+17,112,0.000705807686330456,7.058076863304561e+26,1049.0294474088994,8.021126027904108,94.71111475637981,26.891160177404938,0.0,76.35206839700218,0.006610830778287429,5.0547967888571424e-05,0.0005968556497855246,0.0001694641745317489,0.0,0.0004811596137663647,5401,2545,5554,0.18851851851851853,0.4114074074074074,1,0,0
flow,0.3,0.8,0,registered,during_vibration,flow_dump_0.3_0.8.shear.wave,1955,195500,195.5,0.19549999999999998,158683.45183699526,1168.4192764738839,0.007363208090999443,7.363208090999443e+17,105,0.0006616947059348027,6.616947059348027e+26,993.5219870053176,3.659232438219731,88.99924657805674,34.10427273464596,0.0,48.13453771764353,0.0062610308479166136,2.3059949830046626e-05,0.0005608602885036786,0.00021492015922163683,0.0,0.0003033368455274648,5382,2457,5661,0.182,0.41933333333333334,1,0,0
flow,0.3,0.8,0,registered,during_vibration,flow_dump_0.3_0.8.shear.wave,1956,195600,195.6,0.1956,158683.45183699526,1139.6995848337142,0.007182220777529154,7.182220777529155e+17,94,0.0005923743081702043,5.9237430817020434e+26,968.3855236705024,15.87292051175573,89.10327251434965,34.14361200209785,0.0,32.194256135008004,0.006102624517301647,0.00010002883305097815,0.0005615158448020113,0.00021516806955504893,0.0,0.00020288351281946512,5395,2415,5690,0.17888888888888888,0.42148148148148146,1,0,0
flow,0.3,0.8,0,registered,during_vibration,flow_dump_0.3_0.8.shear.wave,1957,195700,195.70000000000002,0.19569999999999999,158683.45183699526,1210.1253683789707,0.007626033807369217,7.626033807369217e+17,107,0.0006742984146192752,6.742984146192752e+26,1016.7547649701557,13.038938321573417,90.90155460158839,23.73957695886073,0.0,65.6905335267917,0.006407440430616539,8.216949007995763e-05,0.0005728483565820423,0.00014960335614104731,0.0,0.000413972173949626,5404,2422,5674,0.1794074074074074,0.4202962962962963,1,0,0
flow,0.3,0.8,0,registered,during_vibration,flow_dump_0.3_0.8.shear.wave,1958,195800,195.8,0.1958,158683.4518369953,1176.6812549404306,0.007415273875874311,7.41527387587431e+17,99,0.0006238835798813853,6.238835798813853e+26,982.5307063364709,14.733515140639454,101.08854835196863,23.07510890970314,0.0,55.25337620164858,0.006191765398106904,9.284846636544176e-05,0.000637045307382209,0.0001454159752801863,0.0,0.00034819872873957024,5402,2479,5619,0.18362962962962964,0.4162222222222222,1,0,0
flow,0.3,0.8,0,registered,during_vibration,flow_dump_0.3_0.8.shear.wave,1959,195900,195.9,0.1959,158683.45183699526,1163.1303175521482,0.007329877842252594,7.329877842252594e+17,92,0.0005797705994857318,5.7977059948573184e+26,968.3794018314743,8.666708046049578,93.20210872811336,21.008569980699313,0.0,71.87352896581135,0.006102585938363786,5.461633173289108e-05,0.0005873461135938331,0.00013239294795704338,0.0,0.0004529365106050387,5399,2573,5528,0.1905925925925926,0.4094814814814815,1,0,0
flow,0.3,0.8,0,registered,during_vibration,flow_dump_0.3_0.8.shear.wave,1960,196000,196.0,0.19599999999999998,158683.45183699526,1158.279298835472,0.007299307428888639,7.299307428888639e+17,92,0.0005797705994857318,5.7977059948573184e+26,960.1133537781011,7.375455366232472,101.11011078382698,6.519235669163776,0.0,83.16114323814769,0.006050494507545503,4.647904542566151e-05,0.0006371811906870449,4.108327360978096e-05,0.0,0.000524069411620649,5383,2587,5530,0.19162962962962962,0.4096296296296296,1,0,0
flow,0.3,0.8,0,registered,during_vibration,flow_dump_0.3_0.8.shear.wave,1961,196100,196.1,0.1961,158683.45183699526,1208.8191128290327,0.00761780197515977,7.61780197515977e+17,106,0.0006679965602770389,6.679965602770389e+26,998.9902785886173,14.957675322393962,108.32027813648921,17.16258703555979,0.0,69.38829374597262,0.006295491224975446,9.426109118018788e-05,0.0006826186151266692,0.00010815612363404944,0.0,0.00043727492024341964,5397,2543,5560,0.18837037037037038,0.41185185185185186,1,0,0
flow,0.3,0.8,0,registered,during_vibration,flow_dump_0.3_0.8.shear.wave,1962,196200,196.20000000000002,0.19619999999999999,158683.4518369953,1253.860142934633,0.007901643986309537,7.901643986309537e+17,112,0.000705807686330456,7.058076863304561e+26,1027.8239976929744,18.92963811986575,106.0275817006752,36.13301096427266,0.0,64.94591445684458,0.006477197122916056,0.00011929182218263615,0.000668170376137205,0.0002277049720432704,0.0,0.00040927969303036776,5352,2448,5700,0.18133333333333335,0.4222222222222222,1,0,0
flow,0.3,0.8,0,registered,during_vibration,flow_dump_0.3_0.8.shear.wave,1963,196300,196.3,0.1963,158683.45183699526,1132.2734423871022,0.0071354223095059085,7.135422309505908e+17,90,0.0005671668908012594,5.671668908012594e+26,921.7858167364511,30.09868387859045,97.42509494324469,14.748452633939225,0.0,68.215394194876,0.005808959951812361,0.00018967752169589042,0.0006139587576108621,9.294260027245507e-05,0.0,0.00042988347811433446,5356,2430,5714,0.18,0.4232592592592593,1,0,0
flow,0.3,0.8,0,registered,during_vibration,flow_dump_0.3_0.8.shear.wave,1964,196400,196.4,0.1964,158683.45183699526,1276.607859560666,0.008044996783105263,8.044996783105263e+17,102,0.000642789142908094,6.42789142908094e+26,1029.1580402095435,30.838092171124686,117.04035553288644,18.463072591425203,0.0,81.10829905568626,0.006485604064541826,0.00019433716505488276,0.0007375712727317909,0.00011635159418129538,0.0,0.00051113268659547,5370,2426,5704,0.1797037037037037,0.4225185185185185,1,0,0
flow,0.3,0.8,0,registered,during_vibration,flow_dump_0.3_0.8.shear.wave,1965,196500,196.5,0.19649999999999998,158683.45183699526,1233.2737768103575,0.00777191170555841,7.77191170555841e+17,100,0.0006301854342236216,6.301854342236216e+26,992.1919831944281,30.042610488881664,117.40207342281714,10.43303262100528,0.0,83.20407708322475,0.006252649357625769,0.0001893241553614702,0.0007398507661871153,6.574745192537422e-05,0.0,0.0005243399744586767,5382,2441,5677,0.18081481481481482,0.4205185185185185,1,0,0
flow,0.3,0.8,0,registered,during_vibration,flow_dump_0.3_0.8.shear.wave,1966,196600,196.6,0.1966,158683.4518369953,1238.0905117788593,0.007802266067735062,7.802266067735062e+17,101,0.0006364872885658577,6.364872885658577e+26,943.1804440242088,25.106794681757087,115.92009119613891,44.237383061948876,0.0,109.64579881480465,0.005943785776686241,0.000158219363084864,0.000730511530056806,0.0002787775445381093,0.0,0.0006909718533690351,5383,2480,5637,0.1837037037037037,0.41755555555555557,1,0,0
flow,0.3,0.8,0,registered,during_vibration,flow_dump_0.3_0.8.shear.wave,1967,196700,196.70000000000002,0.19669999999999999,158683.45183699526,1198.6990636535752,0.007554026899319769,7.55402689931977e+17,102,0.000642789142908094,6.42789142908094e+26,1007.5679732423888,8.711495580890354,93.52862470202979,34.14740687380596,0.0,54.74356325445989,0.006349546607275692,5.4898576253805485e-05,0.0005894037697018678,0.00021519198428380092,0.0,0.00034498596180460104,5384,2466,5650,0.18266666666666667,0.4185185185185185,1,0,0
flow,0.3,0.8,0,registered,during_vibration,flow_dump_0.3_0.8.shear.wave,1968,196800,196.8,0.1968,158683.45183699526,1185.6026741947308,0.007471495360540934,7.471495360540934e+17,101,0.0006364872885658578,6.364872885658577e+26,997.3192266923804,7.259413953513441,109.97087596917642,34.03685394236406,0.0,37.016303637296716,0.006284960499327042,4.5747769345038855e-05,0.0006930204422458747,0.00021449529581274681,0.0,0.00023327135381023253,5379,2393,5728,0.17725925925925926,0.4242962962962963,1,0,0
flow,0.3,0.8,0,registered,during_vibration,flow_dump_0.3_0.8.shear.wave,1969,196900,196.9,0.1969,158683.45183699526,1197.11215836186,0.007544026453316457,7.544026453316457e+17,99,0.0006238835798813854,6.238835798813854e+26,975.9524931247056,17.242122231748482,112.28887235081758,22.48989275729022,3.6118502614306127,65.52692763586809,0.0061503104566141865,0.00010865734285551176,0.0007076281178088079,0.00014172802832895621,2.276135425350352e-05,0.00041294115345549365,5364,2395,5741,0.1774074074074074,0.4252592592592593,1,0,0
flow,0.3,0.8,0,registered,during_vibration,flow_dump_0.3_0.8.shear.wave,1970,197000,197.0,0.19699999999999998,158683.45183699526,1342.8970661125309,0.008462741707257528,8.462741707257528e+17,105,0.0006616947059348027,6.616947059348027e+26,1087.5112569170622,13.282297590380129,109.5826614791358,30.30054429453626,4.103966898167803,98.11633893324841,0.006853337536633553,8.370310474481064e-05,0.0006905739710760932,0.00019094961663464413,2.5862601617612462e-05,0.0006183148765508118,5384,2438,5678,0.18059259259259258,0.4205925925925926,1,0,0
flow,0.3,0.8,0,registered,during_vibration,flow_dump_0.3_0.8.shear.wave,1971,197100,197.1,0.1971,158683.45183699526,1216.685495725845,0.007667374774375739,7.667374774375739e+17,109,0.0006869021233037475,6.869021233037475e+26,989.2629450154639,23.065946498381543,101.87899648772697,27.050784165680682,3.066654113429463,72.36016944516302,0.006234190985659088,0.00014535823509861397,0.0006420265963988504,0.00017047010165538947,1.9325607540852013e-05,0.000456003248022949,5382,2502,5616,0.18533333333333332,0.416,1,0,0
flow,0.3,0.8,0,registered,during_vibration,flow_dump_0.3_0.8.shear.wave,1972,197200,197.20000000000002,0.1972,158683.45183699526,1118.6636821094191,0.007049655582603197,7.049655582603196e+17,95,0.0005986761625124405,5.986761625124405e+26,927.2928624971171,7.240045257852337,107.4108092767188,6.166617679685306,0.0,70.55334739804542,0.005843664552052107,4.562571064618347e-05,0.0006768872748435964,3.886112640163546e-05,0.0,0.00044461691865967275,5364,2556,5580,0.18933333333333333,0.41333333333333333,1,0,0
flow,0.3,0.8,0,registered,during_vibration,flow_dump_0.3_0.8.shear.wave,1973,197300,197.3,0.1973,158683.45183699526,1204.0909905865083,0.007588006037475094,7.588006037475094e+17,100,0.0006301854342236216,6.301854342236216e+26,976.9979897896678,12.500043302448482,104.27781853011244,29.94848449004536,0.0,80.36665447423472,0.006156899024312073,7.87734521636757e-05,0.0006571436235029092,0.0001887309870269863,0.0,0.0005064589504694537,5375,2537,5588,0.1879259259259259,0.4139259259259259,1,0,0
flow,0.3,0.8,0,registered,during_vibration,flow_dump_0.3_0.8.shear.wave,1974,197400,197.4,0.1974,158683.45183699526,1316.9524057558015,0.008299242236730628,8.299242236730628e+17,109,0.0006869021233037475,6.869021233037475e+26,1088.1595289401903,25.56188492471353,98.9341245477496,18.106076635894766,0.0,86.1907907072535,0.006857422852497454,0.00016108727550854843,0.0006234684423765745,0.00011410185766877512,0.0,0.0005431618086792784,5348,2474,5678,0.18325925925925926,0.4205925925925926,1,0,0
flow,0.3,0.8,0,registered,during_vibration,flow_dump_0.3_0.8.shear.wave,1975,197500,197.5,0.19749999999999998,158683.45183699526,1188.6125107458895,0.007490462912080275,7.490462912080275e+17,103,0.0006490909972503302,6.490909972503302e+26,974.2791096927224,17.38836020933509,105.33934632457498,22.80481211738288,0.0,68.80088240187445,0.0061397650379671175,0.00010957891328956577,0.0006638332170438474,0.00014371260426581037,0.0,0.00043357313951393575,5348,2416,5736,0.17896296296296296,0.42488888888888887,1,0,0
flow,0.3,0.8,0,registered,during_vibration,flow_dump_0.3_0.8.shear.wave,1976,197600,197.6,0.1976,158683.45183699526,1207.0191639576594,0.007606458959548903,7.606458959548902e+17,99,0.0006238835798813854,6.238835798813854e+26,985.3755598761865,24.043456867115296,112.17046418670284,13.701680984403572,0.0,71.72800204325128,0.006209693250739188,0.0001515183630603997,0.0007068819268056253,8.634599780749903e-05,0.0,0.00045201942113619125,5324,2409,5767,0.17844444444444443,0.42718518518518517,1,0,0
flow,0.3,0.8,0,registered,during_vibration,flow_dump_0.3_0.8.shear.wave,1977,197700,197.70000000000002,0.1977,158683.4518369953,1122.8188601901156,0.007075840909633798,7.075840909633798e+17,95,0.0005986761625124404,5.986761625124404e+26,870.8718511080459,23.024483097799205,112.7645413070458,9.470385769844672,0.0,106.68759890738004,0.0054881075564365295,0.00014509693878761025,0.0007106257142860816,5.96809916863477e-05,0.0,0.0006723297084372285,5357,2440,5703,0.18074074074074073,0.42244444444444446,1,0,0
flow,0.3,0.8,0,registered,during_vibration,flow_dump_0.3_0.8.shear.wave,1978,197800,197.8,0.1978,158683.45183699526,1175.8598762118197,0.0074100976667667955,7.410097666766796e+17,99,0.0006238835798813854,6.238835798813854e+26,894.3489247015168,39.59503086099781,127.5297272789343,13.270844569987759,0.0,101.115348800383,0.005636056654604545,0.000249522117162356,0.0008036737656169525,8.363092947851927e-05,0.0,0.0006372141999044232,5370,2436,5694,0.18044444444444444,0.42177777777777775,1,0,0
flow,0.3,0.8,0,registered,during_vibration,flow_dump_0.3_0.8.shear.wave,1979,197900,197.9,0.1979,158683.45183699526,1162.1415028711533,0.0073236464761615,7.3236464761615e+17,107,0.0006742984146192752,6.742984146192752e+26,967.8825667318731,12.492602425693489,92.47882104540204,25.026050483124706,0.0,64.2614621850602,0.006099454955933989,7.87265608421872e-05,0.0005827880599698529,0.00015771052490610218,0.0,0.00040496637450937,5376,2503,5621,0.1854074074074074,0.4163703703703704,1,0,0
flow,0.3,0.8,0,registered,during_vibration,flow_dump_0.3_0.8.shear.wave,1980,198000,198.0,0.19799999999999998,158683.45183699526,1226.6621363109182,0.007730246110167713,7.730246110167713e+17,101,0.0006364872885658578,6.364872885658577e+26,1029.1989866170968,10.494305366596198,99.89058316175174,28.714562379899533,0.0,58.36369878557357,0.006485862102838065,6.613358384323707e-05,0.000629495905246393,0.00018095498961918257,0.0,0.00036779952862083334,5358,2408,5734,0.17837037037037037,0.42474074074074075,1,0,0
flow,0.3,0.8,0,registered,during_vibration,flow_dump_0.3_0.8.shear.wave,1981,198100,198.1,0.1981,158683.4518369953,1232.6883105982733,0.007768222182767553,7.768222182767553e+17,101,0.0006364872885658577,6.364872885658577e+26,1010.0035265918169,13.072039303542962,114.58100626104775,41.57191086007027,0.0,53.45982758179537,0.0063648951097265314,8.237808764691467e-05,0.0007220728118439787,0.0002619801269685907,0.0,0.00033689604658153653,5370,2376,5754,0.176,0.4262222222222222,1,0,0
flow,0.3,0.8,0,registered,during_vibration,flow_dump_0.3_0.8.shear.wave,1982,198200,198.20000000000002,0.1982,158683.45183699526,1170.2276752808052,0.007374604356873335,7.374604356873335e+17,103,0.0006490909972503302,6.490909972503302e+26,963.6551567369629,15.575426625393787,111.35619437492214,23.20688168587139,6.158502298310779,50.27551355934394,0.006072814433901151,9.815406991141941e-05,0.0007017505170565032,0.00014624638812187074,3.88099844502815e-05,0.0003168289634321074,5360,2399,5741,0.1777037037037037,0.4252592592592593,1,0,0
flow,0.3,0.8,0,registered,during_vibration,flow_dump_0.3_0.8.shear.wave,1983,198300,198.3,0.1983,158683.45183699526,1183.5694634070412,0.007458682362309851,7.458682362309851e+17,99,0.0006238835798813854,6.238835798813854e+26,981.2581842157427,9.486694090531909,104.78569084912203,25.669839410316506,3.550802101224283,58.81825274010361,0.006183746149054803,5.978376434788516e-05,0.0006603441608817615,0.0001617675889524094,2.237663764002173e-05,0.00037066406143296916,5362,2455,5683,0.18185185185185185,0.420962962962963,1,0,0
flow,0.3,0.8,0,registered,during_vibration,flow_dump_0.3_0.8.shear.wave,1984,198400,198.4,0.1984,158683.45183699526,1166.5376849875922,0.007351350575521241,7.351350575521242e+17,91,0.0005734687451434957,5.734687451434957e+26,997.454456172511,12.876712829674165,78.56843154039596,18.281107480619628,6.695457821790555,52.66151914260031,0.006285812695813601,8.114716865941093e-05,0.0004951268114655331,0.00011520487655762977,4.2193799947510245e-05,0.00033186522307755137,5354,2525,5621,0.18703703703703703,0.4163703703703704,1,0,0
flow,0.3,0.8,0,registered,during_vibration,flow_dump_0.3_0.8.shear.wave,1985,198500,198.5,0.19849999999999998,158683.4518369953,1064.870579285273,0.006710659283988491,6.71065928398849e+17,84,0.000529355764747842,5.29355764747842e+26,910.4649359039132,6.997683114383066,79.83226225430664,0.0,0.0,67.57569801266978,0.005737617409779893,4.409837971996796e-05,0.0005030912885378426,0.0,0.0,0.00042585220595078616,5334,2541,5625,0.18822222222222224,0.4166666666666667,1,0,0
flow,0.3,0.8,0,registered,during_vibration,flow_dump_0.3_0.8.shear.wave,1986,198600,198.6,0.1986,158683.45183699526,1196.0097693837029,0.007537079358547623,7.537079358547624e+17,99,0.0006238835798813854,6.238835798813854e+26,985.705142160608,20.05183908845301,110.35883261074976,14.912799469245414,0.0,64.98115605464716,0.0062117702302893945,0.0001263637692293895,0.0006954652884921731,9.397829009016215e-05,0.0,0.0004095017804465074,5341,2493,5666,0.18466666666666667,0.4197037037037037,1,0,0
flow,0.3,0.8,0,registered,during_vibration,flow_dump_0.3_0.8.shear.wave,1987,198700,198.70000000000002,0.1987,158683.45183699526,1236.1472975028505,0.007790020214411902,7.790020214411903e+17,110,0.0006932039776459838,6.932039776459838e+26,1030.3770197972997,21.95276078361984,100.69013166366376,19.790689509371113,0.0,63.33669574889632,0.006493285896350024,0.0001383431008683276,0.0006345345434449958,0.00012471804262047907,0.0,0.00039913863112807634,5318,2422,5760,0.1794074074074074,0.4266666666666667,1,0,0
flow,0.3,0.8,0,registered,during_vibration,flow_dump_0.3_0.8.shear.wave,1988,198800,198.8,0.1988,158683.45183699526,1112.7029927890528,0.007012092186726926,7.012092186726926e+17,100,0.0006301854342236216,6.301854342236216e+26,894.7799619448604,16.55289009548148,101.47429648423193,18.622662742914265,0.0,81.27318152156485,0.0056387729885281745,0.00010431390232476882,0.0006394762359245221,0.00011735730807043487,0.0,0.0005121717518790257,5333,2444,5723,0.18103703703703702,0.42392592592592593,1,0,0
flow,0.3,0.8,0,registered,during_vibration,flow_dump_0.3_0.8.shear.wave,1989,198900,198.9,0.1989,158683.4518369953,1121.6178358257903,0.007068272229028343,7.068272229028343e+17,99,0.0006238835798813853,6.238835798813853e+26,931.1304859649866,12.795589126677609,99.65825856357847,17.467107162055388,0.0,60.56639500849203,0.005867848696166968,8.063593889942379e-05,0.0006280318294685864,0.00011007516511550404,0.0,0.0003816805993778593,5321,2404,5775,0.17807407407407408,0.42777777777777776,1,0,0
flow,0.3,0.8,0,registered,during_vibration,flow_dump_0.3_0.8.shear.wave,1990,199000,199.0,0.19899999999999998,158683.45183699526,1157.8763435310773,0.007296768063253912,7.296768063253912e+17,98,0.0006175817255391491,6.1758172553914915e+26,931.8252607099944,0.0,113.55938638668233,24.340546456614724,0.0,88.15114997778605,0.005872227065410672,0.0,0.0007156347122025942,0.00015339057838001984,0.0,0.0005555157072606269,5310,2447,5743,0.18125925925925926,0.4254074074074074,1,0,0
flow,0.3,0.8,0,registered,during_vibration,flow_dump_0.3_0.8.shear.wave,1991,199100,199.1,0.1991,158683.45183699526,1189.8516883351738,0.007498272028752108,7.498272028752108e+17,100,0.0006301854342236216,6.301854342236216e+26,987.6533023471699,23.315066993831163,99.47441504862128,19.2605528927606,0.0,60.14835105279055,0.00622404725202045,0.0001469281561746032,0.0006268732744155616,0.0001213771988811137,0.0,0.00037904614726037644,5326,2471,5703,0.18303703703703703,0.42244444444444446,1,0,0
flow,0.3,0.8,0,registered,during_vibration,flow_dump_0.3_0.8.shear.wave,1992,199200,199.20000000000002,0.1992,158683.45183699526,1224.2737157728532,0.007715194631828822,7.715194631828822e+17,101,0.0006364872885658578,6.364872885658577e+26,1025.4013396244427,9.54482836625306,108.84557059829116,30.512040543583485,0.0,49.9699366402822,0.006461929884647127,6.0150118085771255e-05,0.0006859289317080198,0.00019228243519006907,0.0,0.00031490326219783094,5319,2472,5709,0.1831111111111111,0.42288888888888887,1,0,0
flow,0.3,0.8,0,registered,during_vibration,flow_dump_0.3_0.8.shear.wave,1993,199300,199.3,0.19929999999999998,158683.45183699526,1192.4757745044903,0.0075148086375726175,7.514808637572617e+17,95,0.0005986761625124405,5.986761625124405e+26,970.9368518269496,0.0,126.01140603814221,39.82638664286914,0.0,55.70112999653007,0.006118702615722824,0.0,0.0007941055263127574,0.0002509800876009433,0.0,0.00035102040793609697,5298,2393,5809,0.17725925925925926,0.4302962962962963,1,0,0
flow,0.3,0.8,0,registered,during_vibration,flow_dump_0.3_0.8.shear.wave,1994,199400,199.4,0.1994,158683.45183699526,1173.3581616452677,0.007394332225962534,7.394332225962534e+17,92,0.0005797705994857318,5.7977059948573184e+26,957.0079413729604,6.190443596381787,113.39759217106524,42.79129433762066,0.0,53.970890167239624,0.006030924650895732,3.901127385822694e-05,0.000714615108622359,0.00026966450403144275,0.0,0.00034011668855477294,5288,2379,5833,0.17622222222222222,0.43207407407407405,1,0,0
flow,0.3,0.8,0,registered,during_vibration,flow_dump_0.3_0.8.shear.wave,1995,199500,199.5,0.19949999999999998,158683.45183699526,1145.2797114359132,0.00721738592258745,7.21738592258745e+17,98,0.0006175817255391491,6.1758172553914915e+26,948.0810881432856,14.476653950362767,97.73654830923614,24.909038831382915,0.0,60.07638220164556,0.0059746689221078005,9.122976455814468e-05,0.0006159214913577395,0.00015697313452048094,0.0,0.00037859261004328257,5317,2417,5766,0.17903703703703705,0.4271111111111111,1,0,0
flow,0.3,0.8,0,registered,during_vibration,flow_dump_0.3_0.8.shear.wave,1996,199600,199.6,0.1996,158683.4518369953,1191.648592222635,0.007509595855317885,7.509595855317885e+17,105,0.0006616947059348026,6.616947059348026e+26,1012.446049676353,10.761896507634713,93.2553912315629,24.95327953944168,3.5486387436854816,46.6833365239566,0.006380287534432828,6.781990423733457e-05,0.0005876818921695617,0.00015725193301866465,2.236300447592202e-05,0.0002941915869835704,5311,2485,5704,0.18407407407407408,0.4225185185185185,1,0,0
flow,0.3,0.8,0,registered,during_vibration,flow_dump_0.3_0.8.shear.wave,1997,199700,199.70000000000002,0.1997,158683.45183699526,1098.0082760560736,0.006919488222275269,6.919488222275269e+17,90,0.0005671668908012594,5.671668908012594e+26,902.1577409444069,12.919565593414688,100.72893110671548,22.551217523054724,0.0,59.65082088848198,0.0056852666771525255,8.141722053466596e-05,0.0006347790518836676,0.00014211448807037585,0.0,0.00037591078463403496,5328,2557,5615,0.1894074074074074,0.4159259259259259,1,0,0
flow,0.3,0.8,0,registered,during_vibration,flow_dump_0.3_0.8.shear.wave,1998,199800,199.8,0.19979999999999998,158683.45183699526,1137.9436538928,0.0071711551565044876,7.171155156504488e+17,93,0.0005860724538279681,5.860724538279681e+26,973.7199589232788,3.9878346706042755,90.40037267941733,20.99385059509455,0.0,48.84163702440488,0.006136241351262734,2.5130753235067684e-05,0.0005696899811095582,0.00013230018853295494,0.0,0.000307792882364171,5325,2528,5647,0.18725925925925926,0.4182962962962963,1,0,0
flow,0.3,0.8,0,registered,during_vibration,flow_dump_0.3_0.8.shear.wave,1999,199900,199.9,0.1999,158683.45183699526,1233.8172284709462,0.0077753364587654855,7.775336458765486e+17,107,0.0006742984146192752,6.742984146192752e+26,1008.4601864937164,16.83773046512919,110.56755901157675,19.125222919523047,0.0,78.82652958100067,0.0063551692052277705,0.00010610892484507741,0.000696780651867564,0.00012052436910163191,0.0,0.0004967533077234406,5325,2467,5708,0.18274074074074073,0.4228148148148148,1,0,0
flow,0.3,0.8,0,registered,during_vibration,flow_dump_0.3_0.8.shear.wave,2000,200000,200.0,0.19999999999999998,158683.4518369953,1191.2610879826718,0.007507153860040638,7.507153860040637e+17,101,0.0006364872885658577,6.364872885658577e+26,975.2948938428303,23.235363536213985,101.50355915793072,13.900455872257401,0.0,77.32681557343966,0.006146166361724248,0.00014642587659412711,0.0006396606450318362,8.75986481976482e-05,0.0,0.0004873023284927797,5301,2412,5787,0.17866666666666667,0.42866666666666664,1,0,0
flow,0.3,0.8,0,registered,during_vibration,flow_dump_0.3_0.8.shear.wave,2001,200100,200.1,0.2001,158683.45183699526,1167.6911002858262,0.007358619230726819,7.358619230726819e+17,102,0.000642789142908094,6.42789142908094e+26,964.9287197202123,18.07352847414357,110.11950006372341,13.464903069471815,0.0,61.104448958275135,0.006080840242317252,0.00011389674389431154,0.0006939570496414566,8.485385787614071e-05,0.0,0.0003850713369976574,5305,2409,5786,0.17844444444444443,0.4285925925925926,1,0,0
flow,0.3,0.8,0,registered,during_vibration,flow_dump_0.3_0.8.shear.wave,2002,200200,200.20000000000002,0.2002,158683.45183699526,1143.3179936004667,0.007205023462527899,7.205023462527899e+17,99,0.0006238835798813854,6.238835798813854e+26,941.7375803806588,24.691332442483844,106.43274401481325,7.230975581091763,0.0,63.22536118141877,0.005934693060168882,0.00015560118056826477,0.0006707236500258665,4.556855486430717e-05,0.0,0.000398437016900577,5317,2427,5756,0.1797777777777778,0.42637037037037034,1,0,0
flow,0.3,0.8,0,registered,during_vibration,flow_dump_0.3_0.8.shear.wave,2003,200300,200.3,0.20029999999999998,158683.45183699526,1196.5556861097648,0.0075405196462382555,7.540519646238255e+17,105,0.0006616947059348027,6.616947059348027e+26,985.4490578975713,18.453101188796495,113.00367737403185,10.723020883421997,0.0,68.92682876594303,0.006210156424564398,0.00011628875585434147,0.000712132714948203,6.757491571608254e-05,0.0,0.0004343668351552302,5341,2441,5718,0.18081481481481482,0.4235555555555556,1,0,0
flow,0.3,0.8,0,registered,during_vibration,flow_dump_0.3_0.8.shear.wave,2004,200400,200.4,0.2004,158683.4518369953,1207.9006504752153,0.0076120139591871845,7.612013959187185e+17,105,0.0006616947059348026,6.616947059348026e+26,999.9743422625045,27.582055536125413,101.67498672843108,18.704128718262986,0.0,59.965137229891695,0.0063016926509117666,0.00017381809644813237,0.0006407409566113729,0.00011787069478093069,0.0,0.0003778915604349835,5334,2483,5683,0.18392592592592594,0.420962962962963,1,0,0
flow,0.3,0.8,0,registered,during_vibration,flow_dump_0.3_0.8.shear.wave,2005,200500,200.5,0.20049999999999998,158683.45183699526,1184.6436094500202,0.007465451474214994,7.465451474214994e+17,103,0.0006490909972503302,6.490909972503302e+26,972.4720777556294,23.891382510340346,94.14187964354704,33.85157659627224,0.0,60.286692944231014,0.006128377385907788,0.0001505600126148147,0.0005932684130179662,0.00021332770496476007,0.0,0.00037991795770966365,5288,2407,5805,0.17829629629629629,0.43,1,0,0
flow,0.3,0.8,0,registered,during_vibration,flow_dump_0.3_0.8.shear.wave,2006,200600,200.6,0.2006,158683.45183699526,1229.0967315773864,0.007745588574919294,7.745588574919293e+17,101,0.0006364872885658578,6.364872885658577e+26,981.9990813942302,22.376706221847396,118.32577433771262,42.75249404861263,0.0,63.642675574983414,0.006188415175156205,0.00014101474326909315,0.0007456717948085769,0.0002694199902616775,0.0,0.00040106687142373997,5302,2405,5793,0.17814814814814814,0.4291111111111111,1,0,0
flow,0.3,0.8,0,registered,during_vibration,flow_dump_0.3_0.8.shear.wave,2007,200700,200.70000000000002,0.2007,158683.45183699526,1101.7401795458738,0.006943006134487274,6.943006134487273e+17,97,0.000611279871196913,6.112798711969129e+26,891.1618623853301,23.625231497065457,94.16088632884028,23.02101087452472,0.0,69.77118846011324,0.005615972252108306,0.00014888276769611778,0.0005933881903802128,0.00014507505734229076,0.0,0.000439687866960346,5317,2393,5790,0.17725925925925926,0.4288888888888889,1,0,0
flow,0.3,0.8,0,registered,during_vibration,flow_dump_0.3_0.8.shear.wave,2008,200800,200.8,0.20079999999999998,158683.4518369953,1159.1935657539607,0.007305069005838878,7.305069005838877e+17,99,0.0006238835798813853,6.238835798813853e+26,992.0696199665864,8.493900460889519,89.446225081329,27.645173629010106,0.0,41.5386466161455,0.006251878242387064,5.35273235019788e-05,0.000563677081925411,0.00017421585747585144,0.0,0.00026177050054857214,5319,2451,5730,0.18155555555555555,0.42444444444444446,1,0,0
flow,0.3,0.8,0,registered,during_vibration,flow_dump_0.3_0.8.shear.wave,2009,200900,200.9,0.2009,158683.45183699526,1146.9300170265965,0.007227785908040114,7.227785908040114e+17,95,0.0005986761625124405,5.986761625124405e+26,961.5678524787558,11.033310338002334,97.04754961281235,28.512398467965575,0.0,48.76890612905972,0.006059660546498,6.953031466277974e-05,0.0006115795219308861,0.0001796809820929181,0.0,0.00030733454285552543,5304,2521,5675,0.18674074074074073,0.4203703703703704,1,0,0
flow,0.3,0.8,0,registered,during_vibration,flow_dump_0.3_0.8.shear.wave,2010,201000,201.0,0.20099999999999998,158683.45183699526,1101.8071695549518,0.006943428295766867,6.943428295766867e+17,93,0.0005860724538279681,5.860724538279681e+26,930.5868696139584,5.912127733109262,93.02626900431783,17.404310861016597,0.0,54.87759234254981,0.005864422905104731,3.725736782674976e-05,0.0005862379972668946,0.00010967943197312638,0.0,0.0003458305935953664,5324,2554,5622,0.18918518518518518,0.41644444444444445,1,0,0
flow,0.3,0.8,0,registered,during_vibration,flow_dump_0.3_0.8.shear.wave,2011,201100,201.1,0.2011,158683.45183699526,1209.8622591704157,0.007624375731460802,7.624375731460801e+17,101,0.0006364872885658578,6.364872885658577e+26,1010.6769117897361,12.456431776573313,95.75476342677014,20.12779841360214,0.0,70.84635376373367,0.006369138685160037,7.849861867996771e-05,0.000603432571690793,0.00012684245383241387,0.0,0.00044646340209758816,5326,2491,5683,0.18451851851851853,0.420962962962963,1,0,0
flow,0.3,0.8,0,registered,during_vibration,flow_dump_0.3_0.8.shear.wave,2012,201200,201.20000000000002,0.2012,158683.45183699526,1221.4119647133741,0.007697160293488245,7.697160293488244e+17,105,0.0006616947059348027,6.616947059348027e+26,1010.8238991108814,9.884181260611609,116.50034389918706,15.220856811708797,0.0,68.98268363098497,0.006370064977848051,6.22886705966351e-05,0.0007341681980731045,9.591962259142277e-05,0.0,0.00043471882437902973,5317,2416,5767,0.17896296296296296,0.42718518518518517,1,0,0
flow,0.3,0.8,0,registered,during_vibration,flow_dump_0.3_0.8.shear.wave,2013,201300,201.3,0.20129999999999998,158683.45183699526,1136.1833780765899,0.00716006215470857,7.16006215470857e+17,101,0.0006364872885658578,6.364872885658577e+26,935.076918576565,18.12694754473745,90.89938105327204,11.527625632340243,0.0,80.55250526967544,0.005892718539656587,0.00011423338309629182,0.0005728346591971468,7.264541764683687e-05,0.0,0.0005076301551117098,5325,2402,5773,0.17792592592592593,0.42762962962962964,1,0,0
flow,0.3,0.8,0,registered,during_vibration,flow_dump_0.3_0.8.shear.wave,2014,201400,201.4,0.2014,158683.45183699526,1112.1616804951107,0.0070086809154968404,7.008680915496841e+17,93,0.0005860724538279681,5.860724538279681e+26,906.8764733980674,14.728651298762728,114.85605440031463,18.28090433534301,0.0,57.41959706262299,0.0057150034417554774,9.281781514239098e-05,0.0007238061251547418,0.0001152035963656862,0.0,0.00036184993707854456,5320,2381,5799,0.17637037037037037,0.4295555555555556,1,0,0
flow,0.3,0.8,0,registered,during_vibration,flow_dump_0.3_0.8.shear.wave,2015,201500,201.5,0.20149999999999998,158683.4518369953,1159.329768966934,0.00730592733864798,7.30592733864798e+17,99,0.0006238835798813853,6.238835798813853e+26,926.9968797110622,17.728726648144708,109.49895896990833,17.834691706466494,0.0,87.27051193135141,0.005841799311646579,0.00011172385300992962,0.000690046490054862,0.00011239162937284009,0.0,0.0005499660545637642,5332,2435,5733,0.18037037037037038,0.4246666666666667,1,0,0
flow,0.3,0.8,0,registered,during_vibration,flow_dump_0.3_0.8.shear.wave,2016,201600,201.6,0.2016,158683.45183699526,1244.590434229154,0.00784322763225265,7.84322763225265e+17,105,0.0006616947059348027,6.616947059348027e+26,1006.6450539568435,25.47200718432496,106.73684874514359,36.20130064009505,0.0,69.53522370274648,0.006343730504368544,0.00016052087908001032,0.0006726400737411933,0.0002281353236333817,0.0,0.0004382008514295195,5334,2472,5694,0.1831111111111111,0.42177777777777775,1,0,0
flow,0.3,0.8,0,registered,during_vibration,flow_dump_0.3_0.8.shear.wave,2017,201700,201.70000000000002,0.2017,158683.45183699526,1245.8208682756967,0.007850981648391693,7.850981648391693e+17,106,0.0006679965602770389,6.679965602770389e+26,1005.6931548980314,17.388006583865792,97.44790047072237,28.93204892398695,0.0,96.35975739908933,0.006337731775151398,0.00010957668479336655,0.0006141024747232244,0.0001823255581414178,0.0,0.0006072451555822794,5326,2462,5712,0.18237037037037038,0.4231111111111111,1,0,0
flow,0.3,0.8,0,registered,during_vibration,flow_dump_0.3_0.8.shear.wave,2018,201800,201.8,0.20179999999999998,158683.45183699526,1263.6775393874032,0.007963511788774883,7.963511788774884e+17,101,0.0006364872885658578,6.364872885658577e+26,1036.7530051909487,31.97007574429481,118.82863838490344,36.76207779320742,0.0,39.36374227404922,0.006533466427589026,0.00020147076065080496,0.0007488407707879209,0.00023166925957074974,0.0,0.0002480645701763844,5310,2409,5781,0.17844444444444443,0.4282222222222222,1,0,0
flow,0.3,0.8,0,registered,during_vibration,flow_dump_0.3_0.8.shear.wave,2019,201900,201.9,0.2019,158683.4518369953,1147.0086138137478,0.007228281213544508,7.228281213544508e+17,91,0.0005734687451434956,5.7346874514349555e+26,966.9265681821628,18.35845076188558,91.11049382984164,29.48188821917578,0.0,41.13121282068204,0.006093430392322324,0.0001156922826505184,0.0005741650611648735,0.0001857905652913356,0.0,0.000259202912115457,5297,2415,5788,0.17888888888888888,0.42874074074074076,1,0,0
flow,0.3,0.8,0,registered,during_vibration,flow_dump_0.3_0.8.shear.wave,2020,202000,202.0,0.20199999999999999,158683.45183699526,1186.399127847901,0.007476514495453554,7.476514495453554e+17,98,0.0006175817255391491,6.1758172553914915e+26,985.5019886935212,9.75805999969198,102.14668016248456,31.691984122913226,0.0,57.300414869289746,0.006210489986730692,6.149387278086043e-05,0.0006437134999269673,0.00019971826775906193,0.0,0.00036109886825597023,5324,2422,5754,0.1794074074074074,0.4262222222222222,1,0,0
flow,0.3,0.8,0,registered,during_vibration,flow_dump_0.3_0.8.shear.wave,2021,202100,202.1,0.2021,158683.45183699526,1136.4725908556895,0.0071618847315163695,7.16188473151637e+17,95,0.0005986761625124405,5.986761625124405e+26,985.2710380239128,0.0,88.78606671278885,10.808334139922291,0.0,51.60715197906526,0.0062090345692505785,0.0,0.0005595168600440628,6.811254743200923e-05,0.0,0.0003252207547897167,5312,2466,5722,0.18266666666666667,0.42385185185185187,1,0,0
flow,0.3,0.8,0,registered,during_vibration,flow_dump_0.3_0.8.shear.wave,2022,202200,202.20000000000002,0.2022,158683.45183699526,1089.7536606301824,0.006867468838210126,6.867468838210126e+17,84,0.0005293557647478421,5.293557647478421e+26,920.4950842964903,0.0,96.15070343770425,14.074546602183082,0.0,59.03332629380466,0.005800825943980929,0.0,0.0006059277279679632,8.869574261997344e-05,0.0,0.00037201942364126027,5321,2532,5647,0.18755555555555556,0.4182962962962963,1,0,0
flow,0.3,0.8,0,registered,during_vibration,flow_dump_0.3_0.8.shear.wave,2023,202300,202.3,0.20229999999999998,158683.4518369953,1143.9691932611875,0.007209127227937474,7.209127227937473e+17,93,0.000586072453827968,5.8607245382796806e+26,957.3639525295647,0.0,100.25788546304726,22.36044987148852,0.0,63.9869053970872,0.006033168181348862,0.0,0.0006318105908487254,0.00014091229811699513,0.0,0.00040323615762289186,5337,2528,5635,0.18725925925925926,0.4174074074074074,1,0,0
flow,0.3,0.8,0,registered,during_vibration,flow_dump_0.3_0.8.shear.wave,2024,202400,202.4,0.2024,158683.45183699526,1274.196010821556,0.008029797663655887,8.029797663655887e+17,104,0.0006553928515925665,6.553928515925665e+26,1067.1756579952794,15.867628990052431,107.60381465211384,21.407380605320153,0.0,62.14152857878973,0.006725185554266343,9.999548665195518e-05,0.0006781035666066045,0.00013490619442354016,0.0,0.00039160686170744196,5342,2465,5693,0.18259259259259258,0.4217037037037037,1,0,0
flow,0.3,0.8,0,registered,during_vibration,flow_dump_0.3_0.8.shear.wave,2025,202500,202.5,0.20249999999999999,158683.45183699526,1122.2892226270644,0.007072503210857273,7.072503210857274e+17,97,0.000611279871196913,6.112798711969129e+26,941.3778285295358,6.847622083083625,90.78902916951428,13.791839535082183,0.0,69.48290330984827,0.0059324259564037555,4.315271695827314e-05,0.000572139237699314,8.691416386158277e-05,0.0,0.00043787113593434646,5320,2423,5757,0.1794814814814815,0.42644444444444446,1,0,0
flow,0.3,0.8,0,registered,during_vibration,flow_dump_0.3_0.8.shear.wave,2026,202600,202.6,0.2026,158683.45183699526,1197.2089245669838,0.007544636259846397,7.544636259846397e+17,104,0.0006553928515925665,6.553928515925665e+26,1000.1903262907852,24.81391634045542,90.932935672617,16.05725806620859,0.0,65.21448819691808,0.0063030537507982425,0.0001563736864379852,0.000573046115520768,0.0001011905014689441,0.0,0.00041097220562046066,5307,2400,5793,0.17777777777777778,0.4291111111111111,1,0,0
flow,0.3,0.8,0,registered,during_vibration,flow_dump_0.3_0.8.shear.wave,2027,202700,202.70000000000002,0.2027,158683.4518369953,1075.783109970014,0.006779428462868912,6.779428462868913e+17,89,0.0005608650364590231,5.608650364590231e+26,882.6805252711467,12.88486886159223,104.8203075413734,7.73528632788118,0.0,67.6621219680208,0.005562524100987319,8.119856678456918e-05,0.0006605623102341394,4.874664773379844e-05,0.0,0.0004263968371290883,5310,2426,5764,0.1797037037037037,0.426962962962963,1,0,0
flow,0.3,0.8,0,registered,during_vibration,flow_dump_0.3_0.8.shear.wave,2028,202800,202.8,0.20279999999999998,158683.45183699526,1139.5781984936098,0.007181455818494679,7.181455818494679e+17,101,0.0006364872885658578,6.364872885658577e+26,914.1429185847253,8.570415190072666,111.26460406238165,16.934267124264792,0.0,88.66599353216556,0.005760795520907639,5.4009508180326654e-05,0.0007011733282477131,0.00010671728480963608,0.0,0.0005587601763493657,5320,2435,5745,0.18037037037037038,0.4255555555555556,1,0,0
flow,0.3,0.8,0,registered,during_vibration,flow_dump_0.3_0.8.shear.wave,2029,202900,202.9,0.2029,158683.45183699526,1153.5627979415078,0.00726958472724985,7.26958472724985e+17,105,0.0006616947059348027,6.616947059348027e+26,981.5836186032387,14.640501339548681,88.89417908435034,18.83603137573682,0.0,49.60846753863357,0.006185796989162758,9.226230693914999e-05,0.000560198168462237,0.00011870192611568468,0.0,0.0003126253365700223,5344,2479,5677,0.18362962962962964,0.4205185185185185,1,0,0
flow,0.3,0.8,0,registered,during_vibration,flow_dump_0.3_0.8.shear.wave,2030,203000,203.0,0.20299999999999999,158683.45183699526,1229.2920041679631,0.007746819154342139,7.746819154342139e+17,105,0.0006616947059348027,6.616947059348027e+26,1056.4578862324536,11.91450271798588,82.44330531439955,28.204450765756512,0.0,50.27185913736809,0.006657643717743682,7.508346068892451e-05,0.0005195457015838549,0.00017774034052857023,0.0,0.00031680593379711046,5308,2405,5787,0.17814814814814814,0.42866666666666664,1,0,0
flow,0.3,0.8,0,registered,during_vibration,flow_dump_0.3_0.8.shear.wave,2031,203100,203.1,0.2031,158683.45183699526,1172.7432513164447,0.007390457150636755,7.390457150636755e+17,100,0.0006301854342236216,6.301854342236216e+26,984.695028388127,10.434802162051836,93.77348267589443,35.13159955709951,0.0,48.708338533272105,0.006205404640426132,6.575860331530222e-05,0.0005909468289876979,0.00022139422321861148,0.0,0.0003069528546890124,5284,2402,5814,0.17792592592592593,0.43066666666666664,1,0,0
flow,0.3,0.8,0,registered,during_vibration,flow_dump_0.3_0.8.shear.wave,2032,203200,203.20000000000002,0.2032,158683.45183699526,1129.0880593064066,0.0071153484893071405,7.11534848930714e+17,96,0.0006049780168546768,6.049780168546768e+26,929.3879424679895,7.190515189269277,103.48058354594981,20.297565368903285,0.0,68.73145273429473,0.005856867440863883,4.531357936841206e-05,0.0006521195647561813,0.00012791230045684662,0.0,0.00043313560386181853,5298,2415,5787,0.17888888888888888,0.42866666666666664,1,0,0
flow,0.3,0.8,0,registered,during_vibration,flow_dump_0.3_0.8.shear.wave,2033,203300,203.3,0.20329999999999998,158683.45183699526,1205.2071751645278,0.007595040070104824,7.595040070104824e+17,106,0.0006679965602770389,6.679965602770389e+26,1022.6915627313322,0.0,90.03545534404299,29.009176137693515,3.5051028101199817,59.96587814133957,0.006444853265366787,0.0,0.0005673903252150722,0.0001828116026080191,2.208864736393897e-05,0.0003778962295510086,5306,2443,5751,0.18096296296296296,0.426,1,0,0
flow,0.3,0.8,0,registered,during_vibration,flow_dump_0.3_0.8.shear.wave,2034,203400,203.4,0.2034,158683.45183699526,1167.6577083064658,0.00735840879933669,7.35840879933669e+17,95,0.0005986761625124405,5.986761625124405e+26,990.8472450313668,4.299235503750356,83.73007189084547,21.657971047135412,0.0,67.12318483336773,0.006244175013593711,2.7093155927605283e-05,0.000527654717121075,0.00013648537888741655,0.0,0.0004230005338068825,5297,2483,5720,0.18392592592592594,0.4237037037037037,1,0,0
flow,0.3,0.8,0,registered,during_vibration,flow_dump_0.3_0.8.shear.wave,2035,203500,203.5,0.2035,158683.45183699526,1083.3519852281952,0.006827126412280527,6.827126412280527e+17,92,0.0005797705994857318,5.7977059948573184e+26,925.5373002380175,1.7285909407347673,90.65897460251286,7.086786669616318,0.0,58.34033277731366,0.005832601254406535,1.0893328325819578e-05,0.0005713196527615285,4.4659897346423324e-05,0.0,0.00036765227944021993,5306,2521,5673,0.18674074074074073,0.4202222222222222,1,0,0
flow,0.3,0.8,0,registered,during_vibration,flow_dump_0.3_0.8.shear.wave,2036,203600,203.6,0.2036,158683.45183699526,1229.0994764723685,0.007745605872847655,7.745605872847656e+17,108,0.0006806002689615113,6.806002689615113e+26,1050.5063798835588,6.577441579567541,97.19142988282537,27.90926040234281,0.0,46.91496472407411,0.006620138191616053,4.145007877900274e-05,0.0006124862344352298,0.0001758800938551053,0.0,0.00029565127416226534,5322,2482,5696,0.18385185185185185,0.4219259259259259,1,0,0
flow,0.3,0.8,0,registered,during_vibration,flow_dump_0.3_0.8.shear.wave,2037,203700,203.70000000000002,0.2037,158683.45183699526,1279.6234866448106,0.008064000825740046,8.064000825740046e+17,108,0.0006806002689615113,6.806002689615113e+26,1093.6170920479199,15.813176585603456,103.37043600354632,16.94169037409042,0.0,49.88109163365062,0.006891815620265927,9.96523355305332e-05,0.0006514254309877992,0.00010676406504878322,0.0,0.00031434337390700374,5290,2403,5807,0.178,0.43014814814814817,1,0,0
flow,0.3,0.8,0,registered,during_vibration,flow_dump_0.3_0.8.shear.wave,2038,203800,203.8,0.20379999999999998,158683.4518369953,1164.332210929664,0.007337451999252595,7.337451999252595e+17,98,0.000617581725539149,6.17581725539149e+26,974.2777281793545,16.225058790507855,90.88325213664936,10.25915449929835,0.0,72.68701732385288,0.0061397563318711,0.0001022479571919998,0.0005727330171138925,6.46516973290755e-05,0.0,0.0004580629957465213,5283,2400,5817,0.17777777777777778,0.4308888888888889,1,0,0
flow,0.3,0.8,0,registered,during_vibration,flow_dump_0.3_0.8.shear.wave,2039,203900,203.9,0.2039,158683.45183699526,1181.610070315568,0.007446334552448202,7.446334552448202e+17,101,0.0006364872885658578,6.364872885658577e+26,986.0888935809733,7.4725486359594795,113.86209064790839,15.990684559275365,0.0,58.1958528914515,0.006214188575844162,4.709091306909256e-05,0.0007175423103656151,0.00010077096492519907,0.0,0.00036674178824413367,5284,2395,5821,0.1774074074074074,0.43118518518518517,1,0,0
flow,0.3,0.8,0,registered,during_vibration,flow_dump_0.3_0.8.shear.wave,2040,204000,204.0,0.204,158683.45183699526,1118.5439266969515,0.007048900901437132,7.048900901437132e+17,101,0.0006364872885658578,6.364872885658577e+26,890.596407402491,19.393376885984296,104.49665639625137,15.561299182754276,0.0,88.49618682947106,0.005612408837169362,0.0001222142363395636,0.0006585227078598825,9.806504082567691e-05,0.0,0.0005576900792426496,5297,2410,5793,0.17851851851851852,0.4291111111111111,1,0,0
flow,0.3,0.8,0,registered,during_vibration,flow_dump_0.3_0.8.shear.wave,2041,204100,204.1,0.2041,158683.45183699526,1215.7277582529662,0.007661339252323556,7.661339252323556e+17,103,0.0006490909972503302,6.490909972503302e+26,1023.2053488533087,14.156281053759523,96.10119631219521,26.358637267248522,0.0,55.90629476645412,0.006448091070670545,8.921082122855072e-05,0.0006056157412741024,0.00016610829271803944,0.0,0.0003523133264323167,5313,2439,5748,0.18066666666666667,0.42577777777777776,1,0,0
flow,0.3,0.8,0,registered,during_vibration,flow_dump_0.3_0.8.shear.wave,2042,204200,204.20000000000002,0.2042,158683.4518369953,1219.0089966792034,0.007682017138947849,7.682017138947849e+17,109,0.0006869021233037474,6.869021233037473e+26,1005.2550687295633,7.887713076503995,98.32690278860396,28.007993588146434,0.0,79.53131849638567,0.006334971019928363,4.9707218901480076e-05,0.0006196418192970021,0.00017650229601078466,0.0,0.0005011947848102194,5302,2456,5742,0.18192592592592594,0.42533333333333334,1,0,0
flow,0.3,0.8,0,registered,during_vibration,flow_dump_0.3_0.8.shear.wave,2043,204300,204.3,0.20429999999999998,158683.45183699526,1052.3247732193781,0.00663159744155528,6.63159744155528e+17,95,0.0005986761625124405,5.986761625124405e+26,859.3894242103341,0.0,97.10351374177272,42.76656233610692,0.0,53.065272931164095,0.005415746974631775,0.0,0.0006119321997199845,0.0002695086465603112,0.0,0.0003344096206432064,5268,2389,5843,0.17696296296296296,0.4328148148148148,1,0,0
flow,0.3,0.8,0,registered,during_vibration,flow_dump_0.3_0.8.shear.wave,2044,204400,204.4,0.2044,158683.45183699526,1241.0531174039374,0.007820935976857795,7.820935976857796e+17,94,0.0005923743081702043,5.9237430817020434e+26,1045.1698286166768,14.13894560727919,105.8399815413932,33.3773700637702,0.0,42.526991574818226,0.006586508022842287,8.910157576987404e-05,0.0006669881472588297,0.00021033932446879532,0.0,0.0002679989065180112,5274,2396,5830,0.1774814814814815,0.4318518518518519,1,0,0
flow,0.3,0.8,0,registered,during_vibration,flow_dump_0.3_0.8.shear.wave,2045,204500,204.5,0.2045,158683.45183699526,1208.9076526637152,0.007618359940301425,7.618359940301425e+17,100,0.0006301854342236216,6.301854342236216e+26,1022.911301292936,0.0,85.92733787803519,31.600965861136235,0.0,68.4680476316084,0.006446238025775387,0.0,0.0005415015673234945,0.0001991446839308598,0.0,0.0004314756632716875,5313,2412,5775,0.17866666666666667,0.42777777777777776,1,0,0
flow,0.3,0.8,0,registered,during_vibration,flow_dump_0.3_0.8.shear.wave,2046,204600,204.6,0.2046,158683.4518369953,1209.956821408254,0.007624971648909934,7.624971648909934e+17,101,0.0006364872885658577,6.364872885658577e+26,1023.4979738417555,0.0,81.32830517281893,27.094433279500844,0.0,78.03610911417846,0.0064499351507246346,0.0,0.000512519133100041,0.0001707451720128518,0.0,0.0004917721930724045,5286,2437,5777,0.18051851851851852,0.42792592592592593,1,0,0
flow,0.3,0.8,0,registered,during_vibration,flow_dump_0.3_0.8.shear.wave,2047,204700,204.70000000000002,0.2047,158683.45183699526,1132.8611223429652,0.007139125782987608,7.139125782987608e+17,93,0.0005860724538279681,5.860724538279681e+26,969.9390042104111,0.0,90.37356108181345,14.621702077851667,0.0,57.92685497288879,0.006112414325387651,0.0,0.000569521018326776,9.214383673019383e-05,0.0,0.00036504660254298675,5302,2507,5691,0.1857037037037037,0.42155555555555557,1,0,0
flow,0.3,0.8,0,registered,during_vibration,flow_dump_0.3_0.8.shear.wave,2048,204800,204.8,0.20479999999999998,158683.45183699526,1191.3400072362274,0.007507651197681345,7.507651197681345e+17,97,0.000611279871196913,6.112798711969129e+26,1004.7346433034353,0.0,99.49340783328017,29.476788931328528,0.0,57.635167168183344,0.006331691374696909,0.0,0.0006269929641780354,0.00018575843032207312,0.0,0.00036320842848432637,5312,2512,5676,0.1860740740740741,0.42044444444444445,1,0,0
flow,0.3,0.8,0,registered,during_vibration,flow_dump_0.3_0.8.shear.wave,2049,204900,204.9,0.2049,158683.45183699526,1263.0816771950206,0.007959756752030443,7.959756752030444e+17,106,0.0006679965602770389,6.679965602770389e+26,1057.5388571457315,25.069107904337525,107.55733678733444,12.261558334159645,0.0,60.654817023457625,0.006664455838987353,0.00015798186650293767,0.0006778106698726266,7.727055463070662e-05,0.0,0.0003822378220368196,5289,2445,5766,0.1811111111111111,0.4271111111111111,1,0,0
flow,0.3,0.8,0,registered,during_vibration,flow_dump_0.3_0.8.shear.wave,2050,205000,205.0,0.205,158683.45183699526,1104.6314472574497,0.006961226482470035,6.961226482470035e+17,99,0.0006238835798813854,6.238835798813854e+26,902.128707052647,11.71216808829433,105.80659618314814,12.629052327936407,0.0,72.35492360542429,0.005685083709795666,7.380837732421806e-05,0.000666777757594006,7.958644825113443e-05,0.0,0.00045597018950501274,5260,2422,5818,0.1794074074074074,0.43096296296296294,1,0,0
flow,0.3,0.8,0,registered,during_vibration,flow_dump_0.3_0.8.shear.wave,2051,205100,205.1,0.2051,158683.45183699526,1144.118360796812,0.007210067260019572,7.210067260019572e+17,102,0.000642789142908094,6.42789142908094e+26,958.7413712326515,6.134634350394975,101.53522211774039,9.839495526139975,0.0,67.8676375698851,0.006041848473383989,3.8659572119068026e-05,0.0006398601803926009,6.200706760681902e-05,0.0,0.0004276919665170942,5254,2418,5828,0.1791111111111111,0.4317037037037037,1,0,0
flow,0.3,0.8,0,registered,during_vibration,flow_dump_0.3_0.8.shear.wave,2052,205200,205.20000000000002,0.2052,158683.45183699526,1124.9515304863646,0.007089280687200774,7.089280687200773e+17,97,0.000611279871196913,6.112798711969129e+26,932.1631962558416,15.003480464110174,108.19402069890776,8.934424440648748,0.0,60.65640862685596,0.005874356685997666,9.454974851140893e-05,0.0006818229591454069,5.630344145668369e-05,0.0,0.0003822478520896065,5305,2400,5795,0.17777777777777778,0.4292592592592593,1,0,0
flow,0.3,0.8,0,registered,during_vibration,flow_dump_0.3_0.8.shear.wave,2053,205300,205.3,0.20529999999999998,158683.45183699526,1160.0863692881617,0.007310695323667648,7.310695323667648e+17,104,0.0006553928515925665,6.553928515925665e+26,973.1626860455586,8.837240362135919,105.84471874643296,9.144238711715852,2.277767645228264,60.81971777709063,0.006132729498758463,5.569100154951139e-05,0.0006670180004349795,5.762566043187104e-05,1.4354159925686897e-05,0.00038327700256713976,5324,2423,5753,0.1794814814814815,0.42614814814814816,1,0,0
flow,0.3,0.8,0,registered,during_vibration,flow_dump_0.3_0.8.shear.wave,2054,205400,205.4,0.2054,158683.45183699526,1276.4794706740902,0.008044187695042901,8.044187695042902e+17,105,0.0006616947059348027,6.616947059348027e+26,1045.7637957152685,16.64952425819738,111.2977835825829,25.695695186686393,0.0,77.07267193135529,0.006590251116981692,0.00010492287674268837,0.0007013824207511666,0.00016193052828899788,0.0,0.0004857007522783586,5346,2479,5675,0.18362962962962964,0.4203703703703704,1,0,0
flow,0.3,0.8,0,registered,during_vibration,flow_dump_0.3_0.8.shear.wave,2055,205500,205.5,0.2055,158683.45183699526,1292.5462932879977,0.008145438470898294,8.145438470898294e+17,96,0.0006049780168546768,6.049780168546768e+26,1014.730165357631,14.995748883515454,118.90893272257657,51.46337184993227,0.0,92.44807447434212,0.00639468169875706,9.450102521666575e-05,0.0007493467740084432,0.0003243146733586127,0.0,0.00058259429955751,5303,2399,5798,0.1777037037037037,0.42948148148148146,1,0,0
flow,0.3,0.8,0,registered,during_vibration,flow_dump_0.3_0.8.shear.wave,2056,205600,205.6,0.20559999999999998,158683.45183699526,1095.3038361624954,0.006902445235988606,6.902445235988607e+17,98,0.0006175817255391491,6.1758172553914915e+26,891.874100966208,0.0,98.77240876665235,34.05233513817649,0.0,70.60499129145813,0.0056204606759019185,0.0,0.0006224493330792586,0.00021459285605380038,0.0,0.00044494237095362566,5302,2393,5805,0.17725925925925926,0.43,1,0,0
flow,0.3,0.8,0,registered,during_vibration,flow_dump_0.3_0.8.shear.wave,2057,205700,205.70000000000002,0.2057,158683.4518369953,1115.9643275245223,0.007032644643191128,7.032644643191128e+17,97,0.0006112798711969128,6.1127987119691286e+26,925.2903530273579,0.0,101.65556914240284,23.869299659851713,0.0,65.14910569490958,0.005831045029054736,0.0,0.0006406185898125451,0.00015042084970757393,0.0,0.00041056017461627204,5320,2398,5782,0.17762962962962964,0.4282962962962963,1,0,0
flow,0.3,0.8,0,registered,during_vibration,flow_dump_0.3_0.8.shear.wave,2058,205800,205.8,0.20579999999999998,158683.45183699526,1072.508211586344,0.0067587905302694,6.7587905302694e+17,88,0.000554563182116787,5.54563182116787e+26,898.7628760785358,0.0,103.4724498261334,12.079308744907635,0.0,58.193576936767286,0.00566387273325623,0.0,0.0006520683072386377,7.612204426530808e-05,0.0,0.00036672744550922425,5307,2433,5760,0.18022222222222223,0.4266666666666667,1,0,0
flow,0.3,0.8,0,registered,during_vibration,flow_dump_0.3_0.8.shear.wave,2059,205900,205.9,0.2059,158683.45183699526,1096.473994589385,0.006909819403952205,6.909819403952205e+17,85,0.0005356576190900784,5.356576190900784e+26,935.9352721747241,0.0,87.80195398940495,14.95903879686761,0.0,57.77772962838825,0.00589812775900632,0.0,0.000553315125004956,9.426968359772017e-05,0.0,0.00036410683634320856,5300,2485,5715,0.18407407407407408,0.42333333333333334,1,0,0
flow,0.3,0.8,0,registered,during_vibration,flow_dump_0.3_0.8.shear.wave,2060,206000,206.0,0.206,158683.45183699526,1111.8432727883344,0.007006674356507291,7.006674356507291e+17,96,0.0006049780168546768,6.049780168546768e+26,933.8931058396403,0.0,101.82717351674881,0.0,0.0,76.1229934319455,0.005885258324220003,0.0,0.0006417000155841641,0.0,0.0,0.0004797160167031247,5320,2525,5655,0.18703703703703703,0.41888888888888887,1,0,0
flow,0.3,0.8,0,registered,during_vibration,flow_dump_0.3_0.8.shear.wave,2061,206100,206.1,0.20609999999999998,158683.4518369953,1194.281485283106,0.007526187963883657,7.526187963883657e+17,104,0.0006553928515925663,6.553928515925663e+26,999.6771895676584,9.44255386464966,98.16489713566385,16.76360925739794,0.0,70.23323545773673,0.006299820037911443,5.950559907374181e-05,0.0006186208832695546,0.0001056418237902844,0.0,0.0004425996198386367,5324,2494,5682,0.18474074074074073,0.42088888888888887,1,0,0
flow,0.3,0.8,0,registered,during_vibration,flow_dump_0.3_0.8.shear.wave,2062,206200,206.20000000000002,0.2062,158683.45183699526,1200.923295871156,0.007568043686778272,7.568043686778272e+17,105,0.0006616947059348027,6.616947059348027e+26,1023.8688189870909,3.549771560572802,98.73283529994677,21.615469807947427,0.0,53.15640021559822,0.0064522721628140645,2.237014332294234e-05,0.0006221999468562627,0.00013621754226868932,0.0,0.00033498389151631375,5266,2431,5803,0.18007407407407408,0.4298518518518519,1,0,0
flow,0.3,0.8,0,registered,during_vibration,flow_dump_0.3_0.8.shear.wave,2063,206300,206.3,0.20629999999999998,158683.45183699526,1140.356359651491,0.007186359676766433,7.186359676766432e+17,95,0.0005986761625124405,5.986761625124405e+26,917.5079856176894,13.380001156165793,101.42732167321569,17.475741022693207,0.0,90.56531018172713,0.00578200168320124,8.431881838510899e-05,0.0006391802075077438,0.00011012957444765476,0.0,0.0005707293932246869,5286,2436,5778,0.18044444444444444,0.428,1,0,0
flow,0.3,0.8,0,registered,during_vibration,flow_dump_0.3_0.8.shear.wave,2064,206400,206.4,0.2064,158683.45183699526,1135.1999200763112,0.007153864545639107,7.153864545639107e+17,97,0.000611279871196913,6.112798711969129e+26,920.4718123414777,12.55221341741434,104.87407865921863,20.96423423538903,0.0,76.33758142281131,0.005800679287510181,7.910222062920825e-05,0.0006609011679866194,0.0001321135505479435,0.0,0.00048106831896515417,5286,2423,5791,0.1794814814814815,0.428962962962963,1,0,0
flow,0.3,0.8,0,registered,during_vibration,flow_dump_0.3_0.8.shear.wave,2065,206500,206.5,0.2065,158683.4518369953,1112.6830807560004,0.0070119667039949705,7.011966703994971e+17,97,0.0006112798711969128,6.1127987119691286e+26,913.1316514827037,16.0549009785856,105.5127120706497,7.059724091838527,0.0,70.92409213222336,0.005754422662929602,0.00010117564744607212,0.0006649257427235433,4.448935292314224e-05,0.0,0.00044695329797261315,5301,2429,5770,0.17992592592592593,0.4274074074074074,1,0,0
flow,0.3,0.8,0,registered,during_vibration,flow_dump_0.3_0.8.shear.wave,2066,206600,206.6,0.20659999999999998,158683.45183699526,1242.5161542153182,0.007830155821740447,7.830155821740447e+17,108,0.0006806002689615113,6.806002689615113e+26,1011.1261489773646,14.896805199658838,110.83049682675849,21.90085706855392,0.0,83.76184614298269,0.0063719697124815875,9.387749653291709e-05,0.0006984376476799051,0.00013801601121616125,0.0,0.0005278549538298773,5335,2457,5708,0.182,0.4228148148148148,1,0,0
flow,0.3,0.8,0,registered,during_vibration,flow_dump_0.3_0.8.shear.wave,2067,206700,206.70000000000002,0.2067,158683.45183699526,1417.2429881214848,0.00893125887869721,8.93125887869721e+17,108,0.0006806002689615113,6.806002689615113e+26,1128.0647163377998,17.59535451271909,113.7802666817548,57.73584397300483,0.0,100.06680661620597,0.0071088995309768295,0.0001108833612391644,0.0007170266676492111,0.00036384287904395315,0.0,0.0006306064397880493,5340,2469,5691,0.18288888888888888,0.42155555555555557,1,0,0
flow,0.3,0.8,0,registered,during_vibration,flow_dump_0.3_0.8.shear.wave,2068,206800,206.8,0.20679999999999998,158683.45183699526,1202.3581126682377,0.007577085693241275,7.577085693241275e+17,101,0.0006364872885658578,6.364872885658577e+26,991.4277383136999,5.651563860165184,117.14089924583072,36.47598287416087,0.0,51.661928374380594,0.0062478331977056205,3.561533225260723e-05,0.0007382048845657935,0.00022986633106286453,0.0,0.0003255659476543867,5308,2404,5788,0.17807407407407408,0.42874074074074076,1,0,0
flow,0.3,0.8,0,registered,during_vibration,flow_dump_0.3_0.8.shear.wave,2069,206900,206.9,0.2069,158683.4518369953,1198.322025618145,0.007551650860539004,7.551650860539004e+17,93,0.000586072453827968,5.8607245382796806e+26,1007.092560034505,2.519213639394385,104.80972128589383,36.736588459530054,0.0,47.163942198821765,0.006346550622487231,1.5875717412438205e-05,0.0006604955971940775,0.0002315086295026343,0.0,0.0002972202939426228,5303,2414,5783,0.17881481481481482,0.42837037037037035,1,0,0
flow,0.3,0.8,0,registered,during_vibration,flow_dump_0.3_0.8.shear.wave,2070,207000,207.0,0.207,158683.45183699526,1070.5267413308145,0.00674630359333558,6.74630359333558e+17,87,0.0005482613277745507,5.4826132777455075e+26,908.2585640201091,0.0,85.78857342035619,22.624656785260477,0.0,53.85494710508868,0.005723713175543355,0.0,0.000540627093923322,0.0001425772916037978,0.0,0.0003393860322651048,5319,2411,5770,0.17859259259259258,0.4274074074074074,1,0,0
flow,0.3,0.8,0,registered,during_vibration,flow_dump_0.3_0.8.shear.wave,2071,207100,207.1,0.20709999999999998,158683.45183699526,1155.2872547579316,0.007280452002926429,7.28045200292643e+17,100,0.0006301854342236216,6.301854342236216e+26,933.7838063623062,0.0,92.4859036680088,27.26619854459539,0.0,101.75134618302133,0.005884569534834161,0.0,0.0005828326936258817,0.00017182761169453326,0.0,0.0006412221627718534,5293,2441,5766,0.18081481481481482,0.4271111111111111,1,0,0
flow,0.3,0.8,0,registered,during_vibration,flow_dump_0.3_0.8.shear.wave,2072,207200,207.20000000000002,0.2072,158683.45183699526,1104.4332491190198,0.006959977466670747,6.959977466670747e+17,90,0.0005671668908012594,5.671668908012594e+26,918.9505637546908,5.301078555389019,108.96430445202654,11.332076102258316,0.0,59.88522625465429,0.005791092600497917,3.340662491281357e-05,0.0006866771751597525,7.141309299156782e-05,0.0,0.0003773879731086914,5309,2501,5690,0.18525925925925926,0.42148148148148146,1,0,0
flow,0.3,0.8,0,registered,during_vibration,flow_dump_0.3_0.8.shear.wave,2073,207300,207.3,0.20729999999999998,158683.45183699526,1149.9789703049514,0.00724699996749659,7.24699996749659e+17,95,0.0005986761625124405,5.986761625124405e+26,981.1750013281629,2.142614368817059,93.8625472565639,12.54196976128992,0.0,60.2568375901177,0.006183221942613508,1.3502443663867494e-05,0.0005915081010021292,7.90376666003802e-05,0.0,0.0003797298136167057,5329,2520,5651,0.18666666666666668,0.41859259259259257,1,0,0
flow,0.3,0.8,0,registered,during_vibration,flow_dump_0.3_0.8.shear.wave,2074,207400,207.4,0.2074,158683.45183699526,1252.021457204496,0.007890056856657068,7.890056856657068e+17,102,0.000642789142908094,6.42789142908094e+26,1041.8624697657037,10.906851424671604,105.49573514243154,20.568549112200092,0.0,73.18785175948864,0.006565665529105948,6.873338901069201e-05,0.000664818756594734,0.000129620000536217,0.0,0.00046121918140947394,5310,2468,5722,0.18281481481481482,0.42385185185185187,1,0,0
flow,0.3,0.8,0,registered,during_vibration,flow_dump_0.3_0.8.shear.wave,2075,207500,207.5,0.2075,158683.45183699526,1175.9006242986206,0.0074103544552745395,7.41035445527454e+17,99,0.0006238835798813854,6.238835798813854e+26,981.1335273519571,7.1115679257934445,96.05302394779062,9.554524157941437,0.0,82.04798091513823,0.006182960579656466,4.481606521326922e-05,0.0006053121660503036,6.021121955272407e-05,0.0,0.000517054424801778,5296,2427,5777,0.1797777777777778,0.42792592592592593,1,0,0
flow,0.3,0.8,0,registered,during_vibration,flow_dump_0.3_0.8.shear.wave,2076,207600,207.6,0.20759999999999998,158683.4518369953,1105.2801485117684,0.006965314503286376,6.965314503286377e+17,94,0.0005923743081702042,5.923743081702042e+26,920.0811742611681,4.803258964481513,100.99462374866197,10.298693225123337,0.0,69.10239831233359,0.005798217543227538,3.0269438362202848e-05,0.0006364534082130181,6.490086462010219e-05,0.0,0.0004354732488635159,5269,2401,5830,0.17785185185185184,0.4318518518518519,1,0,0
flow,0.3,0.8,0,registered,during_vibration,flow_dump_0.3_0.8.shear.wave,2077,207700,207.70000000000002,0.2077,158683.45183699526,1136.6523073370047,0.007163017278604517,7.163017278604517e+17,98,0.0006175817255391491,6.1758172553914915e+26,943.2561700174122,5.887902388249348,97.17854332727956,12.390191359999495,0.0,77.93950024406439,0.005944262990865331,3.7104703232052135e-05,0.0006124050252392069,7.808118122315046e-05,0.0,0.0004911633780447777,5300,2411,5789,0.17859259259259258,0.4288148148148148,1,0,0
flow,0.3,0.8,0,registered,during_vibration,flow_dump_0.3_0.8.shear.wave,2078,207800,207.8,0.20779999999999998,158683.45183699526,1167.2952989080363,0.00735612494809553,7.35612494809553e+17,100,0.0006301854342236216,6.301854342236216e+26,972.2563926836846,9.736764386195665,107.41797955852637,9.983559586726427,0.0,67.90060269290385,0.0061270181700005975,6.135967092647809e-05,0.0006769324609151405,6.291493833258594e-05,0.0,0.0004278997079207322,5313,2438,5749,0.18059259259259258,0.42585185185185187,1,0,0
flow,0.3,0.8,0,registered,during_vibration,flow_dump_0.3_0.8.shear.wave,2079,207900,207.9,0.2079,158683.45183699526,1231.6778807735213,0.007761854601188916,7.761854601188915e+17,106,0.0006679965602770389,6.679965602770389e+26,969.8452122289439,14.687525090301524,123.95901323503477,23.75836362988116,0.0,99.42776658935935,0.006111823261981974,9.255864376702003e-05,0.0007811716458145205,0.00014972174700539356,0.0,0.0006265793026200032,5340,2478,5682,0.18355555555555556,0.42088888888888887,1,0,0
flow,0.3,0.8,0,registered,during_vibration,flow_dump_0.3_0.8.shear.wave,2080,208000,208.0,0.208,158683.4518369953,1149.254759475964,0.00724243609633924,7.24243609633924e+17,102,0.0006427891429080939,6.427891429080939e+26,954.2177207680261,0.0,101.26318328333599,38.86038126550203,0.0,54.91347415909958,0.0060133410870607295,0.0,0.0006381458312827526,0.0002448924624189588,0.0,0.00034605671557679787,5305,2407,5788,0.17829629629629629,0.42874074074074076,1,0,0
flow,0.3,0.8,0,registered,during_vibration,flow_dump_0.3_0.8.shear.wave,2081,208100,208.1,0.20809999999999998,158683.45183699526,1204.3668268566853,0.007589744317472055,7.589744317472055e+17,93,0.0005860724538279681,5.860724538279681e+26,1004.8908137698226,11.41730004451163,98.70037263815956,46.39591745238726,0.0,42.96242295180404,0.006332675538228641,7.195016186211936e-05,0.0006219953718901185,0.0002923803138593597,0.0,0.00027074293163181513,5303,2398,5799,0.17762962962962964,0.4295555555555556,1,0,0
flow,0.3,0.8,0,registered,during_vibration,flow_dump_0.3_0.8.shear.wave,2082,208200,208.20000000000002,0.2082,158683.45183699526,1183.0210616430795,0.007455226414272339,7.455226414272339e+17,99,0.0006238835798813854,6.238835798813854e+26,923.8487284642853,0.0,113.64314748283432,53.2456423544243,0.0,92.283543341536,0.005821960121042063,0.0,0.0007161625624300901,0.0003355462824763853,0.0,0.0005815574483238027,5303,2409,5788,0.17844444444444443,0.42874074074074076,1,0,0
flow,0.3,0.8,0,registered,during_vibration,flow_dump_0.3_0.8.shear.wave,2083,208300,208.3,0.20829999999999999,158683.45183699526,1114.445126301063,0.0070230708583643425,7.023070858364343e+17,94,0.0005923743081702043,5.9237430817020434e+26,959.3132014449625,0.0,80.1797380010949,21.806065253222826,0.0,53.14612160178254,0.006045452064090463,0.0,0.000505281030081562,0.00013741864700310852,0.0,0.00033491911718920727,5294,2412,5794,0.17866666666666667,0.42918518518518517,1,0,0
flow,0.3,0.8,0,registered,during_vibration,flow_dump_0.3_0.8.shear.wave,2084,208400,208.4,0.2084,158683.4518369953,1112.609621293763,0.007011503773163891,7.011503773163891e+17,91,0.0005734687451434956,5.7346874514349555e+26,906.9355933794462,0.0,98.54876095133731,30.918926240206886,0.0,76.20634072277272,0.005715376007266841,0.0,0.0006210399371231838,0.000194846569584129,0.0,0.00048024125918973777,5297,2484,5719,0.184,0.42362962962962963,1,0,0
flow,0.3,0.8,0,registered,during_vibration,flow_dump_0.3_0.8.shear.wave,2085,208500,208.5,0.2085,158683.45183699526,1157.0299662615723,0.007291434316982912,7.291434316982912e+17,94,0.0005923743081702043,5.9237430817020434e+26,974.9576323131729,0.0,106.52755026322743,10.593343913811555,0.0,64.9514397713602,0.006144040988689109,0.0,0.0006713211051941065,6.675771034205494e-05,0.0,0.0004093145127576403,5327,2529,5644,0.18733333333333332,0.4180740740740741,1,0,0
flow,0.3,0.8,0,registered,during_vibration,flow_dump_0.3_0.8.shear.wave,2086,208600,208.6,0.20859999999999998,158683.45183699526,1203.1752214312744,0.007582234993647697,7.582234993647698e+17,106,0.0006679965602770389,6.679965602770389e+26,999.9066165504807,9.235051563220775,111.13444177782762,20.413782187607843,0.0,62.48532935213832,0.00630126585333937,5.8197949794458196e-05,0.0007003530644896009,0.00012864468192044082,0.0,0.00039377344410383296,5322,2493,5685,0.18466666666666667,0.4211111111111111,1,0,0
flow,0.3,0.8,0,registered,during_vibration,flow_dump_0.3_0.8.shear.wave,2087,208700,208.70000000000002,0.2087,158683.45183699526,1192.755891417439,0.0075165738935568166,7.516573893556817e+17,100,0.0006301854342236216,6.301854342236216e+26,1016.9688867273571,14.452954624988386,94.00681386875011,17.262278895132376,0.0,50.06495730121041,0.006408789794741926,9.108041486162607e-05,0.0005924172481785746,0.00010878436721218254,0.0,0.0003155020685625036,5281,2428,5791,0.17985185185185185,0.428962962962963,1,0,0
flow,0.3,0.8,0,registered,during_vibration,flow_dump_0.3_0.8.shear.wave,2088,208800,208.8,0.20879999999999999,158683.4518369953,1145.1181425206025,0.007216367738816927,7.216367738816927e+17,97,0.0006112798711969128,6.1127987119691286e+26,936.1894351593105,14.529870207379322,107.1706298316982,18.04489122022482,0.0,69.18331610198882,0.00589972945711437,9.156512565850199e-05,0.0006753736989650773,0.00011371627609135393,0.0,0.0004359831809876189,5261,2417,5822,0.17903703703703705,0.4312592592592593,1,0,0
flow,0.3,0.8,0,registered,during_vibration,flow_dump_0.3_0.8.shear.wave,2089,208900,208.9,0.2089,158683.45183699526,1082.3511800515864,0.006820819483832582,6.820819483832582e+17,94,0.0005923743081702043,5.9237430817020434e+26,872.4610512718617,5.044658718280617,106.60222202312337,12.682203895706728,0.0,85.56104414261443,0.005498122464389556,3.179070444889649e-05,0.0006717916757484492,7.992140168928449e-05,0.0,0.0005391932375563993,5278,2391,5831,0.1771111111111111,0.43192592592592594,1,0,0
flow,0.3,0.8,0,registered,during_vibration,flow_dump_0.3_0.8.shear.wave,2090,209000,209.0,0.209,158683.45183699526,1176.87313778983,0.007416483093642001,7.416483093642001e+17,93,0.0005860724538279681,5.860724538279681e+26,948.3683829775945,8.793137822082459,112.30892326809301,0.0,0.0,107.40269372206004,0.0059764794123068924,5.5413073765971846e-05,0.0007077544757689059,0.0,0.0,0.0006768361318002304,5308,2417,5775,0.17903703703703705,0.42777777777777776,1,0,0
flow,0.3,0.8,0,registered,during_vibration,flow_dump_0.3_0.8.shear.wave,2091,209100,209.1,0.20909999999999998,158683.45183699526,1063.9461728559374,0.006704833809317793,6.704833809317793e+17,97,0.000611279871196913,6.112798711969129e+26,873.4986452147585,2.309783400388046,111.97295641844336,20.771143212010646,0.0,55.393644610336786,0.005504661230284078,1.455591855136054e-05,0.0007056372616185938,0.00013089671904381958,0.0,0.00034908267981994065,5333,2467,5700,0.18274074074074073,0.4222222222222222,1,0,0
flow,0.3,0.8,0,registered,during_vibration,flow_dump_0.3_0.8.shear.wave,2092,209200,209.20000000000002,0.2092,158683.45183699526,1504.9733368738853,0.00948412275792842,9.484122757928421e+17,104,0.0006553928515925665,6.553928515925665e+26,1201.4693326096708,0.0,123.21248092970626,52.33968547161563,0.0,127.95183786289218,0.007571484730769903,0.0,0.0007764671079645663,0.00032983707416057875,0.0,0.0008063338450333713,5336,2466,5698,0.18266666666666667,0.4220740740740741,1,0,0
flow,0.3,0.8,0,registered,during_vibration,flow_dump_0.3_0.8.shear.wave,2093,209300,209.3,0.20929999999999999,158683.45183699526,1132.212441468073,0.007135037890599443,7.135037890599443e+17,92,0.0005797705994857318,5.7977059948573184e+26,932.1191579130668,0.0,110.90550638254057,32.84230618533722,0.0,56.34547098712854,0.005874079162776025,0.0,0.0006989103469747196,0.0002069674298431187,0.0,0.00035508095100558073,5311,2384,5805,0.17659259259259258,0.43,1,0,0
flow,0.3,0.8,0,registered,during_vibration,flow_dump_0.3_0.8.shear.wave,2094,209400,209.4,0.2094,158683.45183699526,1168.7343386312216,0.007365193566823735,7.365193566823735e+17,92,0.0005797705994857318,5.7977059948573184e+26,964.6407435113937,0.0,109.51402219473401,42.78165526105456,0.0,51.79791766403889,0.006079025458195248,0.0,0.0006901414163036378,0.00026960375997492955,0.0,0.00032642293234991747,5284,2383,5833,0.17651851851851852,0.43207407407407405,1,0,0
flow,0.3,0.8,0,registered,during_vibration,flow_dump_0.3_0.8.shear.wave,2095,209500,209.5,0.2095,158683.45183699526,1148.3445857190898,0.007236700313897294,7.236700313897294e+17,92,0.0005797705994857318,5.7977059948573184e+26,961.8940251239059,0.0,80.76486284063196,25.997859590166552,0.0,79.68783816438501,0.006061716038998158,0.0,0.0005089684015923489,0.00016383472434713855,0.0,0.0005021811489596466,5284,2413,5803,0.17874074074074073,0.4298518518518519,1,0,0
flow,0.3,0.8,0,registered,during_vibration,flow_dump_0.3_0.8.shear.wave,2096,209600,209.6,0.20959999999999998,158683.45183699526,1132.8476065643486,0.007139040608519444,7.139040608519444e+17,97,0.000611279871196913,6.112798711969129e+26,938.8532124643831,0.0,93.79658481646777,20.84185615668595,0.0,79.35595312681168,0.005916516193691093,0.0,0.000591092415312585,0.00013134234172127398,0.0,0.0005000896577944918,5285,2457,5758,0.182,0.4265185185185185,1,0,0
flow,0.3,0.8,0,registered,during_vibration,flow_dump_0.3_0.8.shear.wave,2097,209700,209.70000000000002,0.2097,158683.45183699526,1118.6152557862454,0.007049350406968226,7.049350406968225e+17,92,0.0005797705994857318,5.7977059948573184e+26,941.6438186037724,0.0,94.3228942246197,10.750075028047291,0.0,71.89846792980575,0.005934102187108075,0.0,0.0005944091405417069,6.774540699486493e-05,0.0,0.0004530936723235777,5308,2504,5688,0.18548148148148147,0.42133333333333334,1,0,0
flow,0.3,0.8,0,registered,during_vibration,flow_dump_0.3_0.8.shear.wave,2098,209800,209.8,0.2098,158683.45183699526,1163.5655696828198,0.007332620737782234,7.332620737782235e+17,101,0.0006364872885658578,6.364872885658577e+26,985.0616347521469,0.0,95.44688825970155,26.497638295635802,0.0,56.559408375335536,0.006207714940333123,0.0,0.0006014923872323351,0.00016698425695235714,0.0,0.00035642915326441967,5328,2515,5657,0.1862962962962963,0.41903703703703704,1,0,0
flow,0.3,0.8,0,registered,during_vibration,flow_dump_0.3_0.8.shear.wave,2099,209900,209.9,0.2099,158683.4518369953,1230.3134179927354,0.007753255955488998,7.753255955488998e+17,110,0.0006932039776459837,6.932039776459836e+26,1039.5909098391116,6.825196668377728,101.56645118732771,25.941615919264173,0.0,56.389244378654546,0.006551350489318903,4.301139526123233e-05,0.0006400569814403837,0.00016348028492543904,0.0,0.0003553568045430432,5314,2467,5719,0.18274074074074073,0.42362962962962963,1,0,0
flow,0.3,0.8,0,registered,during_vibration,flow_dump_0.3_0.8.shear.wave,2100,210000,210.0,0.21,158683.45183699526,1134.9006284820064,0.0071519784536059425,7.151978453605943e+17,97,0.000611279871196913,6.112798711969129e+26,923.7192954524004,8.092483514104533,100.90302249181477,14.901323094771302,0.0,87.28450392891537,0.005821144453054088,5.099765237283464e-05,0.0006358761504348015,9.390596764984933e-05,0.0,0.0005500542300943694,5268,2436,5796,0.18044444444444444,0.42933333333333334,1,0,0
flow,0.3,0.8,0,registered,during_vibration,flow_dump_0.3_0.8.shear.wave,2101,210100,210.1,0.21009999999999998,158683.45183699526,1252.111002171453,0.007890621155995911,7.890621155995912e+17,97,0.000611279871196913,6.112798711969129e+26,997.7597125151162,11.191444902675126,106.784486434756,8.42744400082443,0.0,127.94791431808174,0.0062877363768217434,7.05268556558206e-05,0.0006729402795223314,5.3108524570547984e-05,0.0,0.0008063091194254708,5251,2398,5851,0.17762962962962964,0.4334074074074074,1,0,0
flow,0.3,0.8,0,registered,during_vibration,flow_dump_0.3_0.8.shear.wave,2102,210200,210.20000000000002,0.2102,158683.45183699526,1114.8005069264013,0.007025310415301277,7.025310415301276e+17,88,0.000554563182116787,5.54563182116787e+26,922.4892939582,7.401923954549611,101.6254602066888,13.439034375040398,0.0,69.84479443192247,0.0058133931627969045,4.664584661388073e-05,0.0006404288476852756,8.469083713181011e-05,0.0,0.00044015172107340645,5280,2420,5800,0.17925925925925926,0.42962962962962964,1,0,0
flow,0.3,0.8,0,registered,during_vibration,flow_dump_0.3_0.8.shear.wave,2103,210300,210.3,0.2103,158683.4518369953,1197.4650802421836,0.0075462505156004426,7.546250515600443e+17,95,0.0005986761625124404,5.986761625124404e+26,964.0274975035838,15.629315756899873,107.45390451409996,24.450058312706794,0.0,85.9043041548933,0.006075160871178072,9.849367136880035e-05,0.0006771588547524165,0.00015408070614585998,0.0,0.0005413564121552948,5294,2430,5776,0.18,0.42785185185185187,1,0,0
flow,0.3,0.8,0,registered,during_vibration,flow_dump_0.3_0.8.shear.wave,2104,210400,210.4,0.2104,158683.45183699526,1342.5994986967962,0.008460866480746572,8.460866480746572e+17,105,0.0006616947059348027,6.616947059348027e+26,1074.1699093987959,14.881153615429112,122.31052169428605,43.0469812239663,0.0,88.19093276431843,0.006769262307844285,9.377886252887612e-05,0.0007707830922403134,0.00027127580554641285,0.0,0.0005557664125866822,5320,2464,5716,0.18251851851851852,0.4234074074074074,1,0,0
flow,0.3,0.8,0,registered,during_vibration,flow_dump_0.3_0.8.shear.wave,2105,210500,210.5,0.2105,158683.45183699526,1199.838483515826,0.007561207357326325,7.561207357326326e+17,99,0.0006238835798813854,6.238835798813854e+26,1012.6461029411496,7.255483672033363,107.38918443385133,28.49722385010215,0.0,44.05048861868936,0.006381548240968266,4.5723001283627416e-05,0.0006767509982336719,0.00017958535386144368,0.0,0.00027759976297931456,5283,2402,5815,0.17792592592592593,0.43074074074074076,1,0,0
flow,0.3,0.8,0,registered,during_vibration,flow_dump_0.3_0.8.shear.wave,2106,210600,210.6,0.21059999999999998,158683.45183699526,1155.530889305257,0.00728198735235641,7.28198735235641e+17,96,0.0006049780168546768,6.049780168546768e+26,918.8788932365583,2.7258261507402084,121.25184896710743,40.7534699385275,0.0,71.92085101232387,0.005790640943332013,1.7177759364223213e-05,0.0007641114909175358,0.00025682243149330265,0.0,0.0004532347272493371,5270,2384,5846,0.17659259259259258,0.43303703703703705,1,0,0
flow,0.3,0.8,0,registered,during_vibration,flow_dump_0.3_0.8.shear.wave,2107,210700,210.70000000000002,0.2107,158683.4518369953,1222.4774935343114,0.007703875100915245,7.703875100915245e+17,95,0.0005986761625124404,5.986761625124404e+26,978.6368499521062,11.938467376889584,114.96834173150125,30.71029446709735,0.0,86.22354000671744,0.0061672268823430515,7.523448247869701e-05,0.0007245137435603582,0.00019353180253883022,0.0,0.0005433681899943103,5257,2396,5847,0.1774814814814815,0.4331111111111111,1,0,0
flow,0.3,0.8,0,registered,during_vibration,flow_dump_0.3_0.8.shear.wave,2108,210800,210.8,0.2108,158683.45183699526,1112.7846750761278,0.007012606936602412,7.012606936602413e+17,96,0.0006049780168546768,6.049780168546768e+26,941.7883484162148,0.0,89.6868447173073,23.575740219568274,3.9417363256626414,53.79200539737507,0.0059350129929341975,0.0,0.0005651934318232282,0.00014857088087411933,2.4840248179827346e-05,0.00033898938279104207,5279,2421,5800,0.17933333333333334,0.42962962962962964,1,0,0
flow,0.3,0.8,0,registered,during_vibration,flow_dump_0.3_0.8.shear.wave,2109,210900,210.9,0.2109,158683.45183699526,1099.5283509171484,0.006929067512639058,6.929067512639058e+17,90,0.0005671668908012594,5.671668908012594e+26,938.6528655600778,0.0,103.81164223272387,14.672853523173893,0.0,42.390989601172876,0.005915253636682243,0.0,0.0006542058483789635,9.246618568800937e-05,0.0,0.00026714184188984157,5272,2480,5748,0.1837037037037037,0.42577777777777776,1,0,0
flow,0.3,0.8,0,registered,during_vibration,flow_dump_0.3_0.8.shear.wave,2110,211000,211.0,0.211,158683.45183699526,1132.2588205453703,0.007135330164789099,7.135330164789098e+17,88,0.000554563182116787,5.54563182116787e+26,968.1637988526138,0.0,85.19582227560016,6.492058565406197,0.0,72.40714085174986,0.006101227239795255,0.0,0.0005368916625478758,4.091200746045686e-05,0.0,0.0004562992549855091,5308,2501,5691,0.18525925925925926,0.42155555555555557,1,0,0
flow,0.3,0.8,0,registered,during_vibration,flow_dump_0.3_0.8.shear.wave,2111,211100,211.1,0.21109999999999998,158683.45183699526,1251.8711745904714,0.007889109797513314,7.889109797513315e+17,106,0.0006679965602770389,6.679965602770389e+26,1040.6623008351228,9.72578819209743,109.37647169224601,30.036508914339336,0.0,62.07010495666576,0.00655810223931935,6.12905005500389e-05,0.0006892745930722571,0.00018928570412744616,0.0,0.0003911567604442218,5314,2494,5692,0.18474074074074073,0.42162962962962963,1,0,0
flow,0.3,0.8,0,registered,during_vibration,flow_dump_0.3_0.8.shear.wave,2112,211200,211.20000000000002,0.2112,158683.45183699526,1185.8792116969398,0.007473238059600021,7.473238059600022e+17,106,0.0006679965602770389,6.679965602770389e+26,989.8119481570578,17.411850852801575,110.58488222676162,16.468115415773692,0.0,51.60241504454513,0.006237650723490844,0.00010972694790309696,0.0006968898202463983,0.0001037796646413406,0.0,0.00032519090331834216,5269,2433,5798,0.18022222222222223,0.42948148148148146,1,0,0
flow,0.3,0.8,0,registered,during_vibration,flow_dump_0.3_0.8.shear.wave,2113,211300,211.3,0.2113,158683.45183699526,1112.1598499896406,0.007008669379917995,7.008669379917996e+17,94,0.0005923743081702043,5.9237430817020434e+26,880.0794373210088,19.663369992237662,102.93611505537294,15.036502784372226,0.0,94.44442483664844,0.0055461324235942045,0.00012391569356858022,0.0006486884036346287,9.475785036374307e-05,0.0,0.0005951750087568349,5240,2429,5831,0.17992592592592593,0.43192592592592594,1,0,0
flow,0.3,0.8,0,registered,during_vibration,flow_dump_0.3_0.8.shear.wave,2114,211400,211.4,0.21139999999999998,158683.45183699526,1197.4248681796673,0.007545997105039665,7.545997105039665e+17,92,0.0005797705994857318,5.7977059948573184e+26,999.0417234020733,5.482075109374584,106.65371637512777,21.871031550766354,0.0,64.37632174232508,0.006295815422696509,3.45472388324773e-05,0.0006721161856542288,0.00013782805514738223,0.0,0.000405690202709067,5243,2408,5849,0.17837037037037037,0.43325925925925923,1,0,0
flow,0.3,0.8,0,registered,during_vibration,flow_dump_0.3_0.8.shear.wave,2115,211500,211.5,0.2115,158683.45183699526,1002.5056305758101,0.006317644461160425,6.317644461160425e+17,84,0.0005293557647478421,5.293557647478421e+26,812.2893713638827,0.0,110.9844368838175,0.0,0.0,79.23182232810998,0.0051189293020818104,0.0,0.0006994077554969265,0.0,0.0,0.0004993074035816883,5284,2435,5781,0.18037037037037038,0.4282222222222222,1,0,0
flow,0.3,0.8,0,registered,during_vibration,flow_dump_0.3_0.8.shear.wave,2116,211600,211.6,0.21159999999999998,158683.45183699526,1231.5948961514598,0.007761331644188039,7.761331644188038e+17,103,0.0006490909972503302,6.490909972503302e+26,967.1462676184337,2.999645849126085,139.17880297253734,25.5129963872553,0.0,96.75718332410673,0.006094814906168776,1.890333121948606e-05,0.0008770845438597232,0.0001607791870664817,0.0,0.0006097496758735676,5301,2457,5742,0.182,0.42533333333333334,1,0,0
flow,0.3,0.8,0,registered,during_vibration,flow_dump_0.3_0.8.shear.wave,2117,211700,211.70000000000002,0.2117,158683.45183699526,1313.854385787323,0.008279718966139939,8.279718966139939e+17,112,0.0007058076863304561,7.058076863304562e+26,1072.3102620532945,13.745025420067046,110.75133663809945,33.70089608191383,0.0,83.34686559394794,0.006757543081145009,8.661914812759669e-05,0.0006979387917012719,0.00021237813831106016,0.0,0.0005252398068549991,5294,2448,5758,0.18133333333333335,0.4265185185185185,1,0,0
flow,0.3,0.8,0,registered,during_vibration,flow_dump_0.3_0.8.shear.wave,2118,211800,211.8,0.2118,158683.4518369953,1255.5676437577613,0.007912404407786141,7.912404407786141e+17,96,0.0006049780168546767,6.0497801685467664e+26,1043.3003677101094,13.684929169203993,117.59585874214228,38.36987871277881,0.0,42.61660942352694,0.0065747269525105925,8.624043030814322e-05,0.0007410719730431658,0.00024180138677720202,0.0,0.000268563665147038,5264,2386,5850,0.17674074074074075,0.43333333333333335,1,0,0
flow,0.3,0.8,0,registered,during_vibration,flow_dump_0.3_0.8.shear.wave,2119,211900,211.9,0.21189999999999998,158683.45183699526,1226.4137313540837,0.007728680698311852,7.728680698311852e+17,98,0.0006175817255391491,6.1758172553914915e+26,1009.3844828594908,9.764652157028952,119.89522162564631,30.26218149580729,0.0,57.10719321610999,0.006360993986293939,6.153541559619914e-05,0.0007555622230149527,0.00019070785986489365,0.0,0.00035988121354186533,5236,2380,5884,0.17629629629629628,0.4358518518518519,1,0,0
flow,0.3,0.8,0,registered,during_vibration,flow_dump_0.3_0.8.shear.wave,2120,212000,212.0,0.212,158683.45183699526,1072.3262519264042,0.006757643846996297,6.757643846996297e+17,93,0.0005860724538279681,5.860724538279681e+26,889.053175527967,5.728465371909666,88.32283314864321,22.51302497049058,0.0,66.70875290739428,0.0056026836146798155,3.6099954378318725e-05,0.000556597629596382,0.00014187380416715842,0.0,0.0004203888441746255,5269,2387,5844,0.1768148148148148,0.4328888888888889,1,0,0
flow,0.3,0.8,0,registered,during_vibration,flow_dump_0.3_0.8.shear.wave,2121,212100,212.1,0.21209999999999998,158683.45183699526,1116.555262517597,0.007036368629443217,7.036368629443217e+17,96,0.0006049780168546768,6.049780168546768e+26,931.6454863628157,0.0,104.39158956038514,28.40284702402673,0.0,52.115339570369116,0.005871094153660282,0.0,0.000657860591964054,0.00017899060485023383,0.0,0.0003284232789686455,5265,2452,5783,0.18162962962962964,0.42837037037037035,1,0,0
flow,0.3,0.8,0,registered,during_vibration,flow_dump_0.3_0.8.shear.wave,2122,212200,212.20000000000002,0.2122,158683.4518369953,1077.7588554359252,0.006791879323012418,6.791879323012417e+17,87,0.0005482613277745506,5.482613277745507e+26,923.0262318915037,0.0,96.71858305649646,15.695206771860793,0.0,42.31883371606443,0.005816776867443404,0.0,0.0006095064226095162,9.890890694754618e-05,0.0,0.000266687126011953,5289,2515,5696,0.1862962962962963,0.4219259259259259,1,0,0
flow,0.3,0.8,0,registered,during_vibration,flow_dump_0.3_0.8.shear.wave,2123,212300,212.3,0.2123,158683.45183699526,1107.4194120259626,0.006978795830352489,6.978795830352489e+17,89,0.0005608650364590232,5.6086503645902325e+26,963.9479222876544,0.0,84.25344691603219,22.169264871815052,0.0,37.04877795046137,0.006074659399758033,0.0,0.000530952950296166,0.0001397074780966325,0.0,0.00023347600220166036,5308,2518,5674,0.18651851851851853,0.4202962962962963,1,0,0
flow,0.3,0.8,0,registered,during_vibration,flow_dump_0.3_0.8.shear.wave,2124,212400,212.4,0.21239999999999998,158683.45183699526,1287.5118941210462,0.008113712420647491,8.11371242064749e+17,112,0.0007058076863304561,7.058076863304562e+26,1064.2198370444637,15.031977484356993,108.77106223547784,34.66930617751188,0.0,64.81971117923543,0.006706558401172571,9.472933258219215e-05,0.0006854593908582917,0.00021848091767707008,0.0,0.0004084843783573622,5293,2476,5731,0.1834074074074074,0.4245185185185185,1,0,0
flow,0.3,0.8,0,registered,during_vibration,flow_dump_0.3_0.8.shear.wave,2125,212500,212.5,0.2125,158683.45183699526,1159.2561996338636,0.007305463715426917,7.305463715426917e+17,101,0.0006364872885658578,6.364872885658577e+26,932.5898549998432,19.202260918125525,110.34131338575645,16.993310910515905,0.0,80.12945941962245,0.005877045427256204,0.00012100985134764213,0.0006953548848880764,0.00010708937015040473,0.0,0.0005049641817845884,5251,2444,5805,0.18103703703703702,0.43,1,0,0
flow,0.3,0.8,0,registered,during_vibration,flow_dump_0.3_0.8.shear.wave,2126,212600,212.6,0.21259999999999998,158683.4518369953,1187.0501321748193,0.0074806170298979575,7.480617029897957e+17,97,0.0006112798711969128,6.1127987119691286e+26,941.9663616877767,24.549773034794562,118.34148175316541,16.659392694173132,0.0,85.5331230049095,0.005936134806642564,0.00015470909380023364,0.0007457707806528532,0.00010498506618879323,0.0,0.0005390172826135132,5245,2399,5856,0.1777037037037037,0.43377777777777776,1,0,0
flow,0.3,0.8,0,registered,during_vibration,flow_dump_0.3_0.8.shear.wave,2127,212700,212.70000000000002,0.2127,158683.45183699526,1028.9593770224715,0.006484352118073734,6.484352118073733e+17,83,0.0005230539104056059,5.2305391040560594e+26,838.2629790922732,4.426382734981403,113.32293552096132,0.0,0.0,72.94707967425539,0.005282611194728508,2.7894419258841973e-05,0.0007141446332877249,0.0,0.0,0.00045970187079865754,5280,2413,5807,0.17874074074074073,0.43014814814814817,1,0,0
flow,0.3,0.8,0,registered,during_vibration,flow_dump_0.3_0.8.shear.wave,2128,212800,212.8,0.2128,158683.45183699526,1055.2290853937036,0.006649899993842262,6.649899993842262e+17,90,0.0005671668908012594,5.671668908012594e+26,874.7335751664843,5.835525625085091,105.06479330795251,9.770937132179894,0.0,59.824254162001466,0.005512443578962719,3.6774632499673185e-05,0.0006621030239238711,6.157502259414494e-05,0.0,0.00037700373586185197,5279,2418,5803,0.1791111111111111,0.4298518518518519,1,0,0
flow,0.3,0.8,0,registered,during_vibration,flow_dump_0.3_0.8.shear.wave,2129,212900,212.9,0.21289999999999998,158683.45183699526,1124.5830975124097,0.0070869588762640335,7.086958876264033e+17,99,0.0006238835798813854,6.238835798813854e+26,874.6718120925738,10.379065882582546,122.15055677301311,48.885306768046696,0.0,68.49635599619361,0.005512054357067205,6.540736140050858e-05,0.000769775016606584,0.00030806808272776457,0.0,0.0004316540584619704,5283,2458,5759,0.18207407407407408,0.4265925925925926,1,0,0
flow,0.3,0.8,0,registered,during_vibration,flow_dump_0.3_0.8.shear.wave,2130,213000,213.0,0.213,158683.4518369953,1138.2395301488652,0.007173019725573535,7.173019725573536e+17,100,0.0006301854342236215,6.301854342236214e+26,929.8930861364811,7.258166892967954,123.0390483474396,25.18603921273797,0.0,52.86318955923887,0.005860050782684618,4.573991055112524e-05,0.0007753741610929238,0.00015871875057652435,0.0,0.0003331361206683456,5265,2404,5831,0.17807407407407408,0.43192592592592594,1,0,0
flow,0.3,0.8,0,registered,during_vibration,flow_dump_0.3_0.8.shear.wave,2131,213100,213.1,0.21309999999999998,158683.45183699526,1221.4998331155364,0.007697714027359956,7.697714027359956e+17,99,0.0006238835798813854,6.238835798813854e+26,973.0096012888971,2.427750858238675,138.19535676280924,39.39182017803497,0.0,68.47530402755628,0.0061317647809199655,1.5299332287859094e-05,0.0008708870090925924,0.00024824151303753786,0.0,0.00043152139202200056,5243,2388,5869,0.1768888888888889,0.43474074074074076,1,0,0
flow,0.3,0.8,0,registered,during_vibration,flow_dump_0.3_0.8.shear.wave,2132,213200,213.20000000000002,0.2132,158683.45183699526,1042.6326714701654,0.006570519228061608,6.570519228061608e+17,92,0.0005797705994857318,5.7977059948573184e+26,858.1678902834165,0.0,110.49796654313674,23.032767221126804,0.0,50.93404742248526,0.00540804904575024,0.0,0.0006963420902681384,0.00014514914412617393,0.0,0.00032097894791705407,5228,2386,5886,0.17674074074074075,0.436,1,0,0
flow,0.3,0.8,0,registered,during_vibration,flow_dump_0.3_0.8.shear.wave,2133,213300,213.3,0.2133,158683.45183699526,1134.5534305334659,0.007149790462706317,7.149790462706317e+17,95,0.0005986761625124405,5.986761625124405e+26,980.5103888222757,1.7409412368424608,75.76312281409827,22.19428084035067,0.0,54.34469681989896,0.006179033651407378,1.0971158092973751e-05,0.00047744816448740086,0.00013986512508657394,0.0,0.0003424723636319909,5267,2427,5806,0.1797777777777778,0.43007407407407405,1,0,0
flow,0.3,0.8,0,registered,during_vibration,flow_dump_0.3_0.8.shear.wave,2134,213400,213.4,0.21339999999999998,158683.45183699526,1153.7994938245774,0.0072710763502283615,7.271076350228361e+17,97,0.000611279871196913,6.112798711969129e+26,980.8229065265025,0.0,92.30228274681146,22.94796368123902,0.0,57.72634087002433,0.006181003092458786,0.0,0.0005816755413263088,0.0001446147245700951,0.0,0.0003637829918731708,5264,2491,5745,0.18451851851851853,0.4255555555555556,1,0,0
flow,0.3,0.8,0,registered,during_vibration,flow_dump_0.3_0.8.shear.wave,2135,213500,213.5,0.2135,158683.45183699526,1150.3815193276143,0.007249536772803022,7.249536772803022e+17,96,0.0006049780168546768,6.049780168546768e+26,992.3136598633524,0.0,89.92156821043524,6.569513327223867,0.0,61.576777926602844,0.006253416146270179,0.0,0.0005666726250876214,4.140011608754442e-05,0.0,0.0003880478853576773,5302,2538,5660,0.188,0.4192592592592593,1,0,0
flow,0.3,0.8,0,registered,during_vibration,flow_dump_0.3_0.8.shear.wave,2136,213600,213.6,0.21359999999999998,158683.45183699526,1256.891667211749,0.007920748210738878,7.920748210738877e+17,106,0.0006679965602770389,6.679965602770389e+26,1068.186013545127,9.458007672502859,97.00390485660449,17.553717811511504,0.0,64.69002332600319,0.006731552667775352,5.960298671986559e-05,0.0006113044790344617,0.00011062097281286297,0.0,0.0004076671043963353,5292,2514,5694,0.18622222222222223,0.42177777777777775,1,0,0
flow,0.3,0.8,0,registered,during_vibration,flow_dump_0.3_0.8.shear.wave,2137,213700,213.70000000000002,0.2137,158683.4518369953,1215.8650473304058,0.007662204428092358,7.662204428092358e+17,111,0.0006995058319882199,6.995058319882199e+26,1025.3587412514082,6.598924636523021,107.32722285598388,24.456303818278855,0.0,52.123854768212254,0.006461661435905046,4.158546187476214e-05,0.0006763605253951359,0.00015412006441226873,0.0,0.0003284769405051482,5259,2455,5786,0.18185185185185185,0.4285925925925926,1,0,0
flow,0.3,0.8,0,registered,during_vibration,flow_dump_0.3_0.8.shear.wave,2138,213800,213.8,0.2138,158683.45183699526,1139.2816815451417,0.007179587211875429,7.179587211875429e+17,97,0.000611279871196913,6.112798711969129e+26,923.8979943918808,25.375911623003667,105.2441295228493,17.222703084288604,0.0,67.54094292312013,0.005822270587741806,0.00015991529884962813,0.0006632331746284386,0.0001085349662167692,0.0,0.000425633184438793,5257,2428,5815,0.17985185185185185,0.43074074074074076,1,0,0
flow,0.3,0.8,0,registered,during_vibration,flow_dump_0.3_0.8.shear.wave,2139,213900,213.9,0.21389999999999998,158683.45183699526,1118.452578758364,0.00704832524003369,7.04832524003369e+17,90,0.0005671668908012594,5.671668908012594e+26,861.2928024936089,12.423130807048306,118.33359693438024,26.869634237941348,0.0,99.53341428538516,0.005427741787331149,7.828876082056587e-05,0.0007457210916733543,0.0001693285211966696,0.0,0.0006272450790119508,5245,2407,5848,0.17829629629629629,0.4331851851851852,1,0,0
flow,0.3,0.8,0,registered,during_vibration,flow_dump_0.3_0.8.shear.wave,2140,214000,214.0,0.214,158683.45183699526,1119.04424543706,0.007052053837261986,7.052053837261987e+17,87,0.0005482613277745507,5.4826132777455075e+26,896.8548304581545,8.849994327152617,120.7238714043106,0.0,0.0,92.61554924744202,0.005651848507678247,5.5771375179332593e-05,0.0007607842532208213,0.0,0.0,0.0005836497011835846,5274,2424,5802,0.17955555555555555,0.42977777777777776,1,0,0
flow,0.3,0.8,0,registered,during_vibration,flow_dump_0.3_0.8.shear.wave,2141,214100,214.1,0.21409999999999998,158683.4518369953,1244.6036565226032,0.007843310957220037,7.843310957220037e+17,101,0.0006364872885658577,6.364872885658577e+26,981.5250610294339,29.214023321965612,131.15548856257413,32.7672981892985,0.0,69.94178541933076,0.0061854279678620035,0.00018410251972571904,0.0008265227851061701,0.0002064947403775796,0.0,0.00044076294414856313,5293,2445,5762,0.1811111111111111,0.4268148148148148,1,0,0
flow,0.3,0.8,0,registered,during_vibration,flow_dump_0.3_0.8.shear.wave,2142,214200,214.20000000000002,0.2142,158683.45183699526,1259.8266427784847,0.007939243999258468,7.939243999258468e+17,107,0.0006742984146192752,6.742984146192752e+26,1040.9861949630942,8.153767532409365,123.37242450377474,29.828932305867347,0.0,57.485323473338916,0.006560143372936132,5.1383855329698635e-05,0.0007774750490713225,0.0001879775865760003,0.0,0.00036226413534531433,5268,2457,5775,0.182,0.42777777777777776,1,0,0
flow,0.3,0.8,0,registered,during_vibration,flow_dump_0.3_0.8.shear.wave,2143,214300,214.3,0.2143,158683.45183699526,1234.1583171112218,0.0077774859496942935,7.777485949694294e+17,97,0.000611279871196913,6.112798711969129e+26,1027.0599464444144,19.114650959375883,122.60576109657565,32.43158495847277,0.0,32.94637365238238,0.006472382183237629,0.00012045774614867255,0.0007726436479496314,0.00020437912449615436,0.0,0.00020762324786220273,5260,2375,5865,0.17592592592592593,0.43444444444444447,1,0,0
flow,0.3,0.8,0,registered,during_vibration,flow_dump_0.3_0.8.shear.wave,2144,214400,214.4,0.21439999999999998,158683.45183699526,1245.042184355071,0.007846074495745268,7.846074495745267e+17,94,0.0005923743081702043,5.9237430817020434e+26,1031.4971876814056,0.0,103.47140755524664,37.56490810200708,14.083674843343777,58.425006173068,0.006500345031194512,0.0,0.0006520617389993243,0.00023672857923833773,8.875326746616895e-05,0.0003681858788469263,5246,2363,5891,0.17503703703703705,0.43637037037037035,1,0,0
flow,0.3,0.8,0,registered,during_vibration,flow_dump_0.3_0.8.shear.wave,2145,214500,214.5,0.2145,158683.4518369953,1162.9623454479133,0.007328819306518145,7.328819306518145e+17,97,0.0006112798711969128,6.1127987119691286e+26,961.3173706264353,0.0,103.67540412270995,25.190780353159838,0.0,72.77879034560806,0.006058082046349301,0.0,0.0006533472956537941,0.00015874862855287905,0.0,0.00045864133596216925,5256,2404,5840,0.17807407407407408,0.4325925925925926,1,0,0
flow,0.3,0.8,0,registered,during_vibration,flow_dump_0.3_0.8.shear.wave,2146,214600,214.6,0.21459999999999999,158683.45183699526,1182.4864873212516,0.00745185760476108,7.45185760476108e+17,107,0.0006742984146192752,6.742984146192752e+26,956.2640977642008,0.0,108.88597478364778,34.046645217375286,0.0,83.28976955602849,0.006026237056819926,0.0,0.0006861835529989539,0.00021455699900169235,0.0,0.0005248799959405119,5263,2460,5777,0.18222222222222223,0.42792592592592593,1,0,0
flow,0.3,0.8,0,registered,during_vibration,flow_dump_0.3_0.8.shear.wave,2147,214700,214.70000000000002,0.2147,158683.45183699526,1147.25602098989,0.007229840337531782,7.229840337531781e+17,94,0.0005923743081702043,5.9237430817020434e+26,955.8087309977815,0.0,103.29821854809455,20.64616478969204,0.0,67.50290665432216,0.006023367401785657,0.0,0.0006509703271025752,0.00013010912323044527,0.0,0.00042539348541310607,5280,2517,5703,0.18644444444444444,0.42244444444444446,1,0,0
flow,0.3,0.8,0,registered,during_vibration,flow_dump_0.3_0.8.shear.wave,2148,214800,214.8,0.2148,158683.45183699526,1129.3996821062287,0.007117312290801339,7.117312290801339e+17,90,0.0005671668908012594,5.671668908012594e+26,951.3241045270455,0.0,95.33043487895301,22.72105421770401,0.0,60.02408848252582,0.005995105938987741,0.0,0.0006007585149891969,0.0001431847741820225,0.0,0.0003782630626423762,5298,2526,5676,0.18711111111111112,0.42044444444444445,1,0,0
flow,0.3,0.8,0,registered,during_vibration,flow_dump_0.3_0.8.shear.wave,2149,214900,214.9,0.21489999999999998,158683.4518369953,1249.985435179792,0.007877226142419796,7.877226142419795e+17,111,0.0006995058319882199,6.995058319882199e+26,1027.1920656824298,13.955170371629244,112.86822169063201,12.622598076955033,0.0,83.3473793581457,0.006473214779431407,8.794345100309793e-05,0.000711279092961589,7.954577450156157e-05,0.0,0.0005252430445221396,5291,2473,5736,0.18318518518518517,0.42488888888888887,1,0,0
flow,0.3,0.8,0,registered,during_vibration,flow_dump_0.3_0.8.shear.wave,2150,215000,215.0,0.215,158683.45183699526,1125.1960105299936,0.007090821364825307,7.090821364825307e+17,99,0.0006238835798813854,6.238835798813854e+26,875.1190916509117,25.8345197248551,126.52030919006643,10.588180934966385,0.0,87.13390902919396,0.005514873047694111,0.00016280538030766527,0.0007973125598504888,6.672517400140063e-05,0.0,0.0005491052029716414,5250,2435,5815,0.18037037037037038,0.43074074074074076,1,0,0
flow,0.3,0.8,0,registered,during_vibration,flow_dump_0.3_0.8.shear.wave,2151,215100,215.1,0.21509999999999999,158683.45183699526,1138.6742588995583,0.007175759322838786,7.175759322838787e+17,97,0.000611279871196913,6.112798711969129e+26,927.5221328652688,18.662892940405335,99.17337582606727,21.669511821458272,0.0,71.64634544635854,0.00584510938051719,0.00011761083291518299,0.0006249761690837263,0.00013655810716619581,0.0,0.0004515048331564905,5227,2381,5892,0.17637037037037037,0.43644444444444447,1,0,0
flow,0.3,0.8,0,registered,during_vibration,flow_dump_0.3_0.8.shear.wave,2152,215200,215.20000000000002,0.2152,158683.45183699526,1163.421659789218,0.007331713838594349,7.331713838594349e+17,93,0.0005860724538279681,5.860724538279681e+26,960.4798579801393,0.0,110.88830049427416,14.192612447588605,0.0,77.86088886721633,0.006052804163642565,0.0,0.000698801917973036,8.943977638051201e-05,0.0,0.0004906679805982386,5252,2400,5848,0.17777777777777778,0.4331851851851852,1,0,0
flow,0.3,0.8,0,registered,during_vibration,flow_dump_0.3_0.8.shear.wave,2153,215300,215.3,0.2153,158683.45183699526,1166.848431568774,0.0073533088552131965,7.353308855213197e+17,98,0.0006175817255391491,6.1758172553914915e+26,948.1508023568362,9.523828547365103,114.44368460671782,19.180444577041705,0.0,75.54967148081339,0.00597510825092718,6.0017780285926005e-05,0.0007212074307803567,0.00012087236794385135,0.0,0.00047610302527588346,5273,2420,5807,0.17925925925925926,0.43014814814814817,1,0,0
flow,0.3,0.8,0,registered,during_vibration,flow_dump_0.3_0.8.shear.wave,2154,215400,215.4,0.21539999999999998,158683.45183699526,1190.8234727119543,0.007504396072346639,7.50439607234664e+17,106,0.0006679965602770389,6.679965602770389e+26,981.8000974023993,9.22634109915043,98.00384497147023,27.21139536418942,0.0,74.58179387474479,0.006187161207023249,5.81430577186336e-05,0.0006176059559893046,0.00017148225003412354,0.0,0.0004700036015813269,5279,2454,5767,0.1817777777777778,0.42718518518518517,1,0,0
flow,0.3,0.8,0,registered,during_vibration,flow_dump_0.3_0.8.shear.wave,2155,215500,215.5,0.2155,158683.45183699526,1091.0776520769157,0.006875812439457806,6.875812439457806e+17,94,0.0005923743081702043,5.9237430817020434e+26,909.9966396725719,0.0,101.11033175757169,32.074550039856796,0.0,47.896130606915236,0.005734666275140962,0.0,0.0006371825832313974,0.00020212914244394434,0.0,0.0003018344386415017,5264,2409,5827,0.17844444444444443,0.43162962962962964,1,0,0
flow,0.3,0.8,0,registered,during_vibration,flow_dump_0.3_0.8.shear.wave,2156,215600,215.6,0.21559999999999999,158683.45183699526,1230.6396387385598,0.007755311751112602,7.755311751112602e+17,94,0.0005923743081702043,5.9237430817020434e+26,975.9217575710434,19.086834849064587,130.73705367268698,37.99710008120549,0.0,66.89689256455989,0.00615011676563188,0.00012028245307312319,0.0008238858693783917,0.00023945219013912889,0.0,0.0004215744728900814,5260,2389,5851,0.17696296296296296,0.4334074074074074,1,0,0
flow,0.3,0.8,0,registered,during_vibration,flow_dump_0.3_0.8.shear.wave,2157,215700,215.70000000000002,0.2157,158683.45183699526,1259.1202068548644,0.00793479214296569,7.93479214296569e+17,99,0.0006238835798813854,6.238835798813854e+26,1021.2182492577609,6.270236847073681,111.49756101176096,31.104759028803223,0.0,89.02940070946474,0.006435568658455887,3.9514119301580796e-05,0.0007026413890107132,0.00019601766074987473,0.0,0.0005610503154476284,5250,2374,5876,0.17585185185185184,0.43525925925925923,1,0,0
flow,0.3,0.8,0,registered,during_vibration,flow_dump_0.3_0.8.shear.wave,2158,215800,215.8,0.2158,158683.45183699526,1177.4262755797904,0.0074199688874255175,7.419968887425518e+17,102,0.000642789142908094,6.42789142908094e+26,985.163351870041,0.0,92.25413888390389,24.473017427642876,0.0,75.53576739820257,0.0062083559467942025,0.0,0.0005813721457147927,0.00015422539114401385,0.0,0.00047601540377250766,5270,2432,5798,0.18014814814814814,0.42948148148148146,1,0,0
flow,0.3,0.8,0,registered,during_vibration,flow_dump_0.3_0.8.shear.wave,2159,215900,215.9,0.21589999999999998,158683.45183699526,1140.0891527066158,0.007184675777520595,7.184675777520595e+17,98,0.0006175817255391491,6.1758172553914915e+26,943.9598616673752,0.0,105.8146484715255,11.159565925943195,0.0,79.15507664177215,0.005948697553145246,0.0,0.0006668285019424818,7.032595898787644e-05,0.0,0.0004988237634449924,5280,2486,5734,0.18414814814814814,0.42474074074074075,1,0,0
flow,0.3,0.8,0,registered,during_vibration,flow_dump_0.3_0.8.shear.wave,2160,216000,216.0,0.216,158683.4518369953,1066.8516930288238,0.00672314397423575,6.72314397423575e+17,81,0.0005104502017211334,5.1045020172113336e+26,919.3191368443769,0.0,91.97781744494667,5.993145622678062,0.0,49.56159311682244,0.005793415294423586,0.0,0.000579630808254847,3.776793076592771e-05,0.0,0.000312329940791392,5300,2536,5664,0.18785185185185185,0.41955555555555557,1,0,0
flow,0.3,0.8,0,registered,during_vibration,flow_dump_0.3_0.8.shear.wave,2161,216100,216.1,0.2161,158683.45183699526,1208.4089479212923,0.007615217175654894,7.615217175654894e+17,103,0.0006490909972503302,6.490909972503302e+26,1036.3790034966087,5.11674979036922,95.62584417436439,17.29862889389503,0.0,53.988721566054686,0.006531109523387546,3.224501188457452e-05,0.000602620141340222,0.00010901343960972527,0.0,0.0003402290594328238,5293,2489,5718,0.18437037037037038,0.4235555555555556,1,0,0
flow,0.3,0.8,0,registered,during_vibration,flow_dump_0.3_0.8.shear.wave,2162,216200,216.20000000000002,0.2162,158683.45183699526,1308.2116436480862,0.008244159227087669,8.244159227087668e+17,109,0.0006869021233037475,6.869021233037475e+26,1055.1795171090803,15.481126736027942,124.41441264893776,38.463968496209404,0.0,74.6726186578311,0.006649587621732571,9.755980574414686e-05,0.0007840415065884768,0.00024239432688747425,0.0,0.00047057596613500196,5273,2427,5800,0.1797777777777778,0.42962962962962964,1,0,0
flow,0.3,0.8,0,registered,during_vibration,flow_dump_0.3_0.8.shear.wave,2163,216300,216.3,0.2163,158683.45183699526,1316.8319595321639,0.008298483202173192,8.298483202173192e+17,99,0.0006238835798813854,6.238835798813854e+26,1038.2267986179265,36.1721540978707,139.53228030308244,13.423584867237139,0.0,89.47714164604673,0.006542754059096385,0.00022795164636970402,0.0008793121065101009,8.459347658397473e-05,0.0,0.0005638719136130245,5252,2413,5835,0.17874074074074073,0.43222222222222223,1,0,0
flow,0.3,0.8,0,registered,during_vibration,flow_dump_0.3_0.8.shear.wave,2164,216400,216.4,0.21639999999999998,158683.4518369953,1066.4130543703425,0.0067203797373011276,6.720379737301128e+17,89,0.0005608650364590231,5.608650364590231e+26,868.8010631251892,0.0,111.10911176853365,13.713771687942634,0.0,72.78910778867669,0.005475057752194913,0.0,0.0007001934384605427,8.642219166009736e-05,0.0,0.00045870635498557205,5247,2398,5855,0.17762962962962964,0.4337037037037037,1,0,0
flow,0.3,0.8,0,registered,during_vibration,flow_dump_0.3_0.8.shear.wave,2165,216500,216.5,0.2165,158683.45183699526,1144.0240263084336,0.007209472777814361,7.209472777814362e+17,92,0.0005797705994857318,5.7977059948573184e+26,925.2449456843939,8.372358920585258,116.12998444120655,10.578407073063378,0.0,83.69833018918531,0.005830758878593309,5.276138641845032e-05,0.0007318342467146417,6.666358054732675e-05,0.0,0.000527454685540638,5279,2419,5802,0.1791851851851852,0.42977777777777776,1,0,0
flow,0.3,0.8,0,registered,during_vibration,flow_dump_0.3_0.8.shear.wave,2166,216600,216.6,0.2166,158683.45183699526,1320.1857892825578,0.008319618548748834,8.319618548748833e+17,106,0.0006679965602770389,6.679965602770389e+26,1023.5392983504582,34.28163442969618,132.25317890351513,42.88747731584337,0.0,87.22420028304488,0.006450195571759245,0.00021603786678973545,0.0008334402697476599,0.00027027063515040474,0.0,0.0005496742053017877,5291,2456,5753,0.18192592592592594,0.42614814814814816,1,0,0
flow,0.3,0.8,0,registered,during_vibration,flow_dump_0.3_0.8.shear.wave,2167,216700,216.70000000000002,0.2167,158683.45183699526,1179.1540473355542,0.0074308570533669705,7.430857053366971e+17,103,0.0006490909972503302,6.490909972503302e+26,975.9641729056493,0.0,113.01485664987761,25.089682094905516,0.0,65.08533568512158,0.006150384060892443,0.0,0.0007122031651162347,0.00015811152205510656,0.0,0.00041015830530318517,5271,2456,5773,0.18192592592592594,0.42762962962962964,1,0,0
flow,0.3,0.8,0,registered,during_vibration,flow_dump_0.3_0.8.shear.wave,2168,216800,216.8,0.2168,158683.4518369953,1083.104376786851,0.006825566019949266,6.825566019949266e+17,93,0.000586072453827968,5.8607245382796806e+26,904.9397708494453,5.862437600431875,104.11846523391884,33.81518484472968,0.0,34.3685182583253,0.005702798624389822,3.6944227848370465e-05,0.0006561394022413418,0.00021309836944727998,0.0,0.00021658539602245193,5263,2385,5852,0.17666666666666667,0.43348148148148147,1,0,0
flow,0.3,0.8,0,registered,during_vibration,flow_dump_0.3_0.8.shear.wave,2169,216900,216.9,0.21689999999999998,158683.45183699526,1122.9395917394695,0.007076601742272339,7.076601742272339e+17,92,0.0005797705994857318,5.7977059948573184e+26,931.4446421168107,5.3959464007386675,103.30348021853064,32.98810354481707,0.0,49.8074194585725,0.005869828462476481,3.400446825596885e-05,0.0006510034853832603,0.00020788622356604337,0.0,0.0003138791025905857,5264,2396,5840,0.1774814814814815,0.4325925925925926,1,0,0
flow,0.3,0.8,0,registered,during_vibration,flow_dump_0.3_0.8.shear.wave,2170,217000,217.0,0.217,158683.45183699526,1100.6045530520064,0.006935849581735736,6.935849581735736e+17,97,0.000611279871196913,6.112798711969129e+26,880.3121036385596,0.0,110.46537049522449,24.230618305986418,5.46172677539079,80.13473383684524,0.005547598652837755,0.0,0.0006961366747220628,0.00015269782718664885,3.441900659560426e-05,0.0005049974203936666,5262,2418,5820,0.1791111111111111,0.4311111111111111,1,0,0
flow,0.3,0.8,0,registered,during_vibration,flow_dump_0.3_0.8.shear.wave,2171,217100,217.1,0.2171,158683.45183699526,1124.1943006346164,0.007084508734971464,7.084508734971464e+17,100,0.0006301854342236216,6.301854342236216e+26,963.1795128172932,0.0,66.77184291339255,24.809503884883263,5.863236275097938,63.570204743949176,0.006069816995200623,0.0,0.0004207864282028773,0.00015634587978567786,3.694926097978284e-05,0.0004006101708025014,5260,2463,5777,0.18244444444444444,0.42792592592592593,1,0,0
flow,0.3,0.8,0,registered,during_vibration,flow_dump_0.3_0.8.shear.wave,2172,217200,217.20000000000002,0.21719999999999998,158683.45183699526,1173.9702056788915,0.007398189238313466,7.398189238313466e+17,100,0.0006301854342236216,6.301854342236216e+26,993.2007216387772,0.0,108.81850352701116,15.997437626280604,0.0,55.95354288682257,0.006259006280371471,0.0,0.0006857583589673422,0.00010081352176982945,0.0,0.0003526110772048231,5285,2525,5690,0.18703703703703703,0.42148148148148146,1,0,0
flow,0.3,0.8,0,registered,during_vibration,flow_dump_0.3_0.8.shear.wave,2173,217300,217.3,0.2173,158683.45183699526,1154.5491937816835,0.007275800850158424,7.275800850158424e+17,92,0.0005797705994857318,5.7977059948573184e+26,990.5833494073714,0.0,79.48615422394725,23.40616019592869,0.0,61.07352995443617,0.006242511981809739,0.0,0.0005009101661438395,0.00014750221226578967,0.0,0.0003848764899390572,5293,2529,5678,0.18733333333333332,0.4205925925925926,1,0,0
flow,0.3,0.8,0,registered,during_vibration,flow_dump_0.3_0.8.shear.wave,2174,217400,217.4,0.21739999999999998,158683.45183699526,1236.7267280619099,0.007793671701396535,7.793671701396535e+17,101,0.0006364872885658578,6.364872885658577e+26,1039.083533695935,15.309154730022174,112.0332824829763,26.19187654750455,0.0,44.108880605471796,0.00654815307876788,9.647606321135635e-05,0.0007060174276903208,0.00016505739095220646,0.0,0.0002779677407747712,5301,2487,5712,0.18422222222222223,0.4231111111111111,1,0,0
flow,0.3,0.8,0,registered,during_vibration,flow_dump_0.3_0.8.shear.wave,2175,217500,217.5,0.2175,158683.45183699526,1096.2757941783743,0.006908570373831444,6.908570373831444e+17,94,0.0005923743081702043,5.9237430817020434e+26,872.4301909780567,5.06545770452897,133.16178839716784,14.486925291885248,0.0,71.13143180673555,0.005497927987313037,3.192177663069978e-05,0.0008391661944306323,9.129449305631871e-05,0.0,0.0004482599224007557,5264,2430,5806,0.18,0.43007407407407405,1,0,0
flow,0.3,0.8,0,registered,during_vibration,flow_dump_0.3_0.8.shear.wave,2176,217600,217.6,0.2176,158683.45183699526,1204.8648824938778,0.007592882991551972,7.592882991551972e+17,98,0.0006175817255391491,6.1758172553914915e+26,925.3590415414557,11.24465166214647,141.30979996357388,13.737901637490799,0.0,113.21348768921105,0.005831477894065565,7.086215690403142e-05,0.0008905137765009791,8.657425508743542e-05,0.0,0.000713454908993961,5240,2398,5862,0.17762962962962964,0.43422222222222223,1,0,0
flow,0.3,0.8,0,registered,during_vibration,flow_dump_0.3_0.8.shear.wave,2177,217700,217.70000000000002,0.21769999999999998,158683.45183699526,1170.6885766188052,0.007377508889971553,7.377508889971553e+17,94,0.0005923743081702043,5.9237430817020434e+26,947.3495940247182,4.390548476143071,122.47010540962971,6.997732276746279,0.0,89.48059643156815,0.0059700591527203865,2.766859697918081e-05,0.000771788765569802,4.409868953402006e-05,0.0,0.0005638936851681642,5252,2424,5824,0.17955555555555555,0.4314074074074074,1,0,0
flow,0.3,0.8,0,registered,during_vibration,flow_dump_0.3_0.8.shear.wave,2178,217800,217.8,0.2178,158683.45183699526,1146.3671998572654,0.00722423911621768,7.22423911621768e+17,98,0.0006175817255391491,6.1758172553914915e+26,944.2615738827923,8.700746884247978,104.4243550373893,8.030435758877308,0.0,80.95008829395827,0.005950598899580078,5.483083953319635e-05,0.0006580670752275881,5.060663645712995e-05,0.0,0.000510135665419686,5281,2450,5769,0.1814814814814815,0.42733333333333334,1,0,0
flow,0.3,0.8,0,registered,during_vibration,flow_dump_0.3_0.8.shear.wave,2179,217900,217.9,0.21789999999999998,158683.4518369953,1124.9851603825527,0.007089492617908095,7.089492617908095e+17,104,0.0006553928515925663,6.553928515925663e+26,916.2981260628782,16.74704451697376,98.30579092267259,27.701502747979614,0.0,65.93269613204878,0.005774377324512255,0.00010553743520891428,0.0006195087753930097,0.00017457083537882376,0.0,0.00041549824741509247,5282,2481,5737,0.1837777777777778,0.424962962962963,1,0,0
flow,0.3,0.8,0,registered,during_vibration,flow_dump_0.3_0.8.shear.wave,2180,218000,218.0,0.218,158683.45183699526,1074.3361617950738,0.006770310006229676,6.770310006229677e+17,94,0.0005923743081702043,5.9237430817020434e+26,857.1687539031459,5.366886133659994,113.30320275609436,38.002666708797754,0.0,60.49465229337576,0.005401752633813746,3.382133468569257e-05,0.0007140202802777637,0.00023948727021539282,0.0,0.00038122848723708006,5264,2425,5811,0.17962962962962964,0.43044444444444446,1,0,0
flow,0.3,0.8,0,registered,during_vibration,flow_dump_0.3_0.8.shear.wave,2181,218100,218.1,0.2181,158683.45183699526,1166.513374759941,0.007351197376007556,7.351197376007556e+17,97,0.000611279871196913,6.112798711969129e+26,934.2291401670898,4.60893589566831,117.3425574006676,43.43676280247235,0.0,66.89597849404282,0.005887375963605581,2.9044842687205702e-05,0.0007394757048844996,0.0002737321522794449,0.0,0.00042156871255082427,5262,2392,5846,0.1771851851851852,0.43303703703703705,1,0,0
flow,0.3,0.8,0,registered,during_vibration,flow_dump_0.3_0.8.shear.wave,2182,218200,218.20000000000002,0.21819999999999998,158683.45183699526,1082.1835208543118,0.006819762919992221,6.819762919992221e+17,91,0.0005734687451434957,5.734687451434957e+26,905.0321527124959,0.0,100.01311911555598,30.58698943938672,0.0,46.551259586873414,0.005703380801434632,0.0,0.0006302681089789544,0.00019275475221453247,0.0,0.0002933592573641035,5238,2385,5877,0.17666666666666667,0.43533333333333335,1,0,0
flow,0.3,0.8,0,registered,during_vibration,flow_dump_0.3_0.8.shear.wave,2183,218300,218.3,0.2183,158683.4518369953,1058.0731759287223,0.006667823038130081,6.667823038130081e+17,94,0.0005923743081702042,5.923743081702042e+26,896.8017297120117,0.0,81.92239382597134,22.84615027611845,0.0,56.50290211462098,0.005651513874510589,0.0,0.0005162629932585828,0.00014397311132093816,0.0,0.000356073059039972,5268,2440,5792,0.18074074074074073,0.42903703703703705,1,0,0
flow,0.3,0.8,0,registered,during_vibration,flow_dump_0.3_0.8.shear.wave,2184,218400,218.4,0.21839999999999998,158683.45183699526,1179.8418488678299,0.007435191478439739,7.435191478439739e+17,97,0.000611279871196913,6.112798711969129e+26,996.1071133394657,0.0,91.91828027844163,25.72532725760219,0.0,66.09112799232037,0.006277321937530694,0.0,0.0005792556137035829,0.00016211726528376805,0.0,0.00041649666192169365,5268,2498,5734,0.18503703703703703,0.42474074074074075,1,0,0
flow,0.3,0.8,0,registered,during_vibration,flow_dump_0.3_0.8.shear.wave,2185,218500,218.5,0.2185,158683.45183699526,1158.0375282110328,0.007297783825629192,7.297783825629192e+17,88,0.000554563182116787,5.54563182116787e+26,1036.6168161530334,0.0,79.86252798735549,8.014023925257554,0.0,33.54416014538674,0.006532608184109075,0.0,0.0005032820187790775,5.050321147216924e-05,0.0,0.00021139041126887244,5302,2537,5661,0.1879259259259259,0.41933333333333334,1,0,0
flow,0.3,0.8,0,registered,during_vibration,flow_dump_0.3_0.8.shear.wave,2186,218600,218.6,0.2186,158683.45183699526,1196.351453113906,0.007539232599646476,7.539232599646476e+17,102,0.000642789142908094,6.42789142908094e+26,1007.5413383684993,7.6061218729124285,96.35552356546619,21.83159102689713,0.0,63.01687828013077,0.0063493787581800154,4.7932672152391045e-05,0.0006072184745794771,0.00013757950671077689,0.0,0.0003971231880238132,5304,2504,5692,0.18548148148148147,0.42162962962962963,1,0,0
flow,0.3,0.8,0,registered,during_vibration,flow_dump_0.3_0.8.shear.wave,2187,218700,218.70000000000002,0.21869999999999998,158683.4518369953,1169.9143419325414,0.00737262977575201,7.37262977575201e+17,105,0.0006616947059348026,6.616947059348026e+26,967.1865672783912,15.342256462849464,115.31166262675512,20.125608951116995,0.0,51.94824661342902,0.006095068868755868,9.668466551010953e-05,0.0007266773018348942,0.00012682865615874466,0.0,0.0003273702834923954,5279,2453,5768,0.1817037037037037,0.4272592592592593,1,0,0
flow,0.3,0.8,0,registered,during_vibration,flow_dump_0.3_0.8.shear.wave,2188,218800,218.8,0.2188,158683.45183699526,1070.238623708189,0.006744487918044362,6.744487918044362e+17,91,0.0005734687451434957,5.734687451434957e+26,857.766058125621,0.0,106.65740072821139,22.904886287545338,0.0,82.91027856681103,0.005405516758021788,0.0,0.0006721394039107071,0.00014434325710959434,0.0,0.0005224884990022723,5264,2429,5807,0.17992592592592593,0.43014814814814817,1,0,0
flow,0.3,0.8,0,registered,during_vibration,flow_dump_0.3_0.8.shear.wave,2189,218900,218.9,0.21889999999999998,158683.45183699526,1118.4881127385024,0.007048549170000722,7.048549170000722e+17,97,0.000611279871196913,6.112798711969129e+26,909.9967575890855,8.89362134871761,123.51354377266546,18.044528133932715,0.0,58.03966189410087,0.005734667018233656,5.604630631462079e-05,0.0007783643621487547,0.00011371398797442745,0.0,0.00036575749532926136,5252,2408,5840,0.17837037037037037,0.4325925925925926,1,0,0
flow,0.3,0.8,0,registered,during_vibration,flow_dump_0.3_0.8.shear.wave,2190,219000,219.0,0.219,158683.45183699526,1197.1878012209436,0.007544503143596431,7.544503143596431e+17,94,0.0005923743081702043,5.9237430817020434e+26,952.4086640126056,8.908220692722663,127.49725945029344,0.0,0.0,108.37365706532131,0.006001940674891232,5.613830925403283e-05,0.0008034691580900491,0.0,0.0,0.0006829550013611137,5266,2419,5815,0.1791851851851852,0.43074074074074076,1,0,0
flow,0.3,0.8,0,registered,during_vibration,flow_dump_0.3_0.8.shear.wave,2191,219100,219.1,0.2191,158683.4518369953,1130.1452418635936,0.007122010699795685,7.122010699795685e+17,91,0.0005734687451434956,5.7346874514349555e+26,957.1888713591222,12.995826832600674,98.65066415202794,10.998294706526272,0.0,50.31158481331636,0.006032064845314666,8.189780775597447e-05,0.0006216821162509438,6.930965125351616e-05,0.0,0.0003170562792205833,5282,2462,5756,0.18237037037037038,0.42637037037037034,1,0,0
flow,0.3,0.8,0,registered,during_vibration,flow_dump_0.3_0.8.shear.wave,2192,219200,219.20000000000002,0.21919999999999998,158683.45183699526,1149.6178746843648,0.007244724395492034,7.244724395492035e+17,105,0.0006616947059348027,6.616947059348027e+26,930.9191950050182,21.143361765072306,103.98665364768371,28.68526502115821,0.0,64.88339924543233,0.0058665171713134165,0.0001332423861486921,0.0006553087448242691,0.0001807703619317825,0.0,0.00040888573127387376,5275,2473,5752,0.18318518518518517,0.42607407407407405,1,0,0
flow,0.3,0.8,0,registered,during_vibration,flow_dump_0.3_0.8.shear.wave,2193,219300,219.3,0.2193,158683.45183699526,1139.2367333024874,0.007179303954597282,7.179303954597283e+17,91,0.0005734687451434957,5.734687451434957e+26,890.5950832941039,15.883177960650464,132.33588958880893,51.049899364810834,0.0,49.37268309411276,0.0056124004928311735,0.0001000934739998357,0.000833961500438928,0.000321709029982855,0.0,0.0003111394573444871,5267,2399,5834,0.1777037037037037,0.43214814814814817,1,0,0
flow,0.3,0.8,0,registered,during_vibration,flow_dump_0.3_0.8.shear.wave,2194,219400,219.4,0.21939999999999998,158683.45183699526,1102.6009349578503,0.00694843048971784,6.948430489717841e+17,92,0.0005797705994857318,5.7977059948573184e+26,899.3051297003727,3.7369056696927574,116.35411494267669,34.14828645546572,0.0,49.05649818964229,0.005667289936597597,2.354943522108044e-05,0.0007332466844885588,0.00021519752727930283,0.0,0.00030914690613130036,5255,2377,5868,0.17607407407407408,0.43466666666666665,1,0,0
flow,0.3,0.8,0,registered,during_vibration,flow_dump_0.3_0.8.shear.wave,2195,219500,219.5,0.2195,158683.45183699526,1067.1101972886884,0.006724773030428266,6.724773030428266e+17,94,0.0005923743081702043,5.9237430817020434e+26,912.636445462374,0.0,87.19869781141692,21.23668727862653,4.544169400041504,41.49419733622965,0.005751301946720087,0.0,0.0005495134924402214,0.00013383050994152522,2.863669366550849e-05,0.00026149038766092524,5237,2387,5876,0.1768148148148148,0.43525925925925923,1,0,0
flow,0.3,0.8,0,registered,during_vibration,flow_dump_0.3_0.8.shear.wave,2196,219600,219.6,0.2196,158683.45183699526,1190.875652970703,0.007504724904736813,7.504724904736813e+17,102,0.000642789142908094,6.42789142908094e+26,1005.5337767497504,0.0,74.28231940841835,27.24212883352216,0.0,83.81742797901207,0.006336727397275596,0.0,0.0004681163571153187,0.00017167592788129004,0.0,0.0005282052224646085,5272,2450,5778,0.1814814814814815,0.428,1,0,0
flow,0.3,0.8,0,registered,during_vibration,flow_dump_0.3_0.8.shear.wave,2197,219700,219.70000000000002,0.21969999999999998,158683.45183699526,1174.9675059243048,0.007404474079195537,7.404474079195537e+17,95,0.0005986761625124405,5.986761625124405e+26,1004.562749721989,0.0,80.59804899957022,12.070528475893282,0.0,77.736178726853,0.006330608126384269,0.0,0.0005079171650637089,7.606671228889396e-05,0.0,0.0004898820754586691,5291,2504,5705,0.18548148148148147,0.4225925925925926,1,0,0
flow,0.3,0.8,0,registered,during_vibration,flow_dump_0.3_0.8.shear.wave,2198,219800,219.8,0.2198,158683.4518369953,1180.6853435165076,0.00744050705885416,7.440507058854161e+17,98,0.000617581725539149,6.17581725539149e+26,980.2736580528716,4.218122834810897,89.0303787263297,29.89537571328353,0.0,77.26780818921216,0.006177541808580268,2.6581995702638784e-05,0.0005610564787674556,0.0001883963032515389,0.0,0.0004869304725522616,5308,2540,5652,0.18814814814814815,0.4186666666666667,1,0,0
flow,0.3,0.8,0,registered,during_vibration,flow_dump_0.3_0.8.shear.wave,2199,219900,219.9,0.21989999999999998,158683.45183699526,1192.2904276428935,0.007513640608648044,7.513640608648044e+17,102,0.000642789142908094,6.42789142908094e+26,969.9752659063319,13.784442165955705,117.60867829176175,21.955036847307696,0.0,68.967004431537,0.0061126428413135455,8.686754671883194e-05,0.000741152759977601,0.00013835744429016212,0.0,0.0004346200163479058,5306,2486,5708,0.18414814814814814,0.4228148148148148,1,0,0
flow,0.3,0.8,0,registered,during_vibration,flow_dump_0.3_0.8.shear.wave,2200,220000,220.0,0.22,158683.45183699526,1147.34493373722,0.0072304006527146225,7.230400652714623e+17,101,0.0006364872885658578,6.364872885658577e+26,948.2713677277555,7.895367760849965,107.94424809287177,25.2444506094302,0.0,57.989499546313105,0.0059758680363334316,4.975545760726418e-05,0.0006802489285634873,0.0001590868506904054,0.0,0.0003654413795200383,5275,2466,5759,0.18266666666666667,0.4265925925925926,1,0,0
flow,0.3,0.8,0,registered,after_removal,flow_dump_0.3_0.8.shear.wave,2240,224000,224.0,0.22399999999999998,158683.4518369953,1316.8332962196198,0.008298491625782839,8.298491625782839e+17,116,0.000731015103699401,7.31015103699401e+26,1146.9811072577124,29.238452410142756,68.64249235028058,33.92541952823174,0.0,38.045824673252426,0.007228107871234917,0.00018425646828112505,0.0004325749884795318,0.00021379305236617248,0.0,0.00023975924542109353,5335,2601,5564,0.19266666666666668,0.41214814814814815,0,0,0
flow,0.3,0.8,0,registered,after_removal,flow_dump_0.3_0.8.shear.wave,2245,224500,224.5,0.22449999999999998,158683.45183699526,1355.0996230017756,0.0085396404433764,8.5396404433764e+17,114,0.0007184113950149286,7.184113950149286e+26,1109.1320723954732,28.27776725333515,70.94353056402642,39.967237367230524,3.1806933187478084,103.59832210296193,0.006989588766538866,0.0001782023703541752,0.0004470757961384776,0.0002518677083498672,2.0044266002072596e-05,0.0006528615359929368,5331,2581,5588,0.19118518518518518,0.4139259259259259,0,0,0
flow,0.3,0.8,0,registered,after_removal,flow_dump_0.3_0.8.shear.wave,2250,225000,225.0,0.22499999999999998,158683.45183699526,1373.8649486932738,0.008657896792568844,8.657896792568844e+17,115,0.0007247132493571648,7.247132493571648e+26,1183.793261178095,17.953979991423196,70.00114027286067,38.643921423877146,0.0,63.47264582701814,0.007460092703265149,0.00011314336676937241,0.00044113698979001347,0.00024352836402609534,0.0,0.00039999536871821573,5321,2575,5604,0.19074074074074074,0.4151111111111111,0,0,0
flow,0.3,0.8,0,registered,after_removal,flow_dump_0.3_0.8.shear.wave,2255,225500,225.5,0.22549999999999998,158683.4518369953,1383.658821774365,0.008719616354172226,8.719616354172225e+17,109,0.0006869021233037474,6.869021233037473e+26,1106.2864749846751,16.748995905422248,65.14083586170183,31.561204425465817,0.0,163.9213105970998,0.006971656226139371,0.00010554973257468177,0.0004105080593319622,0.0001988941131548266,0.0,0.0010330082229713846,5328,2557,5615,0.1894074074074074,0.4159259259259259,0,0,0
flow,0.3,0.8,0,registered,after_removal,flow_dump_0.3_0.8.shear.wave,2260,226000,226.0,0.22599999999999998,158683.45183699526,1402.4876754969437,0.008838273047763192,8.838273047763191e+17,109,0.0006869021233037475,6.869021233037475e+26,1142.6065604871603,18.659510366992578,74.87108444963579,60.42514892139842,4.283027409731076,101.6423438620258,0.007200540114673599,0.00011758951643023387,0.0004718266686468717,0.0003807904871105846,2.6991014879930516e-05,0.0006405352460219739,5308,2545,5647,0.18851851851851853,0.4182962962962963,0,0,0
flow,0.3,0.8,0,registered,after_removal,flow_dump_0.3_0.8.shear.wave,2265,226500,226.5,0.22649999999999998,158683.45183699526,1158.2909398162417,0.00729938078865385,7.29938078865385e+17,96,0.0006049780168546768,6.049780168546768e+26,980.0208167181934,10.03402295227983,47.80504677051973,40.844672515914795,0.0,79.586380859334,0.006175948439317429,6.32329511119225e-05,0.00030126044157160515,0.0002573971768516339,0.0,0.0005015417798012593,5260,2549,5691,0.18881481481481482,0.42155555555555557,0,0,0
flow,0.3,0.8,0,registered,after_removal,flow_dump_0.3_0.8.shear.wave,2270,227000,227.0,0.22699999999999998,158683.45183699526,1330.5719003974727,0.008385070308177308,8.385070308177308e+17,104,0.0006553928515925665,6.553928515925665e+26,1094.64201477095,9.656338567499576,71.99851546179366,45.201202840293675,5.982135423078855,103.0916933338569,0.006898274533978512,6.085283913170025e-05,0.0004537241572974657,0.0002848513963934047,3.769854609177457e-05,0.0006496688352844504,5302,2579,5619,0.19103703703703703,0.4162222222222222,0,0,0
flow,0.3,0.8,0,registered,after_removal,flow_dump_0.3_0.8.shear.wave,2275,227500,227.5,0.22749999999999998,158683.45183699526,1287.119338156724,0.008111238590139156,8.111238590139156e+17,98,0.0006175817255391491,6.1758172553914915e+26,939.0953052348395,27.961212691783246,60.44980100643299,53.09244750718444,0.0,206.52057171648377,0.0059180418270678185,0.00017620748961590463,0.0003809458409597049,0.0003345808708630986,0.0,0.001301462561632629,5263,2581,5656,0.19118518518518518,0.418962962962963,0,0,0
flow,0.3,0.8,0,registered,after_removal,flow_dump_0.3_0.8.shear.wave,2280,228000,228.0,0.22799999999999998,158683.45183699526,1202.3762416037123,0.0075771999391520154,7.577199939152015e+17,96,0.0006049780168546768,6.049780168546768e+26,1008.7288984517006,30.36953849991084,56.56271763674116,32.37526556106927,0.0,74.33982145429061,0.006356862588847005,0.00019138440806737306,0.0003564500077477783,0.000204024207857075,0.0,0.0004684787266327863,5210,2597,5693,0.19237037037037036,0.4217037037037037,0,0,0
flow,0.3,0.8,0,registered,after_removal,flow_dump_0.3_0.8.shear.wave,2285,228500,228.5,0.22849999999999998,158683.45183699526,1335.3386514395597,0.008415109678930242,8.415109678930243e+17,99,0.0006238835798813854,6.238835798813854e+26,1044.4400905691089,36.05609840024252,52.6227947607475,44.86282966350312,0.0,157.35683804595695,0.006581909319958525,0.0002272202802676646,0.0003316211876636218,0.00028271901791995086,0.0,0.0009916398731204747,5186,2623,5691,0.1942962962962963,0.42155555555555557,0,0,0
flow,0.3,0.8,0,registered,after_removal,flow_dump_0.3_0.8.shear.wave,2290,229000,229.0,0.22899999999999998,158683.45183699526,1302.9084900044145,0.00821073952527075,8.210739525270751e+17,106,0.0006679965602770389,6.679965602770389e+26,1034.0235670999405,2.6748891244064548,40.85426545378968,52.59146066334851,0.0,172.76430766292845,0.006516265906303341,1.6856761643641245e-05,0.0002574576301488355,0.000331423724745868,0.0,0.0010887355024290593,5178,2663,5659,0.19725925925925927,0.41918518518518516,0,0,0
flow,0.3,0.8,0,registered,after_removal,flow_dump_0.3_0.8.shear.wave,2295,229500,229.5,0.22949999999999998,158683.45183699526,1233.2276442022421,0.007771620984581638,7.771620984581638e+17,104,0.0006553928515925665,6.553928515925665e+26,1017.4344061421108,7.308611401609625,31.385901260584,81.81601150396729,0.0,95.28271389397086,0.006411723430287186,4.605780449695073e-05,0.0001977893781440084,0.0005155925873607244,0.0,0.0006004577842927713,5135,2662,5703,0.19718518518518519,0.42244444444444446,0,0,0
flow,0.3,0.8,0,registered,after_removal,flow_dump_0.3_0.8.shear.wave,2300,230000,230.0,0.22999999999999998,158683.45183699526,1213.9243484541314,0.0076499744264519375,7.649974426451937e+17,100,0.0006301854342236216,6.301854342236216e+26,974.0841885083591,0.0,32.46032986361881,56.95874060248344,0.0,150.42108947966938,0.006138536673055044,0.0,0.0002045602707014661,0.0003589456867940665,0.0,0.0009479317959013568,5169,2659,5672,0.19696296296296295,0.42014814814814816,0,0,0
